0;0;0;0
0;0;0;0
0;0;0;0
0;0;0;0
0;0;0;0
0;0;0;0
0;0;0;0
0;0;0;0
0;0;0;0
0;0;0;0
0;0;0;0
0;0;0;0
0;0;0;0
0;0;0;0
0;0;0;0
0;0;0;0
0;0;0;0
0;0;0;0
0;0;0;0
0;0;0;0
0;0;0;0
0;0;0;0
0;0;0;0
0;0;0;0
0;0;0;0
0;0;0;0
0;0;0;0
0;0;0;0
0;0;0;0
0;0;0;0
0;0;0;0
0;0;0;0
0;0;0;0
0;0;0;0
0;0;0;0
0;0;0;0
0;0;0;0
0;0;0;0
0;0;0;0
0;0;0;0
0;0;0;0
0;0;0;0
0;0;0;0
0;0;0;0
0;0;0;0
0;0;0;0
0;0;0;0
0;0;0;0
0;0;0;0
0;0;0;0
0;0;0;0
0;0;0;0
0;0;0;0
0;0;0;0
0;0;0;0
0;0;0;0
0;0;0;0
0;0;0;0
0;0;0;0
0;0;0;0
0;0;0;0
0;0;0;0
0;0;0;0
0;0;0;0
0;0;0;0
0;0;0;0
0;0;0;0
0;0;0;0
0;0;0;0
0;0;0;0
0;0;0;0
0;0;0;0
0;0;0;0
0;0;0;0
0;0;0;0
0;0;0;0
0;0;0;0
0;0;0;0
0;0;0;0
0;0;0;0
0;0;0;0
0;0;0;0
0;0;0;0
0;0;0;0
0;0;0;0
0;0;0;0
0;0;0;0
0;0;0;0
0;0;0;0
0;0;0;0
0;0;0;0
0;0;0;0
0;0;0;0
0;0;0;0
0;0;0;0
0;0;0;0
0;0;0;0
0;0;0;0
0;0;0;0
0;0;0;0
0;0;0;0
0;0;0;0
0;0;0;0
0;0;0;0
0;0;0;0
0;0;0;0
0;0;0;0
0;0;0;0
0;0;0;0
0;0;0;0
0;0;0;0
0;0;0;0
0;0;0;0
0;0;0;0
0;0;0;0
0;0;0;0
0;0;0;0
0;0;0;0
0;0;0;0
0;0;0;0
0;0;0;0
0;0;0;0
0;0;0;0
0;0;0;0
0;0;0;0
0;0;0;0
0;0;0;0
0;0;0;0
0;0;0;0
0;0;0;0
0;0;0;0
0;0;0;0
0;0;0;0
0;0;0;0
0;0;0;0
0;0;0;0
0;0;0;0
0;0;0;0
0;0;0;0
0;0;0;0
0;0;0;0
0;0;0;0
0;0;0;0
0;0;0;0
0;0;0;0
0;0;0;0
0;0;0;0
0;0;0;0
0;0;0;0
0;0;0;0
0;0;0;0
0;0;0;0
0;0;0;0
0;0;0;0
0;0;0;0
0;0;0;0
0;0;0;0
0;0;0;0
0;0;0;0
0;0;0;0
0;0;0;0
0;0;0;0
0;0;0;0
0;0;0;0
0;0;0;0
0;0;0;0
0;0;0;0
0;0;0;0
0;0;0;0
0;0;0;0
0;0;0;0
0;0;0;0
0;0;0;0
0;0;0;0
0;0;0;0
0;0;0;0
0;0;0;0
0;0;0;0
0;0;0;0
0;0;0;0
0;0;0;0
0;0;0;0
0;0;0;0
0;0;0;0
0;0;0;0
0;0;0;0
0;0;0;0
0;0;0;0
0;0;0;0
0;0;0;0
0;0;0;0
0;0;0;0
0;0;0;0
0;0;0;0
0;0;0;0
0;0;0;0
0;0;0;0
0;0;0;0
0;0;0;0
0;0;0;0
0;0;0;0
0;0;0;0
0;0;0;0
0;0;0;0
0;0;0;0
0;0;0;0
0;0;0;0
0;0;0;0
0;0;0;0
0;0;0;0
0;0;0;0
0;0;0;0
0;0;0;0
0;0;0;0
0;0;0;0
0;0;0;0
0;0;0;0
0;0;0;0
0;0;0;0
0;0;0;0
0;0;0;0
0;0;0;0
0;0;0;0
0;0;0;0
0;0;0;0
0;0;0;0
0;0;0;0
0;0;0;0
0;0;0;0
0;0;0;0
0;0;0;0
0;0;0;0
0;0;0;0
0;0;0;0
0;0;0;0
0;0;0;0
0;0;0;0
0;0;0;0
0;0;0;0
0;0;0;0
0;0;0;0
0;0;0;0
0;0;0;0
0;0;0;0
0;0;0;0
0;0;0;0
0;0;0;0
0;0;0;0
0;0;0;0
0;0;0;0
0;0;0;0
0;0;0;0
0;0;0;0
0;0;0;0
0;0;0;0
0;0;0;0
0;0;0;0
0;0;0;0
0;0;0;0
0;0;0;0
0;0;0;0
0;0;0;0
0;0;0;0
0;0;0;0
0;0;0;0
0;0;0;0
0;0;0;0
0;0;0;0
0;0;0;0
0;0;0;0
0;0;0;0
0;0;0;0
0;0;0;0
0;0;0;0
0;0;0;0
0;0;0;0
0;0;0;0
0;0;0;0
0;0;0;0
0;0;0;0
0;0;0;0
0;0;0;0
0;0;0;0
0;0;0;0
0;0;0;0
0;0;0;0
0;0;0;0
0;0;0;0
0;0;0;0
0;0;0;0
0;0;0;0
0;0;0;0
0;0;0;0
0;0;0;0
0;0;0;0
0;0;0;0
0;0;0;0
0;0;0;0
0;0;0;0
0;0;0;0
0;0;0;0
0;0;0;0
0;0;0;0
0;0;0;0
0;0;0;0
0;0;0;0
0;0;0;0
0;0;0;0
0;0;0;0
0;0;0;0
0;0;0;0
0;0;0;0
0;0;0;0
0;0;0;0
0;0;0;0
0;0;0;0
0;0;0;0
0;0;0;0
0;0;0;0
0;0;0;0
0;0;0;0
0;0;0;0
0;0;0;0
0;0;0;0
0;0;0;0
0;0;0;0
0;0;0;0
0;0;0;0
0;0;0;0
0;0;0;0
0;0;0;0
0;0;0;0
0;0;0;0
0;0;0;0
0;0;0;0
0;0;0;0
0;0;0;0
0;0;0;0
0;0;0;0
0;0;0;0
0;0;0;0
0;0;0;0
0;0;0;0
0;0;0;0
0;0;0;0
0;0;0;0
0;0;0;0
0;0;0;0
0;0;0;0
0;0;0;0
0;0;0;0
0;0;0;0
0;0;0;0
0;0;0;0
0;0;0;0
0;0;0;0
0;0;0;0
0;0;0;0
0;0;0;0
0;0;0;0
0;0;0;0
0;0;0;0
0;0;0;0
0;0;0;0
0;0;0;0
0;0;0;0
0;0;0;0
0;0;0;0
0;0;0;0
0;0;0;0
0;0;0;0
0;0;0;0
0;0;0;0
0;0;0;0
0;0;0;0
0;0;0;0
0;0;0;0
0;0;0;0
0;0;0;0
0;0;0;0
0;0;0;0
0;0;0;0
0;0;0;0
0;0;0;0
0;0;0;0
0;0;0;0
0;0;0;0
0;0;0;0
0;0;0;0
0;0;0;0
0;0;0;0
0;0;0;0
0;0;0;0
0;0;0;0
0;0;0;0
0;0;0;0
0;0;0;0
0;0;0;0
0;0;0;0
0;0;0;0
0;0;0;0
0;0;0;0
0;0;0;0
0;0;0;0
0;0;0;0
0;0;0;0
0;0;0;0
0;0;0;0
0;0;0;0
0;0;0;0
0;0;0;0
0;0;0;0
0;0;0;0
0;0;0;0
0;0;0;0
0;0;0;0
0;0;0;0
0;0;0;0
0;0;0;0
0;0;0;0
0;0;0;0
0;0;0;0
0;0;0;0
0;0;0;0
0;0;0;0
0;0;0;0
0;0;0;0
0;0;0;0
0;0;0;0
0;0;0;0
0;0;0;0
0;0;0;0
0;0;0;0
0;0;0;0
0;0;0;0
0;0;0;0
0;0;0;0
0;0;0;0
0;0;0;0
0;0;0;0
0;0;0;0
0;0;0;0
0;0;0;0
0;0;0;0
0;0;0;0
0;0;0;0
0;0;0;0
0;0;0;0
0;0;0;0
0;0;0;0
0;0;0;0
0;0;0;0
0;0;0;0
0;0;0;0
0;0;0;0
0;0;0;0
0;0;0;0
0;0;0;0
0;0;0;0
0;0;0;0
0;0;0;0
0;0;0;0
0;0;0;0
0;0;0;0
0;0;0;0
0;0;0;0
0;0;0;0
0;0;0;0
0;0;0;0
0;0;0;0
0;0;0;0
0;0;0;0
0;0;0;0
0;0;0;0
0;0;0;0
0;0;0;0
0;0;0;0
0;0;0;0
0;0;0;0
0;0;0;0
0;0;0;0
0;0;0;0
0;0;0;0
0;0;0;0
0;0;0;0
0;0;0;0
0;0;0;0
0;0;0;0
0;0;0;0
0;0;0;0
0;0;0;0
0;0;0;0
0;0;0;0
0;0;0;0
0;0;0;0
0;0;0;0
0;0;0;0
0;0;0;0
0;0;0;0
0;0;0;0
0;0;0;0
0;0;0;0
0;0;0;0
0;0;0;0
0;0;0;0
0;0;0;0
0;0;0;0
0;0;0;0
0;0;0;0
0;0;0;0
0;0;0;0
0;0;0;0
0;0;0;0
0;0;0;0
0;0;0;0
0;0;0;0
0;0;0;0
0;0;0;0
0;0;0;0
0;0;0;0
0;0;0;0
0;0;0;0
0;0;0;0
0;0;0;0
0;0;0;0
0;0;0;0
0;0;0;0
0;0;0;0
0;0;0;0
0;0;0;0
0;0;0;0
0;0;0;0
0;0;0;0
0;0;0;0
0;0;0;0
0;0;0;0
0;0;0;0
0;0;0;0
0;0;0;0
0;0;0;0
0;0;0;0
0;0;0;0
0;0;0;0
0;0;0;0
0;0;0;0
0;0;0;0
0;0;0;0
0;0;0;0
0;0;0;0
0;0;0;0
0;0;0;0
0;0;0;0
0;0;0;0
0;0;0;0
0;0;0;0
0;0;0;0
0;0;0;0
0;0;0;0
0;0;0;0
0;0;0;0
0;0;0;0
0;0;0;0
0;0;0;0
0;0;0;0
0;0;0;0
0;0;0;0
0;0;0;0
0;0;0;0
0;0;0;0
0;0;0;0
0;0;0;0
0;0;0;0
0;0;0;0
0;0;0;0
0;0;0;0
0;0;0;0
0;0;0;0
0;0;0;0
0;0;0;0
0;0;0;0
0;0;0;0
0;0;0;0
0;0;0;0
0;0;0;0
0;0;0;0
0;0;0;0
0;0;0;0
0;0;0;0
0;0;0;0
0;0;0;0
0;0;0;0
0;0;0;0
0;0;0;0
0;0;0;0
0;0;0;0
0;0;0;0
0;0;0;0
0;0;0;0
0;0;0;0
0;0;0;0
0;0;0;0
0;0;0;0
0;0;0;0
0;0;0;0
0;0;0;0
0;0;0;0
0;0;0;0
0;0;0;0
0;0;0;0
0;0;0;0
0;0;0;0
0;0;0;0
0;0;0;0
0;0;0;0
0;0;0;0
0;0;0;0
0;0;0;0
0;0;0;0
0;0;0;0
0;0;0;0
0;0;0;0
0;0;0;0
0;0;0;0
0;0;0;0
0;0;0;0
0;0;0;0
0;0;0;0
0;0;0;0
0;0;0;0
0;0;0;0
0;0;0;0
0;0;0;0
0;0;0;0
0;0;0;0
0;0;0;0
0;0;0;0
0;0;0;0
0;0;0;0
0;0;0;0
0;0;0;0
0;0;0;0
0;0;0;0
0;0;0;0
0;0;0;0
0;0;0;0
0;0;0;0
0;0;0;0
0;0;0;0
0;0;0;0
0;0;0;0
0;0;0;0
0;0;0;0
0;0;0;0
0;0;0;0
0;0;0;0
0;0;0;0
0;0;0;0
0;0;0;0
0;0;0;0
0;0;0;0
0;0;0;0
0;0;0;0
0;0;0;0
0;0;0;0
0;0;0;0
0;0;0;0
0;0;0;0
0;0;0;0
0;0;0;0
0;0;0;0
0;0;0;0
0;0;0;0
0;0;0;0
0;0;0;0
0;0;0;0
0;0;0;0
0;0;0;0
0;0;0;0
0;0;0;0
0;0;0;0
0;0;0;0
0;0;0;0
0;0;0;0
0;0;0;0
0;0;0;0
0;0;0;0
0;0;0;0
0;0;0;0
0;0;0;0
0;0;0;0
0;0;0;0
0;0;0;0
0;0;0;0
0;0;0;0
0;0;0;0
0;0;0;0
0;0;0;0
0;0;0;0
0;0;0;0
0;0;0;0
0;0;0;0
0;0;0;0
0;0;0;0
0;0;0;0
0;0;0;0
0;0;0;0
0;0;0;0
0;0;0;0
0;0;0;0
0;0;0;0
0;0;0;0
0;0;0;0
0;0;0;0
0;0;0;0
0;0;0;0
0;0;0;0
0;0;0;0
0;0;0;0
0;0;0;0
0;0;0;0
0;0;0;0
0;0;0;0
0;0;0;0
0;0;0;0
0;0;0;0
0;0;0;0
0;0;0;0
0;0;0;0
0;0;0;0
0;0;0;0
0;0;0;0
0;0;0;0
0;0;0;0
0;0;0;0
0;0;0;0
0;0;0;0
0;0;0;0
0;0;0;0
0;0;0;0
0;0;0;0
0;0;0;0
0;0;0;0
0;0;0;0
0;0;0;0
0;0;0;0
0;0;0;0
0;0;0;0
0;0;0;0
0;0;0;0
0;0;0;0
0;0;0;0
0;0;0;0
0;0;0;0
0;0;0;0
0;0;0;0
0;0;0;0
0;0;0;0
0;0;0;0
0;0;0;0
0;0;0;0
0;0;0;0
0;0;0;0
0;0;0;0
0;0;0;0
0;0;0;0
0;0;0;0
0;0;0;0
0;0;0;0
0;0;0;0
0;0;0;0
0;0;0;0
0;0;0;0
0;0;0;0
0;0;0;0
0;0;0;0
0;0;0;0
0;0;0;0
0;0;0;0
0;0;0;0
0;0;0;0
0;0;0;0
0;0;0;0
0;0;0;0
0;0;0;0
0;0;0;0
0;0;0;0
0;0;0;0
0;0;0;0
0;0;0;0
0;0;0;0
0;0;0;0
0;0;0;0
0;0;0;0
0;0;0;0
0;0;0;0
0;0;0;0
0;0;0;0
0;0;0;0
0;0;0;0
0;0;0;0
0;0;0;0
0;0;0;0
0;0;0;0
0;0;0;0
0;0;0;0
0;0;0;0
0;0;0;0
0;0;0;0
0;0;0;0
0;0;0;0
0;0;0;0
0;0;0;0
0;0;0;0
0;0;0;0
0;0;0;0
0;0;0;0
0;0;0;0
0;0;0;0
0;0;0;0
0;0;0;0
0;0;0;0
0;0;0;0
0;0;0;0
0;0;0;0
0;0;0;0
0;0;0;0
0;0;0;0
0;0;0;0
0;0;0;0
0;0;0;0
0;0;0;0
0;0;0;0
0;0;0;0
0;0;0;0
0;0;0;0
0;0;0;0
0;0;0;0
0;0;0;0
0;0;0;0
0;0;0;0
0;0;0;0
0;0;0;0
0;0;0;0
0;0;0;0
0;0;0;0
0;0;0;0
0;0;0;0
0;0;0;0
0;0;0;0
0;0;0;0
0;0;0;0
0;0;0;0
0;0;0;0
0;0;0;0
0;0;0;0
0;0;0;0
0;0;0;0
0;0;0;0
0;0;0;0
0;0;0;0
0;0;0;0
0;0;0;0
0;0;0;0
0;0;0;0
0;0;0;0
0;0;0;0
0;0;0;0
0;0;0;0
0;0;0;0
0;0;0;0
0;0;0;0
0;0;0;0
0;0;0;0
0;0;0;0
0;0;0;0
0;0;0;0
0;0;0;0
0;0;0;0
0;0;0;0
0;0;0;0
0;0;0;0
0;0;0;0
0;0;0;0
0;0;0;0
0;0;0;0
0;0;0;0
0;0;0;0
0;0;0;0
0;0;0;0
0;0;0;0
0;0;0;0
0;0;0;0
0;0;0;0
0;0;0;0
0;0;0;0
0;0;0;0
0;0;0;0
0;0;0;0
0;0;0;0
0;0;0;0
0;0;0;0
0;0;0;0
0;0;0;0
0;0;0;0
0;0;0;0
0;0;0;0
0;0;0;0
0;0;0;0
0;0;0;0
0;0;0;0
0;0;0;0
0;0;0;0
0;0;0;0
0;0;0;0
0;0;0;0
0;0;0;0
0;0;0;0
0;0;0;0
0;0;0;0
0;0;0;0
0;0;0;0
0;0;0;0
0;0;0;0
0;0;0;0
0;0;0;0
0;0;0;0
0;0;0;0
0;0;0;0
0;0;0;0
0;0;0;0
0;0;0;0
0;0;0;0
0;0;0;0
0;0;0;0
0;0;0;0
0;0;0;0
0;0;0;0
0;0;0;0
0;0;0;0
0;0;0;0
0;0;0;0
0;0;0;0
0;0;0;0
0;0;0;0
0;0;0;0
0;0;0;0
0;0;0;0
0;0;0;0
0;0;0;0
0;0;0;0
0;0;0;0
0;0;0;0
0;0;0;0
0;0;0;0
0;0;0;0
0;0;0;0
0;0;0;0
0;0;0;0
0;0;0;0
0;0;0;0
0;0;0;0
0;0;0;0
0;0;0;0
0;0;0;0
0;0;0;0
0;0;0;0
0;0;0;0
0;0;0;0
0;0;0;0
0;0;0;0
0;0;0;0
0;0;0;0
0;0;0;0
0;0;0;0
0;0;0;0
0;0;0;0
0;0;0;0
0;0;0;0
0;0;0;0
0;0;0;0
0;0;0;0
0;0;0;0
0;0;0;0
0;0;0;0
0;0;0;0
0;0;0;0
0;0;0;0
0;0;0;0
0;0;0;0
0;0;0;0
0;0;0;0
0;0;0;0
0;0;0;0
0;0;0;0
0;0;0;0
0;0;0;0
0;0;0;0
0;0;0;0
0;0;0;0
0;0;0;0
0;0;0;0
0;0;0;0
0;0;0;0
0;0;0;0
0;0;0;0
0;0;0;0
0;0;0;0
0;0;0;0
0;0;0;0
0;0;0;0
0;0;0;0
0;0;0;0
0;0;0;0
0;0;0;0
0;0;0;0
0;0;0;0
0;0;0;0
0;0;0;0
0;0;0;0
0;0;0;0
0;0;0;0
0;0;0;0
0;0;0;0
0;0;0;0
0;0;0;0
0;0;0;0
0;0;0;0
0;0;0;0
0;0;0;0
0;0;0;0
0;0;0;0
0;0;0;0
0;0;0;0
0;0;0;0
0;0;0;0
0;0;0;0
0;0;0;0
0;0;0;0
0;0;0;0
0;0;0;0
0;0;0;0
0;0;0;0
0;0;0;0
0;0;0;0
0;0;0;0
0;0;0;0
0;0;0;0
0;0;0;0
0;0;0;0
0;0;0;0
0;0;0;0
0;0;0;0
0;0;0;0
0;0;0;0
0;0;0;0
0;0;0;0
0;0;0;0
0;0;0;0
0;0;0;0
0;0;0;0
0;0;0;0
0;0;0;0
0;0;0;0
0;0;0;0
0;0;0;0
0;0;0;0
0;0;0;0
0;0;0;0
0;0;0;0
0;0;0;0
0;0;0;0
0;0;0;0
0;0;0;0
0;0;0;0
0;0;0;0
0;0;0;0
0;0;0;0
0;0;0;0
0;0;0;0
0;0;0;0
0;0;0;0
0;0;0;0
0;0;0;0
0;0;0;0
0;0;0;0
0;0;0;0
0;0;0;0
0;0;0;0
0;0;0;0
0;0;0;0
0;0;0;0
0;0;0;0
0;0;0;0
0;0;0;0
0;0;0;0
0;0;0;0
0;0;0;0
0;0;0;0
0;0;0;0
0;0;0;0
0;0;0;0
0;0;0;0
0;0;0;0
0;0;0;0
0;0;0;0
0;0;0;0
0;0;0;0
0;0;0;0
0;0;0;0
0;0;0;0
0;0;0;0
0;0;0;0
0;0;0;0
0;0;0;0
0;0;0;0
0;0;0;0
0;0;0;0
0;0;0;0
0;0;0;0
0;0;0;0
0;0;0;0
0;0;0;0
0;0;0;0
0;0;0;0
0;0;0;0
0;0;0;0
0;0;0;0
0;0;0;0
0;0;0;0
0;0;0;0
0;0;0;0
0;0;0;0
0;0;0;0
0;0;0;0
0;0;0;0
0;0;0;0
0;0;0;0
0;0;0;0
0;0;0;0
0;0;0;0
0;0;0;0
0;0;0;0
0;0;0;0
0;0;0;0
0;0;0;0
0;0;0;0
0;0;0;0
0;0;0;0
0;0;0;0
0;0;0;0
0;0;0;0
0;0;0;0
0;0;0;0
0;0;0;0
0;0;0;0
0;0;0;0
0;0;0;0
0;0;0;0
0;0;0;0
0;0;0;0
0;0;0;0
0;0;0;0
0;0;0;0
0;0;0;0
0;0;0;0
0;0;0;0
0;0;0;0
0;0;0;0
0;0;0;0
0;0;0;0
0;0;0;0
0;0;0;0
0;0;0;0
0;0;0;0
0;0;0;0
0;0;0;0
0;0;0;0
0;0;0;0
0;0;0;0
0;0;0;0
0;0;0;0
0;0;0;0
0;0;0;0
0;0;0;0
0;0;0;0
0;0;0;0
0;0;0;0
0;0;0;0
0;0;0;0
0;0;0;0
0;0;0;0
0;0;0;0
0;0;0;0
0;0;0;0
0;0;0;0
0;0;0;0
0;0;0;0
0;0;0;0
0;0;0;0
0;0;0;0
0;6.55383406550234E-17;0;0
0;1.90042471044618E-16;0;0
0;7.46626823414088E-17;0;0
0;5.80734144199073E-17;0;0
0;5.44406109033254E-17;0;0
0;6.44652610389816E-18;0;0
0;1.52361735076929E-16;0;0
0;9.96254198343409E-17;0;0
0;8.37853742235215E-17;0;0
0;3.08032011558997E-17;0;0
0;7.79403084730233E-17;0;0
0;6.54453028626309E-17;0;0
0;2.83735928639272E-17;0;0
0;1.10346869927126E-16;0;0
0;2.82806337830882E-17;0;0
0;1.31306855004518E-16;0;0
0;1.20328021943335E-16;0;0
0;5.99451975701741E-17;0;0
0;5.28560025658217E-17;0;0
0;1.49284308065922E-16;0;0
0;1.18280179348221E-16;0;0
0;1.15370803321286E-16;0;0
0;1.16375555180117E-16;0;0
0;5.67114618347287E-18;0;0
0;5.60901298229773E-17;0;0
0;6.03697362774306E-17;0;0
0;5.43226467663502E-17;0;0
0;7.93737898310374E-17;0;0
0;4.93435509146286E-17;0;0
0;3.91103766576195E-17;0;0
0;5.53698418024110E-17;0;0
0;9.40036312381802E-18;0;0
0;1.19304439968910E-16;0;0
0;9.64756676415096E-17;0;0
0;2.48603501190738E-16;0;0
0;9.26516565842084E-17;0;0
0;5.80246192444905E-17;0;0
0;2.46405217482894E-17;0;0
0;1.55911704479389E-16;0;0
0;2.17514932153158E-17;0;0
0;3.75092066283567E-17;0;0
0;1.52988510659961E-16;0;0
0;7.91760342313828E-17;0;0
0;1.61151088375343E-16;0;0
0;1.31323895621023E-16;0;0
0;1.35274391800321E-16;0;0
0;1.95002042736853E-17;0;0
0;1.43600868946247E-16;0;0
0;9.05475226093914E-17;0;0
0;4.48552156013662E-17;0;0
0;8.78692363108201E-17;0;0
0;9.05698799210523E-17;0;0
0;1.02548524155264E-17;0;0
0;5.64884667831114E-17;0;0
0;1.70439405509329E-16;0;0
0;1.08909350758501E-16;0;0
0;2.10531020346934E-17;0;0
0;1.70863994551316E-16;0;0
0;1.03502421507378E-16;0;0
0;1.00214328813863E-16;0;0
0;5.36514992385089E-17;0;0
0;1.50615437844983E-16;0;0
0;5.89943691362961E-17;0;0
0;7.64456549276208E-17;0;0
0;1.01150358280422E-17;0;0
0;8.51846425813803E-18;0;0
0;4.76919540546054E-17;0;0
0;7.38306370913310E-17;0;0
0;5.50008875687664E-17;0;0
0;2.66535565110271E-17;0;0
0;1.14349851894785E-16;0;0
0;6.12636208226320E-17;0;0
0;1.33165515480479E-16;0;0
0;9.02546859037531E-18;0;0
0;3.49122601460179E-17;0;0
0;4.82745154837385E-17;0;0
0;2.26678841135637E-17;0;0
0;8.31406038704949E-17;0;0
0;1.30683719141057E-17;0;0
0;2.23874326735812E-17;0;0
0;1.47333012377095E-17;0;0
0;8.17415200067938E-17;0;0
0;9.20724890875351E-17;0;0
0;8.20029387562934E-17;0;0
0;1.09612494527961E-16;0;0
0;9.63929977390770E-17;0;0
0;3.64631430360703E-17;0;0
0;1.07728434622309E-16;0;0
0;1.64682828932732E-17;0;0
0;6.66529136845019E-17;0;0
0;1.74151604716344E-16;0;0
0;1.03097375430434E-16;0;0
0;1.08620742427457E-16;0;0
0;1.64707361041786E-17;0;0
0;7.96232416237104E-17;0;0
0;7.80260851590925E-17;0;0
0;3.22333755653334E-17;0;0
0;9.76283139562921E-17;0;0
0;9.80836227816721E-18;0;0
0;5.69278217312912E-17;0;0
0;4.44967945165989E-17;0;0
0;3.45961257166227E-16;0;0
0;2.43617686337223E-16;0;0
0;3.16576657688653E-16;0;0
0;2.28494287830461E-16;0;0
0;1.29483331437766E-16;0;0
0;8.76661306738738E-17;0;0
0;1.90375889041185E-17;0;0
0;4.41909050227252E-17;0;0
0;2.53707641919983E-16;0;0
0;2.99629093864058E-16;0;0
0;8.31664122481493E-17;0;0
0;2.25230570832681E-16;0;0
0;3.66096738472595E-16;0;0
0;4.46552191754676E-16;0;0
0;2.76995886487226E-16;0;0
0;2.21724132461999E-16;0;0
0;1.54147284693888E-16;0;0
0;9.12182912993399E-17;0;0
0;2.03088628784021E-16;0;0
0;4.31567349696746E-17;0;0
0;7.67775553571080E-18;0;0
0;2.53139216253147E-16;0;0
0;2.48186357898179E-17;0;0
0;2.12551301522571E-16;0;0
0;2.33633715809297E-17;0;0
0;3.90402307666444E-16;0;0
0;2.00419423832026E-17;0;0
0;1.14735202424599E-16;0;0
0;1.95845262342100E-16;0;0
0;5.36483246635551E-17;0;0
0;2.60368505652946E-16;0;0
0;4.13106703971111E-16;0;0
0;1.97324120530823E-16;0;0
0;3.86431756907161E-16;0;0
0;6.03729951269076E-17;0;0
0;2.15876281108648E-16;0;0
0;4.48854112156799E-17;0;0
0;8.71451936645873E-17;0;0
0;1.60875570350233E-16;0;0
0;2.34424359687867E-16;0;0
0;9.42123085436449E-17;0;0
0;1.36178945037908E-16;0;0
0;1.61195487157512E-17;0;0
0;2.76742850847240E-17;0;0
0;4.39190933331185E-16;0;0
0;9.30167292543530E-17;0;0
0;1.61010917475556E-16;0;0
0;3.33807648685712E-16;0;0
0;1.43823097527618E-16;0;0
0;1.33282972132183E-16;0;0
0;8.50622558543458E-17;0;0
0;1.12427763445216E-16;0;0
0;4.57211401375518E-17;0;0
0;1.73875303761598E-16;0;0
0;3.41813781742291E-17;0;0
0;2.21845682752660E-16;0;0
0;2.42718811235715E-16;0;0
0;1.08099061738188E-16;0;0
0;1.92940501207451E-16;0;0
0;1.43843490703781E-16;0;0
0;7.43986456639563E-17;0;0
0;3.30534638172016E-16;0;0
0;2.22169694446534E-16;0;0
0;1.76344946821984E-16;0;0
0;8.97386795240361E-17;0;0
0;1.73225542409849E-16;0;0
0;2.13433600585517E-16;0;0
0;1.91347144321136E-16;0;0
0;2.35405840922472E-16;0;0
0;3.45559880679040E-16;0;0
0;3.16643886295648E-16;0;0
0;1.24546068261114E-18;0;0
0;2.79024949848054E-16;0;0
0;9.80152709275735E-18;0;0
0;4.52731258453569E-17;0;0
0;4.37323494195842E-17;0;0
0;2.44739255964330E-16;0;0
0;9.45857399758109E-17;0;0
0;6.77994518301762E-17;0;0
0;1.85879020950565E-17;0;0
0;6.92305315961787E-17;0;0
0;3.34502224495948E-17;0;0
0;2.18302795280163E-16;0;0
0;2.95707340274581E-18;0;0
0;1.98456650072896E-16;0;0
0;8.65561347246661E-17;0;0
0;3.16428738907887E-16;0;0
0;1.02513583668415E-16;0;0
0;2.88271538727177E-16;0;0
0;1.33059775906037E-17;0;0
0;9.29803344989963E-17;0;0
0;1.16517471474737E-16;0;0
0;3.35544692394157E-16;0;0
0;7.29567863365216E-17;0;0
0;3.20915239165639E-18;0;0
0;4.11287062514599E-17;0;0
0;6.38066434961475E-17;0;0
0;4.18770387750176E-17;0;0
0;2.83274965115534E-17;0;0
0;9.12203993422900E-17;0;0
0;8.87105229008369E-18;0;0
0;1.49638473034138E-16;0;0
0;6.69715739729882E-17;0;0
0;1.31978527351823E-16;0;0
0;2.61111729539200E-17;0;0
0;6.18826647708206E-17;0;0
0;1.83132378413355E-17;0;0
0;5.11488240051726E-17;0;0
0;4.06608847137453E-17;0;0
0;7.75847742174615E-17;0;0
0;4.89108682861873E-18;0;0
0;3.93172140974106E-17;0;0
0;8.81627519486284E-17;0;0
0;4.25367083732255E-17;0;0
0;3.75647118982851E-17;0;0
0;4.88329338205976E-17;0;0
0;9.40330747619642E-17;0;0
0;3.10129233370434E-17;0;0
0;5.37853083239538E-17;0;0
0;3.80056463548458E-17;0;0
0;1.02214403135836E-16;0;0
0;3.42238928513644E-18;0;0
0;4.31413971863372E-17;0;0
0;3.10509183129018E-17;0;0
0;5.05719525648081E-17;0;0
0;7.08427171701567E-17;0;0
0;6.55235334591610E-17;0;0
0;1.37021716473464E-16;0;0
0;2.03799988563818E-17;0;0
0;4.22895779013563E-17;0;0
0;6.60125637294891E-17;0;0
0;6.49341834658645E-18;0;0
0;4.58836616227479E-17;0;0
0;1.33851908821839E-17;0;0
0;3.57750414616881E-17;0;0
0;1.78570558232776E-17;0;0
0;3.11041540548740E-17;0;0
0;9.08466085521514E-17;0;0
0;7.10545167276151E-17;0;0
0;8.13994674832867E-17;0;0
0;3.48523815073942E-17;0;0
0;1.78289504885114E-17;0;0
0;8.76608258551615E-17;0;0
0;5.23817148025978E-17;0;0
0;8.93186356892394E-17;0;0
0;1.89279726030367E-17;0;0
0;7.28645517850632E-17;0;0
0;5.51485002187086E-17;0;0
0;2.76742013207046E-17;0;0
0;1.04085543272241E-17;0;0
0;1.04210076996408E-16;0;0
0;8.08152298005696E-17;0;0
0;7.51690308862245E-17;0;0
0;3.43567520805503E-17;0;0
0;5.05226356984824E-17;0;0
0;1.19740061579385E-16;0;0
0;2.62176490859670E-19;0;0
0;2.10061514423069E-17;0;0
0;4.16004582949598E-17;0;0
0;9.04224971516133E-17;0;0
0;3.45366912497822E-17;0;0
0;1.50961908569617E-17;0;0
0;1.53431914855507E-17;0;0
0;1.20384094470817E-17;0;0
0;4.36406921517875E-17;0;0
0;1.66851982491019E-17;0;0
0;3.23213718401623E-17;0;0
0;2.45601871802471E-17;0;0
0;7.68673332094677E-17;0;0
0;1.08964276027875E-16;0;0
0;8.41951805429709E-17;0;0
0;1.19814075513719E-16;0;0
0;8.44517084277733E-17;0;0
0;5.54911844037563E-17;0;0
0;6.67708405366236E-17;0;0
0;3.36025963477144E-19;0;0
0;3.86546573988387E-17;0;0
0;9.66199919669310E-17;0;0
0;5.29571097414075E-17;0;0
0;6.70936186482268E-17;0;0
0;7.00913393333974E-17;0;0
0;4.59246999955213E-17;0;0
0;4.55679554530759E-17;0;0
0;2.31084363751472E-17;0;0
0;8.04096253542825E-17;0;0
0;4.18851376215043E-17;0;0
0;2.77228171920702E-17;0;0
0;3.33777726117465E-17;0;0
0;4.02589197757276E-17;0;0
0;3.55122961708977E-17;0;0
0;3.31935017194868E-17;0;0
0;3.47701665995006E-18;0;0
0;4.35245170685300E-17;0;0
0;8.95204756223055E-17;0;0
0;6.47404123555234E-17;0;0
0;4.65428395611615E-17;0;0
0;3.26955444352928E-17;0;0
0;5.47541050596995E-17;0;0
0;3.38792834381529E-17;0;0
5.14284981898890E-17;1.80422354585262E-16;0;0
7.28180512723829E-18;1.93723494894453E-17;0;0
3.45482405060301E-17;9.47396857790658E-17;0;0
3.52989807129564E-17;3.12299339448922E-17;0;0
1.88874390147992E-17;1.69666825048196E-17;0;0
4.66154915481107E-17;1.64139054746869E-17;0;0
1.81991955012498E-17;4.01755825216270E-17;0;0
1.19022860851771E-17;1.56307130516181E-17;0;0
5.76907282026820E-17;4.18907449832087E-17;0;0
9.68973982550255E-17;4.45650745912695E-16;0;0
4.54378498282905E-17;5.31391803076617E-17;0;0
4.86425687826938E-17;4.07591179799814E-16;0;0
1.34131969396785E-17;5.94364598336211E-17;0;0
4.80195085082683E-17;2.98919469219779E-16;0;0
6.91895561867217E-17;1.21770066151470E-16;0;0
3.72844380530032E-17;8.83354378486538E-18;0;0
3.15125933494252E-17;8.12180240964567E-18;0;0
2.94388818995172E-17;2.14504415850754E-17;0;0
1.37212462250338E-17;8.89802027926436E-18;0;0
9.03156188165942E-17;4.29114270442554E-16;0;0
1.21695114355405E-17;4.02361324039941E-17;0;0
5.60890588646316E-17;1.14363405736976E-16;0;0
6.38175959560626E-17;5.73973146727565E-17;0;0
1.22478071412980E-17;3.39010058043099E-16;0;0
4.49992765525091E-17;7.70826401757921E-17;0;0
4.70196609820275E-17;6.69485239148073E-17;0;0
2.64841634760340E-17;1.61526280312876E-16;0;0
6.22644601192248E-17;2.53796257335104E-16;0;0
4.09181755954452E-17;3.58161586882825E-17;0;0
3.20115639117817E-17;6.77454026970264E-17;0;0
1.56532046922595E-17;8.60584485046057E-17;0;0
6.43827950556137E-17;7.58145120568571E-17;0;0
5.98722798195738E-17;3.21145437631093E-16;0;0
3.21477248390793E-17;3.29157592209003E-19;0;0
5.47329796425140E-17;1.03624179848635E-16;0;0
1.42720253058128E-17;1.26473482112517E-16;0;0
7.22768079061277E-18;4.14137801623042E-16;0;0
2.77820053476663E-17;2.16295889384946E-17;0;0
5.55347067885575E-17;7.44066779450231E-17;0;0
3.33547870057744E-17;2.43094210381068E-17;0;0
2.76248827923322E-17;3.08001566765083E-17;0;0
4.60991356912411E-17;2.55649995258776E-17;0;0
6.41560520035315E-17;4.64300470543611E-17;0;0
7.09042071177967E-18;2.22352406815472E-16;0;0
2.30596832920110E-17;2.45461088700675E-16;0;0
5.37948951031607E-17;7.38699579988008E-17;0;0
1.03321604153056E-17;7.94100329062055E-17;0;0
2.56686318847181E-17;3.23007185917745E-17;0;0
5.51557096763559E-17;1.38151920427444E-16;0;0
3.32588987518925E-18;2.58680323625831E-18;0;0
4.72633974510138E-17;5.01869065716950E-17;0;0
4.55358765851263E-17;3.40210572187725E-17;0;0
4.17210414066997E-17;1.57858282236242E-16;0;0
1.26296168889674E-17;3.67289878913848E-16;0;0
6.44821490803219E-17;6.93372755993108E-17;0;0
5.49964468732689E-17;3.76148537873962E-17;0;0
1.92543856362036E-17;1.17074405124655E-17;0;0
5.80617119365031E-17;2.04442647663743E-17;0;0
3.49581284417948E-17;5.32917246912694E-17;0;0
3.68596149754006E-17;1.80338730045886E-16;0;0
8.79861321335907E-17;3.95088997387687E-16;0;0
1.11316219406284E-18;6.41923531909572E-17;0;0
8.91178116412721E-17;3.37573282201977E-16;0;0
5.91292379763567E-18;1.76993519009228E-16;0;0
3.76156008916558E-17;3.39870863361906E-17;0;0
3.77308317106498E-18;3.05749843172507E-17;0;0
5.74696707868396E-17;2.66318025614043E-16;0;0
1.37855127168571E-17;4.90764252720112E-17;0;0
6.45481312541213E-17;3.18354599786748E-16;0;0
2.14496009521365E-17;4.93035851269487E-17;0;0
1.28674249375273E-17;3.60587140691172E-16;0;0
4.95507285911533E-17;8.40836512721839E-17;0;0
4.50260163619258E-17;1.56212709827089E-17;0;0
4.98246472006916E-17;7.66533033856794E-19;0;0
2.35204558428069E-17;1.60815715145701E-16;0;0
6.46072903238183E-17;2.36368135331042E-17;0;0
2.99902199126396E-17;2.10774637940238E-17;0;0
7.93353881572745E-17;1.71564076617959E-17;0;0
2.03033386835645E-17;2.11449278517952E-17;0;0
5.91072862370701E-17;2.32221507622930E-16;0;0
4.91265778920181E-18;2.60632871243120E-16;0;0
5.31601789437641E-17;1.72040845333812E-16;0;0
7.48955652407435E-17;5.76711231319893E-17;0;0
4.23136329176674E-17;3.44366320403928E-17;0;0
3.28342305995722E-19;5.30820061359750E-17;0;0
3.68897374105519E-17;1.15119946211583E-16;0;0
6.69442479782496E-17;3.03113180918467E-17;0;0
4.77529610508894E-17;1.22265722527854E-16;0;0
4.39759191098724E-18;1.47860016548112E-16;0;0
2.60844793422941E-17;2.83012149587552E-16;0;0
6.69913083763103E-17;6.52853592893523E-17;0;0
6.95174479749475E-17;6.47231412180546E-17;0;0
6.56716581018137E-17;2.09096488279493E-16;0;0
9.25591084162817E-19;7.16407499142020E-17;0;0
3.45450751462532E-17;4.50232022048324E-17;0;0
2.77311692058960E-17;5.04931693633367E-17;0;0
3.04951188471616E-17;3.89768279025188E-16;0;0
2.42997939981316E-17;6.80394231947686E-18;0;0
3.89108091336797E-17;4.47406516171230E-18;0;0
7.23227608620618E-17;4.58044152126391E-16;0;0
6.51435580658639E-17;1.08685766909888E-16;0;0
6.04354827811205E-17;2.63854501165442E-17;0;0
4.58293056909950E-17;2.99500705840070E-16;0;0
9.90205912853572E-18;2.82312139512372E-16;0;0
4.82464916523916E-18;1.42697414147701E-16;0;0
7.11788797216063E-17;3.10104163882667E-18;0;0
1.38597477101561E-17;3.51488690938552E-16;0;0
3.04931600577278E-17;1.27248273458892E-17;0;0
2.50761947314214E-17;1.18076548989697E-16;0;0
3.92639009918262E-17;9.46253255916610E-17;0;0
4.06601122093584E-17;1.14243537662760E-16;0;0
2.02094728967619E-17;1.47179536792451E-17;0;0
6.53478648889812E-17;6.84188574466055E-18;0;0
6.72217067491432E-18;2.30129537578411E-16;0;0
3.94290724569193E-17;1.07657886362335E-16;0;0
2.20192906862288E-17;1.16310486385540E-16;0;0
1.29550346004613E-17;1.15684533214059E-16;0;0
4.56116408750915E-17;1.59452886222313E-17;0;0
1.69631699897470E-17;1.34908183623376E-16;0;0
6.02158131696953E-17;2.27545508382091E-16;0;0
1.53346555623986E-17;2.48374596735094E-16;0;0
6.78160694355713E-17;3.45036249483575E-16;0;0
3.42263746847421E-17;1.64434948098399E-16;0;0
3.01322113618994E-17;2.60519081806801E-16;0;0
4.75640106155048E-17;4.75640106155048E-17;0;0
3.71611466726675E-17;1.21724090040533E-16;0;0
4.15604845364076E-17;1.73318800837588E-16;0;0
5.90433507069394E-17;3.02519961837525E-17;0;0
3.24649268619988E-18;2.20823340617519E-17;0;0
4.07444773883075E-18;1.30513761440611E-16;0;0
2.53341360870378E-17;2.07384349091436E-16;0;0
4.47567055526027E-17;1.26174265024051E-16;0;0
6.69427256922820E-17;2.73147078258834E-16;0;0
7.67179138290655E-17;4.89241096189926E-18;0;0
7.10374590054572E-18;1.96044935567009E-16;0;0
2.24539830840338E-17;2.37536164512298E-16;0;0
3.94481831838793E-17;1.50088190213387E-16;0;0
1.38274689489816E-18;3.63754616484542E-17;0;0
3.30526845419678E-18;2.40385564136823E-16;0;0
6.48336504828350E-17;1.17055823748461E-16;0;0
8.21497581062260E-19;1.50370568337996E-16;0;0
8.67451822193327E-17;1.94926150124122E-16;0;0
7.61158980964530E-18;2.04223754694465E-16;0;0
8.41700698793015E-18;3.54616156226032E-17;0;0
5.64001400698581E-17;2.09969326490679E-16;0;0
5.53006762611756E-17;1.12645377518334E-16;0;0
5.79344844233014E-17;1.39111486796734E-16;0;0
1.30794877979157E-18;2.12986379301260E-16;0;0
4.43111047324553E-17;3.24323561487865E-17;0;0
3.53018507438331E-17;2.96049422401889E-16;0;0
3.44154356647063E-17;5.66770518846552E-17;0;0
8.75611516259984E-17;6.20323737379596E-17;0;0
3.01774686947270E-17;1.20073404530074E-16;0;0
3.93516236180694E-18;1.85693367449502E-16;0;0
1.49750682223218E-17;3.52614771554231E-16;0;0
5.24136982085174E-17;6.70224675005714E-17;0;0
3.32779302553294E-17;1.99797446625655E-17;0;0
6.18598450502494E-17;1.03193927485130E-16;0;0
7.35688023026319E-17;1.72421250131311E-16;0;0
7.50911164138892E-17;1.83645550531465E-16;0;0
1.77998163551977E-17;4.07608646013403E-17;0;0
4.42881539264064E-17;9.48967144745353E-17;0;0
3.86646289291063E-17;5.69680527078709E-18;0;0
6.94767033231447E-17;4.19190145747281E-16;0;0
7.14226547294863E-17;1.96049065290606E-16;0;0
8.60290617404201E-18;2.20877024781729E-16;0;0
3.82292016298539E-17;1.75622283784856E-16;0;0
4.91492361758615E-17;2.96114421857420E-16;0;0
8.44456134875518E-17;4.73728125395334E-17;0;0
6.12142113898342E-17;3.48212208790172E-17;0;0
5.14736312390311E-17;3.25610265885105E-16;0;0
3.04289742336957E-17;2.38852182362822E-16;0;0
1.11354076601757E-17;1.34818607623279E-16;0;0
2.67350228500004E-17;1.41702638171367E-16;0;0
9.48643948204400E-17;2.99157013739747E-16;0;0
6.89168302079700E-17;4.11078450246570E-16;0;0
1.07157588405816E-17;1.45093838094312E-17;0;0
5.83685933669476E-17;3.25502609229932E-17;0;0
2.82860263234428E-17;9.39288386865145E-17;0;0
8.32398263537471E-18;2.31781882677969E-16;0;0
4.07708274300111E-17;1.34278762877458E-16;0;0
2.16478344337540E-17;1.59654884769406E-16;0;0
5.79850615041021E-17;1.60713660338257E-16;0;0
4.23072391314615E-17;1.02342553424854E-16;0;0
2.61106161834527E-17;1.05519025524144E-16;0;0
9.67769980331553E-17;8.19630888370187E-18;0;0
1.65632386847300E-17;4.26883121036141E-17;0;0
3.19133593520894E-17;2.88221437599459E-16;0;0
1.02138716916693E-16;2.71002565348894E-16;0;0
8.00576995803721E-17;1.71862662120937E-16;0;0
2.96742712496437E-17;3.63027772410198E-16;0;0
6.78641947401021E-17;5.08003694671372E-17;0;0
2.28348091295929E-17;3.19088043230809E-16;0;0
8.19779713569638E-17;2.14002258648493E-16;0;0
4.42348580481285E-18;3.20782116747993E-16;0;0
1.13575517193227E-17;4.09008699868141E-16;0;0
2.78487493345848E-17;1.63633107001438E-16;0;0
6.80838618584686E-17;1.48387070761703E-17;0;0
5.89837573897078E-17;1.23649319486934E-16;0;0
2.78430544716575E-17;1.60350264201460E-16;0;0
3.11081805771863E-17;6.79545133564870E-17;0;0
3.13012616871481E-17;1.97968186508621E-16;0;0
5.11219241638496E-17;1.02696227394091E-16;0;0
3.34683871791702E-17;4.61481863779553E-17;0;0
2.32486503537414E-17;1.35450448572259E-16;0;0
2.25052216972043E-17;7.41420806118240E-19;0;0
1.42123100917708E-17;8.14249349869336E-17;0;0
6.92320019163249E-17;8.81567217715784E-17;0;0
7.81207616171661E-17;3.72496415331891E-17;0;0
2.93625666562589E-17;3.56454818582985E-17;0;0
3.51008910704888E-17;3.20802216008402E-16;0;0
6.90760004459129E-17;8.94131661972299E-17;0;0
6.82617059569024E-17;4.25278593511758E-17;0;0
3.69967563336057E-17;1.00279266864617E-16;0;0
1.87905117307123E-17;3.89178134660889E-16;0;0
5.34244942825412E-17;6.74878742885695E-18;0;0
3.10557459459884E-17;8.18562425413322E-17;0;0
8.66063668383358E-18;1.25849811074594E-16;0;0
4.38421592354787E-17;3.13183049300794E-16;0;0
1.32221344406815E-17;1.62809026771273E-16;0;0
2.68829283548731E-17;2.55037037194667E-18;0;0
7.69557691215981E-17;1.02961501274275E-17;0;0
1.90338998367947E-17;8.00907967499581E-17;0;0
3.45374652981570E-17;6.22412261150774E-17;0;0
8.53766031765337E-17;2.88783267469668E-18;0;0
1.64973014377114E-17;4.06671445377656E-16;0;0
5.99564684243691E-18;2.54181986203355E-16;0;0
5.37664116004065E-17;1.73669024130886E-16;0;0
1.50551317255490E-17;1.34514171628137E-16;0;0
3.11583678355134E-17;2.82315427639606E-16;0;0
4.69460961731581E-17;9.90583908496083E-17;0;0
7.31828855965572E-17;9.75126513845613E-17;0;0
7.40459801332356E-17;1.78303377857963E-16;0;0
6.91841270490975E-18;5.53382287070674E-17;0;0
2.69836670821686E-17;5.52111988367824E-17;0;0
5.51578416520631E-18;1.01091738935080E-16;0;0
1.52465592593758E-17;9.14926033694971E-18;0;0
3.36097629896110E-17;2.90656834596650E-16;0;0
2.54057673717071E-17;8.41688941584958E-17;0;0
2.17627432268304E-17;7.35630263993198E-17;0;0
1.27705309697263E-17;6.01178512877271E-17;0;0
4.66940141932079E-17;2.59111446709122E-16;0;0
3.41970004925709E-18;1.64622019972648E-16;0;0
7.78055072177309E-17;1.19679147609726E-16;0;0
3.65121023004472E-17;2.29819306032806E-16;0;0
4.44848659358327E-17;1.74027269282564E-16;0;0
4.26658939558106E-17;1.37437924978285E-17;0;0
3.02827756428032E-17;7.19662207131625E-17;0;0
5.57050781626129E-17;1.70645296302078E-16;0;0
1.04950479308094E-17;6.20206860916101E-17;0;0
6.11714063279940E-17;7.60277677621720E-17;0;0
4.82072091896155E-17;5.80942015368413E-17;0;0
4.26996405749530E-17;1.86585152072492E-16;0;0
5.48429108590282E-17;1.90595345406618E-17;0;0
4.42995609409552E-17;6.16948304805277E-17;0;0
4.64707024138289E-17;6.95129467527028E-17;0;0
8.28397070520253E-18;1.58746900700708E-16;0;0
5.87351347375463E-17;1.37028618938554E-17;0;0
4.52327590578009E-17;5.06290227026505E-17;0;0
9.09504181305027E-18;1.54064218829225E-16;0;0
6.32919231624786E-17;1.35088358534358E-16;0;0
4.37097831592919E-17;9.03024077808737E-17;0;0
8.74173481639525E-17;2.47391652577316E-16;0;0
6.04737488733086E-17;3.93099417713190E-16;0;0
3.55435646148723E-17;2.28150410157274E-16;0;0
9.09208956391693E-17;3.70261955402265E-17;0;0
3.11627833999834E-18;2.67554450708522E-16;0;0
4.06319963228711E-17;2.13839333109133E-16;0;0
3.93115235103893E-17;3.19523219469483E-16;0;0
5.58284694129904E-18;1.17565749757969E-16;0;0
4.09883845906199E-17;8.39727229172041E-17;0;0
1.97085767641247E-17;2.03206914789097E-16;0;0
5.92627048462026E-17;1.06680341131083E-16;0;0
6.73011978095187E-17;5.95360097418584E-18;0;0
6.19983598376021E-17;1.23164963257364E-16;0;0
5.23958450979276E-17;1.21980426399379E-16;0;0
5.70772963359466E-17;1.16341691432029E-16;0;0
4.54064651003755E-17;2.98396085562897E-16;0;0
3.81147321621583E-18;1.36708492232517E-16;0;0
8.23163433276605E-17;3.30073134693767E-16;0;0
4.46731906837728E-17;2.26677638577048E-16;0;0
5.05680820100906E-17;4.09822675536067E-17;0;0
2.50818481333989E-17;3.46969361950317E-16;0;0
6.34919409328139E-17;2.89511906500902E-16;0;0
6.72559804161721E-17;9.10284457570559E-17;0;0
1.54837515518735E-17;7.38976611003752E-17;0;0
1.58596347876934E-17;2.69376754502556E-16;0;0
5.03305098293957E-17;1.59819367132626E-16;0;0
4.30177431280243E-17;4.96143085379340E-19;0;0
4.70121008900389E-17;7.13857529409697E-17;0;0
5.00299187235857E-17;4.44061882792358E-17;0;0
5.36515318286729E-17;1.54795073496219E-16;0;0
7.28598570160661E-17;1.00680022629745E-16;0;0
8.83893805177105E-18;2.10428035873693E-16;0;0
5.38639038310973E-17;1.36964585844711E-16;0;0
2.52449039165823E-17;6.38647770233361E-17;0;0
3.60013177648352E-17;2.87073080326282E-17;0;0
3.39045262091560E-17;1.93002666446992E-16;0;0
3.61769623218002E-17;2.65188943934075E-16;0;0
8.25891421844619E-17;1.61817729798326E-16;0;0
2.47657117949583E-17;3.62279677406692E-16;0;0
7.04307673632791E-17;2.98530405101755E-16;0;0
5.87276838461169E-17;3.70791565843010E-16;0;0
8.00476720164696E-17;3.65185660941806E-16;0;0
6.88074193616805E-17;2.35962427073048E-16;0;0
7.23573170763395E-18;9.37958527511326E-17;0;0
4.55590790816844E-17;1.53648522034095E-17;0;0
1.77978972694015E-17;1.17079944046077E-16;0;0
5.60751575057543E-17;2.27472819054405E-16;0;0
8.76917606095402E-17;2.34726909168861E-16;0;0
1.08850929827124E-17;6.87277913283327E-18;0;0
4.76714712451776E-18;1.73697416518912E-16;0;0
4.29272899588320E-17;6.76170581752837E-17;0;0
5.69886840164173E-17;1.07776087956462E-16;0;0
6.36177357408944E-18;2.99664752381854E-16;0;0
8.53278152947184E-18;1.05975841997401E-16;0;0
8.99636850157962E-18;4.53117459281591E-16;0;0
1.82887515390784E-17;3.24494625230459E-16;0;0
1.64498054804630E-17;1.96956797977248E-16;0;0
3.28608200831937E-17;4.77184626343923E-17;0;0
4.31587847062676E-18;2.25298365630676E-17;0;0
8.25639359095447E-18;7.14224765874321E-17;0;0
3.17625738753373E-17;1.88109846347218E-16;0;0
6.68300524999304E-17;6.57512810845358E-16;0;0
3.84810156183985E-17;1.32844239880145E-16;0;0
2.68967382912545E-19;3.74269364524529E-16;0;0
2.97813534356222E-17;6.08746201254462E-17;0;0
1.76279387258631E-17;5.77473335418828E-16;0;0
2.74544672178014E-17;2.09452342434369E-16;0;0
6.48865919650517E-17;8.13810065783395E-17;0;0
3.06818257428601E-17;2.89999607652200E-16;0;0
5.85709980800561E-17;3.17590274388693E-16;0;0
4.10873905085488E-17;4.58692570137792E-16;0;0
6.28498143384063E-17;3.60346050675592E-17;0;0
5.18359753670264E-17;2.54162412733650E-16;0;0
6.57340141250788E-17;1.53400408900091E-17;0;0
2.88312920396872E-17;2.55150029920551E-16;0;0
7.60199244152228E-17;2.53537179595031E-17;0;0
1.34928555369854E-17;1.57987995942414E-16;0;0
9.57518156300576E-18;2.66993749341492E-16;0;0
3.44321308483584E-17;4.35403338083101E-16;0;0
4.84749003771590E-17;3.28150301925313E-16;0;0
2.69296834154564E-17;2.34806571138738E-16;0;0
3.74238168669087E-17;1.13678197303648E-16;0;0
1.43244955015182E-17;1.91324569598917E-16;0;0
5.87878998903767E-17;1.04186786678029E-16;0;0
5.85062717464364E-17;2.48580796516474E-18;0;0
1.12486040368392E-17;3.22053326204880E-16;0;0
3.89471100934451E-18;2.79997141047997E-17;0;0
7.43428605875425E-17;1.38562805083233E-16;0;0
3.23129988216813E-17;3.23228837947898E-16;0;0
3.66369672829565E-17;1.41219960406945E-16;0;0
7.70566400258728E-18;5.22823071681881E-16;0;0
2.02657818055950E-17;1.52839630534892E-16;0;0
8.60361005050144E-17;1.77723377354684E-16;0;0
4.87355448340857E-17;1.37147657277747E-17;0;0
4.24809792911254E-17;3.40803167558823E-16;0;0
1.75860374430729E-17;9.56433599229016E-17;0;0
2.29354731860046E-17;2.14816941665678E-17;0;0
4.45835756090463E-17;7.42506105490605E-18;0;0
1.67775082063574E-17;2.09338947635234E-16;0;0
8.48541384068528E-17;4.43926891769921E-16;0;0
1.54233431073383E-17;3.29195944646519E-16;0;0
1.93417323440182E-17;6.19643214171915E-16;0;0
9.07893985110998E-17;3.69311830613054E-17;0;0
3.43073556451115E-17;2.64458899808600E-16;0;0
2.69678949515199E-17;3.81218561536608E-16;0;0
2.59903277321373E-17;2.81759736695591E-16;0;0
5.59339265449757E-17;6.49388773136734E-18;0;0
7.60919171258342E-17;1.58606225549793E-17;0;0
8.87400338434062E-17;1.31484828288020E-17;0;0
5.53352262368792E-17;1.05589780952431E-16;0;0
7.40792977081121E-17;1.72603318441198E-16;0;0
1.01133551109448E-16;1.98429110869450E-16;0;0
1.76720803893269E-17;2.36989376466302E-16;0;0
4.86511411403063E-17;2.87255983345291E-16;0;0
6.53715055063295E-18;5.02436291428251E-16;0;0
6.06063944749323E-18;2.82727031345072E-16;0;0
4.54026501102949E-17;8.43507291877885E-18;0;0
4.48282733768520E-17;1.57696430801094E-16;0;0
4.15778668389741E-17;1.26249823357714E-16;0;0
2.75911117422448E-17;5.83178002054785E-16;0;0
6.15756515821756E-17;1.81697710172522E-16;0;0
5.30407301939478E-17;6.41772685904399E-17;0;0
6.50991454393170E-17;1.80908941728880E-16;0;0
4.71965148122562E-17;1.59356008182106E-16;0;0
1.48509761520589E-18;3.00194890829886E-16;0;0
8.43289048949795E-17;9.15786290570669E-17;0;0
5.50690166321536E-17;3.04125798273558E-16;0;0
5.75767746341062E-17;1.30864225969698E-16;0;0
2.01449218297684E-17;7.04143479903483E-16;0;0
2.62056860994541E-17;3.44283910453623E-16;0;0
2.86520141691674E-17;3.72034927040531E-16;0;0
9.34421395986540E-17;7.86671744230659E-17;0;0
2.22343864196311E-17;1.66409778882942E-16;0;0
6.72122158461806E-17;1.26851186612282E-16;0;0
1.57295177723380E-17;1.77281291841491E-17;0;0
2.02771195764627E-17;1.02260926224927E-16;0;0
6.49212165240848E-17;2.80230706667586E-16;0;0
7.77977086325329E-17;1.37784037362042E-16;0;0
5.97059882460605E-17;6.15470351256505E-18;0;0
1.31755589017992E-17;9.98827150771155E-17;0;0
3.93016497482848E-17;6.93158253876927E-17;0;0
5.17493071494922E-18;3.41936158804624E-17;0;0
1.27160430953393E-17;1.14435016302831E-16;0;0
5.64044541297168E-17;6.86476050948882E-17;0;0
3.33697231351508E-17;1.07239979480096E-17;0;0
3.53144849507721E-17;3.27762991345817E-17;0;0
1.48315502231178E-17;5.10123484016981E-18;0;0
1.01948748249571E-17;1.18787607847994E-16;0;0
8.21643477591411E-17;1.71242667920889E-17;0;0
1.35831644085110E-17;1.24244033530694E-16;0;0
9.23006326339302E-18;1.30498870830950E-16;0;0
1.71378791494997E-18;1.58818406976942E-16;0;0
4.17636289747325E-17;9.45511520164006E-17;0;0
4.97142642113382E-18;9.40144281010542E-17;0;0
6.17927683819135E-17;1.08859185228321E-16;0;0
8.01628600143500E-18;1.02695677445345E-17;0;0
4.47074601004475E-17;1.47148105786144E-16;0;0
4.96777658779978E-17;1.41803646767218E-17;0;0
2.23773901676303E-17;4.15871532688983E-17;0;0
8.12871918828485E-17;9.17404768792581E-17;0;0
5.49117980717555E-17;2.71470006964104E-17;0;0
7.50349774614097E-17;5.60303614808288E-17;0;0
5.75564959081479E-17;2.37924398690785E-17;0;0
5.69818246477620E-17;8.16917901664832E-17;0;0
4.27892368652969E-17;3.73539901391841E-18;0;0
1.78279196138449E-18;5.59708396750434E-17;0;0
3.28172314801413E-18;1.03145522789049E-16;0;0
5.45285953577957E-17;8.00052160329414E-18;0;0
3.16724040262155E-17;3.97701952197758E-17;0;0
1.18139120373394E-17;3.31314193026125E-17;0;0
4.41531196888934E-17;6.52826800322829E-17;0;0
4.18867384537789E-17;1.26747977526330E-16;0;0
6.50436405423121E-17;7.41820491358513E-17;0;0
1.06587260340916E-17;2.12211096343141E-17;0;0
4.63942730839880E-17;4.01247460875264E-18;0;0
6.02526355768073E-17;3.18173815115520E-17;0;0
3.70475408578726E-17;1.04189839859918E-16;0;0
5.60029729881727E-17;3.04549051324251E-17;0;0
1.25593656351728E-17;1.24491009782848E-16;0;0
4.48357939966025E-17;3.60427223764641E-17;0;0
1.87312645019112E-17;1.25369673714043E-16;0;0
7.59272975562488E-17;7.51394399661503E-17;0;0
2.32136170260153E-17;1.88702026367412E-17;0;0
2.42845123154993E-17;8.28010767925577E-18;0;0
3.24049292716987E-17;8.86848256541601E-17;0;0
2.99732421182949E-17;9.92580200802461E-17;0;0
7.43374472274782E-17;3.12274400154627E-17;0;0
4.33635384140574E-17;7.71549488973588E-17;0;0
2.83559987476492E-17;2.30088591947311E-17;0;0
2.50532250898868E-17;9.80926781228014E-17;0;0
5.61387499867457E-17;1.10873947075291E-16;0;0
2.19752054641808E-17;1.10910348322111E-16;0;0
5.75881099511529E-17;1.05418108652956E-16;0;0
4.63512645940292E-17;9.78109342418692E-17;0;0
3.63390304883595E-17;4.05998770553008E-18;0;0
4.32492220969856E-17;3.48373605530934E-17;0;0
3.71734112080182E-17;3.51659193082978E-17;0;0
9.01334401235803E-17;1.44668106192768E-16;0;0
5.35862576340433E-17;8.67711395374105E-17;0;0
2.57425469049822E-17;1.05579037776984E-16;0;0
5.85068672174336E-17;6.03285280428383E-20;0;0
1.41506171854854E-17;1.04654059188298E-16;0;0
3.77389113596522E-17;1.25095947257008E-16;0;0
3.60551269010625E-17;2.24862686038991E-17;0;0
1.29827413683551E-17;6.25331325746776E-17;0;0
1.39729415533361E-17;5.19756773245816E-17;0;0
1.16818106018301E-17;7.03549120053962E-17;0;0
2.85103233991271E-17;2.38254812063078E-17;0;0
5.07085668486177E-17;2.17434797484803E-17;0;0
6.67610336365556E-17;1.08158204256501E-16;0;0
1.99092380137020E-17;3.58926689258766E-17;0;0
7.11367641920133E-17;1.72795017917955E-16;0;0
4.79598194956108E-17;2.28862830258065E-17;0;0
6.80015290041860E-17;8.98976089296193E-17;0;0
1.96272638195747E-17;8.09938135180779E-18;0;0
2.65966087110758E-17;8.40824986504422E-17;0;0
2.22327294458848E-17;3.14270590004017E-17;0;0
4.25231673871993E-17;1.45519326885992E-16;0;0
3.43084116191028E-17;8.86568190803580E-17;0;0
7.18860663062239E-17;1.07698499097503E-16;0;0
9.98750505027414E-17;4.92277971138980E-17;0;0
3.33137595781059E-17;1.20423493351193E-17;0;0
8.03073052303025E-17;1.11291584205688E-16;0;0
1.27084833840401E-17;3.47263467631435E-17;0;0
2.11127554852282E-17;5.57364654736824E-17;0;0
4.74611983654717E-18;4.29487019148961E-17;0;0
4.43227154503435E-17;6.65877329813505E-17;0;0
3.87689787668789E-19;1.29189061717206E-17;0;0
4.28782507495019E-17;8.88525843238056E-17;0;0
5.92522376888881E-17;6.30322083997749E-17;0;0
9.96920607450062E-17;1.46541836457429E-16;0;0
7.89141679301395E-17;1.79176540186732E-16;0;0
5.11506982671622E-17;1.75757112574394E-16;0;0
7.21723322423513E-17;1.00143478836794E-16;0;0
4.53516123069650E-17;1.06612111177151E-16;0;0
6.72121737814897E-17;1.05512566591603E-16;0;0
1.94120150346919E-17;6.25752366609280E-17;0;0
2.02215482758460E-18;4.45781341934851E-17;0;0
3.97365002335381E-17;3.13208207445398E-16;0;0
5.88077054223207E-17;7.99837575769616E-17;0;0
7.54292903193458E-17;1.18194298128057E-16;0;0
9.59164900979437E-17;4.49472687105426E-16;0;0
8.44845463756820E-17;2.46478514955344E-16;0;0
8.25833183263441E-17;5.33833812041393E-17;0;0
1.22754679825565E-16;1.57170822836705E-16;0;0
4.15238251888553E-17;4.60750055952081E-16;0;0
1.08707453442546E-17;3.47686678820304E-16;0;0
6.58130163148991E-17;4.87717671390312E-16;0;0
3.23756743269554E-17;3.58362235328746E-16;0;0
1.59587793960682E-17;1.33593566773657E-16;0;0
2.52314963747557E-17;7.71121880498016E-17;0;0
6.62659911822591E-17;9.06246425671865E-17;0;0
9.74006792254864E-17;2.74109687898277E-16;0;0
3.62151675241870E-17;4.31191159679780E-16;0;0
1.73024757785152E-17;4.92958172778829E-16;0;0
4.72167047923092E-17;3.19938847408195E-16;0;0
9.78443471663942E-17;8.27926863797050E-17;0;0
3.33353413079714E-17;4.76414406402555E-16;0;0
7.91799850007603E-17;8.68434927677596E-17;0;0
4.67910754703089E-17;2.93464519848410E-16;0;0
4.28792423849359E-17;3.97476723212439E-16;0;0
1.87061153652129E-16;5.73196871899423E-16;0;0
6.88231597305318E-18;1.86964595333748E-16;0;0
1.23527685666276E-17;1.97849483336831E-16;0;0
9.73764635980902E-17;5.67806089643320E-17;0;0
7.45158443947837E-17;4.27609213247481E-16;0;0
6.39252841129838E-18;3.64056396461568E-18;0;0
1.18318016378352E-18;2.20943429210347E-17;0;0
2.86701717565183E-17;7.80998568501703E-16;0;0
1.13865684017079E-16;3.49973269047463E-17;0;0
4.07327907905438E-17;4.22293346533989E-16;0;0
6.30055646684654E-17;2.71878603987739E-16;0;0
1.10513343178065E-16;1.02888509436363E-17;0;0
7.58865742316687E-17;2.06802158967576E-16;0;0
1.43575913031090E-17;6.21739078763726E-16;0;0
1.87972505214128E-17;1.77954401139733E-16;0;0
4.85689962080715E-17;4.73715791364089E-16;0;0
9.00342591288826E-17;2.29652577004961E-16;0;0
2.63673017043913E-17;1.75429072407453E-16;0;0
1.67773209021057E-16;4.91825522327645E-17;0;0
9.06646387070374E-17;4.69614541504451E-16;0;0
6.76353585792844E-17;2.03198185911731E-16;0;0
2.62631557193504E-17;8.59159894870073E-16;0;0
3.46874130914710E-17;2.74237347533838E-16;0;0
1.45396570061370E-16;1.64723292261917E-16;0;0
8.66808355273203E-17;3.89713175279384E-16;0;0
8.17902448905461E-17;2.67574290092054E-16;0;0
4.33549701404478E-17;5.78472653202672E-17;0;0
1.25370168454129E-16;2.32008421385224E-16;0;0
9.62390151389969E-17;2.50195565310247E-16;0;0
1.13903128497561E-16;2.23141238871009E-16;0;0
5.15652642149470E-17;3.94334780991096E-16;0;0
5.46240532349956E-17;8.15589796759342E-16;0;0
3.71077350773056E-17;6.43671862384553E-16;0;0
1.55624595547689E-17;7.16412394114441E-16;0;0
2.25550249590117E-17;7.42712975548140E-16;0;0
1.28244190884127E-16;5.83853485029494E-17;0;0
5.33319881261355E-17;3.80332159890101E-16;0;0
1.07227717689675E-16;4.53337181841705E-16;0;0
6.68035733835459E-17;1.31207320060842E-16;0;0
3.40078772679243E-17;3.26465392449999E-16;0;0
3.90288021433957E-17;5.46639847994627E-16;0;0
1.18140692060696E-17;7.73105073000386E-16;0;0
3.20891049182491E-17;9.74132166581500E-17;0;0
1.49530572912177E-18;6.94259599115103E-17;0;0
2.97998740435307E-17;1.00925180153323E-16;0;0
1.43060729870469E-17;6.50818832333289E-17;0;0
2.19198321864440E-16;4.64677376934018E-16;0;0
2.46536775987705E-17;3.02219828116319E-16;0;0
2.18543473427533E-17;1.17781863675300E-16;0;0
1.02196066527385E-16;1.82941144204301E-16;0;0
1.95786411939892E-16;2.61820463875584E-16;0;0
7.31548939775178E-17;4.92889081113820E-16;0;0
1.52572579275463E-17;4.91448019474276E-16;0;0
9.49976446804413E-17;3.66596412253729E-16;0;0
5.03199088860651E-17;1.55999910911015E-16;0;0
3.05964325182716E-17;2.00021778535467E-17;0;0
6.83763385460951E-17;4.77264104778060E-17;0;0
3.11701642059376E-17;1.39160552226730E-16;0;0
5.45783528583828E-17;1.80294292635740E-16;0;0
1.30973540957344E-16;4.43156127717050E-16;0;0
2.33223574666669E-17;9.92764091296188E-18;0;0
2.01686225361718E-16;4.56750167694288E-16;0;0
1.85336563784335E-17;2.20022438532891E-16;0;0
9.68833399462497E-17;2.32764129912267E-16;0;0
1.19178136487021E-16;4.94578608813280E-16;0;0
8.40113318485355E-17;1.79533939113505E-16;0;0
1.37239672667053E-16;3.66974766167137E-16;0;0
4.71663725974222E-17;6.44153432614566E-17;0;0
1.04190256968811E-16;3.69949248163816E-16;0;0
5.77110804554288E-17;4.30193100941442E-16;0;0
4.43343645837390E-17;2.09427391323115E-16;0;0
6.90027449556581E-17;2.40485805266853E-16;0;0
2.43408208049379E-17;2.11418806049821E-16;0;0
7.31594908958229E-17;4.10083618389680E-16;0;0
2.60013744665669E-17;2.80990098048589E-16;0;0
2.21525940908865E-17;1.98030987944820E-16;0;0
7.53896695938821E-17;2.70704598262692E-16;0;0
1.24859159074572E-16;1.38873239459209E-16;0;0
3.13895765517779E-17;2.11666040919647E-16;0;0
3.29061330828931E-17;2.70841163104076E-16;0;0
1.33580248392111E-16;2.50889244431849E-16;0;0
8.61846968904154E-17;9.92357475638287E-17;0;0
1.38538941504601E-16;2.62434843769107E-16;0;0
6.46675861210638E-17;4.69211744251974E-17;0;0
7.36616219381548E-17;1.19701592300341E-17;0;0
1.16714170628290E-18;1.13923416001653E-16;0;0
1.35822602464170E-16;2.46857958347151E-16;0;0
8.20275326857838E-17;2.02748012808036E-16;0;0
1.98227869580163E-17;2.71634531103323E-16;0;0
1.27003186891540E-16;4.45233032304577E-17;0;0
4.85768494859382E-17;1.09917113647286E-16;0;0
8.76520578879302E-17;2.46563416916433E-16;0;0
9.25995436232828E-18;1.97586482797998E-16;0;0
1.17390110501558E-17;6.15869367358731E-17;0;0
1.59488262084676E-17;2.02232222976930E-17;0;0
3.66547035326265E-17;1.99306084580020E-18;0;0
7.36750893528309E-17;1.19363507896480E-18;0;0
2.85339899311011E-17;4.33769533603440E-16;0;0
6.12501784976034E-17;5.08204193263265E-17;0;0
7.12252208147141E-17;1.20272905920447E-16;0;0
6.25566335644669E-17;4.45057941843399E-17;0;0
1.38682550476371E-16;9.27536661619122E-17;0;0
9.07782254106797E-17;1.81856400495130E-16;0;0
3.47977666254188E-17;2.70279102321991E-17;0;0
1.29470755026793E-17;7.40269748035444E-17;0;0
1.09096030286205E-16;3.29514817111786E-16;0;0
1.24720454915179E-16;9.01759261818603E-17;0;0
7.12165909637058E-18;3.65787617536860E-16;0;0
1.00304357813864E-16;3.73384380242494E-17;0;0
4.45754228343184E-17;1.92953861379978E-16;0;0
8.30653246175972E-17;2.45658924594253E-17;0;0
1.48650779310650E-16;3.01472521051146E-16;0;0
7.81902562988850E-17;7.43691955162734E-17;0;0
2.91371199339073E-17;2.55200672567266E-17;0;0
4.72190673211510E-17;9.46114914654479E-17;0;0
4.06474748986402E-17;7.38874828306963E-17;0;0
7.46799973956141E-17;2.42575950379119E-16;0;0
5.57210137413502E-17;2.04368652415309E-16;0;0
3.94642178691485E-17;3.42938996085432E-16;0;0
4.24071394693164E-17;2.60879405278222E-17;0;0
6.10826862097270E-17;3.49639031526348E-16;0;0
3.44172417227881E-17;2.10660709455001E-16;0;0
4.69796397628992E-17;1.86648463029916E-16;0;0
6.30193695519360E-17;3.52231577204376E-17;0;0
2.99400528192945E-17;3.24709288588217E-16;0;0
6.86097344731593E-18;4.30403833603359E-16;0;0
9.20535839959027E-17;4.27936926546423E-16;0;0
9.71619877058179E-18;2.26843348815883E-16;0;0
9.95466940197337E-17;3.88267335824740E-16;0;0
6.70148666002875E-17;3.71684777405195E-18;0;0
5.82012626190146E-17;1.24819219849269E-16;0;0
6.89837780165925E-17;2.67137785112638E-16;0;0
3.53313802732433E-17;1.36660177861155E-16;0;0
1.51732869265747E-16;5.22435221068939E-18;0;0
3.70436332152635E-17;2.76219325316238E-16;0;0
9.23425124160036E-17;1.00711072163216E-16;0;0
4.85093979771808E-17;1.88174866607238E-16;0;0
3.81631221627901E-18;1.30924317612442E-16;0;0
5.70763782249959E-17;1.10990971536175E-16;0;0
1.96950009810061E-16;2.75470060495547E-17;0;0
2.48375802834027E-17;2.21152811430900E-16;0;0
1.38403556961494E-16;2.09282322669283E-16;0;0
1.17319197847417E-17;1.70449180095267E-16;0;0
9.83283014877184E-17;2.86858168375770E-17;0;0
2.10492002462933E-17;2.81418183952584E-16;0;0
1.16550961578588E-17;5.62285205948433E-17;0;0
6.94093684872323E-17;2.00264741757942E-16;0;0
1.07758423158032E-16;2.10679597095907E-16;0;0
2.53686581921693E-17;7.84795218591412E-17;0;0
6.93097552161406E-18;9.01355452031659E-17;0;0
6.25845436968150E-17;2.27301863274599E-17;0;0
1.24260023327364E-16;2.32640255381683E-16;0;0
9.97790309093085E-17;6.23063169815125E-17;0;0
6.77247163968173E-17;6.15182498184294E-17;0;0
1.04754369524826E-16;6.92763208624843E-16;0;0
3.37011279245515E-17;1.16300819158501E-16;0;0
3.94035477277275E-17;2.19934148731381E-17;0;0
3.37985362339787E-17;1.69089250854985E-16;0;0
4.50986182965099E-17;2.47692047068029E-17;0;0
9.37797701382444E-17;6.89891662435565E-17;0;0
2.90816209959651E-17;5.95394408698530E-18;0;0
4.90819550672707E-17;7.98881195202444E-17;0;0
3.23175779473648E-17;3.58289891790596E-16;0;0
1.50110733956120E-17;2.41014181480225E-16;0;0
1.17584844797745E-16;2.18547615477123E-16;0;0
1.31531557613332E-17;3.69489550146296E-16;0;0
3.31674284845334E-17;1.80986995339954E-16;0;0
6.96072167113699E-17;2.28130744182430E-17;0;0
6.23048647225279E-17;8.30967830294757E-17;0;0
3.34163765823578E-17;3.36017037970422E-16;0;0
6.64426650657229E-17;3.71609050572131E-18;0;0
9.76762166053959E-17;1.27183445210189E-17;0;0
1.62243848622192E-16;3.00270491603445E-16;0;0
1.05800002319105E-17;8.77148203334503E-17;0;0
7.40683655068431E-17;2.74778570334620E-16;0;0
4.37994056157117E-17;9.06997825499122E-17;0;0
1.41979478938161E-16;1.32855733464517E-16;0;0
6.56085612245709E-17;1.86032554828371E-16;0;0
1.66261925735813E-16;3.87857395967309E-17;0;0
2.41283171750502E-17;3.21675783369460E-17;0;0
9.77581123141617E-17;3.04098427451377E-16;0;0
5.10539063650225E-18;3.77338549323166E-17;0;0
1.41452741349375E-18;2.22227603574035E-16;0;0
9.73326185261899E-17;1.90404725180790E-16;0;0
6.18933612515029E-17;2.00583250907924E-16;0;0
1.43468774172061E-16;1.54015592132308E-16;0;0
2.13832522408700E-17;1.63376109677390E-17;0;0
4.50436263622225E-17;3.51464976679502E-17;0;0
6.99433104526219E-18;1.41216747758926E-16;0;0
8.12914697196200E-18;1.72144241919948E-18;0;0
1.26219543045141E-16;1.14388273261375E-16;0;0
9.82451767392041E-17;4.00928714608041E-17;0;0
2.78959659612593E-18;1.60393085383373E-16;0;0
2.67973251507801E-17;1.32803161590559E-16;0;0
6.66955416866442E-17;4.85509446319776E-16;0;0
7.59096375661384E-17;4.93109813637424E-16;0;0
4.17443287179893E-17;1.24648093683896E-16;0;0
5.78925931238114E-17;1.53701161573727E-16;0;0
1.06127072602694E-16;2.26401238275473E-16;0;0
2.55981688121796E-17;3.65110307928373E-16;0;0
6.05184941495512E-17;5.80888827658166E-17;0;0
1.55372795397629E-16;2.53070891060077E-17;0;0
3.00977311072345E-17;2.38782028757154E-17;0;0
8.24991131032822E-17;8.96489823497197E-17;0;0
6.56009372073471E-18;2.22425165950904E-16;0;0
5.75973820128989E-17;3.71624740544483E-16;0;0
3.33617977369989E-17;3.19512065478048E-16;0;0
3.90395037287448E-17;1.04742295057804E-16;0;0
2.84363046737484E-17;3.93950302659053E-16;0;0
2.71677722098591E-17;3.10313454355839E-17;0;0
5.97975238949372E-17;2.77076017569325E-16;0;0
1.11048046122617E-17;2.54029706874587E-16;0;0
3.41484642386090E-17;1.14538767094421E-16;0;0
5.94923272143120E-17;3.86509139218403E-16;0;0
5.01407613040196E-17;2.31650337855444E-16;0;0
8.83063243468258E-17;1.21493359117825E-16;0;0
7.81877033355144E-18;9.46222735681896E-17;0;0
2.60251953806278E-17;9.94467590907360E-17;0;0
8.54944262244228E-17;1.72969472351332E-16;0;0
8.53241036079939E-18;3.05111589261692E-17;0;0
8.85448066521170E-18;4.57063006113479E-16;0;0
1.56612841290682E-17;1.95957664593506E-16;0;0
5.54408214404611E-17;9.46901465216263E-18;0;0
1.79594519651744E-16;2.28266605548663E-17;0;0
2.12025769625834E-17;5.94517239269343E-17;0;0
8.09025505739629E-17;2.23115364443608E-16;0;0
5.20644790606455E-17;3.57049869664695E-17;0;0
3.90575693750673E-17;2.91865419168346E-16;0;0
9.89035332135842E-17;3.94493796476382E-17;0;0
9.22934046647192E-18;3.13711520102404E-16;0;0
9.74335810199303E-17;1.03495880953339E-16;0;0
1.80459366524739E-16;3.71122118603208E-16;0;0
7.43783862949124E-17;3.51465403453604E-17;0;0
1.96431381949311E-17;1.08404496407198E-16;0;0
2.31238148425733E-17;5.02334864056919E-18;0;0
6.49760231047565E-18;7.85659617670051E-17;0;0
4.60313721589582E-17;2.11222113518593E-16;0;0
6.04124598168855E-17;7.78544170237273E-17;0;0
1.06070876904368E-16;2.08641386787695E-17;0;0
1.86661096807379E-17;1.28478853280392E-16;0;0
2.84486729581278E-17;1.84558758633972E-16;0;0
3.78206730451147E-18;2.94571641982260E-16;0;0
1.42717677337939E-16;7.56289217376942E-18;0;0
8.08494592256874E-17;9.62368181928590E-17;0;0
7.37897562138648E-17;1.15695279400895E-16;0;0
2.33411156662253E-17;7.74794493382305E-17;0;0
4.30267004532538E-17;5.44601341922182E-16;0;0
1.16444511546633E-16;1.67640291101795E-16;0;0
2.04804488777832E-17;1.55923316759027E-16;0;0
1.92975901882830E-16;3.49013477629431E-17;0;0
1.69674087748875E-17;3.31001134175742E-16;0;0
8.27187352138679E-18;1.67578311254544E-16;0;0
6.66503548127762E-17;2.21438684528095E-16;0;0
9.12925186483162E-18;1.19936586172933E-16;0;0
3.75373852363413E-17;3.75373852363413E-17;0;0
5.44316886475012E-17;9.62544475019703E-17;0;0
9.10222166610084E-18;5.09856789416659E-16;0;0
4.16713448528628E-17;2.00352568355177E-16;0;0
7.56954468076213E-18;4.53039894330090E-18;0;0
6.28641879720423E-17;8.22052056640542E-17;0;0
7.85227976618112E-17;1.53522073119300E-16;0;0
3.76530167501930E-17;9.51972117719643E-18;0;0
3.00071986365412E-17;3.17240064268518E-16;0;0
9.57735966814096E-17;2.63291607067264E-16;0;0
1.51662822508686E-17;5.28312163002871E-17;0;0
1.56051927495406E-16;8.93307155349038E-17;0;0
5.72950223078237E-17;2.08144995996063E-16;0;0
8.59781326681009E-17;9.95446953135515E-19;0;0
1.46064089514119E-16;5.72263459257565E-17;0;0
1.81222511423485E-16;3.70001387370590E-16;0;0
8.56182082966285E-17;4.83577268645226E-17;0;0
4.70925797850747E-17;5.29438053657079E-16;0;0
4.73469445658083E-17;2.19482136017964E-16;0;0
4.19791831600497E-17;2.90364634505743E-17;0;0
3.76885187542518E-18;1.10200121749868E-17;0;0
1.22720113386291E-17;1.16340519183735E-16;0;0
4.02017100477903E-17;2.24484088431938E-16;0;0
4.93487682794511E-18;6.85330303631534E-17;0;0
4.50885264028434E-17;1.63153309481037E-16;0;0
2.44748926120246E-17;7.50205724523216E-17;0;0
4.14211946752862E-17;1.64086043997089E-16;0;0
8.44243090284182E-17;4.89896064166585E-17;0;0
9.51083006668323E-17;8.64989619487510E-17;0;0
1.18113971997128E-16;1.30028273388908E-16;0;0
6.88239759652693E-17;1.81861172474495E-16;0;0
5.76992529182935E-17;3.74656841891411E-17;0;0
1.45434647681460E-16;7.81764282773408E-17;0;0
1.58432633761556E-17;2.21331315831786E-16;0;0
4.97470685923609E-17;2.22190846380552E-16;0;0
1.27832764397227E-16;2.15319501467590E-16;0;0
6.39986036543440E-17;2.92342804144429E-16;0;0
4.45166139220345E-17;1.49817436766417E-16;0;0
5.00721082726077E-17;3.62229948987440E-16;0;0
9.52168769679896E-17;8.48788294144090E-17;0;0
4.59199409558903E-17;3.54009221789026E-16;0;0
3.08043431490916E-17;1.05725515582923E-16;0;0
1.35018120934572E-16;1.85608001654656E-16;0;0
1.03928201151470E-17;7.73101740687534E-17;0;0
9.45459590398802E-17;2.78259262245605E-16;0;0
1.78632327125898E-16;1.50346541694510E-16;0;0
1.36798400344372E-16;2.36292788817882E-16;0;0
6.42248845376541E-17;2.96922037221733E-16;0;0
1.62308747418812E-16;4.32799442689579E-17;0;0
4.58179445898469E-17;3.27705999272949E-18;0;0
7.22557460312381E-17;1.48321105502992E-16;0;0
2.28208310409875E-18;3.77822685754269E-17;0;0
2.38680015366382E-17;1.89505066386099E-16;0;0
2.04346176686451E-16;1.95386153678973E-16;0;0
5.16815477602331E-17;2.81987349992650E-16;0;0
3.03337500417997E-17;7.26124273287100E-18;0;0
7.75554977799979E-17;1.47718816234692E-16;0;0
7.61481060942747E-17;1.80536057115440E-16;0;0
4.53436949345601E-17;9.31756081348519E-17;0;0
9.48807141526927E-17;1.44170324231436E-16;0;0
1.54131485909445E-16;1.72204786290926E-16;0;0
1.34643468233085E-16;2.34011513030059E-17;0;0
9.67960791598569E-18;3.68559734792838E-18;0;0
4.61984743028500E-18;3.87147503645935E-17;0;0
8.73783833353572E-17;6.82953444297585E-17;0;0
4.53452917814084E-17;1.31649631327031E-16;0;0
8.74423591410910E-17;1.74578784202901E-16;0;0
1.04466830517570E-17;1.90454108426472E-16;0;0
8.84393832051439E-17;6.86952681838599E-17;0;0
5.87782377574375E-18;7.06869701098636E-17;0;0
1.11869295576568E-16;3.42941782636797E-16;0;0
8.96755990850289E-17;1.14839987561811E-17;0;0
5.85057530743379E-17;1.29340825223173E-16;0;0
2.70817151008735E-17;1.14781026350474E-16;0;0
2.04956291290811E-17;5.43000703384587E-17;0;0
3.58560061440092E-17;1.32432113539779E-17;0;0
1.23445499805123E-16;3.13266482074524E-17;0;0
4.58545152952481E-17;1.24908215789767E-16;0;0
1.70814862231179E-16;7.55654841245401E-17;0;0
2.03978681481768E-17;2.40938436906276E-16;0;0
8.64671631189030E-18;7.44672181769676E-17;0;0
4.47135890668640E-17;3.98025586836252E-18;0;0
1.99431902989558E-17;2.61385808547978E-16;0;0
5.16557105424815E-17;1.60583695977993E-16;0;0
7.31241325815897E-17;2.21832094697303E-16;0;0
6.34994263414172E-17;1.54781594258848E-16;0;0
1.60351594616160E-17;5.66131782618672E-17;0;0
4.18144337612732E-17;1.08987298769005E-16;0;0
6.03811078242072E-17;6.37694067561614E-17;0;0
1.93989822612112E-17;1.30779110415624E-16;0;0
6.51059596514541E-17;9.70100087947265E-17;0;0
1.05896088927215E-16;1.31691985199563E-16;0;0
1.69314790633171E-17;2.51499722667087E-16;0;0
3.92792959368411E-17;2.24879831836855E-16;0;0
3.80649270378732E-17;6.05108156470572E-17;0;0
1.48219019830425E-16;4.95967366927125E-17;0;0
6.36461165975844E-17;1.89952259583768E-16;0;0
1.27258114233964E-17;2.77255586156480E-17;0;0
3.33677907122474E-17;1.46676847352120E-16;0;0
1.75724125100376E-17;5.41580135381588E-17;0;0
7.07310676179937E-17;1.75800477990901E-17;0;0
1.37559307790642E-16;8.05103719155314E-17;0;0
1.47887290071332E-16;1.90746748566994E-16;0;0
2.06437100980356E-17;1.60343402909907E-16;0;0
2.08617137925279E-17;5.12201698685308E-16;0;0
1.58887853263973E-17;2.19596532251104E-16;0;0
2.33382933429753E-17;1.14986987278950E-16;0;0
1.21130480525502E-16;1.49001878552120E-17;0;0
1.77422365289281E-18;3.07845244140681E-17;0;0
3.97658641947973E-17;1.46902869773009E-16;0;0
9.77876095087368E-17;1.12311759499189E-16;0;0
6.33612008070609E-17;9.15715357354920E-17;0;0
4.19694072278414E-17;2.14134511345402E-16;0;0
3.63561368307481E-17;1.05830720096167E-17;0;0
9.90382808589789E-17;2.69669774979765E-16;0;0
1.19621615894279E-16;3.54533963384704E-18;0;0
1.17395666224224E-16;1.46913938535606E-16;0;0
7.44903378782310E-17;2.56478880544518E-16;0;0
7.94268922564105E-17;1.49809598546717E-16;0;0
1.47893720033162E-16;1.72630008851736E-16;0;0
6.92949820443140E-18;1.86663762286613E-17;0;0
1.65093036116395E-17;1.57102400300525E-17;0;0
4.20347741073411E-17;1.17349523391885E-16;0;0
8.73428451506369E-17;1.70266670638618E-16;0;0
1.63335107076328E-17;1.81396350428631E-16;0;0
1.37140034293493E-17;2.78001190461567E-17;0;0
1.47028443366742E-18;1.26005661882338E-16;0;0
2.79186621744580E-17;5.06409764542978E-17;0;0
2.63906783141753E-17;7.07210273931458E-17;0;0
1.61845185011512E-16;1.26504675797104E-16;0;0
6.12374585106507E-17;9.37961488725398E-17;0;0
1.23214001391973E-16;5.56942912109750E-17;0;0
9.65095204635234E-17;1.01979854123520E-16;0;0
8.00753030444242E-17;1.12046766327026E-16;0;0
4.09243257370609E-17;1.25807963283831E-16;0;0
7.60085482635061E-17;2.39259841168715E-17;0;0
1.32216460101312E-16;2.88202682188153E-17;0;0
4.19567273893945E-17;3.97492556661367E-17;0;0
4.81209669572784E-17;1.25610962093690E-16;0;0
2.88787134357635E-17;1.37867907012649E-17;0;0
9.35306549169163E-17;2.25114314939286E-17;0;0
2.85790334231802E-17;5.35929661397094E-17;0;0
6.64589042447976E-17;5.44420740025122E-17;0;0
4.08415323306507E-17;4.54680474968255E-17;0;0
1.04251935538265E-16;8.06670932189187E-17;0;0
4.61369064003227E-17;1.20090683998079E-16;0;0
1.15134797217574E-16;4.81675258864229E-17;0;0
2.85684123225843E-17;1.21698306782205E-16;0;0
1.99594709012037E-17;5.53965417568669E-17;0;0
5.53894039080580E-17;6.59488430930945E-17;0;0
8.94486147255607E-18;2.51349024311322E-16;0;0
2.26439859096955E-17;1.66080621429035E-18;0;0
1.35628084994848E-16;8.10888332350114E-17;0;0
5.00246246766817E-17;4.07162201497639E-17;0;0
6.81087461222781E-17;4.75737140588502E-17;0;0
4.25109574628687E-17;2.57489977497957E-17;0;0
1.24351113445890E-16;2.78517952770741E-16;0;0
2.35699973036210E-17;1.45321170573459E-16;0;0
8.71005993794199E-17;8.11835834438365E-17;0;0
9.55523108473727E-17;9.86916202270478E-18;0;0
7.59320882556150E-17;8.06645218555535E-18;0;0
8.73801881670882E-18;1.15523837362296E-16;0;0
1.07609916260848E-16;1.36698470237093E-16;0;0
5.88176698320672E-17;1.44594496587436E-16;0;0
1.33109167486228E-17;2.64258330049924E-17;0;0
2.34667758577980E-17;5.44257081023238E-18;0;0
8.26766785846874E-17;2.06907466658600E-17;0;0
1.05803300769024E-17;5.34706411042103E-17;0;0
1.30628322124870E-16;1.21361349171497E-17;0;0
6.01863162967133E-17;3.09511656193285E-17;0;0
1.22085282763940E-16;9.99475934806015E-17;0;0
2.78502715676912E-18;2.43530290465407E-17;0;0
5.06214886469685E-17;1.86658223372583E-17;0;0
1.02119096496603E-16;5.40896098250925E-17;0;0
1.00315036690639E-17;9.13173633360337E-18;0;0
1.23922171969883E-16;6.04096037553064E-17;0;0
8.53586544739568E-17;1.26374006902529E-16;0;0
6.59767001153505E-17;7.17777724030322E-18;0;0
8.84889006754538E-17;2.41688256420069E-17;0;0
3.87393133864803E-17;1.48005436194658E-16;0;0
7.21968080209373E-17;4.12531439270937E-17;0;0
3.62000478951357E-17;1.27767498079638E-16;0;0
1.62007068255044E-16;1.47891948586515E-16;0;0
1.82495456319711E-16;1.53768710620757E-17;0;0
2.76453519232385E-17;3.66344585591029E-17;0;0
3.73287055179816E-17;6.26578974250483E-17;0;0
1.59449735164840E-17;9.07659986893065E-17;0;0
1.14921895987265E-16;1.34648708343428E-16;0;0
4.08986990138909E-17;3.42229616445932E-17;0;0
1.64018034589338E-17;6.15719553941095E-17;0;0
3.30713428049169E-17;2.71030129876609E-17;0;0
1.06280734086802E-16;1.02699406009525E-17;0;0
3.70774781379174E-17;1.08486413369643E-16;0;0
6.07839052209357E-17;3.59701356274436E-17;0;0
1.47235680326509E-16;6.90005419276216E-17;0;0
3.72882109678133E-17;6.91509030512639E-17;0;0
1.31982430614665E-16;2.36933804095248E-17;0;0
4.09865596011979E-17;8.23771898198723E-18;0;0
1.64752170597387E-16;9.51899871081486E-19;0;0
9.06109197236986E-17;9.99814971293072E-18;0;0
9.41973557018599E-18;1.48829629531296E-17;0;0
1.72906004520250E-16;1.86288156502626E-17;0;0
1.21211707779987E-16;4.02049310264274E-17;0;0
2.59670496457504E-17;1.60110107002401E-16;0;0
6.38008832093610E-17;6.29104166560673E-17;0;0
3.47342824062914E-17;2.36028106154855E-17;0;0
4.72432363513681E-17;1.87250459194340E-17;0;0
2.39670479596159E-17;5.12367290612394E-17;0;0
4.60423831477177E-17;1.98300788693364E-17;0;0
4.48580503280016E-17;1.62517478135237E-17;0;0
6.36284062700927E-17;6.03448929878520E-17;0;0
9.73625948544442E-17;7.75273673299115E-18;0;0
3.48913387656952E-17;9.61459146647168E-17;0;0
8.36041082923074E-17;4.87409500678276E-17;0;0
5.56545968059148E-17;5.78451927309226E-17;0;0
1.13157671392378E-17;5.11728477431830E-17;0;0
2.67120982819577E-17;3.26111020297808E-17;0;0
6.91252811066556E-17;1.71790387342708E-16;0;0
2.63638605615628E-17;8.97856994182888E-17;0;0
1.11930295890553E-16;1.63236689876143E-16;0;0
2.61679447925982E-17;2.13291867199533E-17;0;0
3.25355768021213E-17;1.64229619987673E-17;0;0
4.14085060466236E-17;2.01351204755040E-17;0;0
4.84018201713872E-18;2.57970883320018E-16;0;0
8.75244822028138E-17;2.86832260918838E-17;0;0
2.71264783135188E-18;1.06952426312006E-17;0;0
4.72544983622548E-17;2.72085762714820E-16;0;0
1.28113019156031E-16;1.56754332397987E-16;0;0
3.90083937860853E-17;8.73582360416305E-17;0;0
1.11677444191478E-17;1.94130427445664E-16;0;0
5.87505299400748E-17;1.91252935653914E-16;0;0
6.82187304314202E-17;1.35199177426956E-16;0;0
8.87441078953241E-17;3.80159032950983E-17;0;0
6.06625875899146E-17;1.96968338188184E-17;0;0
5.79745608535250E-17;1.98025153856346E-16;0;0
8.75063504408705E-19;1.37114897398713E-16;0;0
7.53328069804664E-17;2.03467117486573E-16;0;0
7.86364869248210E-17;8.98784363383568E-18;0;0
3.38279616730708E-17;6.21408894808758E-17;0;0
4.78707534778257E-17;5.84034074247801E-17;0;0
4.82662187561886E-17;1.00086674889069E-16;0;0
4.37398487136186E-17;2.88931117248226E-16;0;0
3.00238088909297E-17;5.44300991230217E-17;0;0
6.68755694254170E-17;2.13485307383728E-16;0;0
7.14283162261442E-18;5.61762228793636E-17;0;0
3.56597295289742E-17;9.11744802973380E-17;0;0
1.37446966416640E-16;1.25651450384772E-16;0;0
1.42901980480982E-16;9.49780807759503E-17;0;0
5.01942619356515E-17;3.47839389982491E-17;0;0
1.71234947954285E-17;3.50057192785241E-17;0;0
6.86420497813115E-17;1.19182402743386E-16;0;0
8.21409875644746E-17;4.38826313445983E-17;0;0
1.18391460423735E-16;2.17541097503895E-16;0;0
1.84038396350966E-17;2.00609740742773E-16;0;0
3.16211609729222E-17;7.55888044304356E-17;0;0
7.33011254582388E-17;1.69911169818980E-16;0;0
9.64387364752322E-17;6.02793262593968E-17;0;0
1.96917053461597E-17;5.68038089829470E-17;0;0
7.65678454105261E-17;9.78552237253709E-17;0;0
8.38503258280426E-17;3.44218239036813E-16;0;0
6.15397618267138E-17;1.08316658447989E-16;0;0
6.55945001966092E-18;1.03755014065081E-16;0;0
6.67624687069194E-17;1.64844140514091E-16;0;0
1.73796267416679E-16;6.97950186014040E-17;0;0
4.48806573834729E-17;7.15281231677007E-17;0;0
6.09764032000499E-17;1.14237461154629E-17;0;0
3.38721580753766E-18;2.52262397153445E-16;0;0
7.56783061713388E-17;1.62879361815651E-16;0;0
5.55121205571575E-17;3.26819644547771E-17;0;0
5.43418785877920E-17;7.98152047173739E-17;0;0
6.43325501739215E-17;8.71340718170185E-17;0;0
2.25782013389692E-17;1.94251061845467E-16;0;0
6.54789534593843E-17;1.64237771839644E-16;0;0
7.81259094771240E-18;2.27750235576258E-16;0;0
1.59759260305327E-17;9.66828560569108E-17;0;0
1.15711254242021E-16;5.54813738917220E-17;0;0
1.54593541861931E-16;9.70007255953262E-17;0;0
1.14324268094626E-16;2.99723950459675E-16;0;0
9.44871597483480E-17;1.23237077710248E-16;0;0
5.87379260889338E-17;4.60867061690394E-17;0;0
1.59913735968785E-16;1.67819512691826E-16;0;0
3.41896850625088E-18;6.99514333573110E-17;0;0
7.41972561600279E-17;2.09633570216719E-16;0;0
2.85426255761311E-17;3.44128676213085E-16;0;0
1.01902439567171E-16;1.77089793499208E-16;0;0
5.35638544957659E-17;1.41182625606059E-16;0;0
8.61502547111315E-17;1.21712606721702E-16;0;0
1.24214868982881E-16;1.68281221745907E-16;0;0
8.98520974699739E-17;2.68609357663301E-17;0;0
2.09799933313159E-16;2.07680426124732E-17;0;0
1.04540759911293E-16;1.08251670854804E-16;0;0
3.68549414686348E-17;2.08580551714649E-16;0;0
1.05918011927349E-16;8.94998088472478E-18;0;0
9.93277941065625E-17;1.77202928432501E-16;0;0
5.20915702059761E-17;1.90289272214334E-16;0;0
1.30288358517286E-16;1.39119696081573E-16;0;0
9.73118209674667E-17;6.04049248448373E-17;0;0
5.13751369940477E-18;4.36603458690592E-17;0;0
7.76307867168571E-17;9.56087306884880E-17;0;0
8.41947250767090E-17;1.02044917413509E-16;0;0
1.45658605142585E-16;1.52912582604649E-16;0;0
3.02235583577414E-17;7.20101274618084E-18;0;0
3.50531096456583E-17;5.55976302646863E-17;0;0
1.17261926131552E-16;1.48412658034781E-16;0;0
7.79864865769538E-17;2.45876677286101E-17;0;0
9.44675083371759E-17;1.16136702660116E-16;0;0
1.65597935080000E-17;4.21907203351569E-17;0;0
1.84505870861615E-17;2.98924769606672E-16;0;0
8.87457644485820E-17;2.19473395236944E-16;0;0
6.37867777314847E-17;2.42070366411064E-16;0;0
4.27361681460212E-17;1.30132914541047E-16;0;0
2.86294724854612E-17;2.81857774320574E-16;0;0
2.38912855325238E-17;5.07204438930806E-17;0;0
6.73802164879554E-17;5.41143401711673E-17;0;0
5.20153507624487E-17;2.23823868827419E-16;0;0
1.10899651923208E-17;1.51607560034245E-16;0;0
7.47919579278963E-17;1.81319410446821E-16;0;0
2.70857906402304E-17;1.51732765476381E-17;0;0
3.23172110506052E-17;1.23415992790502E-16;0;0
2.39164811351043E-17;8.41155948571660E-17;0;0
1.18036759965695E-16;1.11844544938201E-16;0;0
9.94290960618312E-17;2.35982298829232E-16;0;0
1.40548026342251E-17;2.80055218369342E-16;0;0
7.87731691065027E-17;8.04635287314483E-17;0;0
1.17789864488019E-16;2.70030474906825E-17;0;0
4.67511960024136E-17;2.99480480954799E-17;0;0
2.35633254227628E-17;2.59652633479317E-17;0;0
2.18962635453413E-17;8.15276579428617E-18;0;0
7.21325154838762E-17;1.68066377713100E-17;0;0
1.66044411626773E-17;1.23034599416158E-16;0;0
4.47149738683613E-17;3.87716823077339E-17;0;0
8.54761274999208E-20;3.46369932530571E-17;0;0
1.58176809650094E-16;9.15196542775983E-18;0;0
1.00828005416789E-16;1.38640693843591E-16;0;0
2.92031287441819E-17;2.21846870296655E-16;0;0
1.72807857148258E-16;1.42049024768399E-16;0;0
2.59066745020855E-17;1.39715957596948E-16;0;0
6.96797013697368E-17;1.19390514963004E-16;0;0
1.04053324937480E-16;1.63195501924151E-18;0;0
5.84234405737330E-18;1.02238811737729E-16;0;0
6.68403251086813E-17;4.97770727917679E-17;0;0
8.04162050945174E-17;1.05258469291495E-16;0;0
8.75517008185422E-17;4.15084900078505E-17;0;0
9.59780089320532E-17;1.90231346705220E-17;0;0
2.00188543037172E-17;1.19638677589182E-17;0;0
7.87571986987905E-18;1.73987398766722E-16;0;0
1.16690415737658E-16;8.98873635868023E-17;0;0
4.60123560424346E-17;7.45485040921856E-18;0;0
1.25231563973920E-16;8.32519971421557E-17;0;0
4.46940561515760E-17;1.16777709269504E-16;0;0
6.99166934197512E-17;8.18561674615228E-17;0;0
3.56069548220653E-17;1.79652659061872E-16;0;0
6.67019209837315E-17;6.38156566778836E-17;0;0
4.86242427757182E-17;4.80659208070540E-17;0;0
8.42055529547814E-17;1.04408540216055E-17;0;0
2.34371062911518E-17;3.13316677611860E-16;0;0
5.25373150118127E-17;2.29544256445714E-16;0;0
5.71628312773308E-17;1.17111904228230E-16;0;0
1.47651398595270E-16;1.15011922541701E-16;0;0
8.39239303341383E-17;7.48330558494190E-17;0;0
8.04493638702906E-17;5.75359091272777E-19;0;0
8.24414518785544E-17;1.55575990801090E-16;0;0
3.85536736499352E-17;1.77282699272276E-16;0;0
8.08491235696205E-17;1.06828519711534E-16;0;0
1.18187527161043E-17;4.26786294006770E-17;0;0
3.24572012665895E-17;1.32470906693822E-16;0;0
2.45158015237127E-17;1.96363595930118E-16;0;0
6.60424706228067E-18;1.23972098845959E-17;0;0
2.71226160190783E-17;1.03189867335659E-16;0;0
1.31986939623351E-16;3.94001521481809E-17;0;0
1.59972358335215E-16;2.75117328097926E-17;0;0
1.64719269095803E-18;7.93920791387964E-17;0;0
6.05344548535726E-17;1.46856059280117E-16;0;0
3.17164228652655E-17;3.03301642568082E-17;0;0
3.69458994972026E-18;1.48190316711347E-16;0;0
3.13200900531115E-17;3.81137865948457E-17;0;0
5.05573877472951E-17;1.36776295394362E-16;0;0
1.08907139633841E-16;8.16712696710435E-18;0;0
1.01717782608363E-16;1.49008257232479E-16;0;0
7.78131982251954E-17;6.46425214257235E-17;0;0
1.29933700308341E-16;8.92435386199647E-17;0;0
1.44929291575300E-17;1.14145684169962E-16;0;0
4.35033214890099E-17;1.14893829886848E-16;0;0
1.58468464983849E-17;2.80057879913448E-17;0;0
4.53465371193842E-17;1.36164335713114E-17;0;0
5.24770688106074E-17;1.37464551378854E-17;0;0
3.77363364741626E-17;3.52523647297846E-17;0;0
1.63040176493143E-17;2.39015422585273E-19;0;0
1.10422933749257E-16;1.04758319618259E-16;0;0
3.80445577520259E-17;7.36495565397160E-17;0;0
5.75041417926988E-17;6.34648363132333E-17;0;0
2.29714375979697E-17;3.13910884886645E-17;0;0
5.50307914860249E-17;3.03457190526070E-16;0;0
4.44072062877929E-17;8.66461813154125E-17;0;0
1.07845958222964E-18;6.35523858870579E-17;0;0
3.31282182799233E-17;4.73123433796059E-17;0;0
1.04158880065812E-16;1.57975725048803E-16;0;0
6.05676283328097E-17;2.24074563976407E-16;0;0
1.70047653431151E-17;1.19275972453550E-16;0;0
1.27758847000798E-16;1.49445183449316E-18;0;0
1.13841819539266E-17;1.97893140466702E-17;0;0
8.45161894975727E-18;5.35079625332166E-17;0;0
1.24291569590180E-17;4.81261356733151E-17;0;0
2.86679667784122E-17;3.18849940689982E-16;0;0
1.29783324664438E-16;8.11057121623471E-17;0;0
3.83850015080044E-17;1.68059194298126E-16;0;0
1.37803733165101E-17;1.94620834274168E-16;0;0
9.83040907450021E-17;2.09684555506989E-16;0;0
3.67052377454146E-17;1.26532959608325E-16;0;0
2.75208342077781E-17;1.77120294549168E-16;0;0
6.49757020654795E-18;1.12550276864171E-16;0;0
3.24117326638355E-18;9.42370966172380E-17;0;0
4.95370301546711E-18;2.28496674393933E-17;0;0
8.19708703209777E-18;1.00420657416171E-16;0;0
1.08933215063795E-17;1.96778853237429E-17;0;0
2.11036352185085E-17;1.40376498988365E-16;0;0
2.43712861950154E-17;2.79152541397140E-16;0;0
5.62014471318621E-17;6.96863130679200E-17;0;0
4.37022968073879E-17;1.85697081307200E-17;0;0
1.36318910267434E-17;8.72119470003154E-17;0;0
7.17618536427358E-17;1.26677934796394E-16;0;0
7.11194987531292E-17;8.28602945554149E-18;0;0
1.17447866704914E-17;5.15294973423482E-17;0;0
1.79068218492969E-16;1.87719465567803E-16;0;0
7.74856267868437E-17;5.38013894546546E-18;0;0
4.90691615332585E-17;3.56160703462428E-16;0;0
1.80226851322387E-17;1.81771269882608E-16;0;0
6.71192475422441E-17;4.61975771383758E-17;0;0
9.20129000980482E-17;6.60257349901064E-17;0;0
4.96887067552361E-17;5.44161089689782E-16;0;0
7.40834710759709E-17;7.13675730837957E-17;0;0
6.40085377851569E-17;1.38480800353007E-16;0;0
3.59464293170272E-17;2.00683317570378E-16;0;0
3.91100058318247E-17;2.16089287124446E-16;0;0
1.08435139338743E-17;1.47763571979613E-17;0;0
8.25018798386605E-17;3.68343315163062E-16;0;0
1.06705687555812E-16;2.28109483983341E-16;0;0
6.92830794992946E-17;2.61659484857024E-16;0;0
1.17645029770675E-16;5.33671527049959E-16;0;0
1.11496924682174E-17;3.53349985464344E-16;0;0
1.25271167878277E-17;2.61644551469143E-16;0;0
1.35628037603140E-16;9.68548122762442E-17;0;0
1.61976066304103E-16;7.01123156085578E-16;0;0
5.16746581437973E-17;2.52605155491440E-16;0;0
2.01966046455642E-17;2.32859585169862E-16;0;0
1.37163747977202E-16;1.19807086953577E-16;0;0
9.88377094394570E-18;2.93606921217763E-16;0;0
1.10934426885915E-16;5.24155999437032E-17;0;0
3.23163241005593E-17;4.95344512504021E-16;0;0
2.52185582211742E-17;4.61109532761057E-16;0;0
6.23727626568659E-17;2.80379408352126E-17;0;0
1.21404942101835E-16;2.18862871905524E-16;0;0
2.06389270413279E-17;2.63804616932579E-18;0;0
2.70432055970307E-17;6.03888163118236E-16;0;0
1.66765791847465E-16;7.46470726921393E-16;0;0
8.63503133044403E-17;2.52722798436850E-16;0;0
4.77641189597098E-17;8.05581525433946E-17;0;0
8.79889811477265E-17;2.80745258788482E-16;0;0
1.88716246980408E-17;1.87325559134471E-16;0;0
1.61061651433820E-16;1.09936959636138E-16;0;0
3.07762335674152E-18;3.16427403608601E-16;0;0
7.10541337562606E-18;7.58253010095121E-17;0;0
1.16409837458172E-16;9.42770782975192E-16;0;0
2.61704800462292E-17;3.96047352861632E-16;0;0
6.73019258235443E-17;1.20202414676789E-16;0;0
5.24614236115963E-18;1.01174587145347E-16;0;0
7.57020855416854E-17;3.49690081634812E-16;0;0
7.33601106883492E-17;2.76423824597857E-16;0;0
2.47686590152721E-17;4.23189901945307E-17;0;0
3.78914788733927E-17;2.92898917887214E-16;0;0
1.16506678329901E-17;1.75456316812785E-16;0;0
5.14523011835472E-17;4.09731471687655E-16;0;0
4.62140977815466E-18;4.12214505824474E-16;0;0
9.74318054963495E-17;1.47594968699805E-16;0;0
1.05217160172065E-16;2.98292581560359E-16;0;0
5.53061691431423E-17;1.45703154612446E-16;0;0
1.88862789359074E-17;5.83103156895316E-16;0;0
7.49606412958437E-17;1.75520919610391E-16;0;0
9.52770851486144E-17;1.15682651447960E-16;0;0
5.25910268147235E-17;7.50014320046345E-17;0;0
9.81408786342054E-17;3.00800198388792E-16;0;0
7.22977577155052E-17;4.22128507441132E-16;0;0
4.21077550049249E-17;4.54088451058226E-16;0;0
6.36704064146443E-17;1.80781646676049E-16;0;0
2.21144604270513E-17;4.57471586574668E-16;0;0
4.35944454226693E-17;2.34930403223888E-16;0;0
6.72922471138178E-17;2.69053530730768E-16;0;0
3.44036997427402E-17;2.04296763732373E-16;0;0
3.89236494927163E-17;5.10422274882638E-17;0;0
4.78552054855305E-17;7.46469892572385E-17;0;0
4.73388580013568E-17;2.00865432238169E-16;0;0
1.96178147404450E-17;1.03354674058414E-16;0;0
7.14962402945070E-18;2.18603146263028E-16;0;0
8.72759050762587E-17;2.16514318339324E-17;0;0
8.52090168319751E-17;4.14822061370718E-16;0;0
1.17064856981073E-16;7.52911346081376E-16;0;0
3.42180424442974E-18;5.04455633555234E-16;0;0
1.24783105885327E-16;6.09560242651594E-17;0;0
1.57509664595873E-16;3.05132034612720E-17;0;0
1.60865581268764E-17;8.00354224904153E-17;0;0
2.15210472927893E-17;3.55663588447416E-16;0;0
2.44821540382216E-17;1.40753810954765E-16;0;0
4.05237113944880E-17;6.27276739310322E-16;0;0
7.67893260936733E-17;6.55016009820894E-17;0;0
5.83133919580861E-17;2.03005932380083E-16;0;0
1.10457968678633E-16;5.43464662937476E-16;0;0
5.02731078116273E-18;2.88981243946222E-16;0;0
3.66033065140522E-17;1.73286013631977E-16;0;0
3.04068159640410E-18;2.50493611208427E-17;0;0
3.71795767287287E-17;1.35221712377931E-16;0;0
5.62369370656759E-17;2.27234299200595E-16;0;0
3.68040938165593E-17;7.45132857625378E-16;0;0
4.36858519050870E-18;9.39981504477457E-17;0;0
9.13487381878714E-17;2.74137745651131E-16;0;0
1.00981230893630E-16;1.12423127515227E-16;0;0
5.66611151295165E-17;2.44042772982977E-16;0;0
1.08161547388485E-16;8.62439618234272E-16;0;0
3.03418605758629E-17;5.78603131512599E-16;0;0
3.78545824496608E-17;5.73918391148804E-16;0;0
5.76106324727885E-17;7.59699601720277E-17;0;0
1.43219084679226E-16;9.11588123553152E-17;0;0
3.48181490950317E-17;3.41186069986036E-16;0;0
1.24471918651184E-16;2.68953985175042E-16;0;0
7.88458808976208E-17;1.35018841498710E-16;0;0
6.05630017399706E-17;2.27130942507605E-16;0;0
1.42784338962296E-17;2.47653726477546E-16;0;0
5.07552935604445E-17;2.21060684075614E-17;0;0
1.22679487280633E-16;4.38530734627242E-16;0;0
1.66139794213002E-17;1.08630655522256E-17;0;0
9.17945936356678E-17;1.15706198680815E-16;0;0
8.06399148049344E-17;1.09968456737379E-16;0;0
1.80086912833670E-16;9.40488943935840E-17;0;0
1.40057552995971E-16;3.98028111476322E-17;0;0
1.68074109947487E-16;2.83131535645008E-17;0;0
5.42921732625060E-17;1.39414170124218E-17;0;0
5.23327271753747E-17;3.68138548888904E-16;0;0
5.31678460677155E-17;2.86359593807304E-16;0;0
1.88496168907611E-17;3.67463266781646E-16;0;0
6.11026620908473E-17;4.73625963076289E-16;0;0
7.83798303583717E-17;4.71054427395087E-16;0;0
7.74252892787407E-17;1.56834015019651E-16;0;0
4.77418944403185E-17;2.27358729165522E-16;0;0
2.83872781608584E-17;1.70765806077689E-16;0;0
1.51720628183119E-16;4.13001482718195E-17;0;0
5.13609124521941E-17;2.57818718598840E-16;0;0
3.90789138717535E-17;1.14501018422492E-16;0;0
1.13168477946391E-16;2.81886526168853E-16;0;0
5.12074035738276E-17;3.43366240472696E-16;0;0
1.46643639642108E-18;1.25838854713100E-17;0;0
6.34085977538528E-17;3.91201014747552E-17;0;0
6.01634768462169E-17;1.48058649304458E-16;0;0
1.00512226921680E-16;1.08954395495119E-16;0;0
4.05262663311707E-17;4.32268318618194E-16;0;0
1.29968782652466E-16;1.78341129624104E-17;0;0
9.89453446708198E-17;1.67020806088374E-16;0;0
2.13541625395624E-17;2.22076882689305E-16;0;0
1.16901945087682E-17;2.89570442780690E-17;0;0
1.30401755229252E-17;3.47441310121236E-17;0;0
5.72543846106457E-17;1.38599092503746E-16;0;0
3.43930770624909E-19;2.99168585807280E-16;0;0
3.99878199201266E-18;7.24121605788497E-18;0;0
1.47779511464873E-17;5.41495346657943E-17;0;0
7.41889357451348E-17;2.30241069271715E-16;0;0
5.62171059067400E-17;7.53321995358963E-18;0;0
3.57460506964198E-18;3.66069440599220E-16;0;0
1.23943098660469E-16;1.78304429839067E-16;0;0
8.81490256132821E-17;1.36902432263933E-17;0;0
8.14638718636062E-17;1.57830568989747E-16;0;0
5.07206645061458E-17;1.04429065526862E-16;0;0
2.96439367883439E-17;6.67131307110602E-17;0;0
7.12760591622413E-18;8.34194260559345E-17;0;0
4.33819811748635E-17;1.38258402892134E-16;0;0
4.30152112664944E-17;2.28351792874461E-16;0;0
5.33080979495119E-18;1.82300882568613E-16;0;0
1.31921477711744E-16;6.31175427166247E-16;0;0
4.23899503031513E-17;4.37811209061415E-17;0;0
4.64187401958731E-18;4.62198857570197E-16;0;0
8.40497477748246E-17;4.22894561670818E-16;0;0
3.37263534867632E-17;1.68855581154383E-16;0;0
2.53717370926278E-17;5.13296225487710E-16;0;0
1.14368148555336E-16;3.13575541278147E-16;0;0
7.96261483135789E-17;4.82250861202311E-17;0;0
1.00261121012642E-17;2.94840905475433E-17;0;0
2.69874740095584E-17;2.75266325572896E-16;0;0
1.36528234368095E-16;1.24647575290795E-16;0;0
8.48407739842109E-17;2.40374298854055E-16;0;0
1.43627196547291E-16;3.08801924120420E-16;0;0
9.55887837169487E-17;1.14957691724681E-16;0;0
4.73010647042758E-17;2.59329198973835E-16;0;0
7.89484099412995E-17;2.72480871092346E-16;0;0
1.69630723203105E-16;1.10199499876174E-16;0;0
1.66118311604003E-16;1.60149856478975E-16;0;0
1.05318053836134E-17;1.94927500659487E-16;0;0
1.08561441941219E-16;3.33185829710117E-16;0;0
7.37358139858291E-17;2.72726510152502E-16;0;0
9.55991197808279E-17;5.14548681875825E-17;0;0
3.92971820700158E-18;2.39357050399309E-17;0;0
1.98141925906733E-17;2.59812770024819E-16;0;0
5.49136987843564E-18;1.62406819738311E-16;0;0
1.50138748475960E-17;1.13981301866798E-16;0;0
9.61036954021428E-17;1.31953140788215E-17;0;0
4.23999819253768E-17;3.68634787900191E-16;0;0
1.28473789783123E-16;3.69129770324066E-16;0;0
9.31053780701845E-17;1.50319345893308E-16;0;0
1.67646783521315E-16;7.68146921595568E-17;0;0
1.13902757229099E-16;1.29013292020805E-16;0;0
2.03779418379724E-17;2.79254290493530E-17;0;0
1.85462830781147E-16;3.01720705638327E-16;0;0
3.72952675840115E-17;1.08216806223545E-16;0;0
7.39101977160355E-17;1.71554867016415E-16;0;0
1.01211797145017E-16;3.76967539019682E-16;0;0
4.68638437673679E-17;3.46501585949950E-16;0;0
1.02280284547001E-16;1.17019730036973E-16;0;0
3.78668510751533E-17;2.03450236841085E-16;0;0
1.26106210166895E-16;7.27410593476550E-17;0;0
5.16677029386525E-17;1.28598127403383E-16;0;0
9.72560358566553E-17;1.39074302277510E-16;0;0
1.17534994419478E-16;5.94744037084303E-17;0;0
1.18048872281824E-16;6.02648674166460E-18;0;0
5.16625927731973E-17;2.03809741324986E-16;0;0
7.59918473830104E-17;3.28788808402180E-16;0;0
1.77931410722643E-17;1.96885462536762E-16;0;0
6.34284985175147E-17;3.86919154856940E-16;0;0
8.23970935784217E-17;9.83161211893214E-18;0;0
4.70455213598448E-17;7.04358198966242E-17;0;0
1.79133325106448E-18;2.44933590870890E-17;0;0
8.14633843717758E-17;6.32205977806777E-17;0;0
1.21083773379173E-16;5.44142679996772E-17;0;0
2.30234744117861E-17;4.80558035805328E-17;0;0
1.02471021162361E-16;6.72990460564791E-17;0;0
5.98590109951818E-17;4.88938264690964E-17;0;0
5.04994299990497E-17;1.80859571836767E-17;0;0
5.36799839640966E-17;3.97955554076053E-17;0;0
1.26984683817097E-16;3.06763154050541E-17;0;0
5.94195770660956E-17;9.31238939404708E-17;0;0
3.48546473392252E-17;1.65568471097240E-16;0;0
3.59200045458075E-18;6.80309067037678E-17;0;0
4.34955874010617E-17;1.35752326997521E-16;0;0
5.89290563430551E-18;4.71885590147139E-17;0;0
4.36016278109202E-17;9.94628377140210E-17;0;0
8.33276577714732E-17;7.66199073424286E-17;0;0
3.68765450476979E-17;4.27654516367920E-17;0;0
4.08519712378223E-17;2.63820550477117E-17;0;0
4.77653751906341E-17;1.09759403268001E-16;0;0
1.04669239498518E-16;2.44619982132802E-17;0;0
5.34486891002258E-18;5.74475547156972E-17;0;0
2.13828764166644E-18;5.19295930556010E-17;0;0
1.80259856735772E-16;4.46818167009299E-17;0;0
1.60837120227703E-16;9.11871536511703E-17;0;0
4.39119508297699E-17;1.75403328738379E-16;0;0
1.21431443194909E-16;4.70952194054555E-17;0;0
5.75570046044882E-17;3.75016387421792E-17;0;0
8.62889054184200E-17;4.96447557676083E-17;0;0
5.75345857506622E-17;1.26295474271967E-16;0;0
1.12392952630115E-16;2.29966939020567E-17;0;0
5.91347806488020E-17;4.39770327975808E-17;0;0
1.27266375522404E-16;1.85361355234339E-17;0;0
8.52394869641288E-17;9.15099261303179E-17;0;0
4.36674166163694E-17;1.17290835864798E-16;0;0
4.84909003028385E-17;1.64039045714101E-16;0;0
1.03287556660572E-16;7.30883265907333E-17;0;0
1.12031187387674E-16;2.57939950033662E-17;0;0
1.89565074902864E-17;2.15564436064348E-16;0;0
6.68117859314782E-17;1.26457981795344E-16;0;0
3.85296422323166E-17;3.86970130920715E-18;0;0
7.75165926670657E-17;7.03760013966109E-17;0;0
3.41345431648971E-17;1.29080016706725E-18;0;0
7.60669633925319E-17;2.83102559600031E-17;0;0
5.97544806237556E-17;9.82852715684553E-17;0;0
6.39223919474489E-17;3.93237182861245E-17;0;0
1.46354767669658E-16;7.94960298135159E-17;0;0
1.08466781176075E-16;4.27513171455641E-17;0;0
1.46912941696609E-16;7.94314218904280E-17;0;0
2.46425740831970E-17;2.95541032717536E-17;0;0
6.12330917190806E-17;1.17474188432080E-16;0;0
4.47404143369345E-17;1.36967480914040E-17;0;0
2.13424751763345E-16;2.25898930865596E-17;0;0
6.24212552134798E-17;1.06793948747757E-16;0;0
4.29755710005104E-17;1.18091434519779E-16;0;0
6.84762875720038E-17;9.05749435127566E-17;0;0
1.21175184978578E-17;4.21948433369483E-17;0;0
2.38670154826179E-17;9.39751678206631E-17;0;0
3.33811442012375E-17;2.89792696356250E-17;0;0
7.40845742010571E-17;4.86799662951799E-17;0;0
2.49011522513621E-17;1.13026676994770E-16;0;0
7.57184664494531E-17;1.70316187708796E-17;0;0
1.78994462642888E-17;6.60173833165420E-17;0;0
1.53913821996535E-16;2.97604067540837E-17;0;0
2.97848617925304E-17;7.85625192196768E-17;0;0
5.36302185157941E-18;1.00971236951319E-16;0;0
7.24344258258416E-17;5.48435629079652E-17;0;0
7.74377746516622E-18;9.83069802314641E-17;0;0
3.43643323743668E-17;7.59577190644063E-17;0;0
1.40717479602566E-16;9.71697997158792E-17;0;0
1.40951241237371E-16;8.09609726984216E-19;0;0
3.16654038589614E-17;1.04904861222936E-16;0;0
1.20455661175675E-17;3.49817187302028E-17;0;0
9.50601522209981E-18;2.64476835332838E-17;0;0
1.49547574416698E-17;4.12507068155937E-17;0;0
3.22518468027259E-17;2.75810435599116E-18;0;0
1.27162646211515E-17;1.37560640989131E-16;0;0
9.71076773233626E-18;4.89625065925632E-17;0;0
3.38539902485857E-17;1.29824664722427E-16;0;0
9.12080369430049E-17;1.24345142728731E-16;0;0
3.31652552875759E-17;2.48011362584925E-16;0;0
6.92403202738548E-17;5.73985296797498E-17;0;0
3.98584140709441E-17;4.23742918264657E-17;0;0
2.86475349617408E-18;3.81998196734766E-18;0;0
1.75012311007661E-16;8.23370103332925E-17;0;0
3.23991027571304E-17;1.44649389364325E-17;0;0
6.06694825125311E-17;7.94340032823979E-17;0;0
3.97971354967405E-17;1.27002030921248E-16;0;0
2.21196798803001E-17;2.84988146464652E-17;0;0
1.24129989127124E-17;3.08979428529217E-17;0;0
5.60373967975127E-17;1.78087584422774E-17;0;0
4.66900005546501E-17;5.23288339657752E-17;0;0
1.34344908531432E-16;1.53115684499987E-17;0;0
1.70503837852565E-16;8.69410466018070E-17;0;0
3.28674324547275E-17;6.97839037455146E-17;0;0
2.82149416503339E-17;5.40465723106661E-17;0;0
3.37501827567815E-17;4.54357331078314E-19;0;0
4.61660765874250E-17;2.85691102167306E-17;0;0
1.76680760883693E-16;9.33802246939847E-18;0;0
3.87176790529156E-17;1.38130722324038E-17;0;0
2.24101921167383E-17;1.39549588151590E-16;0;0
1.25701610391139E-16;1.38615301005433E-16;0;0
2.63907111519521E-17;4.66386188454143E-17;0;0
1.29150266973417E-16;2.20107864155586E-16;0;0
9.71426362655832E-17;1.14022477528864E-16;0;0
8.00348198083446E-17;1.61049804398417E-16;0;0
6.07477293684486E-17;8.56826458719799E-16;0;0
3.24707703255776E-17;2.83076275541707E-16;0;0
8.41977507421310E-17;4.02083836858925E-17;0;0
5.49852795888204E-17;1.17555141393064E-16;0;0
1.45717445615764E-17;1.00868559127182E-17;0;0
6.55238016529586E-17;2.95079528825866E-17;0;0
4.07523493284096E-17;9.01115731933512E-16;0;0
5.02449964050587E-18;3.97662458166626E-17;0;0
8.21809397326921E-17;4.26338354634292E-16;0;0
4.63488253409698E-17;2.17832495307680E-16;0;0
1.87358556346787E-17;1.10275058783239E-16;0;0
4.99348488267560E-17;7.49348192469909E-16;0;0
5.09371090046827E-17;3.84569591922904E-17;0;0
3.67352478347206E-17;2.49878172091541E-17;0;0
6.61439608681092E-17;2.08323051660397E-16;0;0
1.01094089964462E-16;3.69708873372836E-17;0;0
7.77577240857980E-17;3.43414693298406E-17;0;0
8.46944540088694E-17;3.90482073071788E-17;0;0
1.21919949687468E-17;1.88005199644765E-17;0;0
5.20354253513471E-18;5.10255608720361E-17;0;0
1.71448848921577E-16;5.44563508166315E-16;0;0
4.92979748829814E-17;4.35736066991316E-16;0;0
5.05194859379068E-17;3.42830916103391E-16;0;0
9.34021648556590E-17;8.28892072440757E-17;0;0
1.01426159782975E-16;1.76951151550967E-16;0;0
1.17741548454473E-16;7.96938524273633E-17;0;0
1.49648568308719E-17;4.12358160943448E-17;0;0
1.82222886807283E-18;5.67086861588868E-16;0;0
1.90790662244583E-16;3.89350422000915E-16;0;0
7.23685335319928E-17;4.52577250564300E-16;0;0
4.05656182219281E-17;5.14759560522028E-17;0;0
1.30433186545872E-17;6.67390438414601E-17;0;0
1.50787568520018E-16;1.39681635178637E-16;0;0
6.38369984305955E-17;4.41034332348139E-17;0;0
4.54669589309032E-17;8.29791663458678E-17;0;0
1.21567238834061E-17;2.13360013302712E-17;0;0
4.61261538474810E-17;1.11526254438836E-16;0;0
4.74699649751615E-17;2.87900420687951E-16;0;0
3.52224649540394E-17;5.02888873517035E-18;0;0
8.40420734416206E-17;2.56932371911188E-17;0;0
1.08629962170864E-16;8.64754723682891E-17;0;0
1.34488582398494E-17;3.42707750331145E-16;0;0
1.45872691359213E-16;5.83254329028357E-17;0;0
4.82976524850706E-17;1.99979855903225E-17;0;0
9.03341635377707E-17;1.77921578842257E-16;0;0
1.29487963589492E-16;2.16511037671798E-17;0;0
9.32586270361269E-17;1.24925830508634E-17;0;0
4.69561821296804E-17;7.16434565007192E-16;0;0
9.54736667670899E-17;4.06891524230336E-16;0;0
8.44505512618562E-17;5.74907384492579E-17;0;0
6.11709723989217E-17;3.01507892711405E-16;0;0
1.13223504826888E-16;8.62735795218047E-17;0;0
1.52754912492792E-17;1.57290603602451E-16;0;0
9.70320837877547E-17;2.30819207121168E-16;0;0
3.88210815328678E-17;6.60649325189525E-17;0;0
6.85633411007092E-17;2.12354621666344E-17;0;0
9.69525570122941E-17;1.39511643713785E-16;0;0
1.55859483067937E-17;1.75795153174460E-16;0;0
7.64839140387013E-17;9.40479400316856E-16;0;0
4.45531934306089E-17;1.14731427950096E-16;0;0
3.00010893528809E-17;1.46856356050651E-17;0;0
4.19574669226410E-18;1.70437081200327E-16;0;0
1.34209834740657E-16;4.87725118219155E-16;0;0
2.96886902560023E-17;1.64092640400445E-17;0;0
4.06164771423124E-17;9.50170581603039E-18;0;0
6.54983177643164E-17;9.73972765086092E-17;0;0
1.23643887399593E-16;3.99279930324719E-17;0;0
8.54464747033561E-18;5.13628881623862E-17;0;0
8.83333761178782E-17;7.29269110071371E-18;0;0
1.89477160747064E-17;1.54517481990742E-16;0;0
9.36689554121736E-17;3.85361029211074E-16;0;0
8.08129702567412E-17;4.16999524851306E-17;0;0
2.20244735451250E-17;3.38203058323459E-17;0;0
8.94600753839282E-17;1.06965665467759E-16;0;0
7.31549165526982E-17;3.49643373054231E-16;0;0
1.73259331151099E-16;3.44273026191468E-17;0;0
2.16726548789244E-18;1.32434370646237E-16;0;0
1.30692251805880E-16;4.55106895514856E-17;0;0
6.65240791889851E-18;9.47668333797169E-17;0;0
3.46256954225463E-17;3.67702352469379E-17;0;0
6.70093498992204E-17;3.21384245238745E-16;0;0
4.23818609800820E-17;1.42930391414258E-16;0;0
5.83169660048493E-17;4.43896040782862E-18;0;0
9.85236545425924E-17;8.65085700745098E-17;0;0
1.98712347134756E-17;1.82340262592034E-17;0;0
1.59267733920726E-17;8.72720384402632E-17;0;0
9.30032807838918E-17;7.46909789435308E-17;0;0
5.93861176816297E-17;9.04197743862302E-17;0;0
1.46526546057822E-17;1.04152925106252E-16;0;0
4.17848505167410E-17;3.21190839465053E-17;0;0
8.26274987131713E-17;3.40658916036461E-17;0;0
4.19770614318139E-17;3.96513437709055E-16;0;0
9.27067548346067E-17;6.37075728741781E-17;0;0
1.11152581546201E-16;2.34508646836700E-16;0;0
5.09318271897723E-17;2.15648550986059E-16;0;0
8.03088816957334E-17;1.27864297255480E-16;0;0
1.84102565256897E-16;2.60607202095618E-16;0;0
1.17026517622050E-16;3.43607290914655E-18;0;0
4.58696588860051E-17;3.89307454904283E-17;0;0
1.91287044051102E-17;2.29149060825290E-16;0;0
1.75345563667698E-16;1.95914049910231E-16;0;0
2.71540735032452E-17;1.51644674532212E-16;0;0
9.74495553650861E-17;7.13668493258943E-17;0;0
1.16670288627855E-16;3.07292062327953E-16;0;0
4.37729067845008E-17;1.22165528806509E-16;0;0
1.10461747093509E-16;1.79230561392993E-17;0;0
1.06136461288179E-16;2.49402863979625E-16;0;0
4.21216405021558E-17;2.65577650584951E-16;0;0
8.51057629569736E-17;2.78592347033350E-16;0;0
1.03975794856232E-16;1.19569778658867E-17;0;0
4.74987279462283E-17;6.47251974497872E-18;0;0
8.67487363210227E-17;9.70127467143315E-17;0;0
1.28536758792991E-16;8.91949375951050E-17;0;0
2.23437376343737E-17;1.40721500148213E-17;0;0
6.35585648573402E-18;2.57301706193773E-16;0;0
3.82280671199979E-18;1.08451290760230E-16;0;0
1.21855281970157E-16;3.87439612800594E-16;0;0
1.13068075527083E-16;9.75031469259828E-17;0;0
3.39110376416279E-17;3.78106758271849E-16;0;0
8.58981547916576E-17;1.34616862677666E-16;0;0
4.15508989093788E-17;1.24983733276701E-16;0;0
3.34996425570016E-17;1.17443271872709E-17;0;0
1.41539110783135E-16;9.83651920829573E-17;0;0
1.11012155458695E-16;1.07672541291179E-16;0;0
3.66695425659545E-17;1.25834710483244E-16;0;0
5.48155608044555E-17;1.01356810902869E-16;0;0
1.78265881877314E-16;1.14155413973314E-17;0;0
4.11307572889263E-17;2.08174504991179E-16;0;0
8.85466429802134E-17;1.70244151966428E-16;0;0
2.42055449012864E-18;1.98195463952136E-16;0;0
6.61238870308057E-18;2.68034913067994E-16;0;0
7.79782560211082E-17;1.17354921283476E-17;0;0
2.10733393057046E-17;1.75739555077309E-16;0;0
8.52297721171000E-17;1.96139690875904E-16;0;0
4.46957892409025E-17;2.31682372665043E-16;0;0
3.88199373727991E-17;2.45541906974152E-17;0;0
1.77749306125631E-16;8.69438592921803E-17;0;0
5.67057423016712E-17;3.75465702276561E-16;0;0
2.27307179488754E-17;1.18597222002346E-16;0;0
2.06976977294447E-17;3.08224037749226E-16;0;0
8.62360053337939E-18;1.15312444831988E-17;0;0
4.59037226851340E-17;1.89652735487384E-16;0;0
3.38596318002411E-17;9.52329380877378E-17;0;0
3.46985953235827E-17;2.90273331825421E-17;0;0
5.11208012585691E-17;9.25558446347556E-17;0;0
8.16060028411260E-18;2.03881456792654E-16;0;0
8.17405282812252E-17;2.13852885421304E-16;0;0
3.73266107982074E-17;3.19679103277321E-16;0;0
9.20393378860215E-17;2.95579732268329E-16;0;0
3.21618562042995E-17;1.17877868484205E-17;0;0
3.21261884533934E-17;1.59905342204858E-16;0;0
2.93726839493137E-19;8.75195511762880E-17;0;0
1.26249425376442E-16;1.46594036081886E-16;0;0
1.32361499970191E-17;1.68097510145855E-16;0;0
6.62226339906078E-18;1.86646214893788E-16;0;0
2.97499363733880E-17;1.38027816099331E-16;0;0
1.93298390560112E-17;1.28918746668277E-17;0;0
9.24923047767051E-17;9.95884710841643E-17;0;0
3.52800011276783E-17;1.10441333859966E-16;0;0
3.54829721669452E-17;6.75359544632729E-17;0;0
5.09574285625541E-17;2.33737811720075E-16;0;0
2.21431973763315E-17;6.19772778283671E-17;0;0
3.76595325092318E-17;2.00856717473283E-16;0;0
1.84467136458047E-17;1.82593440761406E-16;0;0
1.31909584577894E-16;5.50230817520405E-17;0;0
1.51935368805136E-16;1.79250134094055E-16;0;0
4.51535685454792E-17;1.01468050595191E-17;0;0
1.54314127282203E-16;1.94614314539588E-16;0;0
6.53463276817718E-17;1.04714557173544E-16;0;0
6.61216735256937E-17;2.18911195440237E-16;0;0
4.00673841491535E-17;6.00307596368960E-17;0;0
8.69387249285588E-17;1.00613697003600E-16;0;0
8.06778906341218E-17;1.29586947605260E-16;0;0
9.94454255317420E-17;5.07675405969520E-17;0;0
7.53059526925507E-17;3.66660647033336E-17;0;0
1.64538975023245E-16;1.65153411447736E-17;0;0
1.03676493912830E-16;1.90319707637820E-17;0;0
5.58114162239375E-17;1.73300943316935E-16;0;0
4.88220140907041E-17;1.30872078014082E-16;0;0
7.15274708794911E-17;1.05952576013760E-16;0;0
9.77908358780909E-17;1.97451873682196E-16;0;0
1.04373781548052E-16;4.09694423114466E-17;0;0
3.80162053670370E-18;1.25737650054725E-16;0;0
2.62931756993085E-19;9.35830114449081E-17;0;0
1.98836546148653E-17;1.59190570257727E-16;0;0
4.30204760493433E-17;1.47111654798944E-16;0;0
4.12792468255618E-17;1.82775052892131E-16;0;0
9.71314160954056E-17;7.27842192163450E-17;0;0
9.31983205335182E-17;2.38134976393929E-16;0;0
2.33709428162073E-17;3.65352416031807E-16;0;0
5.79962473776364E-17;1.04001312149222E-16;0;0
1.24351586623036E-16;5.68750004539396E-17;0;0
2.00332754898233E-16;1.41697928196060E-16;0;0
1.05872676489419E-16;6.76522791378480E-17;0;0
5.97034099479829E-17;2.02747678047459E-16;0;0
3.28635914551139E-17;2.22153171392029E-17;0;0
8.64105698568212E-17;5.13657651642287E-17;0;0
4.45221695076010E-18;4.58750356237613E-17;0;0
2.18570301855974E-16;1.90740451127821E-16;0;0
5.07933096538613E-18;2.31090591919245E-16;0;0
5.77600902371162E-17;1.30033103303699E-16;0;0
1.95941940321158E-17;5.69635522422644E-17;0;0
3.70384905068814E-17;5.48895324736876E-16;0;0
8.52530437138325E-18;1.95076267282556E-17;0;0
1.44131339931909E-16;2.66134319190307E-17;0;0
1.16137647437273E-16;1.03913505018468E-16;0;0
1.52521543850981E-17;1.54991557478918E-16;0;0
1.61468336671100E-16;6.76027105334666E-17;0;0
1.41560300532218E-17;4.10496830239362E-17;0;0
5.14162457600292E-17;2.36958910387109E-16;0;0
4.32415739716098E-17;3.32668387441961E-16;0;0
2.86192112076808E-17;7.13329626928159E-17;0;0
5.84267805067862E-17;3.18412905591529E-16;0;0
2.12164768720729E-17;1.93096826329273E-16;0;0
6.13817408253865E-17;2.66106030777330E-17;0;0
1.61226955910760E-16;2.21090363831137E-16;0;0
4.92463920797413E-17;4.91568079043913E-17;0;0
2.00668058384106E-17;2.02267422722775E-16;0;0
6.20542887664728E-17;1.53730669298068E-16;0;0
9.03407702118586E-17;2.11475262342493E-16;0;0
1.09331068426512E-16;9.19647776886690E-17;0;0
4.61884635458297E-17;1.16606495624533E-16;0;0
3.21932728746006E-17;2.45178310880799E-16;0;0
6.15948499662103E-17;5.08147518962219E-17;0;0
6.22143618076868E-17;1.76030123964173E-16;0;0
1.23985031745947E-16;1.90046634249027E-16;0;0
2.16064495507489E-17;1.69392834127876E-16;0;0
1.29318206339632E-16;5.51553656209870E-17;0;0
4.29887717802898E-17;1.49734642424075E-16;0;0
4.65481993878858E-17;4.05951776580605E-17;0;0
1.28693679629301E-16;5.91294802068513E-17;0;0
6.26340098916349E-17;2.55579866116801E-17;0;0
7.57982489673158E-17;8.06263260039458E-17;0;0
1.97041748437305E-16;1.15761880371062E-16;0;0
8.48938012447230E-17;1.59406241026701E-16;0;0
1.05301013071027E-16;3.13344393080001E-16;0;0
1.07904109128782E-16;1.23610840296294E-18;0;0
5.75352144102827E-17;6.84414966876628E-17;0;0
3.08836020127532E-17;1.19885391663705E-16;0;0
2.96673380333529E-17;9.40504350424319E-17;0;0
1.38888663371808E-16;2.66498506036693E-16;0;0
1.57195019997519E-18;3.95545166173543E-16;0;0
1.81753437609601E-17;3.80922291412415E-16;0;0
6.53900155362187E-17;2.40671635701585E-16;0;0
8.15342094463094E-17;1.85333444607164E-16;0;0
1.22533944943153E-17;2.70908940245846E-16;0;0
1.12551121858306E-16;7.42839680301534E-17;0;0
3.07374815702942E-17;3.07821240748826E-17;0;0
1.04812087436263E-16;4.83614747279959E-17;0;0
3.90880344194967E-17;3.39427063351683E-16;0;0
7.70273202927369E-17;1.29044485502548E-16;0;0
2.56825432439772E-17;8.27753749259918E-17;0;0
1.86962852249798E-18;1.27006644176967E-16;0;0
7.38126613470716E-18;5.73275857029397E-17;0;0
1.33357120700476E-17;1.38952295610112E-16;0;0
1.08899687795827E-16;8.36237073140576E-17;0;0
1.27386052564782E-16;4.38653852191373E-16;0;0
6.96454420158387E-18;3.42945981905095E-16;0;0
1.21901829765020E-16;2.64560666086553E-17;0;0
8.67837031711527E-18;5.36641220767827E-17;0;0
2.41537861145829E-17;3.38592948546335E-17;0;0
4.07034411133291E-17;1.48677192697027E-16;0;0
6.14620429399323E-17;1.89182155470696E-16;0;0
1.24264952365186E-17;2.31282688000424E-17;0;0
1.40020297524965E-16;4.59083146617881E-16;0;0
3.91776066403770E-17;5.23860495849143E-17;0;0
4.11718830731985E-17;1.04029887904697E-16;0;0
4.03150915950445E-17;1.67893453487166E-16;0;0
6.85432530950369E-17;4.99247476962880E-17;0;0
2.09834652068812E-17;2.43774198807648E-17;0;0
3.57947112593715E-17;3.15708992317300E-16;0;0
8.15223567220344E-17;1.00161333397874E-16;0;0
8.67171909936845E-17;2.17270076987924E-16;0;0
2.71741076489096E-17;3.80934649247486E-16;0;0
3.55079964154763E-17;2.93355101962953E-16;0;0
1.21290977122022E-17;3.21322293330398E-17;0;0
8.04345059356213E-17;1.47843282026219E-16;0;0
1.68246569029825E-18;3.00729758119406E-16;0;0
3.89482144233969E-17;9.06370044677608E-17;0;0
1.12115814244938E-17;1.34242621627861E-17;0;0
3.79014901598104E-17;2.12671251256874E-16;0;0
9.58330826067866E-17;9.81232577732945E-17;0;0
1.33460160676764E-17;2.47214447566853E-16;0;0
5.84531199064890E-19;5.16021045115490E-17;0;0
4.26292213481503E-17;5.67686087452302E-16;0;0
7.06942471594750E-17;5.01823491471091E-17;0;0
4.65006362590203E-17;1.88789094685128E-16;0;0
3.23126088927365E-17;1.91331175494588E-17;0;0
9.75886575482638E-17;2.28908727524217E-16;0;0
8.61223073655827E-17;4.01060976350279E-17;0;0
1.30712750635294E-16;1.08862104226451E-16;0;0
4.53322514843491E-18;2.64871761762629E-16;0;0
4.19460152327012E-19;7.64121123607347E-17;0;0
6.17634664782001E-17;2.14988741797235E-16;0;0
1.25514476129623E-16;4.98795499913172E-17;0;0
5.28829545593681E-17;4.37348355550945E-16;0;0
1.45318333719917E-17;5.65382576020829E-16;0;0
1.06956368590055E-17;3.47761925724778E-16;0;0
8.89531533196438E-17;5.96349507898718E-16;0;0
1.62673967305377E-17;3.97782143826372E-16;0;0
7.36263991361515E-17;6.11572361604753E-17;0;0
7.77848378769664E-17;1.09032840291094E-17;0;0
9.43294235706584E-17;5.21132304151108E-16;0;0
1.49618206305451E-16;4.24428320833722E-17;0;0
6.15180349866992E-18;4.49704175716159E-16;0;0
1.96019071238991E-17;1.95117708874738E-17;0;0
5.75186960461244E-17;8.92044475741194E-18;0;0
1.45561994573105E-16;5.68544537954241E-16;0;0
2.30322779317729E-17;2.99149007342432E-17;0;0
6.49953643046783E-17;6.03340750639872E-17;0;0
1.45044463302843E-16;1.48267894305538E-16;0;0
8.87953194083184E-17;1.33803373844027E-16;0;0
5.64621817035537E-17;5.55784713475550E-16;0;0
8.14721294510922E-17;3.20428231709688E-18;0;0
8.64382280434535E-17;6.14053923061608E-16;0;0
1.36796074082794E-16;3.81040532688119E-18;0;0
7.47676055648568E-17;2.42805113882203E-16;0;0
1.28422969198625E-16;2.88097200626605E-16;0;0
3.18919670263430E-17;5.87286147780355E-16;0;0
5.65113442542542E-17;6.10061489261382E-17;0;0
8.67221125514490E-17;1.77473728892132E-16;0;0
7.33465883884467E-18;1.59622529557008E-16;0;0
9.97600747058487E-17;1.89425098401923E-16;0;0
2.05252394746785E-16;6.15408096288171E-17;0;0
4.46506741181420E-17;5.53530300842666E-17;0;0
2.62732526390678E-17;3.25502880657607E-16;0;0
1.15697669826580E-16;5.52573786780910E-16;0;0
1.36637291234013E-16;1.81165245835699E-16;0;0
6.92804422755964E-17;2.71733194427532E-17;0;0
1.27978091360787E-16;8.05957740446734E-16;0;0
1.09750596975675E-17;3.75000636389910E-16;0;0
3.80617059579536E-18;1.78667949910473E-16;0;0
1.42817171108660E-16;3.64530890360794E-16;0;0
1.01460055567113E-16;8.75831112601569E-16;0;0
2.01486018538277E-17;8.30259993953132E-17;0;0
8.24919005180587E-17;3.08360620626509E-16;0;0
7.16248289851159E-17;3.04858944372405E-16;0;0
1.25620093874025E-17;3.24685161798863E-16;0;0
1.38768158883942E-16;8.96993543516267E-17;0;0
1.85321613577764E-16;5.12331737356039E-17;0;0
1.18329825057452E-16;7.83100261696029E-17;0;0
2.80869263581581E-18;7.26844119693196E-16;0;0
1.88202304517478E-18;8.05653321652470E-17;0;0
1.79793983727677E-17;7.12647402300956E-16;0;0
3.86533080248123E-18;2.67370871568351E-17;0;0
9.87789593485080E-17;2.55031400567204E-16;0;0
3.59717302777851E-19;5.59198265080633E-16;0;0
3.19156161185544E-17;3.40813029448114E-16;0;0
3.23830757891300E-17;2.23193091057752E-16;0;0
6.17468065069962E-17;2.74735979956383E-16;0;0
1.37477106513282E-16;1.05443905707844E-16;0;0
3.76472098033993E-18;1.73072118493189E-16;0;0
4.50311174340952E-17;1.22173397370782E-16;0;0
5.24744793973332E-18;1.41469168452050E-16;0;0
5.04612805281147E-17;2.22930378274829E-16;0;0
1.34358804395551E-16;3.62689240122686E-16;0;0
3.00254504335881E-17;2.75116741221869E-16;0;0
6.85632448101138E-18;7.88827185190469E-17;0;0
4.33628353941575E-18;2.15245521904880E-16;0;0
7.94775832187454E-17;2.16566066307300E-16;0;0
2.53458257867897E-17;4.28507809331093E-16;0;0
2.93739976507728E-17;3.14618138694734E-16;0;0
9.82685778375531E-17;2.88917301051873E-16;0;0
7.90300119988757E-17;4.18370592856997E-17;0;0
8.24049945969974E-17;6.48572645902173E-16;0;0
9.89704112970761E-18;9.41964330705703E-16;0;0
7.04038222909930E-17;6.24404294369982E-16;0;0
1.80196282103929E-16;5.93629710146513E-16;0;0
9.46943197902749E-17;2.21318404776232E-16;0;0
1.23330283905351E-17;8.84980197146405E-17;0;0
5.76490645829344E-17;4.33598830188608E-16;0;0
1.07459999643396E-16;2.26602694268163E-16;0;0
5.93600886723009E-17;1.95866324090069E-16;0;0
3.70268442869312E-17;3.04469145470618E-18;0;0
1.93659196216912E-16;2.07297952589554E-16;0;0
1.61430088830399E-17;3.30768715442221E-16;0;0
3.57777626952463E-17;1.69039296784332E-16;0;0
5.15042006224578E-17;4.83266960936513E-16;0;0
6.27947157717727E-17;2.78768935157490E-16;0;0
1.12585086836889E-16;1.71584228666329E-16;0;0
2.80294366154012E-17;5.23019645484771E-16;0;0
2.94763329992422E-17;2.41701504172677E-17;0;0
1.17099408509246E-16;4.80712907183933E-16;0;0
1.70715719008220E-16;1.43457782053363E-16;0;0
2.63914342523052E-17;5.73732038487274E-16;0;0
7.47872285956082E-17;1.04366213269226E-17;0;0
1.56684074364217E-16;7.99610751783730E-17;0;0
1.90012013916106E-17;2.55709468347683E-16;0;0
1.23106202885250E-17;3.93754510551806E-16;0;0
9.17467057185055E-17;1.93655483533262E-16;0;0
1.02147032316184E-16;9.42486500179942E-17;0;0
8.65971973049114E-17;2.83905427918837E-16;0;0
3.59539034957883E-17;2.55437117389649E-16;0;0
1.53302078486221E-18;7.08792264682797E-17;0;0
4.21094171917074E-17;1.03549663025652E-17;0;0
2.48415504837287E-17;6.72416974168990E-17;0;0
2.50639056177701E-17;8.41242959060943E-17;0;0
3.20051072766915E-17;2.71712664497834E-17;0;0
3.69810411168376E-17;3.55056219720845E-17;0;0
3.66559964762379E-17;9.61839827184454E-17;0;0
1.01956906888340E-17;8.15128813429412E-17;0;0
3.37476823435070E-17;2.82822619428856E-17;0;0
5.46083092435522E-17;8.66284001736267E-17;0;0
8.19458407414517E-17;1.03705694014121E-16;0;0
2.85831130131553E-17;1.90540387559442E-17;0;0
6.73147987433266E-17;8.51952266733260E-17;0;0
3.86158196972181E-17;7.91914331404442E-17;0;0
1.16790873385383E-16;3.86787332257130E-17;0;0
1.74333616951777E-17;1.16549990790480E-16;0;0
3.34809460484675E-17;9.00058973031293E-18;0;0
1.02858108872209E-16;6.16762941126015E-19;0;0
6.47460280193358E-17;9.28067392609727E-17;0;0
2.69545617439089E-18;3.13505437110410E-17;0;0
5.95281731045984E-17;1.11118119418414E-16;0;0
1.99122194853850E-17;4.69680075485523E-17;0;0
6.78932180432525E-17;1.23631640867943E-16;0;0
4.25363794684544E-17;1.19098144353614E-17;0;0
5.28551713337173E-17;4.27977595748863E-17;0;0
1.34159543845524E-16;7.00527658321212E-18;0;0
3.63730930056535E-17;5.87688249570959E-17;0;0
7.27593681515462E-17;2.52524325705966E-17;0;0
5.73840676265012E-17;9.21916996941261E-17;0;0
1.51790187340632E-17;5.27113894980354E-17;0;0
7.03148406515437E-17;1.02495941648843E-17;0;0
3.98663485461090E-17;5.27273203452615E-17;0;0
1.18003988234340E-16;8.66621064942460E-17;0;0
4.71653465001726E-17;2.03891216274065E-19;0;0
7.75942787683038E-17;2.80978132754359E-17;0;0
3.20089175309144E-17;6.92188346808226E-17;0;0
6.96742393086437E-18;3.11620351593681E-17;0;0
1.11818029641605E-16;3.35804372614502E-17;0;0
6.38924903314469E-17;4.85775519638884E-17;0;0
1.78394223964266E-17;9.47518677391808E-17;0;0
5.24388427244922E-17;5.44935911795151E-17;0;0
2.72778461346939E-18;2.12624446572075E-16;0;0
1.02705272355273E-16;1.21484112257270E-17;0;0
1.07215002067311E-16;1.84330463917245E-16;0;0
1.65634988434821E-16;1.94410305949761E-16;0;0
8.52411779366092E-17;1.50336004199343E-16;0;0
1.97531179923604E-17;8.72184553158558E-18;0;0
4.28796498004859E-17;4.99657656584778E-17;0;0
8.46952762331100E-17;8.06658955594300E-17;0;0
6.57914825800880E-17;6.71958335364078E-17;0;0
4.94083093375726E-17;7.22081660965662E-17;0;0
1.03873018832694E-16;8.24514372643440E-17;0;0
1.55296324810278E-17;4.09357417322777E-17;0;0
3.24326464117127E-17;6.04435168756846E-17;0;0
7.29999620170090E-17;1.45858079044097E-17;0;0
5.42542021525089E-17;1.60053037018772E-16;0;0
3.61951832654697E-17;1.37401725865082E-17;0;0
1.29904583450574E-16;3.31206932632403E-17;0;0
4.57228010046920E-17;7.96563800693260E-17;0;0
5.92381344896964E-17;4.27798597012839E-17;0;0
3.49265955536202E-17;8.42884518967696E-17;0;0
1.85268194570384E-17;4.07697985494736E-17;0;0
9.88039020750241E-17;3.57335489582579E-17;0;0
8.21022978995364E-17;1.46432366138913E-17;0;0
1.03964194138346E-16;2.38358705588142E-17;0;0
8.46509831464048E-17;5.95761861490737E-17;0;0
5.71985684209485E-17;1.58567988341660E-16;0;0
3.38372275007034E-17;5.44302316807984E-17;0;0
6.96312182414543E-18;6.47389280951201E-17;0;0
2.99494834883376E-17;1.88170762241162E-17;0;0
1.78618499881705E-16;4.91703252892471E-17;0;0
2.40826415473396E-18;9.17205447019593E-18;0;0
7.44381125527569E-17;4.17386130713285E-17;0;0
6.74117875100498E-17;1.41188419076203E-16;0;0
1.65610781114046E-17;5.92457481078588E-17;0;0
1.00196881880694E-16;1.42852891513430E-16;0;0
9.31732349924123E-17;1.37122059315755E-16;0;0
1.01627711921866E-17;2.66221074369168E-17;0;0
9.86739958060291E-17;1.55003824231707E-17;0;0
3.53641230675813E-17;2.17964951704733E-17;0;0
2.33871976192132E-17;3.42908172193986E-17;0;0
5.10627610272451E-18;1.27609137888072E-16;0;0
5.82092197507247E-17;1.29695902737128E-17;0;0
4.23626440103813E-17;5.25258229664235E-17;0;0
1.54984595403272E-16;1.06703003396029E-18;0;0
3.18606551431965E-17;3.98751522066801E-17;0;0
6.17499060158094E-17;7.67692960294751E-18;0;0
9.66751147978164E-17;1.62722175145504E-16;0;0
1.01276310504854E-16;1.00756674856778E-17;0;0
3.56426670700547E-17;9.59977323199241E-17;0;0
9.45105391592339E-17;1.27225450846254E-16;0;0
5.66383350069934E-17;2.78222258603380E-17;0;0
4.70712146633348E-18;5.20586479544277E-17;0;0
7.63932768563047E-17;8.77569311107665E-17;0;0
2.16618889354762E-17;6.59438874399281E-17;0;0
1.01646315562847E-16;2.14540307487304E-17;0;0
5.92454934144170E-18;3.04674398471030E-17;0;0
3.23687480537147E-17;1.00065555379453E-16;0;0
3.98239158411738E-17;1.07871336100450E-16;0;0
4.17116041861311E-17;1.41800801077430E-17;0;0
4.53551229409794E-17;4.87334516853857E-16;0;0
1.16432726875890E-16;1.44454497853102E-16;0;0
7.63220193186230E-17;4.63904246898248E-16;0;0
4.12543887951415E-17;2.82871943419008E-16;0;0
2.77074423919696E-17;1.50646363090183E-16;0;0
1.51965554282293E-17;1.78107983753446E-18;0;0
3.68622679329937E-17;4.44479958647030E-17;0;0
4.22769841629475E-17;3.05067554678739E-16;0;0
9.93380779300205E-17;1.46235742418398E-16;0;0
7.98590980587204E-17;2.22457667121338E-16;0;0
4.47586226710474E-17;1.53367447655155E-16;0;0
8.25368612722663E-18;4.88899521623189E-16;0;0
8.52748202866395E-18;7.88882959241645E-17;0;0
8.19183399660097E-17;6.99764200688518E-17;0;0
5.77098607957578E-17;3.11237809487933E-17;0;0
9.96462669129643E-17;4.79540356711203E-16;0;0
8.58166217262905E-17;2.52193031039161E-16;0;0
2.29892020631645E-17;4.78208250415721E-16;0;0
1.06681291476442E-16;3.73473681538534E-16;0;0
5.08234836692127E-17;1.33754148290226E-17;0;0
8.04693342921039E-17;2.77164453503508E-16;0;0
5.51238321716195E-17;5.00467111845462E-16;0;0
1.39857004363679E-17;1.26237502089951E-17;0;0
4.39831688565618E-17;5.26535413708802E-17;0;0
5.91378271250245E-18;2.29347743826481E-16;0;0
5.76726314607342E-18;2.42099404128478E-16;0;0
1.77735010285782E-16;3.78292530014657E-16;0;0
1.03526825046071E-16;2.19454635435160E-17;0;0
5.05235526871864E-17;4.29657838132911E-16;0;0
6.64198730674367E-18;1.84870878870846E-16;0;0
4.87597364719833E-18;2.02105974902433E-16;0;0
9.13560809032277E-17;2.55798740322027E-16;0;0
7.32412994669825E-18;4.63139867391992E-17;0;0
1.11105573680304E-17;3.37074386296556E-16;0;0
5.70387787582224E-17;1.04623012169863E-16;0;0
7.87950376944557E-17;9.67639109762530E-17;0;0
5.05160645531124E-17;5.12408817246015E-16;0;0
4.62589055463760E-18;4.89599296106421E-16;0;0
1.16702202615519E-17;1.34702337410365E-16;0;0
2.84848709963205E-17;2.30548889289268E-16;0;0
4.48894724479155E-18;5.23356451798846E-16;0;0
1.21794133448044E-17;3.78138970916562E-17;0;0
9.13135800732255E-17;6.23770220387432E-16;0;0
5.95325915352472E-17;1.37129055169428E-16;0;0
8.78451841474211E-17;4.15747809316649E-17;0;0
1.77224558604477E-16;8.66475865942207E-17;0;0
1.90747596663378E-16;8.18153353085396E-17;0;0
1.09257837643116E-16;9.12398877269135E-17;0;0
1.30749675404863E-17;5.93040093197781E-16;0;0
4.35761640658340E-17;1.52531829052323E-16;0;0
7.19457006459284E-17;1.50310624843213E-16;0;0
4.02755087580084E-17;8.88341112446054E-17;0;0
7.54979519737804E-17;9.60814059303461E-17;0;0
3.83906968283581E-17;3.50955914842962E-16;0;0
3.70110807934648E-17;2.52992624092500E-16;0;0
1.75991229704043E-17;7.02413099083145E-17;0;0
8.79450472046865E-17;5.93350158673949E-17;0;0
4.99640073247197E-17;5.32685690957883E-16;0;0
1.03485733072347E-16;2.79155991614676E-16;0;0
7.22106683586794E-18;3.30613534271624E-16;0;0
1.46179371061543E-17;2.55170387793370E-16;0;0
6.95565270554830E-17;1.05723307601073E-17;0;0
6.70881857912061E-17;1.60529052755907E-16;0;0
4.50961955812454E-17;2.11155138302534E-16;0;0
1.59997971731079E-16;4.38346564090867E-16;0;0
1.02130273825330E-16;3.57895958530853E-16;0;0
1.04030413494368E-16;4.09420136567076E-17;0;0
5.85366504195240E-17;3.77716834992196E-16;0;0
5.07534925102981E-17;7.32745663910124E-17;0;0
1.86191425343122E-17;1.11601288408405E-17;0;0
7.09708293705217E-17;4.01670318753751E-16;0;0
6.59360888272759E-17;8.36593859235767E-17;0;0
1.17740119873455E-16;3.74259463208694E-16;0;0
2.15364974810068E-17;4.60386796145075E-16;0;0
1.57336772398036E-16;2.58050723265827E-16;0;0
1.93604164324503E-17;7.19066696568708E-17;0;0
2.13846851756288E-17;1.11425173465509E-16;0;0
3.66531916673589E-17;2.51304495504912E-16;0;0
3.38895330311627E-17;1.48942303405975E-16;0;0
2.57370568772692E-17;4.11754502521283E-17;0;0
1.00671907053987E-16;4.47342085305097E-17;0;0
7.11254389985774E-17;5.54036050858816E-17;0;0
1.15619017400744E-17;2.15112757188383E-16;0;0
7.15160274496211E-17;1.96661450430022E-16;0;0
2.15835832488232E-16;6.44485283444873E-17;0;0
1.60086879149034E-16;6.04755056892863E-16;0;0
2.99715009595714E-17;1.08790870544554E-16;0;0
1.03248468273349E-16;2.50711088856259E-16;0;0
7.80058386682883E-17;3.16859439291747E-16;0;0
4.62396824002366E-17;6.95152836379063E-17;0;0
7.55617335095087E-17;6.62009896465931E-17;0;0
4.17379449106441E-17;2.66287102899324E-16;0;0
1.50974200118555E-17;5.38715610337778E-16;0;0
9.76268929851749E-17;1.26769136749646E-16;0;0
5.18766904499288E-18;7.91176270849299E-18;0;0
2.98832570060803E-17;8.86978795757232E-17;0;0
2.95905981274141E-17;1.19413993805469E-17;0;0
4.10186547583517E-17;4.20461054625832E-17;0;0
2.10424373494660E-16;3.37227917587635E-17;0;0
1.26114990622932E-16;4.85973280122692E-17;0;0
4.98149455467350E-17;1.75484311981411E-17;0;0
4.70497041910109E-17;1.22011574297905E-17;0;0
1.03659469410847E-17;5.59733037768478E-17;0;0
5.20530952974760E-17;2.62116868376228E-16;0;0
5.27056611875258E-17;6.05537472301785E-17;0;0
6.76049542155177E-17;3.97090745482599E-16;0;0
1.31505258127476E-17;2.62220260956501E-16;0;0
6.77772638722799E-17;9.92737734398403E-17;0;0
5.10023627948275E-17;2.50997925697403E-16;0;0
8.19070475985765E-17;7.01667095238605E-17;0;0
9.15535762026343E-18;7.29877308987596E-17;0;0
2.28892283220032E-16;7.80828652153820E-17;0;0
1.37908641862903E-16;7.86425372423819E-18;0;0
1.30816201936838E-16;8.15676219470988E-17;0;0
3.44632024394708E-17;2.32679535782948E-16;0;0
2.73768181955033E-17;2.78743511623972E-17;0;0
1.33419880279171E-16;1.62034295649101E-16;0;0
1.13363693925659E-17;1.23237015926341E-16;0;0
7.28416362397589E-17;1.00972878139850E-16;0;0
6.76517179955839E-18;2.85502532732466E-16;0;0
3.59092921032225E-17;2.44440318465381E-17;0;0
5.27994446264370E-17;6.05143007178822E-17;0;0
4.86886527976896E-19;3.77314877673995E-16;0;0
1.46235830710526E-17;4.25128376553428E-16;0;0
5.09287947109509E-17;3.22911942218585E-16;0;0
6.03051963143977E-17;3.08372335775599E-16;0;0
3.59883218909164E-17;3.09450948732720E-16;0;0
1.71642686823441E-16;3.22515673636448E-17;0;0
1.24567414147199E-16;1.99069164872653E-17;0;0
2.53532262877452E-19;2.53449464702109E-17;0;0
3.59894851353878E-17;2.11216616628743E-16;0;0
5.08957350022592E-17;2.99765299279283E-16;0;0
5.18349972116479E-17;3.85950790783979E-18;0;0
3.33096307038301E-17;2.99043655893935E-17;0;0
1.74938481324348E-17;4.12774213335785E-17;0;0
8.93053681904950E-17;2.10086099482404E-16;0;0
5.16470877131469E-17;6.65987296761384E-17;0;0
7.76396641919525E-17;1.99186975367347E-16;0;0
1.72001224204668E-17;1.95176994000702E-16;0;0
2.00040734424816E-16;2.43529516782886E-16;0;0
1.52091700257175E-16;8.97010481924126E-17;0;0
2.10251501413694E-17;6.50486895346749E-17;0;0
1.25860091956494E-17;1.40667367027172E-16;0;0
1.30134347429643E-16;9.83944508847644E-17;0;0
4.23342208369149E-17;9.42148788781705E-17;0;0
4.62285354675763E-17;2.46503835771115E-16;0;0
8.08053073457981E-17;2.60566767190485E-17;0;0
5.44455183649044E-17;1.77161705231278E-16;0;0
4.00299495537846E-17;1.68939846644192E-16;0;0
1.41672723269312E-17;4.53563915960194E-17;0;0
9.62744897449947E-17;1.24040525428777E-16;0;0
1.22117388398410E-16;1.33568031507633E-16;0;0
5.81992293834380E-17;3.34565100778651E-16;0;0
7.91580831701564E-17;3.58598866033978E-16;0;0
8.25499941345982E-17;1.23043796710261E-16;0;0
1.66815794764165E-16;3.89765354340861E-17;0;0
5.52419288137313E-17;1.85510082875148E-16;0;0
1.69875053495163E-16;1.35737213153096E-16;0;0
4.10868850810235E-17;4.54339094043146E-17;0;0
8.37924713335011E-17;3.75543903545806E-16;0;0
1.60349081307615E-16;3.60790746810637E-17;0;0
8.24802865090520E-17;2.33993589432757E-16;0;0
3.28645692908951E-17;4.04941072403986E-17;0;0
3.91932913854942E-17;1.12208744314817E-17;0;0
3.00722790617233E-17;2.36418367880800E-16;0;0
1.23584709870761E-16;1.23486715788117E-16;0;0
2.24932114067724E-17;5.72715429539556E-17;0;0
1.31707622026506E-16;1.13757790566307E-16;0;0
2.54922859764898E-17;1.28302380103524E-16;0;0
1.01163047569208E-16;2.55041754309163E-17;0;0
6.16832758560084E-18;8.99878562747710E-17;0;0
1.51363576749965E-17;9.87560573312253E-17;0;0
8.29565308292536E-17;4.53272315321034E-16;0;0
6.52513233771039E-17;1.07070852541913E-16;0;0
8.07118607579602E-17;6.86247355321757E-17;0;0
1.65316782450063E-16;9.16691077725128E-17;0;0
4.03408775225523E-18;1.12852597630260E-16;0;0
1.11496019055825E-16;1.98292489155394E-16;0;0
1.60826093216776E-16;1.01632551061667E-16;0;0
2.11171262160052E-17;2.25589769882357E-16;0;0
9.22319714984782E-17;1.17728598812622E-16;0;0
1.12754961121653E-16;1.24859194785788E-16;0;0
2.43699051241078E-17;2.10235561929000E-16;0;0
9.43086774970343E-17;1.39038905386333E-16;0;0
2.25712248975890E-17;2.98312801199279E-17;0;0
1.70144040207563E-17;8.66813095242273E-17;0;0
1.23958469835352E-17;1.88106540093464E-16;0;0
8.55696252278143E-18;1.78874805093820E-16;0;0
1.49272670701126E-16;6.85332028351885E-17;0;0
6.23125665489043E-17;6.23584595959594E-16;0;0
5.23803694234400E-17;2.82466326807905E-17;0;0
4.94270510587495E-17;2.74926393419195E-16;0;0
2.39248977611695E-17;1.77584756644330E-16;0;0
3.25682056910801E-17;3.37557781122636E-16;0;0
7.70834444899904E-17;1.65394542416710E-16;0;0
5.24810732170010E-17;3.85870869109262E-16;0;0
7.00406139600590E-17;2.55120199984290E-16;0;0
6.60626495363798E-17;4.23657584427365E-16;0;0
1.01240701268764E-16;3.26327190804403E-16;0;0
1.29325769427121E-17;3.11448258575979E-18;0;0
1.08097488360292E-16;1.97516535359170E-17;0;0
1.61806072873551E-16;2.08272456287245E-16;0;0
1.53843931611824E-16;7.70764742364968E-18;0;0
1.19250496452526E-16;2.42139016800058E-16;0;0
7.40465720252736E-17;2.72919249287996E-17;0;0
1.56347668721649E-16;1.40710617529042E-18;0;0
8.22156700896583E-17;2.58733133825828E-17;0;0
1.55313713152995E-16;1.44222891174845E-16;0;0
4.43080445344399E-17;6.25795200793516E-17;0;0
2.49076708486640E-17;4.61335789481773E-16;0;0
2.21512432351819E-18;3.25859654703315E-16;0;0
8.71873426239043E-17;1.13554790925053E-16;0;0
1.63015928100116E-16;5.11763971939097E-17;0;0
4.27089066562922E-17;4.47015274094547E-20;0;0
4.59742660397839E-17;4.84616930838547E-16;0;0
7.33598505509790E-17;7.65098479833539E-18;0;0
8.96251840036382E-17;2.97632571459956E-16;0;0
6.12431114718243E-18;3.32806847062341E-17;0;0
2.57485598660307E-17;1.05309432979568E-16;0;0
1.11896975044703E-16;6.51353717889162E-17;0;0
8.21431054341536E-17;1.24340845035817E-16;0;0
1.24554619155765E-16;4.48910446283209E-18;0;0
7.83727188887519E-18;3.62381704554216E-16;0;0
4.53253002087130E-17;1.18890614005109E-16;0;0
2.20503414589188E-16;2.43263789226128E-16;0;0
2.42842085416408E-17;6.56726761920244E-17;0;0
6.00737270063624E-18;1.31233224364219E-16;0;0
3.36340754150473E-17;6.93482437119990E-17;0;0
6.78653043623905E-17;2.29490466148410E-16;0;0
5.28800463849616E-17;6.89001757988065E-17;0;0
1.32901475232883E-16;3.54464178791654E-16;0;0
8.39206746195717E-17;5.75595197443730E-18;0;0
5.87437599164790E-17;3.82769662150100E-17;0;0
2.60129324652342E-17;6.87672021705781E-17;0;0
1.28751443400916E-16;2.21819972286580E-16;0;0
1.22050791034936E-16;3.90978865827437E-16;0;0
1.08171423828034E-16;5.67209813895844E-17;0;0
4.04501255727668E-18;9.78018253303563E-18;0;0
1.04507609906498E-16;3.43413567527193E-16;0;0
8.80596439274162E-17;5.12927414844876E-16;0;0
1.07241136215980E-16;6.76466495498992E-17;0;0
1.05395086954470E-16;1.19549463935584E-17;0;0
1.06061828381631E-16;4.26634769584867E-17;0;0
1.72693331012997E-18;3.55831460207543E-16;0;0
6.45700681360563E-18;4.13733062511178E-17;0;0
5.05392749572883E-17;1.96817790102144E-16;0;0
1.67631918108174E-17;4.35375853628593E-16;0;0
1.01559883944894E-16;2.76152034836997E-16;0;0
4.61904684057031E-17;6.30565579979520E-17;0;0
6.85573573592369E-17;4.83344056843722E-17;0;0
4.26613119922425E-17;1.54435025476774E-16;0;0
7.54417076365304E-17;1.97896343679609E-16;0;0
1.33742972897139E-16;4.99689107623989E-17;0;0
1.45220783283868E-16;3.89888907335662E-17;0;0
7.90768233458472E-17;4.76248694552078E-17;0;0
4.17234496261801E-17;2.16785794916801E-16;0;0
7.27090207366478E-17;1.09667002052590E-17;0;0
7.76054310692952E-17;3.05806485521629E-16;0;0
4.15828941249656E-17;7.24728126568127E-17;0;0
4.16687076673045E-17;4.53316796253831E-17;0;0
6.79114022340912E-17;2.28241675654433E-16;0;0
8.88469535916014E-17;2.25487598152902E-16;0;0
1.02048566843680E-16;2.85033840080755E-17;0;0
9.09559412409666E-17;1.53552296366215E-16;0;0
1.41482101935077E-16;2.30171958319418E-16;0;0
4.26362247990094E-17;9.64377418277239E-17;0;0
1.65337705284460E-16;2.56931307951354E-17;0;0
7.61141951871899E-18;1.18200217526610E-16;0;0
2.14773315498250E-18;2.53038927687290E-17;0;0
8.90257123365491E-18;4.47415643331128E-17;0;0
3.48659614563482E-17;5.61562650209677E-17;0;0
1.32744943606897E-16;4.60746350467866E-17;0;0
1.20771054544454E-16;2.15972028129981E-17;0;0
2.54756690114928E-17;3.01573531214376E-17;0;0
3.43875444474157E-17;3.91644185007057E-16;0;0
4.00079846136787E-17;2.32131427491320E-17;0;0
4.92737207046909E-17;9.81441403878230E-17;0;0
6.06466831123855E-18;8.51249251429225E-16;0;0
8.83387574003032E-17;1.40613044473282E-16;0;0
2.80759433529352E-17;9.39798528534313E-17;0;0
6.85227071545573E-17;3.42550601223534E-16;0;0
3.71344021259753E-17;3.38045639605211E-16;0;0
6.41312828672202E-17;4.04270763184683E-16;0;0
3.86008031128895E-17;2.33452863399322E-16;0;0
9.91084512821523E-17;1.65228960135120E-16;0;0
5.76734384847723E-17;8.69817786684600E-17;0;0
7.72891179494661E-18;2.79400196157855E-16;0;0
4.44922361567021E-18;6.10321509226566E-16;0;0
1.08084573803272E-16;6.47997682118711E-17;0;0
1.66342557941309E-17;1.49243435441857E-17;0;0
7.41103578062729E-17;6.84187973310674E-17;0;0
1.33203302122476E-16;3.51144480792140E-17;0;0
1.46250668993649E-16;2.74685423538603E-16;0;0
9.59525816362385E-18;8.64643968053975E-17;0;0
5.81464315690669E-17;1.33914905723156E-16;0;0
6.41421245146572E-17;1.12827885443662E-16;0;0
6.40257681272926E-17;2.39117866401256E-16;0;0
4.52694547382222E-17;4.05592638092697E-17;0;0
2.65200901292117E-18;1.73637952030046E-16;0;0
9.83813491924541E-17;3.58895149711492E-17;0;0
7.15078168419574E-17;2.59199529517371E-16;0;0
4.09510141101147E-18;2.77348670662144E-17;0;0
7.24800935860060E-17;3.32363518247748E-16;0;0
1.77805723986012E-17;1.32862441864833E-16;0;0
9.16390981306104E-17;1.61007000622553E-16;0;0
1.13303197688827E-17;5.96417317937557E-17;0;0
5.82029543155675E-17;1.19179947143416E-16;0;0
9.22678382364623E-17;1.15387179749666E-16;0;0
8.31232224282910E-18;7.12803228026502E-17;0;0
2.26333971297162E-17;1.99698526997058E-16;0;0
1.30756732584119E-16;1.58815793726025E-17;0;0
7.43634005226001E-19;2.97340304351315E-16;0;0
4.53221635908012E-17;1.47073808666906E-16;0;0
3.87569042192533E-17;4.69164969511849E-17;0;0
2.73459379816869E-17;2.90232164358582E-16;0;0
3.34637157771932E-17;1.20233960646744E-16;0;0
3.75020123123125E-17;1.22694780594223E-16;0;0
1.52805831183285E-16;2.13131794442009E-16;0;0
2.87179568361723E-17;8.60956691175672E-17;0;0
4.36157416908545E-17;2.02218538222220E-16;0;0
2.96714103019529E-17;2.03653825572543E-16;0;0
1.28454443391937E-16;1.42548885555261E-16;0;0
9.02769626585817E-18;2.15856169402659E-16;0;0
4.93032805011170E-17;1.65367364199591E-16;0;0
2.68851855187387E-17;2.29848589941475E-16;0;0
1.36569372971945E-17;3.01424786820773E-16;0;0
1.43208872122634E-17;3.46772517366567E-16;0;0
1.97999197170576E-17;6.22145085241563E-17;0;0
3.57089926089227E-17;1.49380583350809E-17;0;0
1.29764074398154E-16;8.63248793123674E-18;0;0
2.63037407381293E-17;2.58589735350800E-16;0;0
2.03535537863284E-16;1.74467290509643E-17;0;0
6.72626852019059E-17;9.60361758111092E-17;0;0
6.14782992488459E-18;2.55903418320683E-17;0;0
1.15718173995551E-16;1.99052571382838E-16;0;0
9.76907011268296E-18;1.03538351620293E-16;0;0
1.35007784492577E-16;8.52381450418721E-17;0;0
1.07733093545961E-16;1.00272705201298E-16;0;0
9.99531729479602E-18;6.90602556551360E-17;0;0
2.91575245410531E-17;1.38119735813332E-16;0;0
1.00628178248266E-16;2.23103524949891E-16;0;0
7.85332856227189E-17;6.11497746937184E-17;0;0
1.77610287278455E-16;1.52838330346888E-16;0;0
5.20173821204137E-17;3.34480320387641E-17;0;0
7.85658424930607E-17;1.28149804669169E-16;0;0
2.09738374516491E-18;2.84780186593648E-17;0;0
9.28955002141719E-17;3.82608198552098E-16;0;0
1.20807287104379E-16;3.55085768652116E-16;0;0
1.22704268993608E-17;1.51569029793354E-16;0;0
1.34002823878325E-17;6.34115776523508E-18;0;0
1.75179852617588E-17;4.00643112792350E-17;0;0
1.47034725301547E-17;1.08489835950253E-17;0;0
1.18077050711330E-16;1.67809122276999E-17;0;0
1.62140606229392E-16;1.44733192096141E-16;0;0
1.15665335851141E-16;6.96766897165238E-17;0;0
1.59320679751192E-16;3.34133448797932E-16;0;0
2.71790889148473E-17;3.24168889457805E-17;0;0
2.38726059439718E-17;7.60971986908191E-17;0;0
4.85218174769820E-17;6.16966093656508E-17;0;0
3.19468928779666E-17;5.72514219268608E-17;0;0
2.99248985318958E-17;2.47075556967458E-16;0;0
3.91296337492709E-17;9.69320660020104E-17;0;0
9.25304797691378E-17;1.77584003453521E-17;0;0
6.86261754183628E-17;1.15926702908515E-16;0;0
1.62730835721340E-16;1.39269008724241E-16;0;0
3.25953385844310E-17;3.96252914339593E-16;0;0
1.14554781698250E-16;1.28168417566868E-16;0;0
5.99756624855235E-17;1.60850093748668E-16;0;0
2.53978378598700E-17;1.41514420163993E-16;0;0
1.02939533729047E-16;2.16698325883434E-16;0;0
3.98764914789083E-18;2.63318693777454E-16;0;0
1.68912517399613E-16;1.04185739301428E-16;0;0
4.18469444437641E-17;3.06360696425118E-17;0;0
1.10092681388578E-16;1.24134910508046E-16;0;0
1.72482812528163E-17;1.85093609821689E-16;0;0
2.58640527641353E-17;1.05848121431918E-16;0;0
1.14461327021340E-16;8.73482173767818E-17;0;0
1.37819708977966E-17;2.20415503380121E-16;0;0
1.49123830519257E-17;2.47851669998949E-17;0;0
8.48219167091482E-19;2.49020715109360E-16;0;0
8.44296612615728E-17;3.11969797935398E-17;0;0
2.49391585091675E-17;3.20481066633059E-16;0;0
6.79627827437201E-17;9.84066663730954E-17;0;0
1.13097086517209E-16;2.01687358626674E-16;0;0
1.05914557175759E-16;3.29544584377596E-16;0;0
4.66944838818717E-17;2.09758374167612E-16;0;0
1.01114028839634E-17;1.38723293913233E-16;0;0
9.68377061217138E-18;2.33860253649702E-16;0;0
5.92449307079229E-17;1.30013977227706E-16;0;0
2.07922925100837E-17;7.51562801128965E-17;0;0
5.58167606653103E-17;1.63164705576807E-16;0;0
1.40118260630418E-16;6.62112231068124E-17;0;0
8.98029880082680E-17;4.04224081013937E-17;0;0
1.42005517119955E-16;1.32733650001584E-16;0;0
2.37723556840085E-17;2.28800480500104E-16;0;0
2.45744477953344E-17;9.27428623664005E-17;0;0
6.55052487964753E-18;6.61573507034572E-17;0;0
3.59224822346631E-17;1.15020283969390E-16;0;0
9.73090498895429E-17;2.02005681811176E-16;0;0
6.85974147624549E-17;1.14111920633062E-16;0;0
1.53605678682655E-16;1.90438756014177E-16;0;0
7.11284909796067E-17;2.72105068520510E-17;0;0
5.46064726459026E-17;9.81836345659846E-17;0;0
1.43394554469975E-16;9.07862599838255E-17;0;0
1.71277987615906E-16;1.42423640088474E-17;0;0
4.73146842020666E-17;1.64757799280191E-17;0;0
5.83167203907334E-17;1.46497690749390E-16;0;0
2.50494436907499E-18;2.15182496757372E-18;0;0
7.00259417078453E-18;8.61188271174634E-17;0;0
2.89477748716573E-17;2.52958029424472E-17;0;0
1.36734165525066E-16;1.97540134709946E-16;0;0
4.54250175993846E-17;5.56828908704834E-18;0;0
1.74349550844558E-17;4.62716806617752E-17;0;0
1.21606551579055E-16;1.81033229287778E-16;0;0
3.14347607068023E-17;1.52883738002779E-16;0;0
2.44853333751125E-17;1.20015025474241E-16;0;0
1.51067171817452E-17;1.32605698355384E-16;0;0
3.63239957547545E-17;8.23036745947037E-17;0;0
6.10348926362846E-18;3.94114321191025E-17;0;0
2.36236895059069E-17;2.89107852127598E-17;0;0
2.83931222652790E-17;8.30752197066750E-17;0;0
1.08258023880116E-17;1.37681176498875E-17;0;0
5.30279634250745E-17;1.13119350205775E-16;0;0
9.64473958653527E-17;3.41856472282841E-17;0;0
1.64110125849127E-16;7.85070128052092E-17;0;0
1.38701901010097E-17;6.24548283653096E-17;0;0
8.10204504555237E-17;3.09594014327199E-17;0;0
7.83886631481067E-17;1.04354440031813E-16;0;0
9.07724125629404E-18;1.20222751565112E-16;0;0
5.96307889160699E-17;6.57572511408311E-17;0;0
5.98185156242126E-17;2.49806667680670E-17;0;0
1.00621383776295E-16;2.66213138673573E-17;0;0
1.02988967310768E-16;1.79607584509195E-17;0;0
1.78759748726920E-16;9.23891555331086E-17;0;0
2.68688800754830E-17;5.48150229402324E-17;0;0
1.07941136952742E-16;9.22879437762135E-17;0;0
2.08377608560110E-17;8.20368099548588E-18;0;0
1.58755445346650E-17;1.10585085852182E-16;0;0
2.31377731971939E-17;1.30070214626993E-16;0;0
3.92646435903698E-17;4.16578132820538E-18;0;0
8.22141499204187E-17;4.32947799661154E-17;0;0
9.47699247057490E-17;9.70164417534661E-17;0;0
9.62199798280000E-17;5.06265717023486E-17;0;0
3.54078188983197E-17;4.67557868751302E-17;0;0
1.31140180987169E-16;1.35638531937030E-16;0;0
8.16680578424069E-17;3.26274603850653E-17;0;0
1.03431807412965E-17;1.43423687531555E-16;0;0
4.08986151510545E-17;9.81630277303469E-18;0;0
5.83527820554175E-17;6.14661102884925E-17;0;0
3.10582833619433E-17;6.81100342359557E-17;0;0
1.78231817815868E-17;4.24304811198367E-17;0;0
7.96661853592088E-17;1.07056337874931E-17;0;0
6.08206962765326E-17;7.67433004309524E-17;0;0
9.97127533145260E-17;8.18738597797229E-18;0;0
5.30153449287455E-17;4.91799353930118E-17;0;0
1.29674683743463E-16;1.90452306959754E-17;0;0
8.00688739728228E-17;4.93213227428811E-17;0;0
8.01993898960747E-17;4.29418796608263E-17;0;0
1.06975667834122E-17;5.63543856002697E-17;0;0
8.27278700895501E-18;6.34228625117993E-17;0;0
1.89999735407104E-16;5.68092574811608E-17;0;0
1.72728100696504E-16;1.62042797385846E-16;0;0
6.31090772446984E-18;7.49313465205905E-17;0;0
1.27992746697832E-16;1.72649838585241E-17;0;0
5.04169948340571E-17;6.95010710610903E-17;0;0
6.64960574014935E-17;1.78461186496753E-17;0;0
1.19215321202269E-16;2.95316268254523E-17;0;0
4.34477375368956E-17;1.77148503508990E-17;0;0
2.07502800193100E-17;2.88359337342932E-17;0;0
9.69445047611734E-17;1.01607782916475E-17;0;0
5.88142137868803E-17;6.71241384190713E-17;0;0
7.20383536517371E-17;1.11427029097259E-16;0;0
8.21364081112734E-18;9.76666258372357E-17;0;0
1.83620785319559E-16;4.50204592656517E-17;0;0
2.00178624481536E-17;1.00567583601433E-17;0;0
4.30047185720154E-17;3.70603173410095E-17;0;0
5.33437958972765E-17;4.25808716095834E-17;0;0
9.43763181844629E-17;2.88939450155912E-17;0;0
3.59248783004452E-18;5.97187277892371E-17;0;0
1.27530972137154E-17;4.20041131699475E-18;0;0
1.69190303743656E-16;8.61128339099314E-17;0;0
4.33508037597354E-17;7.96462299263190E-17;0;0
2.04927291483161E-17;4.97630118478337E-17;0;0
1.37500410854257E-17;5.29419598157726E-17;0;0
7.14848622504149E-18;2.31654128104920E-17;0;0
4.98899847355899E-17;2.47252932878737E-16;0;0
1.08308138247465E-16;4.07847454104150E-17;0;0
3.53331110168177E-17;1.02292558561454E-16;0;0
5.07244729356795E-17;9.94529628036346E-17;0;0
1.77645704798126E-17;1.07188713370177E-18;0;0
7.27805770573446E-19;1.09700721563758E-16;0;0
8.84012048171048E-17;1.94884424305019E-17;0;0
5.96147101084043E-17;1.77785276786787E-16;0;0
9.38814608612440E-17;3.57447522548106E-17;0;0
2.87411969187611E-18;1.70275047565910E-17;0;0
4.31002717823797E-17;1.03496744338981E-16;0;0
3.72758794825043E-17;1.78910108703562E-17;0;0
1.12548121995148E-17;3.52807731124618E-17;0;0
2.98854001719768E-17;9.63239608104076E-18;0;0
7.50480350140337E-17;1.74756152741881E-17;0;0
;;0;0
;;0;0
;;0;0
;;0;0
;;0;0
;;0;0
;;0;0
;;0;0
;;0;0
;;0;0
;;0;0
;;0;0
;;0;0
;;0;0
;;0;0
;;0;0
;;0;0
;;0;0
;;0;0
;;0;0
;;0;0
;;0;0
;;0;0
;;0;0
;;0;0
;;0;0
;;0;0
;;0;0
;;0;0
;;0;0
;;0;0
;;0;0
;;0;0
;;0;0
;;0;0
;;0;0
;;0;0
;;0;0
;;0;0
;;0;0
;;0;0
;;0;0
;;0;0
;;0;0
;;0;0
;;0;0
;;0;0
;;0;0
;;0;0
;;0;0
;;0;0
;;0;0
;;0;0
;;0;0
;;0;0
;;0;0
;;0;0
;;0;0
;;0;0
;;0;0
;;0;0
;;0;0
;;0;0
;;0;0
;;0;0
;;0;0
;;0;0
;;0;0
;;0;0
;;0;0
;;0;0
;;0;0
;;0;0
;;0;0
;;0;0
;;0;0
;;0;0
;;0;0
;;0;0
;;0;0
;;0;0
;;0;0
;;0;0
;;0;0
;;0;0
;;0;0
;;0;0
;;0;0
;;0;0
;;0;0
;;0;0
;;0;0
;;0;0
;;0;0
;;0;0
;;0;0
;;0;0
;;0;0
;;0;0
;;0;0
;;0;0
;;0;0
;;0;0
;;0;0
;;0;0
;;0;0
;;0;0
;;0;0
;;0;0
;;0;0
;;0;0
;;0;0
;;0;0
;;0;0
;;0;0
;;0;0
;;0;0
;;0;0
;;0;0
;;0;0
;;0;0
;;0;0
;;0;0
;;0;0
;;0;0
;;0;0
;;0;0
;;0;0
;;0;0
;;0;0
;;0;0
;;0;0
;;0;0
;;0;0
;;0;0
;;0;0
;;0;0
;;0;0
;;0;0
;;0;0
;;0;0
;;0;0
;;0;0
;;0;0
;;0;0
;;0;0
;;0;0
;;0;0
;;0;0
;;0;0
;;0;0
;;0;0
;;0;0
;;0;0
;;0;0
;;0;0
;;0;0
;;0;0
;;0;0
;;0;0
;;0;0
;;0;0
;;0;0
;;0;0
;;0;0
;;0;0
;;0;0
;;0;0
;;0;0
;;0;0
;;0;0
;;0;0
;;0;0
;;0;0
;;0;0
;;0;0
;;0;0
;;0;0
;;0;0
;;0;0
;;0;0
;;0;0
;;0;0
;;0;0
;;0;0
;;0;0
;;0;0
;;0;0
;;0;0
;;0;0
;;0;0
;;0;0
;;0;0
;;0;0
;;0;0
;;0;0
;;0;0
;;0;0
;;0;0
;;0;0
1.11853490464823E-16;1.82072030334941E-16;0;0
3.92544302844135E-17;4.46427800542030E-16;0;0
3.44108609273294E-17;2.98691493967629E-16;0;0
4.84132569869713E-17;2.99937991804096E-16;0;0
3.55309047313755E-17;2.60190815230065E-16;0;0
1.26960784632194E-16;2.81544148149822E-17;0;0
1.32688788445709E-16;6.03244927745430E-16;0;0
1.42632651598802E-16;6.06151464284400E-18;0;0
9.65681075249026E-17;2.12913446422198E-16;0;0
1.02195054114439E-17;2.60853209421910E-16;0;0
7.17096426886751E-17;4.58638422429782E-17;0;0
2.06177427766863E-17;1.54378483691726E-16;0;0
3.12425804501543E-17;3.66276105355406E-16;0;0
2.66354903602048E-17;1.20973666852765E-16;0;0
1.52868338248566E-16;5.39591051000153E-17;0;0
1.80102286706418E-16;7.11006198490121E-17;0;0
4.99240543539449E-17;9.59900560687425E-17;0;0
6.17942561490401E-18;2.60423146002633E-17;0;0
3.01122261274948E-17;6.70895915368844E-17;0;0
6.39833801121506E-17;1.89443240074457E-16;0;0
1.56684519811257E-16;3.63256876045346E-16;0;0
4.51405892767675E-17;2.85228429990541E-16;0;0
1.60512241281909E-17;3.48390130082180E-16;0;0
5.78452166123763E-18;7.24601933737901E-16;0;0
4.90479775142386E-17;9.99825420004413E-17;0;0
5.42557191208756E-17;3.47835206739868E-16;0;0
2.92852567636767E-17;1.70745239652791E-16;0;0
7.87936666410981E-18;3.10151405088734E-16;0;0
1.27150563716440E-17;8.83224637991438E-17;0;0
9.20959361545737E-17;1.18060959380554E-16;0;0
1.78973345987381E-17;3.44250712144161E-17;0;0
5.80278219413238E-17;5.67506937153272E-17;0;0
5.73766088580469E-17;2.45198611563537E-16;0;0
8.72776181877630E-17;4.74176268385168E-17;0;0
1.07423769542585E-16;3.62435143374482E-17;0;0
2.51146519430229E-17;8.38732649779935E-16;0;0
1.36425405304873E-17;2.20477506207284E-16;0;0
5.27976169635007E-17;3.40766437246033E-17;0;0
1.14817888158203E-16;3.59219951223906E-16;0;0
5.74328928625337E-17;3.65619731490414E-16;0;0
1.39335322318782E-16;3.93839013654774E-17;0;0
6.63388529403542E-17;7.51283987543512E-16;0;0
8.27815307011833E-17;4.36496774792428E-16;0;0
1.16302186329373E-16;2.44819770744221E-16;0;0
1.57546847467852E-17;3.86670564613500E-16;0;0
9.20961476242540E-17;3.11005079666779E-16;0;0
4.44207570637145E-17;5.45128410179995E-17;0;0
8.09005934510931E-17;3.27257636636072E-16;0;0
2.76129139217473E-17;5.19165969763465E-17;0;0
3.12405190365294E-17;2.31577081947133E-17;0;0
1.01547904311017E-16;7.29843318779587E-18;0;0
1.00903652567906E-18;4.94631950861224E-16;0;0
1.00671547831199E-16;3.34857045964039E-16;0;0
6.86867410265273E-17;4.93428056569207E-16;0;0
1.52410724825121E-16;4.98574913772277E-16;0;0
1.04788237803978E-16;1.44218228166062E-16;0;0
7.36670618825195E-17;5.06079861369568E-17;0;0
9.50101231452867E-17;3.37446355442363E-16;0;0
9.88176483273962E-17;2.91440988955716E-16;0;0
3.60613479035932E-17;1.12142484828798E-16;0;0
6.54207433884143E-17;2.06312607169252E-17;0;0
1.34732007813542E-17;3.48398792504689E-16;0;0
9.24985113961963E-18;1.00092796753314E-16;0;0
5.40654151547495E-17;1.88771283059155E-16;0;0
3.87577436964161E-17;5.85609233376912E-17;0;0
4.40138891473662E-17;1.55350446000414E-16;0;0
5.66995274225700E-17;7.29494861924883E-17;0;0
8.63052998928225E-17;1.56871372013501E-16;0;0
3.17017762002784E-17;1.27705036644753E-16;0;0
1.77654234940493E-16;9.66721933891330E-18;0;0
2.58056208445730E-17;3.20804928208340E-16;0;0
1.15279053674090E-16;7.87915331588679E-17;0;0
6.41041905354739E-17;6.29293185687162E-17;0;0
1.31304990179287E-17;3.68082291500691E-16;0;0
4.71180708388440E-17;1.20344790770317E-16;0;0
5.86256759264111E-17;9.81165362077680E-17;0;0
5.00824863775950E-17;1.72868405940330E-16;0;0
1.07879831888620E-17;2.34574392234019E-16;0;0
8.90600710691825E-17;4.94176342587007E-16;0;0
1.07896158301929E-16;1.09512937146711E-16;0;0
6.80366429960381E-18;2.29659703381632E-16;0;0
5.81694378110040E-17;3.39362766501652E-16;0;0
6.70185483828946E-17;1.32216497154545E-17;0;0
1.14786954044109E-16;1.80437710962983E-17;0;0
7.70888527556786E-17;4.55521168977825E-17;0;0
6.03210993303493E-18;2.22850960709591E-17;0;0
4.40610410056662E-17;3.90473864970327E-16;0;0
5.57142819518200E-17;1.23887635662437E-16;0;0
3.71621285911353E-17;1.13151044962348E-16;0;0
6.95081286096491E-17;2.18011930165504E-16;0;0
1.33953677236602E-16;1.90100594203859E-16;0;0
5.36604784627461E-18;4.96500387349759E-18;0;0
1.37730739137740E-17;2.83956140825610E-16;0;0
7.33027961969710E-17;2.91816792470005E-16;0;0
1.19761095682154E-16;3.67652942883541E-16;0;0
1.14878239027304E-16;1.62220404722378E-16;0;0
4.50782855741412E-18;2.40719265387921E-16;0;0
1.50769294479827E-17;3.20540539938803E-16;0;0
9.11155726634632E-17;1.26071259243214E-17;0;0
7.30072825256892E-17;2.13725821513931E-17;0;0
3.00110237678869E-17;3.72512770503376E-16;0;0
7.38472593663127E-18;1.24483624568158E-16;0;0
3.20968830685027E-17;2.46126536410281E-17;0;0
2.49260454681271E-18;5.21685324226438E-17;0;0
8.45436968793104E-17;3.89079667025657E-16;0;0
9.68452092156989E-17;1.03143198347406E-16;0;0
7.73058146086612E-17;1.57569232468376E-16;0;0
2.26189982628013E-17;3.44563121709729E-17;0;0
1.08434212773138E-16;5.35112811009068E-17;0;0
1.22152846586637E-16;7.20956777629197E-17;0;0
1.14831833103560E-16;1.50701225333516E-17;0;0
2.83883673760936E-17;1.09286045442451E-16;0;0
2.77482873026620E-17;2.47419121339859E-16;0;0
4.38281615321876E-18;4.30075315094214E-17;0;0
9.91446747267430E-17;6.01088649558527E-17;0;0
6.15068590643031E-17;1.60142934885518E-16;0;0
1.10476417719769E-17;3.86392099660068E-17;0;0
1.58314825992025E-16;4.68946611480063E-17;0;0
1.49431130156757E-17;1.73710822526964E-16;0;0
4.73137438077915E-18;6.85311242022178E-17;0;0
3.20390949650727E-17;1.35486782926260E-16;0;0
2.64699625580130E-17;4.40743645363402E-17;0;0
4.84942836896666E-17;1.46046564418752E-16;0;0
1.25324980494447E-17;3.56155505688825E-16;0;0
1.14769806284911E-16;8.60041209268070E-18;0;0
1.25340597368580E-16;4.05618127838460E-17;0;0
5.16615258193861E-17;6.98047615366380E-16;0;0
1.12334420697712E-16;4.02177655974947E-16;0;0
5.18204956577998E-17;3.56392034606175E-17;0;0
1.64856082781155E-17;1.68554201824705E-16;0;0
8.68692126624622E-17;1.75492851961978E-16;0;0
5.93976734522956E-17;4.79328014991979E-17;0;0
5.53297150786527E-17;1.21239896827733E-16;0;0
3.86887297574165E-17;9.39047631157137E-18;0;0
6.01024441902800E-18;1.92150488783419E-17;0;0
2.52494223873331E-17;1.01610277575636E-16;0;0
8.63128809297790E-17;1.09798259745452E-16;0;0
8.03602506605817E-17;9.33959418499490E-17;0;0
5.97991554579089E-17;3.45338571237005E-16;0;0
8.63075087168464E-17;6.52015659253648E-17;0;0
5.24361696262827E-17;9.56715876683633E-17;0;0
7.46011199679167E-17;3.45394107131777E-16;0;0
1.10546821905504E-16;1.90475195686021E-17;0;0
2.10803235251281E-17;9.03213247603174E-17;0;0
9.79870897834542E-17;1.07885954695837E-17;0;0
2.74777105203961E-17;2.76709113769416E-16;0;0
4.06602834342350E-17;3.58511091919845E-17;0;0
4.99010986312458E-17;9.74172078769774E-17;0;0
3.29597430843688E-17;3.63125764283573E-16;0;0
2.79147202141948E-17;5.44559399434278E-17;0;0
5.68810090116845E-17;6.63336451096760E-17;0;0
1.60526560660248E-16;2.42344713531443E-16;0;0
6.65042711120133E-17;3.73830151751032E-16;0;0
1.76169220193137E-17;1.25803645623148E-16;0;0
4.99734259373607E-18;1.02414501210706E-16;0;0
1.23155720186466E-16;4.02845542277978E-16;0;0
5.82034556365281E-17;1.58821992757828E-16;0;0
1.68739607282997E-16;2.39901416156247E-16;0;0
2.04641645480219E-17;1.67369429182199E-16;0;0
1.42718231115694E-17;2.44906349912052E-17;0;0
5.38352465671487E-17;7.19388047338065E-16;0;0
6.76084415369552E-17;3.57844064927084E-17;0;0
3.20198582384763E-17;3.94366108481359E-17;0;0
7.78359452582059E-17;8.01268269549528E-17;0;0
1.01653669899570E-16;1.05058770254573E-16;0;0
2.69213863166064E-17;1.94311111992494E-17;0;0
3.24827985823021E-17;2.74531585769516E-16;0;0
1.86301686284089E-16;1.03013698943998E-16;0;0
3.79120201929903E-18;4.39030012541778E-16;0;0
1.09931319900948E-16;2.01966041345497E-17;0;0
1.54223433514811E-16;1.71022990295944E-17;0;0
9.29423320430462E-17;5.83725220468528E-17;0;0
1.00059320215866E-16;2.68734102782520E-17;0;0
2.60566446881208E-17;1.34355130622293E-16;0;0
5.70528565681387E-17;3.47178400464953E-16;0;0
1.99881618962247E-16;3.70804946014524E-17;0;0
2.60371051151005E-18;7.44668401111280E-17;0;0
6.70550386609039E-18;8.97999989286906E-17;0;0
2.05573013216873E-17;4.38552834524639E-17;0;0
1.57537127396793E-16;1.20192787702908E-16;0;0
4.48137787272817E-17;7.19739961009353E-16;0;0
6.17061483782609E-17;7.74022357433927E-17;0;0
9.37447255739230E-17;2.35681380763492E-17;0;0
4.93642301750835E-17;1.94206875684892E-16;0;0
8.31523333975253E-17;5.10150109775250E-16;0;0
2.04430662276149E-16;9.22058049077028E-17;0;0
5.13542525570662E-17;5.44443789697404E-17;0;0
6.45559420731492E-17;1.71806232011850E-16;0;0
2.87472423198763E-17;3.39141480391986E-16;0;0
4.79960350920948E-17;8.36414632895499E-18;0;0
2.52034589758711E-17;2.86973379539590E-16;0;0
4.47875609323111E-18;2.46643791633066E-16;0;0
3.41252345847329E-17;5.26048667336080E-17;0;0
7.88596308486232E-17;4.94517782126851E-17;0;0
3.81200607632432E-17;1.52447290094830E-16;0;0
2.60531878522656E-18;5.32814228496414E-17;0;0
9.70015542736873E-19;3.19277993015653E-17;0;0
1.23657156424238E-16;5.91425705151262E-17;0;0
6.58460205743438E-17;3.68071272243158E-16;0;0
1.43020598561337E-16;1.42429033132528E-16;0;0
6.70204912248365E-17;4.94934012177268E-17;0;0
2.07833729158563E-18;1.09488229159619E-16;0;0
8.70505292038550E-17;6.90566411034632E-17;0;0
2.92672967315074E-17;2.54770384165222E-17;0;0
8.17764799505377E-17;4.98974462015030E-17;0;0
3.73609986023042E-18;1.13649042887308E-17;0;0
1.67007175226674E-16;1.87583950883715E-18;0;0
8.89501678522609E-17;1.80849982921344E-17;0;0
3.25449961289843E-18;2.67161604608108E-17;0;0
2.16487464224765E-17;2.73588088708390E-17;0;0
1.41470555289353E-16;1.79189357809677E-16;0;0
5.82185912689003E-17;8.19367093669763E-17;0;0
2.58317669209878E-17;7.49610388530541E-17;0;0
7.82492451447530E-18;1.53755973199689E-17;0;0
1.07256155283284E-16;5.83287108051090E-17;0;0
6.49175750684306E-17;3.22487227200743E-17;0;0
5.53512142233975E-18;1.33103751986218E-16;0;0
3.53935553560297E-17;1.59800074113090E-17;0;0
1.53643055899990E-16;3.45431581502190E-17;0;0
2.43906416202904E-17;1.86474325283042E-16;0;0
1.48528523741326E-17;1.78621737959531E-17;0;0
2.34002282741743E-17;7.96448624712987E-17;0;0
1.97054242140199E-17;7.52714184652756E-17;0;0
7.11614760866143E-17;1.45313401663754E-17;0;0
2.23909203701550E-17;2.90267878215923E-17;0;0
4.25139397655064E-17;1.55856452379703E-16;0;0
2.51440905940845E-17;1.22710991664326E-16;0;0
1.14510487939857E-16;4.62372680045430E-17;0;0
2.32251307498037E-17;7.95533408672304E-17;0;0
5.79083734864866E-17;5.37036623848214E-17;0;0
7.40890282373895E-17;7.28430104662521E-18;0;0
1.77797755510725E-16;3.78676380065291E-17;0;0
6.05357840438980E-17;4.34016015686551E-17;0;0
5.29886142784236E-17;2.14182028077223E-17;0;0
6.97798253511060E-18;3.45794458345483E-18;0;0
3.51353634207651E-17;1.32153170185039E-16;0;0
2.92945805239143E-17;2.30661553292775E-17;0;0
9.34929732591968E-17;1.19386403082625E-16;0;0
1.11498099235534E-16;5.48412977320042E-17;0;0
2.93208709961644E-17;1.08084405308158E-17;0;0
3.47429170656135E-17;2.45943736921909E-17;0;0
7.86172557451435E-17;4.49717247465707E-17;0;0
7.01955256606017E-17;8.69049538421031E-18;0;0
1.55313218029470E-16;4.03252872568089E-17;0;0
1.69840245769020E-16;6.71202580749164E-17;0;0
7.85544832531585E-17;9.09665746520347E-17;0;0
1.01350656833335E-17;1.13052233492220E-16;0;0
1.72838969497562E-17;8.03783598841956E-17;0;0
8.04989647070747E-17;1.25143220951546E-16;0;0
2.05537676151213E-17;1.06404674955535E-17;0;0
2.61365301031608E-17;3.79708444250675E-18;0;0
7.87206341495495E-17;1.33033340995926E-16;0;0
5.66499481738437E-17;1.20389773674418E-16;0;0
2.27092231041042E-17;1.33181133600119E-16;0;0
3.89162021581243E-17;8.54184030754557E-17;0;0
1.68288540150932E-16;5.61038492560349E-17;0;0
4.84126091115150E-17;8.04703354111084E-17;0;0
8.02237605565266E-17;2.08143985269657E-17;0;0
9.11181774404553E-17;1.15406089366225E-17;0;0
1.63930622755499E-17;2.96308044597071E-17;0;0
8.09095783222380E-17;6.00236878467551E-17;0;0
9.96521999207616E-17;5.71080147795873E-17;0;0
9.95419931842359E-17;1.11565017180402E-16;0;0
1.69276890607437E-16;7.25119146428623E-17;0;0
6.93118391412380E-17;8.26284768939039E-17;0;0
4.20466499114623E-17;1.98602109557654E-16;0;0
5.00010118956047E-17;2.90377773355713E-17;0;0
7.03063117960870E-17;6.29751546350658E-17;0;0
8.03422474462962E-17;4.32968618686532E-17;0;0
7.74077460586974E-18;7.81046087420688E-17;0;0
7.55099597823390E-17;2.65826548864174E-17;0;0
4.38656889706759E-17;8.38434687130246E-17;0;0
7.24604768896273E-17;3.72848511364755E-17;0;0
3.12946485500570E-17;4.99875213867585E-17;0;0
6.02550949567489E-17;7.04707420250227E-17;0;0
7.64639324147202E-17;7.91033771133500E-17;0;0
9.86363619317335E-17;1.27710761934121E-16;0;0
7.90013982995533E-17;1.97763308103901E-16;0;0
1.68289456732822E-17;8.15327540677477E-17;0;0
1.45129561294271E-16;4.26311162953530E-17;0;0
1.03853880635892E-16;1.33425343019589E-16;0;0
2.37808689466408E-17;5.69761764018038E-17;0;0
1.14465033984983E-16;2.17576834861352E-17;0;0
4.03636547991792E-17;4.19267568051425E-17;0;0
1.45995281289054E-16;1.02837767793977E-16;0;0
1.63422927388412E-16;6.93706541993021E-17;0;0
4.95174203607636E-17;2.72462344062437E-19;0;0
2.64478824761677E-17;6.15971025958879E-17;0;0
1.24674087784321E-16;1.06640155531004E-16;0;0
1.68287843192919E-17;2.67646126729539E-17;0;0
1.56343893333824E-17;8.73254099481967E-17;0;0
1.16634380915623E-16;1.15928425637897E-17;0;0
1.68728140760769E-16;1.17754490554140E-17;0;0
2.15107743163649E-19;7.57972020083014E-17;0;0
1.10442090286035E-16;1.09999813927341E-16;0;0
2.51148204493524E-17;4.43311056422568E-17;0;0
4.78851376472270E-17;1.94740915382994E-17;0;0
7.98285807376355E-18;4.63434849506696E-18;0;0
6.45156802674785E-17;4.34000511618162E-17;0;0
9.60537433857474E-17;1.87333645561063E-17;0;0
;;0;0
;;0;0
;;0;0
;;0;0
;;0;0
;;0;0
;;0;0
;;0;0
;;0;0
;;0;0
;;0;0
;;0;0
;;0;0
;;0;0
;;0;0
;;0;0
;;0;0
;;0;0
;;0;0
;;0;0
;;0;0
;;0;0
;;0;0
;;0;0
;;0;0
;;0;0
;;0;0
;;0;0
;;0;0
;;0;0
;;0;0
;;0;0
;;0;0
;;0;0
;;0;0
;;0;0
;;0;0
;;0;0
;;0;0
;;0;0
;;0;0
;;0;0
;;0;0
;;0;0
;;0;0
;;0;0
;;0;0
;;0;0
;;0;0
;;0;0
;;0;0
;;0;0
;;0;0
;;0;0
;;0;0
;;0;0
;;0;0
;;0;0
;;0;0
;;0;0
;;0;0
;;0;0
;;0;0
;;0;0
;;0;0
;;0;0
;;0;0
;;0;0
;;0;0
;;0;0
;;0;0
;;0;0
;;0;0
;;0;0
;;0;0
;;0;0
;;0;0
;;0;0
;;0;0
;;0;0
;;0;0
;;0;0
;;0;0
;;0;0
;;0;0
;;0;0
;;0;0
;;0;0
;;0;0
;;0;0
;;0;0
;;0;0
;;0;0
;;0;0
;;0;0
;;0;0
;;0;0
;;0;0
;;0;0
;;0;0
;;0;0
;;0;0
;;0;0
;;0;0
;;0;0
;;0;0
;;0;0
;;0;0
;;0;0
;;0;0
;;0;0
;;0;0
;;0;0
;;0;0
;;0;0
;;0;0
;;0;0
;;0;0
;;0;0
;;0;0
;;0;0
;;0;0
;;0;0
;;0;0
;;0;0
;;0;0
;;0;0
;;0;0
;;0;0
;;0;0
;;0;0
;;0;0
;;0;0
;;0;0
;;0;0
;;0;0
;;0;0
;;0;0
;;0;0
;;0;0
;;0;0
;;0;0
;;0;0
;;0;0
;;0;0
;;0;0
;;0;0
;;0;0
;;0;0
;;0;0
;;0;0
;;0;0
;;0;0
;;0;0
;;0;0
;;0;0
;;0;0
;;0;0
;;0;0
;;0;0
;;0;0
;;0;0
;;0;0
;;0;0
;;0;0
;;0;0
;;0;0
;;0;0
;;0;0
;;0;0
;;0;0
;;0;0
;;0;0
;;0;0
;;0;0
;;0;0
;;0;0
;;0;0
;;0;0
;;0;0
;;0;0
;;0;0
;;0;0
;;0;0
;;0;0
;;0;0
;;0;0
;;0;0
;;0;0
;;0;0
;;0;0
;;0;0
;;0;0
;;0;0
;;0;0
;;0;0
;;0;0
;;0;0
;;0;0
;;0;0
;;0;0
;;0;0
;;0;0
;;0;0
;;0;0
;;0;0
;;0;0
;;0;0
;;0;0
;;0;0
;;0;0
;;0;0
;;0;0
;;0;0
;;0;0
;;0;0
;;0;0
;;0;0
;;0;0
;;0;0
;;0;0
;;0;0
;;0;0
;;0;0
;;0;0
;;0;0
;;0;0
;;0;0
;;0;0
;;0;0
;;0;0
;;0;0
;;0;0
;;0;0
;;0;0
;;0;0
;;0;0
;;0;0
;;0;0
;;0;0
;;0;0
;;0;0
;;0;0
;;0;0
;;0;0
;;0;0
;;0;0
;;0;0
;;0;0
;;0;0
;;0;0
;;0;0
;;0;0
;;0;0
;;0;0
;;0;0
;;0;0
;;0;0
;;0;0
;;0;0
;;0;0
;;0;0
;;0;0
;;0;0
;;0;0
;;0;0
;;0;0
;;0;0
;;0;0
;;0;0
;;0;0
;;0;0
;;0;0
;;0;0
;;0;0
;;0;0
;;0;0
;;0;0
;;0;0
;;0;0
;;0;0
;;0;0
;;0;0
;;0;0
;;0;0
;;0;0
;;0;0
;;0;0
;;0;0
;;0;0
;;0;0
;;0;0
;;0;0
;;0;0
;;0;0
;;0;0
;;0;0
;;0;0
;;0;0
;;0;0
2.38300817668769E-17;3.28260066590417E-16;0;0
9.28736613869558E-18;1.76348021069397E-16;0;0
1.67056463561550E-16;1.37137847486026E-16;0;0
8.88052752919325E-17;3.52254319392405E-16;0;0
1.45708923833414E-17;1.19266727766047E-16;0;0
6.54874341922765E-18;8.69381991195754E-17;0;0
4.51777133230301E-17;1.02622016612490E-16;0;0
1.60638233875415E-17;1.13025665026741E-16;0;0
8.82573042659353E-17;5.55366403589845E-16;0;0
3.36371370844988E-17;1.48180256801566E-17;0;0
2.94062665398034E-17;3.20058277668402E-16;0;0
1.09482530296429E-16;3.85661590797030E-16;0;0
8.36553960098093E-17;1.98208986645587E-16;0;0
3.76323690270553E-17;9.21375366201377E-17;0;0
5.03303919151832E-18;3.64474293418100E-16;0;0
7.46511927823812E-17;6.36285923613912E-17;0;0
7.62593885836284E-17;5.78043852686717E-16;0;0
8.82282033604274E-17;7.47578077995161E-16;0;0
7.65022042081715E-17;1.94260508301815E-17;0;0
5.51631447818655E-17;3.12754137140109E-16;0;0
2.70417424991090E-17;5.39276606541970E-16;0;0
2.90763010681319E-17;5.25061572138487E-16;0;0
4.80920415994510E-17;3.55882977722960E-16;0;0
3.83208757918947E-17;1.62997986636719E-16;0;0
4.74439248223455E-17;1.21046273684784E-16;0;0
8.81205390733562E-17;1.14788410980262E-16;0;0
6.28400460603831E-17;3.12038594736274E-16;0;0
1.82256275928662E-16;2.99802694861183E-17;0;0
2.02035883593894E-16;6.44110186177005E-17;0;0
1.90908974852926E-16;3.44194111465206E-16;0;0
7.89121645266864E-17;1.34049531106285E-16;0;0
5.93349423338243E-17;2.96214495559721E-16;0;0
5.76500887707095E-17;4.00202757491266E-17;0;0
1.71033016444840E-17;4.43880369260657E-16;0;0
3.19114609290288E-17;4.49051093498554E-16;0;0
5.45008946731981E-17;3.72324558639909E-16;0;0
1.59139670580894E-16;5.63391925494213E-17;0;0
1.51021411076947E-19;7.00333470926821E-16;0;0
9.17966638929977E-18;3.14967077261052E-16;0;0
5.51207077793191E-17;6.04869337327511E-16;0;0
1.15724187558684E-16;8.86309644327710E-17;0;0
7.42219757657555E-17;3.67862779746866E-16;0;0
9.53807412936854E-17;1.13809061636107E-16;0;0
4.20287495015622E-17;6.10761554268887E-16;0;0
1.27816661916641E-16;3.03261411996198E-17;0;0
1.07048685326650E-16;9.19796023329244E-17;0;0
6.11349118295421E-17;1.50524230483332E-16;0;0
1.23437251588946E-16;4.32868485246205E-16;0;0
1.53836969841867E-16;6.94827211094120E-17;0;0
4.05112046143720E-17;1.97681830761219E-17;0;0
9.84850737006959E-17;1.92454530421240E-18;0;0
6.31121712250248E-17;2.12535391382394E-16;0;0
1.38048350394317E-16;3.44018288926906E-16;0;0
5.42687962699635E-17;1.69196960232037E-16;0;0
9.95184128911759E-17;9.38990229537077E-17;0;0
1.85260123429385E-17;7.76264194832495E-17;0;0
2.68189959862122E-17;3.14347303770969E-16;0;0
9.01857904572910E-17;7.57166620469355E-17;0;0
1.00280351662403E-16;9.45227548438531E-16;0;0
1.13005374418051E-16;2.21257598873295E-19;0;0
1.30820765230034E-16;1.30537493222830E-16;0;0
8.48664718591871E-17;3.75970283703050E-16;0;0
5.28186996702811E-17;2.10262715277320E-16;0;0
9.12445146289932E-17;1.37751617149745E-16;0;0
4.98258277046559E-17;4.54371545767523E-17;0;0
6.40873304862756E-18;1.08734983743047E-16;0;0
8.42864129832645E-17;1.95604342489865E-16;0;0
3.38175571378498E-17;2.73056279200230E-16;0;0
3.18383300709709E-17;3.83226516516397E-17;0;0
1.01837780537625E-16;4.75984826473401E-16;0;0
4.78130240503111E-17;4.96028151354375E-16;0;0
6.11313558160638E-17;6.05458891249373E-17;0;0
1.67926249980777E-16;2.21061598851751E-16;0;0
2.58965545979419E-17;2.62217332834350E-16;0;0
1.05156373562823E-16;2.65906644510864E-16;0;0
1.57402363695853E-16;3.29890168308721E-16;0;0
1.52472729221992E-16;1.74609314201262E-17;0;0
1.71059690052819E-16;1.63255195896799E-16;0;0
8.83872667259525E-17;3.25511812720226E-16;0;0
8.17855837640582E-17;4.46317243077260E-16;0;0
9.67897832097044E-17;3.29835685018446E-16;0;0
2.97625938853644E-17;2.96329141691276E-16;0;0
4.46164264484917E-17;4.08983412140716E-16;0;0
8.00042314157451E-18;5.23141801520770E-16;0;0
8.14865124986158E-17;2.74868748397197E-16;0;0
7.02198335612556E-17;6.40499807192410E-17;0;0
5.21309369498499E-17;2.85830423732156E-16;0;0
2.00814803697523E-17;1.76453571992429E-18;0;0
2.70482948340559E-17;5.07419396191835E-17;0;0
9.81869731848706E-17;5.13827162214238E-16;0;0
6.38079629856074E-17;2.11647143134136E-16;0;0
2.11654798250304E-17;2.58146272573786E-16;0;0
3.47480136521990E-17;9.69033903281425E-18;0;0
5.91426399307570E-17;5.19563986571024E-17;0;0
2.73766624523250E-17;9.75444305243220E-19;0;0
1.35977503451000E-17;1.07592431367844E-18;0;0
3.02945724304923E-17;2.04561290130664E-17;0;0
7.85917947418330E-17;1.01561036552338E-16;0;0
1.03755912171591E-16;1.10302361550840E-16;0;0
3.09662460200664E-17;1.10339841401557E-16;0;0
2.94679269697611E-17;6.04107581686829E-18;0;0
1.02936096866130E-16;7.01362312190091E-17;0;0
9.52364343661582E-17;3.49367952885905E-17;0;0
6.58351287821844E-17;8.38185330987063E-17;0;0
4.20973287670438E-17;2.10181300306738E-17;0;0
4.59034185232241E-17;3.33796093619292E-17;0;0
2.77869084769483E-17;1.15348156758937E-16;0;0
1.37289001315301E-16;4.92649087919202E-17;0;0
1.27918340055036E-16;1.31120509692043E-16;0;0
3.10172784433856E-17;1.95755324900945E-17;0;0
8.13449669628481E-17;2.70965487860743E-17;0;0
8.50082598989046E-17;6.65109303958355E-17;0;0
5.98954034124880E-17;6.15848251279245E-17;0;0
1.01974648669358E-16;1.42066365059681E-16;0;0
1.21131088547972E-16;4.17063410304348E-17;0;0
2.21130507194379E-17;8.05088076112750E-18;0;0
2.09656124324117E-17;1.27486781926029E-16;0;0
7.32731330771709E-17;1.75568379268591E-17;0;0
1.30939535680139E-16;8.10151608756777E-17;0;0
1.11949284438082E-16;1.13076119878369E-16;0;0
1.01969344512621E-16;1.14526315761277E-16;0;0
2.96525463697850E-17;7.21092693806263E-17;0;0
6.82984199093759E-17;8.05940264686081E-17;0;0
4.40436758210704E-17;4.94610015658317E-17;0;0
3.31792550572231E-17;2.79674292198108E-17;0;0
6.56241885603768E-17;1.49587164000317E-16;0;0
6.50689208668509E-17;5.45226822906113E-17;0;0
3.62220619356172E-17;3.02207074694871E-17;0;0
4.42407101608682E-17;2.30524228799202E-18;0;0
1.90461462622933E-16;9.48486412235462E-17;0;0
7.52815487805778E-17;7.23946528790166E-17;0;0
4.75471839486933E-18;3.91100619171083E-17;0;0
2.34977403454967E-17;6.31390585685714E-17;0;0
7.16020176905656E-18;7.03273139515454E-17;0;0
9.53948876512249E-17;1.09208913630108E-16;0;0
7.30408034693029E-17;8.83466532329872E-17;0;0
2.49210800712867E-17;8.88421063636489E-17;0;0
2.03911189975645E-17;1.09342760068151E-17;0;0
6.44868336168467E-17;1.20158704352182E-16;0;0
5.45785921416445E-17;8.09540677044433E-17;0;0
7.91547836885087E-17;4.60304664981149E-17;0;0
9.11695304157750E-17;5.79450947028685E-18;0;0
5.22157902284056E-18;7.28120212642225E-17;0;0
1.29341968144563E-17;2.20775259458571E-17;0;0
1.12361582630911E-17;1.41748393381515E-16;0;0
3.80523057790599E-17;6.28320062795468E-17;0;0
5.29467476172746E-17;1.50574040698179E-16;0;0
3.87010169487510E-17;7.77546584454202E-17;0;0
1.59020192106269E-17;4.80093032990236E-17;0;0
1.00550809873832E-16;9.01689449637434E-17;0;0
2.90160332321937E-17;3.69839157863241E-17;0;0
4.60851974382029E-17;5.63438906267226E-17;0;0
1.16876555246793E-16;4.83809496143497E-17;0;0
3.31485896311652E-17;2.56354902925344E-17;0;0
1.37810718994744E-16;2.69451297399847E-17;0;0
1.14038304846031E-16;8.53636733479445E-17;0;0
3.62513091164858E-17;7.86762232048272E-17;0;0
8.36965535880453E-17;2.19887802072311E-17;0;0
1.29012091079307E-16;9.06047502090257E-17;0;0
2.00851098446985E-16;2.57966362691785E-16;0;0
1.36883285248421E-16;3.26474299183955E-17;0;0
8.49641048746133E-17;8.34696594641145E-19;0;0
1.09559650737810E-16;1.57612517444270E-16;0;0
6.58134020325424E-17;8.28772684905072E-17;0;0
1.42861017401398E-16;8.03643313581575E-19;0;0
5.62343105796028E-17;1.28790699499162E-17;0;0
5.41783886673241E-17;1.17363945045796E-17;0;0
1.06910354639861E-16;1.07557119840501E-17;0;0
1.91025357701007E-18;1.11257170850593E-16;0;0
7.31613516186527E-17;1.29703018774048E-16;0;0
4.78925286124021E-17;6.05306749903279E-17;0;0
8.63148719383517E-17;1.51845602078955E-17;0;0
8.52219237184800E-17;1.27642449866971E-16;0;0
3.14254943966157E-17;1.43479079665384E-17;0;0
3.92888237710940E-18;2.08223249126400E-18;0;0
4.08243986562802E-17;1.38861893598583E-17;0;0
1.15466091407354E-16;1.34969571448875E-16;0;0
1.38685658618271E-16;2.74764383460142E-17;0;0
2.87495693025978E-17;5.02529369723016E-17;0;0
1.37021997477199E-16;6.00117871546700E-17;0;0
1.23981817278782E-16;2.60454144768813E-17;0;0
3.37109701760166E-18;4.53270896079942E-17;0;0
2.83195160163437E-17;1.74356902793461E-17;0;0
4.61443825884092E-17;8.70774296004264E-17;0;0
1.76284481242718E-16;7.42386793479412E-17;0;0
3.40534424856774E-18;3.19085765117186E-17;0;0
6.64924443653115E-17;1.22442892588961E-16;0;0
7.42417362487544E-17;2.57408577242887E-18;0;0
8.05555944533935E-17;2.00087638854582E-17;0;0
1.05067073107445E-16;6.63986993617950E-18;0;0
2.04575547715624E-17;1.61120284550322E-18;0;0
8.01131917909282E-17;1.05101761149521E-16;0;0
1.09459015557112E-16;2.32156621778413E-17;0;0
3.37520772603916E-18;1.61856025602008E-17;0;0
1.42627195932948E-17;6.73624199239880E-17;0;0
1.60864191217024E-16;9.78581257152272E-17;0;0
3.85177897954504E-17;5.04261908538704E-17;0;0
6.88012713354349E-17;1.05977701288996E-16;0;0
6.03183033661250E-17;1.20924591761900E-16;0;0
1.03559526785974E-17;3.20476229258309E-17;0;0
;;0;0
;;0;0
;;0;0
;;0;0
;;0;0
;;0;0
;;0;0
;;0;0
;;0;0
;;0;0
;;0;0
;;0;0
;;0;0
;;0;0
;;0;0
;;0;0
;;0;0
;;0;0
;;0;0
;;0;0
;;0;0
;;0;0
;;0;0
;;0;0
;;0;0
;;0;0
;;0;0
;;0;0
;;0;0
;;0;0
;;0;0
;;0;0
;;0;0
;;0;0
;;0;0
;;0;0
;;0;0
;;0;0
;;0;0
;;0;0
;;0;0
;;0;0
;;0;0
;;0;0
;;0;0
;;0;0
;;0;0
;;0;0
;;0;0
;;0;0
;;0;0
;;0;0
;;0;0
;;0;0
;;0;0
;;0;0
;;0;0
;;0;0
;;0;0
;;0;0
;;0;0
;;0;0
;;0;0
;;0;0
;;0;0
;;0;0
;;0;0
;;0;0
;;0;0
;;0;0
;;0;0
;;0;0
;;0;0
;;0;0
;;0;0
;;0;0
;;0;0
;;0;0
;;0;0
;;0;0
;;0;0
;;0;0
;;0;0
;;0;0
;;0;0
;;0;0
;;0;0
;;0;0
;;0;0
;;0;0
;;0;0
;;0;0
;;0;0
;;0;0
;;0;0
;;0;0
;;0;0
;;0;0
;;0;0
;;0;0
;;0;0
;;0;0
;;0;0
;;0;0
;;0;0
;;0;0
;;0;0
;;0;0
;;0;0
;;0;0
;;0;0
;;0;0
;;0;0
;;0;0
;;0;0
;;0;0
;;0;0
;;0;0
;;0;0
;;0;0
;;0;0
;;0;0
;;0;0
;;0;0
;;0;0
;;0;0
;;0;0
;;0;0
;;0;0
;;0;0
;;0;0
;;0;0
;;0;0
;;0;0
;;0;0
;;0;0
;;0;0
;;0;0
;;0;0
;;0;0
;;0;0
;;0;0
;;0;0
;;0;0
;;0;0
;;0;0
;;0;0
;;0;0
;;0;0
;;0;0
;;0;0
;;0;0
;;0;0
;;0;0
;;0;0
;;0;0
;;0;0
;;0;0
;;0;0
;;0;0
;;0;0
;;0;0
;;0;0
;;0;0
;;0;0
;;0;0
;;0;0
;;0;0
;;0;0
;;0;0
;;0;0
;;0;0
;;0;0
;;0;0
;;0;0
;;0;0
;;0;0
;;0;0
;;0;0
;;0;0
;;0;0
;;0;0
;;0;0
;;0;0
;;0;0
;;0;0
;;0;0
;;0;0
;;0;0
;;0;0
;;0;0
;;0;0
;;0;0
;;0;0
;;0;0
;;0;0
;;0;0
;;0;0
;;0;0
;;0;0
;;0;0
;;0;0
;;0;0
;;0;0
;;0;0
;;0;0
;;0;0
;;0;0
;;0;0
;;0;0
;;0;0
;;0;0
;;0;0
;;0;0
;;0;0
;;0;0
;;0;0
;;0;0
;;0;0
;;0;0
;;0;0
;;0;0
;;0;0
;;0;0
;;0;0
;;0;0
;;0;0
;;0;0
;;0;0
;;0;0
;;0;0
;;0;0
;;0;0
;;0;0
;;0;0
;;0;0
;;0;0
;;0;0
;;0;0
;;0;0
;;0;0
;;0;0
;;0;0
;;0;0
;;0;0
;;0;0
;;0;0
;;0;0
;;0;0
;;0;0
;;0;0
;;0;0
;;0;0
;;0;0
;;0;0
;;0;0
;;0;0
;;0;0
;;0;0
;;0;0
;;0;0
;;0;0
;;0;0
;;0;0
;;0;0
;;0;0
;;0;0
;;0;0
;;0;0
;;0;0
;;0;0
;;0;0
;;0;0
;;0;0
;;0;0
;;0;0
;;0;0
;;0;0
;;0;0
;;0;0
;;0;0
;;0;0
;;0;0
;;0;0
;;0;0
;;0;0
;;0;0
;;0;0
;;0;0
;;0;0
;;0;0
;;0;0
;;0;0
;;0;0
;;0;0
;;0;0
;;0;0
;;0;0
;;0;0
;;0;0
;;0;0
;;0;0
;;0;0
;;0;0
;;0;0
;;0;0
;;0;0
;;0;0
;;0;0
;;0;0
;;0;0
;;0;0
;;0;0
;;0;0
;;0;0
;;0;0
;;0;0
;;0;0
;;0;0
;;0;0
;;0;0
;;0;0
;;0;0
;;0;0
;;0;0
;;0;0
;;0;0
;;0;0
;;0;0
;;0;0
;;0;0
;;0;0
;;0;0
;;0;0
;;0;0
;;0;0
;;0;0
;;0;0
;;0;0
;;0;0
;;0;0
;;0;0
;;0;0
;;0;0
;;0;0
;;0;0
;;0;0
;;0;0
;;0;0
;;0;0
;;0;0
;;0;0
;;0;0
;;0;0
;;0;0
;;0;0
;;0;0
;;0;0
;;0;0
;;0;0
;;0;0
;;0;0
;;0;0
;;0;0
;;0;0
;;0;0
;;0;0
;;0;0
;;0;0
;;0;0
;;0;0
;;0;0
;;0;0
;;0;0
;;0;0
;;0;0
;;0;0
;;0;0
;;0;0
;;0;0
;;0;0
;;0;0
;;0;0
;;0;0
;;0;0
;;0;0
;;0;0
;;0;0
;;0;0
;;0;0
;;0;0
;;0;0
;;0;0
;;0;0
;;0;0
;;0;0
;;0;0
;;0;0
;;0;0
;;0;0
1.50320827360939E-16;3.08745094446443E-17;0;0
1.04313245330076E-16;5.05908201768919E-17;0;0
9.28009071474387E-17;1.93755307960046E-17;0;0
9.61882249629403E-17;1.55687793303153E-17;0;0
2.58818507586032E-17;1.67029115304426E-17;0;0
5.62404515164238E-17;5.85047643104386E-17;0;0
1.56960890469884E-16;8.28458667254472E-18;0;0
1.93366879914693E-17;2.82695964625828E-17;0;0
2.20657067150129E-16;1.07565838141706E-16;0;0
2.10273474271090E-17;6.19064273529784E-17;0;0
4.91552846606662E-17;7.55513554857440E-18;0;0
4.59971824543975E-17;1.92634969925772E-16;0;0
2.77076710535402E-17;1.21549065565065E-16;0;0
4.49314961795182E-17;1.38086659524564E-16;0;0
1.56764422594511E-16;5.88562916149951E-17;0;0
1.24226017230367E-16;2.69507836955635E-17;0;0
6.93979246060635E-17;1.18053034514445E-17;0;0
1.19880818661769E-16;9.10934699242783E-17;0;0
3.51286834099848E-17;1.24186128786741E-17;0;0
1.35900931097613E-16;4.01682966605425E-17;0;0
6.76033947910236E-17;3.61364686993784E-17;0;0
2.93897659483032E-17;1.03870551718660E-16;0;0
5.99211699374166E-17;1.85912107018004E-17;0;0
6.66264032234478E-17;3.04978144013107E-17;0;0
3.31719974640926E-17;8.49490131559361E-17;0;0
1.89175907714650E-16;3.48098559216579E-17;0;0
1.36582729747716E-16;4.14520228795133E-17;0;0
8.66983045183667E-17;8.68770314911244E-17;0;0
1.31102838898153E-16;8.74204498132034E-17;0;0
1.82509207051048E-17;1.71094201874019E-17;0;0
9.97136644687370E-18;1.35165191710730E-16;0;0
2.49712716238273E-17;7.06070117906363E-17;0;0
3.68015026080109E-17;8.16770274702027E-17;0;0
5.53235670755143E-17;5.16468658075517E-17;0;0
2.06959609092768E-17;6.45340897559623E-17;0;0
1.04312980397683E-16;3.92057626959331E-18;0;0
3.28293810122739E-17;1.15172793100582E-16;0;0
4.41537913642175E-17;2.27517205631640E-18;0;0
2.33994569983662E-17;4.89844428288930E-17;0;0
9.22181923462242E-17;1.68453880173289E-16;0;0
3.50336189661806E-17;4.78891509237156E-17;0;0
2.73992463247150E-17;2.62571520683739E-17;0;0
3.19398536576648E-17;5.40226143381536E-17;0;0
2.27733775135696E-17;1.01745045118035E-16;0;0
3.60616055446555E-17;3.13820272081686E-17;0;0
7.51846486139188E-17;8.05422546694894E-18;0;0
5.39680035482075E-17;2.94810104936373E-17;0;0
1.35324335612845E-17;6.34367329644147E-17;0;0
1.71162620850225E-16;3.52585287440762E-18;0;0
3.36477484614832E-17;2.05924855524600E-19;0;0
4.77740891463794E-17;5.64273670039987E-17;0;0
6.53032146216942E-17;5.38968418636134E-17;0;0
3.94683147627082E-17;4.97400092835711E-17;0;0
1.13921471667816E-18;1.89410317152140E-16;0;0
5.12024867566774E-17;1.32302924002684E-16;0;0
3.13647941442202E-17;7.72516592555191E-17;0;0
2.70112535534355E-17;2.54460623291947E-17;0;0
6.11109286868794E-18;5.56243802967357E-17;0;0
1.58292767918023E-16;3.19691280204767E-17;0;0
9.90344238603906E-17;1.65637075235076E-17;0;0
8.45534014873787E-17;1.00406580167128E-16;0;0
6.54158067751058E-17;3.10422158655860E-17;0;0
4.49423071884163E-17;9.68610432319760E-17;0;0
9.08093957938904E-17;6.17572414693037E-17;0;0
5.87332504272172E-17;1.75106549917204E-16;0;0
9.67280164914547E-17;2.52350425324280E-18;0;0
9.35192959587496E-17;7.87889889919894E-18;0;0
4.90141105587332E-17;4.53283441072718E-17;0;0
7.02983201262671E-17;2.50676463588107E-17;0;0
2.61727679646120E-17;9.29011403649548E-17;0;0
1.26459934025409E-16;6.61457173131363E-17;0;0
1.46973016418986E-16;1.65874866630597E-18;0;0
6.73832681713122E-17;6.59347477181559E-18;0;0
8.64396227311528E-17;8.47732980444825E-17;0;0
8.63260212439201E-17;8.97955284954407E-17;0;0
9.82762927801931E-17;1.04973196467520E-16;0;0
8.98911744035174E-17;4.22851627561618E-17;0;0
7.68384318783348E-17;6.91132831788119E-18;0;0
6.24156948949662E-17;4.05889546910713E-17;0;0
1.38770880727436E-17;2.05694447761702E-18;0;0
2.74388027657889E-18;1.48084545673915E-16;0;0
7.71222066723298E-18;1.36248847935594E-18;0;0
1.07760893010321E-16;9.86270398019027E-17;0;0
1.80878612532251E-17;1.77843838839340E-16;0;0
3.97419596319058E-17;7.20389924183842E-17;0;0
5.35466789530126E-17;3.51922015506703E-17;0;0
6.62285412707501E-17;7.38031487225353E-17;0;0
3.51969823737292E-18;1.37142775314651E-16;0;0
1.02118105349076E-17;1.36620192843139E-18;0;0
1.52529288859392E-16;1.35948513945287E-16;0;0
1.12107962642233E-16;2.21415228516249E-16;0;0
4.06120583312011E-17;2.92774631530491E-17;0;0
7.25582382711161E-17;2.77105322011878E-17;0;0
1.27793705363184E-16;1.14420476904574E-16;0;0
5.63918530103992E-17;1.37705548982800E-16;0;0
1.95115221783753E-17;4.93473372953962E-17;0;0
8.97424453690783E-17;1.04233238108464E-16;0;0
3.05120950652402E-17;9.29285780304389E-17;0;0
7.90133921458428E-17;7.63718342239307E-17;0;0
3.67286098260861E-17;2.34587896787347E-17;0;0
;;0;0
;;0;0
;;0;0
;;0;0
;;0;0
;;0;0
;;0;0
;;0;0
;;0;0
;;0;0
;;0;0
;;0;0
;;0;0
;;0;0
;;0;0
;;0;0
;;0;0
;;0;0
;;0;0
;;0;0
;;0;0
;;0;0
;;0;0
;;0;0
;;0;0
;;0;0
;;0;0
;;0;0
;;0;0
;;0;0
;;0;0
;;0;0
;;0;0
;;0;0
;;0;0
;;0;0
;;0;0
;;0;0
;;0;0
;;0;0
;;0;0
;;0;0
;;0;0
;;0;0
;;0;0
;;0;0
;;0;0
;;0;0
;;0;0
;;0;0
;;0;0
;;0;0
;;0;0
;;0;0
;;0;0
;;0;0
;;0;0
;;0;0
;;0;0
;;0;0
;;0;0
;;0;0
;;0;0
;;0;0
;;0;0
;;0;0
;;0;0
;;0;0
;;0;0
;;0;0
;;0;0
;;0;0
;;0;0
;;0;0
;;0;0
;;0;0
;;0;0
;;0;0
;;0;0
;;0;0
;;0;0
;;0;0
;;0;0
;;0;0
;;0;0
;;0;0
;;0;0
;;0;0
;;0;0
;;0;0
;;0;0
;;0;0
;;0;0
;;0;0
;;0;0
;;0;0
;;0;0
;;0;0
;;0;0
;;0;0
;;0;0
;;0;0
;;0;0
;;0;0
;;0;0
;;0;0
;;0;0
;;0;0
;;0;0
;;0;0
;;0;0
;;0;0
;;0;0
;;0;0
;;0;0
;;0;0
;;0;0
;;0;0
;;0;0
;;0;0
;;0;0
;;0;0
;;0;0
;;0;0
;;0;0
;;0;0
;;0;0
;;0;0
;;0;0
;;0;0
;;0;0
;;0;0
;;0;0
;;0;0
;;0;0
;;0;0
;;0;0
;;0;0
;;0;0
;;0;0
;;0;0
;;0;0
;;0;0
;;0;0
;;0;0
;;0;0
;;0;0
;;0;0
;;0;0
;;0;0
;;0;0
;;0;0
;;0;0
;;0;0
;;0;0
;;0;0
;;0;0
;;0;0
;;0;0
;;0;0
;;0;0
;;0;0
;;0;0
;;0;0
;;0;0
;;0;0
;;0;0
;;0;0
;;0;0
;;0;0
;;0;0
;;0;0
;;0;0
;;0;0
;;0;0
;;0;0
;;0;0
;;0;0
;;0;0
;;0;0
;;0;0
;;0;0
;;0;0
;;0;0
;;0;0
;;0;0
;;0;0
;;0;0
;;0;0
;;0;0
;;0;0
;;0;0
;;0;0
;;0;0
;;0;0
;;0;0
;;0;0
;;0;0
;;0;0
;;0;0
;;0;0
;;0;0
;;0;0
;;0;0
;;0;0
;;0;0
;;0;0
;;0;0
;;0;0
;;0;0
;;0;0
;;0;0
;;0;0
;;0;0
;;0;0
;;0;0
;;0;0
;;0;0
;;0;0
;;0;0
;;0;0
;;0;0
;;0;0
;;0;0
;;0;0
;;0;0
;;0;0
;;0;0
;;0;0
;;0;0
;;0;0
;;0;0
;;0;0
;;0;0
;;0;0
;;0;0
;;0;0
;;0;0
;;0;0
;;0;0
;;0;0
;;0;0
;;0;0
;;0;0
;;0;0
;;0;0
;;0;0
;;0;0
;;0;0
;;0;0
;;0;0
;;0;0
;;0;0
;;0;0
;;0;0
;;0;0
;;0;0
;;0;0
;;0;0
;;0;0
;;0;0
;;0;0
;;0;0
;;0;0
;;0;0
;;0;0
;;0;0
;;0;0
;;0;0
;;0;0
;;0;0
;;0;0
;;0;0
;;0;0
;;0;0
;;0;0
;;0;0
;;0;0
;;0;0
;;0;0
;;0;0
;;0;0
;;0;0
;;0;0
;;0;0
;;0;0
;;0;0
;;0;0
;;0;0
;;0;0
;;0;0
;;0;0
;;0;0
;;0;0
;;0;0
;;0;0
;;0;0
;;0;0
;;0;0
;;0;0
;;0;0
;;0;0
;;0;0
;;0;0
;;0;0
;;0;0
;;0;0
;;0;0
;;0;0
;;0;0
;;0;0
;;0;0
;;0;0
;;0;0
;;0;0
;;0;0
;;0;0
;;0;0
;;0;0
;;0;0
;;0;0
;;0;0
;;0;0
;;0;0
;;0;0
;;0;0
;;0;0
;;0;0
;;0;0
;;0;0
;;0;0
;;0;0
;;0;0
;;0;0
;;0;0
;;0;0
;;0;0
;;0;0
;;0;0
;;0;0
;;0;0
;;0;0
;;0;0
;;0;0
;;0;0
;;0;0
;;0;0
;;0;0
;;0;0
;;0;0
;;0;0
;;0;0
;;0;0
;;0;0
;;0;0
;;0;0
;;0;0
;;0;0
;;0;0
;;0;0
;;0;0
;;0;0
;;0;0
;;0;0
;;0;0
;;0;0
;;0;0
;;0;0
;;0;0
;;0;0
;;0;0
;;0;0
;;0;0
;;0;0
;;0;0
;;0;0
;;0;0
;;0;0
;;0;0
;;0;0
;;0;0
;;0;0
;;0;0
;;0;0
;;0;0
;;0;0
;;0;0
;;0;0
;;0;0
;;0;0
;;0;0
;;0;0
;;0;0
;;0;0
;;0;0
;;0;0
;;0;0
;;0;0
;;0;0
;;0;0
7.99298786489612E-17;9.84736944306860E-17;0;0
3.28395736247809E-18;1.36039177896133E-16;0;0
2.93952879916053E-17;2.83484103897974E-17;0;0
5.90969214731548E-17;3.32297434742043E-17;0;0
7.33401895893378E-17;6.01817148052977E-17;0;0
3.80144713739248E-17;3.57458839841554E-17;0;0
2.41153494953954E-18;4.81764862423781E-17;0;0
1.77730746666372E-16;1.77309264522123E-16;0;0
7.48482401621871E-17;8.49837813055959E-18;0;0
1.09954962460477E-16;1.73920477798675E-17;0;0
6.85775355196230E-17;4.37819671299638E-17;0;0
6.72027561874258E-18;1.78103912185680E-17;0;0
1.11803913558925E-17;7.78873673712653E-17;0;0
8.22472954336927E-17;1.03135089210312E-16;0;0
4.98125893947781E-17;7.96888373908708E-18;0;0
3.80710231795552E-17;6.78138759535204E-17;0;0
1.08936825554667E-17;4.15108729197138E-17;0;0
5.87646013127512E-17;1.56261727239471E-16;0;0
4.78628101651461E-17;4.99469110425851E-17;0;0
9.51735094645822E-19;6.86758897408117E-18;0;0
2.10295994250055E-18;3.40837522984571E-18;0;0
1.21412606936933E-17;4.17305089280120E-17;0;0
1.04722339677216E-16;9.99428757197306E-18;0;0
2.81346334952821E-17;1.09278241397960E-17;0;0
2.65889187597427E-17;1.34867434741567E-16;0;0
5.48025025931544E-17;8.95036988419077E-17;0;0
9.78415103038433E-17;7.45671323210492E-17;0;0
7.90026445079490E-17;3.47902852613522E-17;0;0
2.36327510829033E-17;1.89016484428610E-17;0;0
5.82563020518145E-17;3.38604202022792E-17;0;0
4.80258257170984E-17;4.37468592323884E-18;0;0
1.23486868221574E-17;3.43325781534878E-17;0;0
3.90691274057532E-17;8.82679436003138E-17;0;0
5.91209665402144E-17;2.86240353266109E-17;0;0
3.04254805885862E-17;1.47712578360262E-17;0;0
2.79638955686988E-17;8.35517099124643E-17;0;0
7.66122702690853E-17;2.54749558770704E-16;0;0
7.25105940542545E-17;8.86433164100458E-18;0;0
9.45899922022416E-18;5.79209036949650E-17;0;0
1.64096188109355E-16;4.48367571825751E-17;0;0
8.74391859505769E-17;1.59286309629993E-17;0;0
1.62265320607369E-16;1.72109540683126E-17;0;0
4.58484298699901E-17;1.00391354049713E-17;0;0
1.60085375479757E-16;1.15453381915730E-16;0;0
1.14513207039779E-16;8.09371323691424E-18;0;0
1.30607271287574E-17;5.25351521350638E-17;0;0
3.42998738191904E-17;6.04751128729804E-18;0;0
9.43590879137901E-18;9.66397965047928E-18;0;0
3.97922489176206E-17;1.23769446024113E-16;0;0
9.01246160548580E-17;1.70842423953901E-17;0;0
1.00470529505606E-16;5.47542853851340E-17;0;0
1.12557369007870E-16;2.72967171308107E-17;0;0
4.41281906084533E-17;1.03480873703294E-16;0;0
4.95646529083038E-17;1.54995644060970E-17;0;0
2.13905264127689E-17;1.48435554738831E-16;0;0
2.44720935963306E-17;8.23128205417698E-17;0;0
8.92283876708163E-17;2.96941563202962E-17;0;0
5.33129319784316E-17;1.07329194677290E-17;0;0
6.34662008908645E-17;1.12546114906599E-16;0;0
2.31897142961120E-17;1.09636347563750E-16;0;0
2.72475521131682E-17;4.85658838909859E-17;0;0
3.88874901792365E-17;4.90510025844248E-17;0;0
7.84284793084870E-17;1.01698294485604E-17;0;0
5.68511158056957E-17;4.53541023822530E-17;0;0
4.30919564595975E-17;9.55109223449122E-17;0;0
5.83172606223847E-17;3.15165215907136E-17;0;0
1.00181425309590E-16;1.25351907565329E-16;0;0
6.23308752960016E-17;5.35059186867875E-17;0;0
8.12578585242567E-17;1.11524272083765E-16;0;0
8.80648421911767E-18;1.71703181698929E-16;0;0
3.69003762678129E-17;1.19428515536171E-16;0;0
5.51439272035999E-17;6.75040375313984E-17;0;0
2.14018680807646E-17;9.33457704227338E-17;0;0
2.84839271548138E-17;2.92211767778344E-17;0;0
1.77815687189290E-17;3.46298598841902E-17;0;0
2.51374832198282E-17;7.52504527906343E-17;0;0
3.02580005387249E-17;1.80992940779789E-16;0;0
6.64385719530821E-17;5.28409739387301E-17;0;0
6.41301668437749E-19;5.03466065850514E-17;0;0
3.70249434229728E-17;7.05134283865676E-18;0;0
2.07853432431419E-16;1.47363499195795E-16;0;0
1.38028182900312E-16;8.58594980607498E-18;0;0
5.87767361269176E-17;4.31652705087573E-17;0;0
2.25724982753032E-17;7.96238324245095E-17;0;0
2.55098356631733E-17;4.77899067317667E-17;0;0
2.03493789200528E-17;9.05981014702617E-17;0;0
7.60332383348592E-17;1.36641628389823E-16;0;0
6.60904914067688E-17;3.37885850571654E-17;0;0
5.05843436180996E-17;8.34052215968929E-17;0;0
6.06399913908483E-18;6.32263898269392E-18;0;0
2.27768949889223E-18;3.11173053144101E-17;0;0
7.43701399195614E-17;1.07145675963184E-16;0;0
2.09758681790048E-17;4.53309109462016E-17;0;0
6.77393974022497E-17;1.28993875244692E-16;0;0
1.63580740989290E-17;1.10853012169358E-16;0;0
1.38309483633165E-16;1.08074688365290E-16;0;0
9.79487241345962E-17;1.14985836199706E-17;0;0
1.87141917145610E-17;4.68237403024603E-17;0;0
1.97836159007351E-16;1.64833421999731E-16;0;0
8.62875211348717E-17;4.29320499363335E-17;0;0
;;0;0
;;0;0
;;0;0
;;0;0
;;0;0
;;0;0
;;0;0
;;0;0
;;0;0
;;0;0
;;0;0
;;0;0
;;0;0
;;0;0
;;0;0
;;0;0
;;0;0
;;0;0
;;0;0
;;0;0
;;0;0
;;0;0
;;0;0
;;0;0
;;0;0
;;0;0
;;0;0
;;0;0
;;0;0
;;0;0
;;0;0
;;0;0
;;0;0
;;0;0
;;0;0
;;0;0
;;0;0
;;0;0
;;0;0
;;0;0
;;0;0
;;0;0
;;0;0
;;0;0
;;0;0
;;0;0
;;0;0
;;0;0
;;0;0
;;0;0
;;0;0
;;0;0
;;0;0
;;0;0
;;0;0
;;0;0
;;0;0
;;0;0
;;0;0
;;0;0
;;0;0
;;0;0
;;0;0
;;0;0
;;0;0
;;0;0
;;0;0
;;0;0
;;0;0
;;0;0
;;0;0
;;0;0
;;0;0
;;0;0
;;0;0
;;0;0
;;0;0
;;0;0
;;0;0
;;0;0
;;0;0
;;0;0
;;0;0
;;0;0
;;0;0
;;0;0
;;0;0
;;0;0
;;0;0
;;0;0
;;0;0
;;0;0
;;0;0
;;0;0
;;0;0
;;0;0
;;0;0
;;0;0
;;0;0
;;0;0
;;0;0
;;0;0
;;0;0
;;0;0
;;0;0
;;0;0
;;0;0
;;0;0
;;0;0
;;0;0
;;0;0
;;0;0
;;0;0
;;0;0
;;0;0
;;0;0
;;0;0
;;0;0
;;0;0
;;0;0
;;0;0
;;0;0
;;0;0
;;0;0
;;0;0
;;0;0
;;0;0
;;0;0
;;0;0
;;0;0
;;0;0
;;0;0
;;0;0
;;0;0
;;0;0
;;0;0
;;0;0
;;0;0
;;0;0
;;0;0
;;0;0
;;0;0
;;0;0
;;0;0
;;0;0
;;0;0
;;0;0
;;0;0
;;0;0
;;0;0
;;0;0
;;0;0
;;0;0
;;0;0
;;0;0
;;0;0
;;0;0
;;0;0
;;0;0
;;0;0
;;0;0
;;0;0
;;0;0
;;0;0
;;0;0
;;0;0
;;0;0
;;0;0
;;0;0
;;0;0
;;0;0
;;0;0
;;0;0
;;0;0
;;0;0
;;0;0
;;0;0
;;0;0
;;0;0
;;0;0
;;0;0
;;0;0
;;0;0
;;0;0
;;0;0
;;0;0
;;0;0
;;0;0
;;0;0
;;0;0
;;0;0
;;0;0
;;0;0
;;0;0
;;0;0
;;0;0
;;0;0
;;0;0
;;0;0
;;0;0
;;0;0
;;0;0
;;0;0
;;0;0
;;0;0
;;0;0
;;0;0
;;0;0
;;0;0
;;0;0
;;0;0
;;0;0
;;0;0
;;0;0
;;0;0
;;0;0
;;0;0
;;0;0
;;0;0
;;0;0
;;0;0
;;0;0
;;0;0
;;0;0
;;0;0
;;0;0
;;0;0
;;0;0
;;0;0
;;0;0
;;0;0
;;0;0
;;0;0
;;0;0
;;0;0
;;0;0
;;0;0
;;0;0
;;0;0
;;0;0
;;0;0
;;0;0
;;0;0
;;0;0
;;0;0
;;0;0
;;0;0
;;0;0
;;0;0
;;0;0
;;0;0
;;0;0
;;0;0
;;0;0
;;0;0
;;0;0
;;0;0
;;0;0
;;0;0
;;0;0
;;0;0
;;0;0
;;0;0
;;0;0
;;0;0
;;0;0
;;0;0
;;0;0
;;0;0
;;0;0
;;0;0
;;0;0
;;0;0
;;0;0
;;0;0
;;0;0
;;0;0
;;0;0
;;0;0
;;0;0
;;0;0
;;0;0
;;0;0
;;0;0
;;0;0
;;0;0
;;0;0
;;0;0
;;0;0
;;0;0
;;0;0
;;0;0
;;0;0
;;0;0
;;0;0
;;0;0
;;0;0
;;0;0
;;0;0
;;0;0
;;0;0
;;0;0
;;0;0
;;0;0
;;0;0
;;0;0
;;0;0
;;0;0
;;0;0
;;0;0
;;0;0
;;0;0
;;0;0
;;0;0
;;0;0
;;0;0
;;0;0
;;0;0
;;0;0
;;0;0
;;0;0
;;0;0
;;0;0
;;0;0
;;0;0
;;0;0
;;0;0
;;0;0
;;0;0
;;0;0
;;0;0
;;0;0
;;0;0
;;0;0
;;0;0
;;0;0
;;0;0
;;0;0
;;0;0
;;0;0
;;0;0
;;0;0
;;0;0
;;0;0
;;0;0
;;0;0
;;0;0
;;0;0
;;0;0
;;0;0
;;0;0
;;0;0
;;0;0
;;0;0
;;0;0
;;0;0
;;0;0
;;0;0
;;0;0
;;0;0
;;0;0
;;0;0
;;0;0
;;0;0
;;0;0
;;0;0
;;0;0
;;0;0
;;0;0
;;0;0
;;0;0
;;0;0
;;0;0
;;0;0
;;0;0
;;0;0
;;0;0
;;0;0
;;0;0
;;0;0
;;0;0
;;0;0
;;0;0
;;0;0
;;0;0
;;0;0
;;0;0
;;0;0
;;0;0
;;0;0
;;0;0
;;0;0
;;0;0
;;0;0
;;0;0
;;0;0
;;0;0
;;0;0
;;0;0
;;0;0
8.51788113324951E-17;5.32878291682287E-17;0;0
1.22555855101498E-17;7.48144149942248E-17;0;0
2.49028762071797E-17;1.88568604314874E-17;0;0
1.37991611881487E-17;4.34945500050153E-17;0;0
2.31693035250142E-17;1.23154307903361E-16;0;0
4.71758306567679E-17;1.52975760161482E-17;0;0
1.05473559435081E-16;7.71274913895304E-17;0;0
1.57878314557725E-16;1.14075902133970E-16;0;0
3.47277196457648E-17;2.91277979161103E-17;0;0
1.18695896259715E-16;1.33784707506412E-16;0;0
2.55909916930618E-17;3.96376515462601E-17;0;0
6.05088480949403E-17;2.65851843044832E-17;0;0
2.40139644869112E-17;1.64670109704588E-17;0;0
6.37057100426623E-17;1.28062336266613E-16;0;0
6.52754421963446E-17;3.84304646228523E-17;0;0
9.17403082124060E-17;4.68521215629679E-17;0;0
1.09488087536581E-16;1.29476662710404E-16;0;0
5.85107961905707E-17;1.08347706498867E-16;0;0
1.38796755635955E-16;4.08165584992281E-17;0;0
5.63462028077165E-18;5.95844634566230E-17;0;0
8.15446268409312E-18;8.79362501459356E-17;0;0
1.37361375090257E-16;4.64194682341736E-17;0;0
4.83072008437302E-17;1.00336672293438E-16;0;0
1.50681143535211E-16;1.76822131176077E-17;0;0
4.46328574436665E-17;1.31935061122811E-16;0;0
1.88136757157463E-17;1.54875363780846E-16;0;0
6.71914087337602E-17;3.05472073592883E-17;0;0
3.19995936178999E-17;9.13445528998353E-17;0;0
4.17903822114817E-17;3.22782939232372E-16;0;0
1.19704890986929E-16;1.27949945753341E-16;0;0
2.55214625390545E-17;1.02701722894808E-17;0;0
8.22372555018745E-17;1.75142692219896E-17;0;0
1.46160178545490E-16;7.79526623764776E-17;0;0
3.73274521424260E-17;3.98473269001585E-17;0;0
2.27847974690178E-17;4.03904906224164E-17;0;0
1.31329390566947E-18;1.22888430196076E-17;0;0
3.48523323188372E-18;5.28875381156148E-17;0;0
1.86844146705519E-18;7.97443687454840E-17;0;0
1.36646273881280E-16;9.56386372924108E-18;0;0
7.74398201287338E-17;4.01577812060073E-17;0;0
4.02080453341059E-17;1.35560838009978E-17;0;0
5.52415404234365E-18;7.45783295435271E-18;0;0
3.41810380085427E-17;1.70960791009644E-16;0;0
3.01325333372782E-17;8.76585716791020E-17;0;0
2.95987236470468E-17;4.56915439284773E-17;0;0
4.29285910962741E-17;5.21290890614407E-17;0;0
9.88181888578163E-19;4.40120413307746E-17;0;0
2.12254112448460E-17;1.45228596373966E-17;0;0
4.18749450307663E-17;1.43290791709539E-16;0;0
3.43533586250835E-17;4.98855807128739E-17;0;0
3.98232811091669E-17;2.34534887057294E-17;0;0
7.83937119538380E-17;5.32269614972019E-17;0;0
5.80241757008997E-17;5.24494624673007E-17;0;0
2.06755062834678E-17;1.96278569590079E-17;0;0
7.02486703821635E-17;2.77241274961824E-17;0;0
1.72412364598965E-16;7.97834813536574E-17;0;0
7.91639132182135E-17;1.69021171265206E-17;0;0
2.46005667813573E-18;5.42607802813201E-17;0;0
2.57977621135741E-17;1.81455054890466E-16;0;0
2.48602720661410E-17;8.63281055601228E-17;0;0
1.02496215573801E-16;8.77289504588011E-17;0;0
2.16486304829932E-17;1.02940676078441E-17;0;0
9.70834468330204E-17;1.82626038552815E-17;0;0
1.50121350814706E-17;1.19882683049890E-16;0;0
4.42017558076288E-18;8.15838337554120E-17;0;0
6.09908359700190E-17;4.73285046500755E-17;0;0
8.73756743840174E-17;2.37651660334621E-16;0;0
1.41991742758434E-17;6.15489306458577E-17;0;0
3.15567635412757E-17;9.02000517461722E-17;0;0
2.22947095634749E-17;3.25954289718267E-17;0;0
5.24038938306259E-17;1.01784165959496E-16;0;0
3.98097070683514E-17;1.63569547926898E-17;0;0
1.12328357738901E-16;7.86679946935460E-17;0;0
6.22560322846251E-17;2.71312360177595E-16;0;0
7.05849520153009E-17;2.99634116595795E-17;0;0
1.07434364643283E-16;4.29709273338085E-17;0;0
1.53436201422707E-16;5.85488586352128E-18;0;0
7.65090506229037E-17;1.82303748442616E-17;0;0
8.44046271465446E-17;3.59354241819303E-17;0;0
7.72300458422672E-17;6.83943413454809E-17;0;0
1.27890089114168E-17;7.22369528273787E-19;0;0
1.09083468039391E-16;7.16905373630393E-17;0;0
1.45805290225898E-16;1.11677736340478E-16;0;0
3.12738186124694E-17;9.25512974388447E-17;0;0
8.29861323581869E-18;4.45620505115790E-18;0;0
3.72246625834406E-17;1.58173321404931E-16;0;0
1.26244584365600E-16;6.49227486923933E-17;0;0
2.81280215531819E-17;1.84484398342213E-17;0;0
2.49702596191469E-17;3.59466173728937E-17;0;0
2.06679245967831E-17;8.23820267161421E-17;0;0
4.63992994917402E-17;4.75165136175060E-17;0;0
3.94652697122749E-17;5.64762030759957E-17;0;0
8.90694198796933E-17;4.82134978134017E-17;0;0
4.27199351615704E-17;2.99008769199815E-17;0;0
2.03373171462026E-17;3.88763688965772E-17;0;0
4.09736211760897E-18;1.96183430679893E-17;0;0
1.05093659478087E-16;1.24550936036049E-16;0;0
8.05844349244596E-17;2.82764445430914E-17;0;0
2.42392956592068E-17;1.90142928437848E-17;0;0
1.37168404471355E-17;3.30416474079415E-17;0;0
;;0;0
;;0;0
;;0;0
;;0;0
;;0;0
;;0;0
;;0;0
;;0;0
;;0;0
;;0;0
;;0;0
;;0;0
;;0;0
;;0;0
;;0;0
;;0;0
;;0;0
;;0;0
;;0;0
;;0;0
;;0;0
;;0;0
;;0;0
;;0;0
;;0;0
;;0;0
;;0;0
;;0;0
;;0;0
;;0;0
;;0;0
;;0;0
;;0;0
;;0;0
;;0;0
;;0;0
;;0;0
;;0;0
;;0;0
;;0;0
;;0;0
;;0;0
;;0;0
;;0;0
;;0;0
;;0;0
;;0;0
;;0;0
;;0;0
;;0;0
;;0;0
;;0;0
;;0;0
;;0;0
;;0;0
;;0;0
;;0;0
;;0;0
;;0;0
;;0;0
;;0;0
;;0;0
;;0;0
;;0;0
;;0;0
;;0;0
;;0;0
;;0;0
;;0;0
;;0;0
;;0;0
;;0;0
;;0;0
;;0;0
;;0;0
;;0;0
;;0;0
;;0;0
;;0;0
;;0;0
;;0;0
;;0;0
;;0;0
;;0;0
;;0;0
;;0;0
;;0;0
;;0;0
;;0;0
;;0;0
;;0;0
;;0;0
;;0;0
;;0;0
;;0;0
;;0;0
;;0;0
;;0;0
;;0;0
;;0;0
;;0;0
;;0;0
;;0;0
;;0;0
;;0;0
;;0;0
;;0;0
;;0;0
;;0;0
;;0;0
;;0;0
;;0;0
;;0;0
;;0;0
;;0;0
;;0;0
;;0;0
;;0;0
;;0;0
;;0;0
;;0;0
;;0;0
;;0;0
;;0;0
;;0;0
;;0;0
;;0;0
;;0;0
;;0;0
;;0;0
;;0;0
;;0;0
;;0;0
;;0;0
;;0;0
;;0;0
;;0;0
;;0;0
;;0;0
;;0;0
;;0;0
;;0;0
;;0;0
;;0;0
;;0;0
;;0;0
;;0;0
;;0;0
;;0;0
;;0;0
;;0;0
;;0;0
;;0;0
;;0;0
;;0;0
;;0;0
;;0;0
;;0;0
;;0;0
;;0;0
;;0;0
;;0;0
;;0;0
;;0;0
;;0;0
;;0;0
;;0;0
;;0;0
;;0;0
;;0;0
;;0;0
;;0;0
;;0;0
;;0;0
;;0;0
;;0;0
;;0;0
;;0;0
;;0;0
;;0;0
;;0;0
;;0;0
;;0;0
;;0;0
;;0;0
;;0;0
;;0;0
;;0;0
;;0;0
;;0;0
;;0;0
;;0;0
;;0;0
;;0;0
;;0;0
;;0;0
;;0;0
;;0;0
;;0;0
;;0;0
;;0;0
;;0;0
;;0;0
;;0;0
;;0;0
;;0;0
;;0;0
;;0;0
;;0;0
;;0;0
;;0;0
;;0;0
;;0;0
;;0;0
;;0;0
;;0;0
;;0;0
;;0;0
;;0;0
;;0;0
;;0;0
;;0;0
;;0;0
;;0;0
;;0;0
;;0;0
;;0;0
;;0;0
;;0;0
;;0;0
;;0;0
;;0;0
;;0;0
;;0;0
;;0;0
;;0;0
;;0;0
;;0;0
;;0;0
;;0;0
;;0;0
;;0;0
;;0;0
;;0;0
;;0;0
;;0;0
;;0;0
;;0;0
;;0;0
;;0;0
;;0;0
;;0;0
;;0;0
;;0;0
;;0;0
;;0;0
;;0;0
;;0;0
;;0;0
;;0;0
;;0;0
;;0;0
;;0;0
;;0;0
;;0;0
;;0;0
;;0;0
;;0;0
;;0;0
;;0;0
;;0;0
;;0;0
;;0;0
;;0;0
;;0;0
;;0;0
;;0;0
;;0;0
;;0;0
;;0;0
;;0;0
;;0;0
;;0;0
;;0;0
;;0;0
;;0;0
;;0;0
;;0;0
;;0;0
;;0;0
;;0;0
;;0;0
;;0;0
;;0;0
;;0;0
;;0;0
;;0;0
;;0;0
;;0;0
;;0;0
;;0;0
;;0;0
;;0;0
;;0;0
;;0;0
;;0;0
;;0;0
;;0;0
;;0;0
;;0;0
;;0;0
;;0;0
;;0;0
;;0;0
;;0;0
;;0;0
;;0;0
;;0;0
;;0;0
;;0;0
;;0;0
;;0;0
;;0;0
;;0;0
;;0;0
;;0;0
;;0;0
;;0;0
;;0;0
;;0;0
;;0;0
;;0;0
;;0;0
;;0;0
;;0;0
;;0;0
;;0;0
;;0;0
;;0;0
;;0;0
;;0;0
;;0;0
;;0;0
;;0;0
;;0;0
;;0;0
;;0;0
;;0;0
;;0;0
;;0;0
;;0;0
;;0;0
;;0;0
;;0;0
;;0;0
;;0;0
;;0;0
;;0;0
;;0;0
;;0;0
;;0;0
;;0;0
;;0;0
;;0;0
;;0;0
;;0;0
;;0;0
;;0;0
;;0;0
;;0;0
;;0;0
;;0;0
;;0;0
;;0;0
;;0;0
;;0;0
;;0;0
;;0;0
;;0;0
;;0;0
;;0;0
;;0;0
;;0;0
;;0;0
;;0;0
;;0;0
;;0;0
;;0;0
;;0;0
;;0;0
;;0;0
;;0;0
;;0;0
;;0;0
;;0;0
;;0;0
;;0;0
;;0;0
;;0;0
;;0;0
5.64796801455298E-17;9.47832087872213E-17;0;0
1.18477317722869E-16;6.58524326779853E-17;0;0
6.01769548081905E-17;1.90328913428186E-16;0;0
1.18303397932386E-16;5.26429503464243E-17;0;0
5.49617660448283E-17;2.85589565711051E-17;0;0
1.69822986405450E-16;2.26981145350814E-16;0;0
8.89435702014631E-17;1.09375380503361E-16;0;0
1.36032920688783E-16;5.13724675460638E-17;0;0
1.01194358236425E-17;7.40492428429101E-17;0;0
1.34807371077763E-16;3.65359687378080E-17;0;0
5.39093782028468E-17;3.83887341577629E-17;0;0
9.19929676067944E-18;6.36868596173447E-17;0;0
2.23465317188343E-17;8.33259260436672E-17;0;0
9.48380397719187E-17;1.24003019409321E-16;0;0
6.59229047692965E-17;1.59466038476943E-16;0;0
1.65631236017444E-16;1.94972542367357E-16;0;0
1.99546997553045E-17;2.58894864090369E-17;0;0
2.96751472285545E-17;8.16212304936913E-17;0;0
6.58458152360468E-17;7.46185027534186E-17;0;0
5.02694957449487E-17;6.94367515106143E-17;0;0
9.76416844319287E-17;2.52050700154037E-17;0;0
8.40968545053583E-17;5.04434969054316E-17;0;0
1.39573159194935E-16;1.92501430708997E-18;0;0
6.18665266688190E-17;4.24860442367009E-17;0;0
1.48418951587990E-17;3.86915441678358E-17;0;0
7.83471312843507E-17;3.49219401318474E-17;0;0
8.04670021698039E-17;2.08349327157462E-17;0;0
2.45032851820963E-18;1.27339219802827E-16;0;0
4.78713448729978E-17;2.93842042188841E-19;0;0
8.30552879974453E-17;1.47326584555078E-16;0;0
8.97885183608595E-17;7.02062555142542E-17;0;0
2.82699230715366E-17;3.92361998051023E-18;0;0
1.62125121342969E-16;3.99319677924803E-17;0;0
6.48286466649143E-17;1.63563682420906E-16;0;0
1.20852758982069E-16;1.29083311478770E-16;0;0
4.25948934691132E-17;2.27621765946683E-17;0;0
5.98684043244526E-17;2.16980196334918E-17;0;0
1.32767047311946E-16;4.70324642072525E-17;0;0
2.88916693362388E-17;3.10867797136823E-17;0;0
3.96254173447749E-18;4.89287350716329E-17;0;0
8.43917809907977E-17;3.39794069789459E-17;0;0
1.07747951817230E-16;8.15667393357546E-17;0;0
4.09368286754622E-17;1.46977745875100E-17;0;0
1.42173871616154E-16;1.16157247415905E-16;0;0
1.92338198386448E-16;3.11316878507795E-17;0;0
8.24184957829329E-17;7.78587525024396E-17;0;0
1.61204966135471E-16;1.81441318268440E-16;0;0
8.99786908253280E-18;8.02581471863526E-18;0;0
8.56386709976110E-17;6.73205438257307E-17;0;0
4.49195813472887E-18;1.94060065507712E-16;0;0
4.30095930882755E-17;6.28792183670636E-17;0;0
1.46389410279260E-16;6.15941307219658E-17;0;0
4.47678536143727E-17;5.94761568859291E-17;0;0
2.82690478945788E-17;4.33552132081320E-17;0;0
6.08522783635719E-17;5.25161741578291E-17;0;0
1.69513932677122E-17;3.59485316266426E-17;0;0
1.07687911024715E-16;7.94377173651424E-17;0;0
7.80409055601610E-17;8.79187894680075E-17;0;0
1.94603893970132E-17;7.77010633213555E-17;0;0
9.39036804396290E-17;4.49437146010874E-17;0;0
1.30829131609736E-16;6.37282503979581E-17;0;0
4.84353951508811E-17;4.16759667792256E-17;0;0
8.42010831375841E-17;6.85685403312020E-17;0;0
6.62971743892785E-17;1.00738918237558E-16;0;0
4.32262176460509E-18;1.64135544654785E-16;0;0
3.86978617838305E-17;2.24071201286504E-16;0;0
1.06644532308275E-16;8.38273648908991E-17;0;0
9.46838838675172E-17;1.83047452790453E-16;0;0
2.96863410809945E-17;5.42281437235745E-17;0;0
2.72989205484897E-17;1.16915923484195E-16;0;0
8.29043721520152E-17;2.04230703623275E-16;0;0
2.18496049590613E-18;7.28245508095140E-18;0;0
1.69757066153641E-16;1.13494862506685E-16;0;0
4.55809281281579E-17;7.67898571773306E-18;0;0
5.89167553872014E-17;1.98521767530109E-16;0;0
1.27641479464707E-16;1.18584486981012E-16;0;0
1.06494742504522E-17;5.29900958150927E-17;0;0
1.31556236584573E-16;1.12635219925403E-16;0;0
9.12639445328364E-17;5.17691004647623E-17;0;0
4.15615974360599E-17;3.16951363465368E-17;0;0
1.63596805414370E-16;3.98053626549969E-17;0;0
1.62608343852217E-17;2.85456403603183E-18;0;0
7.64028582780993E-18;1.94807858031963E-18;0;0
4.77925054302284E-17;1.11007600527339E-17;0;0
1.47546245417807E-16;4.49899320738968E-17;0;0
5.90914474480539E-17;4.97603233054158E-17;0;0
4.69175165561304E-17;1.54782469883959E-16;0;0
9.75521605076646E-17;7.82709447776776E-17;0;0
1.71624876240974E-18;4.15434368020588E-17;0;0
6.51390347873568E-18;1.08983708069858E-16;0;0
5.54170299946096E-17;7.67574778454787E-17;0;0
4.50599583064361E-17;7.27186204836318E-18;0;0
2.43328745767166E-17;7.80459170426553E-17;0;0
3.26331310155355E-17;7.77496262775225E-17;0;0
8.77325832809569E-17;1.08377345866921E-16;0;0
1.40642069972952E-16;3.58276851693619E-17;0;0
2.74706607908849E-17;1.13861648301735E-16;0;0
3.58808238338880E-17;6.80757464894083E-17;0;0
7.62014217399178E-17;5.95059068560380E-17;0;0
1.04583460330039E-16;1.22469144764083E-16;0;0
;;0;0
;;0;0
;;0;0
;;0;0
;;0;0
;;0;0
;;0;0
;;0;0
;;0;0
;;0;0
;;0;0
;;0;0
;;0;0
;;0;0
;;0;0
;;0;0
;;0;0
;;0;0
;;0;0
;;0;0
;;0;0
;;0;0
;;0;0
;;0;0
;;0;0
;;0;0
;;0;0
;;0;0
;;0;0
;;0;0
;;0;0
;;0;0
;;0;0
;;0;0
;;0;0
;;0;0
;;0;0
;;0;0
;;0;0
;;0;0
;;0;0
;;0;0
;;0;0
;;0;0
;;0;0
;;0;0
;;0;0
;;0;0
;;0;0
;;0;0
;;0;0
;;0;0
;;0;0
;;0;0
;;0;0
;;0;0
;;0;0
;;0;0
;;0;0
;;0;0
;;0;0
;;0;0
;;0;0
;;0;0
;;0;0
;;0;0
;;0;0
;;0;0
;;0;0
;;0;0
;;0;0
;;0;0
;;0;0
;;0;0
;;0;0
;;0;0
;;0;0
;;0;0
;;0;0
;;0;0
;;0;0
;;0;0
;;0;0
;;0;0
;;0;0
;;0;0
;;0;0
;;0;0
;;0;0
;;0;0
;;0;0
;;0;0
;;0;0
;;0;0
;;0;0
;;0;0
;;0;0
;;0;0
;;0;0
;;0;0
;;0;0
;;0;0
;;0;0
;;0;0
;;0;0
;;0;0
;;0;0
;;0;0
;;0;0
;;0;0
;;0;0
;;0;0
;;0;0
;;0;0
;;0;0
;;0;0
;;0;0
;;0;0
;;0;0
;;0;0
;;0;0
;;0;0
;;0;0
;;0;0
;;0;0
;;0;0
;;0;0
;;0;0
;;0;0
;;0;0
;;0;0
;;0;0
;;0;0
;;0;0
;;0;0
;;0;0
;;0;0
;;0;0
;;0;0
;;0;0
;;0;0
;;0;0
;;0;0
;;0;0
;;0;0
;;0;0
;;0;0
;;0;0
;;0;0
;;0;0
;;0;0
;;0;0
;;0;0
;;0;0
;;0;0
;;0;0
;;0;0
;;0;0
;;0;0
;;0;0
;;0;0
;;0;0
;;0;0
;;0;0
;;0;0
;;0;0
;;0;0
;;0;0
;;0;0
;;0;0
;;0;0
;;0;0
;;0;0
;;0;0
;;0;0
;;0;0
;;0;0
;;0;0
;;0;0
;;0;0
;;0;0
;;0;0
;;0;0
;;0;0
;;0;0
;;0;0
;;0;0
;;0;0
;;0;0
;;0;0
;;0;0
;;0;0
;;0;0
;;0;0
;;0;0
;;0;0
;;0;0
;;0;0
;;0;0
;;0;0
;;0;0
;;0;0
;;0;0
;;0;0
;;0;0
;;0;0
;;0;0
;;0;0
;;0;0
;;0;0
;;0;0
;;0;0
;;0;0
;;0;0
;;0;0
;;0;0
;;0;0
;;0;0
;;0;0
;;0;0
;;0;0
;;0;0
;;0;0
;;0;0
;;0;0
;;0;0
;;0;0
;;0;0
;;0;0
;;0;0
;;0;0
;;0;0
;;0;0
;;0;0
;;0;0
;;0;0
;;0;0
;;0;0
;;0;0
;;0;0
;;0;0
;;0;0
;;0;0
;;0;0
;;0;0
;;0;0
;;0;0
;;0;0
;;0;0
;;0;0
;;0;0
;;0;0
;;0;0
;;0;0
;;0;0
;;0;0
;;0;0
;;0;0
;;0;0
;;0;0
;;0;0
;;0;0
;;0;0
;;0;0
;;0;0
;;0;0
;;0;0
;;0;0
;;0;0
;;0;0
;;0;0
;;0;0
;;0;0
;;0;0
;;0;0
;;0;0
;;0;0
;;0;0
;;0;0
;;0;0
;;0;0
;;0;0
;;0;0
;;0;0
;;0;0
;;0;0
;;0;0
;;0;0
;;0;0
;;0;0
;;0;0
;;0;0
;;0;0
;;0;0
;;0;0
;;0;0
;;0;0
;;0;0
;;0;0
;;0;0
;;0;0
;;0;0
;;0;0
;;0;0
;;0;0
;;0;0
;;0;0
;;0;0
;;0;0
;;0;0
;;0;0
;;0;0
;;0;0
;;0;0
;;0;0
;;0;0
;;0;0
;;0;0
;;0;0
;;0;0
;;0;0
;;0;0
;;0;0
;;0;0
;;0;0
;;0;0
;;0;0
;;0;0
;;0;0
;;0;0
;;0;0
;;0;0
;;0;0
;;0;0
;;0;0
;;0;0
;;0;0
;;0;0
;;0;0
;;0;0
;;0;0
;;0;0
;;0;0
;;0;0
;;0;0
;;0;0
;;0;0
;;0;0
;;0;0
;;0;0
;;0;0
;;0;0
;;0;0
;;0;0
;;0;0
;;0;0
;;0;0
;;0;0
;;0;0
;;0;0
;;0;0
;;0;0
;;0;0
;;0;0
;;0;0
;;0;0
;;0;0
;;0;0
;;0;0
;;0;0
;;0;0
;;0;0
;;0;0
;;0;0
;;0;0
;;0;0
;;0;0
;;0;0
;;0;0
;;0;0
;;0;0
;;0;0
;;0;0
;;0;0
;;0;0
;;0;0
;;0;0
;;0;0
;;0;0
;;0;0
;;0;0
;;0;0
;;0;0
;;0;0
;;0;0
;;0;0
;;0;0
;;0;0
;;0;0
;;0;0
1.20928886912035E-16;4.38634040424608E-17;0;0
9.60576550735921E-17;4.92879134159692E-17;0;0
1.41678032262682E-16;3.60355028056821E-17;0;0
2.51109113022775E-17;1.78495187255015E-17;0;0
4.26772569260226E-17;1.54083042362419E-17;0;0
9.11895666935151E-17;4.11081988960164E-17;0;0
9.38810780548905E-17;8.18924061881543E-17;0;0
1.44707520604928E-16;2.00793529747544E-17;0;0
1.18561739702198E-16;5.01938813945377E-17;0;0
6.79217805371223E-18;5.88831646681503E-17;0;0
4.56615348749788E-17;1.78625454333023E-16;0;0
7.08237871282140E-17;1.64174206912789E-18;0;0
7.82087275330387E-17;3.59599314281861E-17;0;0
2.28761470686938E-17;7.86141079134610E-18;0;0
5.03309286281034E-17;8.70235678223791E-17;0;0
1.23217074773742E-16;5.17825150672326E-17;0;0
3.07324280004563E-17;1.20252223449618E-16;0;0
6.65696791793632E-17;1.81933451361431E-17;0;0
8.96712238959972E-17;1.30193874251949E-16;0;0
1.54281353307975E-16;9.90172464951001E-17;0;0
2.35552809584837E-17;1.83531704474160E-17;0;0
9.74357608352325E-17;2.67322592394228E-17;0;0
3.21617800860907E-17;8.57430468557566E-17;0;0
8.37101818113057E-17;1.35113179374845E-16;0;0
2.40049614514025E-17;1.12939699761161E-17;0;0
4.16207758437138E-17;1.06893374504989E-16;0;0
2.59735810838436E-17;2.74342712046334E-17;0;0
1.88783836694659E-18;8.01632777752832E-18;0;0
1.23975108129149E-17;1.81647228602315E-18;0;0
1.90128795186436E-17;1.47452455781229E-16;0;0
1.07637984736028E-16;2.86281287651510E-17;0;0
4.30379118199071E-17;1.41053851447090E-17;0;0
5.13848519276120E-17;1.35177132305804E-16;0;0
2.69418252798017E-17;1.68757905270888E-16;0;0
2.29230770784200E-17;1.60050696080618E-17;0;0
4.80068652758274E-17;6.02468190173616E-18;0;0
2.06090342190244E-17;8.04987468783012E-17;0;0
1.09056153637603E-16;2.30491658490544E-17;0;0
3.53131747728551E-17;1.55063727210578E-16;0;0
5.54306442753087E-18;4.34733042922223E-17;0;0
4.33421185520709E-17;1.39389482008567E-17;0;0
1.37241835169559E-16;4.52836248222874E-17;0;0
2.66239058393533E-17;1.12052267759119E-16;0;0
2.89672530621601E-17;2.41100588647234E-18;0;0
1.29826223087276E-16;9.66401227284998E-17;0;0
1.97936250321222E-16;8.11532447073126E-17;0;0
1.16884024414395E-16;1.26574443656651E-16;0;0
5.19850681224837E-17;1.18525929703138E-16;0;0
2.04834453084928E-16;8.71090077872882E-17;0;0
8.61374695518055E-17;3.35716837688845E-17;0;0
1.44410083287750E-17;5.04468234972359E-17;0;0
3.87550990478263E-17;1.45539190016723E-16;0;0
4.07406133059467E-17;9.95681506181238E-17;0;0
4.12538646097344E-17;1.73883950455580E-17;0;0
5.63275619571965E-17;1.29146179558091E-17;0;0
1.18059746029952E-16;2.45769838642063E-17;0;0
5.77714448184056E-17;9.21619851792412E-17;0;0
9.44406861810191E-17;1.31264660815836E-16;0;0
5.86610375524207E-17;1.29403927752201E-16;0;0
6.13370360804867E-17;1.48795011674255E-16;0;0
2.14168493789015E-17;8.72767570047918E-17;0;0
2.08296651112939E-17;4.12196037986794E-18;0;0
6.13730244165770E-17;1.44084700317639E-16;0;0
9.49177276132203E-17;6.12414654911923E-17;0;0
3.79134091558580E-18;1.96322211908972E-17;0;0
1.10156470670371E-17;6.11202437464587E-17;0;0
1.57104195004281E-16;2.64113356362233E-17;0;0
7.93885696178636E-18;5.59836579971718E-17;0;0
1.62106998001668E-17;2.61500035326489E-16;0;0
3.10774649686999E-17;1.21117412082705E-16;0;0
3.12590374107846E-17;1.72968656932138E-17;0;0
3.08526988857180E-17;1.15450568493503E-16;0;0
7.63383326729023E-17;6.67904811883327E-17;0;0
5.92510745123947E-17;5.56545428888872E-17;0;0
2.71937752631397E-17;5.35303186965044E-17;0;0
3.06040320642128E-17;1.05594052717353E-16;0;0
1.05423341829052E-17;1.66503594604121E-16;0;0
1.39099945134623E-17;7.46828652705642E-17;0;0
1.21362329171297E-16;1.01047782860221E-17;0;0
4.47033588759552E-17;1.04377495961200E-16;0;0
1.25810234780575E-16;3.68423712213229E-17;0;0
2.83448977820620E-17;1.07406687912736E-17;0;0
1.49163361452962E-16;1.20205142870779E-17;0;0
8.06463647756813E-17;8.43312029095782E-18;0;0
8.20351349306076E-17;1.95430952773419E-17;0;0
4.70219178037533E-18;8.39099077459568E-17;0;0
5.41467719738255E-17;1.33833913093379E-17;0;0
3.02749273063166E-17;4.47291443778034E-17;0;0
3.50792241270232E-17;8.71399042187327E-17;0;0
5.35224004620322E-17;1.58484723416823E-16;0;0
9.87854616095699E-17;1.55375256142626E-16;0;0
1.60370837265129E-16;4.76454174560340E-17;0;0
7.03490431685588E-17;2.53606455387917E-17;0;0
9.74070458250553E-18;2.68809001691481E-17;0;0
6.22791743097779E-17;4.79378350621548E-17;0;0
1.60783896495837E-17;6.59999652667081E-17;0;0
3.30984631528263E-17;6.47484167221987E-17;0;0
1.01613548568433E-16;2.46832413932858E-17;0;0
6.12353211513679E-17;3.00725066004685E-18;0;0
3.46293552359651E-17;9.91695240600308E-18;0;0
;;0;0
;;0;0
;;0;0
;;0;0
;;0;0
;;0;0
;;0;0
;;0;0
;;0;0
;;0;0
;;0;0
;;0;0
;;0;0
;;0;0
;;0;0
;;0;0
;;0;0
;;0;0
;;0;0
;;0;0
;;0;0
;;0;0
;;0;0
;;0;0
;;0;0
;;0;0
;;0;0
;;0;0
;;0;0
;;0;0
;;0;0
;;0;0
;;0;0
;;0;0
;;0;0
;;0;0
;;0;0
;;0;0
;;0;0
;;0;0
;;0;0
;;0;0
;;0;0
;;0;0
;;0;0
;;0;0
;;0;0
;;0;0
;;0;0
;;0;0
;;0;0
;;0;0
;;0;0
;;0;0
;;0;0
;;0;0
;;0;0
;;0;0
;;0;0
;;0;0
;;0;0
;;0;0
;;0;0
;;0;0
;;0;0
;;0;0
;;0;0
;;0;0
;;0;0
;;0;0
;;0;0
;;0;0
;;0;0
;;0;0
;;0;0
;;0;0
;;0;0
;;0;0
;;0;0
;;0;0
;;0;0
;;0;0
;;0;0
;;0;0
;;0;0
;;0;0
;;0;0
;;0;0
;;0;0
;;0;0
;;0;0
;;0;0
;;0;0
;;0;0
;;0;0
;;0;0
;;0;0
;;0;0
;;0;0
;;0;0
;;0;0
;;0;0
;;0;0
;;0;0
;;0;0
;;0;0
;;0;0
;;0;0
;;0;0
;;0;0
;;0;0
;;0;0
;;0;0
;;0;0
;;0;0
;;0;0
;;0;0
;;0;0
;;0;0
;;0;0
;;0;0
;;0;0
;;0;0
;;0;0
;;0;0
;;0;0
;;0;0
;;0;0
;;0;0
;;0;0
;;0;0
;;0;0
;;0;0
;;0;0
;;0;0
;;0;0
;;0;0
;;0;0
;;0;0
;;0;0
;;0;0
;;0;0
;;0;0
;;0;0
;;0;0
;;0;0
;;0;0
;;0;0
;;0;0
;;0;0
;;0;0
;;0;0
;;0;0
;;0;0
;;0;0
;;0;0
;;0;0
;;0;0
;;0;0
;;0;0
;;0;0
;;0;0
;;0;0
;;0;0
;;0;0
;;0;0
;;0;0
;;0;0
;;0;0
;;0;0
;;0;0
;;0;0
;;0;0
;;0;0
;;0;0
;;0;0
;;0;0
;;0;0
;;0;0
;;0;0
;;0;0
;;0;0
;;0;0
;;0;0
;;0;0
;;0;0
;;0;0
;;0;0
;;0;0
;;0;0
;;0;0
;;0;0
;;0;0
;;0;0
;;0;0
;;0;0
;;0;0
;;0;0
;;0;0
;;0;0
;;0;0
;;0;0
;;0;0
;;0;0
;;0;0
;;0;0
;;0;0
;;0;0
;;0;0
;;0;0
;;0;0
;;0;0
;;0;0
;;0;0
;;0;0
;;0;0
;;0;0
;;0;0
;;0;0
;;0;0
;;0;0
;;0;0
;;0;0
;;0;0
;;0;0
;;0;0
;;0;0
;;0;0
;;0;0
;;0;0
;;0;0
;;0;0
;;0;0
;;0;0
;;0;0
;;0;0
;;0;0
;;0;0
;;0;0
;;0;0
;;0;0
;;0;0
;;0;0
;;0;0
;;0;0
;;0;0
;;0;0
;;0;0
;;0;0
;;0;0
;;0;0
;;0;0
;;0;0
;;0;0
;;0;0
;;0;0
;;0;0
;;0;0
;;0;0
;;0;0
;;0;0
;;0;0
;;0;0
;;0;0
;;0;0
;;0;0
;;0;0
;;0;0
;;0;0
;;0;0
;;0;0
;;0;0
;;0;0
;;0;0
;;0;0
;;0;0
;;0;0
;;0;0
;;0;0
;;0;0
;;0;0
;;0;0
;;0;0
;;0;0
;;0;0
;;0;0
;;0;0
;;0;0
;;0;0
;;0;0
;;0;0
;;0;0
;;0;0
;;0;0
;;0;0
;;0;0
;;0;0
;;0;0
;;0;0
;;0;0
;;0;0
;;0;0
;;0;0
;;0;0
;;0;0
;;0;0
;;0;0
;;0;0
;;0;0
;;0;0
;;0;0
;;0;0
;;0;0
;;0;0
;;0;0
;;0;0
;;0;0
;;0;0
;;0;0
;;0;0
;;0;0
;;0;0
;;0;0
;;0;0
;;0;0
;;0;0
;;0;0
;;0;0
;;0;0
;;0;0
;;0;0
;;0;0
;;0;0
;;0;0
;;0;0
;;0;0
;;0;0
;;0;0
;;0;0
;;0;0
;;0;0
;;0;0
;;0;0
;;0;0
;;0;0
;;0;0
;;0;0
;;0;0
;;0;0
;;0;0
;;0;0
;;0;0
;;0;0
;;0;0
;;0;0
;;0;0
;;0;0
;;0;0
;;0;0
;;0;0
;;0;0
;;0;0
;;0;0
;;0;0
;;0;0
;;0;0
;;0;0
;;0;0
;;0;0
;;0;0
;;0;0
;;0;0
;;0;0
;;0;0
;;0;0
;;0;0
;;0;0
;;0;0
;;0;0
;;0;0
;;0;0
;;0;0
;;0;0
;;0;0
;;0;0
;;0;0
;;0;0
;;0;0
;;0;0
;;0;0
;;0;0
;;0;0
;;0;0
;;0;0
;;0;0
;;0;0
;;0;0
;;0;0
;;0;0
;;0;0
5.24317646493848E-18;9.03152834943087E-17;0;0
6.65099915198640E-17;1.30340219242891E-16;0;0
2.66159578468931E-17;1.16201451616332E-16;0;0
6.73173200548034E-17;5.33106289298948E-17;0;0
1.20492170546515E-16;7.62983441146977E-19;0;0
1.22873591531055E-17;3.67413245493386E-17;0;0
3.09312312300701E-17;5.37973067510116E-17;0;0
1.56092768126077E-17;7.94345803634003E-17;0;0
4.03125528422435E-17;6.91710792764531E-17;0;0
4.59479662532129E-17;8.82561447949859E-17;0;0
6.51845304132638E-17;8.26144018914457E-17;0;0
1.19130907291995E-17;4.55395952086329E-18;0;0
1.03767736830704E-16;2.92656801185019E-17;0;0
6.40177363427743E-17;4.36658589569682E-17;0;0
9.83129375219036E-17;3.92576148857864E-17;0;0
5.74804905371636E-17;1.70155108936906E-16;0;0
3.91286186634187E-17;1.55239822797691E-18;0;0
2.07521492389039E-16;5.16319289973276E-17;0;0
8.19357832874860E-17;5.89702666288143E-17;0;0
2.81625939394709E-17;1.42582791650852E-17;0;0
1.04414831429731E-16;6.46909214141323E-17;0;0
3.84305692756904E-17;5.00880687851050E-17;0;0
7.44909191717182E-17;1.88883610559182E-17;0;0
4.66375912465679E-17;4.72932918301774E-17;0;0
8.06290614165312E-18;1.83546898215660E-17;0;0
1.36577796662426E-16;1.18458136693667E-16;0;0
1.11302146612637E-17;8.79102911288529E-17;0;0
7.88703852118151E-18;6.25529897111123E-18;0;0
4.12077102283802E-18;4.47533780880220E-17;0;0
3.75364939840785E-17;5.78599108201670E-18;0;0
7.14491424262113E-17;9.92061080346137E-17;0;0
6.28632826578693E-17;2.85433604569107E-17;0;0
1.08483525729525E-16;4.76951406182286E-17;0;0
7.22405877891463E-17;2.30907575844839E-17;0;0
3.34988006277825E-17;1.03819291451829E-16;0;0
4.86400223610705E-17;7.13288472500488E-18;0;0
6.10799136701629E-17;3.89095571267014E-17;0;0
8.20442615712530E-17;5.80829214961421E-17;0;0
5.44676917351453E-17;1.06034462320155E-16;0;0
1.13533262287502E-16;1.62735503738972E-17;0;0
4.91957111663907E-17;2.80757552397058E-17;0;0
1.04120973373402E-16;3.57433376210530E-17;0;0
5.99873354110356E-17;8.79833350450613E-17;0;0
3.84034229451047E-17;1.17405796463234E-16;0;0
1.16889272094595E-16;7.96541211952835E-17;0;0
1.27582194372100E-16;2.71448607350611E-17;0;0
2.92045606823193E-17;4.88985986838063E-17;0;0
5.19172887269128E-18;8.80422750798442E-17;0;0
1.62947841033052E-17;4.03067300220138E-17;0;0
8.24833315051311E-17;9.75555756975257E-17;0;0
3.28174270043384E-17;3.11486748041206E-17;0;0
1.03514953395416E-16;3.60713129933150E-17;0;0
1.88262552634177E-17;8.48649900684150E-18;0;0
4.62421448080423E-17;2.82774322482661E-17;0;0
8.68474661835093E-17;6.12601477604579E-18;0;0
1.30684328619799E-17;7.69281353870785E-17;0;0
1.10540253071907E-16;5.60695571000204E-17;0;0
1.58756367631868E-16;1.00661390004048E-16;0;0
6.36522200529000E-17;9.67345831243224E-17;0;0
2.33362571886422E-17;3.21457449345036E-17;0;0
1.12135928652734E-16;3.24320767457770E-17;0;0
8.41667433388740E-17;4.09205048219917E-17;0;0
2.26079187036579E-17;9.63732847442534E-18;0;0
2.59066611256191E-17;2.85193161193645E-17;0;0
9.83619401273815E-17;8.21107638883191E-17;0;0
8.31715505873457E-17;9.21785778371639E-17;0;0
8.41024213213164E-17;4.45118747971365E-17;0;0
7.62871078246805E-18;7.89655946834545E-17;0;0
7.25744264781041E-17;1.92883627217972E-16;0;0
3.44910180150298E-17;2.60474840110733E-17;0;0
2.21010344723562E-16;8.21820045890500E-17;0;0
1.14384830329896E-16;7.09864489005167E-17;0;0
9.91388451847533E-17;1.50454833810602E-16;0;0
4.17886608186868E-17;8.24555198758684E-18;0;0
2.80828921510023E-17;3.43197259690014E-17;0;0
1.37301966873627E-16;1.08336381356384E-16;0;0
6.67560984227227E-17;4.43461619220531E-17;0;0
2.28275470598895E-17;3.34360348329088E-17;0;0
1.45181751223076E-16;2.24976605542746E-18;0;0
3.16244956063486E-17;4.05086471247400E-17;0;0
9.53449447002320E-17;9.87361732669395E-17;0;0
2.27757252239579E-17;1.00158788064268E-16;0;0
4.68672612623786E-17;4.58003789627641E-17;0;0
1.03763473641614E-17;3.50122399339991E-17;0;0
3.43999429474872E-17;1.51926521104501E-16;0;0
4.34778818820589E-17;9.98594052042710E-17;0;0
8.88886875670533E-18;1.31025561745535E-17;0;0
2.03271255358869E-17;1.44825750037599E-17;0;0
1.75269719356991E-18;7.48918693993819E-17;0;0
8.43214248131270E-17;3.99450813031340E-17;0;0
1.98191349237284E-17;1.29191169001749E-17;0;0
4.09801636227154E-17;2.20146845806317E-17;0;0
9.40200183947081E-17;6.27518277055189E-17;0;0
4.93390185018704E-17;4.04215692117577E-18;0;0
9.52055052445293E-17;4.83550451166404E-17;0;0
1.51106124573599E-17;1.40718858898711E-16;0;0
1.05177969050638E-17;2.95713759156771E-17;0;0
1.41463900429818E-16;5.73790314642901E-17;0;0
8.58257519326480E-18;3.25960988987310E-17;0;0
1.64693175928366E-17;1.35105440167713E-16;0;0
