1.529666999995243e-08;5.222254000254907e-08;5.0275119999423624e-08;4.834267999976873e-07
1.6335824999259784e-08;5.507476000348106e-08;5.2388759999303146e-08;4.924543999950401e-07
1.6667554999003186e-08;5.298493999871425e-08;5.674172000144608e-08;4.7168780001811684e-07
1.9903050000721122e-08;6.074633999960497e-08;6.263878000318073e-08;5.044639999978245e-07
2.0125329997972586e-08;6.736611999804154e-08;6.603400000021793e-08;5.139712000382133e-07
2.074654999887571e-08;5.038599999970757e-08;5.6808380002621564e-08;5.071651999605819e-07
1.9151840000995436e-08;5.796330000157468e-08;6.49801200022921e-08;4.870409999857656e-07
2.1531580001465045e-08;6.823085999931208e-08;7.032260000123642e-08;5.079533999669366e-07
2.0743584999581798e-08;5.508306000265293e-08;6.131920000188984e-08;5.350225999718532e-07
2.3234649997903034e-08;6.463723999913782e-08;6.129694000119343e-08;4.805121999816038e-07
2.0643510000081734e-08;6.574002000270411e-08;7.195586000452749e-08;5.40404999977909e-07
2.2123680001823232e-08;6.362561999703757e-08;6.877139999996871e-08;5.474263999494724e-07
2.231181999959517e-08;6.642113999696449e-08;7.162970000063069e-08;5.404681999934837e-07
2.4548674999095964e-08;5.7448080001631754e-08;7.644971999689006e-08;5.282114000292495e-07
2.074813999934122e-08;6.161426000180654e-08;6.09085200005211e-08;5.044307999778539e-07
2.033340999914799e-08;7.165292000281624e-08;7.022895999834872e-08;5.145315999980085e-07
2.497653000173159e-08;6.84424199978821e-08;6.452142000198365e-08;5.184492000262252e-07
1.8440470000496136e-08;6.544651999720373e-08;6.446823999867774e-08;5.210764000075869e-07
2.318805999821052e-08;5.947207999997772e-08;5.1457940001273525e-08;4.88370599981863e-07
1.8978824999067e-08;6.151522000436672e-08;5.252857999876142e-08;5.123129999847152e-07
2.2162729999399743e-08;6.782447999576107e-08;6.48788999998942e-08;5.265574000077323e-07
2.1520060001057573e-08;7.126519999583251e-08;7.201973999617622e-08;5.129241999820806e-07
2.1038449998013675e-08;6.775706000044011e-08;5.671358000254259e-08;4.860715999966487e-07
1.7354689999774563e-08;6.144904000102542e-08;5.634866000036709e-08;4.880743999965489e-07
1.8457140000828077e-08;6.193680000142194e-08;6.364766000187955e-08;4.987550000078045e-07
2.3225420000380837e-08;6.001592000247911e-08;6.320724000106566e-08;5.171261999639682e-07
2.145472999836784e-08;6.343198000104167e-08;5.5313219997333366e-08;5.059756000409834e-07
2.094226999906823e-08;7.084170000161976e-08;6.340696000261232e-08;4.942335999803617e-07
2.3433559999102726e-08;6.567447999841534e-08;6.187427999684587e-08;5.661260000197217e-07
2.053452000254765e-08;6.47419799992349e-08;6.976290000020527e-08;4.793376000015997e-07
2.307066999928793e-08;6.70321999990847e-08;6.497088000178337e-08;4.777272000210359e-07
1.7869815000449306e-08;6.563198000076227e-08;6.813229999970644e-08;4.944528000196442e-07
2.0062319999851753e-08;7.215919999871403e-08;6.660631999839097e-08;5.207088000024669e-07
2.004509000107646e-08;6.655878000310622e-08;6.975749999983236e-08;5.066360000055284e-07
2.4552499997662382e-08;6.721204000059515e-08;7.603608000208623e-08;5.045210000243969e-07
1.875956000003498e-08;6.649728000047616e-08;6.303522000089288e-08;5.098643999663182e-07
2.1419795000110753e-08;6.198305999860168e-08;6.061190000036732e-08;4.917692000162788e-07
2.085574000084307e-08;7.06329199951142e-08;6.019599999999627e-08;5.367807999718934e-07
2.0640994999848773e-08;6.275727999745868e-08;6.355907999677584e-08;5.185815999866464e-07
2.032416499860119e-08;7.480672000092454e-08;6.41551000007894e-08;5.22402599977795e-07
1.8521069998678285e-08;6.00287000008393e-08;6.511337999836542e-08;5.330558000132442e-07
2.1196109999436884e-08;7.403096000198274e-08;7.135376000078395e-08;5.015665999962948e-07
2.201078999933088e-08;6.89617800002452e-08;6.426606000168249e-08;5.22443399997428e-07
2.1979060000739993e-08;5.946185999782756e-08;6.759802000015043e-08;5.234614000073634e-07
2.1890525000344496e-08;6.691091999527999e-08;6.255195999983698e-08;5.78353800054174e-07
2.341158000053838e-08;6.600297999684699e-08;7.471568000037223e-08;5.68591000046581e-07
2.384277999808546e-08;5.958910000044853e-08;8.079657999915071e-08;5.271392000140622e-07
2.0229299999482465e-08;5.981386000057682e-08;5.8425960002932696e-08;4.573289999971166e-07
2.4375589998089707e-08;5.8086679998086764e-08;6.910700000007636e-08;5.303075999836438e-07
1.867385000077775e-08;5.973879999946803e-08;6.533289999933913e-08;5.14363800000865e-07
2.5972090000868776e-08;6.427047999459319e-08;5.651762000052258e-08;4.7575400001369415e-07
1.7456879999372177e-08;5.771710000117309e-08;6.17852800001856e-08;5.142065999680198e-07
2.0659875001001637e-08;6.471228000009433e-08;6.359638000139967e-08;5.225596000091173e-07
2.3737220000475645e-08;6.940893999999389e-08;6.351444000029005e-08;4.905842000152916e-07
2.0234680001158267e-08;5.9312820003833623e-08;5.8482539997203276e-08;5.159299999941141e-07
2.2776150002027863e-08;6.171152000315488e-08;5.678723999881186e-08;4.783729999908246e-07
2.3042640002677217e-08;5.282593999872915e-08;5.6244740000693126e-08;5.097113999654539e-07
2.0444830000633373e-08;6.276832000003197e-08;5.578632000251673e-08;5.289494000026025e-07
2.222608999873046e-08;6.683672000071966e-08;6.037444000248798e-08;5.128167999791913e-07
2.0862574999046045e-08;7.423705999972299e-08;4.903677999973297e-08;5.527570000267587e-07
2.1966909998445772e-08;7.03347800008487e-08;5.985685999621637e-08;5.299790000426583e-07
2.4002709999331274e-08;7.779319999972359e-08;6.002268000156619e-08;5.237442000070586e-07
2.1048619999783113e-08;6.528857999946922e-08;6.423433999880217e-08;5.716245999792591e-07
2.2004269999160898e-08;7.380042000440881e-08;5.697463999968022e-08;4.517627999885008e-07
2.044735499948729e-08;5.121997999958694e-08;6.399277999880724e-08;4.961226000450552e-07
2.18614899989916e-08;7.323580000083893e-08;6.262931999517605e-08;5.520235999720171e-07
2.0715639999252744e-08;7.645743999746628e-08;6.842532000155189e-08;5.022862000041641e-07
2.237071000272408e-08;5.721895999740809e-08;5.6604060000972825e-08;5.212702000280842e-07
1.8560470000375063e-08;6.57346400024835e-08;7.213347999495454e-08;5.116520000156016e-07
2.4584829999366774e-08;5.8202720002736894e-08;6.971749999793246e-08;4.7440799995092674e-07
2.3227780000888743e-08;5.603232000139542e-08;7.161573999910615e-08;5.228360000182875e-07
2.2806530000525527e-08;6.08918400015682e-08;6.14458399999421e-08;5.024406000156887e-07
1.743916499981424e-08;6.235054000280798e-08;6.205768000218086e-08;4.843794000335037e-07
2.1476149999944028e-08;6.287800000282004e-08;7.213800000026823e-08;4.875810000230558e-07
2.0790859998669476e-08;6.49834199983161e-08;5.7147620001342145e-08;4.648113999865018e-07
2.3339179999311454e-08;6.482213999843225e-08;5.974939999869093e-08;4.6157480002148077e-07
2.0126090000849217e-08;5.9009199996944514e-08;7.417803999851457e-08;4.7035000001778825e-07
2.4837959997239524e-08;7.084466000087559e-08;5.4735140001866965e-08;4.915041999774985e-07
1.8587665000814012e-08;5.865136000211351e-08;5.75279800046701e-08;5.286918000201695e-07
2.23052799992729e-08;6.994465999887325e-08;7.227200000197626e-08;5.342419999651611e-07
2.599761000019498e-08;6.11466999980621e-08;5.761087999562733e-08;4.999263999634422e-07
2.128008999861777e-08;6.620881999842823e-08;5.957668000482954e-08;4.68399400007911e-07
2.045212000084575e-08;5.252244000439532e-08;6.681343999807723e-08;4.94035999989137e-07
2.358787000121083e-08;6.610253999824636e-08;6.57725199998822e-08;4.3911400000797584e-07
2.0555090002017096e-08;6.092433999874628e-08;6.397661999799312e-08;5.019978000200354e-07
1.7767545000242534e-08;6.022385999676771e-08;6.30187799979467e-08;4.867046000435949e-07
1.8726279999827965e-08;6.434607999981381e-08;5.7740500004729256e-08;4.865955999703146e-07
2.1635010000318287e-08;6.450184000423178e-08;5.3214640001533555e-08;4.777239999966696e-07
1.8120115000056102e-08;5.562070000451058e-08;5.1584919996093957e-08;4.5072800002526494e-07
1.767450000043027e-08;5.985951999900863e-08;5.039524000021629e-08;4.6930300001986327e-07
1.9702350000443404e-08;6.012171999900602e-08;5.419854000210762e-08;4.898761999793351e-07
2.0955339999636637e-08;5.617785999784246e-08;6.061436000163666e-08;4.813779999967664e-07
2.0010159999947064e-08;6.969749999698252e-08;6.16011600010097e-08;4.757400000235066e-07
2.1521364999352955e-08;5.449872000026517e-08;6.72353399975691e-08;4.912742000306025e-07
2.01115399991977e-08;5.3608079999685286e-08;5.5426859995350245e-08;4.80390399985481e-07
1.6677575001085644e-08;5.710084000020288e-08;5.552579999784939e-08;4.531812000204809e-07
1.7346224999346303e-08;5.579394000233151e-08;5.3444519999902696e-08;4.926650000270456e-07
1.8638800000189803e-08;6.065636000130326e-08;5.5361599999014286e-08;4.675506000057794e-07
1.755007000028854e-08;5.586369999800809e-08;5.013842000043951e-08;4.7643400001106785e-07
1.7482210000162013e-08;5.010524000390433e-08;5.146328000118956e-08;4.7650460002478214e-07
1.6112999999313616e-08;5.4769160004798326e-08;5.5435340001713484e-08;4.5969419996254145e-07
1.6972610000811984e-08;5.73861000011675e-08;5.451905999798328e-08;4.613158000283875e-07
1.7680034998920746e-08;6.099450000328944e-08;5.3041999996639787e-08;4.906343999900856e-07
1.7181270000583027e-08;5.7949179998831825e-08;5.0272639998001976e-08;4.529752000235021e-07
1.7565429999376647e-08;5.520803999970667e-08;5.4088419995969165e-08;4.661206000018865e-07
1.6732774999400135e-08;5.849652000470087e-08;6.341508000041358e-08;4.905777999665588e-07
1.840939499961678e-08;5.75113800005056e-08;5.772523999912664e-08;4.6005360002163796e-07
1.7945070000132546e-08;5.499657999607734e-08;5.69969600008335e-08;4.812847999855876e-07
1.6981920000398533e-08;5.818674000329338e-08;5.4717420000815767e-08;5.013193999766372e-07
1.900686000008136e-08;5.828052000142634e-08;5.596763999783434e-08;4.728607999859378e-07
1.65181999997003e-08;6.06171199993696e-08;5.510510000167414e-08;4.671010000165552e-07
1.7054735000419894e-08;5.3843860002234576e-08;6.16135000018403e-08;5.092488000518643e-07
1.7100930000015068e-08;5.841315999859944e-08;5.835632000234909e-08;4.852303999941796e-07
1.8484825000632555e-08;6.283851999905892e-08;6.765117999748327e-08;4.7146879998035727e-07
1.8721785000525413e-08;5.411717999959365e-08;5.0602799997432156e-08;4.727116000140086e-07
1.6711985001165884e-08;5.486308000399731e-08;5.25982599996496e-08;4.796261999872513e-07
1.664177000056952e-08;5.374934000428766e-08;5.0595060002524406e-08;4.625993999652565e-07
1.773488000035286e-08;5.400179999996908e-08;5.317761999904178e-08;4.653942000004463e-07
1.80797299995902e-08;5.490106000215746e-08;6.323893999797293e-08;4.742162000038661e-07
1.632861999969464e-08;5.4487979999976235e-08;5.131902000284754e-08;4.919660000014119e-07
2.1101939998334273e-08;5.524291999754496e-08;5.489595999824814e-08;5.237671999493614e-07
1.824949000001652e-08;6.049379999749363e-08;4.9224859999958423e-08;4.7076140000717713e-07
1.6926670000248122e-08;5.6292320002103224e-08;5.85292199975811e-08;4.4662440003594383e-07
1.840553999936674e-08;5.7346919999690725e-08;5.829738000174984e-08;5.013252000208012e-07
1.7970525000419003e-08;5.8646640001097695e-08;5.642438000068068e-08;4.770902000018395e-07
1.8317429999297018e-08;5.8266059996094556e-08;5.819515999755822e-08;4.88812199968379e-07
2.1199680000427178e-08;5.62798600003589e-08;5.7072120002703744e-08;4.647446000017226e-07
1.896186499943724e-08;6.121586000081152e-08;5.898980000056327e-08;4.810943999909796e-07
1.7206695000641047e-08;5.908699999563396e-08;4.95498200005386e-08;4.6655740001006054e-07
2.063268500060076e-08;5.999941999907605e-08;5.5878339998889714e-08;4.956758000189439e-07
1.739712499984307e-08;5.5473779997555536e-08;6.108679999597371e-08;4.610996000119485e-07
1.9188530000974425e-08;5.804541999823414e-08;6.299413999659009e-08;5.101376000093297e-07
1.7673020000802354e-08;5.662482000188902e-08;6.686498000053689e-08;5.152039999957197e-07
1.730492500064429e-08;5.780577999539673e-08;5.594864000449888e-08;4.5429639995563776e-07
1.8809175000933466e-08;6.679983999929391e-08;6.27197400026489e-08;5.111458000028506e-07
1.8583110001054593e-08;5.986695999745279e-08;5.949941999861039e-08;4.792894000420346e-07
1.8939369999861812e-08;6.405173999955878e-08;5.579935999703594e-08;5.408666000002995e-07
1.6830259999551343e-08;5.489728000247851e-08;5.1042800000868736e-08;4.868515999987721e-07
1.6090950000216254e-08;5.4663180001080035e-08;5.367673999862746e-08;4.3558400002075357e-07
1.488478500104975e-08;5.134746000403538e-08;4.846461999695748e-08;5.206059999763966e-07
1.8327449999924284e-08;6.0770319995936e-08;5.923923999653198e-08;4.82744199980516e-07
1.7669794999528675e-08;6.690727999666706e-08;5.554014000226743e-08;4.776586000225507e-07
2.1244660002412274e-08;5.955049999756739e-08;6.394383999868297e-08;5.125316000194288e-07
1.9028229999821634e-08;6.071810000576078e-08;5.690066000097431e-08;5.216613999800756e-07
1.953759500029264e-08;6.549029999878258e-08;5.4636060004122555e-08;4.92039599979762e-07
1.6975149999780115e-08;6.320709999999963e-08;5.289468000410125e-08;4.798432000097819e-07
1.9213919999310747e-08;5.1778140000533314e-08;5.814845999702811e-08;4.6804460004204884e-07
1.8627374999050518e-08;5.2817180001875384e-08;4.9725820001913236e-08;4.5740479999221863e-07
1.5815474999544676e-08;6.291108000441455e-08;5.6387179996818304e-08;4.5498320000479e-07
1.5602950000902637e-08;6.344286000239663e-08;6.135093999910168e-08;4.6014679997460917e-07
1.8796524999197572e-08;5.596009999862872e-08;6.089147999882699e-08;4.53856399981305e-07
2.0358169998507945e-08;5.4613940004492176e-08;5.3563960001338275e-08;4.867542000138201e-07
1.6452720000233968e-08;6.016016000066884e-08;5.393690000055358e-08;4.711215999559499e-07
1.974494500027504e-08;5.3150379995349794e-08;5.694627999910153e-08;5.010765999904834e-07
1.868279999907827e-08;5.649601999903098e-08;5.5370940000284465e-08;4.668732000282034e-07
1.7422349999833387e-08;5.5240699998103085e-08;6.369291999726557e-08;5.113756000064313e-07
1.829239999933634e-08;5.297939999727532e-08;5.6683699996210636e-08;4.804877999704331e-07
1.791605000034906e-08;6.199899999774062e-08;5.993813999812118e-08;4.923898000270128e-07
1.605382499983534e-08;5.332560000242665e-08;5.695872000069357e-08;4.810062000178732e-07
1.7346629999519793e-08;5.562141999835148e-08;5.4286820004926996e-08;4.850032000103966e-07
1.8014885000593495e-08;6.083409999846481e-08;5.39561000012327e-08;4.65342800016515e-07
1.6907475001062265e-08;5.60207599948626e-08;5.941488000098616e-08;4.510656000347808e-07
1.8917234998662024e-08;5.264390000374988e-08;5.2424559998326005e-08;4.781217999989167e-07
1.7743855000298936e-08;5.603376000071876e-08;5.824629999697208e-08;4.503499999991618e-07
1.864804000069853e-08;5.809067999944091e-08;6.06229799974244e-08;4.961720000137575e-07
1.8516140000429006e-08;5.58283600024879e-08;6.002666000276803e-08;4.661645999876782e-07
1.859093500097515e-08;6.083988000173121e-08;6.138837999897077e-08;4.804267999716103e-07
2.0141479998710567e-08;5.791769999777898e-08;5.288187999976799e-08;5.103003999684006e-07
2.0176705000631044e-08;6.520747999893502e-08;6.26529400004074e-08;4.844889999949374e-07
1.718071999930544e-08;6.066118000308052e-08;5.6213899998692794e-08;5.313530000275932e-07
2.043718000059016e-08;5.603351999889128e-08;5.8725759998196735e-08;4.941331999725662e-07
1.8575330000021495e-08;6.707856000284665e-08;5.987344000022858e-08;4.948354000225663e-07
2.0234699998400176e-08;5.6653459998779e-08;6.052987999864853e-08;5.005333999870345e-07
1.798689999995986e-08;6.145916000241414e-08;6.521318000159226e-08;4.914303999976255e-07
1.7078870000841562e-08;5.808244000072591e-08;5.7077200000640006e-08;4.716435999725945e-07
2.062279999954626e-08;5.9522439999273044e-08;5.7212299999082464e-08;4.6457360003842043e-07
1.883378499915125e-08;6.184806000092066e-08;6.180264000431634e-08;4.944988000206649e-07
2.1488439998938702e-08;5.8316220005508515e-08;5.32824800000526e-08;4.7134480002569033e-07
1.6572784999152646e-08;5.584648000076413e-08;5.810990000027232e-08;5.213174000382424e-07
1.9954294999479316e-08;5.967949999612757e-08;5.982692000106909e-08;5.409491999889724e-07
1.9221534999087453e-08;6.433254000148736e-08;5.6740759999956935e-08;4.661943999817595e-07
1.934955000033369e-08;5.5608999996911736e-08;6.397398000117392e-08;4.949509999714792e-07
2.002647000044817e-08;6.149652000167407e-08;5.943776000058279e-08;4.899710000026971e-07
1.9588659999135416e-08;5.8574499998940156e-08;6.44094000046607e-08;4.902098000166006e-07
2.029517000191845e-08;5.5720300000393766e-08;5.7737320003798234e-08;4.66113000002224e-07
1.640717999980552e-08;5.957188000320457e-08;5.1261099998373535e-08;4.791216000448913e-07
1.6912909998791292e-08;5.7360599999083204e-08;5.1221620000433176e-08;4.6239339996827766e-07
1.7662484999164007e-08;6.238090000115334e-08;5.914865999948233e-08;4.624900000053458e-07
1.9903844999498687e-08;5.7999820000259204e-08;5.63925999973435e-08;5.063885999843479e-07
1.7153859999962153e-08;5.932930000126362e-08;6.284124000230804e-08;4.789214000338688e-07
2.0306040000286886e-08;6.279252000385895e-08;6.169037999934517e-08;4.7680659999605266e-07
1.8385945000045467e-08;6.681788000278175e-08;6.334576000226661e-08;4.992290000081994e-07
2.1646490000421182e-08;5.89181000017561e-08;5.834493999718688e-08;4.883360000094399e-07
2.0044299997971393e-08;5.714131999993697e-08;5.68063999991864e-08;4.4247920002089814e-07
1.5796825000143145e-08;6.586341999936848e-08;5.86507799976971e-08;4.781108000315725e-07
1.7455194999638478e-08;5.300018000416458e-08;5.439628000021912e-08;4.6033660002285613e-07
1.693377500050701e-08;5.8035080000991004e-08;6.243727999972179e-08;5.334195999894291e-07
1.7257515000528657e-08;5.798376000020653e-08;6.636711999890394e-08;4.930918000172823e-07
2.0884039999509697e-08;5.859648000332527e-08;5.3760400001192465e-08;4.815400000079535e-07
1.716092499991646e-08;5.52821799996309e-08;5.40242999966722e-08;4.7054119996028023e-07
2.059595999890007e-08;6.228885999880732e-08;5.588002000004053e-08;4.907228000229224e-07
1.704081999923801e-08;5.708494000136852e-08;5.953072000411339e-08;4.964402000186965e-07
1.860210000013467e-08;6.332980000297539e-08;6.24597400019411e-08;4.605145999812521e-07
2.0322230001329443e-08;5.770201999694109e-08;5.518911999533884e-08;4.958369999658316e-07
1.634467499970924e-08;6.395837999880314e-08;5.885304000112228e-08;5.095751999760978e-07
1.9296015000145416e-08;5.957840000046417e-08;5.573668000288308e-08;5.090473999734968e-07
1.839120000076946e-08;6.787011999986135e-08;6.035628000390716e-08;4.795761999557726e-07
1.644367999979295e-08;6.341369999572635e-08;5.783880000235513e-08;4.754098000121303e-07
1.902818499947898e-08;5.884803999797441e-08;5.372103999834508e-08;5.054002000251785e-07
1.8285860000469257e-08;6.452873999951407e-08;6.108285999507644e-08;4.867817999911494e-07
1.6391740000108257e-08;6.399363999953494e-08;5.9130219998769464e-08;5.086376000544987e-07
1.6738685000746045e-08;5.675468000117689e-08;5.640189999830909e-08;4.964369999943302e-07
1.716123000078369e-08;5.983644000370987e-08;5.3824019996682184e-08;4.827502000262029e-07
1.7094960001122672e-08;6.196683999733069e-08;5.2575319999596106e-08;4.746692000189796e-07
1.643293000088306e-08;6.443276000209153e-08;5.62155999999959e-08;4.6278900001198054e-07
1.8465255000046453e-08;6.47797800018452e-08;5.7959859998663884e-08;5.016633999766782e-07
1.676873499964131e-08;5.737766000092961e-08;6.050231999834068e-08;4.919648000504821e-07
1.8280939999385736e-08;6.042390000075102e-08;5.762743999948725e-08;4.830726000363938e-07
1.7810420000751037e-08;5.941593999741599e-08;5.5376480001723394e-08;4.3879299995023756e-07
1.673940000036964e-08;5.7855460001155735e-08;6.165096000186167e-08;5.111582000390627e-07
1.8436414998723194e-08;6.12965999986045e-08;6.260934000019915e-08;4.667955999611877e-07
1.6591014999721665e-08;5.6015119998482985e-08;5.58740200009197e-08;4.775028000003658e-07
1.8848814998636955e-08;6.187387999962084e-08;5.829051999608055e-08;5.136659999843687e-07
1.939456499967491e-08;5.2535459998762235e-08;6.544386000023224e-08;4.740170000004582e-07
1.6008365000016055e-08;5.7123919995501636e-08;6.60990399948787e-08;5.131755999755115e-07
1.6000639999401756e-08;6.374043999821879e-08;5.527863999595865e-08;4.995233999798074e-07
1.7082994998781943e-08;6.407193999621086e-08;5.8390319999307397e-08;4.6912819996941835e-07
1.6172905001440086e-08;6.389645999879576e-08;6.514724000007846e-08;4.6740600001066925e-07
2.098651999840513e-08;6.833087999839336e-08;6.319734000135213e-08;5.107239999924786e-07
1.688946499925805e-08;5.5706099997041745e-08;6.116955999750644e-08;4.7156999999424444e-07
1.6508825001074e-08;5.714286000002176e-08;5.558510000118986e-08;4.780659999814816e-07
1.8817905000469183e-08;6.16691000002902e-08;5.574264000169933e-08;4.71449600008782e-07
2.0920450001722203e-08;5.92616599984467e-08;5.276294000213966e-08;4.719593999907374e-07
2.1196254999085795e-08;5.0135380000574514e-08;5.3834079997614024e-08;4.780507999821566e-07
2.1281159998034128e-08;5.5191720003494996e-08;5.6582019996130836e-08;4.731654000352137e-07
1.6997584998898673e-08;5.973079999675974e-08;5.6660259998170656e-08;4.871748000150547e-07
1.722695499920519e-08;5.796310000005178e-08;5.613192000309937e-08;4.792453999980353e-07
2.0267154999601188e-08;5.7452139997622e-08;5.635592000326142e-08;4.999400000087917e-07
1.8756599999323954e-08;5.724150000023656e-08;5.740366000100039e-08;4.924428000231274e-07
1.989723999868147e-08;6.216174000292086e-08;6.1698280001292e-08;4.748189999954775e-07
2.081841500039445e-08;5.7659319997765127e-08;6.077896000351757e-08;4.909194000065326e-07
1.808671499893535e-08;6.09197799989488e-08;5.237472000299022e-08;4.965102000278421e-07
1.731347999884747e-08;6.073901999625378e-08;5.81131600018125e-08;4.851595999789425e-07
1.8631075001030694e-08;6.023384000291117e-08;5.243070000433363e-08;4.677386000403203e-07
1.7958334999275395e-08;5.470601999550126e-08;5.4384220001520586e-08;5.047342000179924e-07
1.6955830001097637e-08;5.563432000344619e-08;5.732683999813162e-08;5.187086000223644e-07
1.8900724999548402e-08;5.9237580001354216e-08;6.072304000263102e-08;4.623602000065148e-07
1.7263590000220576e-08;5.843447999795899e-08;5.060784000088461e-08;4.612016000319272e-07
1.9821659999433905e-08;5.801421999931336e-08;5.932708000182174e-08;4.647975999978371e-07
1.7825940001057462e-08;6.193534000194632e-08;5.4872580000665036e-08;4.934615999809466e-07
1.500297500024317e-08;5.518152000149712e-08;5.67574400047306e-08;4.857366000069305e-07
1.668752000114182e-08;5.680939999874681e-08;4.9082659999839965e-08;4.679915999877267e-07
1.7969370000355412e-08;5.983978000003844e-08;5.719734000158496e-08;4.5467140001710507e-07
1.7904950000229292e-08;6.328473999747076e-08;5.559377999743447e-08;4.947527999756858e-07
1.7675564999808557e-08;6.096553999814205e-08;6.190435999887995e-08;4.836403999943286e-07
1.9652520000818184e-08;5.472214000183157e-08;5.480917999520898e-08;4.867905999999493e-07
1.831364499957999e-08;6.619936000206507e-08;5.524046000209637e-08;4.981451999628916e-07
1.8421809999563265e-08;6.218727999948897e-08;6.331362000200897e-08;4.7096079995390025e-07
1.9752814999083056e-08;5.444914000108838e-08;5.7690759998513384e-08;4.6059360000072046e-07
1.939688499987824e-08;5.6360679998761044e-08;6.467256000032648e-08;4.95859200018458e-07
1.9069809999200517e-08;5.413076000404544e-08;5.679573999950662e-08;4.716494000167586e-07
1.8803285001195036e-08;5.3028599999379366e-08;4.9554580001858994e-08;4.894727999926545e-07
1.806326500081923e-08;6.188225999940186e-08;5.68844800000079e-08;4.65468599984888e-07
1.7446409999683965e-08;6.124728000140749e-08;5.195942000136711e-08;4.4613480003317815e-07
1.5651634999085217e-08;5.822684000013396e-08;6.031934000202454e-08;4.745815999922343e-07
1.9760435000353027e-08;5.5480899999383837e-08;5.5623039999045434e-08;4.91358399973251e-07
1.983962999947835e-08;6.062669999664649e-08;5.635311999940313e-08;5.198509999900125e-07
1.706990999955451e-08;5.9289580001495776e-08;5.1791799999773505e-08;5.026544000138528e-07
1.8889195000519976e-08;5.958659999887459e-08;5.990164000540972e-08;4.481513999635354e-07
1.8252385000232607e-08;5.945854000165127e-08;6.044370000017807e-08;4.5295740000437947e-07
1.6915699999663047e-08;5.8343699999386444e-08;5.420612000161782e-08;4.74385799956508e-07
2.0360054999764544e-08;6.218612000229768e-08;5.962311999755912e-08;4.892704000230879e-07
1.6825519999838436e-08;6.50798799993936e-08;6.49466399976518e-08;4.907251999829896e-07
1.6742890000750777e-08;5.692307999706827e-08;5.976362000219523e-08;4.841525999945588e-07
2.3130690000834874e-08;6.958311999915168e-08;5.8946500002639366e-08;4.953975999960676e-07
1.869643500103848e-08;6.053521999856457e-08;5.362456000293605e-08;5.027235999586992e-07
1.7462089999753517e-08;5.311770000262186e-08;5.24617200018838e-08;4.652747999643907e-07
1.7061075000674464e-08;6.045259999809787e-08;5.840951999998652e-08;4.7068159998161717e-07
1.8170484999427573e-08;6.340373999555595e-08;5.7404640002641824e-08;4.818749999976717e-07
1.594860999903176e-08;6.14951600029599e-08;5.108923999941908e-08;4.896368000190705e-07
1.690008500008844e-08;5.894086000043899e-08;5.742781999870203e-08;4.969637999893166e-07
1.598558499972569e-08;5.346548000234179e-08;6.08163200027775e-08;4.713761999737471e-07
1.9853369999327695e-08;5.5265259998850526e-08;5.460411999956705e-08;4.950336000183597e-07
2.0017120000557042e-08;5.881075999932364e-08;5.3834559995448214e-08;4.745435999939218e-07
1.6582444999949074e-08;5.874477999750525e-08;6.14062600012403e-08;4.884214000194333e-07
1.8163565000577365e-08;5.461019999929704e-08;5.401529999799095e-08;4.824338000034913e-07
1.69775500005926e-08;5.579140000045299e-08;6.16887999989558e-08;5.324421999976039e-07
2.0743804999801795e-08;6.001732000149787e-08;5.526644000201486e-08;5.153639999916777e-07
1.825055999943288e-08;5.6949760002316906e-08;5.517587999929674e-08;5.091902000131085e-07
2.0576379998237825e-08;6.131881999899634e-08;6.608450000057928e-08;5.127476000343449e-07
1.8220135000592563e-08;6.339948000386357e-08;6.29499799979385e-08;4.906748000066727e-07
1.7191580000508112e-08;6.608807999873534e-08;5.832005999982357e-08;4.979739999980666e-07
2.146121999830939e-08;5.944947999669239e-08;5.966100000077859e-08;5.12823999975808e-07
2.262827000231482e-08;5.738461999571882e-08;6.206853999756277e-08;4.920050000073388e-07
1.8117595001240262e-08;5.909365999978036e-08;6.012243999866769e-08;4.788747999700717e-07
1.690882000111742e-08;5.876024000463076e-08;5.635769999935292e-08;4.840969999786466e-07
2.0358659999328665e-08;5.690748000051826e-08;6.066480000154115e-08;5.027918000123463e-07
1.882392000115942e-08;5.969006000086665e-08;6.105895999935455e-08;4.7118620004039257e-07
2.0623489998979494e-08;6.40599399979692e-08;5.044264000025578e-08;5.103050000034272e-07
1.8972305000352208e-08;5.8818019996397196e-08;5.55837000021711e-08;4.6967279998352753e-07
2.2102310002082958e-08;6.406743999687023e-08;5.5739740002900365e-08;4.956699999747798e-07
1.7458700000133833e-08;5.81806400034111e-08;5.843804000178352e-08;5.214727999991737e-07
1.9132169999647886e-08;6.17469799995888e-08;5.7868919998873024e-08;4.576096000382677e-07
1.9530385000689422e-08;5.723351999768056e-08;6.349002000060863e-08;5.086821999866515e-07
2.1198550000553952e-08;6.01557599962689e-08;6.199476000037976e-08;4.797233999706805e-07
1.757814000011422e-08;6.233414000016637e-08;5.26425999996718e-08;4.925379999913275e-07
1.8887774999893735e-08;5.778869999921881e-08;5.064783999696374e-08;4.727028000052087e-07
1.738714999955846e-08;6.10112400026992e-08;6.078143999911845e-08;4.893695999635384e-07
1.82907950002118e-08;5.79005400009919e-08;6.217194000491872e-08;4.961009999969974e-07
1.8413304998830425e-08;5.847624000161886e-08;5.808098000125028e-08;4.816115999710746e-07
1.9979349999630358e-08;6.244446000200697e-08;5.3814999997848645e-08;4.812237999867648e-07
2.059806000033859e-08;6.571542000165209e-08;5.622121999622323e-08;4.918588000000455e-07
1.9890104999649337e-08;6.057220000075176e-08;5.8910919999470934e-08;4.799950000015087e-07
2.135892999940552e-08;5.974386000307277e-08;6.284581999643706e-08;4.960921999881975e-07
2.0785990002332254e-08;5.894069999922067e-08;5.6610180001007393e-08;5.100123999873177e-07
2.0025359999272043e-08;6.388320000260137e-08;6.20124000008218e-08;4.775427999556996e-07
1.909352500078967e-08;5.506101999781095e-08;5.8086459996411574e-08;4.844324000296183e-07
1.8321930000092834e-08;6.055893999873661e-08;5.816453999723308e-08;5.080441999598407e-07
1.5953504999924918e-08;5.3947540000081064e-08;6.263845999492332e-08;4.874788000015542e-07
1.8155989999650047e-08;5.919034000253305e-08;5.994724000338465e-08;5.020435999613255e-07
1.8799284999840893e-08;6.352442000061273e-08;5.1942659995984284e-08;4.6555279998574404e-07
1.749664000089979e-08;6.165985999978147e-08;5.719595999689773e-08;4.819873999804258e-07
1.919868000113638e-08;5.673036000225693e-08;5.764774000272155e-08;5.055871999938973e-07
1.8053275000420398e-08;5.813228000188246e-08;6.914281999925151e-08;4.7418700001435357e-07
2.002552499907324e-08;5.946008000173606e-08;5.551248000119813e-08;5.100073999492452e-07
1.7377845000009984e-08;6.397119999746792e-08;6.534537999541499e-08;5.194219999830239e-07
1.8472854999708944e-08;5.942145999870263e-08;6.42660200013779e-08;4.7259080002550037e-07
2.0079400000395252e-08;6.065603999886661e-08;5.949082000297494e-08;4.812633999972604e-07
1.9550235000497197e-08;6.262542000040412e-08;6.112574000144378e-08;4.86484199995175e-07
1.9623254999169148e-08;5.608956000069156e-08;6.335917999967933e-08;5.160302000003867e-07
1.876328499929514e-08;6.565387999871746e-08;6.208759999717586e-08;4.6017060003941877e-07
1.8654314999002963e-08;5.927967999596149e-08;5.651870000292547e-08;5.038825999945402e-07
1.658240999968257e-08;5.651236000121571e-08;4.943494000472128e-08;4.92035599949304e-07
1.790803499898175e-08;6.325175999663771e-08;6.652598000364378e-08;4.822424000012688e-07
2.0029440001235343e-08;5.960957999923267e-08;6.148445999715477e-08;4.94851999974344e-07
2.1408519998658448e-08;6.148649999522604e-08;5.987065999652259e-08;4.724759999662638e-07
1.8392194999614732e-08;6.019458000082522e-08;5.141604000236839e-08;4.817401999607682e-07
1.7446120000386146e-08;5.714295999496244e-08;5.7903999998234214e-08;4.742186000221409e-07
1.7800575000001117e-08;5.8209660003194585e-08;5.94924799981527e-08;4.651457999716513e-07
1.7582309999852442e-08;5.650357999838888e-08;5.603726000408642e-08;5.050417999736965e-07
1.7364069999894126e-08;6.494168000062927e-08;6.83730800054036e-08;4.6517959999619054e-07
1.98243699996965e-08;6.38254199991934e-08;6.096999999717809e-08;5.374212000169792e-07
1.9918900000629947e-08;5.916431999648921e-08;5.731401999946684e-08;4.960026000044308e-07
1.866561999922851e-08;6.329491999931634e-08;6.167807999881916e-08;5.246871999697759e-07
2.0744664999074303e-08;6.01506800041534e-08;5.653982000076212e-08;4.739406000007875e-07
1.842138499923749e-08;5.620359999593347e-08;5.6900679995305834e-08;4.89765600010287e-07
1.914787999994587e-08;5.864230000297539e-08;5.730428000097163e-08;4.695681999437511e-07
1.944911000027787e-08;5.922882000450045e-08;5.138587999972515e-08;4.824247999931686e-07
1.734259499935433e-08;6.14697199955117e-08;6.08007800008636e-08;4.791729999706149e-07
1.849045999988448e-08;6.163295999867841e-08;5.878496000077576e-08;4.87587200012058e-07
1.889348999975482e-08;5.883314000093378e-08;5.63613600039389e-08;4.788952000089921e-07
2.2139640001114457e-08;6.298774000024423e-08;6.553332000039519e-08;4.915405999636277e-07
2.0392035000259056e-08;6.19254400022328e-08;6.311472000088542e-08;4.732561999699101e-07
1.948649999976624e-08;6.172520000254735e-08;6.316209999495185e-08;4.84320999996271e-07
2.160252000030596e-08;6.038081999868154e-08;5.4711280000628905e-08;5.134620000026189e-07
2.0498239999869838e-08;6.169639999861828e-08;6.235053999698721e-08;4.676391999819316e-07
1.6552090000186583e-08;5.200370000093244e-08;5.7929919997695836e-08;4.933677999651991e-07
2.032988000137266e-08;6.24171799980104e-08;5.4331780003849416e-08;4.834377999650314e-07
1.7485265000141225e-08;6.211589999729768e-08;6.504307999857702e-08;5.001454000012018e-07
1.865632499975618e-08;5.935546000255272e-08;6.76817400031723e-08;4.861389999859966e-07
1.9854029999987688e-08;5.968979999888688e-08;5.756553999963216e-08;4.939098000177183e-07
2.0467559999087825e-08;6.486935999710113e-08;5.836875999812037e-08;4.79295400029514e-07
1.701436500006821e-08;6.340235999668949e-08;6.316805999958888e-08;4.823884000070394e-07
2.0158034999622034e-08;5.599309999961406e-08;5.733291999786161e-08;4.991961999912746e-07
1.872272999898996e-08;5.5655419995309786e-08;6.033666000002995e-08;4.982777999830432e-07
1.9671804999234156e-08;5.9424679999938234e-08;6.601035999483429e-08;5.233175999601372e-07
1.8615154999133665e-08;6.256869999924674e-08;6.15139800007455e-08;5.170962000265717e-07
2.0597339997766538e-08;6.301538000116124e-08;6.002449999796226e-08;4.692644000169821e-07
1.8189439999696332e-08;5.8097000000998375e-08;6.102544000023045e-08;5.084575999644585e-07
2.0112720000906848e-08;5.920785999624059e-08;5.750417999806814e-08;4.87602400011383e-07
1.9744984999124427e-08;5.8492639998439697e-08;5.973949999897741e-08;5.10177800024394e-07
1.843263000046136e-08;6.13344400015194e-08;5.829967999598011e-08;5.170651999651454e-07
1.9418505000066943e-08;5.870920000015758e-08;5.5075199995189904e-08;5.046687999856658e-07
1.7052919999696314e-08;5.842718000058085e-08;5.3337660001125186e-08;4.935837999801152e-07
1.7483735000132582e-08;5.8051539998268706e-08;6.058674000087194e-08;4.904517999966629e-07
1.8670899998687675e-08;6.537180000450463e-08;5.897476000245661e-08;4.891869999701157e-07
2.063522999815177e-08;6.307414000038989e-08;6.019564000307582e-08;4.934279999579302e-07
1.9910244998754934e-08;6.238030000240542e-08;5.4647639999166134e-08;4.956012000329792e-07
2.001665999996476e-08;6.399146000039764e-08;5.919749999884516e-08;5.106908000307158e-07
1.9882779999170453e-08;6.004712000139989e-08;6.065750000416301e-08;4.88900600001216e-07
1.9994714998756536e-08;6.285465999972076e-08;5.822981999954209e-08;4.6942999999737366e-07
1.814124999946216e-08;5.5687560001388195e-08;6.256522000185214e-08;5.103385999682359e-07
1.910844999947585e-08;6.424238000181504e-08;5.786562000284903e-08;5.209605999989435e-07
1.863864999904763e-08;6.121096000424586e-08;6.037771999835968e-08;5.424321999889799e-07
1.6544574999716132e-08;6.077174000092782e-08;6.239315999555401e-08;4.983672000234947e-07
1.681265499937581e-08;5.96655000001192e-08;5.720139999757521e-08;4.977148000034504e-07
1.9479244999820367e-08;5.754236000357196e-08;5.555203999974765e-08;4.7386399999959394e-07
2.0294585000374353e-08;6.31495600042399e-08;5.790309999720194e-08;4.999028000165708e-07
1.860282499983441e-08;6.442770000430756e-08;6.664536000462249e-08;5.039457999519072e-07
1.843805499956943e-08;6.69075200043153e-08;5.278963999589905e-08;4.778104000142775e-07
1.9019760000810492e-08;6.036516000167467e-08;5.973075999645516e-08;4.789860000018962e-07
1.9831054999667687e-08;6.50632599950768e-08;6.622159999678842e-08;4.891226000036113e-07
1.8796819999988656e-08;5.999337999965064e-08;6.543503999710083e-08;5.083312000497244e-07
2.0001200000115206e-08;6.372556000133045e-08;4.995907999691553e-08;4.92396799963899e-07
2.0372089999727905e-08;5.657553999917582e-08;5.0311380001949144e-08;4.7591440001269803e-07
1.9543809999595395e-08;5.6394159997580576e-08;5.778920000302605e-08;5.003955999854952e-07
2.112548000004608e-08;5.987560000503436e-08;6.417511999607087e-08;5.207704000058584e-07
1.889662000030512e-08;5.704793999902904e-08;6.203148000058718e-08;4.874736000201665e-07
1.814872499962803e-08;6.305042000021786e-08;6.67137999960687e-08;4.879647999769077e-07
1.897478500031866e-08;6.02967000042554e-08;5.925331999897026e-08;5.090912000159733e-07
1.6659295000135898e-08;6.474335999810137e-08;6.422245999565348e-08;4.836391999851912e-07
1.7748574999859557e-08;5.4531339998357e-08;5.779358000145294e-08;4.755244000116363e-07
1.7979984999692532e-08;6.4782459998969e-08;5.995232000132091e-08;5.054883999982849e-07
2.1888090000720695e-08;5.4583940003067254e-08;5.777768000261858e-08;4.763906000298448e-07
1.9507094999426044e-08;6.044390000170096e-08;5.806483999476768e-08;4.874786000000313e-07
2.0384780000313187e-08;5.6791620003059504e-08;6.007711999700405e-08;4.835206000134349e-07
1.8825229999492877e-08;6.125695999944582e-08;5.8780939999269324e-08;4.93315999978222e-07
1.9297245000780094e-08;6.199342000181787e-08;6.225634000147692e-08;5.043559999903664e-07
2.0829634999972767e-08;6.293683999683708e-08;6.099327999982051e-08;4.971727999509313e-07
1.918644499965012e-08;6.101819999748841e-08;6.073620000388474e-08;5.116835999651813e-07
1.8084294999425764e-08;6.061004000366666e-08;6.201462000026368e-08;4.5871659996919333e-07
2.0570980000775306e-08;5.6297400000039486e-08;5.95988999994006e-08;4.991622000234202e-07
1.8702340000891125e-08;5.9390739997616034e-08;6.552023999975063e-08;5.233468000078574e-07
1.952489999966929e-08;6.280449999612756e-08;5.8430459996452555e-08;5.165512000094167e-07
1.9287415000144392e-08;5.081862000515685e-08;6.331173999933527e-08;4.776294000330381e-07
1.5996335000090766e-08;5.7092279999051246e-08;5.613674000487663e-08;4.966951999813318e-07
2.1030989999417216e-08;5.835400000214577e-08;6.19806399976369e-08;4.886380000389182e-07
1.7833075000089593e-08;5.981656000367365e-08;5.2022940001916143e-08;4.7288580000167713e-07
1.7229049999150447e-08;5.434698000317439e-08;5.4711839999072257e-08;4.762594000203535e-07
1.7456284999207127e-08;6.153365999925882e-08;5.332969999872148e-08;5.230533999856561e-07
2.0719779998762533e-08;6.158769999747165e-08;5.905057999771088e-08;4.7274380002636465e-07
1.8911959999240934e-08;5.7222959998762236e-08;6.305890000076033e-08;4.921834000269882e-07
1.7141504999017342e-08;5.7145519996993245e-08;5.361144000198692e-08;4.896391999791376e-07
1.7940595000982285e-08;5.9385459998156876e-08;6.243206000071951e-08;4.928135999944062e-07
1.8483510000805837e-08;6.255461999680846e-08;6.40146600024309e-08;5.024489999632351e-07
1.7689919999975247e-08;6.441001999774017e-08;5.934852000209503e-08;4.897139999666251e-07
1.935735500010196e-08;6.278752000071108e-08;5.970287999953144e-08;5.24250199960079e-07
1.8038980000710582e-08;6.228782000252977e-08;6.174476000014692e-08;4.939076000009663e-07
1.9740319999982602e-08;5.527194000314921e-08;6.366023999871686e-08;4.94070999964606e-07
1.8524935000459662e-08;6.581892000394874e-08;6.535940000321716e-08;4.868565999786369e-07
2.067585000040708e-08;5.8256880001863464e-08;6.651278000208549e-08;4.86112599959597e-07
1.8060254999727477e-08;5.6220839999150485e-08;6.314152000122704e-08;4.907156000263057e-07
1.735389499954181e-08;5.675756000564434e-08;6.414757999591529e-08;4.894567999872379e-07
1.8091070000082254e-08;5.5561219999799506e-08;6.10802000039257e-08;5.085044000297785e-07
1.7064605001360177e-08;5.868354000267573e-08;6.373136000474915e-08;4.796883999952115e-07
2.00573699985398e-08;6.102045999723486e-08;5.827986000222154e-08;4.895508000045083e-07
1.7693154999869876e-08;5.9327059995848683e-08;6.285788000095636e-08;4.971264000050724e-07
1.7414524999912827e-08;5.8599160000449045e-08;6.727636000141502e-08;4.7319740004604685e-07
1.786232500016922e-08;6.219598000170663e-08;5.6167480000294744e-08;4.80135599966161e-07
1.652584499970544e-08;5.179272000095807e-08;5.6698200001847e-08;4.6261399996001273e-07
1.7136915000446607e-08;5.7962899998528885e-08;5.0036920001730324e-08;5.061164000071585e-07
1.744481499918038e-08;6.185913999797776e-08;5.2438640000764283e-08;4.971901999670081e-07
2.0357410001452082e-08;6.324328000191599e-08;5.2649799996288494e-08;4.811444000224583e-07
1.8101585000113118e-08;6.035432000062428e-08;5.885685999528505e-08;4.643248000065796e-07
1.7191259999526666e-08;6.023436000104994e-08;5.492211999953725e-08;4.968427999992855e-07
2.1942150001996196e-08;6.066932000103406e-08;6.222745999693871e-08;5.016066000098363e-07
1.6467255000316072e-08;5.843542000511661e-08;6.218862000387162e-08;5.031254000496119e-07
1.7539089999627323e-08;5.412093999912031e-08;5.363611999782734e-08;4.785109999938868e-07
1.7982879999908617e-08;6.123957999516279e-08;5.710725999670103e-08;4.821651999955066e-07
1.741656500089448e-08;6.227806000388227e-08;5.6526500004110856e-08;4.996338000055403e-07
1.790535500040278e-08;6.518733999691904e-08;6.539150000317023e-08;4.888336000149138e-07
1.9097849998797754e-08;5.8586380002088844e-08;5.76546199969016e-08;5.202934000408277e-07
1.6918034999980592e-08;5.576709999586456e-08;5.324147999635898e-08;5.1320400001714e-07
1.9081310000910888e-08;6.08888200018555e-08;5.667877999949269e-08;5.03500199993141e-07
1.8582600000081583e-08;5.7810579997021706e-08;5.7004580000648276e-08;4.862588000250981e-07
1.7311020000488498e-08;5.5726560001494363e-08;5.304486000095494e-08;5.024490000214428e-07
1.7757554999843706e-08;5.49334799987264e-08;5.502685999963433e-08;4.746668000007048e-07
1.9477154999913182e-08;5.092512000119314e-08;5.4233060003025455e-08;4.6991759998491036e-07
2.0355669999844395e-08;5.818212000303902e-08;5.5475080001633613e-08;5.118379999767058e-07
2.025452999805566e-08;5.4165520000969994e-08;5.266116000129841e-08;5.018590000108816e-07
1.9755029999942055e-08;5.2381340001011265e-08;5.831991999875754e-08;4.7656419995473696e-07
1.8083715000830126e-08;5.6145079998532313e-08;6.302560000331141e-08;5.056062000221572e-07
1.8959469998662825e-08;6.148991999798454e-08;6.510840000119061e-08;4.624029999831691e-07
1.827004500082694e-08;6.704544000094756e-08;5.757374000386335e-08;4.7585019998950886e-07
1.823858999996446e-08;5.5330139998113735e-08;5.5630400002701206e-08;5.227775999810547e-07
1.868315000028815e-08;5.6294559995876625e-08;5.361002000281587e-08;4.868547999649308e-07
2.0278240001061933e-08;5.5272659996990114e-08;5.556691999663599e-08;5.164856000337749e-07
1.677122499968391e-08;5.923311999649741e-08;5.457540000206791e-08;5.117107999976725e-07
1.720387999957893e-08;5.624027999583632e-08;5.2773979998892174e-08;4.835738000110723e-07
1.9003349999547936e-08;5.459189999965019e-08;6.114062000415287e-08;4.814462000504136e-07
1.8643294999492354e-08;5.7347579998895525e-08;5.6220539996866134e-08;5.070712000015192e-07
1.8928219999361317e-08;6.180763999582268e-08;6.048567999969236e-08;4.796830000123009e-07
1.877999499993166e-08;5.927532000350766e-08;5.3226539999013765e-08;5.02541600028053e-07
1.962951500026975e-08;6.11875600006897e-08;5.862842000206001e-08;4.921390000381507e-07
1.5941064999788068e-08;5.8435880002798514e-08;5.47319199948106e-08;5.080951999989338e-07
2.158025000244379e-08;5.979299999889917e-08;5.987890000105835e-08;4.898711999994703e-07
1.7270280000229832e-08;6.481626000022516e-08;6.334007999976166e-08;4.5916999998735263e-07
1.6948344999400434e-08;5.492708000238054e-08;6.361398000153712e-08;4.775546000455506e-07
2.0635379999293946e-08;5.983973999973387e-08;5.4861820000223816e-08;4.976509999833069e-07
2.0655709999846293e-08;5.711178000201471e-08;5.513954000198282e-08;4.983135999646038e-07
1.9361214998934882e-08;5.97198200004641e-08;6.490991999744437e-08;5.021243999945e-07
1.8176460001268423e-08;5.79703800030984e-08;6.1475440004142e-08;4.859875999973155e-07
1.9473925000056624e-08;6.484108000295236e-08;5.1871579996077345e-08;4.829501999774948e-07
1.9095930000185036e-08;6.213164000073448e-08;5.380371999926865e-08;4.958828000235371e-07
2.091826499963645e-08;5.540518000489101e-08;6.485435999929906e-08;4.470763999852352e-07
1.7441615001007448e-08;6.116118000354617e-08;5.6630339997354895e-08;4.991690000169911e-07
1.902624499925878e-08;5.835281999898143e-08;5.887839999631979e-08;4.884825999615714e-07
1.9773529999656602e-08;5.887142000137828e-08;5.383932000258937e-08;4.829005999490619e-07
1.8446424999274313e-08;6.26399600005243e-08;5.540093999588862e-08;4.847323999856598e-07
1.9184205000055955e-08;6.484443999943323e-08;5.395080000162125e-08;5.016705999732949e-07
1.739652499963995e-08;6.028365999809466e-08;6.167934000259266e-08;4.804398000123911e-07
2.0615679997717962e-08;6.381114000105299e-08;6.014293999760412e-08;4.891928000142798e-07
1.784860000043409e-08;5.994492000318132e-08;5.343437999836169e-08;4.938248000107706e-07
1.8379909999202936e-08;5.91101800033357e-08;5.8579240000108256e-08;4.7082400001818313e-07
2.0089290000032632e-08;6.048853999818675e-08;6.878737999941222e-08;4.918765999609605e-07
1.813894000079017e-08;5.656714000506326e-08;5.718980000237934e-08;4.83509200043045e-07
1.7913815000792966e-08;6.420557999517768e-08;5.2752780000446365e-08;4.7504160000244155e-07
1.9170769999618643e-08;6.266777999699115e-08;5.769968000240624e-08;4.84883000026457e-07
1.7791399999987333e-08;5.8664559997851026e-08;5.843455999856815e-08;5.023104000138119e-07
1.829418999986956e-08;5.6601020001107825e-08;5.4936880001332613e-08;4.916000000084751e-07
1.8421065001166425e-08;5.4776019998826085e-08;5.519100000383332e-08;5.057582000154071e-07
1.8069834999914747e-08;6.08856399951037e-08;5.993371999938973e-08;5.200060000061058e-07
1.868127000052482e-08;5.5447680002544075e-08;5.024625999503769e-08;5.138340000412427e-07
1.7821499999263325e-08;5.7219599996460604e-08;5.774168000207283e-08;5.179686000337824e-07
1.590977500018198e-08;5.707944000023417e-08;5.587201999733224e-08;4.856348000466824e-07
2.08828300004825e-08;6.081024000304752e-08;6.180403999751434e-08;4.97032399987802e-07
2.0010104999528268e-08;6.05603800038807e-08;5.287629999802448e-08;5.020196000114083e-07
1.752818499953719e-08;6.643287999904714e-08;5.698024000157602e-08;4.837058000266552e-07
1.5378185000736267e-08;6.108753999578766e-08;5.6222079996950924e-08;4.7426960000302645e-07
1.7475410000770354e-08;5.4527679999591784e-08;6.186903999769129e-08;4.765148000442423e-07
2.032642999838572e-08;6.549121999996714e-08;6.366699999780394e-08;5.039110000361689e-07
1.9212204999348615e-08;5.289930000435561e-08;6.044572000391782e-08;5.148677999968641e-07
1.9441500000539235e-08;5.977946000057272e-08;5.2289419999578966e-08;5.025641999673098e-07
1.8095265000010842e-08;6.112792000058107e-08;5.991522000404075e-08;4.859247999847867e-07
1.590282999968622e-08;5.218761999858543e-08;5.748367999913171e-08;5.120927999960259e-07
2.1390775000327266e-08;6.031445999979042e-08;6.48979599995073e-08;4.834571999963373e-07
1.8081474999780768e-08;6.189856000128202e-08;5.654002000228502e-08;5.06920000014361e-07
1.9298384999274277e-08;5.5434760003117845e-08;5.0774420000379904e-08;4.879566000308841e-07
1.7304344999138265e-08;6.287669999874197e-08;5.3612139995675535e-08;4.996017999947071e-07
1.936880499997642e-08;5.988931999891065e-08;5.38612199947238e-08;4.681320000090636e-07
1.8985669998801312e-08;5.9597819996997716e-08;6.228684000088833e-08;5.068288000184111e-07
2.122496000083629e-08;5.758453999878839e-08;5.966273999656551e-08;4.782785999705083e-07
1.7617230000905692e-08;5.63408599991817e-08;5.993959999759682e-08;4.815665999776683e-07
1.911245500086807e-08;6.0345439997036e-08;6.085253999917768e-08;4.892631999682635e-07
2.0080500000040048e-08;6.24147999973502e-08;6.643992000026628e-08;5.044309999793768e-07
1.8815999999060294e-08;5.737109999754466e-08;6.021329999784938e-08;4.797687999671325e-07
1.8164489998889623e-08;6.245814000139944e-08;6.166477999649942e-08;4.836950000026263e-07
1.895331499981694e-08;6.092656000400893e-08;5.928898000274785e-08;5.035724000190385e-07
1.7283125000540166e-08;6.346430000266992e-08;6.96726199996192e-08;4.868834000080824e-07
1.8421300000045448e-08;5.96653199987486e-08;5.720475999987684e-08;4.563446000101976e-07
1.834483499987982e-08;6.007852000184358e-08;6.067846000078135e-08;4.767648000270128e-07
1.8199810000078288e-08;5.998021999839694e-08;5.920004000072368e-08;5.062416000291705e-07
2.0595780000439846e-08;6.729920000070706e-08;6.174890000256709e-08;4.952396000153385e-07
1.6313224998884836e-08;6.080760000040754e-08;6.578566000098363e-08;5.039380000089295e-07
1.8452799999795388e-08;6.444763999897987e-08;6.140290000475943e-08;4.5810059999348596e-07
1.72041600002558e-08;6.240155999548734e-08;6.208259999984876e-08;4.820425999932922e-07
2.0237199999974108e-08;5.880059999763034e-08;6.261240000021644e-08;5.215553999878466e-07
1.789337499940302e-08;6.16701400023885e-08;6.184110000031069e-08;5.348333999863825e-07
1.9625305000226945e-08;6.416945999953896e-08;6.179712000302971e-08;5.092772000352852e-07
1.8781610000587534e-08;6.033834000118077e-08;5.855461999890395e-08;4.734613999607973e-07
1.8307980000099633e-08;5.658821999677457e-08;6.177051999839022e-08;4.984837999800221e-07
2.056053999986034e-08;5.642341999919154e-08;5.7506499998271463e-08;4.989365999936126e-07
1.8123889999696986e-08;6.35366400005296e-08;5.5909460003022103e-08;4.989521999959834e-07
1.7320550000295044e-08;5.879840000416152e-08;5.7838400005130095e-08;4.6764119999716057e-07
1.5835825000249316e-08;5.4813979996833954e-08;6.363943999749608e-08;5.0894759997027e-07
2.030934500071453e-08;5.955191999673843e-08;5.100318000186235e-08;4.7257039998658e-07
2.1058260000427255e-08;5.979928000015207e-08;5.201923999702558e-08;5.115918000228703e-07
2.0189534999371973e-08;5.433175999787636e-08;5.385408000438474e-08;4.787530000321567e-07
1.7984045000048356e-08;5.989761999808251e-08;5.528657999821007e-08;5.029113999917172e-07
1.7946800000208897e-08;6.159643999999388e-08;5.612332000164315e-08;4.981748000136577e-07
2.0381774999259506e-08;6.159561999957077e-08;5.97431600035634e-08;5.233801999711432e-07
1.9616500000120142e-08;5.813685999601148e-08;5.694488000008278e-08;4.638432000065222e-07
1.695313499949407e-08;5.524816000252031e-08;5.1919019996421414e-08;5.068890000111424e-07
1.815206000028411e-08;5.816538000362925e-08;5.398056000121869e-08;5.134584000334144e-07
1.64476799996919e-08;6.433582000317984e-08;6.165451999986544e-08;5.257628000108526e-07
1.9213799999852198e-08;5.8916759997373444e-08;5.300054000108503e-08;4.830817999900318e-07
1.749143499910133e-08;5.5008740001358095e-08;5.1163480000104755e-08;4.898761999793351e-07
1.6487095000047703e-08;6.012572000036016e-08;6.422660000389442e-08;5.380848000058904e-07
1.7045955000503453e-08;5.491078000050038e-08;6.14338199957274e-08;4.974858000059613e-07
1.573552500049118e-08;6.246529999771156e-08;5.271534000057727e-08;4.7555380000267177e-07
1.601406499976292e-08;5.492399999639019e-08;5.5303020001156255e-08;4.694249999593012e-07
2.0430399998440407e-08;5.776490000425838e-08;6.654706000117585e-08;4.79110199958086e-07
1.7110854999918956e-08;5.11622600024566e-08;6.039309999905526e-08;4.982424000045285e-07
2.0429219998186454e-08;5.708881999598816e-08;5.3114099998492745e-08;4.917697999626398e-07
1.912940000038361e-08;5.9514420002233236e-08;6.126455999910832e-08;4.851573999621905e-07
1.9365995000407566e-08;6.384508000337519e-08;7.20443600032013e-08;4.988219999941066e-07
1.9267994999245276e-08;6.280247999820858e-08;6.53000799997244e-08;4.860966000123881e-07
2.089470000064466e-08;5.7269040000392124e-08;5.6049319996964185e-08;5.280110000167042e-07
1.8774715000472498e-08;6.337525999988429e-08;5.9386359999189153e-08;4.936512000276707e-07
1.8862985000305342e-08;6.666077999980189e-08;6.253525999491103e-08;4.899096000008285e-07
2.0009515000856482e-08;6.638913999777288e-08;5.834897999884561e-08;4.7532399999909103e-07
1.6832250000152272e-08;6.09634799999185e-08;6.076075999881141e-08;5.146924000000581e-07
1.9693064999592025e-08;6.293584000086412e-08;6.035951999947428e-08;5.09437800035812e-07
1.7064319999190047e-08;5.6215839996002614e-08;5.848218000028282e-08;4.90128800040111e-07
1.7211980000138284e-08;5.3110999998170884e-08;5.974843999720178e-08;4.982785999891348e-07
2.2685860001365653e-08;5.7833920000120995e-08;6.18021400005091e-08;4.7180599998682735e-07
1.9742344999394844e-08;6.422114000306465e-08;5.797667999868281e-08;5.033866000012495e-07
1.901856499898713e-08;5.731701999902725e-08;5.224053999991156e-08;4.7019299998646604e-07
1.749758999940241e-08;5.8976219996111466e-08;4.989846000098623e-08;4.983644000021741e-07
1.9087790000776294e-08;5.425589999649674e-08;6.051482000038959e-08;4.743618000065908e-07
1.8780595000134782e-08;5.745868000085466e-08;6.483718000235968e-08;5.432129999971948e-07
1.8283209999208338e-08;5.873055999982171e-08;5.928966000210494e-08;5.138353999936954e-07
2.1032519999425857e-08;6.364992000162602e-08;6.001877999515272e-08;4.856986000086181e-07
1.8463605000579264e-08;5.724268000340089e-08;5.858330000191927e-08;5.157525999820791e-07
1.938922499975888e-08;6.32246799999848e-08;6.362737999879755e-08;4.967319999705069e-07
1.7740164999850093e-08;6.029139999882318e-08;5.01390400051605e-08;4.864439999801107e-07
1.8145874999754598e-08;6.403354000067338e-08;5.7239419996039944e-08;5.173487999709323e-07
1.9691359999706036e-08;5.981221999973059e-08;5.825136000057682e-08;4.734317999682389e-07
1.6830104999826288e-08;5.8837100001983346e-08;6.155989999533631e-08;4.83816799998749e-07
1.9495179998921232e-08;6.290782000287436e-08;5.6227220001164824e-08;5.060850000008941e-07
1.8564435000007507e-08;5.728328000404872e-08;5.4789779998827725e-08;4.681515999836847e-07
1.883044499991229e-08;5.6754519999958575e-08;5.4758139996556564e-08;4.841342000290752e-07
2.2408330001053402e-08;6.23429200029932e-08;6.00283399980981e-08;5.197909999988041e-07
1.7282029999478256e-08;5.637697999482043e-08;5.527213999885134e-08;4.462628000183031e-07
2.001843000180088e-08;6.457700000028126e-08;6.274694000021555e-08;5.077144000097178e-07
1.8777475001115816e-08;5.86565800011158e-08;5.468320000218227e-08;4.86559799988754e-07
1.7480259999865664e-08;5.640924000181258e-08;5.428954000235535e-08;4.904635999700986e-07
1.61693349989946e-08;6.144121999968774e-08;6.283338000066579e-08;5.130600000265986e-07
1.9823160000669305e-08;6.197504000156186e-08;6.286833999911323e-08;4.677449999726377e-07
1.7108445000485518e-08;6.043566000298597e-08;5.265817999606952e-08;4.794130000518635e-07
2.3125589999835937e-08;6.352366000064649e-08;6.041746000410057e-08;4.917593999998644e-07
1.7151400000147987e-08;5.5213879997609185e-08;5.3115560003789145e-08;4.948463999899104e-07
1.6067815000133122e-08;6.093388000153936e-08;6.437991999555379e-08;4.808411999838427e-07
2.0979200000874697e-08;6.373424000339583e-08;6.241078000166454e-08;5.191027999971993e-07
1.668342000048142e-08;5.833050000364892e-08;5.4947420000098643e-08;5.103639999870211e-07
1.5974450000794605e-08;6.170162000344135e-08;5.6380359997274355e-08;5.229291999712586e-07
2.0010390001698397e-08;6.103170000133104e-08;5.4063440003665165e-08;4.950472000055015e-07
1.98848399988492e-08;6.253372000064701e-08;6.567685999907554e-08;5.333294000010937e-07
1.928832000121474e-08;5.945857999613508e-08;5.281710000126623e-08;4.912997999927029e-07
1.8767354999727102e-08;5.6897020002361385e-08;5.881854000035673e-08;4.830240000155755e-07
1.916293499962194e-08;6.207860000431538e-08;5.760922000044957e-08;4.820653999922797e-07
1.824899000057485e-08;5.533025999902748e-08;5.792458000360057e-08;4.7253679996356367e-07
1.7367134999949485e-08;5.32647599990014e-08;5.576632000156678e-08;5.00190399994608e-07
1.7170535000332165e-08;5.99014600040391e-08;6.30710800003726e-08;5.108884000219405e-07
2.1354929998051377e-08;6.208719999995082e-08;5.723915999988094e-08;4.886970000225119e-07
2.1225650000269524e-08;5.8447160001378505e-08;5.6800839997595176e-08;5.123954000300727e-07
1.900383000029251e-08;6.163178000133485e-08;6.060630000429228e-08;4.771492000436411e-07
1.7455599999811964e-08;6.300331999664195e-08;6.125673999777064e-08;5.250590000068768e-07
1.665551000041887e-08;5.314646000042558e-08;5.963818000163884e-08;5.087378000025638e-07
1.6261864999250975e-08;5.617742000031285e-08;6.066126000368968e-08;4.667207999737002e-07
1.6490459999477025e-08;6.073698000400327e-08;5.1455659995554015e-08;4.84601600037422e-07
1.9425159999809694e-08;5.8824539999477564e-08;5.5857140000443905e-08;5.075580000411719e-07
1.7822785000316798e-08;5.946094000246376e-08;5.7601480005541814e-08;4.941446000011638e-07
2.147419999819249e-08;6.41711599950213e-08;5.092006000340916e-08;4.868520000018179e-07
1.7639110000163784e-08;6.494979999843054e-08;6.395788000081666e-08;4.882206000038423e-07
2.049057999975048e-08;6.256415999960154e-08;5.445145999547094e-08;4.782368000014686e-07
1.8352755000523758e-08;7.105091999983415e-08;5.538891999749467e-08;5.148012000136077e-07
2.0226629999524448e-08;6.537846000283025e-08;5.8372059999965133e-08;5.467795999720693e-07
2.1442629999364725e-08;6.133068000199274e-08;6.042583999806084e-08;4.977774000144564e-07
1.7051044999971055e-08;5.853646000032313e-08;6.268083999748342e-08;4.890004000044428e-07
1.6945709999708924e-08;5.355685999966227e-08;6.337252000230364e-08;4.645439999876544e-07
2.024908500025049e-08;5.542464000172913e-08;6.092217999976128e-08;5.133506000274792e-07
2.0836079999571667e-08;6.0725319996709e-08;6.077231999952346e-08;5.211002000141889e-07
2.321689999953378e-08;5.30216199986171e-08;5.85984000004828e-08;5.253701999899931e-07
1.6993190000357573e-08;5.524876000126824e-08;5.606345999985933e-08;4.928786000236869e-07
1.9626584999787154e-08;5.800863999756985e-08;5.782580000231974e-08;5.314278000150807e-07
1.8406270000559743e-08;6.60202799947001e-08;5.267393999965861e-08;4.930629999726079e-07
1.8475000000034925e-08;5.4782300000078976e-08;5.695595999713987e-08;4.6519940003054216e-07
1.826205999968806e-08;6.684993999660946e-08;5.5950819997815414e-08;5.1929199998267e-07
1.7566355000599286e-08;5.5931159999454396e-08;5.807718000141904e-08;5.007674000225961e-07
1.8799409999337514e-08;5.41951599996537e-08;5.724622000125237e-08;4.804128000396304e-07
1.7411659999925178e-08;5.551489999634214e-08;5.4344459995627405e-08;5.298364000045694e-07
1.5733200000249782e-08;5.7913299999199806e-08;5.7099719997495415e-08;5.128682000213302e-07
2.0854930000496098e-08;5.656782000442036e-08;6.522158000152558e-08;4.903266000328586e-07
2.1991050001815894e-08;6.364227999583817e-08;5.6322399998316543e-08;4.799829999683425e-07
1.775470000138739e-08;6.303689999622293e-08;6.222479999996722e-08;5.046213999739848e-07
2.0442379999440165e-08;6.013960000127554e-08;5.69387600000482e-08;5.110554000129923e-07
2.0465410000178962e-08;6.017405999591574e-08;5.811535999528132e-08;4.968990000197664e-07
1.9505214999662713e-08;6.003726000199094e-08;5.529499999829568e-08;5.194244000012987e-07
1.913390499976231e-08;6.018002000055276e-08;5.852998000336811e-08;5.1249039999675e-07
2.041506999958074e-08;6.297096000052989e-08;5.3598440001951533e-08;4.915211999905295e-07
2.0814815000630916e-08;6.095702000311576e-08;6.27738999959547e-08;4.85794199979864e-07
1.786238500062609e-08;5.851057999534532e-08;5.499613999854773e-08;5.138097999733873e-07
1.788263000053121e-08;6.346194000216201e-08;5.896419999771751e-08;5.281019999529235e-07
1.8728374999773225e-08;6.132814000011421e-08;6.081452000071295e-08;5.037879999727011e-07
1.8421934999059886e-08;5.634857999975793e-08;6.124864000012167e-08;5.275888000032865e-07
1.632227999944007e-08;5.948333999840543e-08;6.448197999852709e-08;5.008537999819964e-07
1.96825050006737e-08;6.229263999848626e-08;6.580061999848113e-08;5.345626000198536e-07
2.1168429998215288e-08;6.234679999761283e-08;6.129320000181906e-08;4.99435400008224e-07
1.757587500032969e-08;6.252109999768436e-08;5.802629999816418e-08;5.130151999765076e-07
1.945930500078248e-08;5.986101999878884e-08;6.340282000019215e-08;4.864728000247851e-07
2.0821179999620654e-08;6.044585999916307e-08;5.885353999910876e-08;5.05129199998919e-07
1.7310690000886098e-08;6.054607999976724e-08;6.2465140002314e-08;4.883649999974295e-07
2.134745000221301e-08;5.564071999979205e-08;5.914034000015818e-08;5.238072000211104e-07
2.06306299980497e-08;6.55015199969057e-08;5.255482000065967e-08;5.016715999809094e-07
2.067451000039e-08;5.891206000233069e-08;6.06848000024911e-08;4.851273999665863e-07
1.9739009998738767e-08;6.403042000019922e-08;6.11073000007309e-08;4.823525999672711e-07
1.960038500110386e-08;5.8877719996962695e-08;6.55793400015682e-08;5.086977999890223e-07
1.9867719999456314e-08;6.086294000269845e-08;5.914869999978691e-08;4.721161999623291e-07
1.6685379999398718e-08;5.7140320003964005e-08;5.699850000091828e-08;4.822539999731816e-07
1.9652874999155757e-08;5.8203819999471304e-08;6.190458000055515e-08;5.071252000052482e-07
1.8648170000233222e-08;6.055275999824516e-08;5.346559999743476e-08;4.970459999749437e-07
2.0332454999152106e-08;6.738704000017606e-08;5.397992000216618e-08;5.339617999852635e-07
1.741494000016246e-08;6.303075999603606e-08;5.359722000430338e-08;5.110209999838844e-07
1.802324500022223e-08;5.848053999943659e-08;5.899199999985285e-08;5.209330000216142e-07
1.9213380001019685e-08;5.796256000176072e-08;6.519461999996565e-08;5.083572000148707e-07
2.126562999910675e-08;5.739543999661692e-08;6.549446000135503e-08;4.917953999829479e-07
2.1391880000010133e-08;6.171808000071906e-08;5.934279999928549e-08;4.931785999797285e-07
1.9171274999098388e-08;5.878500000108033e-08;5.968759999959729e-08;4.749489999958314e-07
1.8034679999982473e-08;5.706163999857381e-08;5.606196000007913e-08;4.660827999468893e-07
1.7522325000027195e-08;6.134268000023439e-08;5.445883999927901e-08;4.828778000082821e-07
1.9139355000515933e-08;6.274738000356592e-08;6.067409999668598e-08;5.282445999910123e-07
1.903137999906903e-08;6.063315999926999e-08;5.578669999958947e-08;4.789985999814235e-07
1.7955694999545812e-08;5.576173999579623e-08;5.594500000006519e-08;5.186252000276e-07
2.0102609999594277e-08;5.387128000147641e-08;5.8751660003326834e-08;5.212253999779932e-07
1.9106914999429136e-08;5.794595999759622e-08;4.8408620001282545e-08;4.874510000227019e-07
1.7546199999924284e-08;6.21666599996388e-08;6.852803999790922e-08;5.030801999964751e-07
1.9914539999444967e-08;6.24260000011418e-08;5.4353300004731864e-08;4.946514000184834e-07
2.1323655000014696e-08;5.658528000349179e-08;5.368093999568373e-08;4.6203440002864225e-07
1.5774025001155678e-08;6.370986000401899e-08;5.769103999482468e-08;4.73424400028307e-07
1.8115024999133312e-08;6.541716000065208e-08;5.711878000292927e-08;4.98542599962093e-07
1.678080499987118e-08;5.6781279999995607e-08;5.691818000050261e-08;5.288854000391438e-07
1.9394634998752736e-08;5.9056240000063554e-08;4.790098000084981e-08;4.90929200022947e-07
2.2694730001967402e-08;6.150046000257134e-08;5.75853799993638e-08;5.082602000329643e-07
2.027049000025727e-08;5.6505380000453445e-08;6.027469999971799e-08;5.078082000254653e-07
1.8223825001041406e-08;6.205702000297605e-08;5.7162300002528356e-08;5.141103999922052e-07
1.598979000118561e-08;6.263990000006742e-08;6.154589999932795e-08;5.190089999814517e-07
1.666051499923924e-08;5.5496559996390716e-08;5.3057719999924304e-08;4.788535999832675e-07
1.6086980000545738e-08;5.536256000050344e-08;5.219385999953374e-08;4.646002000081353e-07
1.7952565000450703e-08;5.7072379998862744e-08;5.765214000130072e-08;4.6725859999423845e-07
1.9014305000018796e-08;5.215148000279442e-08;5.6389500002842395e-08;4.920964000048116e-07
1.7072860000189393e-08;5.7688539999071507e-08;6.081561999744735e-08;5.20141999993939e-07
1.939910999935819e-08;5.987662000115961e-08;5.793199999607168e-08;4.841718000243418e-07
2.329487999959383e-08;5.5014940002001824e-08;5.984862000332214e-08;5.288126000086777e-07
1.6487579999375158e-08;5.766610000282526e-08;5.4695320001337674e-08;4.819616000168025e-07
1.9208994999644347e-08;6.171225999714806e-08;5.311995999654755e-08;4.964960000361316e-07
1.7012640000029933e-08;5.7412340003065764e-08;6.444942000089214e-08;5.180794000043534e-07
1.5580609999597074e-08;6.149311999906786e-08;6.28041599993594e-08;4.943530000164174e-07
1.7298930000106338e-08;6.035935999825597e-08;6.095435999450274e-08;4.834763999679125e-07
2.05051299999468e-08;6.120974000077694e-08;6.023073999676853e-08;5.344692000071518e-07
1.7687039999873376e-08;5.537599999806844e-08;5.5612340004881846e-08;4.934705999912694e-07
2.001237499935087e-08;6.326193999848329e-08;6.295003999839537e-08;4.930333999800495e-07
2.1912150000571274e-08;5.2912039996590465e-08;6.146044000051916e-08;5.137169999652542e-07
1.8552830000407995e-08;6.224127999739722e-08;6.217136000050232e-08;5.236516000004485e-07
2.1045099999173544e-08;5.950757999671623e-08;6.129059999948367e-08;4.507492000120692e-07
1.744510499993339e-08;6.174233999918215e-08;6.5569859999232e-08;5.117003999766894e-07
2.0196970002143644e-08;6.408472000039183e-08;6.38907799962908e-08;4.775935999932699e-07
2.002277999999933e-08;6.376686000148765e-08;6.149683999828995e-08;4.978439999977127e-07
1.8563749999157152e-08;6.110939999925903e-08;5.779855999862775e-08;4.887300000409596e-07
2.0492769998963923e-08;6.25078599958215e-08;5.8501659997273236e-08;5.025189999723807e-07
1.998578499915311e-08;6.204445999464952e-08;5.5595459998585286e-08;4.875052000279538e-07
1.809278999862727e-08;5.987127999542281e-08;5.165861999848857e-08;4.97144200024195e-07
2.0391150000796186e-08;5.73688399977982e-08;6.239162000129e-08;4.922598000266589e-07
1.7201934999320656e-08;6.772956000058912e-08;5.8581820002291353e-08;4.984173999982887e-07
2.0865330001106484e-08;6.569469999521971e-08;5.998117999988608e-08;4.934307999792509e-07
2.1063929999945684e-08;5.801748000085354e-08;5.7817299995804206e-08;5.09427799959667e-07
2.0595200001844203e-08;6.043771999538876e-08;5.2567399997496977e-08;5.10664600005839e-07
1.9237689999863506e-08;5.723670000443235e-08;6.336884000338614e-08;4.959911999758332e-07
1.9362444999569563e-08;6.115741999819874e-08;6.058980000088923e-08;4.90250599978026e-07
1.7649909999454395e-08;5.908297999994829e-08;5.140860000392422e-08;5.271840000059455e-07
1.7862834999687037e-08;5.919985999935307e-08;6.568717999616638e-08;5.097687999950722e-07
1.87046349994489e-08;6.127379999961703e-08;5.759010000037961e-08;4.954721999820322e-07
2.0049795000522863e-08;5.925703999819234e-08;6.523868000367657e-08;4.904258000315167e-07
1.8356545000278857e-08;6.028164000017568e-08;5.731783999945037e-08;4.993409999879078e-07
1.7313054999976884e-08;6.470447999890893e-08;6.079262000275776e-08;5.03859199990984e-07
2.178180000046268e-08;6.624062000191771e-08;5.7295280002290385e-08;5.015881999861449e-07
1.7031825000594836e-08;6.262018000124954e-08;5.614538000081666e-08;5.302907999721356e-07
1.724052500067046e-08;5.7931460003601384e-08;5.940660000196658e-08;4.855834000045434e-07
2.222897000028752e-08;6.138069999869913e-08;6.033431999967434e-08;5.171307999989949e-07
1.692707499896642e-08;6.019061999977567e-08;6.020965999923646e-08;5.085993999964557e-07
1.796432499977527e-08;6.0484099999303e-08;6.164252000162379e-08;5.11960799980443e-07
1.7960239999229088e-08;5.922121999901719e-08;6.569753999938258e-08;4.835449999663979e-07
1.7644835000101013e-08;6.333895999705419e-08;5.783715999568813e-08;5.278617999865673e-07
1.880961999995634e-08;5.5955740000354124e-08;5.8522999996785074e-08;5.155933999922127e-07
1.831188999931328e-08;5.81434799998533e-08;6.07944400049746e-08;4.94959999981802e-07
1.7962824999995064e-08;5.7776640000520276e-08;5.66885199979879e-08;5.087679999996908e-07
1.6724634999991396e-08;5.8238380000693724e-08;5.312831999617629e-08;4.854519999935292e-07
1.775111000024481e-08;5.629538000212051e-08;5.6272739998530597e-08;5.033434000215493e-07
1.6772164999565574e-08;5.558361999574117e-08;5.286998000228777e-08;4.7548760002246126e-07
1.8030464999901598e-08;5.815046000061557e-08;6.67680400016252e-08;4.950492000207305e-07
1.8359375e-08;5.416753999888897e-08;5.618218000163324e-08;5.025172000168823e-07
2.1332470001652836e-08;5.545894000097178e-08;5.3246640000725164e-08;4.89274799998384e-07
1.983421500044642e-08;5.711487999651581e-08;5.618181999889202e-08;5.132173999445512e-07
1.7152150000038092e-08;5.397138000116684e-08;5.654707999783568e-08;5.051770000136458e-07
1.8749804999970367e-08;5.5971079994924365e-08;4.8784020001767204e-08;5.326293999678455e-07
1.835659000062151e-08;5.455721999751404e-08;5.45042600017041e-08;5.04528199962806e-07
1.8479630000365434e-08;5.477090000058524e-08;5.2736100001493467e-08;4.790847999975085e-07
1.7232165001041723e-08;5.880955999600701e-08;6.412308000144549e-08;5.151600000099279e-07
1.6604309999092947e-08;5.5335140001261606e-08;5.7160039996961133e-08;5.328530000406317e-07
1.7461640000692567e-08;6.130711999721826e-08;5.595518000191078e-08;4.846372000174597e-07
1.859078999987105e-08;5.794545999960974e-08;6.406500000157393e-08;5.068767999764532e-07
1.7906914999184663e-08;5.584221999743022e-08;6.536850000265986e-08;4.812781999935396e-07
1.7606795000028797e-08;5.5877619999228046e-08;5.478149999980815e-08;4.801708000013605e-07
1.854264499997953e-08;5.9223319997545335e-08;5.744976000278257e-08;5.18051800027024e-07
1.8602234999707435e-08;5.8012380002764986e-08;6.124995999853127e-08;5.133786000078544e-07
1.7753055000503083e-08;5.8340020000468937e-08;5.9240500000305475e-08;4.976788000203669e-07
1.8015470000682398e-08;5.488476000027731e-08;5.182300000451505e-08;5.021506000193767e-07
1.7825890000676735e-08;6.016030000173486e-08;5.646937999990769e-08;4.895869999891147e-07
1.862025499867741e-08;5.719399999943562e-08;5.284792000311427e-08;4.898906000307762e-07
1.6946670001198072e-08;6.159818000160158e-08;4.9623160000192004e-08;4.881351999938488e-07
1.7823585000587627e-08;5.7513039995683354e-08;6.053911999915726e-08;4.996701999916695e-07
1.7176655000366737e-08;6.263828000519425e-08;5.5638500000350174e-08;4.968316000304185e-07
1.747973000019556e-08;5.643204000080004e-08;5.666206000023522e-08;4.804618000052869e-07
1.729827499948442e-08;5.897943999734707e-08;5.2298359997803344e-08;5.069099999964238e-07
1.6244085000653284e-08;5.7787939999252555e-08;6.377419999917038e-08;4.8188300000038e-07
2.2058979999565055e-08;5.8500480005750436e-08;5.749606000026688e-08;5.18359599984251e-07
1.759862000035355e-08;5.814873999916017e-08;5.509602000238374e-08;5.344219999969937e-07
1.863798499980476e-08;6.19492599973455e-08;5.751474000280723e-08;4.829651999752969e-07
1.938942499982659e-08;5.8966219995636494e-08;6.128909999970346e-08;4.7045839997008445e-07
1.8899845000123605e-08;5.4608980001648885e-08;6.429132000193931e-08;5.096961999661289e-07
2.0514969999203457e-08;6.081658000475727e-08;5.5897020001430064e-08;4.852463999995962e-07
1.830375499994261e-08;6.006016000173985e-08;5.474928000476211e-08;5.196698000072502e-07
1.825567000050796e-08;6.582648000330665e-08;5.824285999988206e-08;4.903805999783799e-07
1.8350499999360182e-08;6.251244000159204e-08;5.410309999715537e-08;4.911258000065572e-07
1.9165510000311768e-08;6.206181999878027e-08;5.960780000314117e-08;5.144500000169501e-07
1.6468519999762066e-08;5.287826000130735e-08;4.929400000255555e-08;4.982068000244908e-07
1.5209780000441243e-08;5.426597999758087e-08;5.168040000135079e-08;4.986985999858006e-07
1.6317415000230538e-08;5.1036040001781655e-08;5.317039999645203e-08;4.959775999886915e-07
1.5688589999626856e-08;5.4047139995964244e-08;4.939371999935247e-08;4.818667999934405e-07
1.5048704999207984e-08;5.1962579996325073e-08;5.126298000104725e-08;4.775231999810785e-07
1.6221470000164117e-08;5.3896040003746746e-08;5.141002000309527e-08;4.630256000091322e-07
1.528377999929944e-08;5.2099720004480335e-08;5.125888000475243e-08;4.767729999730363e-07
1.5455765000660905e-08;5.363060000236146e-08;5.067814000067301e-08;4.5258639997337015e-07
1.4956474999780768e-08;5.1066239998908716e-08;4.889677999890409e-08;4.534932000096887e-07
1.5654754999559372e-08;4.9871720001101495e-08;4.897798000019975e-08;4.839036000194028e-07
1.554300999996485e-08;5.1760040002409366e-08;4.749002000316977e-08;4.867005999549292e-07
1.5126885000790934e-08;5.2666179998777805e-08;5.084589999751188e-08;4.6744600002421065e-07
1.478499499935424e-08;5.2941059996373955e-08;4.955144000123255e-08;4.779960000305437e-07
1.5793195000151173e-08;5.270020000170916e-08;4.984275999595411e-08;4.728950000135228e-07
1.548739999998361e-08;5.030392000335269e-08;5.056150000309572e-08;4.568705999990925e-07
1.5746724999917206e-08;5.06989799963776e-08;4.938741999794729e-08;4.7036619996652005e-07
1.5239044999179896e-08;5.011172000085935e-08;5.031050000106916e-08;4.6984000003430995e-07
1.548278499976732e-08;5.0079320004442705e-08;4.932664000079967e-08;4.936316000530497e-07
1.4630860000033864e-08;4.958070000284351e-08;4.77277799975127e-08;4.849722000071779e-07
1.50098350000917e-08;5.126035999855958e-08;4.895035999943502e-08;4.911415999522433e-07
1.5367554999829736e-08;5.236805999884382e-08;4.777447999804281e-08;4.867195999831892e-07
1.5046160000201782e-08;5.104132000124082e-08;5.0394139997661116e-08;4.938225999940186e-07
1.5338689999771304e-08;5.0748440000461415e-08;4.650651999982074e-08;4.749466000357643e-07
1.510312000027625e-08;5.040053999982774e-08;5.043173999874852e-08;4.897576000075787e-07
1.5205410000635312e-08;4.903688000049442e-08;4.723555999808013e-08;4.5468719996279107e-07
1.5635005000513046e-08;5.209767999476753e-08;4.7363940003560854e-08;4.6049279998987913e-07
1.506978999968851e-08;5.1809899997897446e-08;4.981187999946997e-08;4.769511999911629e-07
1.5218884999922012e-08;5.1528520003193986e-08;4.834617999731563e-08;4.768770000082441e-07
1.55444100004388e-08;4.9914059997536245e-08;5.067703999811784e-08;4.942817999981343e-07
1.5309634999721312e-08;5.24754399957601e-08;4.9694260000251236e-08;4.910307999816723e-07
1.5128380000533072e-08;5.1611739996587856e-08;4.841121999779716e-08;4.675025999895297e-07
1.5203265000309328e-08;5.260608000098728e-08;5.0265800004126504e-08;4.932818000088446e-07
1.5037889999803154e-08;5.1453600003151224e-08;4.9692639999557284e-08;4.761939999880269e-07
1.5707830000610558e-08;5.193516000290401e-08;5.040807999903336e-08;4.6277240000199527e-07
1.455981999897631e-08;5.04869399999734e-08;4.828477999544703e-08;4.6371259994339196e-07
1.5833180000481662e-08;5.1057320000836625e-08;4.958818000159226e-08;4.7329259995603934e-07
1.514632000034908e-08;5.129352000076324e-08;5.017364000086673e-08;4.884456000290811e-07
1.5575775000615976e-08;5.2130700001725925e-08;5.017485999851487e-08;4.681424000300467e-07
1.4774159999797121e-08;5.083018000004813e-08;5.0518960005138067e-08;4.812933999928645e-07
1.5269319999788422e-08;5.0465039996197446e-08;5.052803999860771e-08;4.891413999721408e-07
1.5400495000358207e-08;5.2244239998981355e-08;4.705643999623135e-08;4.849258000031114e-07
1.5048655000282453e-08;4.9702399998204786e-08;4.9925260001327845e-08;4.905446000047959e-07
1.5420725000149106e-08;4.711962000001222e-08;5.0381359999300915e-08;4.851845999946818e-07
1.4578574999177363e-08;4.9034479999681934e-08;4.7676419996423646e-08;4.6456480002962055e-07
1.5585084998747335e-08;5.025334000238218e-08;4.865891999797895e-08;4.691111999563873e-07
1.4470129999972413e-08;5.135282000410371e-08;4.924893999705091e-08;4.968460000236519e-07
1.525576499989256e-08;4.870674000121653e-08;4.678183999494649e-08;4.862802000134252e-07
1.4662220000172965e-08;5.000805999734439e-08;5.015119999879971e-08;4.886372000328265e-07
1.5332079998916016e-08;5.161273999838158e-08;4.823518000193872e-08;4.799091999884695e-07
1.5196849999483676e-08;5.0162459997227414e-08;4.756716000265442e-08;4.634640000294894e-07
1.5434359999198932e-08;5.1724160002777353e-08;5.034638000070117e-08;4.805199999827892e-07
1.5293204999761655e-08;5.209771999507211e-08;4.720839999499731e-08;4.816728000296279e-07
1.5537290000065697e-08;4.9166859994875267e-08;4.79135999979917e-08;4.806468000169843e-07
1.5190814998641145e-08;5.004070000140928e-08;4.694052000413649e-08;4.674321999773383e-07
1.5589270000054966e-08;4.98470599995926e-08;5.1315000001341105e-08;4.8240400000941e-07
1.4797984999313485e-08;5.1256619999185206e-08;5.520939999842085e-08;4.7648919996572657e-07
1.559067999914987e-08;5.31317199987825e-08;4.8690020001959056e-08;4.962871999596245e-07
1.5921425000124144e-08;5.280039999634027e-08;4.882485999842174e-08;4.847516000154429e-07
1.5312260000791865e-08;5.251099999877624e-08;4.944584000040777e-08;4.646925999550149e-07
1.4890524999646005e-08;5.3344000002834944e-08;4.6919179998803886e-08;4.6346519998041915e-07
1.4923629999975674e-08;5.033566000056453e-08;4.861738000181503e-08;4.5870459999423473e-07
1.5514339999936054e-08;5.218484000070021e-08;4.981680000200868e-08;4.983161999844014e-07
1.57015799995861e-08;5.236427999916487e-08;5.0240419997135176e-08;4.715807999600656e-07
1.52915850005229e-08;5.052277999930084e-08;4.930047999951057e-08;4.937966000288725e-07
1.532465499913087e-08;5.248581999912858e-08;4.68804000003729e-08;4.631475999485701e-07
1.5789534999930767e-08;5.1861740002641454e-08;4.7732860001269725e-08;4.6417859999928624e-07
1.4775329999974929e-08;5.11272799980361e-08;4.769367999979295e-08;4.721242000232451e-07
1.541480500018224e-08;5.068923999788239e-08;5.030233999714255e-08;4.641160000464879e-07
1.5991370000119785e-08;5.259193999809213e-08;4.999987999908626e-08;4.6678499999688936e-07
1.5119740000227467e-08;5.2369520004140215e-08;5.0608920003287495e-08;4.90808599977754e-07
1.573555499926442e-08;5.1730700000189244e-08;4.986098000081256e-08;4.872303999727592e-07
1.560334500099998e-08;5.0734200002625584e-08;4.864792000153102e-08;4.694353999802843e-07
1.5821759999380446e-08;4.9709739995887506e-08;4.854114000336267e-08;4.81584399996791e-07
1.5357460000086577e-08;5.236359999980777e-08;4.7954059997573495e-08;4.7335139999631793e-07
1.4670745001058094e-08;5.1704900001641365e-08;4.832396000274457e-08;4.858208000077866e-07
1.4793325000209733e-08;5.230093999998644e-08;4.645837999996729e-08;4.680227999924682e-07
1.5223575000709388e-08;4.941035999800078e-08;5.01172799966298e-08;4.6980560000520197e-07
1.5575745000387542e-08;5.1208479999331756e-08;4.691519999760203e-08;4.784647999913432e-07
1.5009624999947848e-08;5.132381999865174e-08;5.006647999980487e-08;4.61593400046695e-07
1.5405475000443402e-08;4.921918000327423e-08;4.7242839995305985e-08;4.746678000083193e-07
1.467877000104636e-08;4.953562000300735e-08;5.0231259997235614e-08;4.566044000093825e-07
1.4711949999036734e-08;5.064393999637105e-08;4.895187999936752e-08;4.865766000002622e-07
1.508109500136925e-08;5.0237380003090946e-08;4.6297759999288246e-08;4.601344000548124e-07
1.4832490000117105e-08;5.111747999908403e-08;5.021276000188664e-08;4.95232000015676e-07
1.5394834999460728e-08;4.9464499996975066e-08;5.004941999795847e-08;4.629703999962658e-07
1.490071499865735e-08;5.1687359996140005e-08;5.0023380003403874e-08;4.749232000322081e-07
1.5625875000841915e-08;4.968990000197664e-08;4.925343999639153e-08;4.6660919999703764e-07
1.5183800000522753e-08;5.133234000531957e-08;4.994633999885991e-08;4.882834000163711e-07
1.5032130001054613e-08;5.0773919996572656e-08;4.6816440002294257e-08;4.827356000314466e-07
1.539941999944858e-08;4.963125999784097e-08;4.7938140004407616e-08;4.889112000237219e-07
1.508112000010442e-08;4.9677600001450625e-08;4.8381980002159255e-08;4.6972239995375277e-07
1.515862500091316e-08;4.941823999979533e-08;4.941142000025138e-08;4.818144000018947e-07
1.5231740000308492e-08;5.2122319996124134e-08;4.770835999515839e-08;4.7003740002401173e-07
1.524533000047086e-08;5.047971999738366e-08;4.899132000282407e-08;4.7024679998867216e-07
1.5680830000201242e-08;5.0819020002381876e-08;4.953569999779575e-08;4.6496040001511575e-07
1.5271480000228622e-08;5.2143959997920316e-08;4.93269800033886e-08;4.87488399958238e-07
1.55230649994337e-08;5.108347999630496e-08;4.697340000420809e-08;4.6863640000810844e-07
1.4923885000462177e-08;5.1722220005467534e-08;4.869978000060655e-08;4.698338000453077e-07
1.4666490000672638e-08;5.204359999625012e-08;4.835918000317179e-08;4.64951400004793e-07
1.522054999950342e-08;5.2023639995604754e-08;4.8210139997536317e-08;4.827088000020012e-07
1.4527520000410732e-08;4.962439999799244e-08;4.871091999812052e-08;4.765658000251278e-07
1.5575900000112597e-08;5.14130599971395e-08;4.982764000305906e-08;4.715179999475367e-07
1.535992499993881e-08;5.172105999663472e-08;4.9979180004447695e-08;4.595124000334181e-07
1.4590464999491815e-08;4.887083999929018e-08;4.746236000210047e-08;4.7281460004160183e-07
1.5271545000723565e-08;5.0278440001420676e-08;4.906088000279851e-08;4.65515999996569e-07
1.561647000053199e-08;5.164824000094086e-08;4.863628000020981e-08;4.802887999685481e-07
1.4773514999251347e-08;5.2044180000666526e-08;4.7634339996147903e-08;4.6671060001244766e-07
1.435356000001775e-08;4.896154000307433e-08;4.680544000002555e-08;4.898668000241741e-07
1.5358549999655225e-08;5.204453999758698e-08;4.791877999668941e-08;4.674276000005193e-07
1.4776459999848157e-08;5.2220459998352456e-08;4.839018000056967e-08;4.7300979995634407e-07
1.495578000030946e-08;4.9203819996910167e-08;4.920069999643601e-08;4.517968000145629e-07
1.4804139999614563e-08;4.9393540003802626e-08;5.0006319995736705e-08;4.6532479999586937e-07
1.4684114999545272e-08;4.9061300000175834e-08;4.729383999947458e-08;4.7558679996291173e-07
1.5093744998739566e-08;5.074735999805853e-08;4.998997999937274e-08;4.768278000410646e-07
1.4171959999657701e-08;5.126668000011705e-08;4.9325160001171756e-08;4.802751999814064e-07
1.496127999998862e-08;5.009766000439413e-08;4.858293999568559e-08;4.5054059999529274e-07
1.4932529999350664e-08;5.140596000128426e-08;4.840275999740698e-08;4.728990000439808e-07
1.554078000044683e-08;5.213003999670036e-08;4.8187240003608166e-08;4.914942000177688e-07
1.5120685000147204e-08;4.9495060002664104e-08;4.941308000124991e-08;4.830696000135503e-07
1.5555814999970606e-08;4.938753999886103e-08;4.942910000099801e-08;4.6537439996609466e-07
1.4870045000861864e-08;4.941313999588601e-08;5.006446000188589e-08;4.675081999739632e-07
1.5152089999173767e-08;5.08880199980922e-08;4.881916000158526e-08;5.040987999527715e-07
1.5636814999743366e-08;5.047404000069946e-08;4.9779900000430644e-08;4.898329999996349e-07
1.5614740000455642e-08;5.163039999897592e-08;4.7143679996952414e-08;4.927778000128456e-07
1.5104479998990428e-08;5.206000000471249e-08;4.9675979994935915e-08;4.859804000006988e-07
1.4794609999808017e-08;4.853752000490204e-08;5.00850000011269e-08;4.869108000420965e-07
1.5149289999681058e-08;4.942504000500776e-08;4.676802000030875e-08;4.939823999884538e-07
1.4629479999712203e-08;5.505076000117697e-08;5.3511980001349e-08;4.635357999941334e-07
1.5120049999677577e-08;5.163392000249587e-08;4.7426799999084325e-08;4.736218000180088e-07
1.4800770000147168e-08;5.074137999908999e-08;4.9388500000350175e-08;4.997174000018277e-07
1.5127560000109952e-08;5.024032000219449e-08;4.845622000284493e-08;4.7477919998345896e-07
1.4557469999999739e-08;5.056639999966137e-08;5.0341219996334986e-08;4.99528200016357e-07
1.5159295000194108e-08;5.2758539997739714e-08;4.9436860001878815e-08;4.7253600001567976e-07
1.511564999964321e-08;4.9832299997797233e-08;4.9416499998187645e-08;4.896386000327766e-07
1.4943985000718386e-08;5.011262000189163e-08;4.699319999781437e-08;4.619022000115365e-07
1.5411955000308808e-08;5.224741999991238e-08;4.6806479996303095e-08;4.875539999920874e-07
1.5825919999042525e-08;5.207828000420704e-08;4.7392959997523574e-08;4.902803999721072e-07
1.506591500074137e-08;5.102008000249043e-08;5.020806000102311e-08;4.668063999852166e-07
1.4860464999219403e-08;5.1534779998473826e-08;5.0424000003840774e-08;4.889143999898806e-07
1.5506284999719356e-08;5.232206000364385e-08;4.8905119998380545e-08;4.851453999872319e-07
1.5190460000303575e-08;5.1261320000048725e-08;4.918569999863394e-08;4.662980000139214e-07
1.5187805000459774e-08;5.2306179999141026e-08;4.688087999820709e-08;4.669427999760956e-07
1.5535215000272727e-08;5.214547999785282e-08;5.012303999974392e-08;4.897662000148557e-07
1.5392670000437646e-08;5.1855259999865666e-08;4.6231740002986046e-08;4.806813999894075e-07
1.5420419999281875e-08;5.193925999919884e-08;4.9834560003364456e-08;4.879057999933138e-07
1.547289500012994e-08;4.9013320001540706e-08;5.217042000149377e-08;4.872582000098191e-07
1.450236499949824e-08;5.188925999682397e-08;5.691740000038408e-08;5.074269999749958e-07
1.582302000024356e-08;5.0200119998771694e-08;4.7841979999793694e-08;4.776749999728054e-07
1.537778000056278e-08;5.228933999896981e-08;4.951089999522082e-08;5.014201999874785e-07
1.4778425000258722e-08;5.0001160003012046e-08;4.98602400009986e-08;4.808265999890864e-07
1.528186000068672e-08;4.888786000083201e-08;4.95126599969808e-08;5.02842599991709e-07
1.539896000031149e-08;4.9903679999988524e-08;4.787740000174381e-08;4.993592000100761e-07
1.544636000035098e-08;5.189367999555543e-08;4.986291999812238e-08;4.919161999714561e-07
1.5224285000294912e-08;5.065140000078827e-08;4.976817999850027e-08;5.018853999790735e-07
1.5284615001291967e-08;5.183090000064112e-08;4.9073999997926874e-08;4.816067999927327e-07
1.4962139999261126e-08;5.0155899999663235e-08;4.9690560001181436e-08;4.939341999706812e-07
1.535643999959575e-08;5.135571999708191e-08;4.9860519997309894e-08;4.813857999979519e-07
1.4814829999522772e-08;4.8915620002662765e-08;4.8829539999132976e-08;4.926747999852523e-07
1.5166670001053716e-08;5.076692000147887e-08;5.0000940001336856e-08;4.498063999926671e-07
1.4831444999435916e-08;5.1275260001420975e-08;4.953894000500441e-08;4.6924720000242813e-07
1.5366214999812656e-08;5.074350000359118e-08;4.913406000123359e-08;4.5881360000930725e-07
1.4748290000716225e-08;5.104592000134289e-08;5.004592000041157e-08;4.864734000293538e-07
1.4812934999645221e-08;5.1302200002828616e-08;4.938556000124663e-08;4.96227599971462e-07
1.5389800000411923e-08;5.176123999990523e-08;4.982088000397198e-08;4.875109999557026e-07
1.521523499977775e-08;5.1854840002488343e-08;4.7929059999296444e-08;4.854661999852397e-07
1.4770510001108051e-08;5.121708000078797e-08;4.9923580000177026e-08;4.864185999613256e-07
1.5610339998966082e-08;4.952909999992698e-08;4.921109999995679e-08;4.907653999980539e-07
1.5545824999571778e-08;5.1670340000418945e-08;4.992791999829933e-08;4.865940000163391e-07
1.5280860000348185e-08;4.911685999832116e-08;4.783860000316054e-08;4.961782000027597e-07
1.5376270000706427e-08;5.197388000087812e-08;4.810516000143252e-08;4.657306000008248e-07
1.5160280000418426e-08;4.849615999846719e-08;4.972412000061013e-08;4.7120980004547165e-07
1.5342570000211708e-08;5.0589220004621896e-08;4.904629999655299e-08;4.842298000003211e-07
1.506787000107579e-08;4.960928000509739e-08;4.947282000211999e-08;4.77357600000687e-07
1.5226869999605696e-08;4.982379999710247e-08;4.876638000132516e-08;4.623674000031315e-07
1.554708500043489e-08;4.8124620004091414e-08;4.847089999821037e-08;4.881396000273526e-07
1.4607689999684225e-08;4.960330000030808e-08;4.833210000069812e-08;4.801708000013605e-07
1.5565119999519083e-08;5.211548000224866e-08;4.991900000022724e-08;5.053481999784708e-07
1.528295499883825e-08;5.1986620004754514e-08;4.851619999972172e-08;4.716047999681905e-07
1.5481990000989754e-08;5.2141220000339674e-08;4.6694120002212e-08;4.754065999877639e-07
1.548719499987783e-08;5.1797419996000825e-08;4.921620000386611e-08;4.866628000163473e-07
1.493562999967253e-08;4.82966200041119e-08;4.817346000345424e-08;4.775911999749951e-07
1.4688655000645667e-08;5.1125819998560474e-08;4.6878339996328576e-08;4.863455999875441e-07
1.5222224999160972e-08;4.897208000184037e-08;4.9982280004769564e-08;4.6584839996648955e-07
1.5036390000022948e-08;5.114750000066124e-08;4.978382000117563e-08;4.6757440001238137e-07
1.51874899995164e-08;4.876753999851644e-08;4.771937999757938e-08;4.826330000068992e-07
1.5429954999126493e-08;5.128571999957785e-08;4.988012000103481e-08;4.929716000333428e-07
1.546053500060225e-08;4.9601440003607424e-08;4.97610199963674e-08;4.850350000197068e-07
1.5030695000314153e-08;4.8582800000440326e-08;4.6153859997866674e-08;4.852977999835275e-07
1.4913195000553968e-08;5.195823999820277e-08;4.7356800001580267e-08;4.919236000278033e-07
1.4759794999554287e-08;4.8176479997346175e-08;4.9164940003538505e-08;4.922529999748804e-07
1.5400075000070502e-08;5.198468000162393e-08;4.7731079999357464e-08;4.5321619999594987e-07
1.5110329999879467e-08;4.86393200000748e-08;5.0016240001423286e-08;4.839073999901303e-07
1.518036000052234e-08;5.01920800015796e-08;4.766063999850303e-08;4.692359999753535e-07
1.5371530000993516e-08;5.178001999738626e-08;4.7955699998419734e-08;4.82964400027413e-07
1.4953754999442024e-08;5.226732000010088e-08;4.947586000198498e-08;4.7323039994807914e-07
1.519051499926718e-08;5.1200459996471184e-08;4.769187999772839e-08;4.822249999851919e-07
1.532698000082746e-08;4.908923999755643e-08;4.9054480000631884e-08;4.831965999910608e-07
1.5284070000052452e-08;5.1727239997126164e-08;4.763658000156283e-08;4.769433999899775e-07
1.5558574999158735e-08;5.027593999984674e-08;4.902170000132173e-08;4.5803899999009444e-07
1.533769000088796e-08;4.9001499998848886e-08;4.7457000002032144e-08;4.567836000351235e-07
1.5596165000170005e-08;5.024875999661162e-08;4.931932000326924e-08;4.6940700005507095e-07
1.531803500110982e-08;4.933675999636762e-08;4.7763719997601587e-08;4.787555999937467e-07
1.552909500023816e-08;5.15231000026688e-08;4.8071639996487645e-08;4.84199800004717e-07
1.4535360000445508e-08;4.948194000171498e-08;4.9808400002075357e-08;4.6734799997648225e-07
1.5138650000153576e-08;5.0581960001727566e-08;4.9000900000100953e-08;4.799280000152067e-07
1.4903894999588374e-08;5.185920000076294e-08;4.9985540000488984e-08;4.596881999750622e-07
1.529255000059493e-08;4.886935999966227e-08;4.840305999969132e-08;4.64167800033465e-07
1.5457250000326893e-08;5.181339999544434e-08;4.9804720003157856e-08;4.746249999734573e-07
1.5203559999645223e-08;4.871839999686927e-08;4.5874580001691357e-08;4.664140000240877e-07
1.4813909999793396e-08;5.081652000080794e-08;4.817039999761619e-08;4.776967999641784e-07
1.4822579998872243e-08;5.116851999773644e-08;4.646162000135519e-08;4.6421800000825895e-07
1.4627279998967425e-08;4.800669999676757e-08;4.670945999678224e-08;4.760136000113562e-07
1.5006800000264776e-08;4.92351199965924e-08;4.763456000364386e-08;4.819795999792404e-07
1.4488164999056607e-08;5.0220340001396835e-08;4.943358000018634e-08;4.84954799991101e-07
1.4658549999876414e-08;5.052263999823481e-08;4.784463999676518e-08;4.7551099996780976e-07
1.5440169999783394e-08;5.0845580000896005e-08;4.8769360000733286e-08;4.4823159999214114e-07
1.5840544999809937e-08;5.046149999834597e-08;4.800806000130251e-08;4.802715999539941e-07
1.4700935001019389e-08;5.235458000097424e-08;5.0132780004059894e-08;4.5994359999895096e-07
1.563330499920994e-08;5.018569999956526e-08;4.8070219997316597e-08;4.806439999956638e-07
1.519016000092961e-08;4.856776000233367e-08;4.9290419998578727e-08;4.620874000247568e-07
1.5037925000069663e-08;4.944563999888487e-08;4.954527999507263e-08;4.6771599998464806e-07
1.488307500112569e-08;4.9196739995386453e-08;4.729130000341684e-08;4.747221999568865e-07
1.5557755000190808e-08;5.155266000074335e-08;4.795158000197262e-08;4.7042859997600315e-07
1.51657950002118e-08;5.044458000338636e-08;5.006165999802761e-08;4.782084000180475e-07
1.5192245000798722e-08;4.969660000060685e-08;4.832156000193208e-08;4.761218000203371e-07
1.4787264999176842e-08;4.925018000067212e-08;4.895147999632172e-08;4.630522000370547e-07
1.51244200009387e-08;4.969898000126704e-08;4.959500000113621e-08;4.653106000041589e-07
1.553044000029331e-08;4.990443999995477e-08;4.9022919998969885e-08;4.586791999754496e-07
1.5628404999733902e-08;4.836806000093929e-08;4.9634179996792224e-08;4.636756000109017e-07
1.5288880000298378e-08;4.9916820001089945e-08;4.936655999626964e-08;4.5498800004133957e-07
1.5184015000704675e-08;5.154966000118293e-08;4.967820000019856e-08;4.79133400018327e-07
1.4794135000556707e-08;5.028250000323169e-08;4.630121999653056e-08;4.7669019998284054e-07
1.4611019998847042e-08;4.9551599996630103e-08;4.8344780004117635e-08;4.6333659999072554e-07
1.4831380000396166e-08;4.821850000298582e-08;4.8763660003896805e-08;4.6211720001883803e-07
1.5056225001171696e-08;5.1016840001102534e-08;4.9833699996815995e-08;4.407203999580815e-07
1.5134980001312216e-08;4.8849680001148955e-08;4.799057999625802e-08;4.490432000020519e-07
1.4351385000918525e-08;5.022675999789499e-08;5.147628000122495e-08;4.78860400035046e-07
1.4887824999459553e-08;5.044405999942683e-08;5.4367939999792723e-08;4.784691999666393e-07
1.4745904998562765e-08;4.857117999927141e-08;4.7254799999063834e-08;4.757467999588698e-07
1.5461230000073555e-08;5.137844000128098e-08;4.849625999922864e-08;4.690120000159368e-07
1.5113535001000855e-08;5.1553099998272957e-08;4.838328000041656e-08;4.782361999968998e-07
1.494344000093406e-08;4.879774000146426e-08;4.899658000213094e-08;4.789860000018962e-07
1.537304499943275e-08;4.981487999903038e-08;4.8450760002015155e-08;4.6510199998738244e-07
1.491614499973366e-08;4.888508000294678e-08;4.9702020001132043e-08;4.771333999815397e-07
1.5199925001070368e-08;5.084461999940686e-08;4.9302819999866186e-08;4.756684000021778e-07
1.5546639999956822e-08;4.8889320000307636e-08;4.7069599997485055e-08;4.70781399984844e-07
1.461457999976119e-08;5.1494520000414925e-08;4.6985760005190966e-08;4.564682000200264e-07
1.541942000039853e-08;5.0011600001016634e-08;4.764115999569185e-08;4.572993999463506e-07
1.471818499994697e-08;5.004440000047907e-08;4.9553559999912974e-08;4.651031999965198e-07
1.5495739999460058e-08;5.174330000299961e-08;4.7089039999991654e-08;4.6752180001931263e-07
1.518396000028588e-08;4.878988000564277e-08;4.8945360002107916e-08;4.5802600000752136e-07
1.555716000002576e-08;4.9323700001696126e-08;4.626122000045143e-08;4.6298780001234265e-07
1.4716189999307971e-08;4.8433760000625625e-08;4.622353999875486e-08;4.698232000228018e-07
1.501635000022361e-08;5.160470000118949e-08;4.8777860001428055e-08;4.5235340000363064e-07
1.54730850001215e-08;5.1495399995474145e-08;4.870343999937177e-08;4.643094000057317e-07
1.556585999933304e-08;5.083568000118248e-08;4.74236199981533e-08;4.432258000015281e-07
1.4462300000013783e-08;4.8637860000599173e-08;4.7856299998238686e-08;4.5415619999403135e-07
1.5526454999053387e-08;5.00359199999366e-08;4.803131999797188e-08;4.778196000261232e-07
1.519356999924639e-08;5.076743999961764e-08;4.976147999987006e-08;4.682139999931678e-07
1.4769655000418424e-08;4.824986000312492e-08;4.7552219999488444e-08;4.670523999957368e-07
1.4808635000372306e-08;4.927517999894917e-08;4.671023999690078e-08;4.727189999539405e-07
1.4999219999299386e-08;5.1348000002326446e-08;4.790897999773733e-08;4.637023999821395e-07
1.464832500059856e-08;5.146556000108831e-08;4.775200000149198e-08;4.5572199998423456e-07
1.5730214999348392e-08;5.0657319999299945e-08;4.920288000139408e-08;4.568862000014633e-07
1.5360839999630118e-08;4.8658959998283534e-08;4.860793999978341e-08;4.4568000000435857e-07
1.4758889999939129e-08;4.878560000215657e-08;4.770324000273831e-08;4.7438520001014693e-07
1.4859289999003523e-08;5.170626000035554e-08;4.6232980000786485e-08;4.5241040003020316e-07
1.4737059999606572e-08;5.1341640000464394e-08;4.868599999463186e-08;4.750781999900937e-07
1.4908735000062733e-08;4.9225959996692833e-08;4.8137399996630845e-08;4.612300000153482e-07
1.5527499999734572e-08;4.878737999824807e-08;4.930091999704018e-08;4.480416000005789e-07
1.516637000022456e-08;5.05317599978298e-08;4.9621740001020955e-08;4.757870000321418e-07
1.5396624999993947e-08;5.126199999940582e-08;4.9563239997951314e-08;4.6349659998668357e-07
1.4809844999399502e-08;4.935440000263043e-08;4.800352000165731e-08;4.754620000021532e-07
1.5207100000407083e-08;5.0308079994283615e-08;4.804803999722935e-08;4.737797999987379e-07
1.5350179999950342e-08;5.300623999792151e-08;4.9085719999857246e-08;4.961096000042744e-07
1.552168499911204e-08;5.0709839997580276e-08;5.0247100001433867e-08;4.796415999880991e-07
1.547978000016883e-08;5.3013560001272706e-08;4.836477999924682e-08;4.772138000116683e-07
1.552763500076253e-08;4.9203180003678424e-08;4.872491999994964e-08;4.8060660000192e-07
1.59087450010702e-08;4.9026859999867156e-08;4.776609999826178e-08;4.7431279998272657e-07
1.5406744999927468e-08;5.2496120001887905e-08;4.8225539998384195e-08;4.838144000386819e-07
1.5434215001005213e-08;5.02122399979271e-08;4.874112000106834e-08;4.7552320000249893e-07
1.4572479999333154e-08;4.854485999676399e-08;4.676734000095166e-08;4.793189999763854e-07
1.5440610000223386e-08;5.184867999632843e-08;4.950749999843538e-08;4.7278040001401675e-07
1.5174684999510647e-08;5.115890000015497e-08;4.989052000455558e-08;4.797827999573201e-07
1.4876450000156183e-08;4.941534000099637e-08;4.960621999925934e-08;4.784616000251845e-07
1.509671000094386e-08;5.1240180002059784e-08;4.7653679997893054e-08;4.811457999749109e-07
1.530464499955997e-08;4.946366000222042e-08;4.8838880000403154e-08;4.506206000223756e-07
1.546489000029396e-08;5.1712819997919724e-08;4.991205999976955e-08;4.737677999655716e-07
1.5025279999827034e-08;5.1460940000833944e-08;4.972511999658309e-08;4.785719999927096e-07
1.532701999967685e-08;4.8653819999890404e-08;4.7498659999109806e-08;4.778359999763779e-07
1.5284750000864732e-08;4.9743419996229935e-08;4.93914200051222e-08;4.5320180000271646e-07
1.4822600000479725e-08;5.174189999816008e-08;4.9396100000012666e-08;4.698820000048727e-07
1.5563894998922477e-08;5.1665080001112074e-08;4.9233380000805486e-08;4.477887999964878e-07
1.525446000014199e-08;4.95730199967511e-08;4.957604000228457e-08;4.4893640000373125e-07
1.543122500006575e-08;4.7916940000141037e-08;4.769583999877796e-08;4.77121600008104e-07
1.5254500000446568e-08;5.1141800003824755e-08;4.81400599994231e-08;4.64704200043343e-07
1.529893999977503e-08;5.1644099998520685e-08;4.873373999726027e-08;4.784718000446446e-07
1.4949870000418742e-08;5.054339999915101e-08;4.706004000036046e-08;4.617141999769956e-07
1.5249295000103303e-08;5.15850399970077e-08;4.93086599977687e-08;4.771764000179246e-07
1.5303630000562407e-08;5.1515099999960514e-08;4.7199540003202855e-08;4.747337999870069e-07
1.4626814999792258e-08;5.229302000370808e-08;4.962343999650329e-08;4.462967999861576e-07
1.535751499905018e-08;5.1540899998508394e-08;4.919679999584332e-08;4.6163960004923864e-07
1.5420665001147427e-08;5.1654179999604824e-08;4.9428280000574885e-08;4.616313999867998e-07
1.4746710000326857e-08;5.0010479998309167e-08;4.8535219999030235e-08;4.566758000291884e-07
1.4794994999829215e-08;5.159897999837995e-08;4.8588059999747204e-08;4.55761999997776e-07
1.483860000007553e-08;5.165317999781109e-08;4.9686840001959355e-08;4.747894000029191e-07
1.5400675000273624e-08;5.156110000098124e-08;4.645240000099875e-08;4.5439580001402645e-07
1.548559499933617e-08;4.938947999617085e-08;4.71637999988161e-08;4.407861999934539e-07
1.4745160000165925e-08;4.852843999979086e-08;4.8032520001288506e-08;4.5737600000575186e-07
1.46275750012137e-08;5.13331200054381e-08;4.910614000400528e-08;4.411911999923177e-07
1.5192725000088102e-08;5.158270000247285e-08;5.009087999933399e-08;4.546238000039011e-07
1.5125030001217965e-08;5.1223180000670254e-08;4.675871999934316e-08;4.786747999605722e-07
1.520015499991132e-08;5.138286000001244e-08;4.949096000054851e-08;4.722920000203885e-07
1.4910465000139084e-08;5.083929999964312e-08;4.731320000137203e-08;4.729634000104852e-07
1.4496005000546574e-08;5.1493139995727686e-08;4.960982000338845e-08;4.75471000012476e-07
1.4728965000540484e-08;4.645655999775045e-08;4.892008000169881e-08;4.481167999911122e-07
1.4756085000408348e-08;5.006212000153028e-08;4.8274100001435726e-08;4.6915960003389046e-07
1.4768154999183025e-08;5.078402000362985e-08;4.966180000337772e-08;4.795006000204012e-07
1.5382175000559073e-08;5.112152000074275e-08;4.824152000364848e-08;4.744324000203051e-07
1.4914354999200442e-08;5.103001999668777e-08;4.8810300003970045e-08;4.524565999745391e-07
1.5137105000030714e-08;5.1209540001582356e-08;5.106981999706477e-08;4.820304000168107e-07
1.5858435000700412e-08;5.010494000161998e-08;4.9382919998606664e-08;4.668182000168599e-07
1.4831805000721943e-08;5.203719999990426e-08;4.797530000214465e-08;4.832257999805734e-07
1.5885214999434538e-08;4.974441999802366e-08;4.8833079996984454e-08;4.6262080001179127e-07
1.5380265000567305e-08;5.1111999998101966e-08;4.903726000338793e-08;4.879790000268258e-07
1.5037774998927487e-08;5.238048000028357e-08;4.779077999992296e-08;4.647908000042662e-07
1.5856935000920202e-08;5.243921999935992e-08;5.070053999661468e-08;4.930398000287823e-07
1.5368190000299363e-08;5.185291999951005e-08;4.988382000010461e-08;4.659908000030555e-07
1.4962574999663046e-08;5.0758100004168225e-08;5.674595999880694e-08;4.667153999907896e-07
1.5538974999799392e-08;5.1171140000224113e-08;4.9464679998345676e-08;4.86042800010182e-07
1.529708500020206e-08;5.1064359996235e-08;4.8578240000642836e-08;4.784923999686725e-07
1.5132639999501407e-08;4.916617999551818e-08;4.659585999906994e-08;4.654589999699965e-07
1.496064499951899e-08;5.012352000339888e-08;4.697710000327788e-08;4.529537999769673e-07
1.5410610000253656e-08;5.237148000160232e-08;4.6784940001089125e-08;4.754790000151843e-07
1.475038499920629e-08;5.0982580002164466e-08;4.8463720001745966e-08;4.885127999586985e-07
1.4958225000009406e-08;4.9218000000109894e-08;4.7893839998869225e-08;4.671779999625869e-07
1.5179380000336095e-08;4.901669999817386e-08;4.999233999988064e-08;4.611068000085652e-07
1.513318000070285e-08;5.181904000346549e-08;4.829762000008486e-08;4.971002000384033e-07
1.5261045000806916e-08;5.121660000295378e-08;4.964030000264756e-08;4.837728000129573e-07
1.5170474999467844e-08;5.0522799999453125e-08;4.7557259997120125e-08;4.6871240000473337e-07
1.5364220000628848e-08;5.17712400003802e-08;4.913963999715634e-08;4.479884000029415e-07
1.4659275001031346e-08;5.094519999693148e-08;4.800648000091314e-08;4.652520000236109e-07
1.499018500035163e-08;5.1197420002426955e-08;4.631956000230275e-08;4.651163999806158e-07
1.4979994999885092e-08;5.244005999993533e-08;4.7828219999792054e-08;4.628966000163928e-07
1.481884499953594e-08;4.895776000339538e-08;4.7963219997473064e-08;4.806023999699391e-07
1.491515000088839e-08;5.1868799998192116e-08;4.84026999969501e-08;4.731578000355512e-07
1.4687189999676775e-08;5.0954120000824335e-08;4.7649400000227614e-08;4.586966000497341e-07
1.5333785000257195e-08;5.127335999859497e-08;4.722594000049867e-08;4.714829999720678e-07
1.4654230000451208e-08;4.813393999938853e-08;4.965836000046693e-08;4.612675999524072e-07
1.4452845000778325e-08;5.030142000177875e-08;4.8948240000754594e-08;4.821711999829858e-07
1.4844174998870586e-08;5.171428000321612e-08;4.788648000103422e-08;4.508309999946505e-07
1.424715000030119e-08;4.96177599998191e-08;4.7434319998137655e-08;4.707158000092022e-07
1.4849205000791698e-08;4.972364000277594e-08;4.826966000255197e-08;4.6841999999014663e-07
1.515839500061702e-08;4.896526000229642e-08;4.960132000269368e-08;4.5510800002375615e-07
1.431348500045715e-08;5.086948000243865e-08;4.770879999850877e-08;4.6712200000183654e-07
1.5389180000056514e-08;5.011231999960728e-08;4.8474519996671e-08;4.757791999727488e-07
1.4651540000340901e-08;4.838999999919906e-08;4.7502660000463945e-08;4.79347400018014e-07
1.495203499944182e-08;5.1532800000859425e-08;4.7553060000063853e-08;4.712685999693349e-07
1.4902540000912268e-08;5.181699999957345e-08;4.862758000381291e-08;4.467884000041522e-07
1.540577499981737e-08;4.818099999683909e-08;4.955123999970965e-08;4.824825999676249e-07
1.523776999965776e-08;5.1253980002366005e-08;4.8642100003780796e-08;4.778954000212252e-07
1.5091779999784195e-08;4.995081999804825e-08;4.942585999961011e-08;4.604633999988437e-07
1.5635249999468213e-08;5.274842000217177e-08;4.8018579999916256e-08;4.827196000260301e-07
1.5286489999562037e-08;5.215773999807425e-08;4.962519999826327e-08;4.668808000278659e-07
1.546575000102166e-08;5.0715819996548815e-08;4.9157680000644175e-08;4.845143999555148e-07
1.473963499884121e-08;5.178027999936603e-08;4.664422000059858e-08;4.6484599995892497e-07
1.460139499977231e-08;4.921201999532059e-08;4.932953999959864e-08;4.622236000141129e-07
1.453122500097379e-08;5.1670159999048335e-08;4.615516000194475e-08;4.633472000132315e-07
1.5467365000222345e-08;5.137776000192389e-08;4.7872120002284645e-08;4.544994000461884e-07
1.43419999993057e-08;4.947571999509819e-08;4.901626000064425e-08;4.688853999832645e-07
1.550052000093274e-08;5.176058000070043e-08;4.615604000282474e-08;4.648146000108682e-07
1.4900025000679306e-08;5.186285999952816e-08;4.96112999971956e-08;4.6330060000764207e-07
1.5385094999510328e-08;5.227797999978065e-08;4.743360000429675e-08;4.6919179998803884e-07
1.49690649996046e-08;5.1796420000027864e-08;5.0343179999617856e-08;4.846580000012181e-07
1.4867705000506248e-08;5.2119840000523256e-08;4.5819360000314193e-08;4.585768000106327e-07
1.5211890000500718e-08;5.123054000432603e-08;5.028529999544844e-08;4.6944919996894896e-07
1.5146865000133404e-08;5.1354820001870395e-08;4.8734980000881476e-08;4.762919999775477e-07
1.581408000056399e-08;4.920161999762058e-08;4.6686159999808296e-08;4.616681999759749e-07
1.503894500056049e-08;5.112047999864444e-08;4.9796980002429336e-08;4.4939059996977446e-07
1.5316499999607913e-08;5.037465999484994e-08;4.995742000173777e-08;4.80848400038667e-07
1.5084429999114946e-08;5.077733999933116e-08;4.6495300001697616e-08;4.5230180001817644e-07
1.5312985000491608e-08;5.137984000029974e-08;4.8221220000414175e-08;4.568896000273526e-07
1.456517500046175e-08;4.9109440000029283e-08;4.664500000071712e-08;4.585146000026725e-07
1.4834865000739228e-08;5.033804000122473e-08;4.858307999675162e-08;4.6140760002890603e-07
1.495269000006374e-08;4.9284319998696445e-08;4.823409999953583e-08;4.7440839995397254e-07
1.5560879999247846e-08;5.1388139999471605e-08;4.71367999969516e-08;4.575493999873288e-07
1.4546749999863096e-08;4.942031999817118e-08;4.973510000272654e-08;4.78527800005395e-07
1.5202429999771993e-08;5.162082000169903e-08;4.7041820001322775e-08;4.715204000240192e-07
1.4837359999364707e-08;5.1943759998539465e-08;4.982969999546185e-08;4.6405700000468643e-07
1.5147609999985434e-08;5.029187999898568e-08;4.872783999890089e-08;4.514651999925263e-07
1.536076000047615e-08;4.9560540000675246e-08;4.88913000037428e-08;4.63478599966038e-07
1.517003999906592e-08;5.017073999624699e-08;4.962194000254385e-08;4.58747599972412e-07
1.551363000035053e-08;5.063886000425555e-08;4.685602000099607e-08;4.515247999806888e-07
1.4873349999834318e-08;5.02312799973879e-08;4.920770000317134e-08;4.5761579996906223e-07
1.4817820000462235e-08;5.170952000189572e-08;4.8099700000602754e-08;4.798311999766156e-07
1.5213165000022855e-08;5.160634000203572e-08;4.8716220003552736e-08;4.744899999932386e-07
1.513050499925157e-08;5.124583999859169e-08;4.876915999921039e-08;4.797151999664493e-07
1.4812504999281373e-08;5.100943999714218e-08;4.959621999878436e-08;4.4814860000042246e-07
1.530864500091411e-08;4.90613600006327e-08;4.946968000149354e-08;4.810328000457957e-07
1.4669705000414979e-08;5.065889999968931e-08;4.942158000194468e-08;4.772305999649688e-07
1.537071999919135e-08;5.170219999854453e-08;4.893347999895923e-08;4.732800000347197e-07
1.4588775001175235e-08;5.154782000463456e-08;4.9807019997388125e-08;4.81437000038568e-07
1.554961999936495e-08;4.914517999859527e-08;4.944711999851279e-08;4.6305500000016765e-07
1.5128414999344385e-08;5.162368000019342e-08;4.7354839998297396e-08;4.605572000145912e-07
1.497042999981204e-08;5.140774000319652e-08;4.925550000043586e-08;4.680736000300385e-07
1.4660449999792035e-08;4.9845959997037425e-08;4.979097999748774e-08;4.6983800001908093e-07
1.5259544999571517e-08;4.6918399998685344e-08;4.603179999976419e-08;4.5600339997326955e-07
1.5413290000287816e-08;5.1875360001577065e-08;4.751603999757208e-08;4.611756000085734e-07
1.535368000040762e-08;4.8093099996913225e-08;4.707542000105604e-08;4.6052700001746416e-07
1.4591715000278782e-08;4.9329820001730695e-08;4.681328000151552e-08;4.792998000048101e-07
1.5093984999111854e-08;5.162062000017613e-08;4.925572000211105e-08;4.5158799999626356e-07
1.4791590000095312e-08;5.145993999904022e-08;4.8798940004780885e-08;4.629005999886431e-07
1.4552459999686108e-08;4.818722000345588e-08;4.937147999880836e-08;4.645597999915481e-07
1.5186825000273528e-08;5.1505539997015146e-08;4.984516000258736e-08;4.541824000189081e-07
1.5109769999980926e-08;5.03558200027328e-08;4.9714039999525996e-08;4.799568000016734e-07
1.4954014999966603e-08;6.12427000014577e-08;4.941023999708705e-08;4.636919999611564e-07
1.509010500012664e-08;5.9380639996379614e-08;4.74482599995099e-08;4.801389999920503e-07
1.4991555000597145e-08;6.394587999675423e-08;4.929384000133723e-08;5.006161999772303e-07
1.5070520000881515e-08;6.485530000063591e-08;5.101624000235461e-08;4.933695999789051e-07
1.4571554999565706e-08;6.054402000154369e-08;5.5806319997645916e-08;4.882887999992818e-07
1.5080000000307337e-08;6.382353999651969e-08;4.6984019997762515e-08;4.906797999865376e-07
1.5278234999277628e-08;6.467747999704444e-08;4.9091920000500975e-08;4.935617999872193e-07
1.5299379998759833e-08;6.398139999946579e-08;4.9308500002371144e-08;4.7657200001413003e-07
1.5412815001036505e-08;6.340513999457471e-08;4.889457999961451e-08;4.959455999778584e-07
1.5325770000345074e-08;6.246486000018195e-08;4.681828000466339e-08;4.648326000315137e-07
1.4843114999530371e-08;6.116295999963767e-08;4.763188000069931e-08;4.922268000082113e-07
1.4662860000680666e-08;5.902897999621928e-08;4.683770000119693e-08;4.81854600016959e-07
1.486350999912247e-08;5.883346000337042e-08;4.6505580004304646e-08;4.685787999769673e-07
1.510271000006469e-08;6.503345999517478e-08;4.9119440000504255e-08;4.790566000156105e-07
1.4519100000325125e-08;6.365043999976479e-08;4.655957999639213e-08;4.769512000493705e-07
1.4705549999780488e-08;5.974327999865636e-08;4.763958000112325e-08;4.839389999979175e-07
1.520984000089811e-08;6.030061999917961e-08;4.845856000320054e-08;4.6058179996907713e-07
1.5169175001210534e-08;5.974886000039988e-08;4.8240380000788716e-08;5.027605999493972e-07
1.485586500057252e-08;6.027430000249297e-08;4.7227899997960774e-08;4.668376000481658e-07
1.4487190000363626e-08;6.077414000174031e-08;4.8790559999179095e-08;4.788600000320002e-07
1.5233145000820515e-08;6.397871999652125e-08;4.66705999977421e-08;4.846801999956369e-07
1.4618925000831951e-08;6.346632000058889e-08;4.5805759995710105e-08;4.809639999875798e-07
1.521061999956146e-08;6.380105999996885e-08;4.920960000017658e-08;4.943081999663264e-07
1.449766500008991e-08;6.168230000184849e-08;4.5689339999808e-08;4.6909720002440735e-07
1.464177499874495e-08;6.136178000015207e-08;4.869545999681577e-08;4.861353999585845e-07
1.5539084999181794e-08;6.369843999855221e-08;4.874156000441872e-08;4.697334000375122e-07
1.521117499942193e-08;6.228924000170082e-08;4.668913999921642e-08;4.894759999588132e-07
1.503872000030242e-08;6.20481199992355e-08;4.9472479999531063e-08;5.074649999733083e-07
1.4779220000491478e-08;6.147717999992892e-08;4.924839999875985e-08;4.809676000149921e-07
1.464179500035243e-08;5.9387240000069144e-08;4.919681999599561e-08;4.535391999525018e-07
1.5279645001282915e-08;5.763399999705143e-08;4.9429820000659675e-08;4.78250999993179e-07
1.5156779999961146e-08;6.217803999898024e-08;4.902527999947779e-08;4.7484920005081224e-07
1.528236000012839e-08;6.166686000069604e-08;4.923389999894425e-08;4.92441400012467e-07
1.5686460000870283e-08;6.16743199992925e-08;4.93491199973505e-08;5.046642000088468e-07
1.48294700004044e-08;6.400357999955304e-08;4.934319999883883e-08;4.775042000110261e-07
1.5233790001366286e-08;6.403364000143483e-08;4.9342040001647544e-08;4.930064000072889e-07
1.5083235000201967e-08;5.990249999449588e-08;4.6441980003146456e-08;5.002333999727853e-07
1.530266500049038e-08;5.906715999590233e-08;4.790582000277937e-08;4.859821999561973e-07
1.5460385000915267e-08;6.01762600010261e-08;4.742711999570019e-08;4.721980000031181e-07
1.4545389999693726e-08;6.421466000028886e-08;4.84918599948287e-08;4.6357040002476426e-07
1.4477985000121408e-08;6.102520000422373e-08;4.93033800041303e-08;4.910861999960616e-07
1.5089844999602065e-08;6.523581999936141e-08;4.846037999959663e-08;4.543746000272222e-07
1.5225729999656323e-08;6.48559599998407e-08;4.494215999729931e-08;4.845187999890186e-07
1.5475445000629406e-08;6.473788000294007e-08;4.861479999963194e-08;5.052511999965645e-07
1.5269035000528675e-08;6.087935999967158e-08;4.928587999893352e-08;4.91866399999708e-07
1.4667279999412131e-08;6.092515999916941e-08;4.939196000341326e-08;4.792829999933019e-07
1.4728099999774712e-08;6.390494000515901e-08;4.595634000143036e-08;4.6450559998629617e-07
1.537075999949593e-08;6.248343999614008e-08;4.608385999454185e-08;4.939564000233077e-07
1.5375159999530295e-08;6.140852000098675e-08;4.929581999895163e-08;4.736430000048131e-07
1.5485059999627992e-08;6.483433999819681e-08;4.5157440000912175e-08;4.752671999740414e-07
1.5212610000162386e-08;6.086432000156492e-08;4.953326000249944e-08;4.7490560001460834e-07
1.523736499948427e-08;6.582726000342518e-08;4.891849999548867e-08;4.833566000452265e-07
1.4330519999202807e-08;6.093072000076063e-08;4.675933999824338e-08;4.86001999990549e-07
1.4870565000455826e-08;6.338795999763533e-08;4.7944040002766994e-08;4.726879999507219e-07
1.4781375000893604e-08;5.914925999823026e-08;4.646671999944374e-08;4.814406000077724e-07
1.5255640000395944e-08;5.8811559999594466e-08;4.8511200002394616e-08;4.808705999748782e-07
1.5454060000774916e-08;6.461480000289157e-08;4.824392000446096e-08;4.726041999529116e-07
1.5170565000153145e-08;5.786230000085197e-08;4.739820000249892e-08;4.816714000189677e-07
1.4582215000700672e-08;6.385301999980583e-08;4.909791999962181e-08;4.693303999956697e-07
1.487628000031691e-08;5.874768000212498e-08;4.77056999981869e-08;4.560764000052586e-07
1.5115664999757428e-08;6.222032000077888e-08;4.857489999849349e-08;4.842986000003294e-07
1.513422500138404e-08;6.225326000130735e-08;4.824674000265077e-08;4.609205999877304e-07
1.468252000049688e-08;5.715542000252753e-08;4.900289999786764e-08;4.913336000172422e-07
1.538686499989126e-08;6.281214000191539e-08;4.893846000195481e-08;4.836333999992349e-07
1.541402000002563e-08;6.064923999947496e-08;4.71415399981197e-08;4.870994000229984e-07
1.460194999963278e-08;6.241127999965102e-08;4.8946020001312716e-08;4.833939999807626e-07
1.53624350001337e-08;6.150741999736056e-08;4.8393020004732534e-08;5.036424000281841e-07
1.5272275000461376e-08;6.130361999967135e-08;4.590027999947779e-08;4.888928000000305e-07
1.446338499954436e-08;5.971887999912723e-08;4.771172000328079e-08;4.803689999971538e-07
1.4390789999742992e-08;6.322266000206583e-08;4.7084959998028354e-08;4.87587200012058e-07
1.5350369999941903e-08;6.069407999748364e-08;4.9366920004831624e-08;4.93008200020995e-07
1.5342620000592432e-08;6.093955999822355e-08;4.5921760000055655e-08;4.775127999600955e-07
1.4889520000724588e-08;5.8615360001567753e-08;4.749684000271372e-08;5.076388000161387e-07
1.5540034999139607e-08;5.7804379996377976e-08;4.72602599998936e-08;4.924572000163608e-07
1.4666344999568537e-08;6.089644000167027e-08;4.5631380000850185e-08;4.829549999558367e-07
1.5039224999782162e-08;6.090162000036798e-08;4.91959200007841e-08;4.651420000009239e-07
1.4236645000346471e-08;6.075202000210993e-08;4.7985840000910685e-08;4.959391999873332e-07
1.5122190001420675e-08;6.292801999952644e-08;4.770924000185914e-08;4.935672000283375e-07
1.5101544999924954e-08;6.077648000209593e-08;4.684799999813549e-08;4.787269999505952e-07
1.496379500022158e-08;6.040090000024066e-08;4.925313999992795e-08;4.7201359999598934e-07
1.5133229999628385e-08;6.173252000007779e-08;4.824707999941893e-08;4.830817999900318e-07
1.4212859999679495e-08;6.534998000133783e-08;4.553029999951832e-08;4.867947999737225e-07
1.5509350001229904e-08;6.181047999998555e-08;4.96439200011082e-08;5.068185999989509e-07
1.4711820000957232e-08;6.275786000187509e-08;4.842349999817088e-08;4.940907999989577e-07
1.521486999990884e-08;6.07514400035143e-08;4.8062400001799686e-08;5.111848000087775e-07
1.5263909999339375e-08;5.7249039999442174e-08;4.6288740000454706e-08;4.943339999881573e-07
1.4797494999947958e-08;6.22354399994947e-08;4.716366000357084e-08;4.622973999939859e-07
1.4529635000508279e-08;6.14544800017029e-08;4.974740000325255e-08;4.619574000244029e-07
1.4669870000216179e-08;6.222442000289447e-08;4.8114660003921017e-08;4.627086000400595e-07
1.4650704999803565e-08;5.8546460000798105e-08;4.964540000073612e-08;4.904861999675631e-07
1.5462980000302197e-08;6.361876000300981e-08;4.774460000335239e-08;4.658093999605626e-07
1.4609994999773334e-08;6.258713999995962e-08;4.720844000112265e-08;4.874354000203312e-07
1.5686935000121595e-08;6.354428000049665e-08;4.8665899998741225e-08;4.74813400011044e-07
1.539838000026066e-08;6.211296000401489e-08;4.943364000064321e-08;4.94102600030601e-07
1.5455089999886697e-08;6.1250960000325e-08;4.7910260001663116e-08;5.021902000298724e-07
1.5422530000796543e-08;6.27814400009811e-08;5.134390000021085e-08;4.7407840000232684e-07
1.532594500022242e-08;6.0268619999988e-08;5.606319999787957e-08;4.648696000222117e-07
1.508330000069691e-08;5.923208000021987e-08;4.943339999881573e-08;5.02096000011079e-07
1.5245444999891333e-08;5.801849999697879e-08;4.941796000348404e-08;4.936153999879024e-07
1.4637495001079515e-08;6.490036000031978e-08;4.6125900000333784e-08;4.7188819997245444e-07
1.4644480000424664e-08;5.9062079997966064e-08;4.739338000072166e-08;5.170523999840953e-07
1.543894500064198e-08;6.529351999633945e-08;4.884087999816984e-08;5.00065199972596e-07
1.5226025000447407e-08;6.387433999916539e-08;4.85729000007268e-08;5.166000000317581e-07
1.544495999987703e-08;6.576441999641247e-08;4.9253959994530304e-08;5.214687999687158e-07
1.4492690000042785e-08;6.617816000361926e-08;4.729739999747835e-08;5.072767999954522e-07
1.491695000004256e-08;5.870902000460774e-08;4.605104000074789e-08;5.006884000031278e-07
1.485675000003539e-08;6.53701400035061e-08;4.928273999830708e-08;4.7499219997553153e-07
1.5460359999269712e-08;5.904940000036731e-08;4.886272000148892e-08;4.926502000307664e-07
1.532955000002403e-08;5.884129999903962e-08;4.717728000250645e-08;5.070530000375583e-07
1.4954039998701772e-08;6.422377999988384e-08;4.929763999534771e-08;5.053306000190787e-07
1.5239820000715553e-08;6.084736000047996e-08;4.8507039999822155e-08;4.845515999477357e-07
1.4458560000639408e-08;5.750906000030227e-08;4.736044000019319e-08;5.091409999877214e-07
1.5496400000120047e-08;6.386355999857188e-08;4.917655999888666e-08;5.093414000002667e-07
1.5563985001062975e-08;6.008551999693736e-08;5.000121999764815e-08;4.909629999892787e-07
1.4608989999396726e-08;6.241113999858499e-08;5.0295639998512346e-08;5.265758000314236e-07
1.5868495000177062e-08;6.390356000047178e-08;5.002507999888621e-08;5.107749999733642e-07
1.538084999920102e-08;6.171972000156529e-08;4.6252679999452083e-08;4.824686000356451e-07
1.539860500051873e-08;6.130625999649055e-08;4.978407999733463e-08;4.859970000106842e-07
1.505631999898469e-08;6.03869599988684e-08;4.9422559997765346e-08;4.891684000031091e-07
1.5251219998754097e-08;6.519172000116669e-08;4.8622760002035646e-08;5.114396000280976e-07
1.5446664999763014e-08;6.049003999796696e-08;4.743636000202969e-08;5.019588000141085e-07
1.494132499938132e-08;6.490528000285849e-08;4.7425599995767696e-08;4.7234300000127403e-07
1.4685235000797547e-08;6.38894599978812e-08;4.6917599998414515e-08;5.07746799965389e-07
1.5213415000471286e-08;6.334786000079476e-08;4.96320000034757e-08;4.975738000357524e-07
1.5262380000785924e-08;6.566862000036053e-08;4.892866000300273e-08;5.003942000330426e-07
1.534643000049982e-08;5.844145999872126e-08;4.888607999891974e-08;5.037324000149966e-07
1.4772505000291858e-08;6.05018400005065e-08;4.7248340002261105e-08;5.050675999955274e-07
1.5429375000530854e-08;6.539848000393249e-08;4.9218040000414474e-08;5.010077999904752e-07
1.482737000042107e-08;6.134755999664775e-08;4.894345999928191e-08;4.900953999604098e-07
1.544797499955166e-08;6.354044000036083e-08;4.91688999987673e-08;4.842953999759629e-07
1.4776789999450557e-08;6.151061999844387e-08;4.676838000304997e-08;4.823420000029728e-07
1.535105999937514e-08;6.584986000088975e-08;4.885391999850981e-08;5.10831399995368e-07
1.5456714999163524e-08;6.626939999987372e-08;4.9327120004454626e-08;5.114700000267476e-07
1.5502684999955817e-08;6.066330000176095e-08;4.893072000122629e-08;4.859323999844492e-07
1.4868199999909848e-08;5.9445079998113214e-08;4.931148000177927e-08;5.120823999750427e-07
1.4651770000637044e-08;6.399294000002556e-08;4.9283320002723484e-08;4.810341999982483e-07
1.527481499942951e-08;6.050816000206395e-08;4.856796000385657e-08;4.939641999662853e-07
1.5117100000497884e-08;6.261662000324577e-08;4.657349999761209e-08;5.161552000208758e-07
1.53557150013512e-08;6.077476000064053e-08;4.635692000156269e-08;4.984334000037051e-07
1.4888549999159296e-08;5.8260139997582884e-08;4.8528219998115676e-08;4.97894800035283e-07
1.4806900000257883e-08;6.174736000248231e-08;4.618292000377551e-08;4.963692000019364e-07
1.4805644999432843e-08;6.057077999575995e-08;4.8655279999366033e-08;5.07231600000523e-07
1.523064999928465e-08;6.33607399999164e-08;4.656936000101268e-08;4.907023999840021e-07
1.5499609999824315e-08;6.231183999916539e-08;4.679239999968559e-08;4.849477999960073e-07
1.546296999877086e-08;6.423832000000403e-08;4.907875999924727e-08;4.882152000209317e-07
1.4634920000389684e-08;6.669852000195534e-08;4.93592000042554e-08;4.990137999993749e-07
1.493888499971945e-08;6.086764000356198e-08;4.835280000115745e-08;4.927603999967687e-07
1.4541660000395496e-08;5.874259999836795e-08;4.7704079997492955e-08;5.115440000081435e-07
1.5009350000764243e-08;6.46166400052607e-08;4.746064000064507e-08;4.923469999921508e-07
1.4771035000740085e-08;5.9252800000831486e-08;4.943195999949239e-08;5.219491999596357e-07
1.5140215000428725e-08;6.531597999855875e-08;4.982013999833725e-08;5.266030000057071e-07
1.506913000048371e-08;6.217828000080771e-08;4.716986000421457e-08;5.103998000267894e-07
1.4671130001079292e-08;6.361709999619052e-08;4.6098600002005694e-08;4.952606000006199e-07
1.4379279999411665e-08;6.503247999935411e-08;4.659168000216596e-08;5.16635799955111e-07
1.469230999937281e-08;6.459735999815166e-08;4.7303660004399716e-08;4.984529999783263e-07
1.5393820000463166e-08;6.574881999986246e-08;4.6924599999329074e-08;5.058899999712594e-07
1.454212000098778e-08;6.14056000020355e-08;4.7143979999236766e-08;4.969758000224829e-07
1.5046109999821054e-08;6.43508999957703e-08;4.9417040002299474e-08;4.821090000332333e-07
1.549405500118155e-08;6.323827999876812e-08;4.648944000364281e-08;5.213783999788575e-07
1.4509439999528695e-08;5.937002000282519e-08;4.6708319999743256e-08;4.936900000320748e-07
1.5402859999448993e-08;5.964919999823905e-08;4.683805999811739e-08;4.828142000478692e-07
1.4966655000171157e-08;6.511526000103914e-08;4.9339459999464454e-08;4.84809799992945e-07
1.4706780000415165e-08;6.194760000216774e-08;4.723329999833368e-08;5.14301199989859e-07
1.527392999996664e-08;6.123735999572091e-08;4.639441999606788e-08;4.7457560000475496e-07
1.4559990000270772e-08;6.144097999786027e-08;4.7578280000016094e-08;4.868671999429353e-07
1.4538865000940859e-08;6.118748000008055e-08;4.7933500004000964e-08;5.211833999492228e-07
1.5285514999413863e-08;5.97336400009226e-08;4.740151999867521e-08;4.996756000327878e-07
1.5432739999960176e-08;6.52267600002233e-08;4.540247999830171e-08;4.972129999659956e-07
1.5597239999624435e-08;6.45522999984678e-08;4.7058979998109864e-08;5.023217999842018e-07
1.4520909999555443e-08;6.450503999949433e-08;4.7909180005081e-08;4.876909999875351e-07
1.5080504999787083e-08;6.161013999953866e-08;4.8764940002001824e-08;5.075164000154473e-07
1.4742975000990554e-08;6.601150000351481e-08;4.619377999915741e-08;5.041892000008375e-07
1.5137940000568052e-08;6.163995999959298e-08;4.7815119998995214e-08;4.936862000031397e-07
1.5216569999756758e-08;5.998623999767005e-08;4.8253620002651585e-08;4.943607999593951e-07
1.5168814999924507e-08;6.070051999995484e-08;4.868969999952242e-08;5.032089999876916e-07
1.4681579999160022e-08;5.759746000403538e-08;4.650518000125885e-08;4.809423999977298e-07
1.4869755000108853e-08;6.555666000349447e-08;4.948376000393182e-08;4.896235999767668e-07
1.5216509999299887e-08;5.971750000026077e-08;4.9057360005099326e-08;4.801824000314809e-07
1.4776029999484308e-08;6.098539999802597e-08;4.6417960000690073e-08;4.806355999899097e-07
1.4463874998909886e-08;6.505749999778345e-08;5.0351160002173854e-08;4.98427200014703e-07
1.5074230000027456e-08;5.971776000224054e-08;4.9638260004576295e-08;4.7571839997544885e-07
1.4994434999243823e-08;5.9023259999230506e-08;4.7623579995706676e-08;4.6523619996150953e-07
1.544136000011349e-08;6.14530399965588e-08;4.953300000051968e-08;4.943539999658242e-07
1.548142499959795e-08;5.987810000078752e-08;4.965193999814801e-08;4.90006199979689e-07
1.4868539999588393e-08;6.218280000030063e-08;4.9507440003799276e-08;5.285928000230343e-07
1.5238369999860878e-08;6.36368399951607e-08;4.941930000204593e-08;5.243192000198178e-07
1.4941650000400842e-08;6.492855999968014e-08;4.623680000077002e-08;5.185468000127002e-07
1.4440199999080506e-08;6.359047999721952e-08;4.8937739996472374e-08;4.940950000309385e-07
1.527951500029303e-08;6.351846000179648e-08;5.5676420003874226e-08;5.053959999931976e-07
1.540460999967763e-08;6.060144000221043e-08;4.760683999629691e-08;5.092966000083834e-07
1.4881299999251497e-08;6.140425999765285e-08;4.854373999987729e-08;4.930043999920599e-07
1.5087230000062844e-08;6.529482000041753e-08;4.9222240003291516e-08;5.085147999925539e-07
1.455537000001641e-08;6.193772000260652e-08;4.729265999631025e-08;5.030810000025667e-07
1.443697000067914e-08;6.008841999573633e-08;4.6805239998502656e-08;4.884580000070855e-07
1.4710444999218452e-08;6.623440000112169e-08;4.795917999581434e-08;4.986788000096567e-07
1.4464065000356641e-08;5.752193999942392e-08;4.837180000031367e-08;4.923694000463001e-07
1.5053834998980163e-08;5.958452000049874e-08;4.89103999978397e-08;5.00222800008487e-07
1.50407199995243e-08;6.245972000178881e-08;4.814995999913663e-08;4.763657999574207e-07
1.4683105000585783e-08;6.595020000240765e-08;4.917787999729626e-08;4.799528000294231e-07
1.4995569999155124e-08;6.275139999925159e-08;4.7598940000170845e-08;4.908100000466221e-07
1.457815500034485e-08;6.237679999903776e-08;4.938885999727063e-08;5.095391999930144e-07
1.5077005000784993e-08;5.954993999912404e-08;4.977199999848381e-08;5.133214000379667e-07
1.527819499897305e-08;6.46043999993708e-08;4.837773999897763e-08;5.472674000193365e-07
1.502176499925554e-08;6.53331600013189e-08;4.9033539998345076e-08;5.444837999530136e-07
1.5179469999566207e-08;6.722777999821119e-08;4.867113999789581e-08;5.500299999839626e-07
1.514113000012003e-08;6.231167999794707e-08;4.680652000242844e-08;5.426091999979689e-07
1.4906144999258685e-08;6.128333999658935e-08;4.676456000306643e-08;5.327658000169322e-07
1.5038024999375922e-08;6.258207999635488e-08;4.802345999632962e-08;5.257389999460429e-07
1.491144500032533e-08;6.494105999590829e-08;4.9410040001384915e-08;5.257687999983318e-07
1.5380699999514036e-08;6.309213999775238e-08;4.950478000100702e-08;5.476396000012756e-07
1.5604015000280924e-08;6.616638000123202e-08;4.762029999983497e-08;5.269737999769859e-07
1.4767079999728594e-08;6.30979599955026e-08;4.8715639999136326e-08;5.259792000288143e-07
1.5360744998906738e-08;6.283317999914289e-08;4.687951999949291e-08;5.392466000048444e-07
1.4835554998717271e-08;6.6594159998931e-08;4.662512000068091e-08;5.588850000058301e-07
1.445524500013562e-08;6.663455999805592e-08;4.769021999672987e-08;5.472278000088409e-07
1.5157435000583064e-08;6.444455999881029e-08;4.775068000308238e-08;5.092770000337624e-07
1.4109115001338068e-08;5.90797399985604e-08;4.947973999660462e-08;5.30685400008224e-07
1.496550000010757e-08;6.637900000205264e-08;4.96649399981834e-08;5.184924000059255e-07
1.4565880000009201e-08;6.246299999766052e-08;4.642415999551304e-08;4.931046000565402e-07
1.50560249996488e-08;6.518102000118234e-08;4.7167579998495055e-08;5.506300000124611e-07
1.518811999994796e-08;6.621541999629699e-08;4.94436000008136e-08;5.385381999658421e-07
1.532359500124585e-08;6.044872000347823e-08;4.7485559998312966e-08;5.203426000080072e-07
1.5186810000159313e-08;6.053748000413179e-08;4.7693400003481654e-08;5.149771999567747e-07
1.5318195000872948e-08;6.2025179999182e-08;4.969697999767959e-08;5.508005999727174e-07
1.5309084999898914e-08;6.414592000073754e-08;4.968923999695107e-08;5.457237999653443e-07
1.4736585000355262e-08;5.946760000078939e-08;4.9769560003187504e-08;5.337197999469936e-07
1.4984579999872948e-08;6.272214000346139e-08;4.957889999495819e-08;5.319844000041485e-07
1.5041755000129343e-08;6.614751999732107e-08;4.949071999872103e-08;5.375257999985479e-07
1.5410090000659692e-08;6.232177999918349e-08;4.681966000352986e-08;5.333084000158123e-07
1.5096524999535178e-08;5.880110000143759e-08;4.8342419997788965e-08;5.363779999897815e-07
1.523690500034718e-08;5.6804180005565286e-08;4.9426860001403836e-08;5.136308000073768e-07
1.5333269999246113e-08;6.552872000029311e-08;4.951073999982327e-08;5.292223999858833e-07
1.4893189999565948e-08;6.479104000027292e-08;4.729010000010021e-08;5.254958000150509e-07
1.4903610000328626e-08;6.454135999665596e-08;4.928823999944143e-08;5.40804999996908e-07
1.5415844999370166e-08;6.511231999611482e-08;4.7735200001625345e-08;5.400608000345528e-07
1.507941500021843e-08;5.898192000458948e-08;4.930807999917306e-08;5.237695999676362e-07
1.510627500101691e-08;6.181012000306509e-08;4.909427999518812e-08;5.35818400036078e-07
1.4909345000342e-08;6.061122000101022e-08;4.93283000017982e-08;5.211517999996431e-07
1.4757744999951683e-08;6.583285999950021e-08;4.856661999947391e-08;5.044388000387699e-07
1.4770185000088532e-08;6.218771999701858e-08;4.69407600001432e-08;5.331293999915942e-07
1.508635000063805e-08;6.640355999697932e-08;4.809258000459522e-08;5.246232000063174e-07
1.53573450006661e-08;5.9243759996024895e-08;4.7993279999354854e-08;5.422141999588348e-07
1.492904000042472e-08;6.604744000360369e-08;4.775098000536673e-08;5.20591999986209e-07
1.5030575000855607e-08;6.093671999988146e-08;4.98624200001359e-08;5.602414000313729e-07
1.4539785000670235e-08;6.195055999560282e-08;4.895546000334434e-08;5.00469799968414e-07
1.4486390000092796e-08;6.317780000390485e-08;4.9228920001769437e-08;5.114024000358768e-07
1.449315500067314e-08;6.242941999807954e-08;4.8257240001112224e-08;5.422727999975905e-07
1.509770500124432e-08;6.449761999538168e-08;4.9236620002193376e-08;5.149766000104137e-07
1.4641879999544471e-08;5.956979999900796e-08;4.710600000107661e-08;5.249425999936647e-07
1.4281355000275653e-08;6.384535999968647e-08;4.787129999604076e-08;5.250575999962166e-07
1.4821285000653007e-08;6.640566000132822e-08;4.8206220002612096e-08;5.226506000035442e-07
1.5424514999904204e-08;6.256848000339233e-08;4.70237800036557e-08;5.605760000180454e-07
1.5197690000059082e-08;5.907560000196099e-08;4.7358839999651535e-08;5.207724000210874e-07
1.5328394999960438e-08;6.13513000018429e-08;4.9528859998099504e-08;5.60518000042066e-07
1.49624550002045e-08;6.070690000196919e-08;4.7095659998012706e-08;5.270652000326663e-07
1.452378999965731e-08;6.366861999849789e-08;4.696348000434227e-08;5.331839999998919e-07
1.5437450000899843e-08;6.497484000283293e-08;4.639120000065304e-08;5.424936000490561e-07
1.5375379999750293e-08;5.956400000141002e-08;4.772226000204682e-08;5.193412000080571e-07
1.490728500066325e-08;6.007238000165672e-08;4.5307899999897925e-08;5.300783999846317e-07
1.495345500006806e-08;6.154696000157855e-08;4.654807999613695e-08;5.470031999866478e-07
1.466439499927219e-08;6.643283999874257e-08;4.743683999986388e-08;5.279225999838673e-07
1.5241140000580346e-08;6.664786000037566e-08;5.010956000187434e-08;5.253929999889806e-07
1.520989999989979e-08;6.091797999688424e-08;4.6970040001906455e-08;5.318274000310339e-07
1.5855635001207703e-08;6.793889999971725e-08;5.156602000351995e-08;5.581395999761298e-07
1.5348945000732782e-08;6.512497999938205e-08;4.996122000156902e-08;5.253861999954097e-07
1.5602615001262166e-08;6.094195999903604e-08;4.952318000141531e-08;5.266964000184089e-07
1.499058000044897e-08;6.38279800012242e-08;4.659669999964535e-08;4.935929999919609e-07
1.5556085000571328e-08;5.698032000218518e-08;5.0241519999690357e-08;5.229831999749877e-07
1.4669960000901483e-08;5.962751999613829e-08;4.889968000352383e-08;5.486711999983527e-07
1.521216000110144e-08;6.308437999687158e-08;4.941222000052221e-08;5.325760000268928e-07
1.4641975000267848e-08;6.589572000084445e-08;4.666356000234373e-08;5.424433999578469e-07
1.5021795000939166e-08;6.400690000155009e-08;4.8993280000286175e-08;5.111780000152067e-07
1.4734814999974332e-08;6.459472000133246e-08;4.566666000173427e-08;5.303853999939748e-07
1.4524140000867191e-08;6.51068800012581e-08;4.8373839998384935e-08;5.140169999795034e-07
1.5022599999792874e-08;6.578588000265882e-08;4.759423999930732e-08;5.254948000074364e-07
1.4829324999300297e-08;5.926058000186458e-08;4.866920000058599e-08;5.185213999939151e-07
1.482395000057295e-08;6.071267999941483e-08;4.856290000025183e-08;5.23802199983038e-07
1.498323999985587e-08;5.988333999994211e-08;4.887311999918893e-08;5.256548000033945e-07
1.4595890000055079e-08;5.790512000094168e-08;4.616916000377387e-08;5.379450000473298e-07
1.4806535000388976e-08;6.329415999935008e-08;5.176425999961793e-08;5.224109999835491e-07
1.499426999944262e-08;6.622031999868341e-08;5.619607999688014e-08;5.386448000208475e-07
1.4930060000915545e-08;6.640131999738514e-08;4.9108499998692425e-08;5.225934000336565e-07
1.4573740000196267e-08;6.309870000113733e-08;4.778876000200398e-08;5.12350199976936e-07
1.5566519999993034e-08;6.539826000225731e-08;4.7406879998743536e-08;5.439699999988079e-07
1.538624999957392e-08;6.288207999896258e-08;4.925589999766089e-08;5.367338000214659e-07
1.4832285000011326e-08;6.450631999759935e-08;4.6283199999015777e-08;5.26787200011313e-07
1.4861910000036004e-08;6.225448000477626e-08;4.957377999671735e-08;5.206447999808005e-07
1.5073714999016375e-08;6.608982000034302e-08;4.829021999612451e-08;5.188459999626502e-07
1.5082594999694264e-08;6.132362000062131e-08;4.709015999687836e-08;5.048278000322171e-07
1.4586079999571666e-08;6.162168000009843e-08;4.933428000076674e-08;5.479001999483444e-07
1.4609949999430682e-08;6.133810000028461e-08;4.6247399999992925e-08;5.155379999778234e-07
1.4482180000049993e-08;6.616041999659501e-08;4.9023279995890333e-08;5.531569999875501e-07
1.4318785000068601e-08;6.158196000033058e-08;4.8657100001582875e-08;5.510278000147082e-07
1.521956000069622e-08;6.141127999871969e-08;4.930483999778517e-08;5.085236000013538e-07
1.4791079999122302e-08;6.143924000207335e-08;4.684269999852404e-08;5.440157999983058e-07
1.4614389999769628e-08;6.129278000444174e-08;4.6622220001881945e-08;5.35195600008592e-07
1.4809139999852051e-08;6.630353999789804e-08;4.857761999592185e-08;5.203701999853365e-07
1.487325000052806e-08;6.65660200000275e-08;4.9678300000960006e-08;5.12300000002142e-07
1.4432985000894405e-08;6.394459999864921e-08;4.7088579996488986e-08;5.330029999604448e-07
1.5119530000083613e-08;5.953041999600828e-08;4.875817999709397e-08;5.223640000331216e-07
1.4736900001298637e-08;6.377598000108265e-08;4.727511999662965e-08;5.120916000450961e-07
1.47036800000933e-08;5.969249999616296e-08;4.790441999793984e-08;5.141401999862864e-07
1.52702200008207e-08;6.37663200031966e-08;4.6326119999866936e-08;4.873650000081397e-07
1.5268354999716395e-08;5.72680399985984e-08;4.8172219999833035e-08;4.843996000126935e-07
1.546622500027297e-08;5.894852000055835e-08;4.526109999860637e-08;4.949391999980435e-07
1.4417620000313037e-08;5.971763999550604e-08;4.672051999950781e-08;4.859875999973155e-07
1.461880499991821e-08;5.960775999701581e-08;4.717131999786943e-08;5.096011999994516e-07
1.5294540001195856e-08;6.123703999910504e-08;4.7256019996711986e-08;4.803100000135601e-07
1.4435879999655298e-08;6.328559999819845e-08;4.798920000321232e-08;5.128177999868057e-07
1.5202695000334643e-08;6.597731999936514e-08;4.9433039996074515e-08;5.112875999766402e-07
1.4894694999384228e-08;5.909809999866411e-08;4.8473800002830106e-08;5.04644799977541e-07
1.4859474998957011e-08;6.218481999821961e-08;4.910814000177197e-08;4.930572000448592e-07
1.5005584999744314e-08;6.175379999913276e-08;4.8136159998830406e-08;5.12351400044281e-07
1.5329230000497772e-08;6.582772000110709e-08;4.6632800000952555e-08;5.14941599976737e-07
1.4279214999987744e-08;5.885211999993771e-08;4.7972920001484455e-08;5.112349999835715e-07
1.4979214999766553e-08;6.078451999928802e-08;4.8512480000499636e-08;4.978591999970377e-07
1.494189000077313e-08;5.91980799974408e-08;4.759373999550007e-08;4.987472000066191e-07
1.5471059999254068e-08;6.135336000006645e-08;4.9237679998623205e-08;5.095600000349805e-07
1.4577085000928491e-08;5.908848000108264e-08;4.73368400009349e-08;4.85197199974209e-07
1.4466885000001639e-08;6.424024000298232e-08;4.6621280000545087e-08;5.090659999987111e-07
1.5112695000425445e-08;5.8033440000144765e-08;4.899285999708809e-08;5.105399999883957e-07
1.4768695000384469e-08;5.918942000134848e-08;4.9301940004806966e-08;4.873984000296332e-07
1.4819724998960737e-08;6.270950000034645e-08;4.67888800019864e-08;5.053955999901519e-07
1.461937999993097e-08;6.248535999911837e-08;4.759680000133812e-08;4.874783999985084e-07
1.4896355000382755e-08;5.897335999761708e-08;4.910640000016428e-08;5.096356000285595e-07
1.4650904999871272e-08;6.195863999892027e-08;4.668027999578044e-08;5.037122000358068e-07
1.4673895000305492e-08;6.629582000314258e-08;4.738389999838546e-08;4.845850000274368e-07
1.579024000093341e-08;5.975053999572992e-08;4.6621380001306535e-08;5.140423999982886e-07
1.497000000090338e-08;6.067423999775202e-08;5.0050839997129516e-08;5.08066999958828e-07
1.4711089999764226e-08;5.775415999814868e-08;4.8419560003094375e-08;4.832259999820962e-07
1.4595169998938218e-08;6.490518000209704e-08;4.7153380000963805e-08;4.831099999719299e-07
1.5331639999931214e-08;6.249359999783338e-08;4.885623999871313e-08;5.024651999701746e-07
1.5496060000441504e-08;6.645255999756045e-08;4.6877560002030804e-08;5.140582000021822e-07
1.4599469999666325e-08;5.815925999777391e-08;4.915576000348665e-08;4.901554000098258e-07
1.4891960000386461e-08;6.177274000365287e-08;4.536963999853469e-08;4.832257999805734e-07
1.5046810000785628e-08;6.200650000246241e-08;4.891283999895677e-08;5.096016000024974e-07
1.4962144999299198e-08;6.134092000429518e-08;4.804069999954663e-08;4.857622000272385e-07
1.5285559999756515e-08;6.077077999943867e-08;4.844068000093102e-08;4.890548000112176e-07
1.5170154999941587e-08;6.035618000314571e-08;4.895122000016272e-08;5.116960000013933e-07
1.5341394999995826e-08;6.204598000040278e-08;4.823311999789439e-08;5.130711999954656e-07
1.5162669999699574e-08;5.92724799993448e-08;4.9146479996852574e-08;4.8803060001228e-07
1.471643499971833e-08;5.655586000066251e-08;4.953975999960676e-08;5.10515799978748e-07
1.4554665000468958e-08;6.424092000233941e-08;4.941501999855973e-08;5.136419999762438e-07
1.461051999940537e-08;6.509591999929399e-08;4.81728800048586e-08;5.005466000293381e-07
1.486161499924492e-08;6.115892000379972e-08;4.902238000067882e-08;5.113910000072792e-07
1.510895500105107e-08;5.8587080001598225e-08;4.6863920002942906e-08;5.096658000256866e-07
1.4941905000887345e-08;6.439103999873624e-08;4.5855520002078264e-08;5.107582000200637e-07
1.502261000132421e-08;6.342220000224188e-08;4.9273559998255225e-08;5.089041999890469e-07
1.4605539999320173e-08;6.497626000200398e-08;4.917280000518076e-08;5.058986000367441e-07
1.4746410000952892e-08;5.709207999752834e-08;4.8675059998640793e-08;5.028999999631196e-07
1.4899040000454988e-08;5.7553959998767826e-08;4.8847959999693555e-08;4.988688000012189e-07
1.4782405000005383e-08;5.655960000003688e-08;4.869690000195987e-08;4.975394000066444e-07
1.4782555001147557e-08;6.271948000066913e-08;4.863598000374623e-08;5.095065999776125e-07
1.50567749995389e-08;6.566927999956533e-08;4.757117999834009e-08;4.85860800021328e-07
1.4733295000041836e-08;6.09035799978301e-08;4.764127999660559e-08;5.124776000156999e-07
1.563212500041118e-08;6.387254000292159e-08;4.961284000310116e-08;5.108389999950304e-07
1.4191004999156576e-08;6.15304599981755e-08;4.6910520002711566e-08;5.051152000087313e-07
1.4833604999876115e-08;6.340083999675699e-08;4.936761999852024e-08;5.118120000115596e-07
1.4675780000106898e-08;5.583128000143916e-08;4.9488139996537936e-08;5.063256000285036e-07
1.4654859999427572e-08;5.6915520003531126e-08;4.636125999968499e-08;5.097248000092804e-07
1.5075529999739955e-08;6.574940000427886e-08;4.958822000189684e-08;5.101021999726072e-07
1.5431714999431278e-08;6.496836000005715e-08;4.947387999854982e-08;5.124832000001334e-07
1.4810790000774432e-08;6.01775599992834e-08;4.714792000013404e-08;5.080212000175379e-07
1.470032499928493e-08;6.041576000279746e-08;4.797834000200964e-08;5.106970000197179e-07
1.5349280000373254e-08;5.8983999997144567e-08;4.9527399998623875e-08;4.913159999996424e-07
1.5268065000418572e-08;6.122399999876507e-08;4.877890000352636e-08;5.095786000019871e-07
1.503582000004826e-08;6.215963999857194e-08;4.75451200036332e-08;5.109729999676347e-07
1.525145000050543e-08;5.964348000125028e-08;4.902232000022195e-08;4.988360000425018e-07
1.492928500083508e-08;6.37629599950742e-08;4.8544519999995826e-08;5.100378000061028e-07
1.5422474998922554e-08;5.941976000322029e-08;4.7420639998745176e-08;4.851239999989047e-07
1.547998500027461e-08;6.578134000301361e-08;4.8810339998453855e-08;5.033190000103787e-07
1.4628985000308603e-08;6.34981199982576e-08;5.1213400001870466e-08;4.969166000373662e-07
1.5259729999525005e-08;6.120370000135154e-08;5.3461780003272e-08;5.047233999939635e-07
1.5365365000616292e-08;5.921844000113197e-08;4.9560600001132114e-08;5.025304000009782e-07
1.4699439999822061e-08;6.130121999885887e-08;4.664264000020921e-08;5.100133999949321e-07
1.5032879999489525e-08;5.9352980001131076e-08;4.936979999765754e-08;5.037994000012986e-07
1.5114654999342748e-08;5.8302399999229236e-08;4.9286579998442904e-08;5.06039600004442e-07
1.5327814999909606e-08;5.83133399952203e-08;4.9128279997967185e-08;5.064674000022933e-07
1.4802469999995083e-08;6.34641999960877e-08;4.607877999660559e-08;5.066727999947034e-07
1.5447409999615048e-08;6.568644000217319e-08;4.9065560003509743e-08;4.78536200011149e-07
1.535038000001805e-08;6.18802799959667e-08;4.932535999687389e-08;5.0971319997916e-07
1.520983999944292e-08;5.965915999840945e-08;4.8565719998441634e-08;5.163339999853633e-07
1.4823810000962112e-08;5.899251999799162e-08;4.884043999481946e-08;4.981758000212721e-07
1.5626185000292024e-08;5.96787200018298e-08;4.957978000165895e-08;5.023820000351406e-07
1.459239000105299e-08;5.651743999915198e-08;4.813904000329785e-08;5.11787399998866e-07
1.4382964999822433e-08;6.525150000234134e-08;4.933900000178255e-08;4.88862399943173e-07
1.5441859999555164e-08;5.982812000438571e-08;4.918039999902249e-08;4.850287999724969e-07
1.527335499995388e-08;6.515395999886096e-08;4.91111799958162e-08;5.07077400048729e-07
1.516348500008462e-08;5.943963999743573e-08;4.9226440000347795e-08;5.136336000286974e-07
1.5326985000865533e-08;6.523382000159472e-08;4.9261320004006846e-08;5.02634999982547e-07
1.5034794999519365e-08;6.430607999791391e-08;4.8723080003401265e-08;4.763455999782309e-07
1.505448499956401e-08;6.441625999868848e-08;4.948180000064895e-08;5.105395999853499e-07
1.5287219999299852e-08;6.566893999697641e-08;4.700307999737561e-08;5.096383999916725e-07
1.532945000071777e-08;6.084835999645293e-08;4.6830960002262145e-08;4.871541999746114e-07
1.521746499929577e-08;6.261366000398994e-08;4.9856540001928806e-08;5.119662000215613e-07
1.5522359999886247e-08;5.975491999997758e-08;4.902538000023924e-08;4.771638000383973e-07
1.53155499996501e-08;6.127181999618187e-08;4.7432639996986835e-08;4.974895999766887e-07
1.5290174999972805e-08;5.903247999958694e-08;4.794487999752164e-08;4.766053999774158e-07
1.5050745000189634e-08;6.299720000242814e-08;4.9238080001669005e-08;5.038205999881029e-07
1.5027894999366254e-08;5.772786000161432e-08;4.926310000009835e-08;4.977271999814547e-07
1.516012500069337e-08;6.524639999843202e-08;4.9475620000157506e-08;5.317633999511599e-07
1.5254945000924635e-08;6.593915999983437e-08;4.920249999850057e-08;5.292890000273474e-07
1.471799999999348e-08;6.021731999935582e-08;4.768879999755882e-08;4.967554000322707e-07
1.4510920000611804e-08;6.029749999870546e-08;4.6814919996540996e-08;4.984722000081092e-07
1.5219259999867064e-08;5.8667339995736256e-08;4.7663019999163225e-08;5.451044000219554e-07
1.484247499902267e-08;5.931810000329278e-08;4.601750000147149e-08;5.239424000028521e-07
1.4695725000638049e-08;6.380348000093363e-08;4.699548000353389e-08;5.151838000165299e-07
1.4541414999985136e-08;6.022225999622606e-08;4.75036799965892e-08;5.434025999857113e-07
1.5423784998711197e-08;6.18430399976205e-08;4.8736320005264134e-08;5.31613000028301e-07
1.4988174999598415e-08;5.98715199972503e-08;4.79423200013116e-08;5.263664000085555e-07
1.4932209999824408e-08;6.313227999489755e-08;4.8355920001631604e-08;5.292899999767542e-07
1.5214284999819937e-08;6.349162000115029e-08;5.060956000234e-08;5.47379199997522e-07
1.5051779999339487e-08;6.050245999940672e-08;4.839711999520659e-08;5.293734000297263e-07
1.5013674998772332e-08;6.331905999686569e-08;4.870503999991342e-08;5.493231999571435e-07
1.534867500013206e-08;6.22977799968794e-08;4.977834000019357e-08;5.381645999732428e-07
1.5192215000570285e-08;6.261659999727272e-08;4.9723379994975404e-08;5.206263999571092e-07
1.471577499905834e-08;6.306847999803721e-08;4.666624000528827e-08;5.233185999677516e-07
1.5061680000508203e-08;6.557228000019677e-08;4.840476000099443e-08;5.180280000204221e-07
1.5461549999599812e-08;6.170522000174969e-08;4.886549999937415e-08;5.291886000195518e-07
1.5167760000622364e-08;6.519482000148855e-08;4.877203999785707e-08;5.281147999921813e-07
1.4441189999342895e-08;6.068567999755032e-08;4.712488000513986e-08;5.503334000241011e-07
1.558237499993993e-08;6.376651999889874e-08;4.990528000053018e-08;5.196992000564933e-07
1.5522334999695885e-08;6.484877999755554e-08;4.803902000421658e-08;5.039853999624029e-07
1.5329565000138244e-08;6.403730000020005e-08;4.9174959998345e-08;5.147538000019267e-07
1.5110790000471752e-08;6.475158000248485e-08;4.976870000245981e-08;5.403954000212253e-07
1.4902029999939258e-08;6.017297999933362e-08;4.870803999947384e-08;5.0031560001662e-07
1.455965499917511e-08;6.28006600018125e-08;4.7109920001821595e-08;5.285906000062823e-07
1.5350584998668636e-08;6.399756000027991e-08;4.899471999960952e-08;5.3063779999502e-07
1.5279784999438562e-08;6.232266000006348e-08;4.84809999994468e-08;5.115231999661773e-07
1.5042600000742824e-08;6.03415799967479e-08;4.729619999998249e-08;5.277228000340983e-07
1.535829499916872e-08;6.04964199999813e-08;4.826083999942057e-08;5.422937999828719e-07
1.4899285000865348e-08;6.551713999942876e-08;4.9557900003856045e-08;5.274499999941326e-07
1.5213724999921396e-08;6.208623999846168e-08;4.915793999680318e-08;5.451391999959014e-07
1.5160700000706127e-08;6.432373999850824e-08;4.892156000132672e-08;5.240772000397556e-07
1.49596549992566e-08;6.527979999664239e-08;4.773740000091493e-08;5.118625999893993e-07
1.5375534999475348e-08;6.512173999799415e-08;4.950921999989077e-08;5.364577999571339e-07
1.5119740000227467e-08;6.190888000419364e-08;4.818441999959759e-08;5.326188000035473e-07
1.490946999983862e-08;6.317921999725513e-08;4.74435199983418e-08;5.382066000020132e-07
1.4839560000109487e-08;6.534834000049158e-08;4.950016000075266e-08;5.354827999835834e-07
1.5399814999545924e-08;6.024023999925703e-08;4.666953999549151e-08;5.235825999989174e-07
1.4979154999309686e-08;6.517899999744259e-08;4.7908620000816884e-08;5.057705999934114e-07
1.5355574998829978e-08;6.524150000186637e-08;4.692210000357591e-08;5.416155999992043e-07
1.4933660000679083e-08;6.347405999549664e-08;4.8045879998244346e-08;5.20423199981451e-07
1.4370020000205841e-08;6.024954000022262e-08;4.632280000369065e-08;5.042048000032083e-07
1.4265564999368508e-08;5.966001999913715e-08;4.633576000342145e-08;5.286277999985031e-07
1.4808595000067725e-08;6.405953999492339e-08;4.849695999873802e-08;5.157748000347055e-07
1.527145500003826e-08;5.938036000006832e-08;4.619825999834575e-08;5.23780599993188e-07
1.468662000115728e-08;5.86832000000868e-08;4.9006380001083015e-08;5.048102000146173e-07
1.496927499974845e-08;6.495164000079967e-08;5.0122899998677894e-08;5.113497999846004e-07
1.5084450000722426e-08;5.89784600015264e-08;4.7968759998911993e-08;5.083860000013374e-07
1.5306364999560174e-08;6.060436000116169e-08;4.9996300000930204e-08;5.033923999872059e-07
1.4554209999914747e-08;5.7987459999276326e-08;4.6435120003297927e-08;5.37577000039164e-07
1.5146169999206906e-08;6.506730000255629e-08;4.839040000224486e-08;5.172630000161007e-07
1.4558045000012499e-08;6.380535999778659e-08;4.699015999794938e-08;5.061527999932878e-07
1.4838354999665171e-08;6.513014000374823e-08;4.9984020000556487e-08;5.240273999515921e-07
1.5506780000578147e-08;5.859848000109196e-08;5.0539379997644576e-08;5.071513999719172e-07
1.573643500014441e-08;6.056754000019282e-08;4.6667180000804365e-08;5.333760000066832e-07
1.4400699999532663e-08;6.62222400016617e-08;4.9048179999226707e-08;5.259548000176438e-07
1.528632999979891e-08;6.2445119995391e-08;4.6251260000281035e-08;5.282865999615752e-07
1.4809669999522157e-08;6.125374000403099e-08;4.761037999996915e-08;5.255056000314653e-07
1.4861435000784695e-08;6.196487999986858e-08;4.737870000535622e-08;5.13617999968119e-07
1.5125979999720585e-08;6.34647800005041e-08;4.7048979997634886e-08;5.214045999455265e-07
1.5046545000222978e-08;6.290308000170626e-08;4.9813399999402464e-08;5.248295999481343e-07
1.543616999988444e-08;6.467399999964982e-08;5.071211999747902e-08;5.196371999918483e-07
1.4727849999326281e-08;6.039899999741465e-08;5.4447259998414667e-08;5.161209999932907e-07
1.4281335000123362e-08;5.9342740004649384e-08;4.7714939998695624e-08;5.304613999905996e-07
1.5487209999992045e-08;6.748137999675237e-08;4.965016000205651e-08;5.151700000278651e-07
1.4829580001241993e-08;6.221106000011786e-08;4.853685999987647e-08;5.277190000051632e-07
1.5222925000125542e-08;6.620883999858051e-08;4.919156000250951e-08;5.245080000022427e-07
1.5054740000050516e-08;6.08756400004495e-08;4.7505359997740013e-08;5.274117999942973e-07
1.509611500077881e-08;6.394362000282854e-08;4.721908000065014e-08;5.287575999973341e-07
1.4729574999364559e-08;6.230164000298828e-08;4.9414840003009883e-08;5.189465999719687e-07
1.5155665000202136e-08;6.150161999976262e-08;4.957101999898441e-08;5.271652000374161e-07
1.5247220000310336e-08;5.964112000074238e-08;4.818807999836281e-08;5.298653999925591e-07
1.4624074999301229e-08;5.969809999805875e-08;4.941842000116594e-08;5.291027999483049e-07
1.511599500081502e-08;6.196313999826088e-08;4.867475999635644e-08;5.409868000424467e-07
1.5179274999536575e-08;6.039128000265919e-08;4.968142000143416e-08;5.207042000256479e-07
1.447310999938054e-08;5.913519999594428e-08;4.930999999633059e-08;5.191126000136137e-07
1.4889055000094232e-08;6.505252000060863e-08;4.9647539999568835e-08;5.274452000157908e-07
1.4887954998994246e-08;6.244588000117801e-08;4.772577999974601e-08;5.36716600006912e-07
1.5105914999730884e-08;6.433985999901779e-08;4.9485219997586684e-08;5.282747999881394e-07
1.541443500027526e-08;6.144873999874108e-08;4.891302000032738e-08;5.362999999779276e-07
1.528546499903314e-08;6.253152000135742e-08;4.9538059998303654e-08;5.314539999817498e-07
1.544848500052467e-08;6.218946000444703e-08;4.752217999775894e-08;5.293494000216015e-07
1.475102000113111e-08;6.173348000156693e-08;4.900684000458568e-08;5.03980599984061e-07
1.4313345000846311e-08;6.277805999852717e-08;4.665329999988899e-08;5.324972000089474e-07
1.5617344999918716e-08;6.261620000004768e-08;4.91946000023745e-08;5.138166000251658e-07
1.5450604999205096e-08;6.23262999986764e-08;4.819448000052944e-08;5.539295999915339e-07
1.53923850011779e-08;5.97395199991297e-08;4.941142000025138e-08;5.374122000066563e-07
1.5113924999604933e-08;6.238527999958024e-08;4.921590000158176e-08;5.131991999805905e-07
1.542090000002645e-08;6.055188000318594e-08;4.7412159998202695e-08;5.254032000084407e-07
1.508114000025671e-08;6.673255999921821e-08;4.8709720000624655e-08;5.412446000264027e-07
1.504927000059979e-08;6.53664999990724e-08;4.791658000322059e-08;5.164990000193939e-07
1.5031219999946188e-08;6.129395999596454e-08;4.786471999832429e-08;5.021180000039749e-07
1.5309320000233127e-08;5.959224000107497e-08;4.746205999981612e-08;5.271866000257432e-07
1.4469644999189768e-08;6.47049999970477e-08;4.752638000063598e-08;5.439080000505782e-07
1.5299770000274294e-08;6.567763999919407e-08;4.835809999494813e-08;5.402577999630011e-07
1.4925689999654425e-08;6.570595999946818e-08;4.655672000371851e-08;5.188113999902271e-07
1.4847484999336303e-08;6.106900000013411e-08;4.6532320004189384e-08;5.31669799995143e-07
1.4895550000073854e-08;6.653537999955006e-08;4.883220000192523e-08;5.358886000467464e-07
1.5139904999523423e-08;6.208012000424788e-08;6.178378000040539e-08;5.805139999720268e-07
1.5333554999961054e-08;6.308188000111841e-08;6.013077999814413e-08;5.778915999690071e-07
1.4280365000013261e-08;6.12599800049793e-08;6.133183999918401e-08;5.810097999637946e-07
1.4678369999455754e-08;6.263603999977931e-08;6.021514000021853e-08;5.60631199972704e-07
1.527421999926446e-08;6.361735999817029e-08;5.908049999852665e-08;5.769558000029065e-07
1.477461000031326e-08;5.973708000383339e-08;5.95668800000567e-08;5.740446000127122e-07
1.476014999934705e-08;6.266001999611034e-08;5.773308000061661e-08;5.52384999988135e-07
1.4577409999037627e-08;6.318167999852449e-08;5.827910000225529e-08;5.727349999942816e-07
1.5140154999971854e-08;6.386373999994249e-08;6.016606000484899e-08;5.618779999786056e-07
1.5324724999663885e-08;6.203610000084155e-08;7.205892000347376e-08;5.930558000109159e-07
1.9287914999586065e-08;7.990915999980643e-08;6.842004000209271e-08;6.05697599996347e-07
1.756059000035748e-08;7.707442000391892e-08;7.099405999761074e-08;6.02660599979572e-07
1.895760499901371e-08;6.8748099997174e-08;6.64336399990134e-08;6.102632000111043e-07
1.9006459999945945e-08;7.269412000314333e-08;6.7317299998831e-08;5.924468000303023e-07
2.0625759998802095e-08;7.265583999687806e-08;7.349972000229172e-08;6.255635999841615e-07
1.807954499963671e-08;7.454577999887989e-08;6.945186000084505e-08;6.129747999948449e-07
1.5838219999568536e-08;6.87593000009656e-08;7.097020000219345e-08;5.657262000022456e-07
2.1603979999781588e-08;7.691218000254594e-08;6.810724000097253e-08;6.331886000116356e-07
2.0492910000029952e-08;7.243768000043929e-08;8.343073999858462e-08;6.581145999953151e-07
2.076025000133086e-08;7.183129999903031e-08;7.599215999944135e-08;6.412327999714762e-07
2.2857209999347105e-08;7.435091999941506e-08;7.389755999902263e-08;6.155083999619819e-07
1.801720500079682e-08;7.921491999877617e-08;7.282776000211016e-08;5.886096000322141e-07
1.6624039999442176e-08;7.591023999848403e-08;6.910411999560892e-08;6.02331799978856e-07
1.7668165000213776e-08;6.98952799953986e-08;7.681026000063866e-08;6.056614000117407e-07
1.860591500008013e-08;7.440413999720477e-08;6.710420000017621e-08;6.00293800001964e-07
1.5005500000552274e-08;7.210630000336096e-08;6.668686000048183e-08;5.691487999865785e-07
2.072427999955835e-08;6.61162799980957e-08;6.534413999761454e-08;6.073666000156664e-07
1.7613594999420455e-08;7.430362000013702e-08;7.348589999601246e-08;5.873150000115857e-07
2.2398450001492165e-08;7.114676000201144e-08;7.079359999625013e-08;7.055471999919973e-07
2.0187310001347213e-08;6.796795999980532e-08;7.145388000062667e-08;6.084021999849938e-07
1.8435614999907558e-08;7.496430000173859e-08;7.223773999721743e-08;6.373792000231333e-07
1.592604500037851e-08;6.925082000088877e-08;6.888705999590456e-08;6.122912000282668e-07
1.8599439998797608e-08;7.948058000183664e-08;7.589826000039466e-08;5.896219999995083e-07
1.8221769999945537e-08;7.040455999667756e-08;7.086650000419467e-08;5.618549999780953e-07
1.6896084998734296e-08;7.704459999804385e-08;7.742786000017076e-08;6.203782000229693e-07
1.8947924999520184e-08;6.707405999768526e-08;7.792225999874063e-08;6.479785999981687e-07
1.8866949999937786e-08;7.22146000014618e-08;7.155716000124812e-08;6.392865999951027e-07
1.830377000005683e-08;7.607011999934911e-08;7.399537999881431e-08;6.588111999444663e-07
1.7427295001107266e-08;7.348857999895699e-08;7.650446000043303e-08;6.216351999901235e-07
1.863965499942424e-08;7.322481999872252e-08;7.835058000055141e-08;6.4469259994803e-07
1.9074585000635126e-08;7.128775999881327e-08;7.453626000205987e-08;6.001169999944977e-07
2.1089194998785388e-08;7.540306000155397e-08;6.974359999876469e-08;5.777046000002884e-07
1.8662849999964238e-08;7.416768000111915e-08;6.997472000075504e-08;6.532480000169016e-07
2.023893000005046e-08;6.691786000155843e-08;7.589655999909156e-08;6.342537999735214e-07
2.079465999850072e-08;7.774595999508165e-08;7.81111599993892e-08;6.331017999909818e-07
2.183980999980122e-08;6.678342000232078e-08;7.543786000460386e-08;5.747548000072129e-07
1.7626429999654645e-08;8.75302400032524e-08;8.033247999846935e-08;5.969736000406556e-07
1.6506300000764896e-08;7.293435999890789e-08;7.631719999480993e-08;6.625295999692753e-07
1.7493795001064428e-08;7.127627999871038e-08;6.507677999907173e-08;6.268528000218794e-07
1.6645294999761973e-08;7.092999999877065e-08;6.854394000256434e-08;6.079700000118465e-07
1.972575499967206e-08;6.816427999874577e-08;7.100347999949008e-08;5.671155999880284e-07
2.2224490001099186e-08;6.861334000132047e-08;6.269485999946482e-08;5.94176399987191e-07
1.6674944999977015e-08;7.649820000515319e-08;7.266833999892697e-08;6.099019999965094e-07
1.9050519999291284e-08;7.530533999670296e-08;7.335672000190243e-08;5.842586000217124e-07
1.7099485000653657e-08;7.125328000402078e-08;8.200809999834746e-08;5.821065999916755e-07
1.5757419999863487e-08;7.651392000261694e-08;8.143102000467479e-08;6.309292000369169e-07
2.16571600001771e-08;7.561649999697692e-08;7.057022000080906e-08;6.390466000302695e-07
1.8075719999615102e-08;7.357157999649644e-08;6.906614000326954e-08;6.097040000022389e-07
2.2575199999846518e-08;6.91497599997092e-08;7.95348199957516e-08;6.425493999850005e-07
1.976394499943126e-08;7.737201999989339e-08;7.412592000328004e-08;6.318279999541118e-07
1.924105000070995e-08;7.510509999701753e-08;7.343461999553256e-08;5.755766000365839e-07
1.7285289999563247e-08;8.066180000314489e-08;7.180440000374801e-08;6.010703999781982e-07
1.841818999964744e-08;7.820741999894381e-08;7.273666000110097e-08;6.172485999995842e-07
1.926125000027241e-08;7.10793400008697e-08;7.166841999860481e-08;6.555320000043139e-07
1.804602000047453e-08;8.01493400009349e-08;7.532802000059747e-08;6.159676000243053e-07
1.9435225000779612e-08;7.363324000034481e-08;8.486964000039733e-08;6.158333999919705e-07
2.031071000092197e-08;7.483789999969304e-08;7.422500000102445e-08;6.247679999796674e-07
2.0504509999591393e-08;7.903048000298441e-08;7.610548000084236e-08;6.407066000392661e-07
2.001841000164859e-08;7.588943999726326e-08;8.287386000156402e-08;6.254921999643556e-07
1.9034419998934027e-08;7.40754000027664e-08;8.014418000238948e-08;6.566884000203572e-07
1.8183590000262485e-08;7.503012000233866e-08;8.743759999633766e-08;5.897999999579042e-07
2.198276999988593e-08;8.279909999691882e-08;7.098636000300757e-08;5.894969999790192e-07
1.633352500066394e-08;8.055700000259094e-08;7.595533999847248e-08;6.002410000073723e-07
1.8978929999866524e-08;8.504573999671265e-08;7.367341999779455e-08;6.585559999803082e-07
1.839886500092689e-08;8.287079999572597e-08;7.77680800005328e-08;6.449320000247099e-07
1.872367500036489e-08;7.60041799978353e-08;7.01178599963896e-08;6.792659999919124e-07
2.082553999789525e-08;7.500861999578774e-08;7.636021999642252e-08;6.19981000025291e-07
1.696232999966014e-08;7.384510000119918e-08;6.69819800008554e-08;6.307119999546557e-07
1.8631424999330192e-08;6.791293999995105e-08;7.34969999990426e-08;6.331438000197523e-07
2.0039059998816812e-08;6.586111999931746e-08;6.421909999917261e-08;6.39854600012768e-07
2.2007519999169746e-08;7.20973799994681e-08;6.713134000310674e-08;6.472946000285446e-07
1.8019009999989065e-08;7.607671999721788e-08;7.114645999972709e-08;6.716579999774694e-07
1.9509059999836607e-08;7.4045159999514e-08;7.426034000236541e-08;5.627553999656811e-07
1.7364550000638702e-08;7.091120000113733e-08;7.968374000047333e-08;6.134690000326373e-07
1.7270189999544527e-08;6.638728000107222e-08;7.497395999962464e-08;6.400722000398673e-07
1.693268000090029e-08;7.406442000064999e-08;7.366690000053496e-08;6.396564000169747e-07
2.0040709999739194e-08;7.747727999812923e-08;6.926240000175312e-08;6.238675999920815e-07
1.7013399999996182e-08;7.345526000135578e-08;7.091432000161149e-08;6.140057999873534e-07
1.7155904999526682e-08;7.7522799995495e-08;7.301385999890045e-08;6.770844000275247e-07
1.6949484999349807e-08;7.662138000014238e-08;7.093223999836482e-08;6.225168000091799e-07
1.814200999942841e-08;6.94543200021144e-08;7.312374000321143e-08;6.24376800027676e-07
1.8019810000259894e-08;7.256889999844134e-08;7.639616000233218e-08;6.156474000308663e-07
1.793582999962382e-08;7.437136000371538e-08;6.804062000010162e-08;6.364581999951042e-07
1.8649409999488854e-08;7.273687999695539e-08;7.462280000327155e-08;6.351924000191502e-07
1.770818499935558e-08;7.24159600038547e-08;6.83398200024385e-08;6.375109999789857e-07
1.7586894999840298e-08;7.119814000325277e-08;7.457608000258915e-08;5.930674000410363e-07
1.827180000109365e-08;8.242783999885433e-08;7.321366000105627e-08;6.077877999632619e-07
2.0101689999864902e-08;7.189540000399575e-08;7.246244000270963e-08;6.328216000110843e-07
1.8752350000431762e-08;7.32151000003796e-08;8.314692000276409e-08;6.782545999740251e-07
2.121993999753613e-08;8.029863999690861e-08;7.34052799991332e-08;6.435476000187919e-07
1.8712560000130905e-08;7.300278000184335e-08;7.806967999786139e-08;6.667538000037893e-07
1.9880655000451952e-08;8.307377999881282e-08;8.20380599994678e-08;6.46303399989847e-07
2.0763520000036805e-08;7.703426000080071e-08;9.124553999863565e-08;7.276132000260986e-07
1.9783235000795686e-08;8.294413999537938e-08;7.552399999694898e-08;7.011205999879167e-07
2.0643950000521726e-08;8.010627999901772e-08;8.157364000217058e-08;6.730112000368536e-07
2.009447000018554e-08;7.69568599993363e-08;8.768319999799132e-08;6.55663400015328e-07
1.8532704999961423e-08;8.631090000271798e-08;8.221332000102848e-08;6.913472000160254e-07
2.470125999825541e-08;8.270720000145957e-08;7.657896000309847e-08;7.005827999673784e-07
2.0055139999021774e-08;8.288602000102401e-08;6.831152000231668e-08;6.830861999769695e-07
2.1824719999858643e-08;8.342822000267915e-08;9.262473999988288e-08;6.604131999774836e-07
2.0183805000851862e-08;7.465240000165068e-08;7.798995999619365e-08;6.708703999756836e-07
1.8732655000349043e-08;7.324746000231243e-08;7.56455000024289e-08;6.558296000002884e-07
1.6857229999732226e-08;7.885308000259102e-08;7.44851000024937e-08;6.28989199991338e-07
2.1960050001507625e-08;7.587766000069677e-08;6.783637999906204e-08;6.851067999959924e-07
1.7939674999797717e-08;8.581347999861463e-08;6.566680000396445e-08;6.531071999925189e-07
1.8493170000147073e-08;7.779743999708443e-08;8.252922000247053e-08;6.476588000077755e-07
1.6821980000531768e-08;6.69690000009723e-08;6.500193999963813e-08;6.553958000149578e-07
1.9683779998740646e-08;7.274687999743036e-08;7.360802000039257e-08;6.951242000213824e-07
2.1284280001418665e-08;8.472823999472894e-08;8.361596000031568e-08;6.640847999951802e-07
2.075242999999318e-08;9.400989999994636e-08;8.155315999756567e-08;7.459744000225328e-07
2.055891999916639e-08;1.0220470000058413e-07;7.267569999676198e-08;6.647265999927186e-07
1.5845275000901894e-08;6.986025999649428e-08;6.719008000218309e-08;6.816182000329718e-07
1.8042395000520628e-08;7.353318000095897e-08;8.961201999918558e-08;7.330203999881632e-07
2.1863230000599288e-08;8.175312000093981e-08;7.83274200046435e-08;6.524657999980263e-07
2.1767220000037924e-08;6.886090000043623e-08;7.096897999872454e-08;6.45226199994795e-07
1.961567499965895e-08;1.00278859998798e-07;8.548932000412606e-08;7.036199999856763e-07
2.4866690000635573e-08;7.492662000004203e-08;8.286146000027656e-08;6.690646000206471e-07
2.104667000239715e-08;8.285063999937847e-08;7.821096000261605e-08;6.446778000099584e-07
2.052877999958582e-08;7.134314000140876e-08;6.93706599995494e-08;6.568345999694429e-07
1.7784699999901933e-08;7.563417999772355e-08;7.134302000049501e-08;6.423076000064612e-07
2.166175000020303e-08;6.937143999966792e-08;7.33035600045696e-08;6.284083999926224e-07
2.2026790000381878e-08;7.675518000032753e-08;6.814751999918371e-08;6.733812000020407e-07
1.8850929998734502e-08;7.759682000032627e-08;7.691532000317238e-08;7.425124000292272e-07
1.8140595000295433e-08;6.601173999952152e-08;8.054604000062682e-08;6.520833999966271e-07
2.004391999798827e-08;9.298766000429169e-08;8.702382000046782e-08;7.29590000002645e-07
2.1031304998905398e-08;8.22887799993623e-08;9.726802000077441e-08;7.308025999809615e-07
2.0950979998451657e-08;8.852939999778756e-08;8.835704000084661e-08;7.079030000022613e-07
2.5752909999573602e-08;7.988674000371248e-08;7.786918000201694e-08;7.39784600038547e-07
2.2192910000740085e-08;8.03048999980092e-08;1.0229445000004489e-07;7.661560000269673e-07
2.133693000068888e-08;8.979350000154226e-08;9.238311999943107e-08;7.423412000061944e-07
2.1375959999568294e-08;9.667069999850355e-08;7.718447999795899e-08;7.000779999652877e-07
2.2927780001191423e-08;8.666306000086479e-08;8.874665999901481e-08;7.346824000123888e-07
2.0253380000940526e-08;7.654395999852567e-08;7.595743999700062e-08;7.424081999924965e-07
2.053035999997519e-08;7.544791999971494e-08;8.498877999954857e-08;6.696822000085376e-07
1.6636259999359025e-08;7.827487999456935e-08;7.140220000292175e-08;7.452659999835305e-07
2.0795320000615903e-08;8.657451999606565e-08;8.87228999985382e-08;7.604627999826334e-07
2.6141130001633428e-08;8.51347399991937e-08;1.0502965000341646e-07;6.953226000186987e-07
1.9411315000616013e-08;9.135057999519631e-08;8.157023999956437e-08;6.865394000196829e-07
1.9174354999267963e-08;8.333980000461452e-08;8.641043999814428e-08;6.608889999915845e-07
2.228420999890659e-08;8.023872000048868e-08;6.993683999753557e-08;6.81866800005082e-07
2.1067559998482467e-08;7.930940000223927e-08;7.936857999884523e-08;6.926541999564506e-07
2.174889500020072e-08;9.110489999875427e-08;8.150584000395611e-08;6.572132000001147e-07
1.794989999907557e-08;7.803929999936372e-08;9.062521999585442e-08;6.826396000105888e-07
1.9648295000661165e-08;7.646379999932833e-08;8.326499999966472e-08;6.581784000154585e-07
2.0609135000267996e-08;7.92375400022138e-08;8.120917999767699e-08;6.265263999812305e-07
2.056777499965392e-08;8.134397999965586e-08;7.42113399959635e-08;6.92101399996318e-07
1.9466969999484718e-08;8.324546000221744e-08;7.440433999872766e-08;6.59977000032086e-07
2.1948209998663514e-08;8.470647999783977e-08;8.314758000196888e-08;6.58383599948138e-07
2.0554100000299514e-08;8.482251999666915e-08;8.498028000467457e-08;6.602188000106252e-07
2.275005000119563e-08;8.437871999922209e-08;7.24819800001569e-08;6.623292000149377e-07
2.0548020000569523e-08;8.344930000021123e-08;8.224762000027112e-08;7.338592000305653e-07
2.0274849999987056e-08;8.96294999984093e-08;8.938394000288099e-08;6.54876200016588e-07
2.0194879997870885e-08;7.881770000094548e-08;7.430705999722704e-08;6.487078000209294e-07
2.126811500056647e-08;7.760904000024311e-08;7.044455999857746e-08;6.374595999950543e-07
2.0455870000296273e-08;7.290800000191666e-08;8.189817999955266e-08;6.649724000017159e-07
1.9324814999708905e-08;8.555926000117324e-08;8.238655999884941e-08;6.328197999973782e-07
2.0225289999507368e-08;6.960905999876559e-08;7.098116000415757e-08;7.001187999849208e-07
1.5712545000133104e-08;7.326418000156991e-08;7.029064000234939e-08;6.642694000038319e-07
1.8522919999668374e-08;8.12335400027223e-08;8.766929999692366e-08;6.385717999655753e-07
1.767686499952106e-08;7.871201999951154e-08;7.685589999891817e-08;6.215010000159964e-07
1.7416685000353026e-08;8.091583999921568e-08;7.043681999784894e-08;6.728836000547744e-07
1.859882499993546e-08;8.255872000008822e-08;7.040276000043377e-08;6.532979999901727e-07
1.73121550003998e-08;6.828016000217759e-08;7.236582000041381e-08;6.796091999858618e-07
2.053909000242129e-08;7.164969999575988e-08;7.640458000241779e-08;6.62806799984537e-07
1.7383115000848192e-08;6.784356000134722e-08;7.398595999693498e-08;6.544424000312574e-07
1.8214520000037736e-08;8.078581999870948e-08;7.186415999894961e-08;6.775675999815575e-07
2.196640999754891e-08;8.246831999858841e-08;7.305850000120699e-08;6.692034000298009e-07
2.0506970000860748e-08;8.007586000021547e-08;7.879747999832034e-08;7.079789999988861e-07
2.0236919999297243e-08;8.70394200028386e-08;6.788808000274002e-08;7.042429999564774e-07
1.9908180000493304e-08;6.829131999984384e-08;7.707214000402019e-08;6.839178000227548e-07
1.9595414999639615e-08;7.2044599999208e-08;7.293511999887414e-08;6.429886000114493e-07
2.1180829999502747e-08;8.043830000096932e-08;8.284198000328616e-08;6.459425999782979e-07
2.2209709999151526e-08;7.849649999989197e-08;8.167829999583773e-08;6.959630000055768e-07
2.0036940000136382e-08;7.8934700001264e-08;7.760937999701128e-08;6.776698000030592e-07
1.771652000024915e-08;8.178716000402346e-08;6.735283999587409e-08;6.996587999747135e-07
1.821470499999123e-08;7.548504000296817e-08;7.014177999808453e-08;6.585454000160098e-07
1.7673315000138245e-08;6.940493999863974e-08;6.954674000153319e-08;6.603895999724045e-07
1.6996655000548344e-08;7.467866000370123e-08;7.970811999985017e-08;6.575534000294283e-07
1.9035869999788702e-08;7.769324000109919e-08;6.749486000044271e-08;7.047509999829344e-07
2.13698099978501e-08;8.051199999754317e-08;7.885610000230372e-08;6.738942000083625e-07
1.7739409999921917e-08;8.138320000143722e-08;7.363497999613174e-08;6.581022000173106e-07
2.056426999915857e-08;8.343036000151187e-08;7.346772000310011e-08;6.460207999916747e-07
1.8636969999352004e-08;7.511488000163808e-08;7.464059999911115e-08;6.406773999915458e-07
2.0359049999387936e-08;8.943198000197299e-08;7.579949999926612e-08;6.723504000110551e-07
1.840860999946017e-08;8.273914000019432e-08;7.884608000167645e-08;6.888089999556541e-07
2.350769000186119e-08;8.672375999740325e-08;7.551230000099167e-08;6.53323000005912e-07
1.9566095000482165e-08;8.851743999985046e-08;7.268053999869153e-08;7.227184000075795e-07
1.7314749999786726e-08;7.807422000332735e-08;8.400844000279904e-08;6.620503999874928e-07
2.0023390001733786e-08;8.142508000019007e-08;7.682455999893137e-08;7.114460000302643e-07
2.1951570000965147e-08;8.31434000050649e-08;9.229929999564775e-08;6.529110000119545e-07
2.3227789998054505e-08;7.966700000106358e-08;1.0207810001156759e-07;8.071008000406436e-07
2.306875000067521e-08;7.822283999994398e-08;7.049973999965004e-08;7.57764199981466e-07
2.3227579999365843e-08;8.909835999947973e-08;7.22343200002797e-08;7.80544400040526e-07
1.7997704999288544e-08;7.113290000124834e-08;6.948181999614462e-08;7.792869999539107e-07
2.624638999986928e-08;8.425179999903775e-08;8.479406000114977e-08;8.193607999710366e-07
2.07637599989539e-08;6.99728999985382e-08;7.408594000153244e-08;7.59401599992998e-07
2.0901959999173413e-08;8.897703999537044e-08;7.894899999955669e-08;7.377571999677457e-07
1.914810500020394e-08;8.033419999992475e-08;9.295410000486299e-08;7.868741999845952e-07
2.1525059998384677e-08;8.319525999831967e-08;7.733356000389904e-08;8.018528000102379e-07
2.318360500066774e-08;7.948977999622002e-08;8.10803800006397e-08;7.918213999946602e-07
2.0989500000723638e-08;7.670121999690309e-08;6.84287200041581e-08;8.255446000257507e-07
2.197584000241477e-08;7.784660000470467e-08;9.504906000220217e-08;7.746563999680802e-07
2.2184795000066516e-08;8.752567999763415e-08;8.432028000243008e-08;7.473508000257425e-07
2.0246299999416806e-08;6.861707999487407e-08;8.308366000419483e-08;7.547747999778949e-07
1.812960999959614e-08;8.557575999875552e-08;7.906966000446118e-08;8.326007999712601e-07
2.124801000172738e-08;8.660590000217781e-08;8.545259999809786e-08;7.923578000045381e-07
2.3793299999670127e-08;7.017247999901883e-08;6.813743999809958e-08;8.959882000344805e-07
2.3215470000286586e-08;7.84447200014256e-08;8.124708000104874e-08;7.308955999906175e-07
2.209300999820698e-08;9.500766000128352e-08;7.395323999808169e-08;7.214069999754429e-07
1.7773275000217838e-08;8.465909999795259e-08;8.303050000104121e-08;7.590729999938049e-07
2.1409759999369272e-08;8.025499999639578e-08;7.505910000181756e-08;7.630808000103571e-07
2.1870019999914803e-08;8.30524199991487e-08;8.266059999587014e-08;7.712035999866202e-07
2.1183499999460763e-08;8.730405999813228e-08;7.814210000215098e-08;7.342591999913566e-07
2.19142699992517e-08;8.352831999654882e-08;7.983674000133761e-08;7.81771799956914e-07
2.0306960001471453e-08;7.555689999717288e-08;7.708305999985896e-08;7.639277999987825e-07
2.1074049998424016e-08;8.393889999715612e-08;8.213220000034198e-08;8.186782000120729e-07
2.448059000016656e-08;8.292701999889686e-08;9.089905999717303e-08;8.006053999997675e-07
2.3203360001207328e-08;1.0482609999598935e-07;7.66403799992986e-08;7.939283999730833e-07
2.332248000020627e-08;7.81572200008668e-08;8.488529999740421e-08;7.814249999937601e-07
2.05812700005481e-08;8.9141840004595e-08;8.079041999881156e-08;7.596396000008098e-07
2.45625449999352e-08;8.888772000209429e-08;9.062797999940813e-08;8.122038000146858e-07
1.9844420001027173e-08;8.322482000221498e-08;7.386003999854437e-08;8.261320000165142e-07
2.00852699985262e-08;7.909448000136763e-08;7.437090000021272e-08;8.155635999864899e-07
2.488588999840431e-08;7.474061999819241e-08;8.11182799981907e-08;7.712976000038906e-07
1.9551864999812096e-08;7.626382000162266e-08;7.487491999636405e-08;7.562171999597922e-07
1.883555500098737e-08;8.572194000007585e-08;8.205369999632239e-08;7.553933999734e-07
2.274840999743901e-08;6.899111999664456e-08;7.323483999934979e-08;8.250876000383869e-07
2.3847979999845846e-08;8.885853999527172e-08;9.83358199999202e-08;7.91159400017932e-07
2.1238280000397935e-08;8.427754000294954e-08;8.511685999692417e-08;7.674697999609634e-07
2.0751810001092962e-08;8.256537999841385e-08;8.85297000000719e-08;7.724078000173904e-07
2.106441000069026e-08;8.972849999554455e-08;8.491020000074059e-08;7.683973999810405e-07
2.137839999923017e-08;8.953103999956511e-08;8.408258000272326e-08;8.438873999984935e-07
2.385470500012161e-08;8.903430000063963e-08;7.859750000061467e-08;6.946143999812193e-07
2.5701490000938066e-08;8.218202000134625e-08;8.258787999511696e-08;8.245817999704741e-07
2.145005000056699e-08;8.001377999898978e-08;9.377704000216909e-08;7.919206000515259e-07
2.2637039999244733e-08;8.928228000295349e-08;8.134894000249915e-08;8.375833999598399e-07
2.3215679998975247e-08;9.022277999902143e-08;1.0266520000004676e-07;7.822553999722004e-07
2.0328470002277754e-08;8.77991600020323e-08;8.734233999857679e-08;7.982177999801934e-07
2.1087449998594822e-08;8.669563999865204e-08;8.712111999629996e-08;8.395974000450224e-07
2.4750450000283307e-08;8.975300000165589e-08;8.454898000345565e-08;7.433185999980196e-07
2.5218370000948197e-08;1.0605089999444317e-07;8.502174000022932e-08;7.422325999941677e-07
2.1954900000127963e-08;7.312941999989562e-08;8.531622000155039e-08;8.032169999787584e-07
1.9615104999684263e-08;9.292539999587461e-08;1.1292549999780022e-07;7.961075999774038e-07
2.460436999972444e-08;8.343210000311956e-08;9.221428000018932e-08;8.231299999752082e-07
2.309524999873247e-08;8.533858000300824e-08;9.224374000332319e-08;7.690078000305221e-07
1.8876355000247715e-08;7.67478600027971e-08;7.658938000095077e-08;8.05400000012014e-07
2.1462830001837576e-08;7.249337999965064e-08;8.434456000104546e-08;8.198874000227079e-07
2.493413000192959e-08;9.568081999896095e-08;9.256490000407211e-08;8.042374000069685e-07
1.8828630000643898e-08;9.04318000015337e-08;7.507605999708176e-08;8.521684000152163e-07
1.5567300000111573e-08;7.934078000253066e-08;7.912015999900177e-08;7.159354000468738e-07
1.706265499960864e-08;8.039733999758027e-08;7.080022000009195e-08;8.064863999607042e-07
1.8841680001060014e-08;8.215177999809385e-08;7.280265999725088e-08;7.305530000012368e-07
2.2262549999868496e-08;8.511403999873436e-08;6.655797999701463e-08;7.569397999905049e-07
2.4520960001973437e-08;8.129467999679036e-08;8.783974000252783e-08;7.732388000003994e-07
2.1486325000296348e-08;7.407421999960206e-08;7.913831999758258e-08;7.55843199964147e-07
2.252986000094097e-08;1.0033994998957496e-07;6.700726000126452e-08;7.4599580001086e-07
1.872412500088103e-08;7.754879999556579e-08;7.188979999627918e-08;7.046917999978177e-07
2.173515999893425e-08;8.135816000285558e-08;8.722149999812246e-08;7.433099999907427e-07
2.0539845000894276e-08;7.9979540000204e-08;8.357383999973536e-08;7.783244000165723e-07
2.0660740000312216e-08;8.713646000251174e-08;9.160229999688454e-08;7.473895999719389e-07
1.7846220001229085e-08;6.68275200005155e-08;8.265374000184238e-08;7.556223999708891e-07
2.0680030001676642e-08;7.713531999615952e-08;8.240181999863126e-08;7.038587999995798e-07
1.982036999979755e-08;8.778058000025339e-08;7.529693999676965e-08;8.145412000012584e-07
2.1953460000804624e-08;8.81420399993658e-08;8.870139999780804e-08;7.460814000223763e-07
1.8743205000646412e-08;7.613301999517717e-08;7.656627999967896e-08;6.920391999883577e-07
1.999054000043543e-08;8.147593999747187e-08;8.448039999930188e-08;7.669018000015058e-07
1.992686000012327e-08;7.087505999952555e-08;7.427033999701961e-08;7.892224000534043e-07
2.183692999824416e-08;8.039882000302896e-08;8.041411999729462e-08;7.453035999787971e-07
2.0539290001033806e-08;8.314622000325471e-08;6.403553999844007e-08;7.36475599987898e-07
2.0881849998841064e-08;8.428566000075079e-08;8.330816000234336e-08;7.288451999775134e-07
1.9374045000586193e-08;7.314519999781624e-08;7.86593199998606e-08;7.709500000346452e-07
2.059644999972079e-08;6.860966000240297e-08;7.105910000391305e-08;7.220176000264474e-07
1.7368970000825356e-08;7.503055999986827e-08;7.143216000404209e-08;7.343398000230081e-07
1.8638655000540895e-08;8.047551999916323e-08;6.573255999828689e-08;8.181586000137031e-07
2.3595309999655e-08;6.585117999929935e-08;1.0032547999871894e-07;8.109769999864511e-07
2.1049680000578517e-08;7.81993800017517e-08;8.819420000072568e-08;7.111041999887675e-07
2.1564459998626263e-08;7.987886000191793e-08;8.118556000408716e-08;6.964228000142612e-07
2.3419529999955557e-08;7.647801999701186e-08;7.54376599972602e-08;7.701514000073075e-07
2.0199204998789355e-08;7.956499999854714e-08;6.724133999668993e-08;7.444929999765009e-07
1.8879580000066197e-08;8.158716000034474e-08;7.590148000163027e-08;8.266362000140362e-07
2.116606000054162e-08;7.74022400029935e-08;8.46246599976439e-08;6.863062000484206e-07
2.1142215000872967e-08;7.394326000357978e-08;7.963876000139863e-08;6.878765999572352e-07
1.900216499925591e-08;7.703373999684117e-08;7.498365999781527e-08;7.49080799985677e-07
1.8173804999969433e-08;9.226114000193775e-08;7.074066000059247e-08;7.481164000346325e-07
1.8408025000826456e-08;8.060416000080294e-08;8.076094000134617e-08;7.451127999811434e-07
2.142519000044558e-08;8.459011999657378e-08;7.071614000014961e-08;7.304337999667041e-07
1.754355000011856e-08;7.534977999748662e-08;6.854887999943458e-08;7.088506000000052e-07
1.899600000033388e-08;7.169109999667853e-08;7.927837999886833e-08;7.672395999543369e-07
2.6236880000215024e-08;8.160053999745287e-08;8.209183999570086e-08;7.403739999863319e-07
2.1777650000876748e-08;8.7541959999362e-08;7.981766000157222e-08;7.655931999906898e-07
2.071617000037804e-08;8.127515999949537e-08;7.94469400017988e-08;5.720307999872602e-07
2.0623260000138545e-08;7.37141799996607e-08;8.949460000148975e-08;5.90987200033851e-07
2.217576499970164e-08;8.681417999905534e-08;7.306595999980345e-08;6.192571999854408e-07
2.089896499965107e-08;8.440471999929287e-08;7.086475999676622e-08;5.965247999993153e-07
2.196605500066653e-08;6.6224679996958e-08;7.733006000053138e-08;5.876562000485137e-07
1.939128499943763e-08;7.973606000305153e-08;7.302362000336871e-08;6.344800000078976e-07
1.8867775000398977e-08;6.959921999950894e-08;6.890363999991678e-08;5.878997999825515e-07
1.89919699987513e-08;7.706625999999232e-08;7.068754000356421e-08;5.938284000148997e-07
2.0028294999792706e-08;7.409042000072077e-08;7.99845599976834e-08;5.6494000001112e-07
1.8400239999755287e-08;9.090212000301108e-08;9.05960599950049e-08;5.692398000392131e-07
1.8752750000567177e-08;8.250532000092789e-08;6.7758140002843e-08;6.363602000055834e-07
2.4684090001392178e-08;8.230213999631814e-08;7.431039999937639e-08;5.930254000122659e-07
2.3818440001923592e-08;8.078957999823616e-08;8.428553999983706e-08;5.867917999858037e-07
1.9742855000367854e-08;7.956419999827631e-08;7.84165800025221e-08;5.876851999782957e-07
2.048791999986861e-08;8.510906000155955e-08;8.222804000251926e-08;5.900321999797597e-07
2.1227459999499843e-08;8.610465999809093e-08;7.726929999771528e-08;5.87057399970945e-07
1.593572999991011e-08;6.351859999704174e-08;9.589030000497587e-08;6.234670000267215e-07
2.0792580000124873e-08;7.54636199970264e-08;7.070570000214503e-08;5.685676000430249e-07
1.796926999959396e-08;8.478287999751046e-08;7.972138000186533e-08;6.198876000125892e-07
1.8574899999657647e-08;7.091984000289813e-08;1.023525999917183e-07;6.017599999904632e-07
2.0448380001471377e-08;8.090137999970466e-08;7.069806000217795e-08;5.643701999797486e-07
1.9020710000768304e-08;1.0321549999935087e-07;8.942695999867283e-08;5.896882000379264e-07
2.0754940001643264e-08;8.352348000044003e-08;8.36040599970147e-08;6.553769999882206e-07
2.4829350001527928e-08;8.33403799973894e-08;7.505917999660597e-08;6.30077599955257e-07
2.177695999853313e-08;8.772827999782748e-08;7.141351999598555e-08;5.818821999710053e-07
2.3072439999668857e-08;8.371019999613054e-08;9.338365999865345e-08;6.136570000089705e-07
2.0788960001664237e-08;1.0986109999066685e-07;7.989976000390016e-08;6.511226000147872e-07
2.1357570000691338e-08;8.081341999932192e-08;8.24718399962876e-08;6.588582000113092e-07
2.2903190000215544e-08;7.602601999533363e-08;7.432540000299923e-08;6.161610000417568e-07
2.2658499999670313e-08;7.589138000039383e-08;8.135589999728835e-08;6.110863999929279e-07
2.1520899998722597e-08;8.59370400023181e-08;7.137325999792665e-08;5.729525999631733e-07
2.1101659999112597e-08;8.438095999881625e-08;8.67475600040052e-08;5.890416000038386e-07
2.092774499906227e-08;9.284323999891057e-08;8.291422000038438e-08;6.554383999900893e-07
2.0257234999735374e-08;8.332057999796234e-08;7.659659999771975e-08;6.108525999588892e-07
2.0685909999883733e-08;7.834117999882438e-08;6.687192000099458e-08;6.085759999696166e-07
2.1386340000026393e-08;8.937089999672026e-08;6.048736000084318e-08;5.820729999686591e-07
1.79301399999531e-08;8.269803999573924e-08;7.062813999946229e-08;5.610042000189424e-07
2.1404550000443125e-08;9.097119999933056e-08;8.899754000012762e-08;6.116501999786124e-07
2.1962449999409727e-08;8.417209999752231e-08;8.203584000002592e-08;5.715664000017569e-07
2.1129759997711516e-08;7.941848000045865e-08;8.014192000264303e-08;5.690448000095784e-07
1.9235709999338723e-08;8.621682000230067e-08;7.460750000318512e-08;6.144275999977254e-07
1.707351500081131e-08;8.261523999972269e-08;7.361412000027485e-08;5.84497600037139e-07
2.0516710000811144e-08;8.898794000269845e-08;7.738789999857545e-08;6.430814000195824e-07
2.3253760000807233e-08;8.551744000287727e-08;8.498949999921024e-08;6.1955719999969e-07
2.378321999858599e-08;8.616063999943436e-08;1.0025168000138365e-07;6.536791999824345e-07
2.2663290001219137e-08;8.783933999948204e-08;7.698853999609127e-08;6.624620000366122e-07
2.1772684999450575e-08;8.492649999679998e-08;9.588600000133737e-08;6.148007999872789e-07
2.3476429999573158e-08;9.299311999930068e-08;9.415869999793358e-08;6.156522000092082e-07
1.8486430001212285e-08;9.079911999870092e-08;7.98648800002411e-08;5.526438000379131e-07
2.2005150000040885e-08;7.546119999606163e-08;8.424692000262439e-08;6.568652000278234e-07
2.289314500085311e-08;8.624156000441871e-08;7.294869999750517e-08;6.49455200007651e-07
2.0097360000363553e-08;8.729780000285246e-08;9.60706600046251e-08;6.264803999802098e-07
2.0918380000512115e-08;7.179398000007496e-08;1.0827580001205206e-07;5.389480000012554e-07
2.399921999895014e-08;9.036025999812409e-08;8.774257999612018e-08;6.442169999936596e-07
2.0040240001981147e-08;1.004681000020355e-07;9.453130000038072e-08;6.446593999862671e-07
2.351671000069473e-08;8.069737999467179e-08;9.42471000016667e-08;6.038440000265837e-07
2.186883999966085e-08;8.816119999974035e-08;7.95870800036937e-08;6.296449999790638e-07
1.84326950009563e-08;1.0232683999929577e-07;1.0140215000137686e-07;6.390312000294216e-07
1.9326109999383333e-08;8.72678600018844e-08;8.770633999956772e-08;6.59845000016503e-07
2.128750999982003e-08;8.208736000233329e-08;9.341591999982483e-08;6.158643999951892e-07
2.0578180000302383e-08;7.932226000120863e-08;6.108976000105031e-08;6.152386000030674e-07
2.048027999990154e-08;7.934347999980674e-08;8.379082000465132e-08;5.919109999667853e-07
2.2136099997442215e-08;9.593934000004083e-08;9.013931999797933e-08;5.905016000033356e-07
2.0136090001324192e-08;8.577231999952346e-08;8.445417999755591e-08;5.786427999846637e-07
2.043892999936361e-08;7.789954000036232e-08;8.64614000020083e-08;5.592856000293977e-07
2.0159979999880307e-08;9.225703999982215e-08;8.393348000245169e-08;6.315056000021286e-07
2.3463819999597034e-08;8.701702000107617e-08;9.488961999886669e-08;6.082748000044375e-07
2.3635139998805245e-08;9.504937999881804e-08;8.602254000143147e-08;6.590541999903508e-07
2.109564999991562e-08;1.0227744998701382e-07;9.297904000268318e-08;6.658509999979288e-07
2.319273999892175e-08;7.544393999851309e-08;1.0390460000780876e-07;6.67453599977307e-07
2.4460490001365542e-08;1.0327770000731106e-07;9.178862000117079e-08;6.497004000120796e-07
2.070096000097692e-08;8.388092000386678e-08;6.429891999578103e-08;6.206341999932192e-07
2.2532759999739938e-08;9.033297999994829e-08;1.0394995000388008e-07;6.144155999645591e-07
1.8824665001011454e-08;9.194933999679051e-08;8.530314000090585e-08;5.710655999719165e-07
1.8908904999261722e-08;7.702108000521548e-08;7.90095400006976e-08;6.134371999651194e-07
2.2663859999738633e-08;8.5248080000747e-08;7.550353999831714e-08;5.993429999798536e-07
1.9036374999268448e-08;8.407570000272244e-08;6.766295999987051e-08;6.617782000103034e-07
1.9440044999646488e-08;8.027427999768406e-08;9.891445999965071e-08;5.54307600017637e-07
2.6026749997981823e-08;7.35246800002642e-08;7.085878000361845e-08;6.73275199951604e-07
2.3303289999603294e-08;8.433918000082485e-08;8.376176000456325e-08;6.495607999968342e-07
2.0893540000543e-08;8.291931999847293e-08;5.891102000023238e-08;6.003074000473134e-07
1.9104905000131112e-08;6.99882399989292e-08;8.614326000097207e-08;6.006386000080965e-07
2.0564279999234714e-08;8.829438000102528e-08;8.680212000035681e-08;5.626676000538282e-07
2.0318445000157227e-08;7.075327999773435e-08;8.249521999969147e-08;6.223615999915637e-07
2.0815769999171607e-08;7.588455999502912e-08;6.581412000232376e-08;6.004778000060469e-07
2.1133900000131688e-08;8.48357999988366e-08;7.96371000004001e-08;5.946817999938503e-07
1.907039500074461e-08;7.041818000143394e-08;7.902958000195213e-08;5.894209999823943e-07
1.8954274999850896e-08;7.992612000089139e-08;7.545900000259281e-08;5.977215999737382e-07
1.7374504999315832e-08;7.99368800013326e-08;7.632812000229024e-08;5.992398000089452e-07
2.0069389999844134e-08;7.310384000302292e-08;7.732280000345781e-08;6.02904400031548e-07
1.9989899999927728e-08;7.602267999900505e-08;7.670045999693684e-08;6.164594000438228e-07
2.2650659999635537e-08;1.0193605000677052e-07;8.632635999820196e-08;5.575168000068516e-07
2.0550569999613798e-08;8.222461999976076e-08;8.180181999923661e-08;5.845029999618419e-07
2.139675499929581e-08;8.053050000453367e-08;8.521602000109852e-08;5.983460000134073e-07
1.6080404999956953e-08;7.794348000315949e-08;7.078422000049613e-08;5.647367999772541e-07
1.7577504999644588e-08;7.138626000378281e-08;6.370043999631889e-08;5.849332000361756e-07
2.060061000229325e-08;7.789034000015818e-08;6.833005999797024e-08;5.382916000089608e-07
2.1118060001754202e-08;7.230473999516107e-08;6.277351999888197e-08;5.456119999871589e-07
2.0694579998962583e-08;7.051611999631859e-08;6.594211999909021e-08;5.601508000399917e-07
2.0556500001111998e-08;7.325108000077307e-08;7.175985999638215e-08;5.719851999892853e-07
1.9154129999515136e-08;7.47298599977512e-08;6.22912399994675e-08;6.539888000115753e-07
1.8616515000758228e-08;7.140732000116259e-08;6.979243999812752e-08;6.237249999539927e-07
1.726038500055438e-08;7.755876000155694e-08;7.883709999732674e-08;6.770853999769315e-07
1.9433174999721815e-08;7.790290000266396e-08;7.510052000288851e-08;6.596676000044681e-07
1.877794000029098e-08;6.419024000060745e-08;9.011972000007518e-08;6.712872000061907e-07
2.0787049998762087e-08;7.0407699997304e-08;7.063900000066496e-08;6.653184000169858e-07
1.7709555001056288e-08;7.842486000154168e-08;7.408270000014454e-08;6.485779999638907e-07
1.960982000018703e-08;7.683652000268922e-08;7.569686000351794e-08;6.30934199958574e-07
1.7586605000542475e-08;6.503212000243365e-08;7.894624000182375e-08;7.005386000382714e-07
1.9371905000298284e-08;8.312134000007063e-08;6.731569999828935e-08;6.290444000042044e-07
1.905191499972716e-08;6.736042000120505e-08;7.5790440000128e-08;6.772204000153579e-07
1.9720690000394825e-08;7.43099999963306e-08;6.71306199976243e-08;6.560472000273876e-07
1.6606440000759902e-08;6.446232000016608e-08;6.296417999546975e-08;6.685922000324353e-07
2.1170949999941514e-08;7.027929999749176e-08;7.61363000026904e-08;6.727327999542467e-07
2.0591930000227876e-08;6.99536000029184e-08;7.570570000098086e-08;6.454816000186838e-07
1.971556500066072e-08;6.861619999981485e-08;7.556405999930576e-08;6.758434000075795e-07
1.9250259999535046e-08;7.588875999790616e-08;7.73535999993328e-08;6.447051999857649e-07
1.823277999938e-08;7.319602000061423e-08;6.684588000061922e-08;6.599554000422358e-07
2.041140999936033e-08;7.544756000279449e-08;6.980614000349306e-08;6.559556000283919e-07
2.0617900000070222e-08;7.340854000067338e-08;6.809859999921173e-08;6.787871999549679e-07
1.9001120000029915e-08;7.888767999829724e-08;6.518399999476969e-08;6.474600000074133e-07
2.077426000032574e-08;7.600867999717593e-08;8.042400000267662e-08;6.910683999885805e-07
2.2471720000612548e-08;8.347322000190615e-08;7.197347999899648e-08;6.411018000217154e-07
1.770006500009913e-08;7.955407999688759e-08;7.334067999618128e-08;7.018384000402875e-07
2.0348350000858773e-08;8.189123999909498e-08;8.203459999640473e-08;6.695115999900736e-07
2.039842999947723e-08;7.711271999869496e-08;7.681245999992825e-08;7.124737999984063e-07
1.9996890000766143e-08;7.3002739995718e-08;7.47892800020054e-08;6.877968000480906e-07
1.9941230000404174e-08;9.324016000027769e-08;7.945881999912671e-08;6.578184000100009e-07
1.971200999978464e-08;8.164821999962442e-08;8.099015999468975e-08;6.362926000147126e-07
2.0455875000334344e-08;7.984290000167676e-08;7.476045999792404e-08;7.117282000253908e-07
1.970459000003757e-08;8.247343999682926e-08;7.31952799949795e-08;7.388365999795497e-07
2.059004999755416e-08;8.315329999895767e-08;8.374339999863878e-08;6.921676000347361e-07
2.0849220000673084e-08;8.159079999895767e-08;7.925364000257104e-08;6.334925999981351e-07
1.781201500125462e-08;7.52292999997735e-08;7.741688000387512e-08;6.79539000033401e-07
2.0023550000041723e-08;7.985771999810822e-08;7.240804000175558e-08;6.559263999806718e-07
1.9427570000698325e-08;7.844638000242412e-08;9.057577999774366e-08;7.147811999893747e-07
2.02805900000385e-08;7.874299999675714e-08;7.557631999952718e-08;6.794169999775476e-07
2.129844999872148e-08;7.253159999963827e-08;7.602725999895483e-08;6.818247999763116e-07
1.7936809999810065e-08;8.995384000008926e-08;8.329198000137694e-08;6.774734000209719e-07
1.9938859999820124e-08;7.044838000438177e-08;8.455206000362523e-08;7.141977999708615e-07
2.2369840001920237e-08;7.808984000002965e-08;8.144089999841526e-08;7.62055600003805e-07
2.1147259999997913e-08;8.979667999665252e-08;8.010422000079415e-08;6.868315999745391e-07
2.1206309999979566e-08;8.291232000337914e-08;8.0863019998651e-08;7.142429999657907e-07
2.0087999998941087e-08;7.89444399997592e-08;7.839974000235088e-08;6.752589999814518e-07
1.8930505000753327e-08;8.347472000168636e-08;8.742787999799475e-08;6.514645999995992e-07
1.9200845000159462e-08;8.765718000358902e-08;9.123987999628298e-08;7.189537999802269e-07
2.0595779997529464e-08;9.041703999973834e-08;7.509621999925002e-08;7.384234000346624e-07
1.9127715000649915e-08;8.448637999827042e-08;8.618405999732204e-08;6.548109999857843e-07
2.0325390000652987e-08;8.946654000319541e-08;8.291028000530787e-08;7.188759999698959e-07
2.118649999902118e-08;8.751728000352159e-08;8.537551999907009e-08;6.907025999971666e-07
2.1152009998331778e-08;8.217678000219166e-08;7.180909999879076e-08;6.876774000120349e-07
2.3463424999499694e-08;9.060045999940485e-08;7.4761199997738e-08;6.914462000131607e-07
2.1567304999916814e-08;7.785310000181198e-08;8.032533999648876e-08;6.707210000022314e-07
2.1168049998232164e-08;8.41000400017947e-08;7.891671999823302e-08;6.830860000336543e-07
1.8344360000628513e-08;7.311814000131563e-08;7.82013799995184e-08;6.839623999549076e-07
1.894845000060741e-08;7.89015999995172e-08;7.470279999542981e-08;6.942353999475017e-07
2.0902109998860396e-08;7.515864000306465e-08;7.517059999518096e-08;6.654552000109107e-07
2.1800449999864215e-08;8.084268000093288e-08;8.371169999591075e-08;6.5937839995604e-07
1.6893240000354127e-08;8.747993999859318e-08;8.545359999989159e-08;6.68303799990099e-07
2.2410500000114552e-08;8.097091999952682e-08;8.738371999934315e-08;7.239995999843814e-07
2.0387139997910708e-08;8.936682000057772e-08;7.675370000069961e-08;6.664790000068024e-07
2.1283419999235775e-08;8.540096000069752e-08;8.081662000040524e-08;6.455145999789238e-07
1.6581079999741632e-08;7.253349999664352e-08;7.248449999606237e-08;6.799962000222877e-07
2.0752229999925474e-08;7.469046000041999e-08;8.043783999746665e-08;6.908280000207014e-07
2.1940429997630417e-08;8.520491999806836e-08;7.945505999960005e-08;6.688944000052288e-07
2.1468459998141042e-08;8.241072000237182e-08;7.142731999629177e-08;6.222032000077888e-07
1.8178684999293183e-08;8.058949999976903e-08;7.38952399988193e-08;7.112448000116274e-07
2.0370829998864794e-08;7.104524000314995e-08;7.294943999731914e-08;6.916024000383913e-07
1.6333799999847542e-08;7.084304000018164e-08;7.413305999943987e-08;6.768885999917984e-07
2.019824999733828e-08;7.537764000007883e-08;8.167489999905229e-08;6.852912000031211e-07
2.060891000146512e-08;7.715052000130527e-08;7.272487999871373e-08;6.749028000049293e-07
2.0169395000266376e-08;7.515998000162654e-08;7.899228000314906e-08;6.947132000350393e-07
1.7304155000601897e-08;7.970699999714271e-08;7.039794000447728e-08;6.904054000042379e-07
2.0359230000758542e-08;8.023771999869496e-08;7.155939999502152e-08;6.839764000033029e-07
2.0474255000590346e-08;7.280683999997563e-08;8.07104600011371e-08;6.780596000025981e-07
2.129077999852598e-08;7.667262000031769e-08;1.0615604999475181e-07;7.147131999954581e-07
2.3360559999127872e-08;8.302364000119268e-08;7.462607999914326e-08;6.87809799972456e-07
2.1452359997783786e-08;7.546531999832951e-08;7.798091999720782e-08;7.499396000057459e-07
2.0700669998768717e-08;7.060072000022047e-08;7.715282000135631e-08;6.548184000421315e-07
2.0324820000678302e-08;6.853391999611631e-08;8.162111999699846e-08;6.898488000151701e-07
1.820232500031125e-08;8.377019999898038e-08;6.789303999976255e-08;6.35007799952291e-07
2.1127299999352543e-08;6.867466000257991e-08;7.78671000036411e-08;6.917532000225037e-07
2.0015950000379235e-08;7.241377999889665e-08;8.355627999990247e-08;6.351824000012129e-07
2.01891999997315e-08;7.317587999859825e-08;8.3855179999955e-08;6.960123999742791e-07
2.4278070000582375e-08;7.356125999940559e-08;7.296256000408903e-08;6.853386000148021e-07
2.0395519997691735e-08;7.569237999850884e-08;8.843173999921418e-08;6.538467999780551e-07
1.9810514998971486e-08;7.820589999901131e-08;7.905794000253081e-08;6.50279399997089e-07
2.038223000126891e-08;8.501887999591418e-08;7.930547999567352e-08;6.851781999575906e-07
2.1655589999863876e-08;8.694422000553458e-08;8.676868000184185e-08;7.073016000213102e-07
2.0306529999652412e-08;7.82396399998106e-08;8.362195999943652e-08;6.629888000315986e-07
2.1853569999802857e-08;7.12662999983877e-08;8.028579999809154e-08;6.953611999633722e-07
1.8613360000017564e-08;7.141868000035175e-08;6.335507999756373e-08;6.661350000067614e-07
2.1892890002345667e-08;6.236109999590554e-08;7.269296000013128e-08;6.967773999786005e-07
1.7215369999757968e-08;6.87439400004223e-08;6.898640000144951e-08;6.231627999804914e-07
1.8691750000289175e-08;9.080381999956445e-08;7.492830000119283e-08;6.789185999659821e-07
1.6389820000040345e-08;6.85695799998939e-08;7.581829999689944e-08;6.801611999981105e-07
1.6155210000579247e-08;7.479279999970459e-08;7.305749999941326e-08;6.992544000386261e-07
2.0754599999054335e-08;7.3110859998269e-08;8.643243999686092e-08;6.694002000149339e-07
1.7666040000040086e-08;7.219869999680668e-08;6.826137999887578e-08;6.280713999876752e-07
2.041396000131499e-08;7.918161999550648e-08;7.789046000107191e-08;6.672222000197507e-07
1.8416799999249633e-08;7.395167999784462e-08;1.3600210000004153e-07;9.253304000012576e-07
2.0079604999045842e-08;6.45466200017836e-08;1.211547499988228e-07;9.390735999913886e-07
1.649427500087768e-08;7.143400000059046e-08;1.1745485001301858e-07;9.129100000136532e-07
1.909773499937728e-08;7.60385999979917e-08;1.3395230000605807e-07;9.34484000026714e-07
2.1053979999851436e-08;8.263235999620519e-08;1.0284140000294428e-07;8.981430000276305e-07
2.044134000025224e-08;7.06849800015334e-08;1.2034404999576508e-07;8.387257999856956e-07
1.663900000130525e-08;6.62704800022766e-08;1.1780189999262803e-07;8.944041999639012e-07
1.6746440000133588e-08;7.152270000078715e-08;1.1692709999624639e-07;8.1279400002677e-07
2.1986284999002236e-08;8.424569999915548e-08;1.1918964999495074e-07;9.651097999885679e-07
2.023442000063369e-08;8.030189999844879e-08;1.2363960000220686e-07;9.364735999843105e-07
1.9131875000311995e-08;7.740865999949165e-08;1.3869224999507423e-07;9.367754000122659e-07
1.8866614998842125e-08;7.804899999755435e-08;1.1332565000338946e-07;8.969126000301912e-07
2.058686999953352e-08;8.518359999870881e-08;1.0619920000317507e-07;9.260515999631025e-07
1.792694999894593e-08;7.683578000287525e-08;1.0368139999627602e-07;9.558774000033735e-07
1.7591200000606478e-08;7.99696000001859e-08;1.2394220000714996e-07;8.965951999998652e-07
1.7635039999731816e-08;8.050322000053712e-08;1.17069050000282e-07;8.045142000191845e-07
2.1231134999834468e-08;6.734147999668494e-08;1.2328814998909366e-07;8.594692000187933e-07
1.810766999988118e-08;6.875607999972999e-08;1.1535950000688899e-07;8.94529799988959e-07
1.637423500069417e-08;7.428951999754645e-08;1.0185594999347814e-07;8.388546000351198e-07
1.8385800000396556e-08;7.072667999891564e-08;1.0892394999973475e-07;8.731732000014745e-07
1.538023500033887e-08;6.548355999984778e-08;1.0365350000211038e-07;8.646980000194162e-07
1.7279550000966993e-08;6.631638000253588e-08;1.0405224999703932e-07;8.840475999750197e-07
1.9123500000569037e-08;8.248597999918274e-08;1.1857414999394677e-07;8.326546000316739e-07
2.0018259997596032e-08;6.955282000126317e-08;1.2507840000034776e-07;8.520257999771275e-07
1.766118999948958e-08;7.700600000098348e-08;1.0318905000167433e-07;8.694052000064403e-07
1.7834870000660886e-08;7.757333999616093e-08;1.0737990000052378e-07;9.144238000153564e-07
2.0372390002012253e-08;7.747897999943234e-08;1.0988134999934118e-07;8.509010000270791e-07
1.9223454999155365e-08;7.368959999876097e-08;1.2823454999306705e-07;8.909462000010535e-07
1.8383525000535883e-08;7.526645999751054e-08;1.3169875000312459e-07;9.077126000192948e-07
2.088130000047386e-08;7.808156000101008e-08;1.0966224998992403e-07;9.182140000048094e-07
1.9653714999731163e-08;7.188750000204891e-08;1.1333385000762064e-07;8.910812000394799e-07
2.038075999880675e-08;7.080927999923005e-08;1.0553734999848529e-07;8.962436000001616e-07
1.8778424999618436e-08;6.616166000021621e-08;1.2094530000467785e-07;8.967013999936171e-07
1.8089389998931437e-08;7.909691999666393e-08;1.1647515000368003e-07;8.908830000436864e-07
1.847165500075789e-08;7.602112000458874e-08;1.1252694998984225e-07;8.88900600024499e-07
1.914741999935359e-08;8.179064000141806e-08;1.1620929998753127e-07;8.210227999952622e-07
1.847198000032222e-08;7.137326000374742e-08;1.081815500074299e-07;8.508733999915421e-07
2.2251040002447553e-08;7.809386000153609e-08;1.2825180000800173e-07;1.0112159998971037e-06
1.9423225001082756e-08;7.129820000263862e-08;1.1004325000976677e-07;8.683025999926031e-07
1.7597495000518392e-08;6.985739999799989e-08;1.1644139999407344e-07;8.98544600000605e-07
2.1577049998450093e-08;7.105132000287995e-08;1.2794654999743215e-07;8.823431999771856e-07
1.7975640000076964e-08;6.714232000522315e-08;1.1178180000570137e-07;9.13432199973613e-07
1.7826139999669977e-08;6.822842000401579e-08;1.1537149999639951e-07;8.426483999937773e-07
2.00798300007591e-08;7.374001999851316e-08;1.0877885000081733e-07;8.744768000324257e-07
1.83325549995061e-08;7.724184000398963e-08;1.1382579999917653e-07;8.857993999845349e-07
1.7745585000375284e-08;7.472066000336781e-08;1.197832500038203e-07;9.073861999786459e-07
1.7876915000670123e-08;7.259102000389248e-08;1.18489700005739e-07;9.166241999482736e-07
1.9478150000213646e-08;7.18219600035809e-08;1.0659500000474509e-07;8.929661999573e-07
1.649689500045497e-08;7.412611999898218e-08;1.1874759999045636e-07;8.812521999934688e-07
1.698267500032671e-08;7.465758000034839e-08;1.1203289999684785e-07;9.276369999861345e-07
1.7681240000820254e-08;8.182383999810554e-08;1.1740529999951832e-07;8.79516200046055e-07
1.6494770000281277e-08;8.12310199951753e-08;1.2370250000094528e-07;8.746820000233129e-07
1.7046100000152365e-08;6.973143999930472e-08;1.2463025000761263e-07;8.682514000101947e-07
1.709236999886343e-08;7.692956000100821e-08;1.3391580000461544e-07;9.766897999797948e-07
2.17725700000301e-08;7.864531999803148e-08;1.4158199999656063e-07;9.176983999786899e-07
2.066447499964852e-08;9.220465999678708e-08;1.3367700000526385e-07;1.0289305000333116e-06
2.1166420000372454e-08;8.424072000198066e-08;1.3690430000133346e-07;9.750839999760501e-07
2.1231930000067222e-08;8.80650400009472e-08;1.1424635000003036e-07;9.541279999539257e-07
2.0597199999610894e-08;8.35910200024955e-08;1.2147615000139923e-07;9.677521999692545e-07
1.9143725000321864e-08;8.257819999707863e-08;1.0962925000058022e-07;9.68477400019765e-07
2.2932670000591317e-08;8.774983999901451e-08;1.2466894999670331e-07;8.91589600010775e-07
2.1741079998901115e-08;8.420179999666288e-08;1.0806690000754315e-07;9.193339999765158e-07
2.095850000041537e-08;8.653478000196628e-08;1.19858900012332e-07;9.387369999894872e-07
2.3659790001693183e-08;7.782504000351765e-08;1.305512999970233e-07;8.74281800002791e-07
2.0521385000029113e-08;7.944395999656991e-08;1.2268369999947027e-07;8.579848000081256e-07
1.954795499914326e-08;8.490348000195809e-08;1.22236300012446e-07;9.805840000044554e-07
2.0335170000907964e-08;8.521666000015102e-08;1.1123719999159221e-07;9.572382000042125e-07
2.1462159999646247e-08;8.327105999924242e-08;1.4606464999087622e-07;9.55039000022225e-07
2.0425120000436435e-08;7.710667999926955e-08;1.2270740000531077e-07;1.0045184999762569e-06
2.4064650002401324e-08;8.503045999677852e-08;1.2545400000817607e-07;9.492619999800808e-07
2.2113760001957415e-08;8.68631599994842e-08;1.6011374999652618e-07;8.541120000299998e-07
1.7825204999826383e-08;7.176466000382788e-08;1.1649230000330135e-07;9.073503999970853e-07
2.0068489998811856e-08;7.52870400028769e-08;1.2297270000271966e-07;9.283958000014536e-07
1.823786500026472e-08;8.292171999928542e-08;1.2127394998969977e-07;8.529825999867171e-07
1.755612499982817e-08;8.776261999737472e-08;1.205142000108026e-07;8.767673999536782e-07
1.8951764999656006e-08;7.598112000268884e-08;1.1616414999298286e-07;9.314909999957308e-07
1.6766145000292454e-08;7.111230000155047e-08;1.372099000000162e-07;8.814044000464492e-07
1.7687300000397954e-08;7.01275400002487e-08;1.1790920000930782e-07;9.193924000137485e-07
1.8144684999424498e-08;7.59096399997361e-08;1.1253934999695048e-07;8.857642000075429e-07
1.8979819999367466e-08;7.398635999998078e-08;1.1518480000086128e-07;8.819312000414357e-07
1.922657499962952e-08;6.82113200018648e-08;1.1848040000768379e-07;8.793381999712437e-07
1.7939279999700375e-08;9.392145999590866e-08;1.3775555000756868e-07;8.713332000188529e-07
2.116626999923028e-08;7.728913999744691e-08;1.132804499939084e-07;8.791474000317976e-07
1.7011989999446087e-08;7.215636000037194e-08;1.1686375000863336e-07;8.523591999546625e-07
1.7941874999087305e-08;6.981656000134535e-08;1.0294090000388679e-07;8.636977999703958e-07
1.9779404999280814e-08;6.524072000174784e-08;1.1298119999992195e-07;9.429033999913372e-07
1.7354470001009758e-08;7.517389999702573e-08;1.0235684999497607e-07;8.508314000209794e-07
1.6980834999412763e-08;8.040924000088126e-08;1.0818549999385141e-07;8.991514000226743e-07
1.5792710000823718e-08;6.60876800015103e-08;1.398757499991916e-07;8.992784000001848e-07
2.1827690000645815e-08;7.405148000107147e-08;1.2065859998983796e-07;8.426691999775357e-07
2.0354600000428037e-08;6.358699999982491e-08;1.1304665000352542e-07;9.32329999981448e-07
1.6126649999932853e-08;7.83502399979625e-08;1.0809594999591354e-07;9.687612000270746e-07
2.0047350000822916e-08;7.824787999852561e-08;1.2192084999696816e-07;9.268883999902755e-07
1.9652154999494086e-08;7.943135999958031e-08;1.0814275000302586e-07;9.046702000196092e-07
2.079183500027284e-08;7.948766000336037e-08;1.1099195000133477e-07;1.0158613999956287e-06
2.0108200001413934e-08;7.714516000123695e-08;1.1275500000920147e-07;9.33091200015042e-07
1.866979500046e-08;7.867574000265449e-08;1.0862254998937715e-07;8.701035999692977e-07
2.1156820000032893e-08;7.150920000276528e-08;1.1788644999614917e-07;9.044556000153534e-07
1.900533000007272e-08;7.882224000059069e-08;1.129681499878643e-07;9.345895999576896e-07
2.0115229999646545e-08;6.891768000205048e-08;1.0408294999797363e-07;8.487715999945067e-07
1.5543474999140018e-08;7.206807999755256e-08;8.978535999776795e-08;8.879888000083156e-07
1.9785599999886472e-08;7.348841999773868e-08;1.016088500036858e-07;9.072900000028312e-07
1.795892000081949e-08;7.483919999795035e-08;1.0281245000078342e-07;9.400126000400632e-07
2.021167999773752e-08;6.64595799986273e-08;1.1190464999526738e-07;8.594261999824084e-07
1.850224999943748e-08;7.110376000055112e-08;1.0208009999769274e-07;9.008546000113711e-07
1.7749439999170136e-08;7.243741999845952e-08;1.1496160000388044e-07;8.925749999471009e-07
2.0440059999236836e-08;7.334313999745063e-08;1.3283625000622124e-07;8.874242000165396e-07
2.01854099999764e-08;7.423973999684677e-08;1.1841485000331886e-07;8.796556000015699e-07
1.8166099999507425e-08;7.500813999795355e-08;1.038070499926107e-07;9.262841999880038e-07
2.1228569999220782e-08;7.669478000025265e-08;1.0725370000000112e-07;1.037487499997951e-06
1.9082150000031105e-08;7.237822000170127e-08;1.1529894999694079e-07;8.516841999953612e-07
2.0338260001153685e-08;7.129249999998138e-08;1.1390019999817014e-07;9.407338000019081e-07
2.1678799999062904e-08;7.797631999710575e-08;1.2432435000664555e-07;9.141644000192173e-07
2.0587010000599548e-08;7.885290000122041e-08;1.1507020000135526e-07;1.0055770000326448e-06
2.0946660000481644e-08;8.1160259997705e-08;1.1784570000600069e-07;1.0059894999722019e-06
2.113765499962028e-08;7.857293999986723e-08;1.1153259999991861e-07;9.507983999792486e-07
1.721646999940276e-08;8.711096000042744e-08;1.2642369999957737e-07;8.384945999714546e-07
2.130380500020692e-08;9.418715999927372e-08;1.1121214999002405e-07;9.295089999795891e-07
2.1305620000930502e-08;8.687424000236206e-08;1.2165899999672547e-07;8.824987999978475e-07
2.0026040001539515e-08;8.281997999874875e-08;1.247006500052521e-07;1.002664499974344e-06
2.0806639999500476e-08;7.027257999870926e-08;1.0319150000577793e-07;9.633772000088357e-07
2.166225000109989e-08;8.121209999662824e-08;1.1709830000472721e-07;1.024421500042081e-06
1.9737184999394232e-08;7.935635999892838e-08;1.2478014999942388e-07;9.42470800015144e-07
2.205534499953501e-08;8.348491999786348e-08;1.2921050000295508e-07;9.208978000096977e-07
2.233589999959804e-08;7.943322000210174e-08;1.1725989999831654e-07;9.927998000057414e-07
2.307056999998167e-08;9.403604000108317e-08;1.0217964999901597e-07;1.025470199994743e-06
2.3410739999962972e-08;9.242944000288844e-08;1.2539815000491217e-07;9.426793999737129e-07
2.2323134999896865e-08;7.828287999727764e-08;1.399680500035174e-07;8.791694000246935e-07
2.4914720002561807e-08;8.628326000180096e-08;1.0816800000611692e-07;1.0192495000956115e-06
2.0957619999535382e-08;8.599627999938093e-08;1.1226729999179952e-07;9.842011999571695e-07
2.3137470000074246e-08;8.431138000451029e-08;1.4601675000449176e-07;9.58364799967967e-07
2.057263999886345e-08;8.76388999982737e-08;1.0144329999457113e-07;9.420484000002034e-07
2.0141330000478773e-08;6.741418000310659e-08;1.1829911999520846e-07;9.910743999644183e-07
2.2723940000287256e-08;9.879515999928116e-08;1.2302015000022948e-07;1.0945360000187065e-06
1.9424115000583698e-08;8.801873999764211e-08;1.478293499967549e-07;1.0636205000628252e-06
2.1915530000114814e-08;8.803334000403993e-08;1.2425074999919162e-07;1.0325644999102224e-06
2.0847800001502036e-08;9.176853999961168e-08;1.2657935000606813e-07;9.486624000128358e-07
1.7251069999474567e-08;7.258266000426375e-08;1.1606030000257306e-07;9.161473999847658e-07
1.7878830000699963e-08;8.091767999576404e-08;1.156881499919109e-07;9.041925999918021e-07
1.8395784999302123e-08;7.865640000090934e-08;9.951354000368156e-08;9.731748000485823e-07
2.35589699994307e-08;8.380317999981343e-08;1.3155130000086502e-07;9.0168559999438e-07
1.9128875000751578e-08;8.287515999982133e-08;1.3354450000042562e-07;9.297474000486545e-07
2.086727999849245e-08;8.721767999813892e-08;1.219619499897817e-07;1.015997999929823e-06
2.3868889998993836e-08;8.352857999852859e-08;1.2240755000675562e-07;1.0690245000296273e-06
2.132986499927938e-08;9.017227999866009e-08;1.0597140000027139e-07;1.0327750000287778e-06
1.715179500024533e-08;7.829680000431835e-08;1.1288254999089986e-07;1.0092085000360384e-06
2.482560999924317e-08;8.18948999978602e-08;1.1070490001293364e-07;1.0687304000020958e-06
2.5993729999754576e-08;7.897633999818936e-08;1.3330645000678487e-07;9.008228000020609e-07
2.1020889998180793e-08;8.720202000113204e-08;1.3025200000265613e-07;1.015181399998255e-06
1.9834390000323764e-08;8.827678000088781e-08;1.1643234999792185e-07;9.54639200004749e-07
2.0742109999991953e-08;8.376227999688127e-08;1.4416714999242685e-07;8.797170000034385e-07
2.0225054999173152e-08;8.034568000002764e-08;1.3465115000144577e-07;1.0518680000677705e-06
2.1460540001862683e-08;1.0736935000750237e-07;1.2313375000667291e-07;9.658569999737666e-07
2.1044520000577905e-08;8.664694000035524e-08;1.2777925000409596e-07;9.161541999783367e-07
2.312982000003103e-08;9.141746000386774e-08;1.2794819999544417e-07;9.732172000221908e-07
1.8930959999852348e-08;8.062300000456162e-08;1.1231815000064671e-07;1.011995000008028e-06
2.1586220001336187e-08;7.988477999460883e-08;1.3040660000115166e-07;9.979604000109248e-07
2.0145409999531694e-08;8.52173599996604e-08;1.4018590000341647e-07;9.160849999752827e-07
2.0433835001313126e-08;8.957874000188894e-08;1.3829729999997654e-07;9.661341999890283e-07
2.1489840000867843e-08;8.546351999975741e-08;1.3212940000812524e-07;1.0083819999999831e-06
2.1811409998917953e-08;7.875100000528619e-08;1.1644719999458175e-07;9.049713999847882e-07
2.0706829999107866e-08;8.027057999861427e-08;1.1616434999450575e-07;9.293324000318535e-07
2.345025000104215e-08;8.884837999939918e-08;1.137577500048792e-07;9.702606000355445e-07
2.000679999764543e-08;9.509942000149749e-08;1.0203895000449847e-07;9.457378000370227e-07
2.270035999972606e-08;7.422865999978966e-08;1.3096280000172556e-07;1.0122810000029857e-06
2.6167440001154317e-08;8.404026000062004e-08;1.168277999968268e-07;1.0013219999382272e-06
2.4544470000546424e-08;7.013105999794789e-08;1.1338850000174716e-07;9.264174000127241e-07
2.0026869999128393e-08;7.783030000282452e-08;1.0487080000166315e-07;8.589971999754198e-07
2.004951999988407e-08;8.357344000251033e-08;1.1662020000221673e-07;9.437299999990501e-07
1.986305500031449e-08;8.709239999880083e-08;1.4084985000954474e-07;1.0889231999753975e-06
2.0403079999960027e-08;9.811424000072293e-08;1.2400994999916293e-07;9.144448000006378e-07
2.003756999911275e-08;8.39310800016392e-08;1.3876834999246057e-07;1.1236104999261443e-06
2.0427380001638086e-08;8.573420000029727e-08;1.371142999996664e-07;9.945701999822632e-07
2.07124999986263e-08;7.966827999916859e-08;1.2858015000529122e-07;9.692806000239216e-07
2.4172410002211108e-08;9.171704000327736e-08;1.470402999984799e-07;9.326047999784351e-07
2.1923180000158026e-08;7.94770399981644e-08;1.1903595000330824e-07;1.1193109999294393e-06
2.2211314999731256e-08;8.897126000374555e-08;1.2820110000029672e-07;8.569906000047922e-07
1.817340499983402e-08;6.921765999868512e-08;1.09458849998191e-07;9.178132000379265e-07
2.3817880000569858e-08;8.599689999828115e-08;1.4180329999362583e-07;1.009628799976781e-06
2.098388999875169e-08;9.392838000203483e-08;1.4789599999494384e-07;1.051830000069458e-06
2.3577520000981166e-08;8.848118000314571e-08;1.1975125000753905e-07;1.0526775001198984e-06
1.7320279999694323e-08;7.868371999938972e-08;1.124956999992719e-07;8.653517999919131e-07
1.9826344998728017e-08;9.546227999962866e-08;1.0520809999434278e-07;1.01791150009376e-06
2.0897859999968204e-08;8.720438000163994e-08;1.0385334000457079e-07;9.237929999944754e-07
1.835814000078244e-08;7.467143999529071e-08;1.4175485000305342e-07;1.0273954999865964e-06
2.076721500052372e-08;9.167715999647043e-08;1.2149089999729767e-07;1.0088868000311778e-06
2.3401805000321473e-08;9.5812039996963e-08;1.4522795000812038e-07;9.810696000349709e-07
2.2050784999737517e-08;6.987114000367e-08;1.0323009999410715e-07;9.184290000121109e-07
2.191909000102896e-08;8.103610000107437e-08;1.3518489999114537e-07;1.058679999987362e-06
2.179166500136489e-08;8.625233999919147e-08;1.4180240000132472e-07;1.014271500025643e-06
2.141037999972468e-08;8.015756000531838e-08;1.2465810000139755e-07;1.0243952000164426e-06
1.7321919999085365e-08;8.364237999776378e-08;1.1022045000572689e-07;9.882263999897987e-07
2.0332269999198614e-08;7.116108000045643e-08;1.3497405000089203e-07;1.012988000002224e-06
2.275956999801565e-08;8.918957999558188e-08;1.1507139999594073e-07;1.0165957999997772e-06
2.0593550000921824e-08;6.737011999939568e-08;1.0993779999262187e-07;9.762973999604584e-07
2.151826999906916e-08;8.444058000459336e-08;1.396581500011962e-07;9.248849999858066e-07
2.1107660001143812e-08;7.819299999973737e-08;1.0537374000414274e-07;9.456867999979295e-07
2.038227999873925e-08;8.382175999577157e-08;1.0937790000753012e-07;9.12501799990423e-07
1.803092500049388e-08;7.473965999670327e-08;1.1502599999948871e-07;8.722640000050887e-07
2.044805500045186e-08;6.99397999967914e-08;1.1565054999664426e-07;9.101872000028379e-07
2.0410179998725652e-08;7.792289999779313e-08;1.563404500047909e-07;1.0069429999566636e-06
1.7729310000140686e-08;7.15232000045944e-08;1.3193704999866896e-07;1.101417500030948e-06
1.7977570000221022e-08;7.034786000149325e-08;1.48840449997806e-07;1.0501032000174746e-06
2.082943000132218e-08;7.061649999814108e-08;1.3921700000355486e-07;1.0243249998893588e-06
1.8521205001161434e-08;6.854535999591462e-08;1.3815790000080597e-07;9.961184000130743e-07
1.831967500038445e-08;6.979862000443972e-08;1.6294029999698978e-07;1.0783285000070464e-06
2.0500789998914116e-08;8.785704000038094e-08;1.388798499974655e-07;9.39633000001777e-07
1.9491804999415763e-08;7.785167999682016e-08;1.4182404999155551e-07;1.0455074999481439e-06
2.0644929999252783e-08;7.292591999867e-08;1.648700999940047e-07;1.1329930000647436e-06
2.0766720001120122e-08;7.86714599991683e-08;1.646257000102196e-07;1.1152109999966341e-06
2.071730000025127e-08;8.746015999931842e-08;1.6442729999835138e-07;1.0555998000199906e-06
2.016290999890771e-08;9.67434799997136e-08;1.66331349988468e-07;1.1215489999449347e-06
2.2345220000715925e-08;8.393139999825508e-08;1.3340550000430085e-07;1.0516599999391474e-06
2.231043000065256e-08;7.480902000097558e-08;1.819889000034891e-07;1.0726625000825152e-06
2.1750394999980925e-08;8.495559999719262e-08;1.9113054999615998e-07;1.19564900000114e-06
1.935821999941254e-08;8.430062000406906e-08;1.3373785000294446e-07;1.071914999978617e-06
2.044639000087045e-08;6.717506000422873e-08;1.5869779999775346e-07;1.010734500014223e-06
2.2022669998113997e-08;7.288345999550074e-08;1.541194000019459e-07;1.2044470000546426e-06
1.8130749999545516e-08;8.043617999646812e-08;1.5035184999578634e-07;1.029308500001207e-06
2.0359400002053008e-08;8.271702000056393e-08;1.5860424999846146e-07;1.0162685000977944e-06
2.338737999962177e-08;9.289234000025317e-08;1.5430919999198524e-07;1.019769500126131e-06
2.2345969997695648e-08;8.400709999841638e-08;1.3913229999889153e-07;1.204223499953514e-06
2.3261659999843687e-08;9.571468000067398e-08;1.84379699989222e-07;1.0838374999002553e-06
2.092389000172261e-08;9.366187999839895e-08;1.7971660000330303e-07;1.0197469999548048e-06
2.6162370000383817e-08;7.469350000028498e-08;1.566381999873556e-07;1.009409499965841e-06
2.0402920001652093e-08;6.749966000206769e-08;1.5234975000203122e-07;9.531601999769918e-07
2.1220049999828916e-08;7.110053999931551e-08;1.3132770000083837e-07;1.087997600028757e-06
2.4211369999102317e-08;7.778196000144816e-08;1.2916534999385475e-07;1.0874080000212416e-06
1.977331499947468e-08;7.748976000002585e-08;1.6455565000069328e-07;1.1644579999847339e-06
2.1243530002539045e-08;8.207818000228144e-08;1.427980500011472e-07;1.0984605000703597e-06
2.058462499990128e-08;9.340571999782696e-08;1.7565210000611842e-07;1.1060515001008752e-06
2.0241960001294502e-08;8.850154000101611e-08;1.444379000022309e-07;9.907964000012726e-07
2.0340930001111702e-08;8.929207999608479e-08;1.5965869999490678e-07;9.307582000037655e-07
1.6138545000285374e-08;7.510380000458099e-08;1.1008300000685268e-07;1.0432801999850198e-06
2.172895999974571e-08;8.327085999771952e-08;1.654519000003347e-07;1.0148230000049808e-06
2.0307100002537482e-08;7.273230000282637e-08;1.586851000029128e-07;9.526497999904677e-07
2.3015059999306688e-08;9.406274000066333e-08;1.4115120000496973e-07;1.021286199975293e-06
2.215903000032995e-08;7.352752000442706e-08;1.5773190000618343e-07;1.078239000053145e-06
2.1589760002098047e-08;7.703031999990344e-08;1.594139500084566e-07;1.076210000028368e-06
2.295820500003174e-08;7.831105999648571e-08;1.2217494999640622e-07;1.0315500000433532e-06
1.985543000046164e-08;8.146772000472993e-08;1.5345044998684897e-07;1.0715501999948174e-06
2.0799299998907373e-08;8.677289999905042e-08;1.6174209999735468e-07;1.124522500031162e-06
2.2022600000491365e-08;8.377159999799914e-08;1.343551000027219e-07;1.1176339999656193e-06
1.8040650000330062e-08;7.555618000333197e-08;1.527512500033481e-07;1.046230500069214e-06
1.8559054999786894e-08;6.806300000171177e-08;1.3318790000630541e-07;1.0171524999896065e-06
2.2831155000312718e-08;7.879381999955513e-08;1.694180999911623e-07;1.0842750000301748e-06
2.079094499931671e-08;8.015642000245861e-08;1.4628255000570789e-07;1.0568064999824855e-06
2.0610730000771583e-08;8.35992600012105e-08;1.5398230000573675e-07;1.0795012000016868e-06
2.160073000122793e-08;8.325651999912224e-08;1.5032074999180623e-07;1.1167645000386984e-06
2.16318400009186e-08;8.648375999764539e-08;1.6095775000576395e-07;1.094156000035582e-06
2.0931150001706555e-08;7.70900800009258e-08;1.651541500032181e-07;1.0231605000444689e-06
2.0575039999675937e-08;7.944335999782197e-08;1.5118999998958315e-07;1.0275947999907658e-06
1.825859499949729e-08;7.876023999997415e-08;1.3967289999709464e-07;1.001671499980148e-06
1.7550409999967088e-08;8.421787999686785e-08;1.9494205000228248e-07;1.181743499910226e-06
2.332448000088334e-08;9.559514000429772e-08;1.6127540000888984e-07;1.1909215000923723e-06
2.4492220001411623e-08;8.447321999701672e-08;1.863671000028262e-07;1.0006625000096392e-06
2.144142000179272e-08;8.628177999635227e-08;1.5580730000510813e-07;1.0567050000827294e-06
2.3147830000380055e-08;7.783219999982975e-08;1.842019000032451e-07;1.0898040000756737e-06
2.2722120000980793e-08;7.718360000289977e-08;1.367560500075342e-07;1.0050369999953545e-06
1.904997500096215e-08;8.901227999594994e-08;1.5686000000278e-07;1.0656789998756722e-06
2.604157000023406e-08;7.835636000381783e-08;1.301990499923704e-07;1.1427020000410266e-06
2.059727000014391e-08;8.596588000073098e-08;2.048400999919977e-07;1.1020830000052228e-06
2.3442540000542067e-08;8.73230799974408e-08;1.5512460000172722e-07;1.0025424999184906e-06
2.034946499916259e-08;7.603863999829627e-08;1.6518325000652113e-07;9.606061999802478e-07
1.9139034999534487e-08;8.510093999793752e-08;1.509680000017397e-07;1.0449259998858907e-06
2.1646669998881406e-08;7.853241999982856e-08;1.707425500062527e-07;1.0735199999180622e-06
2.0405714999651538e-08;7.416205999907106e-08;1.451270000106888e-07;1.1430580000160263e-06
2.033303999924101e-08;8.11816599976737e-08;1.6837860000669024e-07;1.003956000058679e-06
2.1284340001875536e-08;8.672262000036426e-08;1.5019269999174868e-07;1.1018284999590833e-06
2.029655000078492e-08;9.181166000198572e-08;1.6057680000085385e-07;1.0843710000335704e-06
2.593349999806378e-08;9.051087999832817e-08;1.8163300000014714e-07;1.0422490000200923e-06
2.175289999868255e-08;7.21012800000608e-08;1.2463545000355224e-07;1.1088575000758284e-06
2.600782999943476e-08;8.7558180000633e-08;1.7316019999270793e-07;1.205706500040833e-06
2.43308299977798e-08;9.206532000098377e-08;1.881137000018498e-07;1.0662854999827686e-06
2.488667000143323e-08;9.222637999919243e-08;1.6567979998944793e-07;1.1125539999920874e-06
2.305112000030931e-08;9.095023999689147e-08;1.8290179999894462e-07;1.1624619999201969e-06
2.238499000086449e-08;9.562294000061229e-08;2.0327119999274146e-07;1.0337425000034273e-06
2.247577999951318e-08;9.416961999959312e-08;1.8287504999898374e-07;1.1699755000881851e-06
2.470952000003308e-08;9.355425999965519e-08;1.7272225000488106e-07;1.1398929999268148e-06
2.309532999934163e-08;8.782691999804228e-08;1.635450499888975e-07;1.0789075000502634e-06
2.4695309999515302e-08;6.99272400001064e-08;1.6283349999866915e-07;1.1944784999650437e-06
2.1869340000557713e-08;7.281474000192248e-08;1.5741694999451283e-07;1.134304000006523e-06
2.429697999905329e-08;8.19978000014089e-08;1.5916250000009314e-07;1.1877579998690635e-06
2.3561410000547766e-08;8.342276000184939e-08;1.4599615000770426e-07;1.0010394999699201e-06
2.3300439998274668e-08;9.331748000113294e-08;1.64200549988891e-07;1.1203555000247434e-06
2.581410999991931e-08;9.590523999650032e-08;1.6910199999983888e-07;1.0448800001177005e-06
2.5972159998491405e-08;8.755938000394962e-08;1.8088359999819659e-07;1.1336235000635497e-06
2.35741299984511e-08;8.773646000190638e-08;1.8969595000089612e-07;1.0899205000896472e-06
2.1224220001022332e-08;8.706012000329792e-08;1.461218999902485e-07;1.1467875000380444e-06
2.042566000018269e-08;8.321538000018335e-08;1.5905284999462311e-07;1.0379665000073146e-06
2.429604999779258e-08;7.415547999553382e-08;1.6612424999766517e-07;1.029753500042716e-06
2.6089050000882707e-08;7.21053600020241e-08;1.56215399998473e-07;1.0085974998946767e-06
2.0330120000289754e-08;7.032054000301287e-08;1.7186190000211355e-07;1.0317899999790825e-06
2.290292999969097e-08;9.370101999957114e-08;1.4229055000760127e-07;1.0877569999138359e-06
2.3720139999932143e-08;8.918615999864414e-08;1.5409265000198502e-07;1.0516005000681617e-06
2.0900810000603086e-08;7.915389999980107e-08;1.441612000053283e-07;1.036195500055328e-06
2.2605319999274797e-08;1.0038519999943674e-07;1.4805200000409967e-07;1.095076500059804e-06
2.0959415000106672e-08;9.847858000430278e-08;1.2158364999049808e-07;1.0596210000221617e-06
2.3936229999526403e-08;7.509015999967232e-08;1.455197500035865e-07;1.064288000052329e-06
2.4085299999569542e-08;8.043916000169703e-08;1.6266225000435953e-07;1.0736629999883008e-06
1.745861999952467e-08;7.116877999505959e-08;1.2681020000309217e-07;6.023156000301242e-07
2.047625999839511e-08;7.312019999953918e-08;1.669393000047421e-07;6.776459999964573e-07
2.084459000034258e-08;1.0210365000239108e-07;1.5519780000613538e-07;6.76895999989938e-07
1.85730950004654e-08;7.945259999833069e-08;1.4250460000766906e-07;6.938469999586232e-07
2.3489110000082293e-08;9.562203999958001e-08;1.311056499980623e-07;6.605496000265703e-07
1.971435500017833e-08;7.990024000173434e-08;1.3678269999218174e-07;6.499693999649025e-07
2.347353000077419e-08;6.926168000209145e-08;1.5280289998918305e-07;7.028280000085942e-07
2.328183999925386e-08;8.798626000061632e-08;1.1479054999654181e-07;6.155678000068292e-07
2.1418624999932946e-08;8.410910000093282e-08;1.368603000009898e-07;6.962117999792099e-07
2.1817340000416153e-08;9.181862000259571e-08;1.2384005000058096e-07;6.85972600011155e-07
2.437389999977313e-08;9.105476000113413e-08;1.4600350000546313e-07;6.770325999823399e-07
2.2573730000294745e-08;7.553326000343077e-08;1.252756500034593e-07;6.476861999835819e-07
2.1791770000709222e-08;7.948405999923124e-08;1.7643944999144878e-07;6.834401999949478e-07
1.8403804999252316e-08;8.53538200026378e-08;1.1441244000452571e-07;6.455362000269815e-07
2.2336540000105743e-08;6.726398000027984e-08;1.730089000047883e-07;6.848968000267632e-07
2.247644000162836e-08;8.390182000002823e-08;1.1781820000032894e-07;6.423355999868363e-07
2.0758040000509936e-08;1.0452900000382215e-07;1.1572054999123794e-07;6.853713999735192e-07
2.2193909998168236e-08;8.150486000231467e-08;1.4128969999728723e-07;6.954026000457816e-07
2.2792269999627024e-08;7.794172000139951e-08;1.5340110000397545e-07;6.821842000354082e-07
2.0650169998407364e-08;8.163871999713593e-08;1.2274175000493415e-07;7.068605999811553e-07
2.1875179998460227e-08;9.126397999934852e-08;1.5203515000757762e-07;6.520360000431538e-07
2.322483000170905e-08;8.393104000133462e-08;1.5108609999879263e-07;6.285859999479726e-07
1.9896405001054518e-08;8.660005999845452e-08;1.2744984999881125e-07;7.513786000199616e-07
2.08673799992539e-08;8.072118000127376e-08;1.5923920000204818e-07;6.239321999601089e-07
2.009220999898389e-08;8.661404000013135e-08;1.279773499991279e-07;7.081574000185355e-07
2.095887000032235e-08;8.25429200020153e-08;1.0506615000485908e-07;6.887570000253618e-07
2.1546994999516754e-08;8.59969999990426e-08;1.5476615000807216e-07;7.132580000325106e-07
2.344882999896072e-08;9.393606000230648e-08;1.437300499965204e-07;6.953087999718264e-07
2.246154000167735e-08;7.821604000055231e-08;1.701181000098586e-07;6.564481999957934e-07
2.546495000133291e-08;8.984877999755554e-08;1.360051000083331e-07;7.140687999781221e-07
2.0429439999861644e-08;8.443289999850094e-08;1.4114074999815784e-07;6.133668000111356e-07
2.236445000016829e-08;7.692954000085593e-08;1.3433479999366682e-07;6.203311999561266e-07
2.596553000039421e-08;1.0314650001237169e-07;1.0025275000953116e-07;6.848570000147447e-07
2.2327995000523514e-08;9.692032000166365e-08;1.4353785000275821e-07;6.156501999939792e-07
2.4299359999713488e-08;8.15515000023879e-08;1.555009500007145e-07;6.859455999801866e-07
1.9798070000251756e-08;9.008018000167795e-08;1.2605070001154672e-07;7.060119999805465e-07
2.16066499997396e-08;8.28241600014735e-08;1.2929470000381116e-07;6.936835999949835e-07
2.1969445000286214e-08;7.627190000494011e-08;1.2424254999496044e-07;7.376519999816083e-07
2.4334580000140704e-08;9.554789999965578e-08;1.5073215001029893e-07;6.532878000289202e-07
1.879709500062745e-08;7.413823999813758e-08;1.415296499908436e-07;6.332863999996334e-07
2.027936999947997e-08;7.183335999725387e-08;1.4829240000108257e-07;6.740384000004269e-07
2.4746260000392794e-08;8.993932000012137e-08;1.4941579999867827e-07;6.949810000369326e-07
2.2024880000390113e-08;8.646062000188976e-08;1.2196550000226124e-07;6.686128000146709e-07
2.1485394999035633e-08;7.840372000355273e-08;1.5341990000160877e-07;5.942728000227361e-07
2.0296250001410954e-08;9.998969999724068e-08;1.2098054999660234e-07;6.743897999986075e-07
2.4803620000602677e-08;9.470539999892935e-08;1.374340000038501e-07;6.732292000087909e-07
2.257363999960944e-08;6.520182000240311e-08;1.5284329999121838e-07;6.911400000099093e-07
2.4409449999802745e-08;8.619915999588557e-08;1.5446205000625922e-07;6.075800000107847e-07
2.219459000043571e-08;8.133204000187106e-08;1.1205329999211244e-07;5.827463999739848e-07
2.4539034999907015e-08;7.892778000095859e-08;1.443573500000639e-07;6.787971999729052e-07
2.0847100000537466e-08;6.690856000059284e-08;1.2302235000242945e-07;7.105579999624752e-07
2.2064425000280608e-08;8.134091999963857e-08;1.250865499896463e-07;6.343563999980688e-07
2.0764839998446406e-08;8.73742800031323e-08;1.1314329999731853e-07;6.5808039996773e-07
2.0988420001231133e-08;8.29576599993743e-08;1.26928500001668e-07;5.924202000023797e-07
2.108003000030294e-08;7.961032000021077e-08;1.2317935000464785e-07;6.413733999943361e-07
2.0091740001225844e-08;8.917870000004769e-08;1.605072999955155e-07;6.787727999617345e-07
2.054748499940615e-08;8.56460600043647e-08;1.0756570000376086e-07;6.805652000475675e-07
1.9629839999834077e-08;7.079313999856822e-08;1.404164999985369e-07;6.652790000080131e-07
2.0486924999568145e-08;8.862135999952442e-08;1.4642095001181589e-07;6.94403599947691e-07
2.4704729998484253e-08;8.337444000062533e-08;1.5234855000744573e-07;6.603506000246853e-07
2.204589000029955e-08;8.945022000116296e-08;1.3143845000013243e-07;6.689176000072621e-07
2.340464000008069e-08;7.599720000289381e-08;1.1257549999572802e-07;6.340121999965049e-07
2.1433550000074318e-08;8.738745999871753e-08;1.2137809999694582e-07;6.562939999857918e-07
1.8784785000025295e-08;7.082293999847025e-08;1.1107369999808724e-07;6.428941999911331e-07
1.8300839999574235e-08;8.247638000175356e-08;1.202121999958763e-07;6.430102000012994e-07
2.060856000171043e-08;9.59820199990645e-08;1.4198339999711607e-07;6.680162000120618e-07
2.352324000094086e-08;7.055486000026576e-08;1.2086740000813733e-07;6.327450000098907e-07
2.0464720000745728e-08;7.995862000389024e-08;1.212309499969706e-07;6.489919999730773e-07
2.00159200001508e-08;8.00130599993281e-08;1.0868440000922419e-07;6.673905999632552e-07
2.2369919999619016e-08;7.914872000110336e-08;1.375065500033088e-07;6.880436000064946e-07
2.254673000134062e-08;7.400197999668308e-08;1.1991785001009702e-07;5.880550000001677e-07
2.2008870000718162e-08;7.738782000378706e-08;1.1226934999285731e-07;6.034467999706976e-07
1.9289125000068453e-08;8.828316000290216e-08;1.2600730000121983e-07;6.117205999908037e-07
2.0984159999352413e-08;7.576653999858535e-08;1.2907570000970735e-07;6.25071799964644e-07
2.0316570000431965e-08;8.476479999953881e-08;1.297686000034446e-07;6.471517999889329e-07
2.014167500019539e-08;7.084261999698356e-08;1.1505384999327361e-07;6.132477999781259e-07
1.6563334999955258e-08;7.059071999974548e-08;1.2151204999827314e-07;6.659519999520854e-07
1.7771624999295455e-08;7.802987999748438e-08;1.0619544998917263e-07;6.580724000232294e-07
1.7085730000690092e-08;8.077772000106051e-08;1.177981000073487e-07;5.430945999687537e-07
2.2614105000684502e-08;7.724047999945469e-08;1.2421225001162384e-07;6.409772000042722e-07
1.681127000047127e-08;8.278455999679864e-08;1.0985550000623334e-07;6.4364680001745e-07
1.8920940000680275e-08;7.399130000267177e-08;1.3425344999996013e-07;6.405672000255435e-07
2.3818129999563097e-08;9.933949999976903e-08;1.2859410000965e-07;6.845319999847562e-07
2.14918999990914e-08;1.0522779999882915e-07;1.6761074999521953e-07;6.041837999946438e-07
2.2781660000327973e-08;9.059382000123151e-08;1.2705154999275692e-07;6.040788000100292e-07
1.6692850000981706e-08;7.320262000430376e-08;1.0959920000459534e-07;5.807983999839052e-07
1.755229499976849e-08;7.420175999868662e-08;1.0996370000066235e-07;6.411788000259549e-07
2.2146760000032372e-08;8.653318000142462e-08;1.234757000056561e-07;6.51300200028345e-07
2.1134010000969283e-08;7.480002000229434e-08;1.137437500001397e-07;6.350669999956153e-07
2.0067849999759347e-08;8.065257999696769e-08;1.2285184999927878e-07;6.155328000313603e-07
1.914622500044061e-08;8.990179999964312e-08;1.228372500045225e-07;6.067681999993511e-07
2.1898590002092533e-08;7.889787999447435e-08;1.0601775000395719e-07;6.593431999790482e-07
2.160489999805577e-08;7.825241999817081e-08;1.2800300000526477e-07;6.412115999846719e-07
2.265608000161592e-08;7.356291999458335e-08;1.3724004999676253e-07;6.908547999919392e-07
1.909134500019718e-08;8.146668000263161e-08;1.0528109999722801e-07;6.072479999857023e-07
1.570783500064863e-08;7.51334200031124e-08;1.3310950000595768e-07;6.263433999847621e-07
1.8605795000621582e-08;7.438401999534107e-08;1.1445919999096077e-07;6.167089999653399e-07
1.620808500010753e-08;6.957182000041939e-08;1.0909185001219158e-07;6.317789999884553e-07
2.052300500072306e-08;7.683097999542952e-08;1.0940519999712705e-07;6.336462000035681e-07
1.8466159999661613e-08;7.889369999757037e-08;1.4004625000234227e-07;6.20944399968721e-07
1.8536020000465214e-08;7.095053999801167e-08;1.3681749999523162e-07;1.0331626000115647e-06
2.1168539999052883e-08;8.250921999569982e-08;1.3880970000172965e-07;1.0673324999515898e-06
1.8872014999215025e-08;8.28190199972596e-08;1.357626499957405e-07;9.027128000161611e-07
2.045759499887936e-08;8.075057999812998e-08;1.3248310000926723e-07;1.0716234998835717e-06
1.9572934998723212e-08;7.740548000438139e-08;1.4704695000546054e-07;9.470500000170433e-07
1.9582894998893607e-08;7.478534000110812e-08;1.4968425000552087e-07;1.015664000005927e-06
1.8176214999402874e-08;7.948876000009477e-08;1.5167945000575856e-07;9.243889999925159e-07
2.012937499966938e-08;7.806470000068657e-08;1.4112939999904483e-07;8.826110000372864e-07
1.997057500120718e-08;7.48130600026343e-08;1.565408500027843e-07;1.0401765001006424e-06
2.0410324999829753e-08;8.319195999647491e-08;1.4507429998775478e-07;1.0416499999701046e-06
2.2800269999424927e-08;7.70438199979253e-08;1.4837784999690485e-07;1.031139400030952e-06
2.077004000020679e-08;8.638396000023931e-08;1.3783849999890662e-07;9.64438399998471e-07
2.141429000184871e-08;6.512942000408657e-08;1.376542000070913e-07;1.0047699999995529e-06
2.1167240000795573e-08;6.969163999892771e-08;1.5076310001313688e-07;9.302091999561526e-07
2.0398520000162533e-08;7.408307999721729e-08;1.424632500129519e-07;9.204408000223338e-07
2.0791540000936948e-08;7.282882000436076e-08;1.49935049994383e-07;9.141607999918051e-07
2.1168190002208575e-08;7.158622000133619e-08;1.330080500047188e-07;9.957054000115022e-07
1.790950499998871e-08;6.991395999793894e-08;1.348082000040449e-07;1.0082459999830461e-06
2.0554760000959504e-08;7.774180000415072e-08;1.4344704999530222e-07;1.015693000081228e-06
2.1186890001990833e-08;7.831078000017442e-08;1.6784290000214242e-07;9.530894000199624e-07
1.992941000062274e-08;7.630836000316776e-08;1.448445999994874e-07;8.684625999885611e-07
1.793730999925174e-08;7.007120000198484e-08;1.4408455000375396e-07;1.0015035000105854e-06
2.0819529998698272e-08;8.933871999615804e-08;1.3552355000865646e-07;9.484286000370048e-07
2.088571500062244e-08;7.134619999560527e-08;1.430339500075206e-07;9.372083999915049e-07
2.0678330000373536e-08;7.638464000192471e-08;1.4893559999472927e-07;9.339188000303693e-07
2.4737589998403562e-08;6.94085399969481e-08;1.5460159999202005e-07;1.1055450000276323e-06
2.092646999808494e-08;8.064580000354909e-08;1.7289034998975694e-07;9.711202000034973e-07
2.234098500048276e-08;8.53417599981185e-08;1.4557915000477806e-07;1.0074865000206045e-06
2.2052040000562556e-08;8.86038800003007e-08;1.5168315000482834e-07;1.0012529999949039e-06
2.0174810002208687e-08;7.439321999554523e-08;1.547740999958478e-07;1.0063482000259683e-06
2.3113909998210145e-08;7.733002000022679e-08;1.690770999994129e-07;9.617473999969662e-07
2.106523499969626e-08;7.341879999730735e-08;1.4106840000022203e-07;1.0444389999611304e-06
1.7635575000895188e-08;7.560729999677278e-08;1.4906785001221578e-07;9.686056000064128e-07
2.0226395000645425e-08;7.628674000152386e-08;1.4494350001041312e-07;1.0396540000510869e-06
2.2430080000776797e-08;8.350103999837302e-08;1.673325500014471e-07;9.659411999746226e-07
1.8437375000212343e-08;7.535149999894201e-08;1.4549544999317732e-07;1.063923000037903e-06
2.2298905000207013e-08;7.033803999656812e-08;1.3620424999680835e-07;1.0390990000450983e-06
1.9585809999261983e-08;8.919868000084535e-08;1.7215315000794362e-07;1.0105330000806134e-06
2.3418430000310765e-08;6.671797999879345e-08;1.679939000023296e-07;9.574776000226848e-07
2.2137109999312087e-08;7.693530000397004e-08;1.5197469999839086e-07;1.019706000079168e-06
2.0764670000062325e-08;8.299368000007234e-08;1.4858240001194644e-07;1.0680254999897443e-06
2.2253125000861473e-08;7.830819999799133e-08;1.4476230001309887e-07;9.298995999852195e-07
2.0595439997850917e-08;8.672703999909572e-08;1.4741574999061413e-07;1.0025472000124864e-06
2.216144999838434e-08;8.134872000082396e-08;1.674912000016775e-07;9.441191999940201e-07
2.3174679998192006e-08;8.128999999607913e-08;1.4052724999783094e-07;9.834930000361054e-07
2.0454089998384005e-08;8.779438000055961e-08;1.52010000005248e-07;1.004408799984958e-06
2.1308690001023933e-08;7.312585999607109e-08;1.6524299999582581e-07;1.0787105000053997e-06
2.1193209997727537e-08;7.719782000058331e-08;1.3394255000457634e-07;1.0885570000391453e-06
2.358290999836754e-08;8.704164000228047e-08;1.3716759999806528e-07;1.0127369999827352e-06
2.1256610000273212e-08;8.763731999788434e-08;1.762837499991292e-07;1.0173030001169537e-06
2.045539500104496e-08;7.960766000323928e-08;1.3937274999625514e-07;9.962755999877118e-07
2.1222709998255596e-08;7.005872000008822e-08;1.844266499974765e-07;1.0311285000352654e-06
2.213731500087306e-08;8.160963999689556e-08;1.5637409999908413e-07;1.0812945000361652e-06
2.408206000109203e-08;8.153064000071026e-08;1.7484799999510868e-07;1.1300235000089742e-06
2.2049750000587664e-08;8.655598000041209e-08;1.5076015000522603e-07;1.011976999870967e-06
2.029247500031488e-08;9.334968000184745e-08;1.616362499917159e-07;1.072693000023719e-06
2.330530000035651e-08;8.305159999872557e-08;1.5202745000715368e-07;1.0547364999365527e-06
2.2079130000201985e-08;8.976649999967777e-08;1.3607419999607373e-07;9.930701999692247e-07
2.3915730000589975e-08;8.085334000061266e-08;1.6593995000584981e-07;1.1094454998965375e-06
2.1850289998110382e-08;7.330328000243754e-08;1.321755499957362e-07;1.0233264999988023e-06
2.323581999808084e-08;7.676100000389852e-08;1.4991064999776426e-07;9.601166000356897e-07
2.065060999884736e-08;7.397394000436179e-08;1.4388985000550747e-07;1.015577500074869e-06
1.6853974999685306e-08;6.735913999727927e-08;1.4567050000187008e-07;9.175751999719068e-07
1.9361480000952725e-08;9.051420000032522e-08;1.650474999914877e-07;1.0368751999922096e-06
2.0856054998876063e-08;8.451971999602392e-08;1.6500634999829345e-07;1.0491695000382606e-06
2.274372500105528e-08;7.975397999980487e-08;1.6034029998991173e-07;1.003945400007069e-06
2.164150000025984e-08;8.714718000264838e-08;1.8240950000472368e-07;8.751205999869853e-07
1.6980420000618323e-08;7.40099199989345e-08;1.215611999941757e-07;1.0722421999671496e-06
1.7921269999351354e-08;9.914899999857881e-08;1.3258705000043846e-07;1.0181335000379477e-06
2.5989689998095854e-08;8.711449999827892e-08;2.274547999841161e-07;1.00491299998248e-06
2.1774560000631026e-08;8.687492000171915e-08;1.6351740001118742e-07;1.0077598000061698e-06
2.4576280001201666e-08;8.942880000104196e-08;1.6978524999285582e-07;1.027963499946054e-06
2.0609320000221488e-08;1.0085740000067745e-07;1.776172000099905e-07;1.0148577999789267e-06
1.6722694999771194e-08;8.142378000193275e-08;1.6677339999296238e-07;9.50702200003434e-07
1.7854150000493973e-08;7.66360999958124e-08;1.2747024999407585e-07;1.072703999991063e-06
2.0332220001728275e-08;7.387011999962851e-08;1.6371130000334232e-07;1.0197879999759606e-06
1.9025529999635184e-08;8.744601999642328e-08;1.2519320000137668e-07;9.133302000118419e-07
2.2724579999339766e-08;8.818551999866031e-08;1.8569379999826198e-07;1.1182660001213663e-06
2.2207699999853503e-08;7.356288000009954e-08;1.3848875000257975e-07;9.105801999685355e-07
2.2814089999883434e-08;6.96503599989228e-08;1.4966149999236222e-07;9.91141600010451e-07
1.818689500069013e-08;8.174965999787674e-08;1.3854314999480267e-07;9.153278000303544e-07
1.650338500039652e-08;7.439817999838851e-08;1.4103649999015034e-07;1.047007000015583e-06
2.200918000016827e-08;8.148783999495208e-08;1.5847545000724495e-07;9.95675200014375e-07
1.8356609999318607e-08;7.014246000326238e-08;1.5628054999979214e-07;1.0292834999563637e-06
2.2787819999211933e-08;7.952123999712058e-08;1.4909560000523925e-07;9.911215999745764e-07
2.2224240002105944e-08;7.090107999974862e-08;1.3186984999629202e-07;1.0951930000737776e-06
2.072399999888148e-08;8.397404000279494e-08;1.6091920000326354e-07;1.0738435000530444e-06
2.132374999928288e-08;8.085567999514752e-08;1.6403390000050423e-07;9.206546000204981e-07
2.0870339999964928e-08;7.530221999622881e-08;1.252064500004053e-07;1.0418530000024476e-06
1.8396019999636336e-08;6.900342000299134e-08;1.3913009999669156e-07;9.116878000204451e-07
1.7947719999938272e-08;8.076944000204093e-08;1.4074884999718052e-07;9.60034000047017e-07
2.0635290001519024e-08;6.754283999907785e-08;1.391667999996571e-07;9.334572000079788e-07
1.7947195000306237e-08;7.08392600005027e-08;1.556535999989137e-07;9.668803999666126e-07
1.7245814998750575e-08;8.321915999986231e-08;1.3721765000082086e-07;1.013329999987036e-06
1.9216420000884683e-08;7.615185999893584e-08;1.38032300004852e-07;1.0199818000546656e-06
1.664076000015484e-08;8.284312000032515e-08;1.3279194998904132e-07;9.352496000356041e-07
2.3353589998441747e-08;7.531290000188165e-08;1.4964484999654815e-07;1.0174505000759382e-06
1.9914019999851007e-08;7.28439199971035e-08;1.1965934999170712e-07;9.114229999831877e-07
1.8168529999093153e-08;6.324704000144265e-08;1.4910520000557882e-07;9.862874000100418e-07
2.152557999943383e-08;6.794577999971807e-08;1.7312185000628233e-07;9.784943999839016e-07
2.1003590000327675e-08;7.933240000274963e-08;2.2103049998986536e-07;1.1273505000281147e-06
2.1159069999703205e-08;9.742673999862745e-08;2.2846045000187587e-07;1.2547439998888877e-06
2.030926999868825e-08;8.590190000250004e-08;2.1266379998996853e-07;1.187550500035286e-06
2.0472379999409894e-08;7.636817999882624e-08;1.8472639999527017e-07;1.220498500042595e-06
2.2124829998938367e-08;7.198440000065603e-08;1.9487050001043826e-07;1.2636599999677855e-06
2.018903999996837e-08;8.058756000245921e-08;2.0047349997912533e-07;1.1581355000089387e-06
1.7247000000497793e-08;7.258737999945879e-08;1.9573944999137895e-07;1.2181284998951014e-06
1.922702500014566e-08;7.122920000110753e-08;1.4959185000043362e-07;1.0841380000056234e-06
1.9374339999922084e-08;7.33783800038509e-08;1.4790499999071472e-07;1.07402000008733e-06
2.0067520000156947e-08;7.76166399999056e-08;1.8482755000877659e-07;1.2086984999768902e-06
2.2263329999987035e-08;8.434766000136733e-08;2.003573999973014e-07;1.1095745000056922e-06
1.9865560000471304e-08;7.675799999851734e-08;1.6487350000534206e-07;1.2445800000568852e-06
2.0083850000810344e-08;6.632253999705426e-08;1.9386280000617263e-07;1.1773800000082702e-06
1.9473985000513495e-08;7.832796000293456e-08;1.7271374999836553e-07;1.2660165000124835e-06
1.9647744999383575e-08;7.633907999843359e-08;1.900125500105787e-07;1.2219774999539369e-06
1.8525209999643266e-08;8.502212000312284e-08;1.7459850000159348e-07;1.2244429999554996e-06
2.20219900002121e-08;7.484736000187695e-08;2.3479529999895022e-07;1.2202979999710805e-06
2.603633999824524e-08;8.430653999675997e-08;2.164543999824673e-07;1.268355500069447e-06
2.210735999979079e-08;7.980252000270411e-08;1.9103694999648724e-07;1.1748474999330938e-06
2.024841000093147e-08;8.181206000153907e-08;1.8763229998876342e-07;1.2603170001239051e-06
2.131921499967575e-08;8.90648800006602e-08;2.3273889999836683e-07;1.1639390001073479e-06
1.9887084999936633e-08;8.19521400029771e-08;1.8125275000056718e-07;1.268524999904912e-06
2.2954820000450127e-08;7.538749999948777e-08;1.9559624999237713e-07;1.2240404999465681e-06
1.9251330000406596e-08;8.696253999951295e-08;1.8308889999752864e-07;1.3414495000324678e-06
2.0927950000623242e-08;7.301256000064313e-08;1.7744510000920855e-07;1.0702465000213125e-06
1.619471000012709e-08;8.787451999960468e-08;1.58224450002308e-07;1.1681904998840765e-06
2.4000959997647444e-08;8.11316400009673e-08;1.6823319999093657e-07;1.20909399993252e-06
2.1341559998109004e-08;7.339600000414066e-08;2.1274220000486821e-07;1.1870930000441148e-06
2.166752499906579e-08;7.804574000183493e-08;2.3038130000350066e-07;1.2643390000448562e-06
1.953706000058446e-08;7.00725800008513e-08;1.804734000033932e-07;1.226745499880053e-06
1.9822815000952686e-08;8.343956000171601e-08;1.7880025001068134e-07;1.2259530001028908e-06
2.100353999994695e-08;8.144582000095397e-08;1.8548280000686646e-07;1.1657389999891166e-06
1.8231995000678582e-08;7.5116619997425e-08;1.69926900009159e-07;1.1646400000608992e-06
1.844843500002753e-08;7.144330000155606e-08;1.9004689999565016e-07;1.1846009999862873e-06
2.0028870001260658e-08;7.245579999871551e-08;1.7072604999702889e-07;1.156712499941932e-06
1.707911499979673e-08;6.64087200013455e-08;1.630822500010254e-07;1.2777199999254662e-06
1.7526945000281557e-08;7.817948000156321e-08;1.802052499988349e-07;1.3177155000448692e-06
1.759369999927003e-08;7.194811999797821e-08;1.5765609999652953e-07;1.1527169999317266e-06
1.7155079999065494e-08;7.22429400018882e-08;1.6660374999628403e-07;1.1238310000044293e-06
2.0579999999608846e-08;6.963673999998719e-08;1.8029864999698474e-07;1.1974380000901874e-06
1.817678500083275e-08;6.911879999679513e-08;1.6619275000994094e-07;1.1882110001170076e-06
1.868998999998439e-08;6.636927999788896e-08;1.543027500010794e-07;1.2301479998859577e-06
2.0284439998795277e-08;7.174925999715924e-08;1.7223620000004303e-07;1.1240914999507368e-06
1.7882239999016748e-08;7.978887999779545e-08;1.5876909998769407e-07;1.191726499964716e-06
1.6945339999801946e-08;6.968183999997564e-08;1.628908499988029e-07;1.2645029999839608e-06
1.8770544999279083e-08;7.486626000027172e-08;1.6629644999920857e-07;1.1969925000448712e-06
1.875764500000514e-08;7.967824000515975e-08;1.7690080001193564e-07;1.1317870000493712e-06
1.8821680000110063e-08;6.681224000058137e-08;1.8449429998872802e-07;1.1387619999004529e-06
1.8305764999240638e-08;7.113852000329643e-08;1.6819155000848696e-07;1.1671170000045095e-06
1.766116500075441e-08;7.236830000183545e-08;1.6909019999729934e-07;1.134312499925727e-06
1.8597250001039357e-08;8.477537999860943e-08;1.7937334999442102e-07;1.191106500045862e-06
1.8578585000068415e-08;7.042517999652774e-08;1.516554000118049e-07;1.2347015000705142e-06
1.9658725000044796e-08;8.05142400029581e-08;1.9161870000243653e-07;1.2018774999887683e-06
1.719042500044452e-08;7.097104000276886e-08;1.6848740000568797e-07;1.1667065000801813e-06
1.868149500078289e-08;6.658190000453033e-08;1.9581345000187867e-07;1.1229705000005197e-06
1.8731679998745676e-08;7.361588000203483e-08;1.6575299999385606e-07;1.198422499874141e-06
1.9301695001195185e-08;7.469480000436306e-08;1.7606990000058432e-07;1.154081499989843e-06
1.8534645000181625e-08;6.725868000066839e-08;1.8199800000002143e-07;1.1207864999596495e-06
2.0368779997806997e-08;7.573014000081458e-08;1.7281884999829343e-07;1.1518490000162275e-06
1.691720500093652e-08;7.041882000048645e-08;1.5060949999315199e-07;1.1992645000282209e-06
1.909776999964379e-08;7.87369999976363e-08;1.5473429999838118e-07;1.1245109999435953e-06
2.008866499963915e-08;7.54306800023187e-08;1.6062424999836367e-07;1.1088700000254903e-06
1.7772310000145807e-08;7.927808000240476e-08;1.738989000004949e-07;1.145088500052225e-06
1.7467074999876787e-08;8.399900000076741e-08;1.6298144999018404e-07;1.1739230000239332e-06
1.7635975001030603e-08;6.867671999498271e-08;1.6444745000626427e-07;1.1073114999453536e-06
1.7136310000205414e-08;6.798956000129692e-08;1.7192804999649524e-07;1.1760985000000802e-06
1.8458844999258873e-08;6.895364000229165e-08;1.7478265000681857e-07;1.143370999925537e-06
1.813306500116596e-08;6.41622599971015e-08;1.8066285000531933e-07;1.279147000022931e-06
1.7332134999742266e-08;7.22753600042779e-08;1.4934480001102202e-07;1.1671520001254976e-06
1.8621769998571835e-08;7.117771999910473e-08;1.6182345000561326e-07;1.1781969999719877e-06
1.768851000088034e-08;6.936852000071667e-08;1.596164999937173e-07;1.237062000000151e-06
1.7320294999808538e-08;7.256801999756135e-08;1.6135414999735076e-07;1.0790405000443571e-06
1.764717500045663e-08;7.283190000453032e-08;1.637782499892637e-07;1.1893869999039453e-06
1.7988604999845846e-08;6.751184000167996e-08;1.5441950000240466e-07;1.0877830001118127e-06
1.9100614999479147e-08;8.100650000269525e-08;2.255957000015769e-07;1.1606005000066944e-06
2.0152414999029132e-08;8.696103999973275e-08;2.1426220002467743e-07;1.2040684999374207e-06
2.121624999854248e-08;7.326190000167116e-08;1.844347000005655e-07;1.3166359999740962e-06
2.0668580001802185e-08;8.779397999751382e-08;2.1458225000242237e-07;1.111189000075683e-06
1.947674000111874e-08;8.04163399967365e-08;2.060942999960389e-07;1.266777999990154e-06
2.0362510002451017e-08;8.321580000338145e-08;2.105186999833677e-07;1.248660999990534e-06
2.1699200000148266e-08;8.235048000351525e-08;1.7449215000669938e-07;1.234437500097556e-06
2.4627920001512392e-08;7.998398000490852e-08;1.8027395001263357e-07;1.2501104999682865e-06
2.1355664999282452e-08;8.480685999966227e-08;2.218550999823492e-07;1.1721815000055358e-06
1.9727995000721422e-08;8.572822000132873e-08;1.82359099999303e-07;1.1914789999718779e-06
1.98317650007084e-08;8.731018000398763e-08;1.7917674999625888e-07;1.3727034999465105e-06
2.1749030001228676e-08;6.736253999988548e-08;2.2087030002148821e-07;1.2728975000209174e-06
2.439214999903925e-08;8.691495999810285e-08;2.007718999957433e-07;1.2379369999689516e-06
2.049956000118982e-08;8.056383999646641e-08;1.8250365000858437e-07;1.272993500024313e-06
1.8276779999723657e-08;7.0196139998734e-08;2.142300000123214e-07;1.2011294999683742e-06
1.9818929999019018e-08;7.330655999830924e-08;1.6616560000693425e-07;1.1659609999333043e-06
1.8244165000214707e-08;7.641474000411108e-08;1.76047250002739e-07;1.1852504999842495e-06
1.6632790000585373e-08;7.392513999948278e-08;1.8840740001178347e-07;1.1568035000527743e-06
2.0208489999640734e-08;7.402039999724365e-08;1.64226900000358e-07;1.2189624999882654e-06
1.804721999942558e-08;6.613116000080481e-08;1.7643400000815746e-07;1.1439430000609719e-06
1.629957499972079e-08;7.138133999542333e-08;1.7416830000001938e-07;1.041183000052115e-06
1.7477324999345e-08;7.913040000130422e-08;1.9802694999088998e-07;1.148168500076281e-06
2.0479449999402278e-08;9.013516000122763e-08;1.9125780000467784e-07;1.198727000009967e-06
2.0638220000546425e-08;8.4281960001681e-08;1.74216150000575e-07;1.29216749992338e-06
1.880129500059411e-08;6.835290000308305e-08;1.5441119999741205e-07;1.1419549999118318e-06
1.6985639999620617e-08;7.480311999679543e-08;1.6560705000301822e-07;1.173968000075547e-06
1.7438184999627994e-08;7.684926000074484e-08;2.1232500000041909e-07;1.404335999977775e-06
1.759152000013273e-08;6.882588000153191e-08;2.0799429999897255e-07;1.433921999996528e-06
1.7989940001280047e-08;7.001525999512523e-08;1.8196814999100752e-07;1.4189365001220722e-06
1.751687500072876e-08;7.619386000442319e-08;2.0319550001295283e-07;1.422413999971468e-06
2.110881499975221e-08;7.493289999547414e-08;1.9508264999603853e-07;1.4317150000715628e-06
1.8990350000967738e-08;7.299522000248544e-08;2.1942889998899774e-07;1.4789224999549332e-06
2.1094060000905302e-08;8.320872000185773e-08;2.424028499954147e-07;1.3500174999353476e-06
1.8218699999852106e-08;6.823211999726482e-08;2.0109149999916554e-07;1.3933890000043902e-06
1.8946734999190083e-08;8.71311999973841e-08;2.3247765000269282e-07;1.399107000033837e-06
2.107012000051327e-08;7.582742000231519e-08;2.0249404999776744e-07;1.344293000001926e-06
2.0074969998677262e-08;7.338013999979011e-08;2.0340959998429752e-07;1.488182000030065e-06
2.0445099999778905e-08;7.162243999773637e-08;2.031349000026239e-07;1.3527640000393149e-06
1.9420264998916535e-08;7.86009399977047e-08;2.2615830000722782e-07;1.47160199994687e-06
1.695192499901168e-08;7.33412400004454e-08;2.2405309998430312e-07;1.444391499971971e-06
1.839120999939041e-08;8.133093999931588e-08;2.1443320001708345e-07;1.3400819999515078e-06
1.853178500023205e-08;6.968999999808148e-08;2.1748399999341929e-07;1.3726630000746808e-06
1.8172815001162236e-08;6.585329999797978e-08;1.9553174999600743e-07;1.3327930000377819e-06
1.9702939999115187e-08;7.337467999896034e-08;2.175291999883484e-07;1.4639385000918992e-06
1.729193499922985e-08;7.139207999571226e-08;2.344163999950979e-07;1.4019154998823069e-06
1.7197725000733045e-08;7.614419999881648e-08;2.095600999891758e-07;1.4462794999417383e-06
2.0346499999868683e-08;7.874574000015855e-08;2.0674270000017715e-07;1.3097275000473019e-06
2.1713840001029893e-08;7.717007999890483e-08;2.1958609999273903e-07;1.2958824999805074e-06
2.0306120000896044e-08;7.567635999876074e-08;2.2480099997483193e-07;1.4020384999457746e-06
1.792340500105638e-08;7.50897999969311e-08;2.3226930000237188e-07;1.6106810000201221e-06
1.8494705000193788e-08;7.289059999748133e-08;2.0282184999086893e-07;1.3887065000017174e-06
1.8053840000357014e-08;7.156256000162102e-08;2.0614345000649337e-07;1.430650499969488e-06
1.7347800001152792e-08;7.122820000513457e-08;1.9609689999197144e-07;1.3275854999665171e-06
2.0050440001068637e-08;6.81806799955666e-08;2.0473040000069886e-07;1.256221999938134e-06
1.7755614999623504e-08;6.164041999727487e-08;1.8482359999325126e-07;1.3887130000512115e-06
1.7850325000472365e-08;7.975469999946654e-08;2.2139180000522174e-07;1.47311049993732e-06
2.0574220002163203e-08;7.834534000139683e-08;2.0627240001340396e-07;1.4703769999323413e-06
1.7057329999806825e-08;6.690558000118472e-08;1.9189745000039692e-07;1.2926529999822378e-06
1.906256500078598e-08;7.613560000318102e-08;2.031781499972567e-07;1.3760785000340547e-06
1.9050500000594183e-08;7.421295999665744e-08;2.0955194999987726e-07;1.3995379999687429e-06
1.720119999954477e-08;7.831752000492998e-08;2.055343999818433e-07;1.3637999999627936e-06
1.9522734999191014e-08;6.84194799978286e-08;2.1915399999124928e-07;1.5271455000038259e-06
1.891085499955807e-08;6.301074000075459e-08;2.1135979998507538e-07;1.3923010000144131e-06
1.7938974998833147e-08;7.755798000143841e-08;2.0952254999428988e-07;1.375306499976432e-06
1.877280000044266e-08;7.25880399986636e-08;2.0932309998897835e-07;1.4894425000238697e-06
2.1000700001604854e-08;7.094451999873854e-08;2.0340669999131933e-07;1.3479589999769814e-06
1.841497999994317e-08;7.142929999972694e-08;2.070864999841433e-07;1.4455004999763331e-06
1.7580135000753217e-08;7.202157999854535e-08;1.9457190000684933e-07;1.4088910000282339e-06
1.814802500011865e-08;7.6125579996733e-08;1.893957000138471e-07;1.3731039999402127e-06
1.816557999991346e-08;7.173898000037297e-08;2.0694979999097995e-07;1.4489144999242853e-06
1.725425000040559e-08;6.912254000199028e-08;2.2745770000619813e-07;1.2742629999411292e-06
1.8060579999291805e-08;6.779196000425145e-08;1.9409649999579414e-07;1.3559505000011996e-06
1.745610000070883e-08;7.269458000082522e-08;2.0967599999858067e-07;1.3729584999964573e-06
1.8098515000019687e-08;8.145508000161498e-08;2.1912175000761635e-07;1.3209850000566802e-06
1.8332409999857192e-08;8.113643999677151e-08;1.958470999961719e-07;1.252980999997817e-06
1.9438375000027008e-08;6.782780000357889e-08;2.111369000049308e-07;1.3552130000607576e-06
1.828405499982182e-08;7.578370000119321e-08;2.0346114999847488e-07;1.4280655000766274e-06
1.8123580000246876e-08;7.550217999960295e-08;2.1750065000378527e-07;1.5901735000079497e-06
2.0078739999735263e-08;8.183015999966301e-08;2.0056640001712366e-07;1.3926310000533703e-06
1.797834500030149e-08;7.186210000072606e-08;2.099817999987863e-07;1.4930199999071193e-06
1.9481154999812135e-08;8.243042000103742e-08;2.0158729999093338e-07;1.39521799996146e-06
1.709174499992514e-08;7.206872000242583e-08;1.9241714999952819e-07;1.3080759999866133e-06
1.9735260000743438e-08;7.187643999932334e-08;1.9344264999381266e-07;1.3469695000094362e-06
1.7072465000092054e-08;7.98543399956543e-08;2.0530124999640975e-07;1.4630330000363757e-06
2.39977799996268e-08;8.634238000377081e-08;2.1301960002165288e-07;1.477067500090925e-06
1.993366000097012e-08;8.652244000113569e-08;2.683301999932155e-07;1.5576735000649932e-06
1.7939039999328087e-08;7.746527999988757e-08;2.3061949998373167e-07;1.491256000008434e-06
2.1635930000047666e-08;7.851376000326126e-08;2.1505620001698844e-07;1.5414155001053587e-06
2.0245509999222123e-08;8.347604000009596e-08;2.402740999823436e-07;1.5309930000512394e-06
2.1561100000690202e-08;7.886081999749877e-08;2.619919000135269e-07;1.4717609999934211e-06
2.084872999985237e-08;7.731406000093557e-08;2.382614999951329e-07;1.3454854999145028e-06
2.0464050000009592e-08;7.544900000211782e-08;2.0383805000165012e-07;1.5100104999146425e-06
2.223554000083823e-08;9.1081180004403e-08;2.6904539999668485e-07;1.4794875000370665e-06
2.517948000167962e-08;6.832784000434913e-08;2.471860999939963e-07;1.4389599999412895e-06
2.1188469999469815e-08;8.357848000014201e-08;2.522915999870747e-07;1.4455135000753216e-06
2.0064690001890996e-08;7.100908000138589e-08;2.1451029999298044e-07;1.4529174999915994e-06
1.748766499949852e-08;6.645053999964148e-08;2.3355969999101944e-07;1.3989829999627545e-06
2.1215680000022986e-08;8.007765999645926e-08;2.5965540000470355e-07;1.386499000072945e-06
2.2409499998320826e-08;7.223017999785952e-08;2.4306899998919106e-07;1.394979000033345e-06
2.1846579998964445e-08;7.160246000275947e-08;2.74540899990825e-07;1.5668970000115223e-06
1.8079724999552127e-08;7.970831999555231e-08;2.2601290000602604e-07;1.315263500000583e-06
1.6800050000892952e-08;7.062530000112019e-08;2.0413840000401252e-07;1.472856999898795e-06
2.1226805000333115e-08;7.719585999730043e-08;2.0683685000403783e-07;1.4690625001094305e-06
1.7233640000631567e-08;7.249091999838129e-08;2.1671619999688118e-07;1.547982000047341e-06
1.996380499913357e-08;7.617618000367656e-08;2.4400090001290666e-07;1.4604430001054424e-06
1.9670440000481904e-08;7.052568000508472e-08;2.1401779999723658e-07;1.3654425001004711e-06
2.0897240001067985e-08;7.995955999940634e-08;2.225536999758333e-07;1.4435259999299888e-06
2.1623430000909137e-08;7.519833999685943e-08;2.0437505000154488e-07;1.5856050000002141e-06
2.1578559999761636e-08;7.567617999739013e-08;2.0387310002115556e-07;1.574018499959493e-06
2.220182000019122e-08;8.824827999924309e-08;2.679827999963891e-07;1.6378844999417196e-06
2.0411109999986367e-08;7.35932599985972e-08;2.611388000077568e-07;1.4309815000160597e-06
2.2824080000282266e-08;7.441427999874577e-08;2.297377999930177e-07;1.5154925000388174e-06
2.3396670000511222e-08;7.916510000359266e-08;2.408082999754697e-07;1.4119139999093022e-06
2.0091359999787527e-08;8.77784599957522e-08;2.187887000036426e-07;1.518433500023093e-06
2.302200999984052e-08;8.350717999855987e-08;2.444188999943435e-07;1.4341550000244752e-06
2.244269999791868e-08;8.216137999552303e-08;2.270247999986168e-07;1.5324805000273045e-06
1.9316885000444017e-08;9.060731999925337e-08;2.7699069998925554e-07;1.5260344999842345e-06
2.5627610000083222e-08;7.754689999856055e-08;2.2576949998619966e-07;1.4415049999661278e-06
2.2382449998985975e-08;7.069280000287108e-08;2.5108600000385194e-07;1.5936664999753703e-06
2.3058219999074935e-08;7.708538000006229e-08;2.846066000056453e-07;1.5576515000429937e-06
2.282701000222005e-08;7.848419999936596e-08;2.858754000044428e-07;1.5164954999636394e-06
1.900396999990335e-08;7.851828000275418e-08;2.0734900000388734e-07;1.6224429999419954e-06
1.9009944998833816e-08;8.994210000382736e-08;2.1139080001739785e-07;1.377039499930106e-06
2.363898000039626e-08;6.846188000054099e-08;2.5865380000323055e-07;1.511832999967737e-06
2.1064540001680142e-08;9.362748000421562e-08;2.6655810000374914e-07;1.6022385000542273e-06
2.1373074999428355e-08;6.976698000216856e-08;2.0571469998685644e-07;1.5446369998971932e-06
2.251615999848582e-08;8.241721999947913e-08;2.6964390001376157e-07;1.7551104999438393e-06
2.0517620000464376e-08;8.725313999457285e-08;3.234216000128072e-07;1.6606509999837727e-06
1.6774390000500716e-08;8.540455999900587e-08;2.9995169999892825e-07;1.5881905000424014e-06
2.0827264999388717e-08;8.705565999844112e-08;2.618032000027597e-07;1.5561914999852888e-06
2.026278999983333e-08;7.736700000241398e-08;2.3320060002151877e-07;1.4832405000925064e-06
2.061579500004882e-08;7.897110000485554e-08;2.0847650000359863e-07;1.5778399999544491e-06
1.876849499967648e-08;7.255478000151925e-08;2.1636759999091737e-07;1.3836125000671017e-06
1.8272175001038703e-08;8.047353999572806e-08;2.57814500015229e-07;1.6229670000029728e-06
1.9054315000539647e-08;8.020555999828503e-08;2.969875000126194e-07;1.5708995000750293e-06
1.6515550001349766e-08;7.25970600033179e-08;2.6096060001873413e-07;1.5682060000835918e-06
1.7657614999916403e-08;7.850500000058673e-08;2.3189960001036526e-07;1.4438574999803677e-06
1.6858584999863524e-08;6.900607999996282e-08;2.940242000040598e-07;1.6435355000430719e-06
1.7295004999323282e-08;7.818105999613181e-08;2.784373000031337e-07;1.5854504999879282e-06
2.038013999990653e-08;7.480801999918186e-08;2.864525000040885e-07;1.4776925000478514e-06
1.7931169999064877e-08;8.016388000105508e-08;2.657605000131298e-07;1.515359500044724e-06
2.0448440001928248e-08;7.341171999578364e-08;2.7547419999609704e-07;1.4884039999742527e-06
1.9722929999988993e-08;7.763606000225991e-08;2.6177740001003257e-07;1.4953594999678898e-06
2.3778699999093077e-08;7.70570199994836e-08;2.631090999930166e-07;1.5477910000481642e-06
2.0517820000532083e-08;6.750284000299872e-08;2.2931910000625066e-07;1.4768730000650975e-06
1.819682500063209e-08;7.585408000159078e-08;2.1836100000655278e-07;1.5240295001422054e-06
1.8223494999983813e-08;7.113355999463238e-08;2.4680319998878986e-07;1.6372514999238774e-06
2.0932639998500236e-08;7.811338000465185e-08;2.438861000118777e-07;1.5710440000111703e-06
1.708478000073228e-08;6.977945999824443e-08;2.2998020000522956e-07;1.5679374999308492e-06
1.871621499885805e-08;7.250834000296891e-08;2.2859300000709482e-07;1.3939265000226443e-06
1.992649000021629e-08;6.607916000066326e-08;2.459400999941863e-07;1.5376070000638719e-06
1.7305305000627413e-08;7.861654000007547e-08;2.3709449998568743e-07;1.6068689999519847e-06
2.0184784999582915e-08;6.591934000025504e-08;2.7462039998499675e-07;1.436305499955779e-06
1.7853715000092053e-08;8.093760000192561e-08;2.5259790002019144e-07;1.4110985001025255e-06
1.531931500067003e-08;6.739640000159852e-08;2.236884000012651e-07;1.5451279999979307e-06
1.752639500045916e-08;7.765399999916553e-08;2.7700619999086485e-07;1.3718029999290593e-06
1.795412500068778e-08;7.252003999892622e-08;2.979996999783907e-07;1.4780349998909515e-06
1.9001104999915697e-08;6.945270000142045e-08;2.3442920000525192e-07;1.514028999954462e-06
1.833403999917209e-08;7.47683199995663e-08;2.2998929998720997e-07;1.4601490000495687e-06
2.057554999773856e-08;7.087390000233426e-08;2.5133070000447335e-07;1.4019550000375603e-06
1.6447570000309496e-08;7.451354000368155e-08;2.2825859999284147e-07;1.4212814999336842e-06
1.6640644999279174e-08;7.413702000048943e-08;2.223025000130292e-07;1.36168050012202e-06
1.957865499862237e-08;6.96175800054334e-08;2.6816520001739266e-07;1.4879440001095645e-06
1.9237854999664704e-08;6.718071999493987e-08;2.5670250001712704e-07;1.630489499948453e-06
1.8582164999679663e-08;9.271165999816731e-08;2.762878999928944e-07;1.5374054999847432e-06
2.296809999970719e-08;8.316503999521956e-08;2.1692830001120455e-07;1.5091204999771436e-06
2.1683844999643043e-08;8.287729999865405e-08;2.4787829999695533e-07;1.4404264999029692e-06
2.1943800000008196e-08;7.685476000187918e-08;3.008947999915108e-07;1.3950330000079702e-06
1.9502815000305418e-08;7.694383999914862e-08;2.3212540001259185e-07;1.8491354999423493e-06
2.4257939998642542e-08;8.612305999849923e-08;3.146348000154831e-07;1.5814640000462532e-06
2.4774460001208354e-08;7.634979999857023e-08;3.1625889998395e-07;1.5891800000099465e-06
2.0900890001212247e-08;8.25269999972079e-08;2.471917000075337e-07;1.5265125001315027e-06
2.1807750000152736e-08;7.457604000228457e-08;2.25138199981302e-07;1.6695844999048858e-06
1.764837499940768e-08;7.401757999905384e-08;2.6795110001694413e-07;1.5257150000252296e-06
1.8606704998819624e-08;8.025613999925554e-08;2.520037999784108e-07;1.4508250000653789e-06
2.3086004999640862e-08;8.934171999571844e-08;3.072872000047937e-07;1.4835440000751988e-06
1.775692500086734e-08;8.694712000433356e-08;2.473231999902055e-07;1.573735999991186e-06
2.360235000087414e-08;7.626386000192725e-08;2.1137010000529698e-07;1.5198490000329912e-06
2.028547000081744e-08;6.887641999637708e-08;2.635739000106696e-07;1.3768335001077503e-06
2.0010479999473317e-08;7.711446000030264e-08;3.2789970000158066e-07;1.6151825000997632e-06
2.1035929999197835e-08;7.479748000041581e-08;2.0192019999376497e-07;1.5958195000712294e-06
2.1244694999768397e-08;6.897100000060163e-08;3.0022829998051746e-07;1.6647979999834207e-06
1.7839549999916926e-08;6.710569999995642e-08;2.8578649999690243e-07;1.5735459999996238e-06
2.045648499915842e-08;7.130644000135362e-08;2.577393000246957e-07;1.4081795001402497e-06
2.1965760001330635e-08;7.718015999998897e-08;2.1913389998371713e-07;1.4723735000006856e-06
1.9479485000192655e-08;7.872082000249065e-08;2.486616999958642e-07;1.4718324999557808e-06
2.0005899999523536e-08;7.619764000410214e-08;2.938060000014957e-07;1.6542560000380034e-06
2.0798274999833664e-08;8.646645999979228e-08;2.910625000076834e-07;1.7417270000441932e-06
2.46006600005785e-08;7.366719999699853e-08;2.980090999917593e-07;1.515394500020193e-06
2.1868359998916274e-08;7.826604000292718e-08;3.2185999999637713e-07;1.5336324999225327e-06
2.0873369999753778e-08;9.094425999792293e-08;2.7266859999508596e-07;1.6722474999551195e-06
2.171939999971073e-08;7.746491999714636e-08;2.526858999917749e-07;1.4368159999139607e-06
1.9113490000017918e-08;7.747994000092149e-08;2.551693000132218e-07;1.4549255000019912e-06
1.74640149998595e-08;7.010384000022896e-08;2.837761999981012e-07;1.5228660000138915e-06
1.758445499872323e-08;7.851657999563032e-08;2.1467250000569039e-07;1.40095549999387e-06
1.655624999984866e-08;7.257577999844216e-08;2.515683000092395e-07;1.395916000037687e-06
1.7756489999010226e-08;6.969305999809876e-08;2.388787000090815e-07;1.5220929999486544e-06
1.8652935000136496e-08;7.304880000301637e-08;2.4182649998692795e-07;1.6620685000088998e-06
2.0560809999005868e-08;6.884313999908045e-08;2.7189619999262507e-07;1.6293534998840186e-06
2.0006470000953413e-08;7.74641599971801e-08;2.562289999914356e-07;1.4349710001260974e-06
2.047318999975687e-08;7.533154000411742e-08;2.5241539999842645e-07;1.448242000042228e-06
1.8487399999867195e-08;7.461168000008911e-08;2.53831000009086e-07;1.3691604998894036e-06
1.8467869999585674e-08;6.899451999925077e-08;2.881723000027705e-07;1.5090525000414345e-06
1.6935900000680705e-08;7.123053999966942e-08;2.2118230001069605e-07;1.5766435000114143e-06
2.0340600001509302e-08;7.423266000114381e-08;2.907526000053622e-07;1.4860960000078193e-06
2.123419000126887e-08;8.227141999523156e-08;2.5265360000776127e-07;1.5481574999284931e-06
1.9648489999235608e-08;7.748186000389978e-08;2.931318999908399e-07;1.5422064998710993e-06
1.692198500095401e-08;7.911282000131905e-08;2.982186999870464e-07;1.5438939999148715e-06
2.0591170000261627e-08;7.485623999964446e-08;2.5014640000881625e-07;1.660346499993466e-06
2.1484639999107457e-08;8.154370000120252e-08;2.862598999927286e-07;1.4927265000005719e-06
1.97123100006138e-08;7.946915999636985e-08;2.6050410000607374e-07;1.5612910001073034e-06
1.9001335000211838e-08;7.380365999997594e-08;2.639766999927815e-07;1.4601209999818821e-06
2.0625795000523794e-08;8.076308000017889e-08;2.6086430001305416e-07;1.6718535000109114e-06
2.0005670000682584e-08;7.477726000361144e-08;2.377954999974463e-07;1.5178970000124537e-06
2.172337000083644e-08;7.520221999729984e-08;2.4485529999947175e-07;1.644098499964457e-06
2.2412725001049694e-08;7.719980000401848e-08;2.76570999994874e-07;1.492868999921484e-06
1.9868585000222082e-08;6.906724000000395e-08;2.4517380000906996e-07;1.4782354999624658e-06
1.7144145000202114e-08;6.770236000302248e-08;2.2987959999591113e-07;1.605697000049986e-06
1.960747500124853e-08;7.800465999753214e-08;3.0089119999320246e-07;1.469191500073066e-06
1.7141525000624825e-08;8.370386000024155e-08;3.069359000073746e-07;1.4825679999194107e-06
1.8741685000713915e-08;8.199869999662042e-08;2.5266650001867677e-07;1.7470324999885633e-06
1.897072499996284e-08;8.138451999984682e-08;2.8293720001238396e-07;1.452347500016913e-06
2.1109974999853874e-08;7.073821999947541e-08;2.683121000009123e-07;1.5567609999561682e-06
2.012504999875091e-08;7.646960000274703e-08;2.324955000076443e-07;1.5836844999284948e-06
1.6525150000234134e-08;8.072973999660462e-08;3.0459870002232494e-07;1.421173499984434e-06
1.9311015000857877e-08;8.03976800001692e-08;2.735543000162579e-07;1.648111999966204e-06
1.9479979999596253e-08;7.669303999864497e-08;1.5123629999288823e-07;7.215642000082881e-07
2.191373000096064e-08;8.017765999538824e-08;1.9875715000671334e-07;7.207880000350997e-07
2.060685000033118e-08;7.200159999774769e-08;1.581283999985317e-07;6.81676400010474e-07
2.0151970000006258e-08;7.323023999924771e-08;1.6699114999209997e-07;7.118833999847993e-07
1.954721000074642e-08;7.307790000340901e-08;2.1476599999004975e-07;6.849909999873489e-07
2.039937999797985e-08;7.690590000129304e-08;1.917527500045253e-07;7.376213999814354e-07
2.0646039998973718e-08;8.124112000223249e-08;1.824293500103522e-07;7.092892000218853e-07
1.889921499969205e-08;7.865946000092663e-08;2.1407990000443533e-07;7.499977999832481e-07
1.9159450000734067e-08;8.331082000513561e-08;1.958460500027286e-07;7.426265999674797e-07
2.2406100001535377e-08;8.429554000031203e-08;2.046552499959944e-07;7.790191999520175e-07
2.441032000060659e-08;7.459216000279412e-08;1.8826560000889004e-07;6.510005999589339e-07
2.049524000030942e-08;6.799893999705092e-08;1.8596484999579842e-07;6.487303999601864e-07
2.2287980001419784e-08;7.491657999926247e-08;2.1071629998914432e-07;7.524370000464842e-07
2.0786329999100416e-08;7.983165999758058e-08;2.2979610000038518e-07;7.555546000367031e-07
1.582351500110235e-08;7.966135999886319e-08;1.5548975000274366e-07;7.713322000345215e-07
1.801504000031855e-08;7.771798000321723e-08;1.6018955000618007e-07;8.035807999549434e-07
2.2153350000735372e-08;8.830208000144921e-08;2.037574999849312e-07;7.241225999896414e-07
2.051549000025261e-08;6.645577999879605e-08;1.662610500061419e-07;6.402655999991111e-07
1.8467724999936762e-08;6.548865999793633e-08;1.9617845000175292e-07;8.072932000504807e-07
2.1343319999868982e-08;7.501331999665126e-08;1.4956385000550655e-07;7.334387999726459e-07
2.0128910001949406e-08;8.33431200007908e-08;1.9882784999208524e-07;7.246185999829322e-07
2.0182290000957437e-08;8.136510000331327e-08;1.7576860000554007e-07;6.658935999730601e-07
2.0118830000865272e-08;7.20459399977699e-08;1.8361009999352973e-07;6.987718000309542e-07
1.6778379998868333e-08;6.939807999879121e-08;1.663030999916373e-07;6.706432000501081e-07
1.5596354998706376e-08;7.042618000414222e-08;1.6493255000386853e-07;7.049994000117295e-07
1.8754689999332186e-08;7.137411999865436e-08;1.573890499857953e-07;6.45513600029517e-07
1.629594999976689e-08;6.672103999881074e-08;1.661863000044832e-07;7.182186000281945e-07
1.6588869999395684e-08;7.461533999885432e-08;1.621558499900857e-07;7.234518000041135e-07
1.7679845000384375e-08;6.831004000268877e-08;1.7542184999911115e-07;7.608404000056908e-07
1.7686224999488332e-08;6.296627999981865e-08;1.673204000107944e-07;7.205987999914214e-07
1.8505400000140073e-08;6.631818000460044e-08;1.7809799998940434e-07;6.623804000555538e-07
2.0013929999549872e-08;7.488351999782026e-08;1.9140350000816397e-07;7.269144000019878e-07
1.842937500041444e-08;7.340333999600261e-08;1.5503524999076034e-07;6.934383999905549e-07
1.9533215000410565e-08;8.249551999615506e-08;1.7237839999143033e-07;6.622761999606155e-07
1.8682750000152736e-08;8.01605999993626e-08;1.7006735000177288e-07;6.508004000061191e-07
1.853325499978382e-08;7.793671999825165e-08;1.8069375000777654e-07;6.945081999874674e-07
1.7337989999214188e-08;6.927241999655962e-08;1.6199274999962654e-07;6.684132000082172e-07
1.752383999992162e-08;6.397194000310265e-08;1.5674664999824018e-07;6.106036000419408e-07
1.818046999978833e-08;6.853684000088833e-08;1.5473655000096186e-07;6.795808000024408e-07
1.6842185000132305e-08;6.982716000056826e-08;1.724716000026092e-07;6.925429999828339e-07
1.6146560000197495e-08;7.736207999987527e-08;1.6549585000029765e-07;7.310602000216022e-07
1.774342999997316e-08;7.79824799974449e-08;1.6851360000146087e-07;7.080310000455938e-07
1.7898390001209918e-08;6.168760000145994e-08;1.5863304999948014e-07;6.917151999659836e-07
1.715369000012288e-08;6.857650000019931e-08;1.7296895000617952e-07;6.875919999438338e-07
1.793819499871461e-08;7.457463999744505e-08;1.5326580000692048e-07;7.134394000167958e-07
1.6657850000774487e-08;6.652829999802634e-08;1.633713499904843e-07;6.860883999615908e-07
2.0341139999800363e-08;7.008309999946504e-08;1.6199044999666513e-07;6.903266000445001e-07
1.863679000089178e-08;6.803856000187807e-08;1.5497050000703893e-07;6.391545999795198e-07
1.6787595000641887e-08;6.590964000206441e-08;1.4921370000229218e-07;6.859975999686867e-07
1.6125259999535046e-08;7.315483999554999e-08;1.6848589999426622e-07;7.036101999692619e-07
1.8578250000427943e-08;7.167754000402056e-08;2.0970169999054632e-07;6.349574000341818e-07
2.10322399972938e-08;7.677849999745377e-08;1.8489109999791254e-07;7.166900000302121e-07
1.8075624998891726e-08;7.163464000332169e-08;1.748691999964649e-07;6.643530000001192e-07
1.619838499900652e-08;7.747628000215628e-08;1.595872000034433e-07;7.051711999811232e-07
2.054490500013344e-08;7.451963999774307e-08;1.654003500007093e-07;6.978453999618068e-07
1.794880999950692e-08;7.897993999649771e-08;1.6886920000251848e-07;6.956278000143356e-07
1.9196300000476186e-08;7.882287999964319e-08;1.5706374999717809e-07;7.036271999822929e-07
1.7369139999209437e-08;7.329429999808781e-08;1.5662264999991748e-07;7.616169999819249e-07
1.8209945000126027e-08;7.454407999757678e-08;1.687870000023395e-07;7.181412000209093e-07
1.911192500119796e-08;7.465179999708199e-08;1.5905410000414123e-07;7.305918000056409e-07
2.0519589999457822e-08;7.70801400009077e-08;1.498085000057472e-07;8.060714000021107e-07
2.204285999760032e-08;6.971554000047035e-08;1.7304829999920911e-07;7.369869999820366e-07
2.0957970002200454e-08;6.691246000118554e-08;1.6814109998813364e-07;6.633978000027128e-07
1.752334499906283e-08;7.547767999931238e-08;1.8949820000852923e-07;7.180649999645538e-07
1.725598000048194e-08;6.562059999560005e-08;1.7285420000553132e-07;7.180891999742017e-07
2.0410405000438914e-08;7.602869999827818e-08;1.7200104999938048e-07;7.480156000237912e-07
2.0664859999669715e-08;8.158264000085183e-08;1.5974460000870748e-07;7.727541999774985e-07
2.1303290000651033e-08;7.997533999732695e-08;1.6439864999847485e-07;7.324666000204161e-07
2.0179340001777744e-08;7.801329999929294e-08;1.772686500044074e-07;7.120536000002175e-07
1.8929874998866582e-08;7.689694000291639e-08;1.8894059999729506e-07;7.550092000165023e-07
2.0725960000709165e-08;7.329228000016883e-08;1.6363034999812953e-07;7.323473999858834e-07
2.0350909998524e-08;6.93777600012254e-08;2.017030999995768e-07;7.303227999946103e-07
2.141602000046987e-08;7.328354000346735e-08;1.763490000012098e-07;7.104518000269309e-07
2.2714040000573733e-08;7.423504000180401e-08;1.6669854999054223e-07;7.068279999657534e-07
2.1726800000760704e-08;8.343112000147813e-08;1.637440000049537e-07;6.724982000305318e-07
1.9816094999259803e-08;7.73198599985335e-08;1.8441085000813473e-07;7.218038000282831e-07
1.8483139999443664e-08;6.676255999482237e-08;1.6569059999892488e-07;7.432283999514766e-07
1.7651580000529065e-08;6.560579999932088e-08;1.7586265000863933e-07;6.465613999753259e-07
1.688445000036154e-08;7.306391999591142e-08;1.630392499937443e-07;7.652536000241525e-07
1.7013770001358352e-08;7.211005999706685e-08;2.2054320000461302e-07;7.025187999824993e-07
1.777163500082679e-08;7.508617999847048e-08;2.4171040000510404e-07;6.802831999957562e-07
1.636161000060383e-08;7.939416000153869e-08;1.7959635000443087e-07;7.76856999960728e-07
2.0591230000718495e-08;7.760854000225663e-08;1.6918020001321564e-07;7.626017999718897e-07
1.7312580000725576e-08;7.753075999789871e-08;1.7069220000121278e-07;7.018439999665133e-07
2.0258060001651755e-08;7.731437999755144e-08;1.652195000060601e-07;7.04609000007622e-07
2.0181769999908283e-08;6.658450000104494e-08;1.6440024999610613e-07;6.601101999985986e-07
1.9369270000606776e-08;6.91852200019639e-08;1.7133045000082348e-07;6.806216000113636e-07
2.199112999951467e-08;7.51920800015796e-08;1.559115499985637e-07;7.352420000243001e-07
2.161777000001166e-08;7.360648000030779e-08;1.537028500024462e-07;7.197538000182249e-07
1.8166104999545496e-08;6.84951200033538e-08;1.53144700001576e-07;6.658118000486866e-07
1.8327520000457298e-08;6.784621999831871e-08;1.5545135000138543e-07;6.791659999871627e-07
1.6606055000738706e-08;7.260096000391058e-08;1.7105650001030882e-07;6.913445999962278e-07
1.8132314999820665e-08;7.206928000086918e-08;1.6078424999432173e-07;6.727841999963857e-07
1.8085474999679718e-08;5.994749999954365e-08;1.6833334999682847e-07;6.673606000258587e-07
1.9036269999924117e-08;7.508893999620341e-08;1.6334595000080298e-07;6.727928000036628e-07
1.6791015000490005e-08;6.849174000089988e-08;1.675736000033794e-07;7.144145999918691e-07
1.7546734999632464e-08;7.73042400018312e-08;1.6356654999253807e-07;6.930630000424571e-07
1.839607000001706e-08;7.230227999971248e-08;1.601422500098124e-07;7.33490599959623e-07
1.725028999935603e-08;7.572970000328497e-08;1.685235999902943e-07;6.896644000080414e-07
1.810066499892855e-08;6.79792599985376e-08;1.7010629999276716e-07;7.063456000178121e-07
1.6147054999601097e-08;7.485412000096403e-08;2.721839000005275e-07;1.4094154999474995e-06
1.9237710000015796e-08;7.28224600024987e-08;2.234673000057228e-07;1.2718485000368673e-06
1.952426999923773e-08;7.012564000324347e-08;2.937783000234049e-07;1.309729999920819e-06
2.0325950000551528e-08;7.974750000284985e-08;3.179218000150286e-07;1.5104100000462495e-06
1.7599645000882448e-08;7.292965999804438e-08;2.710335000010673e-07;1.3197445000696461e-06
1.7898450000211596e-08;7.213793999981135e-08;2.6134169998113066e-07;1.3851945000351407e-06
1.8979835000936874e-08;7.465008000144735e-08;2.308197999955155e-07;1.403195000020787e-06
1.75298300004215e-08;6.692956000333653e-08;2.4933240000973457e-07;1.305597500031581e-06
1.8832045000453944e-08;6.802052000421099e-08;2.6158259998192077e-07;1.2797319999663159e-06
1.8451530000311322e-08;6.738537999917752e-08;2.5405950000276786e-07;1.3148419999924955e-06
1.814003500039689e-08;7.883171999710612e-08;2.630540999816731e-07;1.2751845001184846e-06
1.827305000042543e-08;6.804312000167556e-08;2.2945489999256098e-07;1.3267360000463669e-06
1.662023500102805e-08;6.826622000080533e-08;2.5219479997758754e-07;1.3172104999830482e-06
1.7018035000364762e-08;7.361377999768593e-08;2.8013080000528135e-07;1.363454499951331e-06
1.7540254999767058e-08;7.105691999895499e-08;2.5457099999766797e-07;1.2748274998739362e-06
1.8355410000367556e-08;7.087013999698684e-08;2.4735590000636875e-07;1.3667994999559597e-06
2.008270999940578e-08;7.74896599992644e-08;2.3119709998718462e-07;1.2988415001018438e-06
1.736754000012297e-08;7.441152000101284e-08;2.5052030000369997e-07;1.2919429999601562e-06
1.7069815000286324e-08;7.457990000257268e-08;2.691419000038877e-07;1.1908635000872891e-06
1.7592330000479704e-08;7.237985999672673e-08;2.5910450000083073e-07;1.180888000089908e-06
1.8017895000230055e-08;6.684667999506928e-08;2.4058270000386983e-07;1.4381779999530408e-06
1.7643730000418145e-08;7.96139599988237e-08;2.4281679998966867e-07;1.3826754999172408e-06
1.7429395001090598e-08;6.866571999853477e-08;2.6900669999304225e-07;1.3608145000762307e-06
1.594996999920113e-08;7.34269000007771e-08;2.2840449999785052e-07;1.3356539999949745e-06
1.74796499995864e-08;7.444013999775052e-08;2.747827999992296e-07;1.2973824999062344e-06
1.808467000082601e-08;7.263137999689206e-08;2.3441440000897274e-07;1.247129999974277e-06
1.7886640000506305e-08;7.379684000043198e-08;2.742436999978963e-07;1.3942940000561066e-06
1.8226945000060368e-08;7.702405999880285e-08;2.3339209999539889e-07;1.391899000009289e-06
1.7277145000116434e-08;7.506969999521971e-08;2.8432629999588244e-07;1.345564000075683e-06
1.771130999986781e-08;8.14511800010223e-08;2.7530470001511275e-07;1.333831500087399e-06
1.9270220000180415e-08;7.931057999958284e-08;2.5187959999311715e-07;1.2127355000120589e-06
1.8196425000496675e-08;7.151795999961905e-08;2.413827999844216e-07;1.3984195000375621e-06
1.7465904999698978e-08;6.682528000092133e-08;2.2969010000815614e-07;1.3459625000541564e-06
1.9292260000656826e-08;7.830362000386231e-08;2.29733899992425e-07;1.301256500009913e-06
2.0106600000872276e-08;7.165311999851838e-08;2.465797000040766e-07;1.2260719999903814e-06
1.5656279999529944e-08;6.793355999980122e-08;2.2254640000755898e-07;1.2633095000637695e-06
1.829285000130767e-08;7.11596799956169e-08;2.8142980000120587e-07;1.5296639999723992e-06
2.0532549999188633e-08;7.69049399998039e-08;2.694484000094235e-07;1.486336000089068e-06
2.1727619998273438e-08;7.577854000264779e-08;3.229781000118237e-07;1.3949985000363085e-06
2.3127129999920727e-08;8.152676000026986e-08;2.9144270002143456e-07;1.3801470000180415e-06
1.9650895000086167e-08;7.195924000116065e-08;2.7160469998489134e-07;1.2986089999321848e-06
1.93419699993683e-08;8.31060999946203e-08;2.5672850001137704e-07;1.2952029998996295e-06
2.0954024999809915e-08;8.248583999811672e-08;2.75262399984058e-07;1.4804529999673831e-06
1.9299870000395458e-08;6.878337999805807e-08;2.958478000073228e-07;1.3314209999225569e-06
2.157660499942722e-08;8.496117999893613e-08;2.3081910001928918e-07;1.473221000051126e-06
1.9272845001250972e-08;7.709515999886208e-08;2.4821970000630246e-07;1.4395805000094698e-06
1.9381080000312068e-08;7.69387399952393e-08;2.440899999928661e-07;1.334346999938134e-06
2.2702700001536867e-08;6.579528000438586e-08;2.46994299988728e-07;1.4027649999479763e-06
2.0549030000984203e-08;7.688601999543608e-08;3.053933999908622e-07;1.3992945000063627e-06
2.065985999943223e-08;8.35661599994637e-08;3.058640999952331e-07;1.4919940000982024e-06
2.1165590001328383e-08;8.104236000217497e-08;2.7822889998788013e-07;1.275521499919705e-06
2.3173139998107216e-08;7.742551999981515e-08;2.672942999924999e-07;1.3996505000977776e-06
1.829284999985248e-08;9.190856000059284e-08;2.8150880002067425e-07;1.4505150000331924e-06
1.973093999986304e-08;8.201754000037909e-08;2.5676879999809897e-07;1.34670150000602e-06
2.0527799999399575e-08;8.968925999943167e-08;2.7109890000429003e-07;1.5102160000242294e-06
2.309753000008641e-08;8.26402600039728e-08;3.373587999958545e-07;1.4993980000144802e-06
2.198495000047842e-08;7.497149999835528e-08;3.069854000059422e-07;1.5229240000189747e-06
1.9970179999654646e-08;7.315267999656499e-08;2.509497000137344e-07;1.4886344999831636e-06
1.7771824999363163e-08;6.836465999949723e-08;2.726917000254616e-07;1.3241444999584929e-06
1.9905875000404193e-08;8.797358000301756e-08;3.022075000044424e-07;1.339684499980649e-06
2.147627999947872e-08;8.871761999907904e-08;2.913388999877498e-07;1.5566389999003149e-06
2.0163359999423848e-08;8.757036000024527e-08;3.0229310001595875e-07;1.3302339999063407e-06
2.3535800000536257e-08;8.205187999992631e-08;3.1274289998691526e-07;1.292511000065133e-06
2.135312500031432e-08;7.994646000443027e-08;3.2420939998701214e-07;1.2749469999107533e-06
2.0299269999668468e-08;8.245738000259734e-08;3.12607100000605e-07;1.324742500000866e-06
2.1787015000882092e-08;6.876248000189662e-08;2.8265490001649596e-07;1.491338000050746e-06
1.734613500011619e-08;8.174782000132837e-08;3.3225669999956153e-07;1.4144549999036826e-06
2.4072569998679683e-08;7.922464000293985e-08;3.273551000165753e-07;1.384663500066381e-06
2.30989799980307e-08;8.015121999778785e-08;2.7187409999896774e-07;1.3522690000536385e-06
2.0329859998309986e-08;9.395806000102312e-08;2.22113800002262e-07;1.5068809999502265e-06
2.17873999994481e-08;8.489309999858961e-08;2.6529360000859013e-07;1.2155404999793972e-06
2.2028799998224712e-08;8.211578000336885e-08;3.292673999967519e-07;1.3798724999651314e-06
2.003481000137981e-08;8.06925000040792e-08;3.282721000141464e-07;1.475886999978684e-06
1.896629000111716e-08;8.64577000029385e-08;2.7781970001524316e-07;1.4262035000137986e-06
2.075738999992609e-08;8.545587999979034e-08;2.847388999944087e-07;1.3930330000584945e-06
2.3917889999574982e-08;8.388997999718413e-08;2.6927829999476673e-07;1.3536149999708869e-06
2.0939829997951166e-08;8.199888000381179e-08;2.7619909998611545e-07;1.3698904999182559e-06
2.1401070000138133e-08;7.254858000087552e-08;2.7984130001277665e-07;1.4289514999836684e-06
2.0881089998874812e-08;8.588683999842033e-08;2.8051129999221303e-07;1.4419089999864809e-06
1.8759844999294727e-08;7.908082000212744e-08;2.5686180000775496e-07;1.2943904999701771e-06
2.0243949998985046e-08;7.225552000454627e-08;2.516507999971509e-07;1.348728500015568e-06
1.794021999958204e-08;7.059780000126921e-08;2.6575550000416116e-07;1.448936499946285e-06
1.7598770000040532e-08;7.635160000063478e-08;2.418054000008851e-07;1.355310999933863e-06
1.813537499983795e-08;7.122059999965132e-08;2.898051000083797e-07;1.3658325000142213e-06
1.7097704998741392e-08;7.6960759999929e-08;2.4137980001978576e-07;1.246664500067709e-06
1.721430000034161e-08;7.008636000100523e-08;2.867392999760341e-07;1.2113015000068117e-06
1.9762385000649375e-08;7.944727999856696e-08;2.6427409998723306e-07;1.3552260000142268e-06
1.8806405000213998e-08;6.941900000092574e-08;2.8545769999618643e-07;1.35556599998381e-06
1.806005499965977e-08;7.550975999911315e-08;2.439517000166234e-07;1.2509500001033303e-06
1.9766074999643022e-08;7.461697999970057e-08;3.269195999891963e-07;1.4353359999950044e-06
1.8510955000238028e-08;8.802389999618753e-08;2.9247669997857883e-07;1.3817900000140072e-06
1.7557910000323317e-08;7.97714399988763e-08;2.8230650001205503e-07;1.4576319999468979e-06
1.9847550000122283e-08;7.647480000159703e-08;2.1920379999210126e-07;1.492222000088077e-06
2.147718500054907e-08;8.125673999893478e-08;2.8479520001565107e-07;1.4481045000138693e-06
2.0658649998949842e-08;6.956829999689944e-08;2.401776000042446e-07;1.2668739999935497e-06
1.9630144999246112e-08;7.76126800046768e-08;2.910155999998096e-07;1.2805635000404435e-06
2.296403500076849e-08;1.0683180000341963e-07;3.1659050000598653e-07;1.4492484999937006e-06
2.1256200000061654e-08;7.572515999781899e-08;2.6050799997756257e-07;1.3714040000922978e-06
2.4907670001266524e-08;9.021726000355556e-08;3.2732060001580977e-07;1.435347500082571e-06
2.001555000024382e-08;8.958721999661066e-08;2.543985999946017e-07;1.4033959999505897e-06
1.891747000045143e-08;9.653826000285335e-08;5.523866000003182e-07;2.097840000060387e-06
2.2993110000970774e-08;8.93060400034301e-08;4.6219120000023394e-07;2.0537829998647795e-06
2.347015499981353e-08;7.406372000114061e-08;4.2298380000283943e-07;1.720095000055153e-06
1.7783205000159795e-08;6.233348000096157e-08;4.3877720000455155e-07;1.7272440000670032e-06
1.82822649992886e-08;8.148739999742247e-08;3.411762999894563e-07;1.8220275000203401e-06
1.927581000054488e-08;8.023129999637604e-08;4.1395920002833007e-07;1.930662999948254e-06
2.1091920000617393e-08;8.128906000056304e-08;4.1682779998518526e-07;1.8259029999899212e-06
2.1297759999288247e-08;7.596786000067369e-08;4.0252180001698433e-07;1.7995135000091977e-06
2.1225359999516512e-08;7.33276599959936e-08;4.480551999877207e-07;1.8853759999910835e-06
1.9495900000038093e-08;9.057470000116155e-08;4.864604999893345e-07;1.8563830001221505e-06
2.00635749992216e-08;1.0058600000047591e-07;4.2953100003069265e-07;1.9249104999471455e-06
2.2983369999565184e-08;9.137017999892123e-08;5.097860000096261e-07;2.0060110001941213e-06
2.0853270002407954e-08;9.974132000352256e-08;4.0292080002836883e-07;1.8923224999161903e-06
1.816757999913534e-08;8.152427999884821e-08;4.140037999604829e-07;1.923389499861514e-06
2.30651800025953e-08;9.7169459995348e-08;4.666906000347808e-07;1.8846489999850746e-06
2.152733000111766e-08;7.770803999737836e-08;4.5192510000197217e-07;1.787688999902457e-06
2.316644000238739e-08;7.926975999725982e-08;4.434283999726176e-07;1.9329794999794105e-06
2.009945999889169e-08;8.784182000090369e-08;5.719479999970644e-07;1.8988515000091865e-06
2.0800379998399875e-08;8.950374000123701e-08;5.108644000138156e-07;1.7553795001003892e-06
2.0427159999962896e-08;9.864039999665693e-08;4.4406740000704305e-07;2.0591289999720175e-06
1.7435119999572634e-08;6.448545999592171e-08;3.8330390001647173e-07;1.80948500012164e-06
1.976723499974469e-08;7.808047999860719e-08;5.19457800022792e-07;2.0067379999090917e-06
1.764497499971185e-08;8.287616000161506e-08;5.374528000247664e-07;1.9012205000035465e-06
2.0980020001297816e-08;7.258632000302896e-08;4.593081999919377e-07;2.0156590000260623e-06
2.119558999838773e-08;7.281832000007853e-08;4.277369999908842e-07;1.8525890000455547e-06
2.0218585000839083e-08;8.545007999637164e-08;4.1610879998188464e-07;1.8516545000602491e-06
2.171334000013303e-08;7.637532000080683e-08;3.876640999806114e-07;1.871197000000393e-06
2.0430594999925232e-08;6.794785999809391e-08;3.847683999920264e-07;1.8234995000238995e-06
1.9354315000236964e-08;7.418290000059642e-08;3.320973000081722e-07;1.8122359999688342e-06
1.8793534999713303e-08;7.105229999870062e-08;4.3475320003926756e-07;1.564100999967195e-06
2.124033000000054e-08;8.01768400007859e-08;4.375154000008479e-07;1.722639000072377e-06
1.6598104999866335e-08;7.501720000291243e-08;4.081335999944713e-07;1.7382285000348929e-06
1.944404000096256e-08;8.623097999952734e-08;3.616040000051726e-07;1.9904024999414105e-06
2.3135460002231412e-08;8.548144000233152e-08;4.086430000024848e-07;1.909231500030728e-06
1.5724459999182726e-08;7.676721999887377e-08;4.126379999797791e-07;1.8685304999235086e-06
2.079270000103861e-08;8.826634000288323e-08;4.897017999901436e-07;1.7992175000836142e-06
2.1761789999436587e-08;7.496640000026673e-08;4.306510000023991e-07;1.7805370000132824e-06
2.1856924999156035e-08;7.510110000148416e-08;4.6569679997628555e-07;1.9544069998664782e-06
2.108005000045523e-08;8.926096000359394e-08;3.9688859999296254e-07;1.7946699999447446e-06
2.0095425000181423e-08;7.432778000365943e-08;4.1375539998989554e-07;2.0834724999440368e-06
2.2609700000612066e-08;8.591927999514155e-08;4.2302879999624567e-07;1.7128554999362676e-06
2.1975689998362214e-08;1.0219525000138674e-07;4.1426419996423646e-07;1.924812000070233e-06
2.0364300001529046e-08;9.085101999808102e-08;4.85257200023625e-07;2.054247999913059e-06
1.8598584999563173e-08;8.243122000130825e-08;4.567983000015374e-07;1.7229834999307059e-06
2.0043369999621064e-08;7.221207999973558e-08;5.308877999777906e-07;2.0143685000948607e-06
2.0240259999991395e-08;7.45550199993886e-08;3.439559999969788e-07;1.9164985000679734e-06
1.7228605000127573e-08;8.966656000120566e-08;4.616383999818936e-07;1.9189170000026934e-06
1.9751880000694655e-08;8.079456000123173e-08;4.3285280000418424e-07;1.652157500066096e-06
2.2968720001517796e-08;8.921644000220113e-08;4.649708000360988e-07;2.024565000028815e-06
2.2313450000365264e-08;7.346175999846309e-08;4.796757999865804e-07;1.6175364999799059e-06
2.0080374999088234e-08;8.188604000024497e-08;4.951187999686227e-07;1.8011699999624398e-06
1.7160175000026356e-08;6.29203399992548e-08;3.480199000041466e-07;1.6427064999879804e-06
2.057488999853376e-08;8.590791999595239e-08;4.967169999727048e-07;1.8818684999132528e-06
2.0750379998935388e-08;7.500934000127017e-08;4.3997499998658895e-07;1.747400500025833e-06
1.999830999993719e-08;6.768982000066899e-08;3.4903459998895417e-07;1.7653785001311916e-06
1.8057749999570662e-08;7.267299999948591e-08;4.4828479998977857e-07;1.6073424999194686e-06
1.8375579999701587e-08;7.586318000103347e-08;4.183007999672554e-07;1.8624089998775163e-06
2.0308410000870936e-08;7.230073999962769e-08;4.019803999690339e-07;1.9227425000281073e-06
1.956318000011379e-08;8.497325999778696e-08;4.3923840002389626e-07;1.7883010000514332e-06
1.7121549999865237e-08;8.08686000003945e-08;4.19698600017e-07;1.696529000037117e-06
1.564937500079395e-08;7.085109999752604e-08;3.6746750000747854e-07;1.7025700000522192e-06
2.017723000026308e-08;7.324640000006183e-08;3.8807300000917166e-07;1.8464449999737553e-06
2.1146089999820107e-08;7.989231999963521e-08;4.45641300000716e-07;1.7126514999836217e-06
1.678766999975778e-08;6.84895799960941e-08;3.750683999969624e-07;1.5979000000515953e-06
1.829423000017414e-08;7.300834000343456e-08;3.6126289999810977e-07;2.144855000078678e-06
2.096513500000583e-08;8.152699999627657e-08;4.1940660000545904e-07;1.6343884999514557e-06
1.6097364999586716e-08;7.358043999993242e-08;4.119167999888305e-07;1.9039709999924525e-06
1.7615749999822583e-08;7.409736000117846e-08;4.164110000128858e-07;1.8737309999414719e-06
2.0749580000119748e-08;7.80711200030055e-08;4.0234420000342654e-07;1.801405500009423e-06
2.0417189999716358e-08;7.194175999611615e-08;4.0639879996888337e-07;1.7184090000228025e-06
1.7981824999151285e-08;7.442908000084572e-08;3.42716199986171e-07;1.711510500026634e-06
1.6794395000033545e-08;6.893888000049629e-08;4.3296320002991704e-07;2.0647860001190566e-06
2.0353410000097937e-08;8.861402000184171e-08;5.250232000253164e-07;2.1241199999349193e-06
2.0699820001027546e-08;7.67649799992796e-08;3.663173000095412e-07;1.6399569998611697e-06
1.7400985000131187e-08;6.900122000370175e-08;4.039035000023432e-07;1.9223264999163803e-06
2.0622920000459998e-08;7.361344000091777e-08;4.181903999997303e-07;1.8044649998773822e-06
1.7986655001004694e-08;8.050430000294e-08;3.431124000053387e-07;1.7342375000589528e-06
1.909042000042973e-08;7.878867999534122e-08;4.493440000223927e-07;1.7559630000323523e-06
1.7595554998843e-08;7.646311999997124e-08;3.4719219998805786e-07;1.8486049999773968e-06
1.75253250010428e-08;7.687682000105269e-08;3.5922899999422953e-07;1.6726534999907017e-06
1.6249580000294372e-08;7.628565999912097e-08;4.0554180002072825e-07;1.777666000125464e-06
1.8713874999957626e-08;7.20119999954477e-08;4.3042240000795574e-07;1.7518489999929442e-06
2.0250100002158433e-08;6.925279999850318e-08;4.0106340000056663e-07;1.8772149999858812e-06
1.7462479999812784e-08;6.51378599985037e-08;3.6687939998228103e-07;1.7912344999786e-06
1.8477414999506435e-08;7.042521999683231e-08;3.776303000049666e-07;1.6163219998998103e-06
1.7022805000306107e-08;7.539376000058837e-08;4.5335359999444336e-07;1.7540490000101273e-06
1.6522685000381897e-08;7.079820000217296e-08;3.767315000004601e-07;1.851158000063151e-06
2.1435449999989942e-08;7.428601999999955e-08;3.702615000074729e-07;1.7876799999794456e-06
2.0865080002113246e-08;7.764050000114367e-08;3.682283999805804e-07;1.78792999999132e-06
1.8520999999600463e-08;6.991536000277848e-08;3.9909039999474774e-07;2.0304574999317993e-06
2.131694999989122e-08;6.806894000037573e-08;3.221674999804236e-07;1.8860090000089259e-06
1.87105100005283e-08;8.302520000142977e-08;4.2993610000121405e-07;1.8605864999699407e-06
2.0378909999271854e-08;7.876578000141308e-08;3.439989000034984e-07;1.627192500018282e-06
1.5956055000424385e-08;6.530684000463224e-08;3.784612999879755e-07;1.7279255000175907e-06
1.817226999992272e-08;7.422923999838531e-08;3.857865000027232e-07;1.7618485000275542e-06
1.7943134999950416e-08;6.676698000519537e-08;3.6673290000180713e-07;1.6503114999795798e-06
2.0052764999854845e-08;7.813459999742917e-08;4.3890360003570093e-07;1.8621080000593793e-06
1.9576629999210127e-08;7.283768000197597e-08;4.5699259999673816e-07;1.92499750002753e-06
2.064019000099506e-08;7.570247999974526e-08;4.004258000059053e-07;1.6982940000889357e-06
2.135724499967182e-08;9.188389999908395e-08;4.4942959997570143e-07;1.8671860000176822e-06
2.0512389999930746e-08;8.401563999941573e-08;7.294427999877371e-07;2.5297440000576898e-06
1.8478689999028576e-08;8.11273200029973e-08;6.834809999563731e-07;2.0809485000791027e-06
2.3303440000745467e-08;7.427753999945708e-08;7.158255999675021e-07;2.486371999839321e-06
1.957989000075031e-08;7.576249999692663e-08;6.368929999880492e-07;2.110949000052642e-06
2.0277735000126995e-08;7.897725999937393e-08;6.531481999554671e-07;2.443968000006862e-06
2.3072130000218748e-08;8.792797999922187e-08;8.280407999991439e-07;2.513334999966901e-06
2.1338010000181383e-08;8.52238200022839e-08;7.243790000211448e-07;2.67105899984017e-06
1.919585499999812e-08;1.0128960000292864e-07;7.380031999782659e-07;2.6553840000997297e-06
2.0765570001094602e-08;1.0132164999959059e-07;8.802281999960542e-07;2.571386999916285e-06
1.8923039999208414e-08;9.265390000073239e-08;7.409514000173658e-07;2.429324999975506e-06
2.4344819999532775e-08;9.538389999652281e-08;8.838785999687389e-07;2.278404000098817e-06
2.1431130002019926e-08;8.903734000050463e-08;9.380780000356026e-07;2.2950759998639115e-06
2.176131500018528e-08;8.382112000253983e-08;7.865936000016518e-07;2.0979829999851064e-06
2.1012910001445563e-08;1.0254069999791682e-07;8.60458999988623e-07;2.327318000025116e-06
2.2962999998708257e-08;1.067336500127567e-07;9.174715999979526e-07;2.1961229998851195e-06
2.1780740001122466e-08;9.868965999921783e-08;8.813726000371389e-07;2.2649709999677727e-06
2.6097960001789033e-08;9.963945999625139e-08;8.453753999783657e-07;2.7005910000298172e-06
2.3064430002705194e-08;8.951892000040971e-08;8.175148000009358e-07;2.375348999921698e-06
2.274864999926649e-08;9.106509999837726e-08;7.813853999832645e-07;2.6244069999665954e-06
2.203866000054404e-08;8.925440000020899e-08;8.600126000237651e-07;2.3878590000094846e-06
2.240307999891229e-08;8.804885999998077e-08;7.766101999441162e-07;2.1335000000544824e-06
2.0040159998461604e-08;9.463614000123926e-08;7.220080000115559e-07;2.6227769997785798e-06
1.8102189998899122e-08;7.845321999629959e-08;7.043241999926977e-07;2.225273000076413e-06
2.1353439999802503e-08;8.275478000286967e-08;6.718953999807127e-07;2.7011290000518782e-06
2.5256229998194614e-08;8.143469999777153e-08;6.971482000080868e-07;2.0821800001431257e-06
2.070990000065649e-08;7.860678000142798e-08;8.411343999905512e-07;2.09423299995251e-06
2.0898789999773726e-08;8.697158000431955e-08;7.25136199966073e-07;2.2657759999856353e-06
2.279798999952618e-08;8.478202000260353e-08;5.940294000320137e-07;2.793509000039194e-06
1.978065000002971e-08;8.947039999766275e-08;7.316414000233636e-07;2.3485699997399934e-06
2.205882999987807e-08;9.144780000206083e-08;6.454062000266276e-07;2.243065999937244e-06
1.743860999995377e-08;7.019995999871753e-08;5.451254000072367e-07;1.968784000055166e-06
1.729927999986103e-08;7.499860000098124e-08;6.229053999995812e-07;2.0795149999321437e-06
1.7016254999907687e-08;7.574657999793998e-08;6.763171999482438e-07;2.059551999846008e-06
1.738076999899931e-08;8.137436000397429e-08;6.516147999791428e-07;2.1476780000375583e-06
1.62393599995994e-08;7.173171999747865e-08;5.81940800009761e-07;2.501576000067871e-06
1.8795725000381936e-08;7.342729999800213e-08;6.561974000069312e-07;2.1259890001965688e-06
1.699415999901248e-08;7.606361999642104e-08;6.620699999621138e-07;2.2374120002496057e-06
1.683725000038976e-08;7.399663999676705e-08;6.916469999705441e-07;2.150816999783274e-06
1.7003895000379998e-08;8.115945999743417e-08;7.541740000015124e-07;2.354492000013124e-06
1.891532500012545e-08;7.76257599995006e-08;6.538088000379503e-07;2.3478050000267105e-06
1.7556300001160708e-08;7.400482000084594e-08;6.053105999599211e-07;2.174951000197325e-06
1.6704935001325794e-08;7.42610400018748e-08;6.69811200001277e-07;2.2241240000585095e-06
1.72174149993225e-08;7.916673999861814e-08;6.726500000222586e-07;2.4270570001681334e-06
1.938880999950925e-08;8.37848800001666e-08;6.513849999755621e-07;2.207244000164792e-06
1.9354730000486597e-08;6.937534000026062e-08;6.732869999832474e-07;2.2503230001893825e-06
1.7397190000338014e-08;7.982425999944099e-08;6.677881999639795e-07;2.2401360000367274e-06
1.7777249999926425e-08;7.542175999842584e-08;6.278230000170879e-07;2.158087999850977e-06
1.8978524999693035e-08;8.124283999786713e-08;6.32030599983409e-07;2.2198349999962373e-06
1.8323495000367983e-08;8.545935999718495e-08;6.842553999740631e-07;2.2810059998300856e-06
2.1021699999982958e-08;8.180417999974451e-08;6.362025999696926e-07;2.2374230000423266e-06
1.841454999957932e-08;7.402847999474034e-08;6.848067999817431e-07;2.2440770000685007e-06
1.7380194998986555e-08;8.095760000287555e-08;5.594904000172391e-07;2.1020040000439623e-06
2.0257230001152492e-08;7.94861399976071e-08;5.904907999793068e-07;2.195288999937475e-06
1.742513999924995e-08;7.417788000311702e-08;6.202092000166886e-07;2.195738999871537e-06
1.6716189999715427e-08;7.623127999831922e-08;6.786745999706909e-07;2.274893999856431e-06
1.7484804999548943e-08;8.08985399955418e-08;6.469744000351056e-07;2.185518000042066e-06
1.8145915000059175e-08;8.093843999668024e-08;6.676274000201374e-07;2.2677049998310396e-06
1.8982650000543798e-08;7.500281999818981e-08;6.095284000039101e-07;2.230136999860406e-06
1.8303205000120214e-08;8.09434599999804e-08;5.936133999493904e-07;2.1987410000292585e-06
1.6516475001117213e-08;8.257678000372834e-08;6.439666000078433e-07;2.1600580000085758e-06
1.7496099999698346e-08;8.03317199985031e-08;5.876136000151746e-07;2.245008999889251e-06
1.925517000054242e-08;7.403277999837883e-08;6.059060000116006e-07;2.324720000033267e-06
1.8443374999333172e-08;8.745605999720282e-08;6.556001999997534e-07;2.3400940001010897e-06
1.9221994999679736e-08;8.257511999690905e-08;6.961274000350385e-07;2.2223360001225958e-06
1.9799349999811965e-08;7.641103999922053e-08;7.491725999861956e-07;2.286200000089593e-06
1.6585350000241307e-08;7.992169999633915e-08;6.248584000277333e-07;2.196428999886848e-06
2.100518500083126e-08;7.836473999777808e-08;7.371647999971173e-07;2.3526489999494516e-06
1.991159000026528e-08;8.701940000173635e-08;6.202696000109427e-07;2.351052999729291e-06
2.1460550001938827e-08;7.38249599991832e-08;6.845504000084475e-07;2.399841000151355e-06
2.2047840000595896e-08;7.741602000314742e-08;7.56522000010591e-07;2.4491190002299846e-06
1.7051300000457558e-08;8.020134000107645e-08;6.107955999905243e-07;2.281308999808971e-06
2.0240685000317172e-08;7.725347999949008e-08;6.892940000398085e-07;2.410266999795567e-06
1.982542000041576e-08;8.135466000530869e-08;6.504471999942325e-07;2.288937499979511e-06
1.984781499922974e-08;7.797540000174194e-08;7.329443999915384e-07;2.339594999793917e-06
1.8467700001201593e-08;8.696555999922566e-08;7.046375999925658e-07;2.4131000001216308e-06
1.826481000025524e-08;8.439475999912247e-08;6.986529999994673e-07;2.3440990000381134e-06
1.7164164999849162e-08;7.896472000284121e-08;7.628333999891766e-07;2.1628690001671203e-06
1.7489509998995345e-08;8.2578899996588e-08;7.049049999914133e-07;2.4537959997542203e-06
1.8388270000286865e-08;7.403123999829404e-08;7.700676000094973e-07;2.2314980000373907e-06
2.0577520001097583e-08;7.569367999676615e-08;6.907377999741584e-07;2.4024280000594443e-06
1.671527500002412e-08;7.453134000534192e-08;6.117271999828517e-07;2.3964539999724365e-06
1.7661979999684262e-08;7.031846000463701e-08;7.006857999949716e-07;2.053472999832593e-06
2.0640429999912156e-08;7.65103799989447e-08;6.723720000009052e-07;2.3815290001221e-06
1.8396554999344515e-08;7.967892000451684e-08;7.038559999782592e-07;2.398072000069078e-06
1.816109000064898e-08;8.170313999871724e-08;6.565342000103556e-07;2.1342889999505133e-06
2.0345619998988696e-08;8.352635999908671e-08;6.526960000046529e-07;2.092273999878671e-06
1.7831240000668914e-08;8.062644000165164e-08;5.637018000124954e-07;2.0668339999974707e-06
1.856561500026146e-08;7.996099999872967e-08;6.623400000389665e-07;2.2811409999849276e-06
1.7168080000556075e-08;8.207754000322893e-08;6.855649999924935e-07;2.1645430001080966e-06
2.0600539998849854e-08;7.819028000230901e-08;6.451383999665268e-07;2.100295999844093e-06
1.9195350000518374e-08;8.326739999465645e-08;6.419382000458427e-07;2.00946600001771e-06
1.6884004999883473e-08;7.846410000347532e-08;6.710607999702915e-07;2.0738330000312998e-06
1.8421354999009055e-08;8.189559999736958e-08;6.026607999810949e-07;2.2675669999443925e-06
2.106474000029266e-08;7.704703999916091e-08;6.983059999765828e-07;2.3076279999804683e-06
2.044834999833256e-08;7.589598000049591e-08;7.249029999948107e-07;2.4214230000507087e-06
1.929581499862252e-08;8.067112000426278e-08;7.198019999777899e-07;2.1451650001108647e-06
1.6690569999627768e-08;8.895367999793961e-08;6.252135999966413e-07;2.40682800009381e-06
1.906803000019863e-08;8.555065999971703e-08;6.805140000069514e-07;2.4033989998861214e-06
2.112323000037577e-08;9.012257999856956e-08;6.73479999997653e-07;2.4129159998847174e-06
2.0810689999780153e-08;8.391644000075758e-08;7.263627999927849e-07;2.521452000073623e-06
2.138925999752246e-08;7.657172000035644e-08;9.113572000060231e-07;2.7405059998272917e-06
2.0737604999158066e-08;1.0234225000021979e-07;9.799935999908485e-07;2.4953100000857374e-06
1.927238999924157e-08;8.307668000343256e-08;9.157124000485055e-07;2.5185880000935866e-06
2.0529524999437855e-08;8.349207999999635e-08;9.400230000028386e-07;2.835985999845434e-06
1.8683695000072477e-08;8.087710000108928e-08;8.588654000195674e-07;2.651594999770168e-06
1.780291000031866e-08;8.511136000161059e-08;9.883688000263646e-07;2.633456999901682e-06
1.869040000019595e-08;7.955193999805487e-08;8.874126000446267e-07;2.7373489999445154e-06
1.9136904999322725e-08;8.327067999634891e-08;9.210670000175014e-07;2.7958530001342297e-06
1.846334500005469e-08;7.733307999442331e-08;1.0422514998936095e-06;2.747024999989662e-06
1.8442325000069104e-08;8.318724000127987e-08;7.853921999922022e-07;2.691830999974627e-06
1.8851920000452084e-08;8.399869999848306e-08;8.897499999729916e-07;2.4442020000424235e-06
1.8447565000678878e-08;8.188173999660648e-08;1.0082387999864295e-06;2.4794240001938305e-06
1.8949925000197253e-08;8.253694000304676e-08;1.0910855000838638e-06;2.636974999913946e-06
1.8910480001068207e-08;7.658064000424929e-08;1.0929799999576062e-06;2.7601010000216776e-06
1.8894179999188054e-08;8.094596000155433e-08;8.936164000188001e-07;2.6018790001398884e-06
1.7817324999487027e-08;8.312714000348933e-08;8.731695999740623e-07;2.5973449999582953e-06
1.8921544999466276e-08;6.664005999919028e-08;1.0293839999940246e-06;2.5364229999831876e-06
2.0790549999219366e-08;8.246438000351191e-08;1.0797815000114496e-06;2.6854809999349526e-06
1.8928700000105893e-08;8.283270000247284e-08;1.0688415000913665e-06;2.4907960000564342e-06
2.127368499932345e-08;8.394723999663256e-08;9.54349999956321e-07;2.566277000005357e-06
1.7641480000747834e-08;6.744594000047073e-08;1.0150900000007824e-06;2.5369909999426453e-06
2.0198080001864583e-08;8.240688000223599e-08;1.0830100000021048e-06;2.8658610000275078e-06
2.180353000003379e-08;8.010304000345059e-08;1.0094361999654212e-06;2.5559960000100543e-06
1.887480000004871e-08;8.306539999903179e-08;1.0581409999576862e-06;2.8155650000553577e-06
1.9493060000240803e-08;8.148419999633915e-08;8.924883999861777e-07;2.6863269999739712e-06
1.9174300000304356e-08;8.238951999810524e-08;9.348837999859825e-07;2.6980730000650512e-06
1.888174999912735e-08;8.472746000043117e-08;1.0572575000696816e-06;2.5748359999852257e-06
1.8781160000071395e-08;8.24410600005649e-08;9.356871999916621e-07;2.4676769998040983e-06
2.0257380002294668e-08;8.022524000261911e-08;8.923791999695823e-07;2.7269919999525883e-06
2.0552829999360256e-08;8.460199999972247e-08;8.955857999972068e-07;2.4759730001096615e-06
1.9922300000325778e-08;8.142419999931008e-08;1.0411225000279955e-06;2.6746680002543144e-06
1.9190639999578708e-08;8.345092000090517e-08;9.15229799982626e-07;2.8104160001385024e-06
1.8887170001107734e-08;8.34694200020749e-08;9.542095999931918e-07;2.977805999980774e-06
1.7366269999183713e-08;7.757419999688864e-08;8.263066000072285e-07;2.6743740000529217e-06
1.768891999963671e-08;8.282364000333473e-08;8.822061999817379e-07;2.373340000049211e-06
2.1530989999882877e-08;7.882799999788403e-08;9.653268000110984e-07;2.691429000115022e-06
1.8237474998750258e-08;7.911123999510892e-08;1.0184234000043944e-06;2.743412999843713e-06
2.0025700001860968e-08;7.816007999936118e-08;8.431866000173613e-07;2.748668999993242e-06
1.7286269999749493e-08;7.576426000450737e-08;9.006283999769948e-07;2.696239999786485e-06
1.9467645000258926e-08;7.638791999779641e-08;8.425286000128835e-07;2.477971000189427e-06
1.8986624998797196e-08;8.065996000077576e-08;8.287830000044778e-07;2.4489770000218414e-06
1.735657999961404e-08;7.880629999563098e-08;8.407082000048831e-07;2.566353000001982e-06
1.7825255000207107e-08;8.203672000090591e-08;8.892912000301294e-07;2.46450399979949e-06
1.8200770000112243e-08;7.985806000069715e-08;9.145393999642693e-07;2.575665999902412e-06
1.808234499912942e-08;8.384072000044398e-08;8.843791999970562e-07;2.5394540000706912e-06
1.7336754999996628e-08;8.719766000285745e-08;8.176105999737046e-07;2.4128280000877568e-06
1.78311149997171e-08;7.895756000070832e-08;9.461089999531396e-07;2.543390999780968e-06
1.8886784999631345e-08;7.329747999901884e-08;9.084491999819874e-07;2.6551880000624806e-06
1.8948410000302828e-08;7.19879199983552e-08;8.651704000076279e-07;2.569264000048861e-06
1.8523289999575355e-08;7.366538000060246e-08;9.470819999696686e-07;2.500055999844335e-06
1.774870500084944e-08;7.998420000076295e-08;8.771625999943354e-07;2.4987379999947735e-06
1.8908060000103433e-08;7.474641999579035e-08;8.517859999556094e-07;2.5945419998606667e-06
1.8547810000018215e-08;7.668030000058934e-08;9.340006000129506e-07;2.360647000023164e-06
1.810939499991946e-08;7.837358000106178e-08;8.347419999772683e-07;2.7059579998604023e-06
1.752466499892762e-08;7.530060000135564e-08;9.095236000139266e-07;2.4778750000405127e-06
2.0046689998707733e-08;7.911428000079468e-08;8.61629199993331e-07;2.5420860000303947e-06
1.7085239999869372e-08;7.621733999694698e-08;8.659846000373364e-07;2.4010640001506546e-06
1.7480785000952893e-08;7.577110000420362e-08;1.004767000034917e-06;2.4472859999514183e-06
2.0852439998998306e-08;7.779000000446104e-08;9.292922000167892e-07;2.611155999766197e-06
1.6783700000087265e-08;8.304690000368282e-08;8.883125999709592e-07;2.60512100008782e-06
1.831378000060795e-08;8.21873799955938e-08;8.166779999737628e-07;2.4378790002083405e-06
2.0193060000019614e-08;7.655080000404269e-08;8.702800000319258e-07;2.615605000173673e-06
1.6981105000013485e-08;7.525634000194259e-08;9.370796000002883e-07;2.470158000069205e-06
1.7228605000127573e-08;6.72629999986384e-08;7.42484999995213e-07;2.4657779998960906e-06
1.7417665000539272e-08;8.016222000005654e-08;8.780663999496028e-07;2.566487000149209e-06
1.8827389999933077e-08;8.59257600037381e-08;8.657374000176787e-07;2.5669069998548367e-06
1.8337445000361187e-08;7.929568000254221e-08;8.979932000511325e-07;2.4058519999380222e-06
2.2002100000099744e-08;8.132695999811404e-08;8.68692199990619e-07;2.5009739998495208e-06
1.5447549999225884e-08;7.976556000066922e-08;8.775549999554642e-07;2.826762000040617e-06
1.9634409999707715e-08;7.50793200044427e-08;8.381780000054278e-07;2.6298150001093744e-06
1.6984684999624733e-08;7.139621999813244e-08;9.51091599999927e-07;2.5729289997252637e-06
2.0867859999998472e-08;7.977217999869026e-08;9.181887999875471e-07;2.5269540000590497e-06
1.9237104999774602e-08;7.688349999953061e-08;1.0510169999906793e-06;2.7512239999487065e-06
1.9649689999641852e-08;7.715654000057838e-08;9.826699999975971e-07;2.958980000112206e-06
1.864952500036452e-08;8.3549700002186e-08;8.110309999901801e-07;2.8235269998549484e-06
1.6922555000928695e-08;7.594430000171996e-08;9.320259999949485e-07;2.3793010000372305e-06
1.8207005001022482e-08;7.869057999923825e-08;8.693861999781802e-07;2.546190999855753e-06
2.0102439998299815e-08;8.33472200029064e-08;8.369297999888658e-07;2.535871999862138e-06
1.815076499915449e-08;7.961890000151471e-08;9.25783800019417e-07;2.7312159998109565e-06
1.9420329999411478e-08;7.288531999802217e-08;9.58242600027006e-07;2.7540600000065753e-06
1.9110065000131725e-08;7.98564600001555e-08;8.745077999774367e-07;2.5141810000059196e-06
1.9172270000854042e-08;7.486769999959505e-08;9.002413999987766e-07;2.50256300001638e-06
1.7820514999039007e-08;7.445884000044316e-08;1.0035993999917992e-06;2.697483999945689e-06
2.0196169998962433e-08;7.988884000224061e-08;9.307971999514848e-07;2.379015000187792e-06
2.2064740001223982e-08;8.023665999644436e-08;8.206192000070587e-07;2.711356999934651e-06
1.8089780000445898e-08;8.0483399995137e-08;8.859346000244841e-07;2.733544000075199e-06
1.873110500018811e-08;8.456154000014067e-08;9.563657999970018e-07;2.683928000042215e-06
1.835243000095943e-08;9.26238399988506e-08;8.523375999648124e-07;2.7826859999913722e-06
1.725534500001231e-08;7.057545999996364e-08;1.0242875000403728e-06;2.5048300001071765e-06
2.1135910000884904e-08;9.057576000341215e-08;8.940685999696143e-07;2.326728999905754e-06
1.9811324999318458e-08;8.375358000048437e-08;1.0232365000410936e-06;2.749748000060208e-06
2.4693289998685942e-08;9.314639999647625e-08;9.577091999817639e-07;2.525034999998752e-06
2.1384720000787637e-08;8.565264000208117e-08;1.1730095000530128e-06;2.931340000068303e-06
2.2044930000265595e-08;8.358716000220739e-08;8.681085999705828e-07;2.3366110000642948e-06
1.886380000069039e-08;8.62330199975986e-08;8.239990000147373e-07;2.6224979999824425e-06
1.956847999972524e-08;8.175536000053398e-08;9.207626000279561e-07;2.807969999848865e-06
1.9022390000463928e-08;8.505324000143446e-08;9.398275999701582e-07;2.757979999878444e-06
2.07513100001961e-08;8.145329999970272e-08;1.1007335000613238e-06;2.6669129999936557e-06
2.018576499976916e-08;7.70046999969054e-08;9.674809999996796e-07;2.975311999907717e-06
2.1080969998729417e-08;8.335332000278867e-08;1.0654480000084731e-06;2.783976999926381e-06
1.9430245000694413e-08;7.478724000393413e-08;4.599232000182383e-07;1.010139599966351e-06
2.2012630000244827e-08;9.029165999963879e-08;4.891548000159674e-07;1.0705780000716914e-06
2.321401000081096e-08;8.700052000349387e-08;4.6791330000269226e-07;1.1543429999437649e-06
2.3280330002307893e-08;8.975528000155463e-08;5.180063999723643e-07;1.0314780000771861e-06
2.1641015000932385e-08;8.420542000094429e-08;5.173898000502959e-07;1.1314665000827516e-06
2.2828034999838563e-08;9.948889999650418e-08;4.40784700011136e-07;1.0719799999787938e-06
2.0153530000243335e-08;1.0423460000311025e-07;4.796187999891118e-07;1.026300500088837e-06
2.3079970000253523e-08;1.0464760000468232e-07;4.7097919997759165e-07;1.1199200000264683e-06
2.393852999957744e-08;7.516294000088237e-08;5.333819999941624e-07;1.0339454999484587e-06
2.0667310000862927e-08;8.073627999983728e-08;4.6827499999199064e-07;1.0625885000627022e-06
2.040238000045065e-08;8.173472000053153e-08;4.760764000238851e-07;1.003408500109799e-06
2.1897650000755675e-08;8.314191999961622e-08;4.3889910000143573e-07;1.0719219999737107e-06
1.776668500097003e-08;8.90661999990698e-08;4.911568000097759e-07;1.1903244999120943e-06
2.0138859999133274e-08;9.108431999920868e-08;4.5018159999744964e-07;1.2247664999449625e-06
2.0141509998939e-08;8.290027999901213e-08;4.108682000078261e-07;1.1026904999744146e-06
2.04893499991158e-08;9.353819999960251e-08;4.4174380000913515e-07;1.1321761999861336e-06
2.1186739999393468e-08;1.0048355000617448e-07;5.308486000285484e-07;1.1410647999728098e-06
2.099208500003442e-08;7.443559999810532e-08;5.110565999639221e-07;1.17526000001817e-06
2.2988329999498093e-08;1.073428999952739e-07;4.3741760001285e-07;1.1951489999773913e-06
1.9856145000085235e-08;8.42408999975305e-08;4.3733320001047105e-07;1.1480989999836311e-06
1.9641415000660345e-08;8.483337999787182e-08;4.013750000158325e-07;1.0268508000299334e-06
2.0084279999719e-08;8.795071999775246e-08;4.1465900000184776e-07;1.0546674999932293e-06
1.642829500051448e-08;8.012486000079661e-08;4.0544820000650363e-07;9.337615999975241e-07
1.768710500036832e-08;7.553594000055454e-08;3.7287569997715765e-07;1.032117599970661e-06
1.8681345001095906e-08;7.937218000297435e-08;4.120361999957822e-07;9.306685999617911e-07
1.7719210000359452e-08;7.474310000543483e-08;3.9735740001196974e-07;1.0555259999819099e-06
1.8326419999357313e-08;7.620377999846824e-08;3.6675529999774883e-07;1.0723589999543037e-06
2.1671759997843765e-08;8.040668000467122e-08;3.940391999785788e-07;9.592375999782235e-07
1.8437034999078606e-08;8.532391999615356e-08;4.82404200010933e-07;9.790716000134125e-07
1.8681139999534935e-08;7.681072000414133e-08;3.671191000030376e-07;1.0179213999654166e-06
1.788409500004491e-08;7.821320000221021e-08;3.701407000189647e-07;9.404007999692113e-07
1.9970794999971986e-08;7.48687599960249e-08;4.319208999804687e-07;1.0020863999961876e-06
1.6838130001269745e-08;7.337154000415467e-08;3.9890240001841447e-07;1.0116158000309952e-06
1.7273605000809766e-08;8.537523999693803e-08;3.970926000038162e-07;1.0408340000140016e-06
1.7424685000150932e-08;8.210895999800414e-08;3.714798000000883e-07;1.0246244999871124e-06
1.6806954999628942e-08;6.895865999977105e-08;4.0667019999818874e-07;1.05419149986119e-06
1.822616499994183e-08;8.743411999894306e-08;4.021317999868188e-07;9.934095999924466e-07
1.707821000018157e-08;7.805242000031285e-08;3.652348000032362e-07;1.0315039999841246e-06
1.9032250001328067e-08;7.605918000335805e-08;4.0572800001245924e-07;9.853596000466496e-07
2.0270069999969564e-08;7.377090000081808e-08;3.652272000035737e-07;1.0456979999435134e-06
1.7540319998806808e-08;8.188766000093892e-08;4.184508000034839e-07;1.008570400008466e-06
2.0618910000484902e-08;7.929038000293077e-08;4.1465739998966453e-07;1.0752180000417866e-06
1.7771709999942685e-08;8.27348799968604e-08;3.9401959997485393e-07;1.1079225000867155e-06
1.6599694998876657e-08;7.6978000003146e-08;3.6879269999917595e-07;9.995061999652534e-07
1.875809500052128e-08;8.12938800023403e-08;4.167872999969404e-07;1.0270350000064355e-06
1.8764904999989084e-08;7.668389999889769e-08;4.311556000029668e-07;9.84496199991554e-07
1.788857000065036e-08;7.516969999996945e-08;3.8201349999872035e-07;1.0061930000665599e-06
1.820183499949053e-08;7.779697999940254e-08;4.0126899996539576e-07;9.731665999861434e-07
1.8105845000536645e-08;8.557532000122591e-08;3.7819459999445827e-07;1.0295141999959015e-06
1.7912134999642147e-08;7.159213999984785e-08;4.0977480000583457e-07;1.0303070000372827e-06
1.8928794999374077e-08;8.079895999981091e-08;4.260095999925397e-07;1.0137479999684728e-06
1.936359499959508e-08;7.959836000227369e-08;4.7055509997881016e-07;1.0400860001391265e-06
2.1632844999840016e-08;7.432906000176445e-08;4.48609100014437e-07;9.442242000368423e-07
1.894798499997705e-08;7.913173999986611e-08;4.2705779999960213e-07;1.0732759999809787e-06
1.735599500098033e-08;7.608474000007845e-08;4.172232999990229e-07;1.0440534999361263e-06
1.8001145000744145e-08;7.91194399993401e-08;3.7625360002857633e-07;9.92750600038562e-07
1.673482499900274e-08;7.514963999856264e-08;4.441330000408925e-07;1.0838249999505934e-06
1.8351414999051485e-08;8.429360000300221e-08;4.909465999808163e-07;1.1099185000057333e-06
2.061443000129657e-08;7.493220000178553e-08;4.2257719999179243e-07;1.0658226000377909e-06
1.8148249998921527e-08;7.659440000425093e-08;4.0449300000909715e-07;1.0131430000183173e-06
2.007480000029318e-08;7.422931999899447e-08;4.164812000235543e-07;1.0924147999612614e-06
2.2133560001384466e-08;8.052889999817126e-08;3.516767999972217e-07;1.0353125999681651e-06
1.8209555000066756e-08;7.956857999670319e-08;4.180262000008952e-07;1.1277454999799375e-06
1.9034290000854527e-08;8.366792000015266e-08;3.7267379998229445e-07;9.734431999968364e-07
1.7303350000292993e-08;8.18243000016082e-08;3.339028999907896e-07;9.79228000040166e-07
1.820544000074733e-08;7.970314000267535e-08;3.7529909997829234e-07;9.564602000173181e-07
1.7815489998611156e-08;7.536116000264882e-08;4.178113000234589e-07;9.271903999615461e-07
2.1580800000810997e-08;7.353708000155166e-08;3.5626469997805543e-07;1.0432094000279904e-06
2.159873000055086e-08;8.153081999626011e-08;4.470909999799915e-07;1.1551064999366644e-06
2.0106025000859516e-08;9.491927999770269e-08;4.2394659999990834e-07;1.0940069999778643e-06
2.2219470000709406e-08;7.889502000180073e-08;4.2632460000459106e-07;1.0698039999988396e-06
2.317275000095833e-08;8.544961999868974e-08;4.091133999754675e-07;1.0296994000091217e-06
1.6419440000026954e-08;7.598898000433109e-08;4.6911979996366427e-07;1.1788089999754448e-06
1.8776744999922812e-08;7.721540000056848e-08;4.0870860003633423e-07;1.08012199998484e-06
1.817478500015568e-08;6.583877999801189e-08;4.2476119997445493e-07;1.06423849996645e-06
1.9013425000593998e-08;8.27610199979972e-08;4.278070000000298e-07;1.0405855000135489e-06
1.802546499966411e-08;8.077657999820076e-08;4.185719999950379e-07;1.0531904999515973e-06
1.8112419999670238e-08;8.06285200000275e-08;4.307004000002053e-07;1.041475799982436e-06
2.0219270000234245e-08;9.520034000161104e-08;4.5381979999365285e-07;1.0356489999685437e-06
2.294908000039868e-08;8.301639999845065e-08;4.027084000117611e-07;1.0480575000110548e-06
1.980920999922091e-08;8.123412000131793e-08;4.884707999881357e-07;1.06022220000159e-06
2.20908999996027e-08;7.945288000046275e-08;4.38003999995999e-07;9.271085999789647e-07
1.9383129999914672e-08;8.626841999939643e-08;4.5875380001962186e-07;1.0584356000181287e-06
2.1085679999669083e-08;9.371987999766134e-08;4.373640999838244e-07;1.1009740000008606e-06
1.8743294999876524e-08;9.184645999921486e-08;4.0451359999133273e-07;1.0279319999972359e-06
2.015706499951193e-08;7.491228000144475e-08;4.480605999706313e-07;1.1825349999708123e-06
2.0477389999723527e-08;8.089708000188694e-08;4.253580000367947e-07;1.022489499882795e-06
2.0583029999397696e-08;8.598515999619849e-08;4.004802000126801e-07;1.1861489999864717e-06
2.1405710000544788e-08;9.536609999486245e-08;4.5693460002075883e-07;1.2527065000904258e-06
2.082518500101287e-08;8.102105999714696e-08;4.206209999974817e-07;1.164859400014393e-06
2.2623775000101888e-08;8.582345999893732e-08;4.3016859999625013e-07;1.1345530000398867e-06
1.8582779999997e-08;8.684656000114047e-08;4.52972500002943e-07;1.1083795999875293e-06
2.0816299998841714e-08;8.802382000139914e-08;4.5705620001535864e-07;1.0803415999980643e-06
2.1128694999788423e-08;8.632655999972485e-08;4.1426160000264643e-07;1.263351999950828e-06
2.1694409998599438e-08;9.570712000131607e-08;4.878344000317156e-07;1.1637019999034237e-06
2.2556570000597277e-08;7.894792000297457e-08;4.042180000105873e-07;1.0974805000296329e-06
2.0409519999520852e-08;8.073304000427016e-08;4.1870209999615326e-07;1.0598294000374153e-06
2.2495840000919997e-08;8.337507999967784e-08;4.313096000114456e-07;1.1479595000855625e-06
2.2339430000283757e-08;9.033557999646292e-08;4.691027999506332e-07;1.0846664999553467e-06
2.2919519999413753e-08;8.812766000046395e-08;5.106253999983892e-07;1.1596309999004007e-06
2.4825520001468248e-08;8.096777999890036e-08;9.11943799990695e-07;2.780178000102751e-06
2.0772730000317098e-08;8.363378000212833e-08;7.797842000145465e-07;2.261560000188183e-06
2.1216900000581516e-08;8.316848000395112e-08;7.809604000067339e-07;2.2705000001587904e-06
1.8181534999166616e-08;7.801115999463945e-08;7.446534000337124e-07;2.23644100013189e-06
2.1045139999478124e-08;8.953699999838136e-08;8.590210000402294e-07;2.248431000043638e-06
2.0013700000708924e-08;7.807572000310756e-08;9.56640399992466e-07;2.3230079999484587e-06
2.092189000104554e-08;9.83443399949465e-08;8.842846000334248e-07;2.606339000049047e-06
2.0754499998292887e-08;8.719288000138476e-08;8.296659999759868e-07;2.4168310000095517e-06
1.9240040000295266e-08;8.782851999858394e-08;8.945583999739029e-07;2.444551000080537e-06
2.142821000015829e-08;8.306379999849013e-08;1.1872949999815318e-06;2.270099000015762e-06
2.1622729999944567e-08;8.626401999499649e-08;7.856774000101723e-07;2.351440000056755e-06
1.9180235000385436e-08;8.884992000530473e-08;8.888482000329532e-07;2.5787649999256244e-06
2.2709200001554563e-08;8.689550000126474e-08;8.383563999668695e-07;2.598131000122521e-06
1.9839414999296423e-08;8.183985999785364e-08;9.575218000099995e-07;2.437326000072062e-06
2.0580470000277275e-08;7.508045999566094e-08;8.758387999841943e-07;2.4810500000603496e-06
2.0671775001392233e-08;8.798611999955028e-08;8.042078000144101e-07;2.265326000051573e-06
2.1619209999334997e-08;8.307979999808595e-08;7.483420000062325e-07;2.3639760000514796e-06
2.1300789999077097e-08;8.549713999964297e-08;9.474042000365444e-07;2.3873789998469876e-06
1.9416425000235905e-08;9.133940000319853e-08;8.477015999960713e-07;2.2414770000614226e-06
1.8809445000078995e-08;1.016164999891771e-07;8.806288000196219e-07;2.3177850001957267e-06
1.9796769999084064e-08;8.853357999469154e-08;7.665756000205875e-07;2.3999040000489913e-06
2.0082519999414218e-08;7.706960000214168e-08;8.542451999965124e-07;2.6603499997872858e-06
1.8534920000820422e-08;7.7255219995277e-08;8.760925999959e-07;2.200104499934241e-06
2.0459539999137633e-08;8.991110000060871e-08;8.043450000113808e-07;2.559754999820143e-06
1.8168185000831727e-08;8.20878200000152e-08;8.959538000053726e-07;2.2126779999234712e-06
2.065983999927994e-08;8.226312000188045e-08;6.932359999627807e-07;2.1956639998825265e-06
1.7808745001093485e-08;7.911304000299424e-08;7.169983999920078e-07;2.134117999812588e-06
1.786846999893896e-08;8.169742000172846e-08;8.666445999988354e-07;2.0887829997809602e-06
1.8073495000135153e-08;8.863347999867984e-08;6.85937600035686e-07;2.2038730001077054e-06
1.8144949999987148e-08;7.551148000056856e-08;7.459077999810689e-07;2.0127619997947476e-06
1.808523499930743e-08;7.532917999778874e-08;7.445905999629758e-07;2.055300000065472e-06
1.8777465001039673e-08;8.312216000049375e-08;7.647059999871999e-07;2.118835999863222e-06
2.001901000039652e-08;8.599513999652117e-08;1.0215109999990092e-06;2.064179000153672e-06
1.832155500014778e-08;7.33200599963311e-08;7.279995999997482e-07;2.350589999987278e-06
2.141451000061352e-08;8.589925999986008e-08;8.08214400021825e-07;2.170592000184115e-06
2.1277899999404326e-08;8.279658000101335e-08;8.496571999858133e-07;2.3608269999385812e-06
1.7968560000008436e-08;8.130054000066593e-08;7.708507999777794e-07;2.0194039997295477e-06
1.720830499980366e-08;8.191313999705016e-08;7.773059999453835e-07;2.209863000025507e-06
2.1446285001002252e-08;7.579391999752261e-08;7.079616000410169e-07;2.211818000068888e-06
1.7004534999432508e-08;7.569153999793344e-08;7.639961999957449e-07;2.3305229999823495e-06
1.9774935000168625e-08;7.771823999937623e-08;7.713946000440047e-07;2.12874400021974e-06
1.8053594999946654e-08;8.154603999573738e-08;7.850666000158526e-07;2.472303999820724e-06
1.8197990000771824e-08;8.272084000054747e-08;7.480818000040017e-07;2.130866999796126e-06
1.880257500015432e-08;8.86478399974294e-08;7.838165999855847e-07;2.1210400000563823e-06
2.0657509999000466e-08;7.474402000079862e-08;8.554071999969892e-07;2.480699000007007e-06
1.6205639998952393e-08;8.031312000239268e-08;8.433057999936863e-07;2.3243360000196843e-06
1.964540500048315e-08;7.371623999788426e-08;8.004279999877327e-07;2.4751619997550735e-06
2.4465639999834822e-08;8.697500000125728e-08;8.477804000140168e-07;2.2029339999426154e-06
2.0424370000546333e-08;8.483016000245698e-08;8.511489999946207e-07;2.580389000067953e-06
2.0986850000917912e-08;8.573814000119456e-08;8.432171999593265e-07;2.444770000001881e-06
1.8381795000459535e-08;8.462765999720432e-08;1.012660499982303e-06;2.446074000035878e-06
2.1756095001182984e-08;1.0409695000271313e-07;8.378473999910056e-07;2.4169130000518637e-06
2.2503585000231396e-08;8.627601999905891e-08;7.274989999714307e-07;2.050417000136804e-06
2.006538499990711e-08;7.941055999835954e-08;9.439799999818206e-07;2.3583319998579098e-06
2.2133770000073127e-08;8.503232000512071e-08;7.383331999881193e-07;2.3391690000426026e-06
1.951287499978207e-08;8.559046000009402e-08;9.087090000393801e-07;2.1648719999939203e-06
2.088647999917157e-08;8.480211999849417e-08;7.852489999495447e-07;2.357484999811277e-06
1.9093909999355673e-08;8.574749999679625e-08;8.216383999679238e-07;2.22057799983304e-06
2.190190000110306e-08;8.270875999587588e-08;9.054876000154763e-07;2.274158999789506e-06
2.0449114999792074e-08;9.583178000175394e-08;8.397209999966436e-07;2.230670499993721e-06
1.8510010000318287e-08;9.350821999832987e-08;7.671185999643058e-07;2.27340000012191e-06
1.9836490000307093e-08;9.674978000111878e-08;7.751615999732167e-07;2.3830630001612007e-06
2.169996500015259e-08;7.849109999951906e-08;8.889840000192635e-07;2.4384860001737253e-06
2.618511999899056e-08;8.085451999795623e-08;9.52028000028804e-07;2.265487000113353e-06
2.0957190000626723e-08;7.241690000519156e-08;8.157545999856666e-07;2.230664000089746e-06
2.3541480000130833e-08;9.205884000402875e-08;9.018334000138566e-07;2.1804269999847746e-06
2.4182120000477882e-08;8.500212000217289e-08;7.72995000006631e-07;2.169280999805778e-06
2.0491990001755766e-08;8.173121999716387e-08;7.526503999833948e-07;2.126722999964841e-06
2.075860999757424e-08;7.83930399978999e-08;7.348510000156239e-07;2.2201359999598937e-06
1.7559060000348836e-08;7.870330000296236e-08;6.590226000407711e-07;2.2292250001919455e-06
1.7870819999370725e-08;7.866981999832205e-08;7.860316000296734e-07;2.1510830000624994e-06
2.050693000201136e-08;8.099535999936052e-08;7.262765999766998e-07;2.3235440001008103e-06
1.69886999996379e-08;8.617255999706685e-08;8.375475999782793e-07;2.032424999924842e-06
1.923163999890676e-08;7.995840000221506e-08;7.024236000142992e-07;2.4664949998259543e-06
2.0062160000088623e-08;8.292506000143476e-08;7.572722000186331e-07;2.029583000112325e-06
1.8243580000125804e-08;8.165654000476934e-08;7.887468000408263e-07;2.283183999825269e-06
1.8899149999197106e-08;8.276774000260047e-08;7.693087999941781e-07;2.3276699997950343e-06
1.7969580000499263e-08;7.491910000098869e-08;8.221430000266992e-07;2.1853699997882357e-06
2.0131569998920896e-08;7.779572000144981e-08;7.61622600024566e-07;2.147193000128027e-06
2.0276924999780022e-08;8.26440199976787e-08;7.154161999933422e-07;2.153338000061922e-06
1.8669715001306032e-08;7.481150000239723e-08;7.453739999909885e-07;2.108431999804452e-06
1.740097500005504e-08;7.194792000227607e-08;7.268284000456333e-07;2.2990700000082143e-06
1.9034210000245366e-08;6.868265999946743e-08;6.719887999934144e-07;2.0208580000326037e-06
1.6858879999199415e-08;7.780677999835461e-08;7.248001999687404e-07;2.190453999792226e-06
2.015829999872949e-08;7.558889999636449e-08;8.899777999613434e-07;2.1219409999321214e-06
1.8192920000001324e-08;7.701532000210136e-08;7.394582000561058e-07;2.1835949999513107e-06
1.8697729999257718e-08;7.269562000292354e-08;7.54633400007151e-07;2.1579550000024028e-06
1.847695000033127e-08;7.942556000198238e-08;6.888474000152201e-07;2.163827000185847e-06
1.8534209999779705e-08;7.630703999893739e-08;7.009668000391685e-07;2.278686999925412e-06
1.666964000032749e-08;8.350618000258692e-08;7.468894000048749e-07;2.208427999867126e-06
1.872910999954911e-08;8.30837200046517e-08;7.279217999894172e-07;2.237899999890942e-06
2.3114579997491092e-08;7.950666000251658e-08;8.185153999947943e-07;2.3131410000496543e-06
2.207856000168249e-08;8.430490000173449e-08;7.619032000075094e-07;2.2279850000631996e-06
2.0764270002837292e-08;7.593241999857128e-08;7.198189999908209e-07;2.2156229999382047e-06
1.895811499998672e-08;7.697737999842503e-08;8.018908000085502e-07;2.149317000003066e-06
1.9201919999613892e-08;8.436323999776505e-08;1.0018144999048674e-06;2.4780179999652317e-06
2.1537660001195036e-08;7.7896960004e-08;7.900876000057906e-07;2.069236000243109e-06
1.7273310000018682e-08;7.729718000045978e-08;8.125371999922209e-07;2.299657000112347e-06
1.7300180000893306e-08;8.324813999934122e-08;7.987038000137545e-07;2.1530619999975898e-06
2.2733870000229217e-08;8.326902000117115e-08;8.37989599967841e-07;2.2490689999540336e-06
1.8547769999713638e-08;7.67076599993743e-08;1.3837445000535808e-06;3.4553500000038183e-06
1.8340675000217745e-08;8.335088000167161e-08;1.2752330000512302e-06;3.1296110001858324e-06
1.7914165000547654e-08;7.524883999722078e-08;1.4883869999903255e-06;3.1158390000928195e-06
1.967585000093095e-08;7.852210000273772e-08;1.4452709999750369e-06;3.562180000008084e-06
1.737476499984041e-08;8.124295999878086e-08;1.3443359998927918e-06;3.3067280001705513e-06
1.6964115000155287e-08;7.905960000352933e-08;1.4229589999013115e-06;3.2192590000340717e-06
1.7513570000301116e-08;7.683687999960967e-08;1.4364419999765232e-06;3.343847999931313e-06
2.1559269999852403e-08;7.685092000174336e-08;1.464043500018306e-06;3.095793999964371e-06
2.0304429999669084e-08;7.563192000379786e-08;1.551962499943329e-06;3.278520999883767e-06
2.0746150000195483e-08;8.822989999898709e-08;1.4784859999781476e-06;3.3247799999662675e-06
1.854940000048373e-08;7.973340000025928e-08;1.3932240000576712e-06;3.239101999788545e-06
2.0056430000113323e-08;7.779917999869213e-08;1.3985034999495838e-06;3.4252740000374615e-06
2.0102149999001995e-08;7.69222000031732e-08;1.413266999879852e-06;3.362576000217814e-06
1.8244444999436383e-08;9.151603999780491e-08;1.2737380000180564e-06;2.949740999902133e-06
1.5792100000544452e-08;7.374197999597528e-08;1.5829619999567513e-06;3.4156430000439285e-06
2.0396879999316298e-08;8.552176000084728e-08;1.4588209999783431e-06;3.3068569999886675e-06
2.3402090001036413e-08;7.200732000055723e-08;1.5058689999568742e-06;3.3996789998491293e-06
1.7470309999771417e-08;8.201000000117346e-08;1.3978605000011158e-06;3.3093939998070707e-06
2.024524000007659e-08;7.750748000107706e-08;1.4841434999834745e-06;3.0736749997595327e-06
1.9953259998874274e-08;8.299351999885403e-08;1.5446794999297708e-06;3.249649000063073e-06
1.7218735000642483e-08;8.16724999982398e-08;1.5960009999980684e-06;3.2581919999211097e-06
2.0505210000555963e-08;8.529039999702946e-08;1.3954390000435523e-06;3.5688259999733417e-06
1.7379929999879094e-08;7.939260000130162e-08;1.7551120001007802e-06;3.3489860000554473e-06
1.9632400000409688e-08;7.844069999991917e-08;1.561989000038011e-06;3.666860999946948e-06
1.806114500068361e-08;7.107993999961764e-08;1.381013000063831e-06;3.1290610000723974e-06
1.8212974999914877e-08;8.259086000034585e-08;1.4252305000263732e-06;3.146363999985624e-06
1.7462479999812784e-08;7.488232000032439e-08;1.5998195001157e-06;3.317551999934949e-06
1.8181134999031202e-08;8.027536000008694e-08;1.5067950000229758e-06;3.164372000028379e-06
1.8029940000269562e-08;8.712439999799244e-08;1.5329954998742323e-06;3.0089690000750125e-06
1.8265669999527746e-08;8.194169999915175e-08;1.3811639999039472e-06;3.4764009999344127e-06
1.833723000017926e-08;7.298428000067361e-08;1.541334000066854e-06;2.951732999936212e-06
1.7781949999334755e-08;8.096153999795205e-08;1.3271005000569857e-06;3.2433760000276378e-06
1.7626609999570066e-08;8.050511999754235e-08;1.518859999923734e-06;3.2790460000978783e-06
1.7853889999969398e-08;7.586703999550081e-08;1.4751110000361223e-06;3.216422999976203e-06
2.0675810000102503e-08;8.0941739998525e-08;1.6746014999807812e-06;3.168694000050891e-06
1.9449840000015684e-08;8.655391999636777e-08;1.6859320001094602e-06;3.545779999985825e-06
1.8569665000541134e-08;8.609200000064447e-08;1.2535050000587943e-06;3.304454000026453e-06
1.8766840000171214e-08;6.915631999727338e-08;1.2020570000458975e-06;2.9856870000367052e-06
1.758117499994114e-08;8.634066000231542e-08;1.5629435000300874e-06;3.2354539999505504e-06
1.56657700004871e-08;7.723437999957241e-08;1.4289214999007528e-06;3.202478000021074e-06
1.9864884999697096e-08;7.19307999999728e-08;1.2904805000289344e-06;3.2328439998673277e-06
1.7150804999982937e-08;7.835093999747186e-08;1.6321654999046586e-06;3.3325140000670217e-06
1.780678000068292e-08;7.506103999912738e-08;1.4778859999205452e-06;3.010513999906834e-06
1.8686845000775066e-08;8.20346399967093e-08;1.2906934999045916e-06;3.1546469999011606e-06
2.0188320000306703e-08;6.875603999942542e-08;1.5087805000075605e-06;3.5491860000183805e-06
1.7482810000365135e-08;7.365535999997519e-08;1.4306699999724515e-06;3.133449000015389e-06
1.757400000060443e-08;7.786028000409714e-08;1.5382609999505802e-06;3.1345670000882818e-06
1.7938425000465942e-08;7.81103199988138e-08;1.5123694999783765e-06;3.395547999825794e-06
1.86482650009566e-08;8.280721999472007e-08;1.680620500119403e-06;3.6235179999493993e-06
1.945248499978334e-08;7.887909999699332e-08;1.4835805000620895e-06;3.3046070000273177e-06
1.908753000025172e-08;9.348706000018865e-08;1.5830989999813027e-06;3.380235999939032e-06
1.7731695000838955e-08;8.542287999880501e-08;1.6794845000549685e-06;3.5000940001918936e-06
1.7939689999911933e-08;8.009460000321269e-08;1.3451605000591372e-06;3.3760389999952168e-06
1.7143999999098014e-08;8.566795999649912e-08;1.5574965000269004e-06;3.2260139999561945e-06
2.0747554999252317e-08;7.594922000425867e-08;1.44685949999257e-06;3.3620720001636074e-06
2.0583769999211654e-08;8.230169999878853e-08;1.5037805000611116e-06;3.4032949997344985e-06
1.7860134999500587e-08;7.834446000051685e-08;1.3487934999284334e-06;3.1116949999704956e-06
1.7489484998804983e-08;7.990614000009372e-08;1.5704599999298807e-06;3.4020860001328402e-06
1.9374935000087134e-08;7.839874000055716e-08;1.474908999953186e-06;3.28631000011228e-06
1.8645140000444372e-08;7.951952000148594e-08;1.5830414999800269e-06;3.3377380002639258e-06
2.0224809998762792e-08;7.530070000211708e-08;1.699658500001533e-06;3.3642760000657292e-06
1.709641500056023e-08;8.036617999896408e-08;1.4997369999764487e-06;3.0798489999142477e-06
1.848912499990547e-08;8.093793999869377e-08;1.5547615000104996e-06;3.365353000117466e-06
1.8967374999192543e-08;8.331143999821507e-08;1.4642590000585188e-06;3.4879040002124386e-06
2.1223810000810774e-08;8.22221799986437e-08;1.6172329999972135e-06;3.2408249998115936e-06
1.8220944999484346e-08;8.313618000247515e-08;1.4819459999853279e-06;3.3790949999820442e-06
1.6601230000378566e-08;8.112589999800548e-08;1.521237000124529e-06;3.1071019999217243e-06
2.259075999900233e-08;7.854213999817148e-08;1.4448424999136477e-06;3.409032999770716e-06
1.7125334999582264e-08;8.882011999958195e-08;1.3814835000084713e-06;3.2998660000157542e-06
1.793801000021631e-08;7.406705999746919e-08;1.5589310000359547e-06;3.304675000254065e-06
1.919769000087399e-08;7.124241999699735e-08;1.5734089999750721e-06;3.400479000119958e-06
1.874781500082463e-08;8.881339999497868e-08;1.4900084999680985e-06;3.2905980001669377e-06
2.0425860000250396e-08;8.47846999997273e-08;1.44126650004182e-06;2.922796999919228e-06
2.0644525000534486e-08;8.233581999666057e-08;1.4572775000124238e-06;3.332414000178687e-06
2.10378399991896e-08;8.332103999564425e-08;1.4377759999479168e-06;3.3069350000005217e-06
1.8488559999968858e-08;7.572934000054375e-08;1.6612169999280013e-06;3.260156000033021e-06
2.2221759997773916e-08;8.003051999839953e-08;1.4518999999563675e-06;3.380985999829136e-06
1.8492580000020098e-08;7.813322000438348e-08;1.7429515000549145e-06;3.3279010001569986e-06
2.0674890000373124e-08;7.891197999706492e-08;1.3009425000927877e-06;3.187749999924563e-06
1.853010500053642e-08;8.944350000238046e-08;1.405928500025766e-06;3.3131919999141245e-06
1.7977305001113564e-08;7.35160199983511e-08;1.4191435000975616e-06;3.2532109998282977e-06
1.8316539999796077e-08;8.554012000095099e-08;1.3852909998968245e-06;3.2257990000653082e-06
1.6616454999893903e-08;8.937086000223644e-08;1.6574989999935496e-06;3.30959700018866e-06
1.8700569999055004e-08;7.79021400026977e-08;1.576523000112502e-06;3.51897500018822e-06
1.9242655001289675e-08;7.140399999916554e-08;1.5875620000588242e-06;3.0724500000360422e-06
1.6336084999784363e-08;7.059184000245296e-08;1.3096925000718329e-06;2.9773990000830963e-06
1.777853499952471e-08;8.100736000342294e-08;1.3806409999961033e-06;3.3723830000963062e-06
1.95420699994429e-08;7.883676000055857e-08;1.5603215000010096e-06;3.306999999913387e-06
1.5613009998924098e-08;7.4184840003727e-08;1.3667290000012144e-06;3.4945360000710935e-06
1.8663609999930486e-08;7.714997999719344e-08;1.4896605000831187e-06;3.1873619998805226e-06
1.6461575000721496e-08;7.601708000293002e-08;1.4680125001177657e-06;3.1166840001242235e-06
1.6601994998927693e-08;7.899905999656766e-08;1.3590494998788927e-06;3.3899799999198876e-06
1.8025534998741934e-08;7.84603199979756e-08;1.4627194999775384e-06;3.277476000075694e-06
1.8171985000662973e-08;7.478033999796025e-08;1.3873684999998659e-06;2.9921460000332445e-06
1.8330050000804475e-08;7.579831999610178e-08;1.5521420000004583e-06;3.376490999944508e-06
1.5958634999697097e-08;6.816028000321239e-08;1.453163499973016e-06;3.3348430000478404e-06
1.8344899998919574e-08;8.106447999598459e-08;1.4991900000313763e-06;3.0798320000758393e-06
1.7719874999602324e-08;8.43825799995102e-08;1.4643259999866133e-06;3.2520320001640355e-06
1.7015340000216384e-08;7.25951400003396e-08;1.3842114999715704e-06;3.132171000179369e-06
1.6893109999364242e-08;7.935600000200793e-08;1.4049719998729414e-06;3.0514109999057835e-06
2.073951000056695e-08;7.964997999952175e-08;2.2475589998066425e-06;4.3911380000645295e-06
1.7125379999924917e-08;8.48234200035222e-08;2.5976520002586767e-06;4.642823999747634e-06
2.1017809998011215e-08;8.218139999662526e-08;2.401817999780178e-06;4.169230000115931e-06
1.9630989999859593e-08;7.38785000052303e-08;2.1097569999983534e-06;4.2502979998243975e-06
1.717657999979565e-08;7.594701999914833e-08;2.7726989999064244e-06;4.579319999902509e-06
2.103940499946475e-08;7.40174799982924e-08;3.0098320002434775e-06;4.336630000034347e-06
1.7799479998939204e-08;8.189083999604918e-08;2.5516860000789165e-06;4.378436000552029e-06
1.9039664999581873e-08;8.453605999820866e-08;2.3039790001348594e-06;4.248091999907046e-06
1.888766000047326e-08;8.133882000111044e-08;2.7041499997721983e-06;4.776002000435256e-06
1.8337220000103118e-08;7.570669999695383e-08;2.4391750001814216e-06;4.589331999886781e-06
1.846238500002073e-08;8.715106000308879e-08;2.708322999824304e-06;4.343033999903128e-06
2.1743419999256732e-08;8.939304000232369e-08;2.754447999759577e-06;4.105098000145517e-06
1.9489169999724256e-08;8.666099999682046e-08;2.7466239998466336e-06;4.5343420002609495e-06
2.0190650000586173e-08;8.291201999527402e-08;2.735038000100758e-06;4.3206900003133346e-06
1.9791175000136718e-08;8.587026000022889e-08;2.5753530001384206e-06;4.5332879998022694e-06
1.8779945001006125e-08;8.840017999755218e-08;2.5386349999462253e-06;4.695039999787696e-06
1.795828000031179e-08;8.798679999890738e-08;2.4829599997610786e-06;4.697205999982543e-06
2.0530349999899046e-08;8.597728000022471e-08;2.4478750000707804e-06;4.836361999623477e-06
1.8731305000255816e-08;8.552057999768294e-08;2.704995000094641e-06;4.160216000163928e-06
2.0405339999706485e-08;7.723608000087552e-08;2.7458579998346977e-06;4.397498000180349e-06
1.9251290000102016e-08;7.68443799985107e-08;2.475749999866821e-06;4.373831999837421e-06
1.9165399999474176e-08;1.0071524999511894e-07;2.5632829999085516e-06;4.4758540001930665e-06
2.269189000071492e-08;8.811955999699421e-08;2.664421999943443e-06;4.846306000254117e-06
1.9033839998883196e-08;8.989351999480277e-08;2.780225000169594e-06;4.410795999574475e-06
2.0132320001721383e-08;9.09410799969919e-08;2.8357150001102125e-06;4.545541999978013e-06
1.82702350008185e-08;8.335932000190951e-08;2.478745999978855e-06;4.044768000021577e-06
2.0204664999619127e-08;7.732662000344135e-08;2.3304089999874124e-06;4.282785999821499e-06
1.9456605000596027e-08;8.672064000274986e-08;2.409456000023056e-06;4.4186059996718544e-06
1.9285140000283718e-08;7.461375999846496e-08;2.20418700017035e-06;4.784705999772996e-06
1.7588515000534243e-08;8.144826000207104e-08;2.441402999975253e-06;4.256065999506973e-06
1.598533999931533e-08;7.847282000002451e-08;2.427943000220694e-06;3.954018999938853e-06
1.915972499991767e-08;7.829642000142485e-08;2.584332000114955e-06;4.453508000005968e-06
1.786454500106629e-08;8.309572000289335e-08;2.2986049999599343e-06;4.579851999878883e-06
2.1158329999889246e-08;8.620752000133508e-08;3.0007329999352805e-06;4.3292759999167176e-06
1.7625780000525992e-08;9.12133400037419e-08;2.1094550000270827e-06;4.014833999681287e-06
2.0590840000659227e-08;8.173525999882258e-08;2.50498500012327e-06;4.447551000048407e-06
1.9197669999266507e-08;8.059147999738343e-08;2.2357450000708922e-06;4.1250759997637946e-06
1.964819999993779e-08;8.254506000084802e-08;2.193985000194516e-06;4.454989999649115e-06
1.7841954999312293e-08;7.279513999819756e-08;2.2359270000015384e-06;4.1164359997492285e-06
1.7414565000217407e-08;8.652244000113569e-08;2.509079999872483e-06;4.286268000141718e-06
1.9201099999190772e-08;8.278325999854133e-08;2.397016999893822e-06;4.3378359999042e-06
1.8685339999501595e-08;7.775914000230841e-08;2.1514939999906347e-06;4.312092000036501e-06
1.606574999896111e-08;7.1920259995386e-08;2.0831049999105744e-06;4.29181800049264e-06
1.8800419999752194e-08;7.974516000249424e-08;2.3796300002140923e-06;4.832914000144228e-06
1.838817499956349e-08;7.664712000405416e-08;2.2195940001984125e-06;4.166708000120707e-06
1.8254149999120274e-08;8.31432999984827e-08;2.585114999965299e-06;4.7012400004314255e-06
1.888381000026129e-08;8.176737999892793e-08;2.377353000047151e-06;4.271353000076488e-06
1.696751499985112e-08;7.706977999769151e-08;2.094195999961812e-06;4.05209000047762e-06
1.799802500026999e-08;7.845591999939643e-08;2.1584739998797885e-06;4.2816199996741485e-06
1.8286884999542963e-08;6.846204000175931e-08;2.201000000059139e-06;4.235717999981716e-06
1.7631065000023226e-08;8.233102000085637e-08;2.561709000146948e-06;4.387263999669812e-06
2.0376454999495763e-08;9.570759999915026e-08;2.4815480000688696e-06;4.712446000194177e-06
2.2659729997394605e-08;6.873363999766297e-08;2.260682999913115e-06;4.201151999877766e-06
1.6962950000015553e-08;7.042101999977604e-08;2.4026674999913668e-06;4.704640000127256e-06
1.840527499880409e-08;7.426734000327996e-08;2.076684000203386e-06;4.264170000096783e-06
2.003353500040248e-08;7.977387999999337e-08;2.4351000000024214e-06;4.2260519997216764e-06
1.9294355000602083e-08;7.820076000061818e-08;2.378018999879714e-06;4.043152000522241e-06
1.851343500020448e-08;7.957516000024043e-08;2.481395000068005e-06;4.806982000009157e-06
1.9998645001032856e-08;7.91794199962169e-08;2.5633560001733715e-06;4.0208349999738856e-06
1.7531270001200027e-08;8.290247999830172e-08;2.578485000121873e-06;4.151072000386194e-06
1.723523499967996e-08;7.377287999843247e-08;2.1867780000320634e-06;4.142766000004485e-06
1.8305724998936057e-08;7.688275999971666e-08;2.548223999910988e-06;4.64700200012885e-06
1.8172030001005625e-08;7.736877999850548e-08;2.675401000014972e-06;4.427583999931812e-06
1.690950000047451e-08;8.11121999984607e-08;2.2145849998923948e-06;4.204285999876447e-06
1.7937899999378714e-08;7.394607999594882e-08;2.3203049998846836e-06;4.520427999668755e-06
2.029810000094585e-08;8.590716000180692e-08;2.647912999964319e-06;4.054153999895789e-06
1.860558000043966e-08;7.199438000097871e-08;2.466124999918975e-06;4.3852780002634975e-06
1.7866614999365993e-08;7.453668000525795e-08;2.358286999806296e-06;4.101549999904819e-06
1.7938095000863542e-08;8.046329999924638e-08;2.4360660000820645e-06;3.94394300004933e-06
2.0052595000015572e-08;7.755048000253736e-08;2.446799000026658e-06;4.3668340001022444e-06
1.809944999986328e-08;7.957367999479175e-08;2.522826000058558e-06;4.559778000111692e-06
1.6188210000109393e-08;8.159558000043034e-08;2.588740999926813e-06;4.102100000018254e-06
1.8700170000374782e-08;8.726429999805987e-08;2.268803000042681e-06;4.466957999975421e-06
2.058467000024393e-08;8.513232000404968e-08;2.6527910001459533e-06;4.458777999971062e-06
2.1161420000134968e-08;8.156280000112019e-08;2.255832999944687e-06;4.184286000090651e-06
2.0933170002535918e-08;8.298047999851405e-08;2.4012970001786015e-06;4.347728000138886e-06
1.72173599989037e-08;7.511476000072434e-08;2.47502699989127e-06;4.689224000321701e-06
2.1356860001105814e-08;7.522841999889352e-08;2.196676000021398e-06;4.030545999994502e-06
1.985982000041986e-08;7.882515999954194e-08;2.596630999760237e-06;4.299931999994442e-06
1.9251244999759363e-08;7.96887400036212e-08;2.4653820000821724e-06;4.470258000073955e-06
2.1270364998781588e-08;8.952751999604516e-08;2.3915710000437683e-06;4.394521999638528e-06
1.802989499992691e-08;7.534900000318885e-08;2.66519500000868e-06;4.231799999834038e-06
1.8756145000224933e-08;6.807155999704265e-08;2.50705000013113e-06;4.4546680001076315e-06
1.873055500036571e-08;8.295677999849431e-08;2.3039139999309554e-06;4.33389800018631e-06
2.0784740000090097e-08;7.888619999866933e-08;2.5360450000152925e-06;4.11673199996585e-06
1.9248174999665936e-08;7.366955999750644e-08;2.6855979999527336e-06;4.011314000235871e-06
2.032286000030581e-08;7.800557999871671e-08;2.1111360000213606e-06;4.3800600001122805e-06
1.8460695000248963e-08;8.563332000048831e-08;2.5143790000583975e-06;4.567960000131279e-06
1.8427810000139288e-08;7.486615999951027e-08;2.32107999996515e-06;4.695416000322439e-06
2.012983000022359e-08;7.783205999876373e-08;2.319514999981038e-06;4.366675999481231e-06
1.879589500022121e-08;8.116728000459261e-08;2.333772999991197e-06;4.25617000029888e-06
1.9567544999881648e-08;7.560336000169628e-08;2.443697999988217e-06;4.2193380004027855e-06
2.0909319998463616e-08;7.724622000241653e-08;2.6830719999270513e-06;4.1862299997592345e-06
2.057108999870252e-08;8.39869599964004e-08;2.2723260000930166e-06;4.071294000023045e-06
2.147228000103496e-08;8.063320000073872e-08;2.364883000263944e-06;4.3864459998439994e-06
1.8323234999843408e-08;8.145726000075229e-08;2.5875860001542604e-06;4.477313999959733e-06
1.8515770000522025e-08;7.62864799995441e-08;2.175871999934316e-06;4.579285999643616e-06
1.681681500049308e-08;6.930249999859371e-08;2.5055949998204598e-06;4.0827960000024174e-06
1.7283390001102816e-08;8.497579999966547e-08;2.3987750001833773e-06;4.5512280002003534e-06
1.9125775000429713e-08;8.596343999961391e-08;2.1561459999065845e-06;4.3909860000712795e-06
1.9759535000775942e-08;7.737918000202626e-08;3.188217999995686e-06;5.3102960000978786e-06
1.8660559999989345e-08;7.697530000004917e-08;3.3895800000755117e-06;5.373187999939546e-06
2.1531859997776336e-08;8.27608599967789e-08;3.676463000010699e-06;5.255757999839261e-06
1.8006039998726918e-08;8.280872000032104e-08;3.18217399995774e-06;5.273403999744915e-06
2.0180480000271928e-08;7.771178000257351e-08;3.6871829998563045e-06;5.823906000005081e-06
1.737027000053786e-08;8.40831800014712e-08;3.4565820000716484e-06;5.207934000063688e-06
2.073406999988947e-08;8.164988000062295e-08;3.415157999843359e-06;5.001335999695584e-06
1.8848285000422037e-08;8.27878399984911e-08;3.323320000199601e-06;5.0381539994850754e-06
2.1516150000388736e-08;8.479054000345058e-08;3.6823269998421893e-06;5.550111999618821e-06
2.0110879998537712e-08;7.986606000340543e-08;3.8295499997911975e-06;5.036371999885887e-06
2.022253499890212e-08;7.940544000011869e-08;3.5321460000704973e-06;5.442042000358924e-06
1.8514385000162293e-08;7.972224000259302e-08;3.4466050000628457e-06;5.62238399987109e-06
2.047465000068769e-08;8.062737999716773e-08;3.149103999894578e-06;5.423436000128277e-06
1.88124450010946e-08;8.227982000098564e-08;3.1439779998618177e-06;5.4983919998630885e-06
2.0033130000228993e-08;7.872889999998733e-08;3.660063999996055e-06;5.2469879999989645e-06
1.6701215000648517e-08;7.975958000170068e-08;3.4200889998464846e-06;5.4903900000499564e-06
1.7066970000450966e-08;7.973153999773785e-08;3.035220000019763e-06;5.170539999962784e-06
1.8340684998838695e-08;7.612302000052296e-08;3.177375000086613e-06;4.930741999996826e-06
1.8948395000188613e-08;8.110223999829032e-08;3.5664669997640884e-06;4.982988000265323e-06
1.8209800000477116e-08;8.291757999686524e-08;3.1951279999339023e-06;5.073856000090018e-06
1.896909500064794e-08;8.088450000504963e-08;3.2532450000871904e-06;5.269458000548184e-06
2.0073455000238026e-08;8.634966000099667e-08;3.1446590000996366e-06;5.279085999936797e-06
2.225353000103496e-08;8.672586000175215e-08;3.6355529999127613e-06;5.134660000330769e-06
1.83268249995308e-08;7.634451999911107e-08;3.690159000107087e-06;5.545599999604746e-06
1.9055339999613353e-08;7.909619999700226e-08;3.2428210001671688e-06;5.457489999826066e-06
2.0560059999115766e-08;7.211990000214427e-08;3.3578029999625867e-06;5.143010000465437e-06
2.1845220000250264e-08;8.565990000497549e-08;3.805819000117481e-06;5.622187999542803e-06
1.8675974999496247e-08;7.781229999964125e-08;3.324296999780927e-06;5.3377859998727214e-06
1.8794284999603404e-08;8.321907999925315e-08;3.3261459998902866e-06;5.307137999916449e-06
2.0624309999402613e-08;8.377547999843956e-08;3.868485999992117e-06;5.408501999918371e-06
1.7304665000119714e-08;8.374575999914668e-08;3.304154000070412e-06;5.358470000210218e-06
1.781163999985438e-08;8.724034000188112e-08;3.2087279998813754e-06;5.498424000106752e-06
1.9298654999875e-08;7.927453999873251e-08;4.046950000047218e-06;5.274484000401571e-06
1.844410500052618e-08;8.19246600032784e-08;3.269487000070512e-06;5.170320000033825e-06
2.0429799999692478e-08;7.435463999863713e-08;3.4730189997935666e-06;5.2594180003507064e-06
2.0376165000197944e-08;7.352227999945172e-08;3.533737999969162e-06;4.653204000205733e-06
1.8517995000001974e-08;8.155727999983355e-08;3.12927299994044e-06;4.603699999861419e-06
1.829645999969216e-08;8.079390000202693e-08;3.470110000052955e-06;4.994093999848701e-06
1.9012764999934005e-08;8.250967999920248e-08;3.4796149999601766e-06;5.244735999731347e-06
1.786477499990724e-08;7.812514000106603e-08;2.909104000136722e-06;5.18922199960798e-06
1.9280055000854192e-08;7.38740200002212e-08;3.3962400001473723e-06;4.8269480001181365e-06
1.7383695000899024e-08;7.882322000223212e-08;3.560435000108555e-06;5.271715999697335e-06
1.8536850000964477e-08;6.818843999644741e-08;3.3643220001249576e-06;4.998946000123396e-06
1.8201699999917765e-08;8.422481999732554e-08;3.479848999995738e-06;5.026388000114821e-06
1.6207310000027066e-08;8.852939999778756e-08;3.030837000114843e-06;5.039076000102796e-06
2.0274560002144426e-08;8.000533999875188e-08;3.232412000070326e-06;5.414923999924213e-06
1.7849150000256487e-08;7.67433000029996e-08;3.2991839997703208e-06;5.215893999557011e-06
1.9326395000098273e-08;7.941552000120282e-08;3.5299499999382534e-06;4.9761199997738e-06
1.8765634999726898e-08;8.145424000103958e-08;3.724309999961406e-06;4.981658000033349e-06
1.8966064999403897e-08;8.154339999891818e-08;3.0335910001304e-06;4.672417999827303e-06
1.592609499930404e-08;7.220016000210307e-08;3.371767000062391e-06;5.350463999784552e-06
1.821879499912029e-08;7.36363000003621e-08;3.176011999894399e-06;5.128143999609165e-06
1.7971340000804048e-08;8.380147999851033e-08;3.4377139998832718e-06;4.823391999816522e-06
1.8514635000610724e-08;7.524602000485174e-08;3.3358400000724943e-06;5.031417999998667e-06
1.8726359998981933e-08;7.720919999992474e-08;3.279656000086106e-06;4.8926540004322305e-06
1.8011159999878146e-08;7.953538000001572e-08;3.0031389999203384e-06;5.055666000116616e-06
1.7137899999215732e-08;8.432112000300549e-08;3.490846999920905e-06;5.0335159996757285e-06
2.047671500040451e-08;8.376584000070579e-08;3.4267860002000815e-06;5.101271999883466e-06
1.9261169999663252e-08;7.283084000227972e-08;3.3119249998708254e-06;5.635355999693275e-06
1.928948500135448e-08;7.354121999815106e-08;3.2269410000299105e-06;4.970827999641187e-06
1.7088879999937488e-08;8.797338000149466e-08;3.085302000108641e-06;4.612312000244856e-06
1.7639219999546186e-08;7.401283999788574e-08;3.707480999873951e-06;4.7423200000775976e-06
2.0332490000873804e-08;8.121813999605365e-08;3.2032970001455398e-06;5.3447419998701665e-06
2.1445924999716226e-08;7.840480000013486e-08;3.3391909999772907e-06;5.417803999735042e-06
1.8860124998900573e-08;7.168698000023142e-08;3.730703000037465e-06;5.45503799978178e-06
1.8861199999810195e-08;7.492195999948307e-08;3.4053210000274703e-06;5.410749999573454e-06
2.0292960001097525e-08;8.153949999832548e-08;3.336919999856036e-06;5.156656000181101e-06
2.01808149999124e-08;8.508458000142128e-08;3.2631259999470787e-06;5.545021999860182e-06
1.8969419998757076e-08;8.933079999987968e-08;3.435557000047993e-06;5.570148000260815e-06
1.9838339999841993e-08;7.411819999688305e-08;4.001033999957144e-06;5.479018000187352e-06
1.8238694999308792e-08;8.54220199980773e-08;3.8083340000594034e-06;4.764194000163115e-06
1.828300999914063e-08;7.188481999910436e-08;3.227484000090044e-06;5.496868000482209e-06
1.9524239999009296e-08;8.395620000083e-08;3.266738000093028e-06;5.5313799995929e-06
2.3355520001496188e-08;7.925783999962733e-08;4.179624000098556e-06;4.830975999939255e-06
2.1045899999444373e-08;8.617201999877579e-08;3.5993399997823873e-06;5.785558000206947e-06
2.1106419997522606e-08;8.785118000232614e-08;3.659126999846194e-06;5.438243999960833e-06
2.0364799999515527e-08;8.549758000299335e-08;3.4483319998253136e-06;5.400705999927595e-06
2.014389999967534e-08;8.617160000139847e-08;3.3195189997786657e-06;5.1706659997580575e-06
1.754840000066906e-08;8.457427999819629e-08;3.447466999932658e-06;4.5038900000508875e-06
1.8462880000879524e-08;8.371143999975175e-08;3.6431080001057124e-06;5.42476800037548e-06
1.9582200000877494e-08;8.135235999943689e-08;3.2277020000037736e-06;4.999060000409372e-06
1.6730485000880435e-08;8.507087999605573e-08;3.6136330000590533e-06;5.591202000505291e-06
2.0074509998084976e-08;7.27580200007651e-08;3.0056979999062604e-06;5.4346339998301116e-06
1.7388620000565423e-08;7.62808799976483e-08;3.829746999836061e-06;5.0717660004738715e-06
1.848047000094084e-08;8.056113999919035e-08;3.4102679998613896e-06;4.774060000199825e-06
1.9920409999031108e-08;8.24324399989564e-08;3.5827640001662074e-06;4.597474000183866e-06
1.977522999950452e-08;8.307530000456609e-08;4.088274000096135e-06;5.268053999752738e-06
1.687277000019094e-08;8.336786000290886e-08;3.2472560001770035e-06;5.047351999673993e-06
2.3032890001195484e-08;7.698326000245287e-08;3.4234900001320055e-06;5.11329599947203e-06
2.022370000195224e-08;1.0131125000771135e-07;3.3921629999531433e-06;5.066469999728724e-06
2.0367694999731613e-08;7.960928000393324e-08;3.404269000166096e-06;5.120287999743596e-06
2.051809999975376e-08;8.235687999986112e-08;3.5818149999249727e-06;5.338230000343174e-06
2.051596000092104e-08;7.748610000126064e-08;3.576133999740705e-06;5.133478000061587e-06
1.9086899999820163e-08;8.926662000012584e-08;3.5200019998592323e-06;5.271739999880083e-06
2.1068729998660273e-08;8.575643999502062e-08;3.5842530001536945e-06;5.4216320003615695e-06
2.0230740000260993e-08;7.591964000021107e-08;3.4696429999894463e-06;5.2650039998115975e-06
1.8967664999945556e-08;8.699909999850206e-08;3.3765659999335184e-06;5.226109999930486e-06
2.084395999845583e-08;7.538445999962278e-08;3.5414519999176263e-06;4.969856000388972e-06
1.7670794999867212e-08;8.303284000139684e-08;3.4563820000039412e-06;4.48677200009115e-06
2.0448669997858814e-08;7.762273999978789e-08;3.435211000032723e-06;5.4650039999978615e-06
1.8791110000165646e-08;5.852552000433207e-08;1.434576999890851e-06;2.4837059999117627e-06
2.0697610000206622e-08;6.060683999676257e-08;1.3346280000405386e-06;1.8216825000126846e-06
2.3242045000370125e-08;5.2311279997229575e-08;1.3661089999368414e-06;2.416830000001937e-06
2.3366009999881497e-08;5.862364000058733e-08;1.272836999996798e-06;2.00304199999664e-06
1.9968574999074916e-08;7.019797999528237e-08;1.4206430000194815e-06;2.0535599999129774e-06
2.1318175000487827e-08;6.405073999776504e-08;1.3801299998885952e-06;2.0950740002444946e-06
1.7685654999513644e-08;5.931437999824993e-08;1.317591499973787e-06;2.006881999986945e-06
1.781555999914417e-08;6.569236000068485e-08;1.3725824998982716e-06;2.0747279998613523e-06
1.7754814999352675e-08;6.186282000271604e-08;1.3531425000110176e-06;1.9117009999172297e-06
2.1803519999957642e-08;6.260921999928541e-08;1.4882699999725445e-06;2.108025999914389e-06
2.112634499935666e-08;6.588081999798306e-08;1.4322890000767075e-06;2.15566700004274e-06
1.8877895000332502e-08;7.016019999864512e-08;1.1169560000416822e-06;2.092516999982763e-06
1.8743309999990743e-08;5.566427999874577e-08;1.3760000000183936e-06;1.905391500040423e-06
2.0405109997955152e-08;6.098296000272967e-08;1.3566119999450165e-06;2.01078400015831e-06
1.736887500010198e-08;6.039800000144169e-08;1.288776000001235e-06;1.8716264999238774e-06
1.791434499900788e-08;5.672693999949843e-08;1.3498210000398103e-06;2.0687470000120812e-06
1.9209709999267943e-08;6.215531999478116e-08;1.415566000068793e-06;2.232291999971494e-06
2.0705520000774413e-08;6.227166000171564e-08;1.3152769999578596e-06;2.066851500130724e-06
1.9464605000393932e-08;6.793848000233993e-08;1.3898925000103191e-06;2.233872000069823e-06
2.0748290000483392e-08;6.756103999796323e-08;1.3870759999554139e-06;2.2190790000604465e-06
2.136477999883937e-08;6.666667999816126e-08;1.3523115000862163e-06;2.0774749999691265e-06
1.9745895000232848e-08;7.197895999997855e-08;1.4685150000150316e-06;2.0188799998140895e-06
2.037553999980446e-08;6.486819999990985e-08;1.3460289999784435e-06;2.1123740001348777e-06
2.085819000058109e-08;5.693641999969259e-08;1.355516999901738e-06;2.0470239999121986e-06
1.9996264998917466e-08;6.546897999942302e-08;1.5815555000153836e-06;2.2567919999710284e-06
1.894596000056481e-08;5.982333999709226e-08;1.4740645000711084e-06;2.1858884999528528e-06
2.009886000014376e-08;6.931281999568455e-08;1.5874349999648985e-06;2.1490195000660606e-06
2.273187999962829e-08;6.962491999729536e-08;1.569885999924736e-06;2.0248539999010973e-06
1.8925290000333915e-08;7.152141999686137e-08;1.46678700009943e-06;2.1311189999687484e-06
2.0016054999723566e-08;6.679527999949642e-08;1.2214595000841656e-06;2.1868609997909516e-06
1.9690009999612813e-08;6.56719799968414e-08;1.2564795000071171e-06;2.005320999887772e-06
1.7869865000830033e-08;6.425434000557288e-08;1.2342155000078491e-06;1.9753360000322572e-06
1.838071999954991e-08;6.103470000089146e-08;1.2044289999175816e-06;1.8658039999718312e-06
1.7951164999976756e-08;6.038792000035755e-08;1.2756435001210776e-06;2.0257785001012963e-06
1.654973999975482e-08;6.557645999710076e-08;1.1790899999323301e-06;2.007375000102911e-06
1.7889624999952503e-08;6.584922000183724e-08;1.3784574999590405e-06;2.0345739999902435e-06
1.8161800000234506e-08;6.36491000012029e-08;1.1877689999528229e-06;2.08779249995132e-06
1.815605999872787e-08;5.793757999781519e-08;1.4268860001175198e-06;2.10842300002696e-06
2.1511799999279903e-08;6.99341600004118e-08;1.3503064999531488e-06;1.9357054999272805e-06
1.681172999960836e-08;6.464923999737949e-08;1.3372354999592062e-06;2.03008399985265e-06
1.860165000107372e-08;6.499793999828398e-08;1.1491979999118485e-06;2.107814000046346e-06
1.7828025000926572e-08;5.87699799973052e-08;1.3299764999828767e-06;2.179093000013381e-06
1.922591499896953e-08;6.581076000002212e-08;1.3401924999197945e-06;2.2562029998516663e-06
1.6978774999734016e-08;6.08185799967032e-08;1.3119615000323393e-06;2.1969959998386912e-06
2.059053999837488e-08;6.222558000008575e-08;1.3730924999981653e-06;2.0113655000750443e-06
1.8300155000179076e-08;6.227249999647029e-08;1.2453269999241457e-06;2.0576370001072064e-06
1.7721310000342784e-08;6.612420000019483e-08;1.3218065000546631e-06;2.049533000099473e-06
2.14814099992509e-08;6.29344199958723e-08;1.351511500106426e-06;2.1012319999863394e-06
1.864676999975927e-08;5.8101239998359233e-08;1.235257500084117e-06;1.9564259999606294e-06
2.0271059998776765e-08;5.972275999956764e-08;1.4141925000876654e-06;2.0086075000290293e-06
2.1351830000639894e-08;6.633599999477155e-08;1.2712705000012648e-06;1.886347499967087e-06
1.677518499927828e-08;6.483332000207156e-08;1.213997000013478e-06;2.171227000071667e-06
1.5994625000166708e-08;6.972772000008263e-08;1.2550460000056773e-06;2.0026990000042132e-06
1.895071500039194e-08;6.326345999841579e-08;1.3611074999789708e-06;2.000555000267923e-06
1.795968499936862e-08;6.726180000114254e-08;1.457749499968486e-06;2.0442009999533184e-06
1.8914615000539925e-08;6.865407999721355e-08;1.3482720000320114e-06;1.9120230000407902e-06
1.6854715000954457e-08;6.386983999982476e-08;1.2784070000634528e-06;2.11304199998267e-06
2.0057419998920523e-08;6.061485999962315e-08;1.3848774999496528e-06;2.061896999948658e-06
1.9761550000112037e-08;6.895317999878898e-08;1.1793794999539386e-06;2.20609499985585e-06
2.2135479998541995e-08;6.882327999919653e-08;1.3411479999194853e-06;2.1257970001897775e-06
2.375800000154413e-08;7.368458000128157e-08;1.6557534999446944e-06;2.113361000083387e-06
2.0053614999051206e-08;7.217470000032336e-08;1.4928719999443275e-06;2.0681619999231772e-06
2.2966709997854194e-08;7.75147000036668e-08;1.7494169999554287e-06;2.318169999925885e-06
2.034579000028316e-08;7.141015999950468e-08;1.2862570000288543e-06;2.1973050001543015e-06
2.1378879999974742e-08;7.084042000351474e-08;1.6507965000346302e-06;2.1304529999906665e-06
2.343315000180155e-08;5.912596000125632e-08;1.5643674999591894e-06;2.1618850000959356e-06
1.9311439999728464e-08;6.793581999954767e-08;1.5273549999983515e-06;2.11371399986092e-06
2.201933999895118e-08;7.169084000051953e-08;1.3232910000078847e-06;2.1320259998901745e-06
2.2290029999567195e-08;7.312699999893084e-08;1.4465999999083579e-06;2.1355129999574276e-06
1.9736494999960995e-08;7.13930200028699e-08;1.5578739999909885e-06;1.9357480001053773e-06
2.008334999991348e-08;7.26879000023473e-08;1.5464194999367465e-06;2.041853000118863e-06
2.068806500028586e-08;6.609752000076697e-08;1.3752089999616146e-06;2.1940859997994268e-06
2.0605490001616998e-08;6.580948000191711e-08;1.3359615000081248e-06;2.112784999771975e-06
1.895106500014663e-08;6.671282000024803e-08;1.1734379999688826e-06;1.9661400000040886e-06
1.6989109999849463e-08;5.779551999876276e-08;1.319048000004841e-06;2.0020649999787564e-06
2.0002414999180472e-08;6.201236000051721e-08;1.216798999957973e-06;2.21618599985959e-06
2.137077000224963e-08;5.81685799988918e-08;1.5170464999391696e-06;2.1217980000074023e-06
1.9408145001216327e-08;6.375916000106372e-08;1.2886504999187308e-06;1.9988359999842943e-06
1.826957000012044e-08;5.977268000133335e-08;1.4157230001001153e-06;2.0561150001594797e-06
2.028878999990411e-08;6.101056000334211e-08;1.1844549998932053e-06;2.0298629999160767e-06
1.8246614999952726e-08;6.069828000036068e-08;1.308440499997232e-06;2.0707704999949782e-06
1.8535995000274852e-08;5.955114000244066e-08;1.3982184999622405e-06;1.975702499912586e-06
1.9749710000178312e-08;6.042181999655441e-08;1.3045559999591205e-06;2.1070749999489634e-06
1.7923500000324567e-08;6.275751999928615e-08;1.2367050000466407e-06;2.0435255000484174e-06
1.75983350010938e-08;7.231840000022202e-08;1.5415825000673068e-06;2.049937999981921e-06
1.991443500010064e-08;6.858921999810263e-08;1.386007000110112e-06;2.019711000029929e-06
2.032844999921508e-08;7.728625999880023e-08;1.5146769999410025e-06;2.2133069997653363e-06
2.3281419998966157e-08;7.048903999966569e-08;1.3903274999756832e-06;2.410954999795649e-06
2.2142475000873675e-08;8.27781799947843e-08;1.3229340000543744e-06;2.3379889997886494e-06
2.2930720000294968e-08;6.453551999875344e-08;1.3000759998976719e-06;2.3379910000949167e-06
2.5063649998628534e-08;6.906958000035956e-08;1.29578499996569e-06;2.187523000175133e-06
1.7227125000499653e-08;6.72645199985709e-08;1.1703475000103935e-06;2.0918589999200775e-06
2.0083420001901685e-08;7.013198000495323e-08;1.3365955000335817e-06;2.2091259999433534e-06
1.8279659999825527e-08;6.509736000443808e-08;1.3558829999237786e-06;2.1963639999739827e-06
2.2447860000829677e-08;6.266343999886886e-08;1.3759694999316706e-06;2.061787999991793e-06
2.4679040000773965e-08;7.056885999627411e-08;1.690810000000056e-06;2.0990090002305808e-06
2.0115170000644866e-08;6.516428000177257e-08;1.3360489999467973e-06;2.0502349999151195e-06
2.070038999954704e-08;7.086446000030265e-08;1.3845105000655167e-06;2.0164349998231046e-06
2.0747989998199044e-08;5.707298000343144e-08;1.5642590000061318e-06;2.2401420000824144e-06
2.3428980002063327e-08;6.91491000005044e-08;1.229044499923475e-06;2.3052574999746866e-06
2.227411000058055e-08;7.450720000197179e-08;3.642775999906007e-06;5.139342000475153e-06
1.9159010000294076e-08;7.212970000109635e-08;3.564271999930497e-06;5.0725079997209835e-06
1.8019230000209063e-08;7.257232000119984e-08;3.663425999984611e-06;5.098533999989741e-06
2.287251999950968e-08;6.795497999992221e-08;3.6952400000882334e-06;4.954900000011548e-06
2.205326000112109e-08;7.801572000025772e-08;4.091416000155732e-06;5.181653999607079e-06
2.075127499992959e-08;7.665643999935128e-08;3.7128439999651164e-06;4.370029999990948e-06
2.0312379999086262e-08;6.868624000344426e-08;3.3744860001024792e-06;4.551935999770649e-06
1.9541814998956397e-08;6.975582000450231e-08;3.081051000044681e-06;4.929179999744519e-06
2.2095270000863822e-08;7.735252000275068e-08;3.1864690000656994e-06;4.73208200011868e-06
1.8885625000984875e-08;5.838240000302903e-08;3.395670000172686e-06;4.4387159997131675e-06
2.159211999969557e-08;6.90431599970907e-08;3.342855999944732e-06;5.029292000108398e-06
2.2541605000151322e-08;6.555392000009306e-08;3.824667000153568e-06;4.760307999677025e-06
2.0377109998662492e-08;6.990488000446931e-08;3.924683000077493e-06;4.969000000273809e-06
2.193544500041753e-08;6.530886000255122e-08;3.3023880000109784e-06;5.306390000041574e-06
1.999202500010142e-08;6.353959999978543e-08;3.054904000018723e-06;4.942013999680057e-06
2.1888119998038747e-08;6.84670599992387e-08;3.2846649998100475e-06;4.910063999705016e-06
1.9661959999939425e-08;6.510766000137664e-08;3.692381999862846e-06;5.388404000550509e-06
2.009313000016846e-08;7.10866600042209e-08;3.3893870000611058e-06;4.876502000261098e-06
1.8764269999519456e-08;5.783921999973245e-08;2.730937000014819e-06;4.349574000225403e-06
2.1735905000241474e-08;7.546755999792367e-08;3.582107999827713e-06;4.507425999618135e-06
2.2740869998233394e-08;7.459584000171162e-08;4.058336000307463e-06;5.071704000001773e-06
2.4616159999277443e-08;6.638101999997161e-08;3.727624999883119e-06;5.347499999916181e-06
2.1702350000850855e-08;6.81497199984733e-08;4.013006000313908e-06;4.952988000004552e-06
1.8010189999768043e-08;6.723510000156239e-08;3.221295999828726e-06;4.869063999503851e-06
1.8927820000681095e-08;7.605029999976978e-08;3.3127160000731236e-06;5.015786000294611e-06
1.9492675000219607e-08;6.703414000221528e-08;3.864449999819044e-06;4.781431999872438e-06
2.484483000007458e-08;6.524218000122346e-08;3.675672000099439e-06;4.710054000024683e-06
1.7751085000054444e-08;6.298968000337482e-08;2.7955809998093173e-06;4.68371200026013e-06
2.0131319999927654e-08;6.19825600006152e-08;2.9973329999484122e-06;4.571979999891482e-06
2.212087999796495e-08;6.196173999924212e-08;2.8671119999489747e-06;4.548885999829508e-06
2.078785999910906e-08;5.776031999848783e-08;3.2196070000645706e-06;4.792313999496401e-06
2.388848999980837e-08;6.279926000279375e-08;3.6509259999729694e-06;4.985034000128508e-06
2.1316115000809076e-08;7.243020000169054e-08;3.7115550000453366e-06;5.438841999857687e-06
2.2851660000742414e-08;6.364360000006855e-08;3.4875569998985154e-06;5.143736000172794e-06
2.0135009998921305e-08;7.378345999750309e-08;3.6183969999547118e-06;4.647802000399679e-06
2.1522600000025704e-08;7.163089999812656e-08;3.470626999915112e-06;5.2888920000987125e-06
2.0408539997879417e-08;6.642456000554376e-08;3.4200990002136677e-06;4.701307999785058e-06
2.196494000090752e-08;6.89877400000114e-08;3.6698510000132954e-06;5.539256000192836e-06
2.034579000028316e-08;7.225029999972321e-08;3.375911999901291e-06;4.838510000263341e-06
2.1372259999043307e-08;6.251806000364013e-08;3.2766389998141674e-06;4.622875999775715e-06
2.171063000278082e-08;5.819457999896258e-08;3.504576999985147e-06;4.928265999769792e-06
2.1634174999780953e-08;5.754291999619454e-08;3.7655079999240114e-06;4.987537999986671e-06
2.0885769999586044e-08;7.104218000313267e-08;3.135586999997031e-06;5.009753999765962e-06
2.154049499949906e-08;7.755309999920428e-08;3.2231509999837726e-06;4.7005319996969775e-06
1.8835925000894348e-08;6.638707999954931e-08;3.507559999998193e-06;5.144340000115335e-06
2.3547805000271184e-08;6.517543999943882e-08;3.593999000149779e-06;4.994802000001073e-06
2.2147640000912362e-08;6.602792000048793e-08;3.4688139997888356e-06;4.627478000475094e-06
2.1610690001398324e-08;6.49505399982445e-08;3.469658000103664e-06;5.541160000138916e-06
2.1468350000213833e-08;7.001598000060767e-08;3.64033300022129e-06;5.185792000265792e-06
2.2080819998518562e-08;6.748300000326708e-08;3.6304550000932067e-06;4.66404800012242e-06
2.4570509998011403e-08;6.864920000080019e-08;2.6497610000660643e-06;5.329733999678865e-06
2.1106309999595396e-08;7.33269999967888e-08;3.640763000003062e-06;5.289869999978692e-06
2.0276970000122675e-08;6.612243999843485e-08;3.7242959998548033e-06;5.040029999800026e-06
1.9217989999742714e-08;6.76004400011152e-08;3.3490029998938552e-06;4.9176760000409554e-06
2.0183315000031142e-08;6.342407999909482e-08;3.1213469998328947e-06;4.809993999660946e-06
2.256240499991691e-08;6.832403999869711e-08;4.101815999893006e-06;4.972235999885015e-06
1.9015004999528173e-08;5.928788000019267e-08;3.0150980001781138e-06;4.9677059997338805e-06
1.7857480001111982e-08;6.577831999748013e-08;3.9000640000449495e-06;5.614133999915794e-06
2.3839939999743363e-08;5.9552180004538966e-08;3.1266820000018923e-06;5.043755999649875e-06
2.092883000150323e-08;5.681795999989845e-08;4.093505999771878e-06;4.9509780004154895e-06
1.880341500072973e-08;7.41924799978733e-08;3.7425679998705165e-06;4.932467999751679e-06
2.040363999840338e-08;7.478535999543965e-08;3.895758999860846e-06;5.17972000001464e-06
2.2321440000087023e-08;7.086911999504082e-08;3.7034110000240617e-06;5.371864000335336e-06
2.076119999983348e-08;6.163285999791696e-08;3.48068899998907e-06;4.760088000330143e-06
1.9590365000476594e-08;7.120082000037656e-08;3.425793999922462e-06;4.990395999629982e-06
2.2197469999082386e-08;7.527585999923758e-08;3.361611999862362e-06;4.823707999894396e-06
1.9226739999430718e-08;6.512878000503406e-08;3.300468999950681e-06;4.508565999567509e-06
2.213575000059791e-08;6.596994000137784e-08;2.964857000042684e-06;4.658571999752894e-06
1.9703859998844565e-08;7.052591999527066e-08;3.2650930000818334e-06;4.973067999817431e-06
1.8391094999969936e-08;7.089183999923989e-08;3.352188999997452e-06;5.161858000210487e-06
2.0924430000013672e-08;6.214681999990716e-08;3.791749000083655e-06;4.7924140002578496e-06
2.0052250000298953e-08;6.905012000352144e-08;3.343380999867804e-06;4.869107999838888e-06
2.2470860002795233e-08;5.953687999863178e-08;2.8547139998408966e-06;5.054154000245035e-06
2.0136310000088997e-08;6.773835999774746e-08;2.7965780001250096e-06;4.874325999990105e-06
1.897218499943847e-08;7.033704000059515e-08;3.353830999985803e-06;4.6680619998369365e-06
2.0600315000046974e-08;5.973464000271633e-08;3.5215940000489353e-06;5.075471999589354e-06
1.741623500129208e-08;5.75094599975273e-08;3.1097069999668747e-06;4.352422000374645e-06
1.7122355000174138e-08;6.510572000406682e-08;2.82755599997472e-06;4.5435059996088965e-06
1.858415500028059e-08;5.744247999973595e-08;3.5537420000764543e-06;4.267920000129379e-06
2.0915370000875555e-08;7.073282000492327e-08;3.4005939998314717e-06;5.37012999993749e-06
2.1478199999546632e-08;6.490964000113309e-08;3.1280419998802243e-06;4.274141999776475e-06
2.086336999782361e-08;6.942991999676451e-08;3.477730999875348e-06;5.01734799996484e-06
2.4182729999301954e-08;5.754756000242196e-08;3.643822999729309e-06;4.946432000142522e-06
2.1917929998016916e-08;6.71641000022646e-08;2.943983000004664e-06;4.798771999776364e-06
2.2087950000423007e-08;5.839211999555118e-08;2.996841999993194e-06;4.929255999741144e-06
1.8951559999550227e-08;6.385733999777585e-08;3.0502900001010857e-06;4.856839999556541e-06
2.0254190001287498e-08;6.529754000366665e-08;4.107709999952931e-06;5.376323999953456e-06
2.1767614998680074e-08;7.837869999930263e-08;3.11038899992127e-06;5.081985999713652e-06
2.0899549999739975e-08;7.168427999713459e-08;3.1424490001518277e-06;4.29606799967587e-06
2.1961929998360574e-08;6.661255999933928e-08;3.686792000080459e-06;4.719273999799043e-06
2.208548999915365e-08;7.50629799964372e-08;3.6910689997603184e-06;4.816227999981493e-06
2.15637199988123e-08;5.7453140005236493e-08;3.3276210000622087e-06;4.714134000241757e-06
2.402798499970231e-08;7.622430000337773e-08;3.6846630001673475e-06;4.349350000265985e-06
1.686753999965731e-08;6.350901999976487e-08;4.068991999956779e-06;4.912467999965884e-06
1.9135649999952875e-08;6.040291999815964e-08;3.332828999846242e-06;4.597478000214323e-06
1.895065999997314e-08;6.325983999995515e-08;2.68005699996138e-06;4.436010000063107e-06
1.802225499995984e-08;7.044695999938995e-08;4.064225999754854e-06;4.834888000041246e-06
1.738093000021763e-08;6.01864599972032e-08;3.0795700001181104e-06;4.655790000106208e-06
1.8809580001106952e-08;6.000856000464409e-08;3.111343999917153e-06;4.701887999544851e-06
1.8773245000920726e-08;5.413901999709196e-08;3.381795999885071e-06;4.525627999682911e-06
1.7412605001300108e-08;8.959324000170455e-08;6.998013999545947e-06;7.856187999714165e-06
2.054694999824278e-08;8.983764000004158e-08;6.3912559999153015e-06;7.811840000213123e-06
1.8914139999833424e-08;8.49136799981352e-08;6.4301419997354966e-06;7.339297999860719e-06
1.9799474999308586e-08;8.753821999998763e-08;6.322749999817461e-06;7.43497799965553e-06
2.1984320000046864e-08;9.964513999875635e-08;6.752262000227347e-06;7.975137999746949e-06
2.6002059999154882e-08;1.0524514999997336e-07;7.787068000179716e-06;7.843887999770232e-06
2.2268185000575613e-08;1.0820189998776187e-07;7.758987999986858e-06;8.139741999912076e-06
2.0354129999759608e-08;8.089802000322379e-08;7.621841999934986e-06;7.310725999996066e-06
2.2970460000215098e-08;8.294494000147097e-08;5.484142000204883e-06;6.947780000045896e-06
1.8939224998757708e-08;8.415600000298582e-08;6.121576000005007e-06;7.885960000567139e-06
2.3349909999524244e-08;1.044573399994988e-07;7.566694000270218e-06;6.927982000051998e-06
1.8366125000466127e-08;8.309561999631115e-08;6.676705999998376e-06;7.000416000373661e-06
2.3481370000808965e-08;8.123337999568321e-08;5.8727140002883974e-06;7.046145999920554e-06
1.952735499944538e-08;8.372694000136108e-08;5.906772000016644e-06;7.756626000045798e-06
1.920024499995634e-08;8.969334000139497e-08;5.310196000500582e-06;7.415517999907024e-06
2.03586899995571e-08;9.451832000049763e-08;6.580940000130795e-06;8.021072000265122e-06
2.464250000048196e-08;1.0698774999764282e-07;7.3196260002441704e-06;8.21661599969957e-06
2.370156000251882e-08;8.767577999969944e-08;6.878283999976702e-06;7.374167999951169e-06
2.2309450001921503e-08;9.26606199995149e-08;7.708503999747335e-06;7.889273999608122e-06
2.0631520000461022e-08;8.713799999677576e-08;7.498391999979503e-06;7.937538000405766e-06
2.1276334999129176e-08;1.0840510000707581e-07;7.0089919999009e-06;6.945693999878131e-06
2.0724270000937395e-08;9.023255999782122e-08;6.622529999585822e-06;8.094628000399099e-06
2.2142290000920183e-08;7.908063999493606e-08;5.725780000211671e-06;7.417970000533387e-06
2.1708590001799165e-08;7.532673999667167e-08;6.9959540001582355e-06;7.56351199990604e-06
1.9161429999803657e-08;8.929636000539177e-08;6.66864600032568e-06;7.519736000103876e-06
2.2795654999208637e-08;9.161693999776616e-08;7.880116000305862e-06;7.920811999938451e-06
2.1128150000004097e-08;9.583679999923333e-08;6.417001999798231e-06;6.809597999672405e-06
2.3057339998194948e-08;8.646348000038415e-08;7.6161220000358295e-06;8.672595999669284e-06
2.2773379998398013e-08;9.119918000069447e-08;5.7237020001048224e-06;8.011740000220016e-06
2.3442540000542067e-08;9.515623999759554e-08;7.54955600015819e-06;7.81901000009384e-06
2.0177960000000894e-08;8.476539999828674e-08;7.295476000290364e-06;7.414734000340104e-06
2.1121589999529533e-08;8.344445999828168e-08;6.019201999879442e-06;6.766734000411816e-06
1.7750505000003612e-08;8.489942000014708e-08;5.837468000245281e-06;6.955613999743946e-06
2.010188999993261e-08;7.989858000073582e-08;6.268945999909192e-06;7.0338039996568115e-06
2.1402160001161974e-08;9.396609999821521e-08;6.707552000298164e-06;7.592521999613382e-06
2.479618999932427e-08;9.214695999980905e-08;7.429083999595605e-06;7.835965999984182e-06
2.3271090001799167e-08;1.0366044999682345e-07;7.811945999856107e-06;7.748222000082023e-06
2.1138090000022204e-08;8.944810000248253e-08;7.199717999901622e-06;8.069725999957882e-06
2.206943999917712e-08;8.214633999741637e-08;6.884627999970689e-06;8.140184000367299e-06
2.0680060001905076e-08;8.086115999612957e-08;6.261311999987811e-06;7.576093999668955e-06
2.1074414999748114e-08;8.166831999551505e-08;7.154912000405602e-06;7.637803999823518e-06
2.3561619999236427e-08;9.391896000015549e-08;6.247905999771319e-06;7.846038000425324e-06
2.139694000070449e-08;9.072398000280372e-08;7.588463999563828e-06;7.620846000500023e-06
2.0932699998957104e-08;1.0154225000587758e-07;6.03828799969051e-06;8.030503999907524e-06
1.976182499929564e-08;7.92955599958077e-08;6.790478000184521e-06;6.684082000283525e-06
2.0340009999927134e-08;8.790559999761172e-08;6.927568000392057e-06;7.651174000347964e-06
2.2189759998582304e-08;9.972333999467083e-08;7.721155999461188e-06;7.755013999994844e-06
2.4399829999310895e-08;9.871497999993152e-08;8.157095999922604e-06;7.675047999946401e-06
2.581341000040993e-08;9.495178000070155e-08;7.448001999873668e-06;8.303459999733605e-06
2.212395000096876e-08;9.180807999800891e-08;7.32081200054381e-06;8.390148000326007e-06
2.2903699998278172e-08;8.051681999932043e-08;7.361650000093505e-06;7.765815999591723e-06
2.2882509999908507e-08;1.1053414999332745e-07;6.696256000432186e-06;8.327596000162885e-06
1.952945999946678e-08;9.369924000347965e-08;7.247608000179752e-06;7.976246000034734e-06
2.073810999863781e-08;8.071621999843046e-08;7.187118000001647e-06;7.787624000338837e-06
2.5939290001406334e-08;8.916430000099354e-08;7.086382000125013e-06;7.844888000399805e-06
2.163623000087682e-08;8.921659999759868e-08;7.921740000019782e-06;8.357724000234157e-06
2.03871200006688e-08;1.0232384999108035e-07;7.038205999997444e-06;8.655710000311955e-06
1.5728795000177343e-08;8.518345999764279e-08;7.636924000107684e-06;8.036231999867595e-06
2.52845899987733e-08;8.466646000160836e-08;6.627319999970496e-06;7.272031999891624e-06
2.1107330001541412e-08;1.0363749999669381e-07;7.192067999858409e-06;7.705153999850154e-06
2.2523954999633135e-08;8.774498000275344e-08;6.998259999672882e-06;8.395137999905274e-06
2.0436279999557884e-08;8.958790000178851e-08;7.204079999937676e-06;7.780188000178896e-06
2.148213000036776e-08;9.105394000071101e-08;7.70602600008715e-06;7.73877400031779e-06
2.3591960000339896e-08;1.0288804999436252e-07;6.56570199993439e-06;7.5064360001124444e-06
2.2620720000122675e-08;8.503993999911472e-08;6.105745999957435e-06;7.704541999846698e-06
2.109123000118416e-08;8.409559999709017e-08;6.769349999958649e-06;7.604353999486193e-06
2.28318199981004e-08;1.0086108000250533e-07;6.768320000264793e-06;7.624852000153624e-06
2.4854679999407382e-08;1.0486615999834612e-07;7.413457999937236e-06;7.918709999648854e-06
2.2751559998141603e-08;8.92643400002271e-08;7.304238000069745e-06;6.8573660001857205e-06
2.3712809997959995e-08;1.0617204000009224e-07;7.431625999743119e-06;7.63344999984838e-06
2.236450999916997e-08;9.149155999766662e-08;7.661298000020907e-06;8.433912000036799e-06
2.1383730000525248e-08;8.380475999438205e-08;7.306986000039615e-06;7.822540000197478e-06
2.1587410000211095e-08;1.0442169998714235e-07;6.793871999834664e-06;7.904515999834985e-06
2.0382170000812038e-08;8.463552000466735e-08;6.025025999988429e-06;8.183034000103363e-06
2.297161999740638e-08;1.0391940000117756e-07;5.976749999681488e-06;8.125638000201434e-06
2.1792190000996927e-08;9.078671999741346e-08;7.228237999952398e-06;8.114708000211976e-06
2.252378000121098e-08;8.39594799967017e-08;8.043848000233993e-06;7.919980000006035e-06
2.0440449999296107e-08;8.318531999830156e-08;7.4969999998575074e-06;8.400282000075095e-06
2.3936844999843744e-08;1.0029190000204835e-07;7.107706000097096e-06;7.2862680000253025e-06
2.0961980000720358e-08;7.675748000037857e-08;6.514504000078887e-06;7.850572000024841e-06
2.0884249999653548e-08;8.480849999468774e-08;7.2770260000834245e-06;7.573647999670356e-06
2.1166939998511225e-08;7.599889999837614e-08;6.2371439998969435e-06;7.936137999640777e-06
2.212039000005461e-08;9.828772000037133e-08;6.371812000288628e-06;7.871499999891967e-06
2.223697000008542e-08;7.858700000215321e-08;7.203503999626264e-06;7.875016000471078e-06
2.2208444999705536e-08;8.743627999792806e-08;6.520154000027105e-06;7.3773120000259954e-06
2.2129430001950823e-08;8.66273200022988e-08;7.078555999905802e-06;7.333468000288122e-06
2.002978500095196e-08;8.140403999714181e-08;6.70146599994041e-06;8.067138000042177e-06
2.178589999966789e-08;8.063328000134788e-08;6.506066000438295e-06;7.388891999726183e-06
2.0105020000482908e-08;7.425201999722049e-08;7.222792000393384e-06;7.4406659998930995e-06
2.2901430001365952e-08;9.873177999979816e-08;7.068790000048466e-06;7.75097600009758e-06
2.1104949999426026e-08;1.0515069999382832e-07;6.073949999990873e-06;7.526284000487067e-06
2.1035029998165554e-08;9.115834000403993e-08;6.185572000104003e-06;7.193692000000738e-06
2.4203049999778158e-08;9.005150000448339e-08;7.524885999737308e-06;7.723630000255071e-06
2.238502999971388e-08;7.857207999913953e-08;7.094989999895916e-06;7.687421999871731e-06
2.073460000101477e-08;8.954210000229068e-08;6.447008000104688e-06;7.513656000373885e-06
1.882374500128208e-08;8.752384000108578e-08;7.67385600018315e-06;7.316240000072867e-06
2.054812000133097e-08;8.002215999877081e-08;7.237112000002526e-06;6.887917999993079e-06
1.8300520000047982e-08;8.133622000459581e-08;6.322028000140562e-06;7.451015999540687e-06
2.111354999942705e-08;7.405538000166417e-08;7.348304000333883e-06;7.500727999722585e-06
2.424186999851372e-08;8.551923999912105e-08;6.016124000307173e-06;7.495003999792971e-06
1.9080490000487772e-08;8.354490000056103e-08;1.1000849999836646e-05;1.0107284000259824e-05
1.858633500087308e-08;8.181609999737702e-08;1.0390595000353641e-05;1.0233330000482966e-05
1.8989974999567492e-08;9.168729999801144e-08;1.0853430000133813e-05;9.67691800033208e-06
2.0021715000621045e-08;7.983177999849431e-08;1.0560974999680183e-05;9.93854200001806e-06
1.7986289999680592e-08;8.33221000037156e-08;9.73660200019367e-06;9.794452000060119e-06
1.6880884999409317e-08;8.213735999888741e-08;9.427368000033312e-06;1.0431315000460017e-05
1.8953220000548753e-08;7.544025999959558e-08;1.1494514999503736e-05;9.945296000223607e-06
2.0823550000204705e-08;9.027527999714949e-08;9.977858000202104e-06;1.0294249999569728e-05
2.1046060000662692e-08;8.17373999976553e-08;1.0635775000264402e-05;1.0381630000483711e-05
1.9082770000386517e-08;8.440087999915705e-08;9.102960000163875e-06;9.380473999772221e-06
2.115069499996025e-08;7.502494000364095e-08;9.633234000066295e-06;9.410987999872304e-06
2.005842000071425e-08;8.665780000155792e-08;1.038321600004565e-05;9.475133999949322e-06
1.853592500119703e-08;7.780494000180624e-08;9.778887999709696e-06;9.354950000415555e-06
1.672085500031244e-08;8.190573999891057e-08;9.477835999568924e-06;1.0020027999999001e-05
1.914020999975037e-08;8.160073999897577e-08;9.336385999922641e-06;1.0735257999622263e-05
2.043481000000611e-08;7.634022000129335e-08;1.0270494999713265e-05;9.648900000029243e-06
1.9221940000716132e-08;8.583966000005603e-08;1.0112914000055753e-05;9.618572000181302e-06
2.041909000254236e-08;7.574463999480941e-08;1.0560589999658987e-05;1.0136724999756552e-05
2.008274999971036e-08;7.923927999800071e-08;1.0691844000248238e-05;9.218344000400975e-06
2.0258490002015607e-08;7.876231999834999e-08;9.120016000233591e-06;9.415984000079334e-06
2.0681469998089596e-08;7.647924000048079e-08;8.92428999999538e-06;1.004230800026562e-05
1.8849534999753815e-08;7.982672000071034e-08;1.0124640000867657e-05;9.945456000277772e-06
2.0169700001133606e-08;8.009977999608964e-08;9.27957999985665e-06;9.235908000264316e-06
1.839672999922186e-08;7.752442000200972e-08;9.796726000495255e-06;1.018519500066759e-05
2.085594500094885e-08;8.147063999786041e-08;9.376441999920644e-06;9.13371599977836e-06
2.1374409999407363e-08;7.28026199969463e-08;8.820395999937318e-06;9.202453999896534e-06
1.9143705000169576e-08;8.569969999953173e-08;9.511135999928229e-06;9.214972000336275e-06
1.74595650008996e-08;8.449997999705374e-08;1.021947499975795e-05;9.097015999723225e-06
2.0448319998104127e-08;7.844335999689065e-08;1.1158379999687896e-05;1.0095653999596834e-05
1.7703409999376162e-08;9.166141999885439e-08;1.0031500000040978e-05;1.0064126000506804e-05
2.3508010001387448e-08;7.651277999975718e-08;9.090804000152275e-06;1.1048529999970924e-05
2.0273404999170453e-08;9.095112000359222e-08;1.0731969999324066e-05;1.0845186000224204e-05
2.0745760000136216e-08;7.873485999880358e-08;1.0594314998888876e-05;9.394915999728256e-06
2.069410000112839e-08;8.431327999569476e-08;1.0617867999826558e-05;1.0095899998850655e-05
1.9584504999511408e-08;7.795996000058949e-08;1.0185644999728539e-05;9.822871999931521e-06
2.0690130000002684e-08;7.434817999601364e-08;1.1028716000146232e-05;9.4974579999689e-06
2.002734999987297e-08;9.286931999959052e-08;1.0838649999641348e-05;9.79180800030008e-06
1.8316779998713172e-08;7.985340000013821e-08;1.1141855000460055e-05;1.0956704999262002e-05
2.0299784999224357e-08;7.850800000014715e-08;1.1252939999394585e-05;9.109228000161239e-06
1.8754440000338944e-08;1.04574249999132e-07;1.0948554999777116e-05;1.0619284999847877e-05
2.049033000075724e-08;8.677297999965958e-08;1.0058749999734573e-05;1.0679145000176504e-05
2.0009520000894554e-08;8.238629999686964e-08;1.0909199999878184e-05;9.958650000044144e-06
2.109643000003416e-08;8.981751999817788e-08;1.1454229999799282e-05;1.035368200042285e-05
2.1282119999523276e-08;8.563434000243433e-08;9.274816000252031e-06;1.0148139999364503e-05
2.2078579998924398e-08;8.192216000170446e-08;1.1841774999629707e-05;9.304261999786832e-06
2.208366999984719e-08;8.266938000451773e-08;1.1471069999970495e-05;1.056945500022266e-05
2.0730789998196996e-08;8.855987999704667e-08;1.0272967999917455e-05;1.017643999948632e-05
2.0387109997682274e-08;8.737963999737986e-08;1.03551599997445e-05;1.0245730000315235e-05
1.9131774999550543e-08;9.791410000179894e-08;1.0084199999982957e-05;1.1306150000018533e-05
2.0040544999937992e-08;1.0039084999880288e-07;1.0109383999952115e-05;1.0830100000021049e-05
2.0498949999455362e-08;7.851356000173837e-08;1.0114965001412202e-05;9.92714399995748e-06
2.0024585000646765e-08;8.436354000004939e-08;1.032386500010034e-05;1.0483360000071116e-05
1.8605859999661335e-08;9.098847999703139e-08;1.0550840001087636e-05;9.822369999601506e-06
2.091167000180576e-08;8.673058000276797e-08;1.1138919999939389e-05;1.0530212000012398e-05
2.320002999913413e-08;8.232791999471374e-08;1.1115050000080373e-05;1.137981499923626e-05
1.8999929999699815e-08;8.859138000407257e-08;1.1450379999587312e-05;9.845189999905415e-06
1.8192154999997e-08;8.411546000279486e-08;9.57215600006748e-06;1.007051800028421e-05
2.171076000086032e-08;8.375066000153311e-08;1.0290330000862014e-05;1.082453999988502e-05
2.1895389999554028e-08;8.330038000131025e-08;1.169005000119796e-05;1.0389174999727401e-05
2.0888489999924785e-08;8.636882000137121e-08;1.0422139998991042e-05;1.1087674999726006e-05
1.7267489999358077e-08;8.884977999841794e-08;9.997670000302605e-06;1.0597204000223429e-05
2.0916469997609965e-08;9.270838000229559e-08;1.099848000012571e-05;1.089949000015622e-05
2.000277999904938e-08;8.617082000127994e-08;1.0608690000663045e-05;9.219029999803752e-06
2.1911559998989106e-08;8.82318000018131e-08;1.1005845000909175e-05;1.0860384999250527e-05
1.765492999984417e-08;8.262738000485115e-08;1.0875344999658409e-05;1.1224260000744834e-05
2.1022999999695458e-08;8.620647999923676e-08;1.2122319999616593e-05;9.623973999987356e-06
2.2292210001614878e-08;8.870289999758825e-08;1.03536950002308e-05;1.0899535000498872e-05
2.2365519998129456e-08;9.523152000037953e-08;1.0626332000247203e-05;1.1053170000377578e-05
2.177414000034332e-08;9.47686999978032e-08;1.1281850001250859e-05;1.0760629999276716e-05
2.337251999997534e-08;7.80302400002256e-08;1.0943608000525274e-05;1.0973890000605025e-05
2.227687000122387e-08;8.39891399955377e-08;1.1998205000418238e-05;1.0243490000721068e-05
2.1237419999670238e-08;8.593246000236831e-08;1.0421439999481663e-05;1.1959634999220725e-05
2.103536499926122e-08;7.41729800007306e-08;8.660019999952056e-06;1.0200005999649874e-05
2.1264409998548218e-08;9.372334000072443e-08;1.2227929999062325e-05;1.0961838000221179e-05
2.4019579999730923e-08;9.490202000015415e-08;1.1385665000125301e-05;1.185385499993572e-05
2.380509999929927e-08;7.78426400036551e-08;9.96996199944988e-06;9.156099999672734e-06
1.8118985000182873e-08;8.188089999603108e-08;1.1924595999880694e-05;9.665079999831505e-06
2.0237259997520597e-08;8.065126000437886e-08;9.428208000026643e-06;1.0525732000241988e-05
2.1921054999984336e-08;8.417718000127934e-08;1.1698219999379944e-05;1.0551196000305935e-05
2.0710119997966102e-08;9.237081999890506e-08;1.195181499933824e-05;1.12477550006588e-05
2.2687654999026564e-08;8.74308199970983e-08;1.1914019999676384e-05;1.016031000035582e-05
2.2432150001986885e-08;9.203989999950863e-08;1.0953176000039094e-05;1.020138500025496e-05
2.2599709997302853e-08;1.025507500016829e-07;1.0469254999770783e-05;9.91130999987945e-06
2.3891080002067612e-08;9.080492000211962e-08;1.027341000008164e-05;1.1768165000830776e-05
2.3465940001187845e-08;9.765187999582849e-08;1.0847350000403822e-05;1.0707739999634214e-05
2.3518430002150124e-08;1.0058230000431649e-07;1.0857604999910109e-05;1.0346519999438896e-05
2.3500675000832417e-08;8.84515999990981e-08;1.1542849999386817e-05;1.0073265999672003e-05
2.2456689999671653e-08;9.42075599974487e-08;1.2447085000167135e-05;1.0851169998932164e-05
2.0267729999613948e-08;8.784422000171616e-08;1.0722675001306924e-05;1.0271589999319986e-05
2.3011619999306276e-08;8.960124000441284e-08;1.2440659999265336e-05;1.1602650000713766e-05
2.2168824999243952e-08;7.638760000118054e-08;1.2847584999690299e-05;1.0386560000188182e-05
2.2282670000276995e-08;1.0023005999973975e-07;1.2405829998897388e-05;1.0766025001066736e-05
2.381716499949107e-08;9.563407999812625e-08;1.0709754998970312e-05;1.0673790000146254e-05
2.321228000073461e-08;8.724287999793887e-08;1.1483478000154718e-05;1.1160270000982563e-05
2.4886989998049104e-08;8.532895999960601e-08;1.1402609999640845e-05;1.1009484999522101e-05
2.329062999924645e-08;8.194321999908425e-08;1.0809470000094734e-05;1.0519980000390206e-05
2.3773009999422357e-08;8.26956800010521e-08;1.0609939999994822e-05;1.0612932000076398e-05
2.103501000092365e-08;8.403808000148274e-08;1.0735114000272006e-05;1.0718995000934228e-05
2.4042205000296234e-08;9.127602000371553e-08;1.1815904999093619e-05;1.1199994999333284e-05
2.4516719998791814e-08;8.690582000417634e-08;1.2681980000343174e-05;1.0572039999533445e-05
2.274139000073774e-08;9.220358000020496e-08;1.6927679999207613e-05;1.1785114998929202e-05
2.489820999908261e-08;9.580755999777466e-08;1.4804830000502988e-05;1.3180730000021868e-05
2.0932019999600017e-08;8.092788000358268e-08;1.3099994999356568e-05;1.5027490000647959e-05
2.183431999874301e-08;9.677625999902375e-08;1.6040680000151042e-05;1.2094220001017674e-05
2.3375909999595024e-08;9.961798000149429e-08;1.6075445000024047e-05;1.3735504999931436e-05
2.4487220001174137e-08;1.0269739999785088e-07;1.799482500064187e-05;1.540300000051502e-05
2.1279934998892715e-08;1.0614065999980085e-07;1.704817499994533e-05;1.4047859999118373e-05
2.0215650001773612e-08;9.090697999927215e-08;1.4376554999034852e-05;1.419783499877667e-05
2.0645700002205557e-08;8.607914000167512e-08;1.4554314999259076e-05;1.4812070000334642e-05
1.9268704998830797e-08;8.583429999998771e-08;1.5013515000464395e-05;1.240947999904165e-05
2.1332180002355016e-08;7.820371999987401e-08;1.6697994999412913e-05;1.300690000061877e-05
1.900644499983173e-08;8.75482200004626e-08;1.4542134999646806e-05;1.1271400000259746e-05
2.0305979999830015e-08;9.175046000164003e-08;1.3047499999811406e-05;1.2938985000073444e-05
2.1348450001096353e-08;1.0057881999528036e-07;1.4406459999736399e-05;1.420730500103673e-05
2.1935920001124032e-08;1.0329324999474921e-07;1.7527514998801054e-05;1.4283314999192952e-05
2.3368580001988447e-08;9.542635999969207e-08;1.8326420000812504e-05;1.3583844999084249e-05
2.3719169999822044e-08;1.0476894999737852e-07;1.6035679999913553e-05;1.4453890000004322e-05
2.4452850001398474e-08;1.0186524999153335e-07;1.8307510000886394e-05;1.458180499903392e-05
2.4594100000103934e-08;9.069770000060088e-08;1.5991299999586774e-05;1.4797564999025781e-05
2.222843999916222e-08;1.0244284999498632e-07;1.7853269999613985e-05;1.4359444999718107e-05
2.1093880000989885e-08;1.0772260000521782e-07;1.771022000029916e-05;1.46004250011174e-05
2.270002999866847e-08;1.03814850008348e-07;1.2740349999512545e-05;1.3342355001077522e-05
2.4564800001098775e-08;9.300771999987773e-08;1.5375670000503304e-05;1.3494889999856241e-05
2.112665000022389e-08;9.751374000334182e-08;1.8949224999232683e-05;1.262503000034485e-05
2.164863499929197e-08;8.466547999996692e-08;1.253428499912843e-05;1.1918495000281837e-05
1.8152774999907705e-08;8.047264000051654e-08;1.702178499981528e-05;1.258780499920249e-05
2.1190110000316054e-08;8.9291160000721e-08;1.6659039999649393e-05;1.2452569999732076e-05
2.0602169999619946e-08;8.28845799958799e-08;1.2875574998906813e-05;1.2990349999745377e-05
2.3669839999638497e-08;8.729345999890938e-08;1.4333050001005176e-05;1.4096480001171585e-05
2.189836499892408e-08;1.0771774999739137e-07;1.7366304999450222e-05;1.0382175000268035e-05
2.4491919999127278e-08;9.264987999922596e-08;1.4719180000247433e-05;1.335681500058854e-05
2.217854500049725e-08;1.0481420000724029e-07;1.5933184999448715e-05;1.421713500021724e-05
2.100417999899946e-08;9.817402000189759e-08;1.6711860000214075e-05;1.3755810000293423e-05
2.3046740000427236e-08;8.887123999884352e-08;1.6764914999657775e-05;1.2357029999839143e-05
2.3261074999754784e-08;8.219032000051811e-08;1.7513629999302794e-05;1.5065729999332688e-05
1.7955869999423158e-08;8.26340200030245e-08;1.5490159999171737e-05;1.2369229999603704e-05
1.948318499926245e-08;8.678166000172496e-08;1.4581774998805485e-05;1.417883499962045e-05
2.153360999946017e-08;9.320216000196524e-08;1.7245555001136383e-05;1.1281064999639056e-05
2.3039710000739433e-08;8.764641999732703e-08;1.3303784999880008e-05;1.2832424999214708e-05
2.3700739999185318e-08;7.152826000237837e-08;1.4994979999028146e-05;1.1909244999696966e-05
2.0910559999174437e-08;9.277973999851384e-08;1.7013345001032576e-05;1.2093279999680818e-05
2.1294834998843727e-08;8.669396000332199e-08;1.4876339999318589e-05;1.2172555000870489e-05
2.0719119999557733e-08;8.326822000090032e-08;1.4659114999813027e-05;1.3884140001027845e-05
1.9637869999860413e-08;8.070169999846257e-08;1.5900630000396632e-05;1.403479000000516e-05
2.0673910000186878e-08;9.236064000288025e-08;1.6541079999296927e-05;1.3396035000914708e-05
2.215950499958126e-08;8.832716000033543e-08;1.6859619999013374e-05;1.2960449999081902e-05
2.055067000037525e-08;8.947302000015043e-08;1.3089705001038965e-05;1.2152010000136215e-05
2.0895160001236947e-08;8.430053999763914e-08;1.6315880000183826e-05;1.3419189999694936e-05
2.4474419999751263e-08;8.636636000010185e-08;1.6592519999539945e-05;1.3375989999622106e-05
2.1573060000082476e-08;8.960642000311055e-08;1.4935779999359511e-05;1.251930500002345e-05
1.9353699999919627e-08;9.593931999988854e-08;1.4884409999649506e-05;1.0753719999047462e-05
2.0590309999533927e-08;8.019603999564424e-08;1.5256475000933278e-05;1.3298335000581573e-05
2.1194135000405366e-08;9.269060000078753e-08;1.3748774999112356e-05;1.4597074998891913e-05
2.1083394999732263e-08;8.385090000228957e-08;1.6492279998783488e-05;1.2528885000210722e-05
2.1822780001093634e-08;8.666279999888502e-08;1.4816014999814797e-05;1.4420265000080689e-05
2.084931000135839e-08;8.343729999614879e-08;1.547450500074774e-05;1.4213370000652503e-05
2.0152260002214463e-08;8.284350000321866e-08;1.7389274999732153e-05;1.3945119999698362e-05
2.2779400000581518e-08;7.30076200037729e-08;1.3793489999079611e-05;1.3580575000378304e-05
2.1531830000458284e-08;9.466148000210523e-08;1.259202500077663e-05;1.3380429999961052e-05
1.7685669999627862e-08;1.0064764998969622e-07;1.2850269999762532e-05;1.4484079999965615e-05
2.1076585000264457e-08;9.33491599978879e-08;1.8346960000053515e-05;1.24704150002799e-05
1.9759374999557623e-08;9.033895999891683e-08;1.3494920000084676e-05;1.144808999961242e-05
2.246811999939382e-08;8.523138000164181e-08;1.6419915000733455e-05;1.3108590000774711e-05
2.29831100004958e-08;9.206384000135586e-08;1.4656390000891406e-05;1.244965000078082e-05
2.0148779998999088e-08;9.220840000198223e-08;1.3959855001303367e-05;1.068288500100607e-05
2.076029500021832e-08;7.049294000025839e-08;1.4635680000355933e-05;1.2786944999243133e-05
1.8958185000519734e-08;8.506733999820426e-08;1.3491665000037757e-05;1.2466380000114441e-05
2.294054999947548e-08;7.757585999788717e-08;1.374643499875674e-05;1.1949290000484325e-05
1.898886999988463e-08;7.941743999836035e-08;1.411919499951182e-05;1.2716469999577384e-05
2.063318500004243e-08;8.227828000090085e-08;1.3443850001203827e-05;1.1792384998989291e-05
1.7492595000658184e-08;7.994024000363424e-08;1.3193840000894851e-05;1.302700999949593e-05
2.0833334999042564e-08;1.0033977999701165e-07;1.3461500000266824e-05;1.2166845001047476e-05
1.894478500034893e-08;8.575416000094264e-08;1.5016049999394454e-05;1.2951625000278e-05
2.07946800001082e-08;8.00002800009679e-08;1.658219000091776e-05;1.183108999975957e-05
2.0550150002236478e-08;8.982655999716372e-08;1.261701500043273e-05;1.1462344999017659e-05
2.0352865000313614e-08;8.576294000376947e-08;1.3466345000779257e-05;1.1536429999978281e-05
2.185602999816183e-08;7.949531999765895e-08;1.2521445000311359e-05;1.1774225000408478e-05
1.8473705000360498e-08;7.842041999683715e-08;1.4323699999658857e-05;1.181730999960564e-05
1.724975999968592e-08;1.0254474999965169e-07;1.3146074999531265e-05;1.2759304999781307e-05
1.884515999990981e-08;9.118946000235155e-08;1.2230989999079612e-05;1.157076999952551e-05
1.9211540000105743e-08;7.728596000233665e-08;1.3964719999057706e-05;1.1956194999220315e-05
1.934618499944918e-08;7.044428000226617e-08;1.3863349999883213e-05;1.1627569999836851e-05
1.8612519999442158e-08;8.384184000315144e-08;1.2559440000040922e-05;1.2082224999903702e-05
1.9280784999136814e-08;7.680207999655976e-08;1.3150694999785628e-05;1.1647214999538847e-05
1.8341995000082534e-08;8.308488000184298e-08;1.4084239999647252e-05;1.088255500071682e-05
1.9356905001041012e-08;7.920109999831766e-08;1.2814044998958706e-05;1.1995170000591315e-05
1.6726180000114255e-08;7.43332999991253e-08;1.2610805001168047e-05;1.069835500093177e-05
1.8078095000237227e-08;8.08809999958612e-08;1.1705800000345334e-05;1.1461999999301042e-05
1.6508809999504593e-08;7.81773000024259e-08;1.304206999921007e-05;1.1069089999364224e-05
1.7096309999760706e-08;7.32040400034748e-08;1.2745410000206902e-05;1.1013484999421052e-05
2.2275049999007025e-08;6.963134000543505e-08;1.3101939999614842e-05;1.0752454999601469e-05
1.8670759999076835e-08;7.276305999839679e-08;1.2112744999467396e-05;1.0903315000177827e-05
1.6940270000486635e-08;7.716380000347272e-08;1.3297084999794605e-05;1.315898000029847e-05
1.902824499993585e-08;6.793515999452211e-08;1.4914340000541415e-05;1.2210079999931623e-05
1.6693755000596866e-08;6.823800000129267e-08;1.3373050000518561e-05;1.2741335001192055e-05
2.0104929999797603e-08;7.577760000131093e-08;1.2913505001051816e-05;1.0468699999910313e-05
1.745567000034498e-08;7.703519999631681e-08;1.3426890000118874e-05;1.1847475000831764e-05
2.0720464999612885e-08;7.957084000227041e-08;1.4474629999313038e-05;1.2159565000911244e-05
1.950719000014942e-08;7.727179999928921e-08;1.24824250000529e-05;1.1521504999836907e-05
1.9043555000098423e-08;6.733430000022054e-08;1.2826669999049045e-05;1.3331250000919682e-05
1.7812544999469538e-08;4.967646000441164e-08;4.371340000070632e-06;5.3969760000472885e-06
2.021495000226423e-08;6.545359999872744e-08;5.122679999913089e-06;5.10800999996718e-06
1.8395770000643097e-08;5.5705539998598394e-08;5.202799999970011e-06;5.345669999951497e-06
1.7826754999987314e-08;5.044706000480801e-08;4.777782000019215e-06;5.498287999653258e-06
1.6571904999727848e-08;5.314437999622896e-08;4.805970000452362e-06;5.0571720005245875e-06
1.7602430000260938e-08;6.146941999904811e-08;5.318099999567494e-06;5.148213999927975e-06
1.821392999991076e-08;5.339434000197798e-08;5.3807340003550056e-06;5.527260000235401e-06
1.9336124999972526e-08;5.4482359997928144e-08;4.9303760001203045e-06;5.4302059998735785e-06
1.8414280000433792e-08;5.398708000429906e-08;5.805414000060409e-06;5.616188000421971e-06
2.413415999908466e-08;5.5325079994508996e-08;6.110287999617867e-06;5.437615999835543e-06
1.9811690000642557e-08;6.391433999524452e-08;5.265066000283696e-06;4.956000000238418e-06
2.1003940000082365e-08;5.710123999742791e-08;5.373868000460789e-06;5.116994000272826e-06
2.043870499910554e-08;5.4637160000856965e-08;5.568764000199735e-06;5.321252000285313e-06
1.6757365000376013e-08;6.131489999825135e-08;5.6432800000766295e-06;4.942620000219904e-06
1.8613260000711305e-08;5.693701999844052e-08;5.536960000172257e-06;5.376667999662459e-06
1.9746140000643208e-08;5.5007980001391846e-08;5.5401100002927706e-06;5.404482000158169e-06
1.9813235000765416e-08;5.812734000501223e-08;4.996403999975883e-06;5.173949999734759e-06
2.164082999806851e-08;5.203125999541953e-08;4.899853999959305e-06;5.592692000209354e-06
1.9557569999597035e-08;5.482228000182658e-08;5.747864000150002e-06;5.9264739998616275e-06
2.0401770001626574e-08;5.353597999783233e-08;5.239422000013292e-06;5.390882000210695e-06
1.924315500073135e-08;5.2688620000844824e-08;5.672716000117362e-06;5.1184200000716375e-06
2.1322350000264122e-08;5.254490000079386e-08;5.650181999662891e-06;5.319041999755427e-06
2.109900999930687e-08;6.203427999862469e-08;5.064683999517001e-06;5.961333999875933e-06
1.6105165000772104e-08;5.889615999767557e-08;4.573365999967791e-06;5.3312480001477526e-06
1.8107804999453948e-08;5.094796000048518e-08;5.503176000202074e-06;5.0682860001688826e-06
2.0297639997443183e-08;5.449040000094101e-08;5.0200460001360625e-06;5.678688000189141e-06
1.894966999971075e-08;5.401216000318527e-08;5.589359999867156e-06;5.127984000137076e-06
1.989824500051327e-08;5.755561999976635e-08;5.752425999962725e-06;5.7142960000783204e-06
2.313300999958301e-08;6.000317999860272e-08;5.518473999691196e-06;5.158681999891997e-06
1.8086539999058004e-08;5.074879999738186e-08;5.726188000408001e-06;5.259072000044398e-06
2.3661359999096022e-08;6.121424000011757e-08;6.07639400055632e-06;6.151453999918886e-06
2.1808940000482836e-08;4.9976939999032767e-08;5.667713999864645e-06;5.778210000135004e-06
2.15805600018939e-08;6.19176400010474e-08;5.677612000145018e-06;5.502613999997265e-06
2.211333999875933e-08;5.58523400046397e-08;5.245748000452295e-06;6.090356000349857e-06
2.319155500008492e-08;7.029617999796756e-08;5.787422000430524e-06;5.086236000061035e-06
2.267454499960877e-08;5.432635999750346e-08;5.72647400025744e-06;5.385801999946125e-06
2.1610279999731573e-08;5.850728000514209e-08;6.2040380004327746e-06;5.66340199962724e-06
2.3187230000621638e-08;6.092434000456706e-08;6.214325999608264e-06;6.0220000002300365e-06
2.160794999799691e-08;5.6190559995593505e-08;6.147890000138432e-06;6.0480939998524265e-06
2.3281510001106654e-08;6.41164199972991e-08;6.055380000034347e-06;5.338175999931991e-06
2.3181820000172594e-08;6.58929800032638e-08;5.248117999872193e-06;5.86719999962952e-06
2.1776100000715814e-08;6.093020000262186e-08;6.172447999706492e-06;6.358049999689684e-06
2.2076804999960587e-08;5.530144000076689e-08;4.832520000054501e-06;5.21930799994152e-06
1.8965354999818373e-08;5.077715999796055e-08;5.6897760002175345e-06;5.506762000150047e-06
2.147543999890331e-08;5.681854000431485e-08;5.119977999711409e-06;5.907047999789938e-06
1.7750689999957104e-08;5.899839999619871e-08;4.9076160002732645e-06;5.3971000004094095e-06
2.0016710000345484e-08;5.364239999908023e-08;5.267324000014923e-06;5.51128199964296e-06
1.9732014999317473e-08;5.599870000150986e-08;5.178122000070289e-06;6.042928000097163e-06
1.925405999936629e-08;6.061025999952107e-08;6.013404000550509e-06;5.718785999924876e-06
1.6467645000375343e-08;4.892188000376336e-08;4.756711999652907e-06;5.6100079999305305e-06
2.0192034999490716e-08;5.5046759999822824e-08;5.3315400000428785e-06;5.8166819997131824e-06
2.1604889997979626e-08;4.9529200000688437e-08;5.395910000079311e-06;5.259129999903962e-06
1.7802094999933614e-08;5.62034800008405e-08;4.864761999924667e-06;5.8663959999103095e-06
1.9408699999621604e-08;5.510936000500806e-08;5.02443800040055e-06;4.90243999985978e-06
1.6484605000005104e-08;5.577173999627121e-08;5.211534000118263e-06;5.707975999685004e-06
2.0137009999598377e-08;7.097053999896161e-08;6.073049999540672e-06;5.576900000451133e-06
1.6966169999795967e-08;5.702609999570995e-08;5.610274000209756e-06;5.388871999457478e-06
1.8877530000463593e-08;5.308051999891177e-08;5.179487999994308e-06;5.057407999993302e-06
1.6367609999724664e-08;5.2094760001637044e-08;5.630431999452412e-06;6.329066000180319e-06
2.081324000027962e-08;6.643035999732092e-08;4.808783999760635e-06;6.677449999842793e-06
2.139988999988418e-08;6.430424000136554e-08;5.941798000130802e-06;5.562164000002667e-06
1.970527499943273e-08;6.419344000169076e-08;4.495090000564233e-06;5.4789659997913985e-06
1.9984180000028574e-08;5.852816000115126e-08;4.399043999728747e-06;5.610451999818906e-06
2.6101529999868945e-08;5.499859999981709e-08;5.647174000041559e-06;5.169558000052348e-06
2.139420000021346e-08;6.730120000429451e-08;5.2509840001584966e-06;5.129214000189677e-06
1.9979754999803845e-08;7.062914000125601e-08;5.318199999746867e-06;5.552939999615773e-06
2.038819000008516e-08;5.227315999800339e-08;5.642326000379398e-06;5.5664019996766005e-06
1.675944500020705e-08;5.291851999936625e-08;4.476452000089921e-06;5.756438000244088e-06
2.037937499990221e-08;5.319275999790989e-08;5.8171220001531765e-06;5.365609999862499e-06
2.4068529999931342e-08;5.8189999999012797e-08;4.737629999872297e-06;5.661759999929927e-06
2.116175999981351e-08;6.486978000029922e-08;5.080391999799758e-06;5.605588000034914e-06
2.1326829999452458e-08;5.8710060000885275e-08;5.4859560000477355e-06;5.4849680000916125e-06
1.8652920000022277e-08;6.186044000205584e-08;5.784989999956451e-06;5.206246000016108e-06
2.041843000042718e-08;6.211354000261054e-08;5.099065999966115e-06;5.745934000005945e-06
2.0675619997200557e-08;5.390683999867178e-08;5.434498000540771e-06;5.719895999645814e-06
2.0153839999693445e-08;5.5442420003237204e-08;5.493354000500403e-06;5.620673999655992e-06
2.1016664999478964e-08;5.693278000107966e-08;5.463788000051864e-06;5.798717999714426e-06
2.1089660000870935e-08;6.389080000226386e-08;5.72939999983646e-06;4.897730000084266e-06
2.0243674999801442e-08;5.3258180001284926e-08;6.155750000034459e-06;5.522118000080809e-06
2.3819009998987895e-08;6.549926000298001e-08;5.941283999709412e-06;5.668472000397742e-06
2.4615280001307838e-08;5.77450199984014e-08;5.0100779999047515e-06;5.191658000112511e-06
2.1726330000092275e-08;5.7882759999483825e-08;5.420564000378363e-06;5.679812000016682e-06
2.2414825001033023e-08;6.434249999583699e-08;5.690107999835163e-06;5.333519999985583e-06
2.331850999908056e-08;6.078111999668181e-08;5.384957999922335e-06;6.006367999943905e-06
2.0362780000141356e-08;5.3981260000728073e-08;5.344020000193268e-06;5.746959999669343e-06
1.8860719999065623e-08;5.625431999797002e-08;5.136639999691397e-06;5.16976999992039e-06
2.0112124999286608e-08;6.058842000202276e-08;5.406960000400431e-06;5.276905999635346e-06
2.005629999912344e-08;5.408269999898039e-08;5.0260300002992155e-06;5.489379999926314e-06
2.0950989998527804e-08;5.7249839999713e-08;5.26830599992536e-06;5.399222000269219e-06
2.1679720000247472e-08;5.9152320004068314e-08;5.683759999810718e-06;5.6339620001381265e-06
2.405686999845784e-08;5.640043999883346e-08;5.50344799994491e-06;5.667324000387453e-06
1.7478915001265705e-08;6.339174000313505e-08;5.760564000229351e-06;6.359381999936886e-06
2.2313345001020933e-08;5.769716000068002e-08;5.643017999827862e-06;5.777465999708511e-06
2.4440719999256544e-08;5.94195999961812e-08;5.790615999721922e-06;5.596461999812164e-06
2.1255480000399983e-08;6.20918000000529e-08;5.022585999686271e-06;4.833522000117227e-06
2.2879520000424237e-08;5.8408340002642946e-08;5.854972000233829e-06;6.101575999637134e-06
2.3902529999031684e-08;5.2112940000370146e-08;5.721796000143513e-06;5.091651999973692e-06
1.8865394999738784e-08;5.325430000084452e-08;5.357513999915682e-06;6.02342400001362e-06
2.1295139999710955e-08;6.035939999856055e-08;5.611780000035651e-06;5.586439999751746e-06
2.1643985000264364e-08;6.504695999901742e-08;6.396047999733128e-06;6.067956000333652e-06
2.119978499977151e-08;6.339881999883801e-08;1.702099999965867e-05;1.2505409998993855e-05
2.0109970000339673e-08;5.767152000335045e-08;1.3892514999315608e-05;1.4035599998896941e-05
2.3427600000286474e-08;5.864276000065729e-08;1.6368869999132584e-05;1.3581014999363106e-05
1.9192589999875053e-08;6.465982000227086e-08;1.3885560000198894e-05;1.3508264999836684e-05
2.0473719999426974e-08;5.934526000055484e-08;1.3575650000711903e-05;1.319521500117844e-05
2.0519450001302175e-08;6.840306000085548e-08;1.645796000084374e-05;1.3508125000225846e-05
2.0704040001146496e-08;7.062331999768503e-08;1.530470500001684e-05;1.4654260000679642e-05
2.4497229998814873e-08;5.141417999984696e-08;1.4337479999812785e-05;1.1172650000662543e-05
1.5746829999261537e-08;5.980014000087976e-08;1.4956740000343416e-05;1.1562379999668337e-05
2.104572999814991e-08;6.227511999895796e-08;1.3408459999482147e-05;1.2528124998789281e-05
2.051631000067573e-08;5.7611279998673125e-08;1.2673709999944549e-05;1.188554000109434e-05
2.0476900000358e-08;5.996232000179588e-08;1.5972685000451746e-05;1.2913920001301449e-05
1.9228625000687317e-08;6.296221999800764e-08;1.5246540000953246e-05;1.3309550000121817e-05
2.0733859998290427e-08;6.65142800018657e-08;1.3788244999886956e-05;1.4180539999506436e-05
2.341573000012431e-08;6.350836000056006e-08;1.58306650002487e-05;1.3474969999515452e-05
1.8368040000495967e-08;6.042104000225664e-08;1.1683849999099038e-05;1.3206185000308323e-05
2.1485350000148174e-08;4.9005619995296e-08;1.745926000003237e-05;1.2517205000040122e-05
2.068364000006113e-08;6.645373999490403e-08;1.3245804999314715e-05;1.2969650000741239e-05
2.1876899999915623e-08;6.443731999606825e-08;1.4627145000849851e-05;1.2082724999345373e-05
2.067213999980595e-08;5.9254179999697954e-08;1.4351520000491292e-05;1.2677119999716524e-05
2.2506944999622647e-08;6.808988000266254e-08;1.528787499992177e-05;1.2507085000106599e-05
2.5974129998940044e-08;6.426738000009209e-08;1.3488754999707452e-05;1.2245685000380036e-05
1.7120159999467433e-08;5.971910000080243e-08;1.6217140000662766e-05;1.2075785000342875e-05
2.1370034999563358e-08;5.552071999991313e-08;1.228718500060495e-05;1.137938499887241e-05
1.9391830000677145e-08;5.391552000073716e-08;1.0573750000912697e-05;1.2780660000862554e-05
1.7574469999817666e-08;5.532332000439055e-08;1.1805474999709987e-05;1.2450265001098159e-05
1.853494499955559e-08;5.716198000009172e-08;1.3601020000351128e-05;1.2029225000878797e-05
1.946812499954831e-08;5.252277999534272e-08;1.3630085000477265e-05;1.276590499910526e-05
2.015712999855168e-08;5.2610239997738974e-08;1.1910799999895972e-05;1.2839944999723229e-05
1.8204354999761563e-08;5.2547059999778865e-08;1.2315260000468697e-05;1.1470829999598209e-05
2.0758180000120772e-08;5.025466000079177e-08;1.2510304999887012e-05;1.1731555000005756e-05
1.8828245000622702e-08;6.469887999701314e-08;1.4072070000111126e-05;1.2526005000108853e-05
2.1617785000125877e-08;5.599734000279568e-08;1.4323834999231622e-05;1.2929920000897255e-05
1.976970999967307e-08;5.518774000229314e-08;1.3960135000525043e-05;1.221129000041401e-05
2.0132969999394844e-08;5.0808619998861104e-08;1.3667680000071413e-05;1.2698850000742824e-05
2.0885255000030156e-08;5.349996000295505e-08;1.2871200000518001e-05;1.242892500013113e-05
1.8390435000765136e-08;5.1928020000923425e-08;1.3135624999995343e-05;1.1167960001330358e-05
1.7481265000242276e-08;5.454267999739386e-08;1.334874000021955e-05;1.1822454999492039e-05
2.0131240002228878e-08;6.070378000149503e-08;1.4304015001107474e-05;1.277379000093788e-05
2.0738899998832493e-08;5.601710000191815e-08;1.2702090000675525e-05;1.2023109999427107e-05
1.8726545000390615e-08;5.9166819998063145e-08;1.1607329999969807e-05;1.2680290000571404e-05
2.0968640001956373e-08;5.989296000334434e-08;1.4087925000058021e-05;1.1921985000662972e-05
2.112134000053629e-08;6.44334800017532e-08;1.4367839999613352e-05;1.2973695000982843e-05
2.3505070002283902e-08;5.39528599998448e-08;1.3496954999573063e-05;1.2272985000163316e-05
2.0405540001229382e-08;5.2028120000613854e-08;1.3559005000570323e-05;1.2278745000367053e-05
1.9692669999494682e-08;5.2661140001146124e-08;1.3428174999717157e-05;1.201947000081418e-05
1.7838579999806824e-08;5.022089999984019e-08;1.441223000001628e-05;1.191977500129724e-05
2.021768999984488e-08;6.33366800029762e-08;1.1597060000349301e-05;1.3016499999503139e-05
2.2042660001898186e-08;5.636718000168912e-08;1.3273759999719914e-05;1.225805499998387e-05
2.035889000108e-08;5.5330319999484345e-08;1.3350465000257828e-05;1.1707385000772775e-05
1.8673660000786185e-08;4.999866000143811e-08;1.3286274998972658e-05;1.2333074999332894e-05
1.777956500009168e-08;5.82462000020314e-08;1.3454025000100955e-05;1.2322100000164938e-05
2.0918649999657644e-08;5.4983819997869434e-08;1.1231435000081547e-05;1.1377100000390784e-05
2.3237869999138638e-08;5.7730240002274514e-08;1.355559999938123e-05;1.2893789999361616e-05
1.8768344999989495e-08;4.969058000133373e-08;1.2630785000510514e-05;1.1442990000068675e-05
1.6594554999028332e-08;5.586111999582499e-08;1.2380020000273361e-05;1.2014250000356697e-05
2.0260800000687597e-08;5.364638000028208e-08;1.1598919999960345e-05;1.259905499900924e-05
1.9177960000524762e-08;5.248435999965295e-08;1.2739395000971853e-05;1.243650499964133e-05
2.2721295000519602e-08;5.6140360003337264e-08;1.666553500108421e-05;1.2710189999779687e-05
2.0604620000813158e-08;6.123705999925732e-08;1.3700975000392645e-05;1.2331039999844507e-05
2.2214769999845883e-08;5.63123399973847e-08;1.0911000000487548e-05;1.2705265000113287e-05
2.057863000081852e-08;5.6776279996847735e-08;1.2410770000133197e-05;1.132701499882387e-05
1.6404399999009912e-08;5.381293999962509e-08;1.4587890000257175e-05;1.0891029999766033e-05
1.9273860000248534e-08;5.870293999905698e-08;1.6218474999186583e-05;1.2655230000382289e-05
2.2039329999824987e-08;6.175495999632404e-08;1.312669500039192e-05;1.1297809999086895e-05
2.3420980002265425e-08;5.7181460002902896e-08;1.3229905000480358e-05;1.266279499977827e-05
1.7562414999702015e-08;5.610094000003301e-08;1.2778290000278503e-05;1.1974715000542347e-05
2.1070319999125785e-08;5.464075999916531e-08;1.2839894999342504e-05;1.1115445000177714e-05
1.657751499878941e-08;5.988824000232853e-08;1.2104754999745638e-05;1.302430999930948e-05
2.121154999913415e-08;5.399968000128865e-08;1.2388384999940171e-05;1.1078274999454152e-05
2.0454139998764732e-08;5.580672000069171e-08;1.3690770001267082e-05;1.2975280001410284e-05
1.7156729999987873e-08;5.014448000001721e-08;1.4660814999660943e-05;1.3791594999202061e-05
2.6214150001760572e-08;5.08955999976024e-08;1.4037559999269434e-05;1.1910475000331644e-05
1.951784000120824e-08;5.792633999953978e-08;1.3412504999723751e-05;1.2342714999977034e-05
1.806792999996105e-08;5.686470000073314e-08;1.3068094999471213e-05;1.2685970000165981e-05
1.8464809999568386e-08;5.6585880002239717e-08;1.2647225000546314e-05;1.395164499990642e-05
2.0035130000906066e-08;5.887884000549093e-08;1.4867054999922402e-05;1.257597999938298e-05
1.9130225000844802e-08;5.3997280000476165e-08;1.2203490000683815e-05;1.3447120001364965e-05
1.971254000090994e-08;6.143450000090525e-08;1.3558019998890813e-05;1.2139765000029002e-05
1.9283939999877475e-08;5.885312000173144e-08;1.2734889998682774e-05;1.3127969999914058e-05
1.9615909999993164e-08;5.97180999990087e-08;1.327980500063859e-05;1.2606024999695364e-05
2.123532499972498e-08;5.143216000287794e-08;1.3347405000240543e-05;1.192350500059547e-05
1.678063500003191e-08;6.041435999795795e-08;1.4058939999085851e-05;1.3550679999752901e-05
2.1565939999709372e-08;5.822545999544673e-08;1.6324704998987728e-05;1.2733830000797753e-05
2.014836999878753e-08;5.22958200017456e-08;1.2084664999565576e-05;1.331268999929307e-05
1.8440964999899734e-08;5.0956380000570786e-08;1.3723819999722763e-05;1.3270274999376852e-05
1.703274000028614e-08;4.974971999763511e-08;1.2823159999970813e-05;1.205253500083927e-05
1.7930985000566578e-08;6.19762999995146e-08;1.3879489999089855e-05;1.1915215000044554e-05
1.9639420000021347e-08;5.9307140001328665e-08;1.0660545001155697e-05;1.2254684999061283e-05
1.6770289999840315e-08;5.704966000048444e-08;1.0703699999430683e-05;1.2963619999936781e-05
2.0375360001344232e-08;6.587937999865971e-08;1.360296000057133e-05;1.1866160000499804e-05
2.0801429997663946e-08;6.323390000034124e-08;1.2910069999634288e-05;1.3475630000175443e-05
2.2562435000145342e-08;5.15298799960874e-08;1.2804434999998194e-05;1.2583180000365246e-05
1.8579925000085495e-08;6.11893399967812e-08;1.4783415000420063e-05;1.2901134999992792e-05
1.6930644999956713e-08;4.873496000072919e-08;1.3784830000076908e-05;1.301264500070829e-05
1.9361119999666698e-08;5.325799999991432e-08;1.2122970000200439e-05;1.2442360000568442e-05
1.8770564999431373e-08;6.369077999843285e-08;1.3645720000204164e-05;1.288083500112407e-05
2.2504300001310185e-08;5.469306000159122e-08;1.4773080000304616e-05;1.3604495000618044e-05
2.314462999929674e-08;6.031809999840335e-08;1.3766439999744762e-05;1.3012534999870696e-05
2.4626980000175537e-08;5.2825079998001456e-08;1.4162984999711625e-05;1.2480189999041613e-05
2.072063499945216e-08;6.006076000048779e-08;3.333308000001125e-05;1.7362770000181628e-05
2.002652999944985e-08;5.6597820000024515e-08;3.4128130000317466e-05;1.8872419999388514e-05
2.2513019999314566e-08;7.498366000363604e-08;3.2447349998983554e-05;2.0520560001023113e-05
2.0909650000976398e-08;6.661619999795221e-08;3.138303000014275e-05;2.0350970001891255e-05
1.9076979999954346e-08;5.8169840002665294e-08;3.400056999817025e-05;1.9184894999489188e-05
1.9241680001141504e-08;6.027564000105485e-08;3.0370759998913854e-05;1.8764309999824037e-05
1.7240009999659378e-08;6.001030000043102e-08;3.1049949998850935e-05;1.7524599999887868e-05
1.7998400000215042e-08;5.435604000231251e-08;3.277163000020664e-05;1.8426880000333768e-05
1.810416499938583e-08;6.687401999952271e-08;3.308476000092924e-05;1.930972499976633e-05
1.9077309999556746e-08;5.715619999682531e-08;3.3251349997590294e-05;1.8256284999370108e-05
1.8876219999219757e-08;6.087082000449299e-08;3.303440999879968e-05;1.810525500040967e-05
1.8392900000617374e-08;6.512025999836624e-08;3.3152360000531186e-05;1.9414044999575708e-05
1.7496760000358335e-08;6.466949999448843e-08;3.1253570000990296e-05;1.763691999949515e-05
1.8632404999516438e-08;6.663089999929071e-08;3.262791999732144e-05;1.933127000083914e-05
1.741178500087699e-08;5.989278000197373e-08;3.3405830000992865e-05;1.8714594999619294e-05
1.8908085000293795e-08;5.8188480004901064e-08;3.279368999938015e-05;1.7947705001279245e-05
1.837795500032371e-08;6.442514000227675e-08;3.187399999878835e-05;2.0318250000127592e-05
1.8149544998595958e-08;6.058647999889218e-08;3.331248999747913e-05;1.8853039998793974e-05
1.9211590000486467e-08;6.063311999896541e-08;3.227167000004556e-05;2.005479999934323e-05
1.978369999997085e-08;6.443137999740429e-08;3.4306280000600966e-05;1.8331634999776724e-05
1.793772499950137e-08;6.113704000017606e-08;3.229670000146143e-05;1.7599144999985582e-05
2.0284889999311416e-08;6.351959999883547e-08;3.2492240000283346e-05;1.9955750000372064e-05
1.9121455001004507e-08;6.500865999842062e-08;3.181658999819774e-05;1.9110430000000635e-05
1.795583500061184e-08;6.159072000300512e-08;3.199702000129036e-05;1.7102324998995753e-05
1.7353675000777004e-08;6.266188000445254e-08;3.07238800014602e-05;1.8082890000368936e-05
1.9602894999843557e-08;5.718639999977313e-08;3.2883789998595604e-05;1.8546880000212696e-05
1.737874499958707e-08;5.891646000090986e-08;3.0509180002263748e-05;1.7583570000715553e-05
1.6861209999478888e-08;5.77120800036937e-08;2.918925999838393e-05;1.7798315000254662e-05
1.7661569999472704e-08;5.7040859997505325e-08;3.091463999880944e-05;1.8838640001195017e-05
2.0043860000441783e-08;6.250018000137061e-08;3.387770999979693e-05;1.8442200000572484e-05
1.8321874999674038e-08;6.52293200022541e-08;3.092936000030022e-05;1.887581500050146e-05
1.839252499921713e-08;6.674976000213065e-08;3.1384279998019334e-05;1.6788940000697038e-05
1.8432739999843762e-08;6.140570000279695e-08;3.0369159998372197e-05;1.9134705000033138e-05
1.7498215001251082e-08;5.915857999934815e-08;3.356467999983579e-05;1.7777439999917987e-05
2.0118089998140932e-08;5.9336699999403207e-08;3.06776199984597e-05;1.838314999913564e-05
1.7385030000878032e-08;6.033984000096097e-08;3.105478000070434e-05;1.794073500059312e-05
1.839456000016071e-08;6.081710000289605e-08;3.099191999936011e-05;1.7757780000101776e-05
2.0173980000254232e-08;6.032840000116266e-08;3.195354000199586e-05;1.79338550005923e-05
2.0467740000458435e-08;5.933876000344753e-08;3.4248419999494217e-05;1.839815000130329e-05
1.846965500008082e-08;5.746882000239566e-08;3.129916999896523e-05;1.792194000008749e-05
1.800128000031691e-08;5.818652000161819e-08;3.334969000134151e-05;1.8573354999534787e-05
1.905722999945283e-08;5.697495999629609e-08;3.123644000152126e-05;1.8554440001025797e-05
1.8618510001397226e-08;6.675660000182688e-08;2.9628790001152083e-05;1.7526854999596253e-05
2.031583499920089e-08;6.342771999770775e-08;3.229908999928739e-05;1.793164499977138e-05
1.8306645000120625e-08;5.850529999588616e-08;3.004021999950055e-05;2.010701500112191e-05
2.0411930000409483e-08;5.672668000333943e-08;3.2423659999039956e-05;1.895074500062037e-05
1.785822499950882e-08;5.982749999966472e-08;3.179730999981985e-05;1.7052304999378975e-05
1.9461154998862184e-08;6.711876000044867e-08;3.468090000096708e-05;1.750659500103211e-05
1.8464715000300202e-08;6.086557999951765e-08;3.256884000147693e-05;1.836951000004774e-05
1.735461500065867e-08;5.938678000238724e-08;3.364628999843262e-05;1.8361069999809842e-05
1.8756710000161546e-08;6.385514000430703e-08;3.099348999967333e-05;1.7141934999381193e-05
1.8948335001186934e-08;5.977716000052168e-08;3.171038000145927e-05;1.8267234999802895e-05
1.7459369999414776e-08;5.96315000031609e-08;3.324833000078797e-05;1.8090170000505167e-05
1.940698499965947e-08;6.226585999829695e-08;3.327469000068959e-05;1.8116284999996422e-05
1.7393499999889174e-08;6.121362000121735e-08;3.122632000013255e-05;1.7725024999526795e-05
1.7865980000351555e-08;6.411422000383027e-08;3.4254109999164936e-05;1.723615500086453e-05
1.8968025001231582e-08;6.392467999830842e-08;3.1828730000415816e-05;1.786160999909043e-05
1.85652600004687e-08;6.11347800004296e-08;3.136411000159569e-05;1.753774000098929e-05
1.739861999958521e-08;6.508704000152648e-08;3.440565000055358e-05;2.0405400000163355e-05
1.8135854999127332e-08;6.43484800006263e-08;3.142202000017278e-05;1.9334914999490138e-05
1.9113315000140573e-08;6.202029999694787e-08;3.284614000003785e-05;1.8475554999895395e-05
2.0293349999701604e-08;6.174679999821819e-08;3.1273970002075655e-05;1.7707204999169334e-05
1.9099139999889303e-08;6.405874000047333e-08;3.0419799999799578e-05;1.9546180000179447e-05
1.9991974999720697e-08;6.411823999951594e-08;3.1047450000187384e-05;1.9586290000006558e-05
1.8531779998738784e-08;6.370482000056654e-08;3.109254000009969e-05;1.8133804999524726e-05
1.9921404999331572e-08;6.173393999924884e-08;3.273869999975432e-05;1.8243030000303407e-05
2.1701779999420978e-08;6.019686000072398e-08;3.3523779999813996e-05;1.7920284999127035e-05
2.0455009999568576e-08;5.6548360001761465e-08;3.075468000024557e-05;1.84693849994801e-05
2.1128410001983868e-08;6.491473999922164e-08;3.3007580001140016e-05;1.8834979999519418e-05
1.9071225001243876e-08;5.690039999899455e-08;3.2862869999371466e-05;1.8632029999571387e-05
1.693037499935599e-08;5.977406000019983e-08;3.062268999929074e-05;1.819474500080105e-05
2.0696509999106638e-08;6.189928000094369e-08;3.4609829998225904e-05;1.84963149993564e-05
2.0822770000086166e-08;5.880973999737762e-08;2.92837100016186e-05;1.694728500006022e-05
1.846984500007238e-08;6.31282199989073e-08;3.2687259998056105e-05;1.9420565001200885e-05
1.870179499965161e-08;6.039672000333667e-08;3.205652000033297e-05;1.7495029998826795e-05
2.0769224999821744e-08;6.346365999779664e-08;3.2781139999860897e-05;1.7685975000495092e-05
1.9063755001116078e-08;6.389008000260219e-08;3.024245999986306e-05;1.9804375000239817e-05
1.854584499960765e-08;6.178893999895081e-08;3.3587240002816546e-05;1.896359499951359e-05
1.772781500039855e-08;6.399193999823183e-08;2.8072989999782295e-05;1.7658714999561198e-05
1.9480514999304432e-08;5.709358000312932e-08;3.112273000006098e-05;1.7800139999599196e-05
2.07734800002072e-08;6.017636000178755e-08;3.3728969999356194e-05;1.8612289999146015e-05
1.763131999905454e-08;6.387352000456303e-08;3.184372000105213e-05;1.845455000002403e-05
1.9273990001238416e-08;6.197341999504716e-08;3.338080999965314e-05;1.8452004999562632e-05
1.8679485000029673e-08;5.855005999910645e-08;3.046265999728348e-05;1.907033000024967e-05
1.9001074999687263e-08;5.8608500001719224e-08;3.343738999974448e-05;1.794540500122821e-05
1.865599500015378e-08;5.977376000373624e-08;3.2303739999770186e-05;1.7579594999551774e-05
1.7519564999383874e-08;6.184407999971882e-08;3.2003750000149013e-05;1.7255575000308455e-05
1.783133999997517e-08;5.547785999951884e-08;3.0123869999079034e-05;1.7478050000499934e-05
1.8635255000845064e-08;6.310880000237376e-08;3.382787999871653e-05;1.9858245000068564e-05
2.014420999912545e-08;6.243434000061825e-08;3.192426000023261e-05;1.8927234999137e-05
1.7854205000912772e-08;6.095247999764978e-08;3.234721999906469e-05;1.7161174998909702e-05
2.0007375000568573e-08;5.799017999670468e-08;3.124530999921262e-05;1.8124294999870473e-05
2.0837919999030417e-08;6.172457999782637e-08;3.135414000134915e-05;1.8828449999273287e-05
1.9805935000476894e-08;6.584927999647334e-08;3.022443000227213e-05;1.7658389999996872e-05
1.7769609999959357e-08;7.03992799972184e-08;3.3572899998398496e-05;1.8503510000300592e-05
2.0215599999937695e-08;6.355107999988832e-08;2.9872340001747942e-05;1.947589000046719e-05
2.0808864998980425e-08;5.688369999988936e-08;3.336804999853484e-05;1.7848940000112636e-05
2.160983499925351e-08;6.134811999509111e-08;3.1111750000854953e-05;2.0814299999619833e-05
2.3455209998064673e-08;6.188811999745667e-08;3.388189999968745e-05;1.865362499956973e-05
2.1348299999954177e-08;6.620729999849573e-08;3.402126000146382e-05;1.9109719998959917e-05
2.1137519998592323e-08;8.019875999889337e-08;6.97760200011544e-05;2.8328220002003947e-05
2.0976489997701718e-08;7.14213200029917e-08;6.74168199999258e-05;2.6992479999898934e-05
2.0308824999665376e-08;7.126463999738917e-08;6.273577999672853e-05;2.5491829999373295e-05
2.300911000056658e-08;7.519257999956608e-08;5.915783999953419e-05;2.7079750000848433e-05
1.9141425000270828e-08;8.522154000238516e-08;7.003621999756433e-05;2.4400489998515694e-05
1.8643255000642966e-08;6.795080000301823e-08;5.820090000052005e-05;2.7911070000845938e-05
2.0439020000048915e-08;8.752526000025682e-08;7.244330000248738e-05;2.6233399999910034e-05
2.1761544999026227e-08;7.605982000241057e-08;6.593073999974876e-05;2.727739000110887e-05
1.961909000092419e-08;6.423917999491096e-08;6.708879999932833e-05;2.4489339999854563e-05
2.2574920000624842e-08;7.857949999743142e-08;6.499577999929898e-05;2.6248150001629255e-05
1.980638499953784e-08;7.50880200008396e-08;6.922062000376173e-05;2.520725000067614e-05
2.0530789997428656e-08;7.693153999862261e-08;6.506802000221796e-05;2.725395000015851e-05
1.850249000126496e-08;7.928662000340409e-08;6.856039999984205e-05;2.8836289999890143e-05
2.062337500101421e-08;7.659197999746538e-08;6.924595999880694e-05;2.6458509999793024e-05
2.0151489999261685e-08;7.428065999993123e-08;6.477875999989919e-05;2.9432400001678616e-05
2.0296194999536965e-08;7.51983400026802e-08;7.742908000363968e-05;2.456319000048097e-05
1.9322984998871106e-08;7.596749999793247e-08;6.271985999774188e-05;2.520840999786742e-05
2.1114210000087043e-08;8.099161999998614e-08;6.64234000025317e-05;2.740361999894958e-05
2.0489989999623504e-08;8.885683999978937e-08;6.515134000219404e-05;2.5307879998581485e-05
1.9972099999722558e-08;8.844044000143185e-08;7.038481999770739e-05;2.5982429998111912e-05
2.336856999900192e-08;6.969157999847084e-08;6.432979999808595e-05;2.7459230000386015e-05
2.0574994999333285e-08;1.0455265000928193e-07;6.930510000092909e-05;2.6406209997367115e-05
1.638202000031015e-08;7.709986000554636e-08;7.162471999763511e-05;2.2277560000657103e-05
2.0085209999524522e-08;6.945615999866277e-08;6.810188000090421e-05;2.707255000132136e-05
2.0529759999772068e-08;6.949784000171349e-08;6.712178000016138e-05;2.7234630001476033e-05
2.1590790001209825e-08;8.090745999943464e-08;6.593202000367456e-05;2.4977689998922868e-05
2.171857000212185e-08;7.480429999995977e-08;6.396453999914228e-05;2.17206500004977e-05
1.7410584999015555e-08;7.612314000143669e-08;6.415974000119604e-05;2.600344000093173e-05
1.5584029999445192e-08;8.21187799971085e-08;6.990991999628022e-05;2.2011970001040028e-05
2.137730499962345e-08;7.54886400012765e-08;6.527231999789364e-05;2.63671599997906e-05
2.0645570001215675e-08;7.712651999900118e-08;6.932196000125259e-05;2.956396999943536e-05
1.823492499970598e-08;8.108241999871097e-08;6.726435999735259e-05;2.3044579999987035e-05
1.8121910000627396e-08;8.18736000044737e-08;6.792321999673732e-05;2.4737070000264795e-05
2.1583205000206363e-08;7.686398000223562e-08;6.459251999622211e-05;2.543524999928195e-05
1.7055554999387825e-08;6.981186000048183e-08;6.607965999864973e-05;2.3585409999941477e-05
2.0128660000045785e-08;7.419063999550417e-08;6.48702000034973e-05;2.520888000144623e-05
1.940281999995932e-08;7.816867999499664e-08;6.326583999907598e-05;2.5416050001513213e-05
1.8450624999240973e-08;7.661848000134342e-08;6.516553999972529e-05;2.6386720000300555e-05
1.9998034999298398e-08;7.80484199989587e-08;6.979278000071645e-05;2.3195710001164118e-05
2.00032699998701e-08;7.34128599986434e-08;6.435337999719196e-05;2.507876000017859e-05
1.7361099999106954e-08;6.37485800019931e-08;6.296348000178113e-05;2.3248430000967347e-05
1.7668965000484605e-08;7.283435999997891e-08;6.624430000083521e-05;2.4850309998146257e-05
1.82408150008996e-08;6.920926000457257e-08;6.0928659996716306e-05;2.3180679997312837e-05
1.672384499979671e-08;6.79978400003165e-08;6.160219999728724e-05;2.4567359997308812e-05
1.7870239999319893e-08;7.625131999957375e-08;6.190914000035264e-05;2.6529569999547676e-05
2.0561830000951888e-08;7.073201999883167e-08;6.193659999989905e-05;2.381005999923218e-05
1.6895419999491425e-08;7.469692000304349e-08;6.45825200015679e-05;2.402775999798905e-05
2.0556390000274406e-08;7.269118000403978e-08;6.078282000380568e-05;2.3666249998495914e-05
1.807000499975402e-08;7.712746000033803e-08;6.0425279999617484e-05;2.2732819998054767e-05
1.6555955000512768e-08;6.977214000071399e-08;6.404084000387229e-05;2.2484060001443142e-05
1.9106599999940954e-08;7.309341999934987e-08;5.9384159999899566e-05;2.5622779998229816e-05
1.806526500004111e-08;6.914384000119753e-08;6.552193999523298e-05;2.2683160001179203e-05
1.795521500025643e-08;7.598973999847658e-08;6.829298000084236e-05;2.428197000117507e-05
1.8596925000019836e-08;7.961663999594749e-08;6.452753999619744e-05;2.498286000045482e-05
1.6482059999543708e-08;6.582392000127584e-08;6.39846999954898e-05;2.4385450000409038e-05
1.8682600000465753e-08;7.589471999672242e-08;6.348819999839179e-05;2.495820000185631e-05
1.688418000121601e-08;7.215701999957673e-08;7.045408000121824e-05;2.368672000011429e-05
1.8549139999959152e-08;7.419398000347428e-08;5.933534000068903e-05;2.460789999749977e-05
1.9946920000074897e-08;7.864964000182227e-08;6.513391999760643e-05;2.7650550001999363e-05
2.1122349999495782e-08;7.258779999683611e-08;6.343557999935001e-05;2.5731420001829974e-05
1.8361429999640676e-08;7.916821999824606e-08;6.463183999876492e-05;2.5772850000066684e-05
2.0394779997877776e-08;6.906076000304892e-08;6.204279999947175e-05;2.5681659998372198e-05
1.7197129999112803e-08;7.723920000134967e-08;6.587103999918327e-05;2.3898530000587926e-05
1.7611509999551346e-08;7.904523999895901e-08;6.209258000017144e-05;2.2887240001000464e-05
1.899971000093501e-08;7.829463999951258e-08;6.242853999719955e-05;2.4389519999385812e-05
1.8815640000684653e-08;7.071626000106334e-08;6.992190000019036e-05;2.4008769998908975e-05
2.060256999975536e-08;6.559490000363439e-08;6.167089999653399e-05;2.5127790000988172e-05
2.1263270001509227e-08;7.50592999975197e-08;6.172840000363067e-05;2.5153900001896544e-05
1.9389809999847785e-08;7.295158000197261e-08;6.69850799953565e-05;2.6122809998923913e-05
1.757694999978412e-08;6.946525999810546e-08;6.264682000037283e-05;2.4856169999111444e-05
1.843325499939965e-08;7.24949800001923e-08;6.756698000244796e-05;2.4939500002074056e-05
1.9699920000857672e-08;8.023457999806852e-08;6.418488000053912e-05;2.4555180000606923e-05
2.008307999931276e-08;7.671408000169321e-08;6.780963999917731e-05;2.4961159998201764e-05
2.0372540000244044e-08;7.475740000372752e-08;6.598596000112593e-05;2.7931069998885503e-05
2.2810365000623278e-08;8.337871999829077e-08;7.528583999956026e-05;2.5565500001539477e-05
2.2964510001474992e-08;7.898734000045807e-08;6.355097999912687e-05;2.6788699999451637e-05
2.193756999913603e-08;9.421345999580809e-08;7.15409800002817e-05;2.58798900002148e-05
2.104027000023052e-08;9.620472000096924e-08;6.780583999934606e-05;2.9268060001777484e-05
2.1408299999893643e-08;6.907310000387952e-08;7.13612399995327e-05;2.7478269999846815e-05
2.008575999934692e-08;8.134689999860711e-08;6.89806199981831e-05;2.4366619999636897e-05
2.0805789998848922e-08;9.213630000012927e-08;7.042083999840542e-05;2.9349419998470694e-05
2.172804000147153e-08;7.581613999791443e-08;7.206458000000566e-05;2.952506000001449e-05
2.4751129999640398e-08;9.12036599998828e-08;6.986002000048757e-05;2.707120999984909e-05
2.2689220000756903e-08;7.817654000245966e-08;6.810666000237689e-05;2.608470999985002e-05
2.0565970000461677e-08;7.758069999981672e-08;7.183255999698304e-05;2.7544859997578897e-05
2.474782000062987e-08;7.51750199997332e-08;7.06999000045471e-05;2.7602079999633133e-05
2.286135999893304e-08;8.723094000015408e-08;7.348065999685786e-05;2.3749450000468643e-05
2.1666149998782203e-08;8.764863999676891e-08;7.148158000200056e-05;2.7219540000078268e-05
2.143455999903381e-08;8.636826000292785e-08;7.164487999980338e-05;2.9618390000541695e-05
2.3308500001439824e-08;8.301068000146188e-08;7.555263999965974e-05;2.3391810001339765e-05
2.1781040000496432e-08;7.466300000087358e-08;7.381663999985903e-05;2.7000509999925272e-05
2.0702569998684338e-08;7.149842000217176e-08;7.295499999891036e-05;2.6475110001047143e-05
2.1759029998793265e-08;8.744372000219301e-08;6.451109999907203e-05;2.6259089997620322e-05
2.022617999900831e-08;1.0095860000001267e-07;6.847369999741204e-05;2.8518190002068878e-05
2.3789329998544418e-08;7.104995999834501e-08;6.369355999631808e-05;2.8142559999832885e-05
2.2579339999356307e-08;7.724448000080883e-08;6.775295999832451e-05;2.8746300001512282e-05
2.0604289999755565e-08;8.697588000213727e-08;6.826469999505207e-05;2.7816539999912495e-05
2.1844560001045467e-08;7.522107999539003e-08;6.86693599971477e-05;2.6455009999335744e-05
2.1464299999934156e-08;8.512535999761895e-08;6.653437999775633e-05;2.902229999890551e-05
2.1901600001729093e-08;7.714444000157527e-08;7.025801999843679e-05;2.433053999848198e-05
1.877965000021504e-08;8.671401999890804e-08;0.0001169763000070816;3.4515820001251997e-05
2.015149999933783e-08;7.41567200049758e-08;0.00012057080000522547;3.180563000205439e-05
2.2728089999873192e-08;8.943514000275172e-08;0.00011958779999986291;3.326624000037555e-05
2.0694150001509116e-08;9.22232199984137e-08;0.00011390614999982063;3.514357999956701e-05
2.13643149996642e-08;8.844522000290453e-08;0.00012120850000064821;4.0719719999469815e-05
2.0796939998399467e-08;8.088828000472859e-08;0.00010991735001152847;3.584029999910854e-05
2.0037199999205768e-08;7.573499999707564e-08;0.00013323049999598878;3.773380000202451e-05
2.042076000070665e-08;8.087841999949888e-08;0.00011976030000369065;3.313553000043612e-05
1.9360044998757076e-08;7.09852800006047e-08;0.00012110085001040716;3.26059900020482e-05
1.8151894999027718e-08;8.029176000272855e-08;0.00011039544999948703;3.081785000103992e-05
2.0908200001576916e-08;7.641837999690324e-08;0.00011267895001219586;3.433081000111997e-05
2.1262510000087786e-08;7.968812000472098e-08;0.00011416800000006333;3.0964639998273924e-05
2.0757379999849947e-08;8.004597999970429e-08;0.0001128683999995701;3.437693999730982e-05
2.0135499999742024e-08;8.643062000046484e-08;0.0001211537000053795;3.465340999828186e-05
2.0511720000649802e-08;7.911204000120051e-08;0.00010566274999291636;3.083161999820732e-05
2.110220000031404e-08;7.512911999947391e-08;0.00012798879999900237;3.387372000142932e-05
1.7324795000604353e-08;7.407238000305369e-08;0.00012094589999469463;2.9485020000720396e-05
2.225070999993477e-08;7.875898000202142e-08;0.00010755909999716096;3.3278280001832174e-05
2.1259110000391955e-08;8.036669999710285e-08;0.00011389749999216292;3.30620299995644e-05
2.0569239999167622e-08;8.39587800030131e-08;0.00010094775000470691;3.369269999966491e-05
1.8927824999263974e-08;7.204100000089966e-08;0.00011237820000678766;3.339854000078049e-05
1.9300275000568944e-08;7.670313999988139e-08;0.00010613020000164396;3.616104999964591e-05
2.138874499942176e-08;7.710365999955684e-08;0.00010326489999715705;2.7809410000918434e-05
1.958790999924531e-08;7.83616200031247e-08;0.00010893439999199472;3.161082999722566e-05
1.860527000098955e-08;7.484887999598868e-08;0.00012302260000433306;3.1200649999664166e-05
2.416306000086479e-08;7.862396000418812e-08;0.00011163484999269713;3.2018039998365565e-05
1.8944999999075664e-08;7.493414000491612e-08;0.00010043605000828393;3.340793999959715e-05
2.029826999932993e-08;7.573082000017166e-08;0.00010945390000415501;3.139317000168376e-05
1.8340945000818466e-08;8.054887999896891e-08;0.0001253660999936983;2.8529309999430552e-05
2.1525389997987077e-08;7.231911999988369e-08;0.00011117200000444427;3.541459999978542e-05
2.1305130000109783e-08;7.691818000166677e-08;0.0001259083500044653;3.549232000077609e-05
2.0779095000762026e-08;7.355795999756083e-08;0.00011258440000528935;3.828776000009384e-05
2.1033319999696686e-08;7.632986000389792e-08;0.00011158640000212472;3.187623000121675e-05
1.8586065000272357e-08;7.234817999997177e-08;0.00011550244998943526;3.424061000114307e-05
2.143361000053119e-08;7.319421999854967e-08;0.00011560454999562353;3.307877999905031e-05
1.8626380000205246e-08;8.100365999853238e-08;0.00011419520000345073;2.908277999958955e-05
2.0986840000841765e-08;7.622358000371605e-08;0.00011866035001003183;3.448031999869272e-05
1.992474500002572e-08;8.297340000281111e-08;0.00011598129999765661;3.2953210000414405e-05
1.7693524999776857e-08;8.152042000438086e-08;0.00011902634998841677;3.480048999772407e-05
1.8130499999097084e-08;8.185222000465728e-08;0.00011229844999616034;3.15498200012371e-05
1.820288000017172e-08;8.311191999819129e-08;0.00011247259999800007;3.482026999990921e-05
2.12853000004543e-08;8.406884000287392e-08;0.00010981960000935942;3.5660709999501704e-05
2.005464999820106e-08;7.775945999892428e-08;0.00011094949999824166;3.360507000179496e-05
2.0614504998957273e-08;6.762583999661728e-08;0.00011605924999457784;3.3207569998921824e-05
2.21365200006403e-08;7.315523999859578e-08;0.0001251055000029737;3.1415630000992675e-05
2.171744000224862e-08;8.557397999684327e-08;0.00011060569999972358;3.4310329999425445e-05
2.0099840000330005e-08;7.674595999997109e-08;0.00012079245000495575;3.401211000164039e-05
2.0122869999613613e-08;8.742986000142992e-08;0.00012083659999188967;3.62098400015384e-05
2.1829589997651054e-08;8.306921999901533e-08;0.00011571350001031533;3.107560999924317e-05
1.7159065000305417e-08;7.505504000000656e-08;0.00011734349999460391;3.2535290002124385e-05
2.33059799997136e-08;7.957031999831088e-08;0.00010676964999584016;3.848051999812014e-05
2.103963000117801e-08;8.050609999918379e-08;0.00012421755000832492;3.1924819998675956e-05
2.0349290000740438e-08;8.408994000055828e-08;0.00011490924999816343;4.054800999874715e-05
2.0051199999579693e-08;8.483934000250883e-08;0.00012156334999599494;3.839649999863468e-05
1.8089014998986385e-08;6.952431999961846e-08;0.00010763479999150149;3.687440000067e-05
2.1442340000066906e-08;7.793049999745563e-08;0.00012183775000448805;3.113828999921679e-05
2.0614754999405705e-08;8.834419999620877e-08;0.00011534935000236147;3.270783000043593e-05
1.7320825000933838e-08;7.244063999969512e-08;0.00011238370000501164;3.411567999864928e-05
2.1686089999275283e-08;7.541655999957583e-08;0.00010501374999876134;3.532055000250693e-05
1.7904279999493156e-08;7.808858000207693e-08;0.00011229425000783521;3.260172999871429e-05
2.0501834999595304e-08;7.804536000476218e-08;0.00010256560000125318;3.340325000172015e-05
1.8008580000605434e-08;7.061030000331812e-08;0.00011749244999373332;3.223769000032917e-05
1.7803125000500587e-08;6.931313999812119e-08;0.00011368519999086857;3.092745000030846e-05
1.9128894999448676e-08;7.400634000077843e-08;0.00010752025000692811;3.069129000068642e-05
1.9327319999865723e-08;7.080059999716468e-08;0.00011429754999699071;3.631286000018008e-05
1.8846834999567365e-08;7.432512000086717e-08;0.00010942660000000615;2.9408439999679104e-05
1.7559564999828582e-08;7.16610600007698e-08;0.00010886949999257922;3.244568999798503e-05
1.9580825000593905e-08;8.332005999982357e-08;0.00010679289999825415;3.172316999989562e-05
1.7392149999795947e-08;7.542563999886624e-08;0.00011175609999918378;3.263062000041828e-05
1.936390500050038e-08;7.349684000364505e-08;0.00011711604999436532;3.143683000234887e-05
2.0335850000265055e-08;6.962367999949492e-08;0.00011858034999750089;3.3679380000103264e-05
2.0623050001449884e-08;8.013609999907202e-08;0.00011037849998683669;3.557637000048999e-05
1.7128404999675695e-08;7.961722000036389e-08;0.0001132824999949662;3.1493459999910557e-05
2.0065740001155064e-08;7.10311200004071e-08;0.00010696824999467936;3.33223800000269e-05
1.830889999982901e-08;6.819257999886759e-08;0.00010825564998958726;3.0556049998267554e-05
1.8953669999609703e-08;7.211099999840372e-08;0.00011744040000485256;3.1974500001524575e-05
2.0005449999007397e-08;7.910066000185906e-08;0.00010662015000707469;3.0353630002355205e-05
1.6355779999867082e-08;7.818394000059925e-08;0.00011389014999440406;3.2259490000433286e-05
1.9110900000669063e-08;6.713957999600097e-08;0.00011416199999803211;3.1890139999450185e-05
1.828399000078207e-08;7.819842000026257e-08;0.00010721788000082597;2.8104229999007657e-05
1.8689599999925122e-08;7.642660000128671e-08;0.00011206585000036284;3.25870800006669e-05
1.9205380001221783e-08;7.240268000168726e-08;0.00011153775001002941;3.438690999755636e-05
1.7672714999935123e-08;7.759300000034273e-08;0.00011285774999123533;3.089730000065174e-05
1.798150500108022e-08;7.116541999857872e-08;0.0001155111499974737;2.9087960001197644e-05
1.6254634999495465e-08;7.507952000014484e-08;0.00011134940000192727;3.158104000031017e-05
1.785917000088375e-08;7.525641999673098e-08;0.0001083422499941662;3.0574930002330804e-05
1.8023084999003912e-08;7.376465999986977e-08;0.00012108725000871345;2.963580999930855e-05
1.885288500052411e-08;7.707819999777712e-08;0.0001085818499996094;3.235012000077404e-05
1.753329499915708e-08;6.93280200008303e-08;0.00011418699999921955;3.254177999915555e-05
1.940630500030238e-08;6.912421999732033e-08;0.00010780751999700442;3.240684000193142e-05
1.7667654999240766e-08;6.921607999829576e-08;0.00010964414999762085;3.068628000037279e-05
1.7546969999966676e-08;7.299089999869466e-08;0.00010886725000455044;3.0289089999860152e-05
1.7952935000357684e-08;6.509286000509747e-08;0.00010403884999686853;3.019806999946013e-05
2.0659109999542124e-08;7.605664000147954e-08;0.0001049860500061186;3.100681999931112e-05
1.906194500043057e-08;6.93422999989707e-08;0.00011758530000224709;3.0077579998760483e-05
2.2113550000358372e-08;6.276154000079259e-08;0.00011148614999547135;3.031792999827303e-05
1.7991005000658334e-08;7.092475999961607e-08;0.0001062549000052968;2.891018000082113e-05
1.9502869999269025e-08;7.795371999964118e-08;0.00010747509999782778;2.9869850000250153e-05
1.697724000114249e-08;7.230221999925562e-08;0.00011116349999792874;2.946061999828089e-05
1.7493705000379123e-08;6.684082000283525e-08;0.00010707100000581703;2.8836390000651592e-05
1.7746054999588524e-08;4.704747999785468e-08;2.135348999872804e-05;1.4108370000030845e-05
2.0245729997986928e-08;5.5022799997823315e-08;2.4465560002136043e-05;1.423703500040574e-05
1.7679969999880996e-08;5.1508759998250756e-08;2.230995999998413e-05;1.4798710000468418e-05
2.1179250002023764e-08;5.4975820000981914e-08;2.2698579999268985e-05;1.4387030000216327e-05
1.9190904998686165e-08;4.768325999611989e-08;2.117199999920558e-05;1.4014510001288727e-05
1.6591049999988173e-08;5.3681139997206625e-08;2.2277560000657103e-05;1.468668500019703e-05
1.6466229999787174e-08;4.986443999805488e-08;2.543440000154078e-05;1.4649835000454913e-05
1.8437684999662452e-08;5.4366300004767255e-08;2.3896490002516657e-05;1.466911000024993e-05
1.6858265000337268e-08;5.7178140000905845e-08;2.0924600001308137e-05;1.4286759999231435e-05
1.865778999926988e-08;5.0112500000977886e-08;2.3413009999785574e-05;1.431476500001736e-05
1.8760044999362434e-08;5.317575999652036e-08;2.0755920000374318e-05;1.5161439999064896e-05
1.7253640000126325e-08;5.66543199995067e-08;2.0587460001115688e-05;1.4986835001036525e-05
1.852235499973176e-08;5.552365999901667e-08;2.3279800001182594e-05;1.4363234999473207e-05
2.0525349999661557e-08;5.231930000009015e-08;2.5026629999047146e-05;1.3701380000566132e-05
1.7943145000026563e-08;5.448487999965437e-08;2.076674000127241e-05;1.439173499966273e-05
1.763935000053607e-08;5.438738000229932e-08;2.5435669999569655e-05;1.4806979999411852e-05
1.8299394998757635e-08;5.32242999994196e-08;2.5132189999567345e-05;1.5594039999996313e-05
1.6809700000158044e-08;5.914666000171564e-08;2.1918849999201483e-05;1.5693270000338087e-05
1.634038999909535e-08;6.26905600016471e-08;2.2830589997465722e-05;1.4932630000112112e-05
1.7921475000912322e-08;4.7327020001830535e-08;2.3826039998675696e-05;1.343118500080891e-05
2.0768969997880048e-08;5.542855999665335e-08;2.042311499972129e-05;1.5123560000211e-05
2.041083000076469e-08;5.336137999547645e-08;2.3518849999527446e-05;1.4386414999898989e-05
1.736774500022875e-08;5.195476000080816e-08;2.5006359998951667e-05;1.5333939999982248e-05
1.904231999942567e-08;6.125306000467389e-08;2.4134310000226833e-05;1.4192964999529067e-05
1.8718470000021626e-08;5.352434000233188e-08;2.2513609999441542e-05;1.612792499945499e-05
1.7556385000352748e-08;5.584789999993518e-08;2.1678160000010394e-05;1.3454649999039248e-05
2.1514190000016243e-08;5.3126580000389365e-08;2.3836680001113564e-05;1.5716729999985546e-05
1.873019999911776e-08;5.677928000222891e-08;2.44855800003279e-05;1.4539849999709985e-05
1.7472095000266564e-08;5.5477940000128004e-08;2.439851499948418e-05;1.55196599996998e-05
1.959197999967728e-08;6.356380000361241e-08;2.3281310001038948e-05;1.43421450004098e-05
1.901600999990478e-08;5.8805459999712185e-08;2.3413799999980257e-05;1.387652999983402e-05
2.2072539999498984e-08;5.583303999737837e-08;2.2337680001510307e-05;1.4894020000065211e-05
1.931676499953028e-08;5.038361999904737e-08;2.2845500000403262e-05;1.5585989999817683e-05
1.7905505000089762e-08;5.56188199960161e-08;2.2159370000008495e-05;1.4224390000163111e-05
1.59575900004711e-08;5.3667699999641624e-08;2.0998849999159574e-05;1.4060579999932087e-05
1.8410769999900366e-08;5.484194000018761e-08;2.3752989998320117e-05;1.4730929999495856e-05
1.9480794999981297e-08;5.232125999755226e-08;2.5372999999672174e-05;1.3821160000225063e-05
2.3766039998736232e-08;5.7626860000891614e-08;2.3430019998340868e-05;1.3692585000535473e-05
2.0169560000067577e-08;5.496588000096381e-08;2.1651219998602757e-05;1.5406839999195653e-05
1.7303750000428407e-08;5.70144800003618e-08;2.199947999906726e-05;1.4561999999568798e-05
2.000487999757752e-08;5.837710000341758e-08;2.473650999891106e-05;1.5083565001259558e-05
1.8273929999850224e-08;5.329472000012174e-08;2.06243299995549e-05;1.5704735000326763e-05
2.111799999838695e-08;5.4454259999329225e-08;2.2418839999591e-05;1.363516499986872e-05
1.870587000012165e-08;6.173615999869071e-08;2.4960410001222045e-05;1.435353999986546e-05
2.1373160000075585e-08;5.2390799997374414e-08;2.209259000082966e-05;1.4064260000304785e-05
1.928951500012772e-08;5.7367280003381895e-08;2.3717109998688103e-05;1.4091914999880828e-05
1.7418204998830334e-08;5.101387999602594e-08;2.4356709999847227e-05;1.4815860000089742e-05
1.799159500078531e-08;5.540650000330061e-08;2.057780999748502e-05;1.5469764999579638e-05
1.9995744999323506e-08;5.724497999763116e-08;2.3520500000449828e-05;1.4346554999065119e-05
1.9955195000511593e-08;5.1956779998727144e-08;2.165339000057429e-05;1.4880099998845254e-05
1.7166745000577067e-08;5.5082499998388815e-08;2.1921410001232288e-05;1.531496999959927e-05
1.7198344999633265e-08;5.408368000062183e-08;2.0021839998662472e-05;1.4437495000311173e-05
1.9910689999233e-08;5.309522000025026e-08;2.2096639999654143e-05;1.4600550000614021e-05
1.9143954999162815e-08;6.143795999814756e-08;2.2678220001398584e-05;1.5084814999136143e-05
1.8697840000095313e-08;5.274607999599539e-08;2.110572000092361e-05;1.459653000056278e-05
2.161422499921173e-08;5.2934700000332666e-08;2.494068999949377e-05;1.421925500035286e-05
1.9474455001181924e-08;5.1560579997021706e-08;2.255758999963291e-05;1.453204999997979e-05
1.6754835000028833e-08;6.0985280002933e-08;2.473364000034053e-05;1.3535089998913463e-05
1.9050400001287927e-08;4.963893999811262e-08;2.105745000008028e-05;1.4422955000190995e-05
1.9575515000906306e-08;5.251222000224516e-08;2.3864970001159236e-05;1.508797999995295e-05
2.0358470000792294e-08;5.225824000081047e-08;2.234569999855012e-05;1.4210394999827258e-05
1.869695000059437e-08;4.8222799994982776e-08;2.0757035000133327e-05;1.4393839999684133e-05
1.8176799999491777e-08;6.001142000313848e-08;2.5138309999601915e-05;1.4154359999520239e-05
2.0454624999547376e-08;4.9538719997508454e-08;2.1621454998967236e-05;1.482720999920275e-05
1.608206999953836e-08;5.792924000415951e-08;2.310651500010863e-05;1.4042169999447652e-05
1.8827660000533795e-08;5.364925999892876e-08;2.4804665001283866e-05;1.5109189999930095e-05
1.9444300000031944e-08;5.8420340000884606e-08;2.2625829998287372e-05;1.3793179999629502e-05
1.8296024999290238e-08;4.992177999811247e-08;2.045895999763161e-05;1.5159270000003744e-05
1.9003895000787452e-08;5.6852319999597965e-08;2.086256000038702e-05;1.4441229999647475e-05
2.132553999836091e-08;5.385102000436746e-08;2.3682069999631493e-05;1.533501499943668e-05
1.791947000019718e-08;5.247547999606468e-08;2.0615019998513162e-05;1.60256750008557e-05
1.9641644999501297e-08;6.043268000357784e-08;2.2332440002355723e-05;1.4730045000032988e-05
1.7634135000116657e-08;4.688962000072934e-08;2.1001115000399294e-05;1.49602949997643e-05
1.7862970000714995e-08;5.6972500000847506e-08;2.0959680000669323e-05;1.4524194999830797e-05
1.9538720000127797e-08;6.23350199952256e-08;2.408729000017047e-05;1.4944599999580532e-05
1.732043999945745e-08;5.9490959998220205e-08;2.2161410000990146e-05;1.4692500000819564e-05
1.6910355001164135e-08;5.4835360002471136e-08;2.0905939998920076e-05;1.4227060000121128e-05
1.8483379999815952e-08;5.396760000148788e-08;2.6112710000597872e-05;1.388719999958994e-05
1.9732105000002774e-08;5.642121999990195e-08;2.2239629999967293e-05;1.5067324999836274e-05
2.0407669999985955e-08;5.698565999628045e-08;2.2096700000111014e-05;1.3252504999400117e-05
2.046252000145614e-08;6.135568000026978e-08;2.2904100001323967e-05;1.5536864999739918e-05
1.830232500069542e-08;5.51798400003463e-08;2.337145000055898e-05;1.4929825000581331e-05
1.982560999895213e-08;5.187811999931e-08;2.2805940001853742e-05;1.4880789999733678e-05
2.1699874999467285e-08;5.5901620001532135e-08;2.4929809998138808e-05;1.4555595000274479e-05
1.8098710000049322e-08;5.089074000134133e-08;2.0302234998962377e-05;1.5595614998892414e-05
1.7080320000241045e-08;5.837043999927118e-08;2.1351309999590738e-05;1.4713929999561515e-05
1.9453609999618493e-08;5.451893999706954e-08;2.311677999969106e-05;1.3885825000761542e-05
1.74029050001991e-08;6.071628000354394e-08;2.174423000251409e-05;1.3693209999473766e-05
2.0452315000875387e-08;5.091325999819674e-08;2.1070085000246763e-05;1.4654104999499396e-05
2.285849000036251e-08;6.578081999905407e-08;2.540453000110574e-05;1.8050339999899733e-05
2.545379000075627e-08;5.1175519998651e-08;2.7838275000976865e-05;1.590584000077797e-05
2.1741875000589062e-08;6.542075999896042e-08;2.177394999889657e-05;1.747991999873193e-05
2.343080000136979e-08;5.826204000040889e-08;2.671453500079224e-05;1.6111035000358242e-05
1.9705270000849852e-08;7.02311999979429e-08;2.5193359999684618e-05;1.544661500083748e-05
1.8644790000689682e-08;5.3987139998935164e-08;2.1943204999843147e-05;1.5179324999917298e-05
1.770490999915637e-08;5.282303999993019e-08;2.1580439998069778e-05;1.4526249999471475e-05
1.93805250004516e-08;5.493041999870911e-08;2.1399109999765643e-05;1.4533825000398793e-05
1.859837500087451e-08;5.295497999759391e-08;2.001435999991372e-05;1.3011694999295286e-05
1.9476065000344533e-08;5.651485999696888e-08;2.3898349999217316e-05;1.5397980000125245e-05
1.76729949991568e-08;5.515119999763556e-08;2.4535650000325406e-05;1.4861235000716988e-05
1.800954000063939e-08;5.767615999793634e-08;0.00010750985000049695;3.295183000154793e-05
1.8173924999427982e-08;5.9213820000877604e-08;9.802554000052624e-05;3.3164200000464916e-05
2.305317999853287e-08;5.2127239998662844e-08;0.00010052409999480005;3.311959999846295e-05
2.0162169999093748e-08;5.2870860003167763e-08;9.506734000169672e-05;3.479015000048093e-05
2.2541919999639503e-08;5.135232000029646e-08;8.820808000164106e-05;3.4203190001426265e-05
1.796693500073161e-08;5.48088799987454e-08;0.00010402981999795883;3.512481000216212e-05
2.0745329998317175e-08;5.3623159998096526e-08;0.00010582070000236854;3.724925999995321e-05
1.9015034999756607e-08;5.6456979998620224e-08;0.0001038179399969522;3.243311000114772e-05
1.856938999990234e-08;5.691438000067137e-08;0.00010293685000215191;3.425010000064503e-05
2.0334639999782667e-08;5.4709920001914724e-08;9.619930000044406e-05;3.274151000077836e-05
1.9802445000095758e-08;5.8651340001961215e-08;0.00010434580000583082;3.62906100024702e-05
1.929206500062719e-08;5.602616000105627e-08;9.9947019998217e-05;3.527816999994684e-05
1.8859815000905656e-08;5.623476000037044e-08;9.720419999794103e-05;3.433442999958061e-05
2.055623499909416e-08;5.578248000238091e-08;0.0001004419500095537;3.1847720002406276e-05
1.6237684999941848e-08;4.6290560002671555e-08;9.742049999767915e-05;3.196554000023752e-05
2.0530884999607225e-08;5.853734000120312e-08;0.00010610007999930531;3.1095990000176245e-05
1.7269300000043586e-08;4.773136000148952e-08;9.154395999503322e-05;3.1519910000497476e-05
2.0374670001911e-08;5.094239999889396e-08;9.30951600021217e-05;3.135207000013907e-05
1.6269594999903348e-08;5.597391999908723e-08;9.972072000382468e-05;3.1710419998853465e-05
1.707509999978356e-08;5.710139999864623e-08;9.148643999942578e-05;3.258714999828953e-05
1.828786999976728e-08;5.743518000235781e-08;9.959868000005372e-05;3.2430980002391154e-05
1.8573660000402015e-08;4.9744160001864654e-08;8.63223000022117e-05;3.152632999990601e-05
1.905879499972798e-08;5.856375999865122e-08;9.746422000462189e-05;3.3787860002485106e-05
1.706127500074217e-08;4.8725799995008857e-08;0.00010158620000584052;3.20387199986726e-05
1.861466499976814e-08;5.792368000256829e-08;9.583413999644108e-05;3.056390999990981e-05
1.5617710001242814e-08;5.159160000039265e-08;8.925622000242584e-05;3.498281000065617e-05
1.937980500078993e-08;5.829762000357732e-08;0.00010121660000295379;3.218466000107583e-05
1.8315979999897536e-08;5.6356340000638737e-08;0.00010639275000721682;3.246630000066943e-05
1.8197770000551827e-08;5.6542639998951926e-08;0.00010401825000008103;3.404723000130616e-05
1.8373375000373928e-08;5.764210000052117e-08;8.877898000064306e-05;3.3565839999937454e-05
1.970250500016846e-08;5.3776239999569954e-08;0.00010046225000405685;3.309393000090495e-05
2.0516800000041257e-08;5.977894000243395e-08;0.00010066925999708474;3.0878810002468526e-05
2.073785999964457e-08;5.1697639998747035e-08;0.0001054032499960158;3.579305000021122e-05
1.600392499967711e-08;5.7363239995902405e-08;0.00010399240000697319;3.352137999900151e-05
2.0703649998176843e-08;5.638511999859474e-08;0.00010039860000251792;3.503707000054419e-05
1.8325455000740475e-08;5.60071199957747e-08;0.0001006078000064008;3.501817999931518e-05
1.802373500104295e-08;5.7704339997144415e-08;0.00010198548000189475;3.1800359999760986e-05
1.7012184999475723e-08;4.946667999611236e-08;9.688481999910436e-05;3.069845999998506e-05
1.5478065000206698e-08;5.2244319999590516e-08;9.265427999780513e-05;3.390760000038426e-05
1.8750624998938294e-08;5.735168000101112e-08;9.166333999601193e-05;3.308479000115767e-05
1.7983140000433196e-08;5.57775599998422e-08;0.00010153245000401512;3.488917000067886e-05
1.9017130001157056e-08;5.6139340001391245e-08;0.000103162640001392;3.211019999871496e-05
2.107448000169825e-08;5.362284000148065e-08;0.00010809129998960998;3.229933999828063e-05
1.6897850000532342e-08;5.1029280002694574e-08;9.934027999988757e-05;3.3484219998354095e-05
1.9358705000195185e-08;5.379251999547705e-08;0.00010094530000060332;3.5385160002624615e-05
1.9209409999893977e-08;5.0320599996484816e-08;0.00010382669999671634;3.6103050000383516e-05
1.839501000067685e-08;5.8815700002014634e-08;9.908013999811374e-05;3.4924849998787975e-05
2.1260550001170487e-08;5.7071659999201076e-08;9.554779999889433e-05;3.349070999829564e-05
1.9435890000022484e-08;5.499959999579005e-08;9.595649999682792e-05;3.297270000039134e-05
1.9162864999088924e-08;4.934177999966778e-08;0.0001057332500058692;3.4466669999528675e-05
1.9510779999836815e-08;4.916116000385955e-08;9.844136000028811e-05;3.425384000001941e-05
1.84382799998275e-08;5.1283399999374524e-08;9.819294000044465e-05;3.478012999985367e-05
1.8862200000148732e-08;5.620259999996051e-08;9.795067999511957e-05;3.310538999794517e-05
1.780785500013735e-08;5.7815979997394606e-08;0.000100086199992802;3.483545999915805e-05
1.9728634999773932e-08;5.8528140000998974e-08;9.68937800033018e-05;3.162509000103455e-05
1.880253499984974e-08;5.3726100001949816e-08;9.254341999767348e-05;3.289743000059389e-05
1.823361999995541e-08;4.654264000128023e-08;9.529670000192709e-05;3.2144609998795205e-05
2.06916099996306e-08;5.6778880005003883e-08;0.00010272945000906475;3.231243999907747e-05
2.058717999898363e-08;5.4096880002180117e-08;0.00010079319999204018;3.038931000046432e-05
2.0460164999531117e-08;5.528838000027463e-08;0.00010409534999052994;3.1733270001132044e-05
2.0858690000022763e-08;5.200503999949433e-08;0.00010137445000873413;3.263745000003837e-05
1.816745499963872e-08;5.3836099995533005e-08;0.00010190479998709633;3.367258000071161e-05
2.0506209999439306e-08;5.473683999734931e-08;0.00010117889998946339;3.3065250000800006e-05
1.8620740000915247e-08;5.9277980000479146e-08;9.668381999945268e-05;3.3677489997353405e-05
2.0903080000425688e-08;6.378051999490708e-08;9.950686000520364e-05;3.350910999870393e-05
1.8762045000039507e-08;5.214992000255734e-08;0.00010065259999828413;3.231750999984797e-05
1.710682999982964e-08;5.626922000083141e-08;9.419235999812371e-05;3.3421239999006505e-05
1.8021294999925886e-08;5.7306520000565796e-08;0.0001047549800015986;3.6054219998186454e-05
1.8542760000855198e-08;5.401102000032552e-08;0.00010216665000189096;3.0057540000416338e-05
1.9209115000558086e-08;4.9072220001835376e-08;0.00010152895000646822;3.131881000008434e-05
1.804557499999646e-08;5.68009200040251e-08;0.00010690915001032408;3.1697200000053274e-05
1.839023999928031e-08;5.7862679997924714e-08;0.00010576619999483228;3.411385999934282e-05
1.755085000040708e-08;5.949141999590211e-08;0.00010258424999483395;3.46400900016306e-05
2.1471050000400283e-08;6.082400000304915e-08;0.00010164438000065275;3.5006249998696146e-05
2.1524200000567362e-08;5.697611999930814e-08;0.00010316910000983626;3.1314640000346114e-05
1.893358000088483e-08;6.326396000222303e-08;0.00010259424999821931;3.000723000150174e-05
1.6100805001042317e-08;4.7243339999113233e-08;8.91427599999588e-05;3.3148740002070554e-05
1.8810374999884517e-08;5.2179580001393336e-08;0.00010037305000878404;3.576804999902379e-05
1.8173144999309443e-08;5.4782919998979196e-08;0.00010477214999264106;3.525433000177145e-05
1.9539014999463688e-08;5.833008000045083e-08;0.00010558017999865115;3.5313519998453556e-05
1.884678500064183e-08;5.731401999946684e-08;0.00010586019999755081;3.4562029998051005e-05
2.0911649998743086e-08;5.511071999790147e-08;0.00010142935000476427;3.419293999904767e-05
1.7881384999782313e-08;6.343101999955252e-08;8.855416000005789e-05;3.403607000072952e-05
1.796810500090942e-08;5.893973999773152e-08;0.00010460465999785811;3.25130299985176e-05
2.0779980000224896e-08;5.570283999550156e-08;0.00010077175000333227;3.0500920000486074e-05
1.8967525000334716e-08;5.630621999735013e-08;0.0001040255400002934;3.5365899998578245e-05
2.0003984999493696e-08;5.918034000205807e-08;0.00010304611999890768;3.1415150000248106e-05
1.7883244999393356e-08;5.485130000161007e-08;0.00010107185000379104;3.3336079999571665e-05
1.586244500067551e-08;5.387088000425138e-08;9.732614000095054e-05;3.353501000092365e-05
1.7960084999504033e-08;5.0623699999414383e-08;0.00010133004999079276;3.136429000005592e-05
1.852993000065908e-08;5.127848000265658e-08;9.567771999863908e-05;3.284679999924265e-05
1.857023499906063e-08;5.1932140003191306e-08;0.00010017736000008881;3.34917600004701e-05
1.7541199999686795e-08;5.8862539997790006e-08;0.00010414740000851453;3.5856639998382886e-05
1.793474000005517e-08;5.788383999606594e-08;9.74105800036341e-05;3.2421789999352766e-05
1.6882500000065194e-08;5.7840060000307856e-08;0.00010625533999991603;3.268748999980744e-05
1.7467819999728817e-08;5.583777999854647e-08;9.684869999764487e-05;3.180301999964286e-05
1.735220499977004e-08;5.049186000251211e-08;9.939390000072308e-05;3.5197939997306096e-05
1.87006799998926e-08;5.304683999856934e-08;9.78477800032124e-05;3.5411169999861156e-05
2.1322150001651607e-08;4.9952000001212583e-08;8.805166000383906e-05;3.3489480000571344e-05
1.827608000021428e-08;5.148884000373073e-08;9.516650000005029e-05;3.3360280000488276e-05
1.781189000030281e-08;5.7769339997321366e-08;0.00020985250000376255;5.314372000284493e-05
1.794520499970531e-08;5.825088000274263e-08;0.00020242649997817352;5.4258239996852356e-05
2.0208680001087487e-08;5.067517999559641e-08;0.00021157990000210704;5.322235999628902e-05
2.0034554999438114e-08;5.3484300000127406e-08;0.0002090652999759186;5.1568620000034573e-05
1.971175999933621e-08;5.521701999823563e-08;0.00021861099998932333;5.474868000019342e-05
2.0230810000794007e-08;5.5824079999001695e-08;0.00022614065000379924;5.0227599998470394e-05
1.6207474999828264e-08;5.526252000126988e-08;0.00022131589998025447;5.898041999898851e-05
1.8807525000011084e-08;4.958625999861397e-08;0.0002033893000043463;5.205266000120901e-05
1.60269200001494e-08;5.288600000203587e-08;0.00020335985001293012;5.337748000165447e-05
2.0442490000277757e-08;5.895920000039041e-08;0.0002236988999939058;4.8053040000377226e-05
1.8277600000146776e-08;5.578963999869302e-08;0.00020138280000537635;5.086924000061117e-05
2.026479499909328e-08;5.3071259998250754e-08;0.00023034300000290386;4.881325999740511e-05
1.7371705001278315e-08;4.941413999767974e-08;0.00021975610000663436;5.4790579999098556e-05
2.0245429998612962e-08;5.430445999954827e-08;0.00022559560000081545;5.675554000190459e-05
2.004892499971902e-08;5.007650000043213e-08;0.00021173440001439304;5.011544000008144e-05
1.8937179999193175e-08;5.761837999452837e-08;0.0002349528999766335;5.047790000098757e-05
1.803990500047803e-08;5.100661999895237e-08;0.00022140859998762607;5.290646000066772e-05
1.9070924998959528e-08;5.7915060000959786e-08;0.0002060017999901902;5.177090000361204e-05
1.6870034999737982e-08;5.572340000071563e-08;0.0002219043000077363;5.271914000040852e-05
1.6573485000117216e-08;5.489151999936439e-08;0.00021449650000431576;5.745767999906093e-05
1.969167500064941e-08;5.934220000053756e-08;0.00022227979998569935;5.373801999958232e-05
2.2022330001345836e-08;5.217032000073232e-08;0.00023567419999744743;5.514067999902182e-05
1.9878500000049824e-08;5.2937279996695e-08;0.00020483100001001731;4.899716000072658e-05
2.1248720001312905e-08;5.4679059999762105e-08;0.00022473640000680463;5.359967999975197e-05
1.757711499958532e-08;5.89907800022047e-08;0.00022317139999358915;5.2487979998113585e-05
1.9123365000996272e-08;5.6769459997303786e-08;0.00023302159999730065;5.340769999893382e-05
2.0890070000314153e-08;5.804120000102557e-08;0.00021746250000433066;5.3984099999070165e-05
1.7532520000531802e-08;5.1484840002376585e-08;0.0002012086000177078;5.175407999777235e-05
2.195480500085978e-08;5.266252000001259e-08;0.00020927400002256037;5.161181999719702e-05
2.0851920000859535e-08;4.429211999522522e-08;0.00020526404998963697;5.5433040001662447e-05
1.7766704999667127e-08;5.475288000307046e-08;0.00023015980000491254;5.575629999511875e-05
1.8500605000008362e-08;5.3651479998370635e-08;0.00023170889998436905;5.346432000515051e-05
1.8894335000368302e-08;5.557631999836303e-08;0.00022142390001681633;5.099340000306256e-05
1.80244950010092e-08;5.9401259996229784e-08;0.00022103919999790379;5.4583939997246486e-05
2.1069239999633283e-08;5.46035600011237e-08;0.00021004050000919961;5.3010659996652974e-05
1.6347090000635943e-08;5.610440000309609e-08;0.00022328100001323036;4.8566940001910554e-05
2.049637000018265e-08;5.2393319999100644e-08;0.00020347895000304562;4.8507379996590314e-05
1.8326465001155155e-08;4.955905999522656e-08;0.00018418774999736344;5.490006000036374e-05
1.8576520000351592e-08;4.557925999979488e-08;0.0002000977999996394;5.2092340000672265e-05
1.756986499967752e-08;5.0958279997576025e-08;0.00020118094999634195;5.683108000084758e-05
1.7561784999270456e-08;5.0098459998844194e-08;0.0002095747499988647;5.857215999858454e-05
1.8304060000809842e-08;5.0540799996815624e-08;0.00020704725000541657;5.486412000027485e-05
2.1988330001477153e-08;5.3167559998109934e-08;0.00021264460001839324;4.916272000409663e-05
1.8813024999690243e-08;5.39004800026305e-08;0.00020867120000184514;5.329016000032425e-05
1.8992650001018773e-08;5.2950679999776184e-08;0.00020294440002180636;5.1948180003091694e-05
1.8492529999639374e-08;5.1316879998194057e-08;0.00020082800000091082;5.476159999961965e-05
2.080048999923747e-08;5.2449840004555884e-08;0.0002220173999958206;5.7815680000931026e-05
1.9315440001082607e-08;4.7684439999284224e-08;0.00021857170001021587;5.121533999918029e-05
1.9523540000955108e-08;5.6881299999076874e-08;0.0002129869999771472;5.396125999977812e-05
1.8515684999874792e-08;5.9074920002603904e-08;0.00020819370000390336;5.590579999843612e-05
1.873775999993086e-08;5.751795999822207e-08;0.00020595100001082755;5.282067999942228e-05
1.8649295000068377e-08;6.066285999841057e-08;0.00022157560000778175;5.0693400000454855e-05
1.9047060000593774e-08;6.081057999981568e-08;0.00021696479999809527;5.632200000109151e-05
1.9296939999912866e-08;5.8079899998847396e-08;0.00023113880000892096;4.740334000089206e-05
1.7976830000407064e-08;5.634081999887712e-08;0.00021359589998610318;5.396539999637753e-05
1.7290845001116395e-08;4.8375559999840336e-08;0.00022298170000431127;4.984058000263758e-05
1.9680044999404343e-08;5.2027899998938663e-08;0.00020333960000425578;5.095041999593377e-05
2.1309864999784622e-08;5.162209999980405e-08;0.00020999654999468475;5.220696000033058e-05
1.9190244999481365e-08;5.030009999754839e-08;0.00020072480000089853;5.433070000144653e-05
1.8212204999872482e-08;5.812097999732941e-08;0.0002223019000084605;5.0308019999647514e-05
1.7955055000493303e-08;5.072452000458725e-08;0.00021390709999832326;5.355195999727584e-05
1.7154719999234657e-08;5.2588159998413175e-08;0.00021427440000115893;5.546105999965221e-05
1.9408620000467635e-08;5.859612000058405e-08;0.00022301220000372268;5.06653800024651e-05
2.210507999989204e-08;5.2350299997488036e-08;0.00021596040000440553;5.5739760003052654e-05
1.808009999949718e-08;5.566019999678247e-08;0.00020829529999173246;5.098061999888159e-05
2.0381569999153727e-08;5.034377999836579e-08;0.00020257025001046714;5.0714599998900664e-05
1.9298570000682958e-08;5.122550000087358e-08;0.00020571969999582507;4.932772000320256e-05
2.0993740000994876e-08;5.793254000018351e-08;0.00021260509997955522;5.758756000432186e-05
1.763595000084024e-08;5.2056639996590095e-08;0.00019444604999443982;4.77876799996011e-05
1.82514899992384e-08;5.592195999925025e-08;0.00021096689999103546;5.1990259997546674e-05
1.8575089999649207e-08;5.6323600001633166e-08;0.00020452989998739213;5.138347999891266e-05
1.8609884999750647e-08;5.496654000016861e-08;0.0002036235999839846;5.300452000228688e-05
1.8080334999831392e-08;5.29411599971354e-08;0.0002054610000050161;5.560128000215627e-05
1.7756549999467097e-08;5.695442000287585e-08;0.00020055670000147075;5.077106000389904e-05
1.828657000005478e-08;4.9246079998556526e-08;0.00022341320000123232;5.305930000031367e-05
1.8136245000641793e-08;5.1418719999492166e-08;0.00021576510000159032;4.961686000460759e-05
1.9799430000421126e-08;5.1669160003075374e-08;0.00021404350001830608;5.253136000246741e-05
1.864586000010604e-08;5.841091999900527e-08;0.00021287099999608473;5.569719999912195e-05
1.7825294999056495e-08;5.220348000293598e-08;0.00021149030001834035;5.114649999886751e-05
1.6751855000620707e-08;5.347353999968618e-08;0.00020344579999800771;5.2453399996738884e-05
2.171902999980375e-08;5.631771999760531e-08;0.0002180841000226792;5.390492000151426e-05
1.7691725000622684e-08;5.867771999910474e-08;0.00020249080000212416;5.0570459995651614e-05
2.047006000066176e-08;5.0024299998767674e-08;0.00021317570001701825;5.624615999986418e-05
2.0694420000654645e-08;5.98121999995783e-08;0.00022021800000220537;5.120460000471212e-05
1.6472334999707527e-08;5.7934320002095775e-08;0.0002079205999907572;5.031169999856502e-05
1.7982330000086223e-08;5.020321999909356e-08;0.0002003872999921441;5.378758000442758e-05
1.7683409999881404e-08;4.593642000108957e-08;0.00019960615001036786;5.026487999712117e-05
1.6336674999911338e-08;5.1268919999711216e-08;0.00020586349998484365;5.5534879997139795e-05
2.0597650000127033e-08;5.801588000031188e-08;0.00021688749999157153;5.809205999830738e-05
1.8717355000262615e-08;5.288734000059776e-08;0.0002095608999952674;4.915063999942504e-05
1.6673995000019203e-08;5.475464000483044e-08;0.0002284854000026826;5.341630000039004e-05
1.6692124999826773e-08;5.3015240002423526e-08;0.00022631700002239086;5.1592159998835995e-05
1.792194000008749e-08;5.6516720005311074e-08;0.000215775950011448;5.658669999684207e-05
1.730031500046607e-08;6.028260000166483e-08;0.00022195919998921454;5.2621320000616835e-05
1.786786500015296e-08;5.4341159999603405e-08;0.0002188832999963779;5.436829999671318e-05
2.01403900020523e-08;5.445822000037879e-08;0.00021806630000355652;5.127361999475397e-05
1.813624000060372e-08;5.075451999437064e-08;0.00021482470000046305;5.367433999781497e-05
1.8113480000465642e-08;5.667656000005081e-08;0.00022332069999538362;4.9964499997440726e-05
1.8684170000778978e-08;4.77223000023514e-08;0.00022663170000305398;4.535312000080012e-05
1.8802125001093373e-08;5.864884000038728e-08;0.0002150213000131771;5.0683759996900335e-05
1.8628725000598934e-08;5.677735999925062e-08;0.0003691162999894004;6.044646000373177e-05
1.7530105001060293e-08;6.224342000205069e-08;0.0003626844999962486;7.028905999613926e-05
1.7271504999371245e-08;5.966180000104942e-08;0.00033987490000436085;6.900168000138365e-05
2.0797540000057778e-08;6.388372000074014e-08;0.0003507180000015069;6.477926000370644e-05
2.1315330002107658e-08;5.919059999869205e-08;0.00036032539998996074;7.12338000012096e-05
2.2691819997271523e-08;5.982417999766767e-08;0.00034677340000052937;6.339589999988675e-05
1.6786054999101907e-08;6.367818000144325e-08;0.0003532132999971509;7.055775999906473e-05
1.7492389999097212e-08;5.547676000278443e-08;0.0003513046000152826;6.505771999945864e-05
2.0368259999668225e-08;5.7337940001161766e-08;0.0003509302999882493;7.136306000174954e-05
1.7779365000023972e-08;5.6516140000894665e-08;0.0003482269999803975;7.097599999979138e-05
1.6207505000056698e-08;6.452016000403091e-08;0.0003495126999914646;6.794282000046223e-05
1.7989874999329915e-08;5.765023999847472e-08;0.0003758547999896109;6.553609999828041e-05
1.7381639999803155e-08;5.752957999939099e-08;0.00033789180000894705;6.859772000461816e-05
1.8636590000824072e-08;6.750866000074893e-08;0.00036280939998687247;6.395041999639943e-05
1.8202689998724962e-08;6.687445999705232e-08;0.000335401099990122;6.699989999760873e-05
2.006620500033023e-08;5.19838800013531e-08;0.00040899120003450663;6.480058000306599e-05
1.7300804999831597e-08;5.9215359995141624e-08;0.00035326969999005086;6.291641999850981e-05
1.8115709999983663e-08;6.323735999758356e-08;0.0003585721999988891;6.521912000025622e-05
1.6326185000070836e-08;6.275554000167176e-08;0.0003882587000261992;6.58993199991528e-05
1.98133850004524e-08;5.575563999591395e-08;0.00035190990002593027;6.882390000391752e-05
1.7992064999998548e-08;6.142323999665678e-08;0.0003758259000023827;7.213584000128321e-05
2.0575574999384116e-08;5.859572000335902e-08;0.0003737168000079691;6.792826000018977e-05
1.829104000062216e-08;5.797823999891989e-08;0.0003483879000123125;6.90946199989412e-05
1.7436720000114293e-08;5.716705999802798e-08;0.00033935290001682004;7.474123999709263e-05
1.7543629999272524e-08;5.50872599997092e-08;0.00033702840001205913;6.44694399961736e-05
1.8029640000895596e-08;6.26800199970603e-08;0.0003445210000209045;6.714697999996133e-05
1.7745395000383724e-08;5.962543999776244e-08;0.0003454571000183932;7.140424000099302e-05
1.858638499979861e-08;5.8581540000159295e-08;0.0003477894999959972;7.060589999891817e-05
1.854009499948006e-08;5.8858959999633954e-08;0.0003607418000174221;6.887234000023455e-05
1.8224049999844283e-08;5.731598000274971e-08;0.00036283300002105533;7.760237999609672e-05
2.0294960000319405e-08;6.060299999662675e-08;0.0003481616000062786;7.133357999846339e-05
1.6648339999665042e-08;5.890837999759242e-08;0.0003615389000042342;6.858872000011616e-05
1.7023459999472835e-08;6.031431999872438e-08;0.0003674009999958798;6.547617999603971e-05
2.0850089998566546e-08;6.613232000381686e-08;0.0003262703999935184;7.324523999704979e-05
2.1422809999785385e-08;5.527842000010423e-08;0.00036721060000127184;6.764919999986887e-05
1.817035499989288e-08;6.944401999935508e-08;0.00035290310002164917;8.011108000064269e-05
2.0740750001277776e-08;6.603739999700338e-08;0.00035451459998148496;7.781291999854148e-05
1.941110499901697e-08;5.924304000218399e-08;0.00035257620000629685;6.644475999637507e-05
1.7216449999250473e-08;6.099927999894135e-08;0.0003501686000090558;7.698380000074395e-05
2.269444999983534e-08;6.999242000165395e-08;0.00035896690000663514;7.054607999743894e-05
2.15082100010477e-08;6.043119999812916e-08;0.0003597196000046097;8.128739999956451e-05
1.893030500068562e-08;7.77285199961625e-08;0.00040260159998433667;6.70429999998305e-05
2.2243794999667445e-08;5.849199999938719e-08;0.0003615251999872271;7.041713999933564e-05
2.0136139998794534e-08;6.120097999810241e-08;0.0003785415000165813;6.45373000006657e-05
2.1152169999550097e-08;6.014067999785765e-08;0.00040424949998850933;7.202863999991677e-05
2.273725000122795e-08;6.772404000512324e-08;0.00038933110001380554;6.65130399982445e-05
2.0223389999591747e-08;6.995296000386588e-08;0.0003463474999880418;6.638360000215471e-05
2.038559500069823e-08;5.721476000035182e-08;0.00041354759997921063;7.723602000041864e-05
2.158091500023147e-08;7.218335999641568e-08;0.0003803762000170536;7.913030000054277e-05
2.1539784999913537e-08;6.69050399970729e-08;0.0003881443999998737;6.599533999687991e-05
2.1780099999159574e-08;6.208227999741211e-08;0.0003798295999877155;8.284529999946244e-05
2.3915030001080595e-08;6.974497999763117e-08;0.00040495799999916925;8.145406000548974e-05
2.1956689999205992e-08;7.14454000000842e-08;0.00042566999996779487;7.528463999624364e-05
2.237819000147283e-08;6.320738000213168e-08;0.00038772520000929944;6.938115999801084e-05
2.0712609999463894e-08;6.299466000054963e-08;0.0003790616999904159;7.245509999920614e-05
2.3469529999420047e-08;7.149785999790765e-08;0.00036964190000435336;7.135765999555588e-05
2.1017100001336076e-08;6.750469999969937e-08;0.0003906788000022061;8.230101999943144e-05
1.901619000127539e-08;7.884558000368997e-08;0.00038104990002466363;7.705174000002444e-05
2.3592140001710506e-08;6.404063999652862e-08;0.0003772641000105068;7.139993999735452e-05
2.1680329999071545e-08;7.234167999704369e-08;0.0003663867999857757;8.449777999776416e-05
2.315264000208117e-08;7.197482000337914e-08;0.0003634164999821223;7.674465999589302e-05
1.7353289999300615e-08;6.441393999848515e-08;0.0003813419000071008;7.964370000408963e-05
1.9073024998942856e-08;6.041903999866917e-08;0.0003554584999801591;8.439069999731145e-05
2.3430919999373147e-08;7.169755999930203e-08;0.00037816650001332164;8.448994000209496e-05
2.427685000002384e-08;7.551885999855586e-08;0.00036894119999487886;8.42010400025174e-05
2.345774999994319e-08;6.395788000081666e-08;0.00037644390002242287;7.86137199960649e-05
2.2488230001181363e-08;7.206250000162981e-08;0.0004246457999688573;8.060175999999047e-05
2.597927000024356e-08;7.368370000040158e-08;0.0004108837000094354;8.50237599981483e-05
2.4582229999941775e-08;8.016162000130862e-08;0.00038354969999636524;7.098758000065573e-05
2.2533889999613167e-08;6.541953999549151e-08;0.00034830890002194795;8.024578000186011e-05
2.2162810000008904e-08;7.594707999960519e-08;0.00040097760001663117;7.374476000550203e-05
2.229669000080321e-08;6.975878000375815e-08;0.00037411890001385473;6.401195999933406e-05
2.1770390000892803e-08;7.189697999856435e-08;0.00036722899999585933;7.599510000436566e-05
2.167586499999743e-08;6.252370000001974e-08;0.00036357649997808037;7.006317999912426e-05
1.8724564999865832e-08;6.960122000309639e-08;0.00035870880002039483;7.578312000259757e-05
2.1182910000788978e-08;5.556292000110261e-08;0.00033476690002135;7.546864000032656e-05
1.681982999871252e-08;6.448049999889918e-08;0.00032999590001418257;7.433144000242464e-05
1.8611594999674708e-08;5.652476000250317e-08;0.00033987369999522344;6.31240800023079e-05
1.896394500072347e-08;5.5976840003859255e-08;0.000371632900001714;6.607724000350573e-05
1.7919589999655727e-08;5.864979999605566e-08;0.0004142763999989256;6.586295999586582e-05
1.9494484999449923e-08;6.534671999979764e-08;0.0003532450000056997;6.902750000008382e-05
2.055799000081606e-08;6.194113999954425e-08;0.0003648383000108879;6.930577999446541e-05
1.9148389999463688e-08;6.709888000041246e-08;0.000367879700002959;7.74846600019373e-05
1.9122239999705925e-08;6.074855999904685e-08;0.00035272329999133943;6.419489999534563e-05
1.8116680000093766e-08;5.974584000068717e-08;0.0003622536000038963;6.830185999860986e-05
2.091196499968646e-08;6.13770200056024e-08;0.00033561989999725484;7.489029999705963e-05
1.855259500007378e-08;5.553925999556668e-08;0.00034831929998472335;6.858391999849118e-05
2.0604160000220872e-08;6.517133999732323e-08;0.00038797119999071586;7.37198399961926e-05
2.3243900001398287e-08;6.12842200032901e-08;0.0003830764000013005;7.33574200014118e-05
1.9041105000360405e-08;6.73696200014092e-08;0.0003500713999965228;6.932249999954365e-05
1.911656500014942e-08;5.728314000298269e-08;0.00036332529998617247;6.39318999950774e-05
2.0182280000881293e-08;7.06797800026834e-08;0.0003925935000006575;7.765142000280321e-05
1.748124000005191e-08;6.413795999833382e-08;0.0003671411999966949;7.576856000232511e-05
2.0969920000061393e-08;7.269471999607049e-08;0.00034968060001847333;6.300722000305541e-05
1.8743749998975545e-08;6.574132000096142e-08;0.0003697091999929398;7.313849999918602e-05
1.8973154999548568e-08;5.97269999969285e-08;0.0003843034000019543;7.06592000031378e-05
2.054208000190556e-08;5.910811999929138e-08;0.0003340905000222847;7.058282000361942e-05
1.7578344998764805e-08;6.23905599990394e-08;0.0003559131000074558;7.136335999821313e-05
1.8892264999158214e-08;7.057550000026823e-08;0.0004229645999730565;8.092255999799818e-05
1.692798499861965e-08;6.248353999690153e-08;0.0003642894999939017;7.541196000529454e-05
1.9903289999638217e-08;7.645893999724649e-08;0.0005647958000190557;8.97503999993205e-05
1.64111749996664e-08;7.765032000024803e-08;0.0005790633999858982;8.517625999520532e-05
2.318795000028331e-08;7.234733999939635e-08;0.0005758961999672465;0.00010049240000080318
2.0216529999743217e-08;7.441536000114866e-08;0.0005783700000029057;9.407442000228911e-05
2.1000600000843405e-08;8.60501600021962e-08;0.0005686679999926127;0.00010017029999289661
1.7412374999548774e-08;7.527135999989696e-08;0.0005203304000315256;7.869021999649703e-05
2.2036979999393224e-08;8.611418000073172e-08;0.0005853604000294581;9.125301999738439e-05
2.448359999980312e-08;8.957180000143125e-08;0.000518757599988021;9.413215999957174e-05
2.2982589999446646e-08;9.198966000112705e-08;0.0005765130000072532;8.449437999515795e-05
1.890181000053417e-08;8.39596799982246e-08;0.000519509800011292;0.00011049579999234993
2.0070590000250378e-08;9.257760000182316e-08;0.0006131140000070445;0.00010182504000258632
2.3394100001314654e-08;8.792687999666668e-08;0.0006254107999848202;0.00010664200001338032
2.301183999807108e-08;8.594089999678545e-08;0.0006390060000121593;0.0001011075999995228
2.029663499997696e-08;9.573209999944083e-08;0.0005643765999702737;8.972499999799765e-05
2.3557610000716523e-08;8.908899999805726e-08;0.0006040882000233978;9.332136000157333e-05
2.2147710001445377e-08;9.825247999979183e-08;0.0005804888000129722;8.659931999864057e-05
2.3120599999674594e-08;7.976379999890923e-08;0.0006022464000270702;0.00011016123999725096
2.023077000048943e-08;9.46412399993278e-08;0.0005651690000086091;0.00011378904999583029
2.0365865000349003e-08;7.825115999439732e-08;0.0005707759999786504;9.924699999974109e-05
2.2446510000736454e-08;8.34257600014098e-08;0.0005942554000066593;0.00010824185000092256
2.469541000027675e-08;9.244088000268675e-08;0.0005221648000297137;8.926700000301935e-05
2.2876849999011028e-08;8.466792000108398e-08;0.0005241748000262306;0.0001028433799976483
2.012297000037506e-08;7.846836000098847e-08;0.000602632399997674;0.00010268103999551386
2.1016669999517035e-08;9.355422000517137e-08;0.000601477199990768;9.561158000142314e-05
2.0345840000663883e-08;8.694904000149109e-08;0.0006249092000070959;9.173804000020028e-05
1.8050220000441185e-08;8.119196000043302e-08;0.0006303615999640897;8.712685999926179e-05
1.9726640000590124e-08;8.449820000096225e-08;0.0005667543999734334;8.99764200032223e-05
2.272478999948362e-08;7.874633999890648e-08;0.0005407654000446201;8.776378000038676e-05
2.10018299985677e-08;7.968409999739379e-08;0.000544911599950865;9.515830000163988e-05
2.3206409998238087e-08;8.380140000372193e-08;0.000527810600004159;9.571743999840692e-05
1.8059694999828935e-08;7.933195999939925e-08;0.00051202139997622;9.583782000117936e-05
1.8429900000046472e-08;7.441491999779828e-08;0.0005423378000268713;0.00010213267999934033
1.684086000022944e-08;8.401383999735117e-08;0.0005507150000194088;9.193682000041008e-05
1.811629500007257e-08;8.265501999994739e-08;0.0005992556000128388;0.00010844687999924644
1.703994999988936e-08;8.297306000022218e-08;0.0005667781999800354;9.739834000356495e-05
2.4717130002682097e-08;7.503343999851495e-08;0.0005444037999841384;0.00010747469999478198
2.2102180001093076e-08;8.037371999816969e-08;0.0005932060000486672;9.268674000049941e-05
2.1127199998591095e-08;7.357556000351905e-08;0.0005986853999784216;9.345458000316285e-05
1.8024679999507498e-08;8.230124000110664e-08;0.0005565628000185824;0.00010093500000948552
2.269483499985654e-08;9.265499999746681e-08;0.0005367640000185929;9.207514000008814e-05
1.8999325000913814e-08;7.971588000073097e-08;0.0006075466000474989;0.0001005308200023137
2.0562209998024626e-08;6.490658000111579e-08;0.0005492669999948703;0.0001034578499966301
2.0518234999326524e-08;9.158195999916643e-08;0.0005674869999638759;0.0001024693999934243
2.6142150000669062e-08;8.185049999738112e-08;0.0005719278000178747;9.34629799972754e-05
2.038827500073239e-08;8.47014200000558e-08;0.0005437159999855794;8.226199999917299e-05
2.0754930001567117e-08;7.210231999633833e-08;0.0005999085999792441;0.00010019580001244321
2.1987619998981244e-08;7.756364000379108e-08;0.000593261200003326;8.292545999865979e-05
2.1761170000536367e-08;8.368092000018805e-08;0.0005663517999928444;0.00010143515000527259
1.7889790001208894e-08;9.348735999665223e-08;0.0005442244000150822;8.67939599964302e-05
1.963137499988079e-08;7.062518000020645e-08;0.0005169975999742746;8.493211999884806e-05
1.962119500094559e-08;6.971995999920182e-08;0.0006052917999913916;9.752601999789477e-05
1.7986600000585894e-08;8.036093999980949e-08;0.0005862865999806672;9.401289999950677e-05
2.025957000150811e-08;8.30924000008963e-08;0.0005509060000185855;9.009012000169605e-05
2.0367494999663905e-08;7.88847399991937e-08;0.000572959599958267;0.00010463005000201519
2.0245599999907425e-08;9.599992000148632e-08;0.0005819016000023112;9.875730000203476e-05
2.1364620001986624e-08;9.360668000299483e-08;0.0005928482000017539;9.288961999700405e-05
2.1138650001375935e-08;8.74422000022605e-08;0.0005908281999872998;0.00010538424999685958
2.2124320000875742e-08;9.609854000154883e-08;0.0005707289999700152;8.860075999982655e-05
2.325054000248201e-08;9.14519999991171e-08;0.000542317199986428;0.00010762559999420773
2.434826999960933e-08;8.325514000025578e-08;0.0005823078000103123;0.00010557793999905698
2.1362850000150503e-08;9.587245999719017e-08;0.0005484934000414796;9.538557999767364e-05
2.2804150002775712e-08;8.391338000074029e-08;0.0005531680000131019;0.00011513834999641403
2.0407300000078978e-08;8.628960000351072e-08;0.0006018414000282064;0.00010112410000874661
2.0952679999754764e-08;8.518491999711841e-08;0.000591517399996519;0.00010854554999968968
2.2522849999950268e-08;8.896866000141017e-08;0.000562906400009524;9.902529999963007e-05
2.0562199999403676e-08;8.371493999729864e-08;0.000567793000023812;0.00010490909998770804
1.9513584999367596e-08;7.431036000489257e-08;0.000598095600027591;9.333545999834314e-05
2.0123925000370945e-08;8.107095999876037e-08;0.0005808359999791719;0.00010363559999677818
2.3850279999896885e-08;8.83741799974814e-08;0.0005844613999943249;0.00010575480000115932
2.08609900000738e-08;9.331533999647945e-08;0.0005397569999913685;9.637152000213973e-05
2.1934055000019724e-08;8.916294000227936e-08;0.0005821027999627404;9.323399999993853e-05
2.123559000028763e-08;8.250092000234872e-08;0.0005850421999930404;8.640567999682389e-05
2.233225000090897e-08;8.521260000416077e-08;0.000557018399995286;9.300426000263542e-05
2.0634209999116136e-08;9.009318000171334e-08;0.0005984017999726347;9.533550000051036e-05
2.201051999873016e-08;8.617887999862432e-08;0.0005489876000210643;9.187007999862544e-05
2.0970669999951498e-08;8.349318000255152e-08;0.0005626462000072934;0.00010044051999575458
2.0778345000871924e-08;7.973387999809347e-08;0.0005855851999949663;9.49198400019668e-05
1.998847999930149e-08;9.139233999885619e-08;0.0005369403999648057;9.32715000002645e-05
2.020722999877762e-08;9.004866000032052e-08;0.0006249644000199623;9.875697999959812e-05
1.8142095000075642e-08;7.947350000031293e-08;0.0005216453999746591;9.785689999698661e-05
2.196682500070892e-08;7.922639999887906e-08;0.000556897000002209;0.0001011196400038898
2.4677339999470858e-08;7.787677999585867e-08;0.000591099800018128;0.00010625805000017862
2.0830860000569373e-08;8.333527999930084e-08;0.000561024800001178;0.00010911710000073071
2.027620000008028e-08;8.320741999777965e-08;0.0005944397999555804;9.901151999947615e-05
1.7523420001089108e-08;7.446085999836215e-08;0.0005865843999781645;9.538079999620096e-05
2.038064999796916e-08;7.861430000048131e-08;0.0005828590000164695;0.00010275957999983803
2.3223069999949077e-08;8.153969999984838e-08;0.0005767173999920487;0.00010280490000150167
2.2612130001652987e-08;6.738917999900877e-08;0.0005095408000051976;9.242160000139847e-05
2.194601500086719e-08;8.437668000115082e-08;0.0005958316000178456;0.00010103199999139179
1.889192000089679e-08;8.571976000093854e-08;0.0005631107999943197;8.932674000388943e-05
2.212102999910712e-08;8.499475999851711e-08;0.0005761659999843686;9.85268399992492e-05
2.0544150000205263e-08;7.688212000066414e-08;0.0005657190000056289;9.396866000024602e-05
2.2639269998762758e-08;8.415206000208855e-08;0.0005570563999935985;0.00010057217999710701
2.0976559999689925e-08;7.804655999643728e-08;0.0005367335999617353;9.751055999659001e-05
2.210835000150837e-08;8.029862000257708e-08;0.0005684128000284545;9.350590000394731e-05
1.9307259999914095e-08;7.384426000062376e-08;0.0006018642000271938;9.511515999911353e-05
1.8296039999404456e-08;6.774890000233427e-08;0.0005712021999643185;9.36811999999918e-05
1.8983460000890774e-08;8.340473999851384e-08;0.0005166707999887877;0.00010923349999939092
2.3543920001247898e-08;8.565235999994911e-08;0.0005546586000127718;0.00010267349999048747
2.194222999969497e-08;7.852907999767922e-08;0.0005612774000037462;0.00010505985000054351
2.057157999952324e-08;6.255456000217236e-08;0.00018087900000682565;5.176664000027813e-05
2.0641000001342037e-08;5.584085999871604e-08;0.00018583755000145175;4.73496199992951e-05
2.050898000015877e-08;5.78451799985487e-08;0.00017917775000387336;4.557397999451496e-05
2.189215999969747e-08;6.405311999842524e-08;0.0001772254000097746;5.097595999832265e-05
2.216706000035629e-08;5.959343999857083e-08;0.00019309714999690187;4.4177179998951034e-05
2.0278419999522157e-08;6.200324000092223e-08;0.0001773630499956198;4.5098059996962545e-05
2.2785659998771733e-08;4.8499840003205463e-08;0.0001814515999867581;4.2349040001863615e-05
2.0212235000508373e-08;6.607709999661893e-08;0.00019520005000231322;4.779027999611571e-05
2.136367000057362e-08;6.524465999682434e-08;0.00019483120000222698;5.0110519997542726e-05
2.1527469999273308e-08;5.989186000078917e-08;0.00018993335000413934;4.887291999766603e-05
2.1599749999586494e-08;5.901040000026114e-08;0.00018707539999741129;5.54980400018394e-05
2.0659889999660663e-08;6.759817999554798e-08;0.00019836389999545645;5.3492900001583624e-05
2.0621269999537616e-08;6.156716000405141e-08;0.00019919295000727288;4.5868979999795556e-05
2.472641000058502e-08;6.096645999932661e-08;0.00019692119999672287;4.648608000134118e-05
2.224366999871563e-08;5.948664000025019e-08;0.00017082484999264124;4.9602839996805413e-05
2.4691869999514894e-08;6.368549999897368e-08;0.00020027570000092965;5.1238499995088206e-05
2.433885000064038e-08;5.952654000138864e-08;0.00021192339999834075;5.54225999978371e-05
2.3349460001918487e-08;6.954336000490002e-08;0.00018875519999710376;4.762091999873519e-05
2.2420719999354332e-08;7.301369999768213e-08;0.00017174234999401962;5.048708000103943e-05
2.1893279999494552e-08;6.567105999565684e-08;0.0002065860500006238;4.987911999924108e-05
2.2302929998841135e-08;6.609815999981947e-08;0.00020273619997897185;4.621692000073381e-05
2.1891199998208322e-08;5.797702000127174e-08;0.00020195289998082444;4.682449999963865e-05
2.2739960000035355e-08;6.083372000139206e-08;0.00018619414999557194;5.0553340004989877e-05
2.4895130001823418e-08;6.14222800009884e-08;0.0001820000500010792;4.37034800008405e-05
2.1893920001457444e-08;7.038281999994069e-08;0.00021030529998824932;4.1471360001014544e-05
2.273779499955708e-08;6.877030000323429e-08;0.00016760664999310393;4.4004600000334905e-05
2.2025090001989157e-08;6.474345999886282e-08;0.00017743339999287856;4.598766000126488e-05
2.3519320000195876e-08;6.898237999994308e-08;0.0001983240499976091;4.689738000161014e-05
2.103994000062812e-08;6.461323999683373e-08;0.00020438589999685063;4.832095999736339e-05
2.2663509999983942e-08;6.056800000369549e-08;0.00018434680000063963;4.725383999757469e-05
2.462664000049699e-08;6.042798000271433e-08;0.00019728895000298508;4.236623999895528e-05
1.8078109998896253e-08;6.383344000205397e-08;0.00019669295000494458;4.5269619999453426e-05
2.346139999863226e-08;7.497336000087671e-08;0.00018408335000276565;4.748299999628216e-05
2.386386999860406e-08;6.259822000283747e-08;0.0001917119999998249;4.075044000055641e-05
2.201560499961488e-08;5.471549999783747e-08;0.0001932126000028802;4.584867999656126e-05
2.0031280000694096e-08;5.6797140004346146e-08;0.00018577229999937117;4.696785999694839e-05
1.8894550000550224e-08;6.700983999762684e-08;0.00018664205000095535;4.42641600035131e-05
2.3302920001151506e-08;6.067264000303112e-08;0.00016925414999423082;4.464830000069924e-05
1.9863769999938085e-08;5.34888599999249e-08;0.00016891550000582356;4.37065200007055e-05
1.786646499967901e-08;5.975890000117942e-08;0.0001781166000000667;4.7073739999905226e-05
2.0875530000193977e-08;5.986588000087067e-08;0.0001939771000033943;5.1172499998938293e-05
1.5986934999818912e-08;5.61665199988056e-08;0.00016685224999673666;5.1037900004303085e-05
1.958151500002714e-08;5.8502679999219256e-08;0.00018591174999892245;4.258260000497103e-05
1.737606999959098e-08;5.410470000351779e-08;0.00018815259999246337;4.2522679996909574e-05
1.921613000013167e-08;5.776101999799721e-08;0.00017499800000223331;4.7371819999534634e-05
1.8421535000379664e-08;5.521710000466555e-08;0.0001710340499994345;4.456783999921754e-05
1.8733530001190958e-08;5.9280679997755214e-08;0.0001727711500134319;4.2550880002090706e-05
2.096464000060223e-08;5.863487999886274e-08;0.00016768364999734332;4.7727999999187886e-05
2.1207895000407006e-08;5.063694000127725e-08;0.0001857989499985706;4.473042000317946e-05
2.039150999917183e-08;5.923760000150651e-08;0.00018587795000348705;4.855897999950684e-05
2.0669970000744796e-08;4.908474000403658e-08;0.00018414324999321252;4.12163800036069e-05
2.1939519999432378e-08;6.065100000123494e-08;0.0001849245500052348;4.477918000193313e-05
2.2703199999523348e-08;5.01057600020431e-08;0.00017576939999707975;4.1185079998103905e-05
2.255619000061415e-08;5.2956960001029075e-08;0.00018107609999424312;4.8223279998637735e-05
2.2037799999816344e-08;5.7539820001693444e-08;0.00017022265000559856;4.696568000363186e-05
2.0128780000959523e-08;5.449463999830186e-08;0.00017527940000582022;4.438220000010915e-05
1.979437499976484e-08;6.202110000303946e-08;0.00016892625000036786;4.518085999879986e-05
2.009379500086652e-08;6.327321999706327e-08;0.00018199830000230577;4.682557999622077e-05
2.1148729999549686e-08;6.395881999633275e-08;0.00020348044999991545;4.35613400011789e-05
2.053963000071235e-08;5.479378000018187e-08;0.0001899952499952633;4.634764000074938e-05
2.189051999885123e-08;6.020848000189289e-08;0.00018633015001250897;4.270242000347935e-05
2.1049130000756123e-08;6.053568000206723e-08;0.00018261555000208317;4.950954000232741e-05
1.9336699999985286e-08;6.14443400001619e-08;0.0001847297499916749;4.647992000100203e-05
1.8207330000586807e-08;5.970081999548711e-08;0.00020735334999335463;4.5094939996488395e-05
2.107573999965098e-08;4.808563999831676e-08;0.0001864884999959031;4.769893999909982e-05
2.2928599998704157e-08;6.620226000086404e-08;0.00018769454999710433;4.842928000143729e-05
2.1271889997296967e-08;6.050589999649673e-08;0.00018773635000979993;4.532058000331745e-05
1.8863795000652318e-08;5.9540360001847145e-08;0.00018683895000140183;5.02664600033313e-05
2.092696000036085e-08;5.9093140001641586e-08;0.00019035215000621974;4.3727719999151306e-05
2.2467650000180584e-08;6.284361999714747e-08;0.00020048859999224078;4.207896000007167e-05
2.0345749999978578e-08;6.566461999900639e-08;0.00020029979999526405;4.8874619998969136e-05
2.085158000118099e-08;6.471937999594957e-08;0.00017776365000463556;4.994153999723494e-05
2.0586879999609663e-08;5.8866859995760026e-08;0.00018084929999895394;4.7535780002363024e-05
1.9278459998895413e-08;5.4085599997779354e-08;0.00017164314999536145;4.7743119997903704e-05
2.0216690000961533e-08;6.274328000145032e-08;0.00018126019999908748;4.331613999675028e-05
1.782264999928884e-08;5.608545999857597e-08;0.00018796534999273716;4.6155180002097044e-05
2.0781660001375712e-08;5.0296359998174013e-08;0.0001982813500071643;5.0406280002789575e-05
2.2377379998215475e-08;6.661826000199653e-08;0.00018313794999266975;4.351392000098713e-05
1.6864684999745805e-08;6.463557999813929e-08;0.00017790310000418685;4.6654339996166526e-05
1.856122500030324e-08;5.400872000027448e-08;0.00018555629999900702;4.580281999660656e-05
2.2595759999239817e-08;6.380262000020594e-08;0.0002001827000058256;4.6249920001719145e-05
2.0141890000377317e-08;5.777450000168755e-08;0.00017603085000882858;4.3634899996686723e-05
1.782660000026226e-08;6.987602000008337e-08;0.0001899855499941623;4.375306000001728e-05
2.357019999762997e-08;6.25558200001251e-08;0.00018739024999376853;4.568667999701574e-05
2.1924539998872207e-08;5.451317999977618e-08;0.00018561494999448769;4.1154160001315175e-05
2.0241605000046547e-08;5.392580000334419e-08;0.00018189790000906213;4.862420000135899e-05
2.0413500000722707e-08;5.289442000212148e-08;0.00020297969999955967;4.52179400017485e-05
2.0382634999987203e-08;4.586787999724038e-08;0.00017204674999811686;4.873235999839381e-05
2.140040000085719e-08;6.096762000233866e-08;0.0001995325000025332;4.41521400003694e-05
2.1625870000571012e-08;6.058022000361234e-08;0.00018396944999403785;4.905618000193499e-05
2.4734979998902417e-08;5.789182000444271e-08;0.00018788605000008828;4.253230000031181e-05
2.0987194999179338e-08;6.402781999786384e-08;0.00017024079999828246;4.31745600013528e-05
2.2603700001491233e-08;6.086980000254698e-08;0.00020248159999027848;5.131475999951362e-05
2.1316299997852183e-08;6.755606000078842e-08;0.00019704004999948664;4.6071280003525316e-05
2.0185065000259784e-08;5.232906000455841e-08;0.00020516360001056455;4.790619999985211e-05
2.250744000193663e-08;5.638614000054076e-08;0.00018662399999448098;4.548692000098526e-05
2.0052680000662805e-08;6.241366000031121e-08;0.00018318574999284465;4.176492000115104e-05
2.3305189999518915e-08;5.9555259998887776e-08;0.00018643455000710672;5.0561140000354496e-05
2.0648689998779444e-08;6.677751999814063e-08;0.00018517509999219328;4.2210339999292044e-05
1.8715149999479764e-08;4.930130000575445e-08;0.00018093089999456424;4.6121300000231716e-05
2.1119760000146927e-08;5.4261240002233536e-08;0.0005573366000317038;0.00011068625000189059
1.8837275000987574e-08;6.275078000035137e-08;0.0005244624000042677;0.00012026854998839553
2.0266480001737362e-08;6.21612000046298e-08;0.0004872311999788508;0.00011522784999397118
2.2839860001113266e-08;6.131768000195735e-08;0.0005267030000104569;0.00010615417999797501
2.1438679998391307e-08;6.108017999795266e-08;0.0005080896000145003;0.00010827050000079907
2.045464999973774e-08;5.926880000042729e-08;0.0004738485999987461;0.00010749874998873566
2.0722489999025127e-08;6.255795999895782e-08;0.0005386212000157684;0.00011060765000001993
2.5949590001255275e-08;5.483934000367299e-08;0.0005435713999904692;0.00010477044999424834
2.1284860000014304e-08;6.304989999625832e-08;0.0005001852000132203;0.00010428854999190662
2.199036000238266e-08;6.320046000182628e-08;0.0004587967999977991;0.00011536964999686461
2.1182984999904875e-08;6.484983999980614e-08;0.0005535217999713495;0.00011570199999550823
2.1675900000263936e-08;6.887901999871247e-08;0.0005350128000136464;0.00011788535000232514
2.4149680000846274e-08;6.885374000412412e-08;0.0005695104000042193;0.00011591415001021233
2.278130000049714e-08;5.802678000181913e-08;0.0005060187999624759;0.00011536049999995158
2.34106799995061e-08;6.179963999893516e-08;0.0005673658000305295;0.00012162249999528286
2.1830075001344084e-08;6.176635999581777e-08;0.00045665779995033516;0.00011630000000877771
2.0251210001879372e-08;5.939674000255764e-08;0.0004901895999792032;0.00012029610000899993
2.3200960000394844e-08;6.146348000038415e-08;0.0005822937999619171;0.00011443420000432524
2.149582999991253e-08;5.9285239997552705e-08;0.0004935714000021108;0.00011681955000676681
2.0167789998231456e-08;6.762232000473886e-08;0.0005519398000324145;0.00011637134999909904
2.000510999932885e-08;6.191887999884784e-08;0.0005427064000396058;0.0001070140500087291
2.1155219999491238e-08;6.003055999753997e-08;0.0004911613999865949;0.00011873544999980368
2.3607720001018606e-08;6.32915599970147e-08;0.0005592431999975815;0.00011506584999733605
2.0814440000685863e-08;5.9485440002754334e-08;0.0005685075999936089;0.00012138910000794568
2.4697950000700074e-08;5.574837999884039e-08;0.0005031685999711044;0.00011649970000144094
2.4346320002223363e-08;6.831408000434749e-08;0.00048461739998310806;0.00011771450001106131
2.3380839999299495e-08;6.338391999597661e-08;0.0005404032000224106;0.00012131689999660012
2.445438999857288e-08;6.738509999704547e-08;0.0005310569999855943;0.00011411365000822115
2.343669999972917e-08;5.970236000139266e-08;0.0005164580000564456;0.0001227855000033742
2.5634520000312476e-08;6.439027999876998e-08;0.0005741764000267722;0.0001247045999916736
2.3715480000828393e-08;6.258923999848776e-08;0.0005317796000163071;0.00012068618000485003
2.07187599997269e-08;7.102707999874838e-08;0.0005542038000421599;0.0001222404500003904
2.164069999998901e-08;7.06711600010749e-08;0.000510681800020393;0.00011503494999487885
2.147815999924205e-08;6.677348000230268e-08;0.0005324103999882937;0.00011108419999072794
2.410346000106074e-08;6.102746000397018e-08;0.0005645467999856919;0.00011574655000003986
2.3944920001667925e-08;6.153501999797299e-08;0.0005400459999800659;0.00010995000001275912
2.1333460000460036e-08;6.44105999963358e-08;0.0005640678000054323;0.00011401654999644962
2.4407670000800863e-08;6.651726000127382e-08;0.0005356250000186265;0.00012009495000529568
2.454364000004716e-08;6.764210000401362e-08;0.0005706796000013128;0.00010934674998861737
2.1897139999782666e-08;7.005307999788783e-08;0.0005611494000186212;0.00011525750000146217
2.2525680001126603e-08;6.801609999965876e-08;0.0005303444000310264;0.00010677349999605212
2.164838000026066e-08;6.852203999878838e-08;0.000544582000002265;0.0001111413500038907
2.2459220001474023e-08;6.15246599947568e-08;0.0005688298000022769;0.00010464249999495223
2.523938999947859e-08;6.404504000092856e-08;0.0005162899999995716;0.00011021729999629315
2.271879500040086e-08;5.0749320001341405e-08;0.0005405199999804609;0.0001153928999992786
2.1709689998533575e-08;6.386165999574587e-08;0.0005498950000037439;0.0001270970499899704
2.593193000066094e-08;7.337041999562644e-08;0.0005126949999830685;0.00011484154999197927
1.9221599999582396e-08;5.6539099995279684e-08;0.0005064783999696374;0.00010624580000876449
2.506264999974519e-08;6.796717999968678e-08;0.0004971066000289283;0.00012389885001175572
2.357688999909442e-08;6.163911999901757e-08;0.0005520178000442684;0.00012318780001078266
2.5774219998857005e-08;6.316095999791286e-08;0.000520401599991601;0.00011224015000334476
2.013472999969963e-08;6.878909999504686e-08;0.0004593621999956667;0.00011677885000244714
2.396668999863323e-08;6.685860000434332e-08;0.0005259040000382811;0.0001060942499898374
2.4554870001156814e-08;6.50811200030148e-08;0.00047233580000465735;0.00011913585000729654
2.3031539999647065e-08;5.768231999827549e-08;0.000481136999966111;0.00011172664999321568
1.9249410000338685e-08;5.69411400007084e-08;0.0005188532000174746;0.0001030631000030553
2.0544649998191744e-08;5.215553999878466e-08;0.0004933072000276298;0.00010163895000005141
2.142323000007309e-08;5.547059999662451e-08;0.0004670810000388883;0.00011043415000312962
2.346333999885246e-08;6.489571999991313e-08;0.0005499212000286207;0.00010694346000091173
2.3383350000949578e-08;5.572282000211999e-08;0.0005330507999751717;0.0001136675000016112
2.1818505000555888e-08;6.843124000006355e-08;0.0005057892000186257;0.00011501880000287201
2.0685829999274575e-08;5.88934600003995e-08;0.0004867359999916516;0.00010743955000361893
2.3622570000588894e-08;6.20898000022862e-08;0.0004571569999679923;0.00010745774999668356
2.099797000118997e-08;6.652691999915987e-08;0.0005507866000407375;0.00010916720000386703
2.017096999916248e-08;6.061768000363372e-08;0.0005296222000033595;0.00010461384999507573
1.7580255000211763e-08;6.685732000041753e-08;0.0005089852000237443;0.0001068437000067206
1.8515004999062512e-08;5.897221999475733e-08;0.0004946641999995336;0.00011187049999716692
2.1944310000981206e-08;6.365311999688856e-08;0.0005465542000019923;0.00011050819999945815
2.2712259998661465e-08;5.710373999900185e-08;0.0005183334000175818;0.00010300680001091678
2.0578725000086705e-08;5.9570840001106265e-08;0.0005091688000247814;0.00012253740000596735
1.7874155000026802e-08;5.376416000071913e-08;0.0004929552000248804;0.00010695749999722465
2.2069349999947007e-08;5.369774000137113e-08;0.0005424732000101358;0.00010657915000047069
2.111915000132285e-08;6.69664199987892e-08;0.00048511420004069807;0.00010248869999777525
2.1986729998025113e-08;6.238553999573924e-08;0.0004921374000259676;0.00010352393999928608
1.791908500017598e-08;6.386284000473097e-08;0.0004602498000022024;0.00010380635000183246
1.79044549993705e-08;5.126509999972768e-08;0.00046647759998450053;0.00010148339999432209
1.6955700000107755e-08;5.21580999949947e-08;0.0005099049999844283;0.00010255744999449234
1.8884244999208022e-08;5.4943239997373895e-08;0.00045717900001909583;0.00010257810000621248
1.865203999914229e-08;5.70064999978058e-08;0.0004833896000054665;0.0001058970500016585
1.823869000072591e-08;5.208124000346288e-08;0.0005039931999635882;0.0001050589500082424
1.9068509999488014e-08;5.330537999980152e-08;0.00047365759999956934;0.00010076225000375416
1.7770070000551642e-08;5.668261999962851e-08;0.00048294419999001545;0.00010208805000002031
1.767227000091225e-08;6.40196799999103e-08;0.0004999051999766379;0.00010386049999215175
2.0508459999109618e-08;6.009233999648131e-08;0.0005008097999962047;0.00010650239999813493
1.7932535000727512e-08;5.4082779999589544e-08;0.0005018370000179857;0.00011169103999854996
2.047255999932531e-08;5.5461980000836773e-08;0.0005684956000186502;0.000115880350000225
2.0578289999684785e-08;5.398278000066057e-08;0.0005309707999695092;0.00011328419999335893
2.121096999908332e-08;5.786937999655493e-08;0.0004974771999986842;0.00010644529999990482
1.8221109999285544e-08;6.0062260000268e-08;0.0004958031999995001;0.00010448054999869782
2.0153610000852497e-08;5.8594600000651555e-08;0.00045292859995970503;0.00010191490000579506
2.0778830000199376e-08;6.128822000464425e-08;0.0005046306000440382;0.00010509904999344144
1.9277589999546762e-08;6.260590000310913e-08;0.000501351400045678;0.00011556604999350384
1.9343484999262726e-08;5.521848000353202e-08;0.00044943820004118606;0.00010986120000598021
2.045479999796953e-08;5.681819999590516e-08;0.0004986653999658301;0.0001122905000083847
1.826409499917645e-08;5.998413999914191e-08;0.0004942912000115029;0.00010502616000012495
2.0166160000371746e-08;5.4055000003427264e-08;0.0005029706000350416;0.0001021941499930108
1.9773965000058526e-08;5.8591820002766325e-08;0.0004764230000437237;0.00010864950000541284
2.1935870000743308e-08;6.372127999784425e-08;0.0005253078000387177;0.00010291304999554996
1.8551749999460297e-08;5.703571999911219e-08;0.0004966756000067108;0.00010257474000100047
2.0059384999331087e-08;5.5054879997624086e-08;0.0005188896000036038;0.00010835794999729842
1.785280499898363e-08;5.570663999533281e-08;0.0002640987999911886;0.00017667955000069923
2.186844999960158e-08;5.8976320002693685e-08;0.00028558110000449235;0.0001661395499977516
2.1419510000851005e-08;5.1295040000695735e-08;0.00023856839997461065;0.0001612089999980526
1.9046729999536182e-08;6.130275999894366e-08;0.00027354829999967476;0.00016250204999232665
2.0539474999532102e-08;6.082420000457205e-08;0.00026450640000985;0.0001586966500035487
2.0466260000830515e-08;5.1505819999147204e-08;0.0002882315999886487;0.00016376199999649542
2.0617499999934807e-08;5.594738000072539e-08;0.0003026336999901105;0.00014916094999352936
2.1049055000185037e-08;6.334616000531241e-08;0.0002639455999888014;0.0001690655999991577
2.2426650000852533e-08;6.007948000333272e-08;0.00028679270000429825;0.00016750814999977592
2.0756660000188276e-08;6.285657999687828e-08;0.00029582830000435934;0.00016884120000759139
1.6502435000438708e-08;5.703181999851949e-08;0.0002658939000102691;0.00015912065000156872
2.165984000021126e-08;5.611666000331752e-08;0.0002454040000156965;0.0001507402999995975
1.8729260000691283e-08;5.0706039997749034e-08;0.0002718059000035282;0.00017525040000327863
1.9074729998828842e-08;5.041772000258788e-08;0.0002549307999724988;0.00014279469999019056
1.7525585000112186e-08;5.8772720000706614e-08;0.00028626929997699335;0.00015210409999417607
2.107257000170648e-08;5.760180000215769e-08;0.0002575767999805976;0.00015893930000311228
1.943470999976853e-08;5.387370000244118e-08;0.0002841306999907829;0.00014684615000442136
1.8338745000073686e-08;5.371688000159338e-08;0.00026928780000889675;0.00016435209999326618
2.0080890000099316e-08;5.319412000244483e-08;0.00027389319997746497;0.0001499422500055516
1.8213879999530037e-08;4.9608319997787477e-08;0.0002595945000066422;0.00016431505000218748
1.8267745000775902e-08;6.009442000067793e-08;0.00027848479998647237;0.00015815469999506604
1.9536354999581818e-08;6.449193999869749e-08;0.00026304890000028534;0.0001672250499977963
1.917169499938609e-08;6.3564359996235e-08;0.00024270489998161793;0.0001727942500001518
2.12100200005807e-08;6.45109000033699e-08;0.0002650285999989137;0.00014467740000691264
1.9164824999461416e-08;5.4643940000096334e-08;0.00028779410000424833;0.00014747779999743215
1.8927124999754597e-08;5.7781120005529376e-08;0.00028048839999246413;0.0001675037999957567
1.7131045000860467e-08;6.023955999989994e-08;0.00026799910000409;0.0001601834500033874
1.907271500094794e-08;4.851180000114255e-08;0.0002837446999910753;0.00017269974999362602
1.88606499999878e-08;5.493638000334613e-08;0.0002661328999965917;0.00015909985000325832
2.1091860000160522e-08;5.850434000021778e-08;0.0002758501000062097;0.00015705969999544323
1.9688974999007768e-08;5.417499999748543e-08;0.0002824796000204515;0.00015968199999770148
2.089038999984041e-08;6.050208000233397e-08;0.00031490189998294226;0.00017484084999887272
2.2807660000398756e-08;6.8351740000071e-08;0.000276641499978723;0.00015565719999722206
1.8789524999738206e-08;5.994413999724202e-08;0.00026287000000593255;0.000183537549994071
2.0018129999516532e-08;6.472628000192344e-08;0.0003101377000275534;0.00017725024999526795
2.385717500001192e-08;6.868250000406988e-08;0.00028186650000861847;0.0001794087500020396
2.145437999861315e-08;5.440580000285991e-08;0.00024344449999625793;0.00014945670000452083
2.0118569998885505e-08;6.120824000099674e-08;0.00029661280001164414;0.000173198449992924
2.2296459999051877e-08;6.191109999781474e-08;0.00025431180000305177;0.00016160320000199136
2.250697499985108e-08;5.246454000007361e-08;0.00025592169997980816;0.0001695476499880897
2.208764499955578e-08;6.106606000103057e-08;0.00026368049997836353;0.0001652365999907488
2.0758354999998118e-08;6.144797999877482e-08;0.0002821369000012055;0.00016941830000723713
1.8625615000200923e-08;4.686448000138626e-08;0.000248032500006957;0.0001543716000014683
2.1290220000082627e-08;5.4413840000052e-08;0.00027537709998432544;0.0001656302999908803
2.427593999891542e-08;5.995112000382506e-08;0.00029527230001986026;0.00017446619999827816
2.2027570000500417e-08;6.027870000107214e-08;0.0002681745000008959;0.0001563793999957852
2.247505999985151e-08;5.4418660001829264e-08;0.00027783710000221616;0.00016661239998938982
2.1392519999062643e-08;5.427429999690503e-08;0.00029681430000346153;0.00017088609999336767
2.007904000056442e-08;6.268399999826215e-08;0.0002615256999852136;0.00015838880000228529
2.1459324999887032e-08;5.8974080003099513e-08;0.0002847275000240188;0.00015985720000753645
2.0041580000543034e-08;5.321711999713443e-08;0.00028066980000585317;0.0001564992500061635
2.018124000169337e-08;5.1703260000795126e-08;0.0002665615000005346;0.00016627909999806435
1.7562725000607314e-08;5.821250000153668e-08;0.00027953580001485533;0.00015070225000090432
1.921587999968324e-08;5.1073059998452665e-08;0.0002670484000118449;0.00015981465000368189
2.0761890002177095e-08;5.970393999596126e-08;0.0002688038000196684;0.00016547540000465234
2.072879000043031e-08;5.286620000260882e-08;0.0002736129999975674;0.00016742389999853914
2.013042000180576e-08;4.9891179997939617e-08;0.00027768169998307714;0.0001529829999926733
1.614069999923231e-08;5.417878000298515e-08;0.00025597240001661703;0.00015113440000277478
1.5078809999977237e-08;5.392971999826841e-08;0.0002479858000006061;0.00014789629999722819
1.644367999979295e-08;5.2494400000432505e-08;0.00025893680000444873;0.0001571393500053091
1.7609730000549463e-08;5.192479999968782e-08;0.0002489317000145093;0.00016356090000772382
1.901526500005275e-08;5.0853059999644754e-08;0.0002479779999994207;0.00016272415001003537
2.0928124999045395e-08;5.474779999931343e-08;0.00024630400000023655;0.00015710320000653156
2.0377299998654052e-08;6.23881999985315e-08;0.00025845500000286846;0.00015781494999828283
2.060514500044519e-08;5.8242640004027634e-08;0.00025989009998738765;0.00016543710000405554
2.3122389998752624e-08;6.259477999992669e-08;0.0002812137000146322;0.0001731809000048088
1.901501999964239e-08;4.8190459999023005e-08;0.0002641293999913614;0.0001502440500044031
1.7760039999848233e-08;5.633061999687925e-08;0.00025266160001046953;0.00016280794999329372
1.952692500053672e-08;5.789390000281855e-08;0.00025532329999259674;0.00018038150000211317
2.2211139998398722e-08;5.056713999947533e-08;0.0002824726999970153;0.00017433594999602064
2.3159130002022722e-08;5.6940819998271764e-08;0.00026760059999651276;0.00014895464999426623
2.028687499987427e-08;5.2338879997842016e-08;0.0002594626999925822;0.00016562754999904428
2.026608500018483e-08;5.0331200001528484e-08;0.00026720130001194774;0.0001596720999950776
1.9809039999381638e-08;5.3245759999845174e-08;0.000265497200016398;0.00016164540000318083
1.8799945000500883e-08;5.489355999743566e-08;0.00026976719999220224;0.00015836445000604727
1.8172885000240057e-08;5.328319999971427e-08;0.0002485720999829937;0.00015519409999251366
1.9316934999369552e-08;4.667778000002727e-08;0.0002595113000134006;0.00015484504999767524
2.0547939999960362e-08;5.5505239998456094e-08;0.00025943740000366236;0.000150510999999824
1.8070939999597614e-08;5.368959999759681e-08;0.0002617714999942109;0.0001642608999973163
2.0144730000174604e-08;6.15235399978701e-08;0.0002640862000116613;0.00017951470000843983
2.045104000135325e-08;6.40873999975156e-08;0.0002812042000005022;0.00014845545000571292
1.8164819999947212e-08;5.369063999969512e-08;0.0002503823000006378;0.00016504305000125896
2.078486999962479e-08;5.306405999581329e-08;0.00028238769999006764;0.00015647074999287723
2.1140509999531786e-08;6.097183999954723e-08;0.00024247540000942535;0.00015593834999890532
1.6237550000369083e-08;5.9128679998684674e-08;0.00026358889997936787;0.0001462714500084985
2.1720840000489262e-08;6.293903999612667e-08;0.0002521930000220891;0.00015351940000255126
2.152110500028357e-08;5.9035700000822545e-08;0.0002807272000063676;0.00017427294999652077
2.1377569998730906e-08;6.006891999859363e-08;0.0002638882999890484;0.00015023850000579842
1.8226469999353868e-08;5.464203999727033e-08;0.00025471559999277815;0.00015227099999901838
1.9365539999853353e-08;5.8508300001267346e-08;0.0002777126000146382;0.00016028880000521894
2.325688999844715e-08;6.817487999796867e-08;0.00025085690000560133;0.00016200739999476356
2.178552999976091e-08;5.180046000168659e-08;0.00030289819999597964;0.00016764980000152718
2.068135000008624e-08;4.7940800001379103e-08;0.00026917909999610854;0.00014933909999672324
2.0439210000040475e-08;5.715604000142775e-08;0.00025771109998459;0.00015370895000523888
1.9082705001346767e-08;5.7649559999117625e-08;0.0002636540000094101;0.00017328235000604764
1.976544500066666e-08;5.620126000139862e-08;0.00026827340002637354;0.0001543948000035016
1.7484549999062437e-08;6.085091999848373e-08;0.000259142900002189;0.00016253494999546092
1.8447740000556223e-08;6.040065999841317e-08;0.00026630099999601955;0.00015972884999064264
2.1781234999070875e-08;6.154940000269562e-08;0.00024214909999864176;0.00017455429999972693
2.0408885000506417e-08;5.798031999729574e-08;0.0002846993000130169;0.00016547379999246913
2.150186499929987e-08;5.12293400010094e-08;0.00042910780000966043;0.00022490100000868552
2.0332370001415255e-08;5.2273399999830874e-08;0.00046009539999067783;0.00022997770001529716
2.300145000044722e-08;6.543723999639041e-08;0.00042752799997106193;0.000234375
1.949332499934826e-08;5.53241399989929e-08;0.00044597140001133084;0.00024165609999909066
2.0597020001150667e-08;6.27074200019706e-08;0.00042990059999283405;0.00023327145000803285
2.1702330000698568e-08;6.429777999874204e-08;0.00048785619996488097;0.0002242168000084348
2.0910579999326727e-08;5.7096320000709966e-08;0.00042008319997694345;0.00020882040000287815
2.2929129999829457e-08;6.433378000510857e-08;0.000421042799949646;0.00022011090000160038
2.1569119999185205e-08;6.014485999476165e-08;0.0004683548000175506;0.00021678099999553524
1.9261099999130238e-08;5.381979999947362e-08;0.0004396947999484837;0.00019438755000010134
1.9793870000285096e-08;6.428393999813125e-08;0.00042031080002197994;0.00024038090000976807
1.767303499946138e-08;5.846616000053473e-08;0.00042711590000544673;0.00020403769999393262
1.8030360000557267e-08;5.6893200002377856e-08;0.00044379200000548735;0.00019802475000324193
1.896284999966156e-08;5.8629379997728394e-08;0.00042091500002425166;0.00024654500000178815
1.8167854999774134e-08;5.179188000038266e-08;0.00043614180001895876;0.00022341039997991174
1.8275579999317417e-08;5.8406940003624185e-08;0.00041894180001690986;0.0002116340000065975
1.6993129999900702e-08;5.8904719998827204e-08;0.0003898231999773998;0.00020458760001929477
1.8089444999350233e-08;6.638872000039555e-08;0.00041394559998298065;0.000214292699994985
1.7865594998875166e-08;5.606835999642499e-08;0.00041842679999535903;0.00019032229999720585
1.6968514998734462e-08;5.8476800000062214e-08;0.0004660499999881722;0.00021026679998612964
1.922827999951551e-08;4.6721859998069706e-08;0.0004162083999835886;0.0002152240999857895
1.7799110000487416e-08;5.165362000116147e-08;0.00039040649999515155;0.0002025696000055177
1.6999150000629015e-08;4.759395999717526e-08;0.00040738570000394247;0.00020054260001052171
1.7765135000809096e-08;5.1348219998180866e-08;0.00043293500001891517;0.0001935137499967823
1.9214430000283757e-08;5.900064000161365e-08;0.00041372260003117844;0.00023034150002058595
1.8230464999214745e-08;5.665604000096209e-08;0.0004897448000265285;0.00020456070001819172
1.8689815000107045e-08;6.007703999639488e-08;0.0004874247999978252;0.00021313865001138766
1.901163500006078e-08;6.698695999803022e-08;0.00042504260002169757;0.00022484469998744318
2.0962444999895523e-08;5.376491999486461e-08;0.00043366659997263926;0.00024239349999697878
1.9319769999128767e-08;5.8479059999808666e-08;0.00043835759995272384;0.0002397497000056319
1.8110555000021122e-08;5.5503300001146274e-08;0.00047609459998784585;0.00022352209998643957
1.7109245000756344e-08;5.077313999645412e-08;0.00038930499998969027;0.0002117912499961676
1.6255145000468474e-08;5.087443999946117e-08;0.00044129079999402165;0.0002410669999953825
1.8472425000800285e-08;6.012247999897227e-08;0.0004615167999872938;0.00022990959999151528
1.8987335001293106e-08;6.359732000273652e-08;0.0004317243999685161;0.00021207439999852796
2.0752480000373906e-08;4.763635999988765e-08;0.0004664461999782361;0.00021714190000784582
1.779761499929009e-08;5.8718300005421044e-08;0.0004335723999829497;0.00020491609998862258
2.1300099999643863e-08;5.006937999860384e-08;0.00043714100000215696;0.00020699470001272856
1.9660469998780173e-08;5.223133999970742e-08;0.00037233159999595954;0.00021578310002223587
1.712757000059355e-08;5.3537320002214986e-08;0.0004650641999905929;0.00023435990000143648
2.0164630000363103e-08;6.143746000016108e-08;0.0004490720999892801;0.0002066147000005003
2.075881499913521e-08;4.958832000265829e-08;0.0004362754000467248;0.00020246239998959937
2.0583190000616015e-08;5.823873999761417e-08;0.0004046815999899991;0.00021419379999861122
2.118792000110261e-08;6.067133999895304e-08;0.0004297939999960363;0.00023678159998962657
2.183722000045236e-08;6.139898000401445e-08;0.0004457900000270456;0.00020761260000290348
1.8862169999920298e-08;4.8668999999063086e-08;0.0004221054000081494;0.00019593314999656286
1.6915575000166426e-08;5.597689999849535e-08;0.00045733999996446076;0.00021815820000483654
1.816669499967247e-08;5.75568399974145e-08;0.0004029393999953754;0.0001942803999991156
2.010729000030551e-08;4.916671999963e-08;0.0004192905999952927;0.00023069960001157597
1.6927744999702555e-08;5.6507200002670287e-08;0.000413620000006631;0.00019827290000102947
1.9600949999585283e-08;5.2132679999340325e-08;0.0004025320000364445;0.00020317934999184218
1.6034534999926108e-08;5.72800800029654e-08;0.0004444455999764614;0.00020272805000422524
1.7641200000070965e-08;5.8026879996759817e-08;0.0004327776000136509;0.0002083377999952063
2.072230999765452e-08;5.899940000381321e-08;0.0004352051999885589;0.0002096128000121098
1.964494999992894e-08;5.878002000390552e-08;0.0004322046000161208;0.00020304824999766425
1.9964200000686107e-08;5.7841040001949295e-08;0.00041778460002387876;0.0002129750000021886
2.0896910000010392e-08;5.117093999870122e-08;0.000432223999989219;0.00020516559999668972
1.8483545001072343e-08;4.8362279997672886e-08;0.0004285475999931805;0.0001924909499939531
1.8515629999455996e-08;5.601932000136003e-08;0.00041747540002688764;0.0002170652499917196
1.856825499999104e-08;5.399212000193074e-08;0.0004080320000066422;0.00020671169999695848
1.7622365000715946e-08;5.427163999993354e-08;0.00040514859999530017;0.00019953520000854042
1.7558975001156796e-08;5.482655999949202e-08;0.00040988560000550933;0.00020047969999723137
1.658140499930596e-08;5.199032000382431e-08;0.0004075473000120837;0.00019740589999128134
1.879449999978533e-08;5.385374000179581e-08;0.0004212946000043303;0.0002139616000058595
1.8821475000004284e-08;5.6465740001294763e-08;0.00040442919998895377;0.0002100168999750167
1.8093974998919294e-08;5.661429999745451e-08;0.00040537100000074134;0.00021065634999831672
1.755850999907125e-08;5.405332000227645e-08;0.000416311000008136;0.0002123429999919608
1.815033000020776e-08;5.0281320000067354e-08;0.0004163453999790363;0.00020200684999872463
1.6860710000037215e-08;5.459417999954894e-08;0.0004126342000090517;0.00020035210001515224
1.946066999953473e-08;5.360028000432067e-08;0.00043952580000041055;0.000194106049995753
1.6563309999764896e-08;5.0482140004169195e-08;0.0004147167999763042;0.0002092310999869369
1.776218499871902e-08;5.2909620001446454e-08;0.00042516430001705884;0.0002073812000162434
1.6435249999631195e-08;5.3716939996229484e-08;0.00043130620004376395;0.00020272789997397922
1.8412454999634064e-08;5.0854640000034125e-08;0.00041307240002788604;0.00019861165000475012
1.8087670000386426e-08;5.067760000238195e-08;0.0004255845999578014;0.00019728649999888149
1.748935499927029e-08;5.7549640000797806e-08;0.0004087515999563038;0.00020554249998531304
1.7656049999641254e-08;5.153641999932006e-08;0.00040805990001535977;0.00020276280000689438
1.886468500015326e-08;4.8982159997103736e-08;0.000417935999983456;0.00021883285000512843
1.7356355000811164e-08;4.8958680004579946e-08;0.0004018776000011712;0.0001951991999958409
1.767751000006683e-08;5.603177999728359e-08;0.0004169485999736935;0.0002009723000228405
1.7486630000348667e-08;5.061149999964982e-08;0.0004012240000301972;0.00021640360000310465
1.9479594999575057e-08;5.3496120002819227e-08;0.00041847360000247136;0.00020515085000079124
1.751172500080429e-08;5.435213999589905e-08;0.0004011095000023488;0.00020700349999242462
1.7118040000787004e-08;4.6760640002321455e-08;0.00041317059996072203;0.00021287149999989197
1.746327000000747e-08;5.297248000279069e-08;0.0004124106999952346;0.00020072409999556838
1.9660890000523067e-08;5.463527999818325e-08;0.0004325510000344366;0.00020824895000259858
1.7877969999972266e-08;5.143505999585614e-08;0.00043148279999149965;0.0002155856000026688
2.2523190002539197e-08;5.512938000028953e-08;0.0004330816000001505;0.00020392010000068694
2.0965790000627747e-08;5.805855999933556e-08;0.0004216678000520915;0.000229089100001147
2.0641719999548512e-08;5.043768000323325e-08;0.00045158979995176197;0.00021662510000169277
2.291212000127416e-08;5.636798000195995e-08;0.00045153839996783064;0.0002005619000119623
1.7586625000694766e-08;4.826916000456549e-08;0.0004118771000066772;0.0002246692000044277
2.016779499972472e-08;4.8494200001005086e-08;0.0004145452000084333;0.0002315085000009276
2.0341409998945892e-08;5.655101999873295e-08;0.0004181686000083573;0.0002275387999980012
2.2349299999768846e-08;5.5485780001617966e-08;0.0004082281999872066;0.00021304124999733175
1.804298000060953e-08;5.7735839998349547e-08;0.0004268160000210628;0.00018930969999928494
2.023069499991834e-08;5.260115999844857e-08;0.00044220459996722637;0.00022876689999247902
1.9940099999075755e-08;4.640987999737263e-08;0.0004273122000158764;0.00021361829999659676
2.0296419999795035e-08;5.4027919995132836e-08;0.00041044979996513576;0.00020632989998557605
2.1370520000346005e-08;6.036102000507526e-08;0.0004418087999802083;0.00020230284999706784
1.8191585000022316e-08;6.551362000172957e-08;0.0005629319999716245;0.0002506238000059966
2.0218589999421965e-08;6.483276000362821e-08;0.0006205779999727383;0.0002397636999958195
2.072563999972772e-08;7.452623999561183e-08;0.0005961004000273533;0.00027169929997762664
1.6658034999272786e-08;7.825401999871247e-08;0.0005730000000330619;0.0002249885000055656
2.1058079999056645e-08;7.896464000223205e-08;0.0006226193999755196;0.00029478050000034274
2.2269279998727143e-08;7.743187999585644e-08;0.0006277965999906882;0.0003243179999990389
2.0212460000766443e-08;8.064696000074037e-08;0.0005621892000199296;0.0002410727000096813
1.6276219999417662e-08;7.071375999948941e-08;0.0005477463999995962;0.0002437299999874085
1.9072260000393725e-08;7.039970000041648e-08;0.0006006825999938883;0.00023080530000152067
2.0518879999872298e-08;7.741151999798603e-08;0.0005714779999689199;0.0002609052000043448
1.6048269999737386e-08;7.095296000479721e-08;0.0005355104000191205;0.0002503261000092607
1.6340415000740905e-08;6.809837999753654e-08;0.0005833048000349663;0.00022958600000129082
1.8089634999341797e-08;7.021935999509879e-08;0.0006260064000380226;0.0002481578000006266
1.6915879999578464e-08;6.391417999984697e-08;0.0005923267999896779;0.000245703799999319
1.599714500043774e-08;6.94160200015176e-08;0.0005595989999710582;0.00023008340000524186
2.022147999959998e-08;7.431619999697432e-08;0.0005583934000460431;0.00023001489997841418
2.1036379999713973e-08;7.046710000140593e-08;0.0005898850000230595;0.0002504864000075031
1.734019499999704e-08;6.853676000027917e-08;0.0005910199999925681;0.00022839469998143613
1.6633849999925587e-08;7.107601999887265e-08;0.000573340000002645;0.00024982440000167116
2.2336169998743572e-08;7.079665999626741e-08;0.0005742057999596;0.00024126859998796135
2.0084805000806228e-08;6.831620000302792e-08;0.0005866695999866352;0.00023357899999246
1.7878405000374186e-08;7.381984000094235e-08;0.0005775024000322447;0.0002844289999920875
1.8217765000008513e-08;7.192036000196822e-08;0.0005915956000098958;0.00027903150001657194
1.7424279999977442e-08;7.124559999792836e-08;0.0006151244000066071;0.0002536181000177749
2.2426429999177346e-08;6.924936000141315e-08;0.0006008409999776631;0.00024266099999658764
1.7293734999839217e-08;6.924503999762237e-08;0.00056565360003151;0.00031285230000503364
1.6498560000036376e-08;7.312118000118062e-08;0.0005585691999876872;0.00024038380000274628
1.6928410000400616e-08;7.218291999888607e-08;0.0005799083999590948;0.00022075379997841082
1.647432000027038e-08;6.904415999888442e-08;0.0006055016000173054;0.0002609723999921698
1.896985999919707e-08;7.123857999686152e-08;0.0006076498000184074;0.00023651069999323227
1.8226014998799657e-08;7.113454000209459e-08;0.0005814850000315345;0.00025950280000688506
1.7597424999985377e-08;7.578121999977157e-08;0.0006048011999810114;0.0002508434999908786
2.124580500094453e-08;8.039318000082859e-08;0.0006136297999764792;0.00025579339999239894
1.9189909999840893e-08;8.157390000415035e-08;0.000619676599977538;0.0002664042999967933
2.0789709998643956e-08;7.270167999668047e-08;0.0005977650000131689;0.00025826030000462196
2.272571999928914e-08;7.378061999916099e-08;0.0005914288000203669;0.0002268789000227116
2.0344169999589213e-08;6.8376459996216e-08;0.0006173504000180401;0.00022987619999912567
1.706955499976175e-08;7.033100000116974e-08;0.0005908782000187784;0.0002569389999844134
1.707451999973273e-08;6.908884000149555e-08;0.0005883386000059545;0.0002489200999843888
2.0162530001834967e-08;7.141861999989487e-08;0.0005845044000307099;0.00023539969997364097
1.8571355000312905e-08;6.959980000392534e-08;0.0005817395999911241;0.00022351680000429043
1.889064999995753e-08;7.014147999580019e-08;0.0006199218000401742;0.00024293010000837968
1.7891790000430774e-08;6.635997999692335e-08;0.0005567956000450067;0.00022918210001080297
1.685478500003228e-08;7.579635999863967e-08;0.0005537915999884718;0.00022483389999251814
1.5838904998963698e-08;7.520851999870502e-08;0.0005883035999722779;0.00023871050000889228
1.7891834999318234e-08;6.790649999747984e-08;0.0005810475999605842;0.00023583520000101997
1.579720500012627e-08;7.214841999812052e-08;0.0005863280000048689;0.0002357171999756247
1.6076939999766182e-08;6.564060000237077e-08;0.0006012015999876894;0.0002181309000006877
1.71743749990128e-08;7.098019999684766e-08;0.000572987399995327;0.00024225330000626855
1.737497499998426e-08;6.54277199995704e-08;0.0005562640000134707;0.00022958240000298246
1.798473499948159e-08;7.40607000014279e-08;0.000575092000013683;0.00023036159999901428
2.0879660002538002e-08;7.216387999942526e-08;0.0005676378000061959;0.00024545330001274124
1.877810000005411e-08;7.071006000041962e-08;0.0005531470000278204;0.0002462729000253603
1.6591384999628645e-08;7.468709999811836e-08;0.0006141115999780595;0.00025986020002164876
1.6172849999566098e-08;6.931276000104845e-08;0.0005685847999993711;0.00021853680000640452
2.0344399998430162e-08;6.374507999862544e-08;0.0005973727999953553;0.00022458410001127048
1.8427240000164603e-08;7.779091999982484e-08;0.0005583262000000104;0.00021463080000830813
1.8816084999707527e-08;7.38091999955941e-08;0.000585730799997691;0.00023352489998796955
1.7855045000032986e-08;7.780264000175521e-08;0.0005600375999929384;0.0002525307000032626
1.772091000020737e-08;7.27231600030791e-08;0.0006073580000083893;0.00024114179998287
1.7190565000055357e-08;6.952343999873846e-08;0.0006418980000307783;0.00023188000000664034
1.6572590000578203e-08;7.211372000165284e-08;0.0006392835999722593;0.0002587839000043459
1.8676364999555518e-08;7.53958799992688e-08;0.0005978453999850899;0.00025920429997495375
1.8496610000147485e-08;7.538452000007965e-08;0.0006441159999812954;0.00025483920000260696
1.8255635000241455e-08;7.412204000283964e-08;0.0005878316000453197;0.0002301486000069417
1.845781000010902e-08;6.853813999914564e-08;0.0005812045999919064;0.0002494238000072073
1.810799999948358e-08;7.853697999962605e-08;0.0005860157999559306;0.0002456769999989774
1.9519025000045077e-08;7.0047079998767e-08;0.0005996232000179589;0.0002396864999900572
1.9868505001068114e-08;7.313535999855958e-08;0.0006113385999924504;0.0002640575999976136
1.825496999954339e-08;7.66628600016702e-08;0.0005727175999782049;0.00023696319997543468
1.7139039999165105e-08;6.8370120000327e-08;0.0005865206000162289;0.00025970649998635056
1.6827439999906347e-08;7.49022200005129e-08;0.0005789331999840215;0.00024097149999579415
1.8289154999365565e-08;7.030356000177562e-08;0.0005945723999757319;0.00025471700000343845
1.736244999920018e-08;7.066912000300363e-08;0.0005901910000247881;0.00025124840001808477
1.7444015000364742e-08;7.319187999819406e-08;0.0006374511999893002;0.0002493724999949336
1.7062354998779483e-08;6.965049999998882e-08;0.0005994669999927283;0.00024154569997335783
1.9415565000963398e-08;7.791677999775857e-08;0.0005632668000180274;0.0002647339999966789
1.775717499986058e-08;7.365244000102393e-08;0.000603086999966763;0.0002436747999745421
1.8151189999480265e-08;7.699520000023768e-08;0.0005851755999610759;0.00025647049999679436
1.8502444999467116e-08;8.221313999965787e-08;0.000591398799966555;0.00025901349997729995
1.792907000053674e-08;7.436821999726817e-08;0.0005953502000193111;0.0002472758999792859
1.8199414999980945e-08;7.787245999788865e-08;0.0006305005999747664;0.00026061319999280387
1.9061270001111553e-08;7.469520000158809e-08;0.0005957864000229165;0.00023381760000484064
1.8836865000776016e-08;7.70767199981492e-08;0.0005782440000330098;0.0002781929000047967
1.814501000044402e-08;6.806579999974929e-08;0.0005580287999473512;0.00024249589999089947
1.592543500009924e-08;7.001021999749354e-08;0.0005920969999860973;0.00021888800000306218
1.6749249999702444e-08;8.027926000067964e-08;0.0005904578000190668;0.00025212799999280833
1.804279000061797e-08;7.09098199964501e-08;0.0006406820000265724;0.0002469839999976102
1.775008499971591e-08;7.029251999920235e-08;0.0006068170000216923;0.0002888286000234075
1.9466575000842568e-08;7.181049999780953e-08;0.0005506757999537513;0.000245539399998961
1.7669890000252052e-08;7.367246000212617e-08;0.000567574999993667;0.0002526422000082675
1.7129554999701215e-08;7.58410400012508e-08;0.0006104332000249997;0.0002638286000001244
1.7687215001205914e-08;7.077281999518163e-08;0.0006011426000040956;0.00024379059998318553
1.9248830000287853e-08;8.053047999856063e-08;0.0005768833999754861;0.00025981920000049284
1.7441580000740942e-08;7.438726000254973e-08;0.0005699192000320181;0.00026090730002033524
1.832663999957731e-08;7.779077999875881e-08;0.0005893155999947339;0.0002412307999911718
1.9238779999432154e-08;7.455041999928654e-08;0.0005891486000036821;0.0002507845000072848
1.8201664999651256e-08;7.270407999749295e-08;0.0006081257999758236;0.0002540617999911774
2.0139689999632537e-08;7.6864680001745e-08;0.0005751081999624149;0.00023838680001790635
1.913878500054125e-08;7.043514000251889e-08;0.0005947303999564611;0.000237763500015717
2.0249509997665884e-08;5.615484000300057e-08;0.00022026320002623833;0.00011082519999763462
1.837969000043813e-08;5.1665780000621454e-08;0.0002164207999885548;0.0001235624499968253
1.868754000024637e-08;4.8570599994855e-08;0.0002294738999917172;0.00011568454999360255
1.736325499950908e-08;5.167454000329599e-08;0.00023060790001181887;0.00012421394999546464
1.833122999960324e-08;5.16230600012932e-08;0.0002349351000157185;0.00012058289999549743
1.8655425000179095e-08;5.0569479999830946e-08;0.00022044710000045597;0.00013015500000619794
2.0264689999748954e-08;5.4675840004347266e-08;0.00023068969999440013;0.00012823984998976812
2.1887860001879744e-08;5.53736999980174e-08;0.0002586784000159241;0.0001432545499992557
2.1444559999508784e-08;5.8145619998686015e-08;0.0002183845000108704;0.00012919194999267347
1.8350075000489598e-08;5.510952000040561e-08;0.00027197329999762587;0.0001452082000032533
2.2513539998908526e-08;5.5223760002991186e-08;0.00024889730001450514;0.00012368640000931917
2.022039000003133e-08;5.648573999642394e-08;0.00026758990000234917;0.00011976435000542551
1.9502184999873863e-08;4.993442000122741e-08;0.0002611365000193473;0.00012262865000229795
2.1513749999576248e-08;5.16685199982021e-08;0.0002762364000082016;0.00012281699999584816
2.1860839999862948e-08;6.550806000013836e-08;0.00025679139999556356;0.00013929839999764226
2.5089070000103675e-08;5.239461999735795e-08;0.00022938040000735783;0.00014040905000001658
2.1480650000739843e-08;6.57461200025864e-08;0.00024336389999371022;0.0001349496500042733
2.2322600000188686e-08;7.149617999675684e-08;0.00023202989998389966;0.0001483612500014715
2.2580079999170265e-08;5.067105999914929e-08;0.00022571979998610913;0.00013617410000006202
2.1892290000687352e-08;5.246974000474438e-08;0.0002296108999871649;0.00012342409999109805
2.0680854999227448e-08;6.022740000043996e-08;0.0002559666000015568;0.00013753059999726248
2.0474030000332277e-08;5.783281999756582e-08;0.00028107640001690014;0.00013554504999774508
2.2254659997997807e-08;5.288097999873571e-08;0.00026940629997989165;0.00012013974999717902
2.110528999910457e-08;5.37382600014098e-08;0.0002587886000110302;0.00013347185000020544
2.3429560000658966e-08;5.6485819997033104e-08;0.00023960850000730716;0.00013396894998732024
2.422589999914635e-08;6.260626000002958e-08;0.00023607730001094752;0.00014409650000743568
2.0803609999711625e-08;5.424253999954089e-08;0.00024591860000509766;0.00013229069999943021
2.3658560001058506e-08;5.8071639999980105e-08;0.00026141330000245945;0.0001226680500112707
1.8798874999629332e-08;5.061069999937899e-08;0.0002563861999951769;0.00012873164999473375
1.8912845000158996e-08;5.3728320001391694e-08;0.0002186517000081949;0.00012567029999627265
1.7334229999687523e-08;5.453493999666534e-08;0.00022829889997956344;0.00011667560000205412
2.3136709997197612e-08;7.040925999754109e-08;0.00024524199997540564;0.00012270875000103842
2.2418809999362564e-08;6.148019999964163e-08;0.00023862789999111556;0.00012324369999987538
2.202419000095688e-08;5.8970919996500014e-08;0.00021406800000113436;0.00011801454999658744
1.923917999956757e-08;5.214697999763302e-08;0.0002199022999848239;0.00013235645000531803
2.0169290000922048e-08;5.784375999937765e-08;0.0002456790000142064;0.00012049704999662936
1.720492500026012e-08;5.6945419998373835e-08;0.00023499719999381342;0.00012991444999352098
2.0571929999277926e-08;5.1435399998445065e-08;0.0002314442000060808;0.00015615020001132508
2.1730799999204464e-08;5.18733799981419e-08;0.00025589030000264755;0.00011539809999521822
1.9453530000464524e-08;5.954400000046007e-08;0.00023373370000626893;0.00013444520000484772
1.839027500100201e-08;6.33525200013537e-08;0.0002518110999953933;0.00014566404999641236
1.7903015000047162e-08;5.674975999863818e-08;0.0002445731000043452;0.00012937344999227208
1.8633529999351595e-08;6.042193999746814e-08;0.00023631499998737126;0.00012951455000438728
2.260874999919906e-08;5.028830000082962e-08;0.00023896200000308453;0.00012764864999917336
1.7150754999602213e-08;5.658085999893956e-08;0.0002204976000066381;0.00012458669999614359
2.0367620000615716e-08;5.600604000501335e-08;0.00024742189998505637;0.00013382840000849682
1.6983764999895358e-08;5.371848000213504e-08;0.00023610679997364059;0.00011422829999355599
1.7078875000879634e-08;5.22117399959825e-08;0.00022539989999495447;0.0001192324000003282
1.6537209998932668e-08;4.8406240000622345e-08;0.0002502021999971475;0.00013456735000363552
1.6532075000577606e-08;4.8519560002023356e-08;0.0002502880000101868;0.00011446744999557268
1.854747000033967e-08;4.6883959998376667e-08;0.00023039770001196302;0.00011524739999731537
1.6400550000253135e-08;4.872138000209816e-08;0.00020987720001721755;0.00011769744999764953
1.7638200000510552e-08;4.700619999784976e-08;0.00021504430001368746;0.00011296774999937042
1.6537089999474118e-08;4.8129480000352486e-08;0.00024517370000830854;0.0001305663499952061
1.8766389999655075e-08;4.922818000195548e-08;0.00022224960001767613;0.00012299714999971912
1.7852985000354238e-08;5.140609999652952e-08;0.00023825490000308492;0.0001159530500008259
1.6557359999569598e-08;5.1901340001495554e-08;0.00022626409999793395;0.00011844760000531097
1.8079324999416712e-08;5.187156000174582e-08;0.00022600369999418036;0.00011662874999456108
1.956600499979686e-08;5.5071219999808817e-08;0.00022921569997561163;0.00012599210000189488
1.5371364999737125e-08;4.842827999964356e-08;0.00024117649998515846;0.00011995835001289378
1.740813999931561e-08;5.532080000266433e-08;0.0002563729000103194;0.00012108895000710617
1.752405000006547e-08;5.442534000030719e-08;0.0002264318999950774;0.00012648745000478812
1.7145295000227634e-08;4.779930000077002e-08;0.0002367478999949526;0.00012317110000003594
1.7190679999475834e-08;5.269767999998294e-08;0.0002387008999940008;0.00012728745001368226
2.121761000016704e-08;5.3632799995830285e-08;0.0002400529999868013;0.0001238967500103172
1.932297000021208e-08;4.960851999931037e-08;0.00023564450000412762;0.0001301412999891909
1.9517644999723416e-08;5.385084000299685e-08;0.000222044599999208;0.00012424109999847131
1.8246184999588877e-08;5.432187999831513e-08;0.0002290291000099387;0.00012633220000134315
1.788407999993069e-08;6.898949999595061e-08;0.0002645345000200905;0.00014145940000889824
2.0200150000164285e-08;6.355264000012539e-08;0.00022978069999953732;0.00013073184998938812
2.005527000001166e-08;5.98329600004945e-08;0.00023500939999939873;0.00014631215001281817
2.2339980001561344e-08;5.919755999930203e-08;0.00023818179999943824;0.00012166795000666753
1.9240525001077913e-08;6.336827999912202e-08;0.00025623669999185947;0.00012122534999798518
1.79188999987673e-08;6.310590000357479e-08;0.00025042960001155735;0.00011777640000218526
2.1511540000210517e-08;5.9490660001756625e-08;0.00025274719999288206;0.0001211848000093596
2.447950000059791e-08;5.721190000185743e-08;0.00027138200000626964;0.00012600279999605844
2.0701139999437146e-08;7.132579999743029e-08;0.000231456600013189;0.0001387708500114968
2.2919049998745324e-08;6.005953999701888e-08;0.0002685412999999244;0.0001379261999973096
1.9365765000111422e-08;6.190968000446447e-08;0.0002329994999745395;0.0001418763499968918
2.028868999914266e-08;5.337483999901451e-08;0.0002622311000013724;0.00014882299999590033
2.039325999940047e-08;5.962626000400633e-08;0.0002580491999979131;0.00012210349999077153
1.7284874999313614e-08;5.143405999988318e-08;0.0002410016999929212;0.00013227990000450518
2.221618000185117e-08;5.848184000351466e-08;0.0002517810999997891;0.00012792020000051708
2.00693599996157e-08;5.514753999887034e-08;0.0002673352000128943;0.00013465254999755417
1.949167499988107e-08;5.194858000031673e-08;0.00024150940001709388;0.0001314808000024641
2.0717579999472946e-08;5.894381999969483e-08;0.0002161548999720253;0.00012495074998878408
2.270037999842316e-08;5.4457179998280484e-08;0.00022871470000245607;0.00013371829999960029
2.0767430000705646e-08;5.776590000023134e-08;0.0002289779999991879;0.00012161235000530724
2.285295000183396e-08;5.791372000239789e-08;0.00023300269999890588;0.00013126879998890217
2.12360899997293e-08;6.294085999834351e-08;0.0002461305000178982;0.0001344012999907136
2.196107000054326e-08;5.962411999935284e-08;0.00023696979999658651;0.00014010679999773855
1.8110709999746177e-08;5.6820639997022223e-08;0.00023024180001812055;0.00013836185001127888
1.9875855000282173e-08;5.981299999984913e-08;0.0002247102000110317;0.0001266959499916993
1.9345205000718123e-08;6.046093999757432e-08;0.0002521714000031352;0.000138902099992265
2.2492320000310428e-08;5.682405999978073e-08;0.00022775230000843293;0.00013764295000873972
2.3557969997636975e-08;5.652720000362024e-08;0.0002668112999817822;0.00014253564999671653
1.9952870000270195e-08;6.408711999538355e-08;0.00022814310001558624;0.0001128391499951249
2.5511609998648055e-08;5.280742000322789e-08;0.0002795062999939546;0.000131221400006325
2.085083499987377e-08;6.159353999537416e-08;0.0002502797999768518;0.000146770600011223
2.3104999997303822e-08;6.104967999854125e-08;0.00025803070000256413;0.00010811025000293739
2.1487555000931026e-08;5.5087340000318363e-08;0.0004927180000231601;0.00036306930001592263
2.0405179998488166e-08;5.600310000008903e-08;0.0006274150000535883;0.0002877367000037339
2.1532119999756107e-08;6.158875999972224e-08;0.0005686131999827922;0.0003053076000069268
2.0027834999200423e-08;5.5701140000019226e-08;0.0005182239999994636;0.00029729700001189486
1.9182350000482983e-08;6.719225999549962e-08;0.0005754797999979928;0.00031629889999749137
2.1626549999928103e-08;6.094655999913812e-08;0.0005489193999674171;0.0003137570000253618
1.8911954999202862e-08;5.482719999854453e-08;0.0006218002000241541;0.0003155245000089053
1.7578735000279266e-08;6.205881999921985e-08;0.0005681017999886536;0.00033630140000605026
2.2795725001196844e-08;5.4151940002338964e-08;0.0005743722000042908;0.0003227039000194054
1.981627000059234e-08;5.2951959997881204e-08;0.0005897246000240556;0.00032450980000430716
2.134518999955617e-08;5.980823999852873e-08;0.0005246335999690928;0.00032401539999409577
2.2612810001010075e-08;6.008313999627717e-08;0.0005560007999883965;0.00034024619997944684
2.0008139999117704e-08;6.79130600008648e-08;0.0005917223999858834;0.00035592719999840485
2.1416810000664555e-08;5.079229999682866e-08;0.0005727653999929316;0.0003414057999907527
1.8465424999885727e-08;6.174985999823547e-08;0.0005661591999814846;0.0003378560999990441
2.0009359999676235e-08;5.192989999777638e-08;0.0005655583999468945;0.00032550769997760653
1.9644210000114983e-08;5.033544000471011e-08;0.0006151544000022113;0.0003131437000120059
2.3724245000630616e-08;5.004854000289925e-08;0.0005812497999868356;0.0003317607000062708
1.7916025000158697e-08;5.713885999866761e-08;0.0005610812000231818;0.0003297792999946978
1.8410235000192187e-08;5.381889999844134e-08;0.0005881428000284359;0.00032625670000561513
2.0634884999890345e-08;5.484005999751389e-08;0.0005586594000342302;0.0003183302000106778
1.69805350000388e-08;6.112594000296667e-08;0.0005999087999807671;0.00031985500000882895
1.942762499966193e-08;5.835908000008203e-08;0.0006297342000179924;0.00034467209997819735
1.8596220000472387e-08;6.228027999750338e-08;0.0006120361999492161;0.0003463659999833908
1.79840550001245e-08;5.831752000376582e-08;0.0005863212000112981;0.0003295401000068523
2.171472000045469e-08;5.26789799972903e-08;0.0005431949999765493;0.0003058899000170641
2.0315190000110307e-08;5.865297999698669e-08;0.0005634946000063792;0.00032491890000528655
1.9253780000144615e-08;5.6924799998523666e-08;0.000527700399979949;0.0003125912999967113
2.1689079998759552e-08;5.320382000063546e-08;0.000563514200039208;0.0003304700999869965
2.0504460000665858e-08;5.995349999866449e-08;0.0005875238000298851;0.0003108420000062324
1.7684290000761394e-08;5.749017999623902e-08;0.0005247916000080295;0.0003180694000038784
1.947589500050526e-08;5.1951199996983634e-08;0.0005226355999475345;0.0003146139999735169
1.6559254999447147e-08;5.159418000257574e-08;0.0006046801999909803;0.00030668390000937506
1.9036599999526517e-08;5.940280000213534e-08;0.0006236229999922216;0.0003340271999768447
2.012710499984678e-08;5.40372799965553e-08;0.00055987619998632;0.0003028531999734696
1.758545500051696e-08;5.703275999985635e-08;0.0005343123999773525;0.0003013638999836985
1.87335400012671e-08;5.1863720000255854e-08;0.0005367244000080973;0.0003076761999982409
1.6031664999900384e-08;5.417228000005707e-08;0.0005329740000306628;0.0003171820999996271
2.1471240001847036e-08;5.3311200003372506e-08;0.0005611516000353731;0.0003281323999981396
2.0717510001850314e-08;5.2667019999353215e-08;0.0005084318000008352;0.000337900799990166
1.828889500029618e-08;5.176757999579422e-08;0.0005225204000016675;0.00033682989998487755
1.7755530000431463e-08;5.488861999474466e-08;0.0005593206000048667;0.00033040059998165817
1.9110905000707135e-08;5.4466740001225846e-08;0.0005202158000320197;0.00032890469999983905
1.7276760000095238e-08;5.8105259999865666e-08;0.0005333919999538921;0.00030884069998865016
1.705583500006469e-08;5.565811999840662e-08;0.0005334161999635399;0.0003131289999873843
2.0034219999797642e-08;5.5554839997785166e-08;0.0005323758000158705;0.0003200141999986954
1.7671005000011063e-08;5.299204000039026e-08;0.0005329960000235587;0.00034156339999753983
1.805748000042513e-08;5.15292199968826e-08;0.0005206496000173501;0.0003502905999775976
1.757549000030849e-08;5.067061999579892e-08;0.0005452392000006512;0.000321688299998641
1.687841000093613e-08;5.489872000180185e-08;0.0005441121999756433;0.0003077091000159271
1.7977244999201504e-08;5.383049999945797e-08;0.0005413885999587364;0.00032088410001597365
1.85342650001985e-08;5.245395999518223e-08;0.0005296213999972679;0.000301246999995783
1.9032925000647082e-08;5.237539999652654e-08;0.0005179272000095807;0.0002956642999779433
1.669205000071088e-08;5.3635880001820624e-08;0.0005521329999901354;0.0003154006999975536
1.8080975000339095e-08;5.311396000324749e-08;0.0005289274000097066;0.00030340949998935686
1.780251500022132e-08;5.635204000282101e-08;0.0005258856000145897;0.00031803199998103085
1.853988499933621e-08;5.420271999901161e-08;0.0005079984000185505;0.00031728430002112874
1.7135839999536985e-08;5.098410000209696e-08;0.0005393603999982588;0.00031217930000275375
1.774475499987602e-08;5.6097599997883664e-08;0.0005279480000026524;0.0003297122000076342
1.743183499929728e-08;5.610496000153944e-08;0.0005577868000254966;0.00032081210002070295
1.8008245000964963e-08;5.904882000177167e-08;0.0005337748000165448;0.00033251380000729115
1.8633589999808463e-08;5.488186000147835e-08;0.0005413139999727719;0.00030610739998519423
1.980628000019351e-08;5.1611220004269855e-08;0.0005469843999599107;0.0003140547999937553
1.860774500091793e-08;5.3248840000014755e-08;0.0005682551999925636;0.0003230534000031184
1.8880834999436047e-08;5.308766000089236e-08;0.0005427584000281059;0.00032369250000920146
1.782806499977596e-08;5.272251999704167e-08;0.0005469756000093185;0.00030782539999927395
1.7942780000157654e-08;5.206369999796152e-08;0.0005176922000246123;0.0003150399999867659
2.014820000040345e-08;5.493452000082471e-08;0.0005531462000217289;0.0003126656000094954
1.6540705000807065e-08;5.278925999882631e-08;0.0005290134000242688;0.0003063036999956239
1.7288169999665115e-08;5.3034140000818295e-08;0.0005439248000038788;0.00031775099999504163
1.8001865000405816e-08;5.445974000031129e-08;0.0005245685999980197;0.00031764269998529925
1.867017000040505e-08;5.711996000027284e-08;0.0005713153999531642;0.00033719189997646025
1.846551500057103e-08;5.625961999758147e-08;0.0005334700000239536;0.0003173172999813687
1.905920999997761e-08;5.272410000325181e-08;0.0005504376000026241;0.00031203349999850617
1.8412234999414067e-08;5.202333999914117e-08;0.0005067035999963991;0.0003204531999945175
1.7382709999219513e-08;5.918876000214368e-08;0.0005596958000096493;0.00031862259999616073
1.7146445000253153e-08;5.028048000531271e-08;0.000522925800003577;0.0003379140000033658
1.9419724999170284e-08;5.307051999843679e-08;0.0005144308000453747;0.00030855560000054536
1.8647955000051297e-08;5.343551999540068e-08;0.0005233340000268072;0.0003166690999933053
1.8372879999515136e-08;5.2087279997067524e-08;0.0004843182000331581;0.00032293560000834986
1.7167214999790303e-08;4.920022000442259e-08;0.0005138374000089243;0.0003220011000230443
1.7183099999965633e-08;5.442877999739721e-08;0.0005340230000438168;0.00030650540001806803
1.9035400000575463e-08;5.152457999647595e-08;0.0005212187999859453;0.000320340500009479
1.746848000038881e-08;5.3231759998016056e-08;0.000545155999949202;0.00031869039998855443
1.6918105000513606e-08;5.214963999460451e-08;0.0005207804000237956;0.0003141023999778554
1.7671754999901167e-08;4.7888879996025934e-08;0.0005351898000226356;0.0003122736999939661
1.6936600000190082e-08;5.4100999998627233e-08;0.0005243628000025638;0.0003338454000186175
1.7012399999657645e-08;5.0675639999099076e-08;0.000553351400012616;0.00033065740001620727
1.7282935000548605e-08;5.434508000034839e-08;0.000558052400010638;0.0003074404000071809
1.7515200001071208e-08;5.599277999717742e-08;0.0005551026000175625;0.000336333499988541
1.88147900000331e-08;5.7460739999078214e-08;0.0005575104000163265;0.00032092880000709556
1.932307000097353e-08;6.137578000198119e-08;0.0006061080000363291;0.00035765510000055657
2.268627000012202e-08;5.606226000236347e-08;0.0005695798000087962;0.00033197329999529754
2.153655999863986e-08;6.03811000008136e-08;0.0006168684000149369;0.0003427475999924354
2.0953079999890178e-08;6.149214000324719e-08;0.0005691717999870889;0.0003151052000175696
2.4353379997774026e-08;5.948644000454806e-08;0.0005564618000062182;0.0003568834000034258
2.165225999924587e-08;6.008072000113316e-08;0.0005557185999932699;0.0003381402000086382
2.021187999926042e-08;5.9251079999376085e-08;0.0005778536000289022;0.0003572989999956917
2.018979000131367e-08;5.849097999744117e-08;0.0005472004000330343;0.0003437139999878127
2.0487749998574147e-08;5.589406000217423e-08;0.000537791799986735;0.0003274867000000086
2.096873999980744e-08;5.81339200027287e-08;0.0008811867999611422;0.0005471029999898747
1.9978059999994003e-08;5.780941999983043e-08;0.0008996784000191838;0.000576794799999334
1.9800745000247844e-08;6.221544000436551e-08;0.0008782997999805957;0.0005292611999902874
2.025990999827627e-08;5.9350860002450647e-08;0.0009684834000072443;0.00054245379997883
1.9417600000451783e-08;6.01996399986092e-08;0.0009401061999960803;0.000516728000016883
2.0172250000177884e-08;6.10350200033281e-08;0.0010094998000422493;0.0005223507999908179
1.7991644999710843e-08;6.044937999686226e-08;0.0009218659999896772;0.0005129015999846161
2.057842999929562e-08;5.570465999771841e-08;0.0008327730000019073;0.0005193142000352964
2.040858000109438e-08;5.69963599962648e-08;0.0009195372000103816;0.0005488355999696069
1.9974919999367557e-08;5.6398999999510125e-08;0.000901348199986387;0.0005428162000025623
2.0782270000199788e-08;5.557685999665409e-08;0.0009190436000353657;0.0005342504000291228
2.2325959999579936e-08;6.136811999604106e-08;0.0009237652000156231;0.0005070935999974608
2.0157689999905415e-08;5.915885999565944e-08;0.0009689167999895289;0.0005302718000020832
2.1776534999662544e-08;5.596064000274055e-08;0.000900413200026378;0.0005335531999589875
2.2357900001225063e-08;5.7821780000813306e-08;0.0009030968000297434;0.0005420534000149928
1.9063300000561867e-08;5.955928000039421e-08;0.0009066219999804161;0.0005489102000137791
2.129133999987971e-08;6.61242400004994e-08;0.0008875419999822043;0.0005268852000008338
1.917667499947129e-08;6.521209999918937e-08;0.0009615605999715626;0.0005145467999973334
1.870129500020994e-08;5.5013419996248556e-08;0.0008976584000047296;0.0004897444000234827
1.800074499915354e-08;5.393128000432625e-08;0.0008890653999987989;0.0004828535999986343
1.638313000003109e-08;5.3947979997610674e-08;0.0008797529999865219;0.0005055902000167407
1.9192954999743962e-08;5.74036400008481e-08;0.0009516098000458442;0.0004909827999654226
1.8343069999536964e-08;5.1626599999144677e-08;0.0008587586000212468;0.0005109889999730513
1.789164000074379e-08;5.230114000150934e-08;0.0008757849999819882;0.0005125651999842376
1.691292000032263e-08;5.4046180000295863e-08;0.0008761530000483618;0.0004881284000002779
1.844182499917224e-08;5.708169999998063e-08;0.0009428608000162057;0.0005037710000178777
1.7381579999346287e-08;5.23066799971275e-08;0.0008440327999996953;0.0005002238000161015
1.7621845001121982e-08;5.37476199970115e-08;0.0008982673999853433;0.00047321059997193515
1.9349950000469106e-08;5.4842399997869504e-08;0.0008824568000272848;0.0005477637999574653
2.190794000052847e-08;5.5727160000242296e-08;0.0008786772000021301;0.000551136400026735
1.705084999994142e-08;5.3173260000767186e-08;0.00089158579998184;0.0005171027999604121
1.7329824999615084e-08;5.498637999990024e-08;0.0008940668000141158;0.0004882023999816738
1.6284854999685195e-08;5.2970740001183e-08;0.0008893291999702342;0.0005095558000029996
1.6466410001157783e-08;5.5202880001161245e-08;0.000930701199977193;0.0004936973999720067
1.6533345000061672e-08;5.630356000037864e-08;0.0008812704000156372;0.0005428414000198245
1.802589999861084e-08;6.005139999906532e-08;0.0008877174000372179;0.0005129114000010305
1.7926160000206437e-08;5.529250000254251e-08;0.0008858045999659226;0.0004749898000154644
1.9035879999864846e-08;5.6121839996194466e-08;0.0009019368000444956;0.00046553460002178327
2.201383000065107e-08;5.222696000128053e-08;0.0008937695999629796;0.0004909865999943577
1.803953500057105e-08;5.102610000176355e-08;0.0008893441999680363;0.000550370600016322
1.6971795000426937e-08;5.050318000139669e-08;0.00092375479999464;0.00048631700000260024
1.852589499903843e-08;5.272082000155933e-08;0.0008960770000121556;0.000517911400005687
1.8678624999301973e-08;5.524684000411071e-08;0.0008970510000362993;0.0005239303999696858
1.8272099999012424e-08;5.7447359996149316e-08;0.0008854619999765418;0.0005256911999895238
1.877027000009548e-08;6.45641400013119e-08;0.0008956352000241168;0.0005020358000183478
1.897552500013262e-08;5.567082000197843e-08;0.0009074497999972664;0.00047054460004437713
1.6392459999769925e-08;5.260559999733232e-08;0.0008725098000140861;0.00046444140002131464
1.7983199999434874e-08;5.303613999858498e-08;0.00101835649998975;0.0005606890000053682
1.792031500081066e-08;5.982182000298052e-08;0.001030297499964945;0.0005383528000093065
2.187819999817293e-08;5.135409999638796e-08;0.0009616262000054121;0.0005152971999486908
2.0754704999853855e-08;5.3485019999789074e-08;0.0009096891999943182;0.0005720037999562919
1.9229950000590178e-08;5.5230540002230554e-08;0.0009829770000069403;0.000557503399963025
2.1024419998866506e-08;5.5230400001164525e-08;0.0009660803999868221;0.0004873966000159271
2.0648589998017996e-08;6.785562000004575e-08;0.0009687973999534733;0.00047428179997950794
2.0833045001199934e-08;5.474530000356026e-08;0.0008404870000085793;0.00048571179999271405
1.8609005000325853e-08;5.67785199964419e-08;0.0009510712000192144;0.00046979999996256085
1.999560499971267e-08;5.345127999898978e-08;0.0008389639999950304;0.0005043717999942601
1.8140310001035688e-08;4.460107999620959e-08;0.0008379301999812015;0.0005047868000110611
1.687318499898538e-08;6.158814000082202e-08;0.0008801021999679506;0.00045779759995639324
1.911781999951927e-08;5.5850820004707204e-08;0.0010883169999578968;0.0005208862000145018
2.152200999989873e-08;5.622570000123233e-08;0.00090967239998281;0.00055331660003867
1.7744025000138207e-08;5.967883999692276e-08;0.0009265531999990344;0.0005324512000079266
1.8080005000228992e-08;4.834027999895625e-08;0.0008957468000007794;0.000505916399997659
2.1755419997498394e-08;5.429092000122182e-08;0.0009086723999935202;0.000507768799958285
1.7323475000739564e-08;5.6715540000004694e-08;0.0009529943999950774;0.00045810420002089815
1.9858379999641328e-08;5.143363999668509e-08;0.0008984260000288487;0.0005213657999993302
1.911725999962073e-08;5.829781999927945e-08;0.0009634671999956482;0.0004882374000153504
1.913522999966517e-08;6.572012000251562e-08;0.0009189114000182598;0.0004903578000376
1.809780000039609e-08;5.010927999974228e-08;0.0010028769999917131;0.000555015399993863
2.265651499910746e-08;6.855914000188932e-08;0.0010062496000318789;0.0005200983999529853
1.8121824999980163e-08;5.307714000227861e-08;0.0009756992000038736;0.0005374331999919378
1.7188800001167693e-08;7.227448000339791e-08;0.0010020469999290071;0.0004931052000029013
2.1475240000290796e-08;4.960114000132307e-08;0.0010185785000794568;0.0005611381999915465
2.3406129999784754e-08;6.239172000205144e-08;0.0008706729999976233;0.0005582339999964461
1.8449104999308473e-08;5.9264659998007116e-08;0.0008927198000019416;0.0005701466000173241
2.3454079998191447e-08;6.796040000044741e-08;0.0009490980000118724;0.0005564242000109516
2.3399239999707787e-08;6.4953080000123e-08;0.001005070200015325;0.0005406324000214227
2.1650535000662784e-08;6.411511999904178e-08;0.0009211460000369697;0.0005747776000062004
2.4495459999889134e-08;6.566903999773786e-08;0.0010678899999766146;0.0004559587999829091
2.0157400000607595e-08;4.460618000011891e-08;0.0009723606000188738;0.000568667399988044
2.4562655000772794e-08;6.328828000114299e-08;0.000945607400033623;0.0004966805999865755
2.0593650001683273e-08;5.6729599996469915e-08;0.0009107919999514707;0.0005145830000401475
2.1065130000351928e-08;6.521408000262455e-08;0.0010620825001387856;0.0004974577999673783
2.427525999955833e-08;5.650806000339798e-08;0.0009571930000092834;0.0005362362000159919
1.787119999935385e-08;5.2278959995601326e-08;0.0008643166000256315;0.0004798533999710344
1.6938020000816324e-08;5.338978000218049e-08;0.0008060145999770612;0.0004624060000060126
1.8044690000533592e-08;5.359788000350818e-08;0.0008692401999724098;0.0005066204000031576
1.8947275000391527e-08;6.159031999995932e-08;0.0009277585999807342;0.000478839399991557
1.6173165000509472e-08;4.906921999645419e-08;0.0009893881999887527;0.000523023399990052
1.6515739999886137e-08;5.3938460000790656e-08;0.000809525799995754;0.0004402993999538012
2.1831424999982118e-08;6.369252000004053e-08;0.0010253429999283982;0.0005456910000066272
2.024004499980947e-08;6.86509200022556e-08;0.0010219477999489754;0.0005950564000522717
2.1333400000003168e-08;7.197764000156895e-08;0.001034687999926973;0.00046232160000363366
2.4537920000148005e-08;6.937829999951645e-08;0.0010669649999181274;0.0005878044000128285
2.0673410000745208e-08;6.175003999960608e-08;0.0009895325999823399;0.0005175704000284896
2.0727179999812507e-08;6.403660000069067e-08;0.0010295354999834672;0.0005497885999502614
1.8608455000503455e-08;5.8287900005234406e-08;0.0009501583999954164;0.0005182153999921865
2.064435000065714e-08;5.5448700004490095e-08;0.0009188188000116498;0.0005342428000294603
2.1072435000678524e-08;6.126488000154495e-08;0.0011211235000519082;0.0005400108000030742
2.0953159997588954e-08;5.6836959999054673e-08;0.0009003410000004806;0.0005074351999792271
2.0149725000374018e-08;5.561685999855399e-08;0.000978670399985276;0.0005913067999645137
1.7166664999967905e-08;5.290700000477955e-08;0.0008800035999738611;0.0006806935999775306
1.7408170000999235e-08;5.494634000351653e-08;0.0009479569999966771;0.0006712644000072032
1.945121500029927e-08;6.423300000024028e-08;0.0008808469999930822;0.0005536636000033468
2.085083999991184e-08;6.009062000084668e-08;0.0009963209999841638;0.0007134008000139147
2.2294214999419637e-08;4.8231699998723344e-08;0.0009676926000392995;0.0006512115999939851
1.7990324999846054e-08;5.7127040001796556e-08;0.000885934800026007;0.0006672426000004634
1.9585560000268744e-08;5.96205999958329e-08;0.0009337257999577559;0.0006657019999693148
2.17125399998622e-08;6.06770400016103e-08;0.0010162472000229171;0.000740017399948556
2.0088960000430232e-08;6.47421600006055e-08;0.001035565000056522;0.0006280886000022292
2.0827070000814274e-08;5.852806000038981e-08;0.0009673557999776676;0.0006726161999977194
1.9274704999406823e-08;5.609151999815367e-08;0.0008999518000055105;0.0007210933999740518
1.9834200000332204e-08;6.754988000029699e-08;0.00103593150008237;0.0006890984000056051
2.2498840000480414e-08;5.5000780004775155e-08;0.0009665559999994003;0.0006496962000383064
2.2245259999181143e-08;5.322992000146769e-08;0.000979591800016351;0.0006996329999528825
2.097215999965556e-08;5.851873999927193e-08;0.0009168569999746978;0.0007062793999793939
1.7432064999593422e-08;5.656422000029124e-08;0.0009776340000098571;0.0007026487999828532
2.2157729999162257e-08;5.810154000064358e-08;0.0009630940000060946;0.0007046850000042469
2.0151389998500237e-08;5.501933999476023e-08;0.0010496389999752865;0.0007170576000353322
2.131876000057673e-08;5.8197759999893604e-08;0.0010191073999740183;0.0007064328000415117
2.0029409999551716e-08;5.7565439998870714e-08;0.0010029939999803901;0.0007459469999885187
2.007537500030594e-08;5.481727999867871e-08;0.0009821688000229186;0.0006488425999996252
2.0197965000988916e-08;5.431876000366174e-08;0.000939961800002493;0.0005696125999675132
1.7597414999909234e-08;5.122589999809861e-08;0.0009015093999914825;0.0005811045999871567
1.7290000000502914e-08;5.229447999736294e-08;0.0009474893999868073;0.0005841549999895505
1.7906959999527316e-08;5.082432000199333e-08;0.0008848250000155531;0.0005788918000180274
1.7851104999135715e-08;5.256777999456972e-08;0.0008997260000323877;0.0006532030000234954
1.8042994999268557e-08;5.0009159999899566e-08;0.0009356634000432677;0.000637734799995087
1.8196465000801252e-08;4.887311999918893e-08;0.0009214716000133194;0.0006896946000051685
1.759625499980757e-08;5.2168040000833574e-08;0.0009172429999453016;0.0006074787999968976
1.8061745000886732e-08;5.07391799998004e-08;0.000899154599988833;0.0007000114000402391
1.771623999957228e-08;5.292917999904603e-08;0.0008787650000303984;0.0006780579999904148
1.8557729999884032e-08;5.82998999976553e-08;0.0008944921999936924;0.0006330816000117921
2.100925500126323e-08;5.2241179998964074e-08;0.0009213376000407152;0.0006723196000093595
1.8230929999845103e-08;5.052026000339538e-08;0.0009073146000155248;0.0006464627999812364
1.8492929999774788e-08;5.739081999636255e-08;0.0009258095999830402;0.0006340128000010736
2.037749500013888e-08;5.3321219998179e-08;0.000918251600000076;0.0006779489999753423
1.6996764999930746e-08;5.690774000249803e-08;0.000887074800033588;0.0006335238000028766
1.7834919999586418e-08;5.5884260003222156e-08;0.0009244454000145196;0.0007162130000069737
1.778673499939032e-08;4.602174000465311e-08;0.0009237364000291564;0.000688741999969352
2.1260279999114572e-08;5.60081799980253e-08;0.0009162099999957718;0.0006591414000140503
1.8900360001134686e-08;5.2047759998822585e-08;0.0009053126000217163;0.0007205291999853216
1.9385805001365953e-08;5.689529999508523e-08;0.0009264325999538414;0.0006235007999930531
1.9372440000006463e-08;5.468501999857836e-08;0.0009273695999872871;0.0006633617999614217
1.621463500050595e-08;5.585329999448732e-08;0.0009161524000228383;0.0006456379999872298
1.874620500020683e-08;6.016073999926447e-08;0.0009290232000057585;0.0006390095999813639
2.027386999980081e-08;5.059408000088297e-08;0.0009667159999953583;0.0006672903999569825
1.7754425000748596e-08;5.866644000052474e-08;0.0009801106000086293;0.000696914599975571
1.7737304999900517e-08;6.060097999870777e-08;0.0009557615999947302;0.0006742479999666103
2.1621630000299775e-08;5.865398000460118e-08;0.0008854493999970145;0.000619150599988643
1.853437999961898e-08;4.772540000267327e-08;0.0009448067999910563;0.0007036410000291653
1.7976159999670927e-08;5.013846000074409e-08;0.0009530317999888212;0.0006242284000036307
1.783713000040734e-08;5.819396000006236e-08;0.0009587834000121802;0.0006180562000372447
1.8582400000013876e-08;4.937450000434183e-08;0.0009159873999888078;0.0006408443999825977
2.066647999890847e-08;5.7383440004196016e-08;0.0009220228000194765;0.0006240466000162996
1.73782450001454e-08;6.041283999802545e-08;0.0009967186000430957;0.0006679170000134036
1.7043589999957475e-08;5.858041999745183e-08;0.0009318777999724261;0.0007297925999737345
1.796470999979647e-08;4.954489999799989e-08;0.0009437719999696128;0.0007072297999984585
1.682087499939371e-08;5.3496700001414865e-08;0.0010549630000605248;0.0007371387999737635
1.830788999941433e-08;5.461475999909453e-08;0.00095445080002537;0.0007063122000545263
1.8327515000419226e-08;4.872190000023693e-08;0.0009033869999693707;0.0006181130000040867
1.7943785000534262e-08;5.2970720001030715e-08;0.0008837727999780327;0.0006497372000012547
1.7777064999972936e-08;5.255890000262298e-08;0.0009037788000423461;0.0006512081999680959
2.0146750001003967e-08;5.461101999972015e-08;0.0008807149999774992;0.0006117812000447884
1.6529479999735487e-08;5.9007919998839494e-08;0.0008596502000000328;0.0006216010000207462
1.732398000021931e-08;5.516655999817885e-08;0.0008960643999744207;0.0006480270000174641
1.8339649999688846e-08;4.929446000023745e-08;0.0008712277999729849;0.0006523467999650166
1.6539115000341553e-08;5.485226000309922e-08;0.0008724954000208526;0.0006019058000529185
1.769916000048397e-08;5.001431999844499e-08;0.0009224014000501484;0.0006375875999801793
1.7553160000534263e-08;5.215485999942757e-08;0.0008500937999924645;0.0006865240000188351
1.6962334999698216e-08;5.538003999972716e-08;0.0009543340000091121;0.0006178861999651417
1.922852999996394e-08;5.1682560000335795e-08;0.0008804521999554709;0.0005650788000202738
1.626408000010997e-08;4.82400199980475e-08;0.0008208539999905042;0.000561186800012365
1.6669959999853745e-08;4.7791980003239586e-08;0.0008457150000031106;0.0005665575999883003
1.5837965000537225e-08;4.8859599995194e-08;0.0008400561999878846;0.0005501297999871895
1.5780159999849276e-08;4.6004959999118e-08;0.0008226305999560282;0.0005553485999698751
1.6325535000942183e-08;4.75983600015752e-08;0.0008399932000320404;0.0005623063999810256
1.6111395000189078e-08;4.557724000187591e-08;0.00080504559999099;0.0005642820000066422
1.5757209999719636e-08;4.628570000058971e-08;0.0008009346000035294;0.0005536034000106156
1.5282070000830572e-08;4.831787999719381e-08;0.0008248462000046856;0.0005526853999472223
1.5760659999796188e-08;4.7928439994575454e-08;0.0008007879999931902;0.0005597124000196345
1.5795280000020286e-08;4.716829999815673e-08;0.0007930794000276365;0.0005617849999689497
1.554722500004573e-08;4.4999719999032095e-08;0.0008196728000184521;0.0005493902000016533
1.4944399999512824e-08;4.5301040000049395e-08;0.0007896549999713897;0.0005454498000326566
1.608637000026647e-08;4.695838000043295e-08;0.0008099398000049405;0.0005444583999924361
1.531583000032697e-08;4.73972599953413e-08;0.0008090773999574595;0.0005439131999737583
1.5590509999310598e-08;4.516314000356943e-08;0.0007981958000455051;0.0005477653999696485
1.5581044999998994e-08;4.7060420003253964e-08;0.0008269202000228688;0.0005596334000001662
1.5816074999747797e-08;4.7486359998583795e-08;0.000816936600022018;0.0005501509999739937
1.5720040000451264e-08;4.406561999931e-08;0.0008109354000189341;0.000546838000009302
1.4802224999584724e-08;4.632232000003569e-08;0.0007887995999772101;0.0005401891999645158
1.571199500031071e-08;4.3489839998073876e-08;0.0008004176000249572;0.000552960200002417
1.4692279999144376e-08;4.735967999440618e-08;0.0008040034000296145;0.000536292799981311
1.5450079999573064e-08;4.7216980002122e-08;0.0007940318000037223;0.0005404414000222459
1.4565634999598843e-08;4.520571999601088e-08;0.0007951630000025034;0.0005411023999913596
1.495219500066014e-08;4.49659799982328e-08;0.0008168233999749645;0.0005393525999970734
1.590462499880232e-08;4.6852280001621696e-08;0.0008159015999990516;0.0005424769999808632
1.584432000090601e-08;4.794889999902807e-08;0.000825027399987448;0.0005349044000031427
1.487638499966124e-08;4.640393999870866e-08;0.0008032007999718189;0.0005554078000131994
1.6041835000214633e-08;4.7975379996933046e-08;0.0007924888000125066;0.0005520220000180416
1.5711880000890232e-08;6.366313999751582e-08;0.0006887392000062391;0.0006679240000084974
1.5751355000247715e-08;6.383281999733299e-08;0.0007107636000146158;0.0006500946000451222
1.5964754999731668e-08;6.462941999780014e-08;0.0007044558000052348;0.0006391890000086277
1.5568549999443348e-08;6.423148000030779e-08;0.0007001847999636083;0.0006571805999847129
1.5318420001131017e-08;6.082566000404768e-08;0.0007071225999970921;0.0006612432000110858
1.531416999932844e-08;6.500126000028103e-08;0.0006892255999846384;0.0006459770000074059
1.5264960000058636e-08;6.387595999985934e-08;0.0007042090000468306;0.0006547694000182673
1.5205074999539648e-08;6.138104000128806e-08;0.000697248199954629;0.000645567600033246
1.59328749999986e-08;6.542426000232808e-08;0.0006719516000011935;0.0006528557999990881
1.507525000051828e-08;6.792170000262558e-08;0.0006997342000249773;0.0006412843999569304
1.5645465000125114e-08;6.699768000398763e-08;0.0006821329999947921;0.0006580336000188253
1.474251500039827e-08;6.59536199993454e-08;0.0006756801999872551;0.0006393562000012026
1.5641929999401326e-08;6.831970000057481e-08;0.0007024464000132866;0.0006451548000331968
1.4955900001223198e-08;6.578402000013739e-08;0.0006760750000248663;0.0006354812000063248
1.5274419999332167e-08;6.01736599986907e-08;0.0006894164000404998;0.0006441296000266448
1.564966500009177e-08;6.37873400002718e-08;0.0006975542000145651;0.0006497996000107378
1.4749799999117386e-08;6.826236000051722e-08;0.0006808954000007361;0.0006344975999672898
1.5489700000034644e-08;6.725465999916195e-08;0.0006934190000174568;0.0006443336000083946
1.5610710000328255e-08;6.367243999848143e-08;0.0007046201999764889;0.0006485062000574544
1.5312439999252093e-08;6.431420000153594e-08;0.0006879919999628328;0.0006504095999989659
1.58485699997982e-08;6.70687599980738e-08;0.0006816439999965951;0.0006489428000058979
1.4922684998600744e-08;6.333786000031978e-08;0.0006792583999922499;0.0006568057999829761
1.593605999951251e-08;6.349576000357047e-08;0.0007015204000053927;0.0006415129999513738
1.5754260000539944e-08;6.114424000261351e-08;0.0006962514000479131;0.0006482599999872036
1.539069499995094e-08;5.9502000000793484e-08;0.0006724616000428796;0.0006447407999658026
1.571333500032779e-08;6.919611999765039e-08;0.000678422800032422;0.0006542490000138059
1.5469115000450984e-08;6.758709999849088e-08;0.0006800472000031732;0.0006410206000437028
1.507594499998959e-08;6.238612000015564e-08;0.0006929879999952391;0.000643374799983576
1.5712549998715986e-08;6.704095999593846e-08;0.0006738161999965087;0.0006450279999990016
1.5242524999484885e-08;5.982195999822579e-08;0.0006735578000079841;0.0006502211999613791
1.535619000060251e-08;6.134861999889835e-08;0.0006906537999748253;0.0006531139999860898
1.5475730001344346e-08;6.341210000100546e-08;0.0006678277999744751;0.0006490099999937229
1.4744754999992438e-08;6.301663999911398e-08;0.0006677965999697335;0.00063693899998907
1.5088615000422577e-08;6.803043999825604e-08;0.0006890368000022135;0.0006561405999818817
1.4815700000326614e-08;6.692629999597556e-08;0.0006642817999818363;0.000653621600009501
1.505512000003364e-08;6.416298000258394e-08;0.0006726208000327461;0.0006438779999734834
1.5601054999569895e-08;6.357859999989159e-08;0.0006764722000225448;0.0006578024000045843
1.472327000083169e-08;6.333428000216372e-08;0.0006655507999821566;0.0006465779999853112
1.4998164999997243e-08;6.35988800029736e-08;0.0006777605999959633;0.0006280166000360623
1.5803629999572875e-08;6.226388000068255e-08;0.000669720799953211;0.0006563886000076309
1.494589000067208e-08;6.534646000363864e-08;0.0006690979999839328;0.0006435770000098273
1.5240255001117476e-08;5.921041999827139e-08;0.0006753812000388279;0.0006477154000313021
1.5174349999870172e-08;6.464124000049197e-08;0.0006694466000190005;0.0006397326000151224
1.5572970001085195e-08;6.140269999741576e-08;0.0006755296000046655;0.0006321275999653153
1.5129994999733753e-08;6.538130000117234e-08;0.0006830974000040441;0.0006407883999636397
1.4783580000221263e-08;6.002658000215889e-08;0.0006706408000318333;0.0006440093999844975
1.5233464998891575e-08;6.172196000115946e-08;0.0006993374000303447;0.0006304674000130035
1.5985494999040384e-08;6.298072000499815e-08;0.0006665285999770276;0.0006587981999618932
1.470164000056684e-08;6.127692000009119e-08;0.0006885681999847293;0.000645427999959793
1.5386629999557043e-08;6.11767399997916e-08;0.0006716881999745965;0.0006470170000102371
1.509037500072736e-08;6.078595999861136e-08;0.0006948257999611087;0.0006454547999892384
1.490460999921197e-08;6.539471999858506e-08;0.0006859999999869615;0.0006491740000201389
1.5542455000104384e-08;6.297131999745034e-08;0.0006726237999973818;0.0006608234000159427
1.594741000008071e-08;6.113757999846712e-08;0.0006646779999719001;0.0006442976000253111
1.570431000000099e-08;6.331958000082522e-08;0.0006726064000395127;0.0006409486000193283
1.5175370000361e-08;6.617558000143618e-08;0.0006856120000011288;0.0006413871999830007
1.5550624999741557e-08;5.97250199993141e-08;0.0006802031999686733;0.0006474678000085987
1.5177245000086258e-08;5.964894000208005e-08;0.0006973336000228301;0.0006455321999965236
1.5514420000545215e-08;6.03703200002201e-08;0.0006899731999728828;0.000638117800001055
1.5260659999330527e-08;6.388680000090971e-08;0.0006884118000161834;0.0006586630000383593
1.5056560000812168e-08;6.447000000043773e-08;0.0006835332000046038;0.000644572600023821
1.6068830000585877e-08;6.139187999651768e-08;0.0006787471999996342;0.000642678199976217
1.4928479999070987e-08;6.70369400002528e-08;0.0006730800000368617;0.0006635101999854668
1.551080999925034e-08;6.921816000249237e-08;0.0006992991999723018;0.0006463801999925635
1.5127130001201293e-08;6.256633999873884e-08;0.0006704281999845989;0.0006430947999469936
1.4808285000617615e-08;6.555197999696247e-08;0.0006943648000014946;0.0006577052000211552
1.5926405000209343e-08;6.75833799992688e-08;0.0006967931999824941;0.0006559329999727197
1.5690845000790432e-08;6.450612000189722e-08;0.0006672293999581598;0.0006461027999757789
1.5855214999464805e-08;6.177160000079311e-08;0.0006959962000255473;0.0006530446000397206
1.52968950002105e-08;6.35986800014507e-08;0.0006860819999710656;0.000654316200001631
1.5668000000005124e-08;6.372365999850445e-08;0.0006768689999589696;0.0006487411999842152
1.5427079999062697e-08;6.382815999677405e-08;0.0006972027999581769;0.0006459277999820188
1.4930859999731184e-08;6.354375999653712e-08;0.0006751566000166349;0.0006362066000001505
1.5012920000299345e-08;6.101180000114255e-08;0.000679921800037846;0.000698757599981036
1.5241900000546594e-08;6.235507999663241e-08;0.0006961531999986619;0.0006430198000161909
1.4936779999698045e-08;6.560160000226461e-08;0.0006856555999838747;0.0006550145999644883
1.5179810000699944e-08;6.593809999758378e-08;0.0006977945999824442;0.0006616125999717042
1.5640235001046677e-08;6.037566000013612e-08;0.0006738290000357666;0.0006584376000100747
1.5866544999880717e-08;6.262412000214681e-08;0.0007015538000268862;0.0006605065999901853
1.5903935000824276e-08;6.231193999992684e-08;0.0006883393999887631;0.0006606028000242077
1.5145760000450537e-08;6.467933999956585e-08;0.00069699899997795;0.0006588878000038675
1.4935385000717362e-08;6.03841200005263e-08;0.0006968167999875732;0.0006447259999695234
1.5744450000056533e-08;6.351861999719403e-08;0.0006947507999720983;0.0006518420000211336
1.5283935000479688e-08;6.439686000230722e-08;0.0006897052000276744;0.0006594879999756813
1.4956700000038838e-08;6.383166000014172e-08;0.0006925203999853693;0.0006552642000024207
1.4774440000473988e-08;6.533051999867894e-08;0.0006862979999859817;0.0006405385999823921
1.5268479999213013e-08;5.820168000063859e-08;0.0006895999999833294;0.0006527666000183672
1.5716279999469406e-08;6.789366000448354e-08;0.0006846434000181035;0.000659285000001546
1.5056470000126863e-08;6.274071999941953e-08;0.0006849065999849699;0.0006411881999811158
1.5861909999512137e-08;6.723886000108905e-08;0.0006965968000004068;0.0006558315999573097
1.4863700000569225e-08;6.706986000062897e-08;0.0006804805999854579;0.0006387167999637313
1.4895429999160114e-08;6.608084000181406e-08;0.0006727470000041649;0.0006581398000125773
1.4772644999902696e-08;6.748264000052586e-08;0.0006792870000354015;0.0006440543999779038
1.5251754999917465e-08;6.160403999965638e-08;0.0006881518000154757;0.0006382122000213712
1.5895145000831688e-08;6.88959999999497e-08;0.0006886170000070706;0.0006574516000109724
1.5139620000263675e-08;6.409244000096805e-08;0.0006692898000474087;0.0006542667999747209
1.5027134999400006e-08;6.464298000209965e-08;0.000696419199986849;0.0006533999999519438
1.5753894999215846e-08;6.079374000546522e-08;0.0006740768000017852;0.0006324400000157766
1.545608999877004e-08;6.777991999988444e-08;0.0006932723999489099;0.0006598421999951824
1.509834500029683e-08;6.540861999965273e-08;0.0006830634000361898;0.0006538029999937862
1.5864270000020043e-08;4.959066000301391e-08;0.0007752683999715373;0.0003289158999978099
1.4831769999000244e-08;4.947861999971792e-08;0.0007852849999908358;0.0003285090000135824
1.547403000004124e-08;4.654077999875881e-08;0.0007741149999783374;0.0003305955000105314
1.5370460000121965e-08;4.882926000282168e-08;0.0007831289999885485;0.00033381340000778435
1.5675364999333395e-08;4.940488000283949e-08;0.0007823860000353306;0.0003288668000022881
1.566560000064783e-08;4.6297719998983665e-08;0.0008030175999738276;0.00034663429998909125
1.549937500094529e-08;4.945820000139065e-08;0.0007821289999992586;0.00032996440000715666
1.510744500119472e-08;4.71480000007432e-08;0.0007828289999742992;0.0003148719999880996
1.5605384999071248e-08;4.756585999857634e-08;0.0007833733999868855;0.00033303050001268274
1.5040184999816118e-08;4.6944939997047185e-08;0.000772359199996572;0.0003285936000174843
1.5086470000096596e-08;4.6237640001345424e-08;0.0007726672000135295;0.0003152507999911904
1.579868999979226e-08;4.829158000065945e-08;0.000783869799983222;0.00032264509997912685
1.5651214998797512e-08;4.8941499995999035e-08;0.0007838376000290736;0.00032094780000625176
1.5808054999797605e-08;4.841688000014983e-08;0.0007806564000202343;0.00033096049999585374
1.5758114999334793e-08;4.698286000057124e-08;0.0007802722000051289;0.000326829199999338
1.610145500017097e-08;4.81629999994766e-08;0.0007820490000303835;0.0003324150000116788
1.5005709999240935e-08;4.943286000052467e-08;0.0007709235999500379;0.0003257584999955725
1.5208754999912344e-08;4.9389280000468717e-08;0.0007938845999888144;0.0003198811000038404
1.463046499993652e-08;4.664848000393249e-08;0.0007958639999851584;0.0003219229000096675
1.5157729999918955e-08;4.880221999483183e-08;0.0007989711999543943;0.0003264524000114761
1.532722000119975e-08;4.934812000137754e-08;0.0007918829999980516;0.0003249161999847274
1.5005645000201185e-08;4.76089800009504e-08;0.000771260200010147;0.00032146669999929146
1.500054999924032e-08;4.6394399995915594e-08;0.0007936165999853983;0.0003317804999824148
1.5754139999626205e-08;4.9386099999537694e-08;0.0007798563999822363;0.0003235310000018217
1.5673795000475367e-08;4.785210000118241e-08;0.0007796916000079363;0.0003177840999851469
1.5122275000612716e-08;4.829729999764822e-08;0.0007964731999672949;0.0003333025999891106
1.5397184999892488e-08;4.829088000115007e-08;0.000768876000016462;0.00032230850000632925
1.575484999921173e-08;4.6785200003068896e-08;0.0007857965999864973;0.00032650029999786056
1.5787369999452496e-08;4.7917920001782475e-08;0.0007701121999998577;0.00032422460001544094
1.5014900000824127e-08;4.940764000057243e-08;0.0007878205999732017;0.00031762519999756477
1.5578965000167956e-08;4.839024000102654e-08;0.000766505200008396;0.00033670559999882246
1.4662075000524055e-08;4.9484599998686465e-08;0.0007861495999968611;0.00033436010000878014
1.5244825000991114e-08;4.9490180000429975e-08;0.0007943314000149257;0.00032638529999530876
1.5756839999812656e-08;4.768175999633968e-08;0.0007928731999709271;0.00033175670000491666
1.556445500027621e-08;4.59273399959784e-08;0.0007702267999993637;0.0003258351999975275
1.5895810000074563e-08;4.819760000100359e-08;0.0007897269999957644;0.0003192098999861628
1.587738999951398e-08;4.89480399992317e-08;0.0007854831999866292;0.00031799290000344624
1.5016125001420733e-08;4.754566000192426e-08;0.000774931599968113;0.00033551649999571964
1.564807499962626e-08;4.948131999699399e-08;0.000797300600039307;0.00031469369999831545
1.4848564998828806e-08;4.725389999803156e-08;0.0007964261999586597;0.00033489670002018104
1.500677000003634e-08;4.9618960003135726e-08;0.0007620150000439026;0.0003299002000130713
1.4720875000057277e-08;4.733723999815993e-08;0.0007819893999840133;0.000317423400003463
1.5550925000570716e-08;4.750724000041373e-08;0.0007719841999933124;0.00033576209997409023
1.4727645000675693e-08;4.7201740002492445e-08;0.0007797005999600515;0.0003287531999812927
1.5807390000554733e-08;4.752444000332616e-08;0.0007982521999510936;0.0003174425000033807
1.5616934999707154e-08;4.6490119997179135e-08;0.0007787327999831177;0.00032246550000854766
1.4943275001132862e-08;4.7022780001861977e-08;0.0007678702000412158;0.00033339760001399555
1.492257000063546e-08;4.6692580002127216e-08;0.0007920072000124492;0.0003202508999966085
1.559893999947235e-08;4.761833999655209e-08;0.0007790358000202104;0.00032597989999339915
1.4932694999151863e-08;4.957044000038877e-08;0.0007923658000072464;0.0003250719999778084
1.4968299999600275e-08;4.891263999743387e-08;0.0007917819999856874;0.0003256640000035986
1.5062874999421182e-08;4.580229999846779e-08;0.0007671521999873221;0.0003191967000020668
1.523585499962792e-08;4.763755999738351e-08;0.0007744448000448756;0.0003305054999946151
1.5846165000402835e-08;4.8045000003185126e-08;0.0007906887999852188;0.0003145255999988876
1.5353525000682567e-08;4.911913999821991e-08;0.0007827849999885075;0.0003225450000027195
1.514943999936804e-08;4.876956000225618e-08;0.0007770774000091478;0.0003281042999878991
1.482904000004055e-08;4.785360000096262e-08;0.0007560110000194982;0.00032365330000175166
1.5876355000364128e-08;4.948497999575921e-08;0.0007835068000131287;0.00031637210000189954
1.4778154999658e-08;4.578639999963343e-08;0.0007643544000457041;0.00032800049998331815
1.5038769999227952e-08;4.7848119999980556e-08;0.0007880283999838866;0.00032764230002067053
1.551859500032151e-08;4.907875999924727e-08;0.0007764520000200719;0.0003210843999986537
1.592166499904124e-08;4.8024840001016853e-08;0.0007949796000029892;0.0003258662000007462
1.476773000031244e-08;4.6827459998894484e-08;0.0008030836000107229;0.0003213954000093509
1.521130000037374e-08;4.9205020000226796e-08;0.0007966959999757819;0.0003257375999819487
1.573424999951385e-08;4.746331999776885e-08;0.0007855236000032164;0.0003375769999984186
1.5374130000418518e-08;4.671540000126697e-08;0.0007721751999924891;0.00032481459999689834
1.539867499959655e-08;4.8632219998398796e-08;0.0007792607999872416;0.00033181400000466965
1.568383499979973e-08;4.7107919998234136e-08;0.0007697521999944001;0.0003154791999841109
1.5210669999942184e-08;4.6628600003896284e-08;0.0007630529999732972;0.000334070699987933
1.537021999974968e-08;4.9736240005586295e-08;0.0007772414000355638;0.00032308890001149845
1.5472140000201762e-08;4.857719999854453e-08;0.000786978799966164;0.00032798719999846073
1.520399000000907e-08;4.682275999803096e-08;0.0008005460000131279;0.00033501730000716636
1.5256244999181945e-08;4.8446459998376665e-08;0.0007692796000046655;0.000323899100010749
1.5700740000465884e-08;4.8161660000914705e-08;0.0007916983999894001;0.00031931110000004993
1.5812375000678004e-08;4.990083999582566e-08;0.0007807078000041656;0.0003268928999896161
1.5470020000066143e-08;4.907538000261411e-08;0.0007658088000025601;0.00031384620000608266
1.4702930000203195e-08;4.827363999793306e-08;0.0007725179999833927;0.00031753540001227523
1.5126009999949018e-08;4.754326000111178e-08;0.0007986397999920883;0.00033203499999945053
1.4748225000221282e-08;4.832203999976627e-08;0.0007974758000345901;0.00032946199999423696
1.4797819999512284e-08;4.700622000382282e-08;0.0007871047999942675;0.00032478110000374726
1.5008154998940882e-08;4.776262000086717e-08;0.0007807123999809847;0.0003356819000036921
1.524644500022987e-08;4.633740000426769e-08;0.0007752198000089266;0.00032927820002078077
1.4965555000526365e-08;4.87336200021673e-08;0.0007829024000093341;0.00033511360001284627
1.5594885000609792e-08;4.7723779996158554e-08;0.000784572999982629;0.0003322709999920335
1.5722264999931214e-08;4.871292000170797e-08;0.000797947600018233;0.00032709919998887926
1.5784524999617134e-08;4.983622000436299e-08;0.0007807034000288695;0.0003137289999867789
1.585462500079302e-08;4.8412560002179816e-08;0.0007865056000300683;0.000315967600006843
1.4610110000649001e-08;4.748150000232272e-08;0.0007655403999960981;0.00031931369999074375
1.5876039999420754e-08;4.837695999885909e-08;0.0007942460000049323;0.0003291273000068031
1.5517509999335744e-08;4.719942000228912e-08;0.0007794665999826976;0.0003290143999911379
1.5507399999478366e-08;4.906376000144519e-08;0.0007754537999862805;0.0003282389000232797
1.5205444999446625e-08;4.945902000181377e-08;0.0007903971999767236;0.0003256364999979269
1.4994914999988395e-08;4.6922480000648644e-08;0.0007785764000145718;0.00032921639998676253
1.5472425000916702e-08;4.915836000000127e-08;0.000769036200013943;0.0003258269999932963
1.5246539999498053e-08;4.634345999802463e-08;0.0007903216000413522;0.0003187552000163123
1.5192049999313894e-08;4.6166560001438485e-08;0.0007678428000072017;0.0003197286000067834
1.580397000070661e-08;4.87251800019294e-08;0.0007839572000084445;0.00033043189998716114
1.562818999955198e-08;4.740259999525733e-08;0.0007968011999619193;0.0003295924999983981
1.5840274999209215e-08;4.680056000361219e-08;0.0007753364000236616;0.0003317107000038959
1.5321864999714308e-08;4.796396000310779e-08;0.0007783137999940663;0.0003300073000136763
1.556286999984877e-08;4.771636000368744e-08;0.0006650424000108615;0.0009426426000427455
1.542534999898635e-08;4.94598200020846e-08;0.0006773988000350073;0.0009558032000204548
1.5592634999484288e-08;4.8996420000912624e-08;0.0006800461999955588;0.0009622088000178338
1.5745570001308808e-08;4.7404420003294945e-08;0.0006611699999775737;0.0009504974000155926
1.5407565000350587e-08;4.906150000169873e-08;0.0006642753999913111;0.0009383450000314042
1.58655049992376e-08;4.619681999902241e-08;0.0006643867999664508;0.0009511006000102498
1.5374005000921897e-08;4.979148000129499e-08;0.0006869604000239633;0.00095654480002122
1.6030129999853672e-08;4.663126000086777e-08;0.0006906106000533328;0.000950808199995663
1.5213645000767428e-08;4.764805999584496e-08;0.0006713467999943532;0.0009432559999986552
1.605215000017779e-08;4.669752000481821e-08;0.0006959193999646232;0.0009630801999592222
1.5219495000201277e-08;4.9350480001885445e-08;0.000669921200023964;0.0009489623999688775
1.575614500034135e-08;4.770884000463411e-08;0.0006957256000023335;0.000954061999975238
1.49365149991354e-08;4.9437700002454224e-08;0.000691686199977994;0.0009634840000071563
1.5185624999867288e-08;4.979739999980666e-08;0.0006983680000412278;0.0009502058000070974
1.5212800000153946e-08;4.933266000007279e-08;0.0006804893999942578;0.0009580393999931402
1.596261499944376e-08;4.7495280002476644e-08;0.0006778053999878466;0.0009614670000155456
1.5408764999301638e-08;4.94007800007239e-08;0.0006712350000161678;0.0009556950000114739
1.5644390000670684e-08;4.976258000242524e-08;0.0006797311999835074;0.0009630398000008427
1.5211229999840725e-08;4.767786000156775e-08;0.0006864986000000499;0.0009368130000075325
1.551538000057917e-08;4.7823779995087534e-08;0.0006867900000070222;0.0009594534000498243
1.510874500090722e-08;4.7621480002999305e-08;0.0006840775999589823;0.000957446800020989
1.536631499911891e-08;4.8329720000037925e-08;0.0006592105999588966;0.0009559468000079506
1.538018999999622e-08;4.66852200042922e-08;0.000694000200019218;0.0009506551999947987
1.5434595000988337e-08;4.906060000066645e-08;0.0006676867999485694;0.0009478458000230603
1.496585499990033e-08;4.761609999695793e-08;0.0006760067999712192;0.0009582923999987543
1.612466999940807e-08;4.982173999887891e-08;0.00069543739996152;0.0009593625999987126
1.5020405000541358e-08;4.616997999837622e-08;0.0006682662000530399;0.000970869800017681
1.532032499962952e-08;4.845231999643147e-08;0.00068057540000882;0.0009585420000366866
1.558592499932274e-08;4.868598000030033e-08;0.0006713786000036634;0.0009494532000389881
1.511614000046393e-08;4.6850480005377905e-08;0.0006828310000128113;0.000946946400043089
1.587525000068126e-08;4.876562000135891e-08;0.0007000589999952353;0.0009483013999997638
1.512332999991486e-08;4.881836000131443e-08;0.0006689252000069246;0.0009463458000100218
1.5857469999173192e-08;4.5484139997279274e-08;0.0006848157999920658;0.0009547462000045926
1.574177000002237e-08;4.851866000099108e-08;0.000675351599988062;0.0009628824000246823
1.5230555000016467e-08;4.688266000011936e-08;0.0006676786000025459;0.0009374881999683566
1.5329074999317528e-08;4.9746220000088215e-08;0.0006817938000313006;0.0009586496000410988
1.5237510000588373e-08;4.90349400031846e-08;0.0006930444000172428;0.0009571197999757715
1.5338655000959988e-08;4.999425999703817e-08;0.0006805403999751434;0.0009660867999773473
1.582930000004126e-08;4.75297600030899e-08;0.0006759016000432894;0.0009420401999959723
1.5229805000126362e-08;4.998113999608904e-08;0.0006756904000067152;0.0009496151999919675
1.5805245000228752e-08;4.664771999814547e-08;0.0006871927999891341;0.0009362774000037462
1.4748020000115503e-08;4.947066000313498e-08;0.0006657587999943644;0.0009437873999704607
1.4412245000130497e-08;4.7775339998770504e-08;0.0006825644000200555;0.0009368721999926492
1.5503539999190253e-08;4.948061999748461e-08;0.0006686816000146792;0.000963912800012622
1.5704209999239537e-08;4.766027999576181e-08;0.0006935318000032566;0.000955902999965474
1.5378380000765902e-08;4.8814460000721736e-08;0.0006797822000226006;0.0009540590000106021
1.5647009998792784e-08;4.76403400010895e-08;0.0006859381999820471;0.0009582795999594964
1.5747375000501052e-08;4.928189999773167e-08;0.0006755097999703139;0.0009637113999924622
1.5202394999505488e-08;4.7946679999586194e-08;0.0006840257999720052;0.0009614740000106394
1.5743895000196063e-08;5.081188000040129e-08;0.0006617689999984577;0.0009458469999954104
1.5346479999425356e-08;4.8237439995864406e-08;0.0006971794000128284;0.0009498158000060357
1.5840845000639093e-08;4.89038800005801e-08;0.0006934508000267669;0.0009382568000000902
1.5197505000105594e-08;4.747974000056274e-08;0.0006951419999822974;0.0009706673999899067
1.538400499994168e-08;5.0022659997921436e-08;0.0006775270000216551;0.0009645282000419684
1.525295500032371e-08;4.894312000251375e-08;0.0006843738000025042;0.0009544233999913558
1.5551609999965878e-08;4.972751999739558e-08;0.0007001844000187702;0.0009610954000381752
1.5107044999604113e-08;4.593462000484578e-08;0.0006645993999554776;0.0009500437999959104
1.5062094999302644e-08;4.7538939997320994e-08;0.0006747749999631196;0.0009640481999958865
1.5917389999958685e-08;4.946800000034273e-08;0.0006800573999644257;0.0009505009999847971
1.6138955000496936e-08;4.6469019999494775e-08;0.0007047004000050947;0.0009675803999998607
1.5462420000403652e-08;4.9998579995008185e-08;0.0006928158000227995;0.0009350273999734781
1.5167404999374413e-08;4.698197999969125e-08;0.0006982171999989077;0.0009334898000233807
1.5720085000793916e-08;4.668092000065371e-08;0.0006923448000452482;0.0009472400000086054
1.5832964998844547e-08;4.723672000109218e-08;0.0006701845999923534;0.0009458416000124999
1.561915000056615e-08;4.745513999951072e-08;0.0006788104000152089;0.0009591461999807507
1.5833359998941886e-08;4.989190000342205e-08;0.0006850324000115506;0.000948341800016351
1.6176740000082645e-08;4.6796440001344306e-08;0.0006764182000188157;0.0009440725999884307
1.525346500129672e-08;4.853410000214353e-08;0.0006734350000042468;0.000952772599994205
1.6029590000107418e-08;5.0003719999222085e-08;0.0006875607999972999;0.0009535614000051282
1.6051704999699723e-08;4.836477999924682e-08;0.0006691396000096574;0.0009512357999919914
1.5991774998838082e-08;4.701280000153929e-08;0.0006939866000320763;0.0009575397999724373
1.5199955001298805e-08;4.7525000001769515e-08;0.0006722040000022389;0.000950561799982097
1.5607020001334605e-08;4.6729959995718675e-08;0.0006602715999470092;0.0009543516000267118
1.5281764999963345e-08;4.695396000170149e-08;0.0006606508000404574;0.0009352858000202105
1.509057999937795e-08;4.887655999627896e-08;0.0006709747999557294;0.000952514800010249
1.535925999924075e-08;4.966978000011295e-08;0.0006863242000108584;0.0009442060000146739
1.6055145001155324e-08;4.996726000099443e-08;0.0006753885999787599;0.0009529601999674924
1.508532999869203e-08;4.802903999807313e-08;0.0006715358000365086;0.0009579993999795988
1.4629664999665692e-08;4.981010000337846e-08;0.0006969169999938459;0.0009534975999849849
1.553596000012476e-08;4.798647999996319e-08;0.000676904599997215;0.0009493161999853328
1.593701000092551e-08;4.6837899996899065e-08;0.0006952021999750286;0.0009684395999647677
1.5113014999951702e-08;4.969591999542899e-08;0.0006899888000334613;0.0009348224000423215
1.5104350000910928e-08;4.636254000361078e-08;0.0006904254000401124;0.0009535632000188343
1.493479499913519e-08;4.799907999695279e-08;0.0006705784000223502;0.0009563887999975122
1.5325170000141952e-08;4.739834000356495e-08;0.0006756641999818385;0.000969667199999094
1.49810550006805e-08;4.912573999608867e-08;0.0006848427999648265;0.0009637464000261389
1.5602675000263844e-08;4.7882679995382205e-08;0.0006862493999651633;0.0009642357999691739
1.5120790000946728e-08;4.798652000026777e-08;0.0006958703999989666;0.0009426448000012897
1.5673339999921153e-08;4.980351999984123e-08;0.000694400799984578;0.0009619544000015594
1.5552820000448265e-08;4.932816000073217e-08;0.0006730811999877915;0.0009369555999874138
1.5502425000886432e-08;4.9373439996270464e-08;0.0006918021999881603;0.0009544773999950848
1.5690685001027306e-08;4.973677999805659e-08;0.0006972609999938869;0.0009403816000558436
1.4939039999444504e-08;4.787087999866344e-08;0.0006732707999763079;0.000950042599986773
1.5496975000132807e-08;4.9197899998398495e-08;0.0006780670000007376;0.0009414598000003025
1.5491880000627134e-08;4.644144000485539e-08;0.0006682195999892428;0.0009517722000018694
1.4723534999939147e-08;4.9146119999932126e-08;0.0006988902000011877;0.0009343317999737337
1.588927999982843e-08;4.771066000103019e-08;0.000676199399982579;0.0009514530000160448
1.4908030000515284e-08;4.737019999884069e-08;0.0006724496000097133;0.0009425891999853775
1.5929749999486375e-08;4.7452240000711757e-08;0.0006904718000441789;0.0009689865999971516
1.556766499998048e-08;4.931516000069678e-08;0.000677467199973762;0.0009370717999991029
1.546503000135999e-08;4.789669999736361e-08;0.0015236994999577292;0.0014856370000052267
1.5619090000109282e-08;4.774491999996826e-08;0.0014989559999958146;0.00146998900003382
1.5659210000012536e-08;4.402331999735907e-08;0.0014508395000302698;0.001466723499906948
1.5101075000711718e-08;4.6079440001631154e-08;0.0015121300000464544;0.0014737064999644646
1.557062999927439e-08;4.546868000179529e-08;0.0015292799999588168;0.001464346499997191
1.55743800001801e-08;4.593286000308581e-08;0.001488973000086844;0.0014450845000101254
1.567975999932969e-08;4.637038000510074e-08;0.0015360379999037831;0.0014826380000158678
1.583697000023676e-08;4.7169919998850675e-08;0.001482023999997182;0.001432049499999266
1.516624499927275e-08;4.685112000443041e-08;0.0015167989999463317;0.001470570000092266
1.518281000026036e-08;4.581326000043191e-08;0.00148001599998679;0.0014651109999977052
1.5664894999645184e-08;4.4998500001383944e-08;0.0015356614999473095;0.0014794379999511875
1.5647675000946038e-08;4.724413999938406e-08;0.0015082804999838118;0.0014798945000802633
1.608892499934882e-08;4.75856399978511e-08;0.0015254629999981262;0.0014685174998885487
1.5306034999957774e-08;4.568732000188902e-08;0.0015247144999739248;0.00146155850001378
1.492154000006849e-08;4.7464299999410283e-08;0.0015262900000379887;0.0014879034999466967
1.5708259999519214e-08;4.708075999515131e-08;0.0015089265001006424;0.0014864050000323913
1.56911450001644e-08;4.503191999974661e-08;0.0014795275000506081;0.001471676499932073
1.4787010000145528e-08;4.603436000179499e-08;0.001452193500008434;0.001469999499968253
1.525631999975303e-08;4.6608139999443666e-08;0.0015338480001082643;0.001488495000085095
1.5396154999325518e-08;4.595421999692917e-08;0.0014909599999373313;0.0014508210000349208
1.50704699990456e-08;4.510755999945104e-08;0.0014524209999945015;0.0014881939999759196
1.517184999975143e-08;4.634724000352435e-08;0.0015379774999746587;0.001481346500077052
1.489986500091618e-08;4.639958000043407e-08;0.0014497889998892788;0.0014706455000850838
1.5648420000798068e-08;4.499715999700129e-08;0.001538591999997152;0.0014500269999552983
1.5801970000029542e-08;4.5293520000996065e-08;0.0015059504999953787;0.0014596929999243003
1.4868104999186471e-08;4.5928579999599604e-08;0.0014575514999160078;0.00144412999987253
1.5921035000064876e-08;4.573089999612421e-08;0.001524681500013685;0.0014906630000041331
1.497380499931751e-08;4.729195999680087e-08;0.0014640099999087396;0.0014623460000439082
1.502446499944199e-08;4.597888000425883e-08;0.0014658119999512564;0.0014896869999938645
1.50166999999783e-08;4.7169140004552903e-08;0.0014831564998894465;0.001450598999945214
1.4860315000987612e-08;4.4277060002787035e-08;0.0015122169999813196;0.001497588999918662
1.5955315000610427e-08;4.713701999862678e-08;0.001509006499982206;0.0014638975000707433
1.5408089999982623e-08;4.652483999961987e-08;0.0014819394999358337;0.0014474020000488962
1.5113889999338424e-08;4.750171999912709e-08;0.0014885274998960086;0.0014746535000449512
1.531937499967171e-08;4.5996760000707585e-08;0.001508340500004124;0.0014703155000461265
1.5601569999125787e-08;4.6125860000029203e-08;0.0014671105000888928;0.001471713499922771
1.474457500007702e-08;4.671043999842368e-08;0.0014612299999862443;0.0014506314999016467
1.499868999962928e-08;4.5237979997182264e-08;0.001505225500004599;0.0014590839999436866
1.5695925000181887e-08;4.6956140000838786e-08;0.001462498499895446;0.0014615015000163112
1.549296000011964e-08;4.5465260004857556e-08;0.0015061830000195186;0.00144432750006672
1.5511330000299494e-08;4.5657179999398065e-08;0.0014768565000849777;0.0014461609999125357
1.53050400011125e-08;4.5630399999208746e-08;0.001474754000082612;0.001456060500058811
1.5168604999780656e-08;4.6256800001719964e-08;0.0014661125000566245;0.0014780330000212416
1.4929560000018682e-08;4.541600000229664e-08;0.001451433499896666;0.0014287895000597928
1.4852350000001024e-08;4.462369999964722e-08;0.001479927000036696;0.0014854310000373516
1.5618829999584704e-08;4.564639999880456e-08;0.0014886339999793563;0.0014617205000831746
1.4935189999232534e-08;4.4941360002849254e-08;0.0014715089999663177;0.0014424834999954327
1.5461030000005848e-08;4.623944000340998e-08;0.0015241019999666606;0.0014328499999828636
1.4949925000837538e-08;4.489451999543235e-08;0.0014599894999992103;0.0014676395000424237
1.5356274999794552e-08;4.5097120001446456e-08;0.001461913000093773;0.001459160500089638
1.5079159999731928e-08;4.51487599988468e-08;0.0014797740000358317;0.0014867165000759996
1.5810575000068638e-08;4.490208000061102e-08;0.0014505859999917447;0.0014513170000282115
1.589801000081934e-08;4.6126300003379584e-08;0.0015308980000554584;0.0014876880000520031
1.585081000084756e-08;4.517148000304587e-08;0.0014791124999464955;0.0014408014999935403
1.5445819999149536e-08;4.486032000277191e-08;0.0015094300000055227;0.0014563344999623952
1.549729000107618e-08;4.457874000072479e-08;0.0014652224999736063;0.0014468860000488347
1.4960059999430088e-08;4.759273999952711e-08;0.0014821744999790097;0.0014563889999408275
1.5120149998983832e-08;4.5950120000634345e-08;0.001456814499979373;0.001471695000072941
1.5322210000886116e-08;4.739064000314102e-08;0.0015312755000195465;0.0014763799999491312
1.5517194999847562e-08;4.7562879999168216e-08;0.00150464499994996;0.0014809054999204818
1.482611499959603e-08;4.763314000447281e-08;0.0014895344999968075;0.00143743849999737
1.5095429999928457e-08;4.467038000002503e-08;0.0014868095000565517;0.0014841735000663903
1.5811780000512953e-08;4.8837199999252335e-08;0.0014667054999154062;0.0014553814999817404
1.5465969999786466e-08;4.615081999800168e-08;0.0014476475000265055;0.001468608999857679
1.5267950000998098e-08;4.578665999579243e-08;0.0014788014999066945;0.0014746084999933374
1.5532274999713992e-08;4.457840000395663e-08;0.0014896715000213589;0.0014859204999811482
1.5365039999596774e-08;4.6516319998772815e-08;0.0014616550000209826;0.0014912055000604596
1.487541499955114e-08;4.713582000113092e-08;0.001486418499989668;0.0014630789999500848
1.5004264999879524e-08;4.5013359998119994e-08;0.0014750915000331587;0.0014664669999910984
1.5653710000333376e-08;4.542420000070706e-08;0.001468600499938475;0.0014601224999933038
1.5342094999505207e-08;4.789684000425041e-08;0.0015103385000838898;0.0014839935000054538
1.5062474999285768e-08;4.7479499998735266e-08;0.0014769179999711923;0.0014525404998857994
1.5447264999966136e-08;4.800810000160709e-08;0.0014839955000206827;0.0014681999999447725
1.5786945000581908e-08;4.771906000096351e-08;0.0015321854999638162;0.001464032999938354
1.5697705000638962e-08;4.5327900000847875e-08;0.0015279075001308228;0.0014840284999809228
1.4945159999479075e-08;4.5367940003052356e-08;0.0014986304999911227;0.001470506000041496
1.5275729999120813e-08;4.7163099999306726e-08;0.0014783405000343918;0.0014648944999498782
1.5692010000930167e-08;4.674224000191316e-08;0.0015054565000173171;0.0014722549999714829
1.598826500121504e-08;4.557687999913469e-08;0.0014801815000828355;0.0014544364999164827
1.5617390000261368e-08;4.508260000147857e-08;0.001486778999969829;0.0014522350000333972
1.5761204999580514e-08;4.646504000411369e-08;0.0014800045000447426;0.0014564600000448991
1.545066500111716e-08;4.526742000016384e-08;0.0015126574999885633;0.0014842559999669902
1.5477724999072962e-08;4.690180000034161e-08;0.0015057230000093114;0.001464135999995051
1.4913294999860227e-08;4.6502220002003014e-08;0.0014981180000177118;0.0014659449999453499
1.6145324999524746e-08;4.755191999720409e-08;0.0015036744999815709;0.001462811500095995
1.5654285000346136e-08;4.514892000006512e-08;0.0014575000001059379;0.0014501895000285003
1.5157404998899438e-08;4.469863999984227e-08;0.0014784284999768715;0.0014484449999872596
1.567459000070812e-08;4.755926000070758e-08;0.0015199934999691321;0.0014742285000102129
1.507817999954568e-08;4.4562960002804176e-08;0.0014618334999249782;0.0014854855000157841
1.531040999980178e-08;4.3453840003348886e-08;0.0014722559999790974;0.001469816000026185
1.581554000003962e-08;4.671563999727368e-08;0.001517761499999324;0.0014711135000106878
1.5938159999495838e-08;4.417373999604024e-08;0.0014916650000668596;0.0014558300000499002
1.4842149999458344e-08;4.6208139997906986e-08;0.0014776775000791532;0.0014544444999773987
1.4818734998698347e-08;4.6546899998793376e-08;0.001459508999978425;0.0014664294999965932
1.5033689999836497e-08;4.661567999864928e-08;0.00147343999997247;0.0014587555000616704
1.5501214998948852e-08;4.671256000292487e-08;0.0014612980000674725;0.001464572999975644
1.5660954998747913e-08;4.6721919998526574e-08;0.0015234409998811315;0.001490730999939842
1.560520000057295e-08;4.561541999573819e-08;0.0014801049999368843;0.0014783704999717885
1.5208864999294747e-08;4.751907999743707e-08;0.001473289499990642;0.001491647499933606
1.4896294999925886e-08;4.667905999813229e-08;0.0014816855000390206;0.0014550705000874586
1.5636565000750124e-08;4.657683999976143e-08;0.0015211875000386498;0.0018691819999366998
1.583833000040613e-08;4.5427200000267475e-08;0.0015113605000078678;0.001829412999941269
1.4876104998984373e-08;4.692159999976866e-08;0.0014920960000017658;0.0018574059999082238
1.4954315000795758e-08;4.339267999748699e-08;0.0015243639999243897;0.0018603454998810775
1.5340250000008382e-08;4.6456759999273345e-08;0.001481424500088906;0.001850842499989085
1.5123529999982566e-08;4.591722000041045e-08;0.0015533205000974703;0.0018490515000303277
1.5300800000841264e-08;4.675623999792151e-08;0.0015542784999706782;0.0018713325000135228
1.4630944999225904e-08;4.678694000467658e-08;0.0015741719999641645;0.00186611900004209
1.5544954998767934e-08;4.485098000150174e-08;0.0015366230001382065;0.0018528434999461752
1.5121494999038987e-08;4.746286000008695e-08;0.0015359929999976885;0.0018723139999201521
1.6143330000340938e-08;4.713052000151947e-08;0.001561004499963019;0.0018484454999270383
1.499416500009829e-08;4.473154000006616e-08;0.0015103875000204426;0.0018485074999625795
1.5639864999684506e-08;4.4749220000812784e-08;0.001540644000051543;0.0018488410000281875
1.5255545001127757e-08;4.745079999556765e-08;0.0015129194999462924;0.001883211999956984
1.6084509999200236e-08;4.649451999575831e-08;0.00156623100003344;0.0018742909999855328
1.5721489999850746e-08;4.502393999719061e-08;0.001605903500021668;0.0018331209999450948
1.5224399999715387e-08;4.6756880002794786e-08;0.0015407365000282879;0.0018859224999323487
1.499306999903638e-08;4.691521999775432e-08;0.0015807150000182446;0.0018360200000461192
1.5172974999586587e-08;4.47273799974937e-08;0.0015534175001084805;0.0018540184998710174
1.592227999935858e-08;4.6411800000350924e-08;0.0015415870001015718;0.0018753424999886192
1.57422400006908e-08;4.6529120003106074e-08;0.0015763560000050347;0.0018377199998940341
1.5122785000130533e-08;4.677146000321954e-08;0.001481008999980986;0.0018510804999095853
1.5909144999750423e-08;4.786422000033781e-08;0.0015807434999442194;0.0018591545001254417
1.5896950000023936e-08;4.542806000099517e-08;0.0015737785000237636;0.0018822500000533183
1.6074244999617804e-08;4.623515999992378e-08;0.0015319280000403524;0.0019209480000426994
1.5366135000658687e-08;4.644977999851107e-08;0.0015250660000310746;0.0018640289999893866
1.5169374999823048e-08;4.424284000415355e-08;0.0015101489999506156;0.0018630994998966343
1.5712545000133104e-08;4.758396000252105e-08;0.001539133500045864;0.0019040785000834148
1.561861500085797e-08;4.568826000322588e-08;0.0015658219999750145;0.0018444475000433157
1.4756114999181591e-08;4.700628000427969e-08;0.0015074665000429377;0.001854235500068171
1.564180999994278e-08;4.655794000136666e-08;0.001574887999886414;0.0018936720000056085
1.5359480000915937e-08;4.4413959997473285e-08;0.001511249500035774;0.001842035500012571
1.4911025000037625e-08;4.474633999634534e-08;0.001510219499905361;0.0018659440000192262
1.5089200000511483e-08;4.560268000350334e-08;0.0015707230000407434;0.001891271000058623
1.5554135000274983e-08;4.6884540002793076e-08;0.0015276315000664908;0.0018286784998781513
1.577110500074923e-08;4.447999999974854e-08;0.0015436844999203458;0.0019016154999553692
1.5032425000390504e-08;4.6426640002755445e-08;0.0015039020001131576;0.0018487635000201408
1.578563000075519e-08;4.6694159996695816e-08;0.0015613920000032522;0.001899455999955535
1.5029825000965502e-08;4.755453999969177e-08;0.0014809995000541675;0.0018419254999025726
1.556016999966232e-08;4.51632599986624e-08;0.001515106500010006;0.001874453999917023
1.5115189999050927e-08;4.476343999849632e-08;0.0015360490001330618;0.0018904815000132657
1.51202649998595e-08;4.5181300002150235e-08;0.0015622935000283178;0.0018718485000135843
1.614941000007093e-08;4.7758099995553496e-08;0.0015088385000126437;0.0018470249998790678
1.5099549999285956e-08;4.406177999917418e-08;0.0015304225000727456;0.0018405680000432767
1.5232695000304376e-08;4.4851940002990884e-08;0.001506478500086814;0.001878718499938259
1.5784729999722913e-08;4.783751999493688e-08;0.0015302829998836388;0.0018901225000445266
1.4805010000418405e-08;4.599647999857553e-08;0.0015380164999805857;0.0018990105000557377
1.5184605000831654e-08;4.436046000337228e-08;0.0015258860000176356;0.0018429759998980443
1.491762499936158e-08;4.5028180000372234e-08;0.0015720220000366681;0.0018695745000150055
1.5814640000462534e-08;4.320096000446938e-08;0.001507631999993464;0.0018531189998611808
1.4882419999048579e-08;4.6019160002470016e-08;0.0014955999999074266;0.001859266999963438
1.5440319999470377e-08;4.4530580000719054e-08;0.0015203024999937043;0.0019063219999952707
1.5457009999954608e-08;4.660440000006929e-08;0.0015276864999032114;0.0018662819999735803
1.513656000024639e-08;4.6821800002362576e-08;0.001560258499957854;0.0018590850000327918
1.548942000081297e-08;4.7464679996483026e-08;0.0015117885000654496;0.0018328295000537764
1.4995690000068862e-08;4.962043999694288e-08;0.0015088124999601859;0.0018243060000531842
1.508612500037998e-08;4.722927999682724e-08;0.001485407000000123;0.0018879884999478235
1.5365469999960623e-08;4.7882560000289233e-08;0.0015233730000909418;0.001881664499960607
1.546991000068374e-08;4.5099340000888334e-08;0.0015354490000754595;0.0018380689999321475
1.5082225001242476e-08;4.777987999841571e-08;0.0015433284999744501;0.0018473600001016166
1.4602474999264813e-08;4.520317999995314e-08;0.0014829384999757167;0.0018859810000867582
1.5637500000593717e-08;4.4167620001826435e-08;0.0014972699999634643;0.0018790659999649505
1.5821325000433718e-08;4.6860339998966084e-08;0.0015718725000624545;0.0018896390000008978
1.611449000047287e-08;4.5850499998778106e-08;0.0015624495000520254;0.0018887519999407233
1.507008000044152e-08;4.5164079999085514e-08;0.00157341850004741;0.0018718760000774636
1.50299000000814e-08;4.746866000350565e-08;0.0015293509999173692;0.0018339950000518
1.542106499982765e-08;4.39886000007391e-08;0.001508103999949526;0.0018733280000742525
1.5938835000270046e-08;4.5522819994948804e-08;0.0014790999999968336;0.0018844320000789593
1.488334500027122e-08;4.886707999976352e-08;0.0015136385000369046;0.0018764839999494143
1.493473000009544e-08;5.030155999702402e-08;0.0015077030000975355;0.0018601575000502634
1.4753709999786225e-08;4.5386119995964694e-08;0.0015563165000639855;0.0018343459999596234
1.4733380000689067e-08;4.659842000110075e-08;0.0015729284999542869;0.0018290475000685546
1.5263719999347815e-08;4.9561260000336914e-08;0.0015437604999169708;0.0018608975000097415
1.5640505000192206e-08;4.351086000096984e-08;0.0015231089999724644;0.0018476689999806695
1.5416939998976886e-08;4.708532000076957e-08;0.001488662000047043;0.0018243210000218823
1.554667500022333e-08;4.7425599995767696e-08;0.001482047000026796;0.0018668489999254234
1.4750705000187736e-08;4.520038000191562e-08;0.0014763399999355897;0.0018334600000525824
1.4569060000940225e-08;4.6554599999217316e-08;0.0015370169999368954;0.0018449605000205337
1.5078455000184475e-08;4.620847999467515e-08;0.0015739125000254718;0.0018399029999272899
1.522084000025643e-08;4.459451999864541e-08;0.001519616000005044;0.0018465359999390784
1.5373530000215396e-08;4.699213999556378e-08;0.0015673235000576824;0.0018760870001278817
1.6159395000431685e-08;4.7755499999038876e-08;0.0015419329999713227;0.0018322320000152103
1.4959005000127945e-08;4.534404000150971e-08;0.0015205379998951684;0.0018921685000532307
1.542547499993816e-08;4.734438000014052e-08;0.0015445670000917744;0.0018530149999423885
1.534576499980176e-08;4.4799180002883076e-08;0.001500800500070909;0.001896462500008056
1.5453790000174194e-08;4.458381999866106e-08;0.001516062000009697;0.0018907634999777655
1.5671920000750105e-08;4.36671799980104e-08;0.0015557499999704306;0.0018512185000872706
1.478279000002658e-08;4.375207999837585e-08;0.0014836235000984742;0.0018848430000070948
1.5311459999065847e-08;4.506163999903947e-08;0.0015527334999933372;0.0018366655000136233
1.5518809999048243e-08;4.721826000022702e-08;0.001533097499923315;0.0018672324999351986
1.5026944999408442e-08;4.375716000213288e-08;0.0014953634999983478;0.0018593730000429787
1.5807769999082664e-08;4.472550000064075e-08;0.0015059004999056925;0.0018579225000576116
1.506286500080023e-08;4.491126000066288e-08;0.0014983875000325498;0.001851907999953255
1.4501554999151267e-08;4.495952000143006e-08;0.0015122884999436792;0.0018439829999988434
1.5533560000767465e-08;4.7329579998040574e-08;0.0014777384999615606;0.0018380164999689441
1.507666500110645e-08;4.393522000173107e-08;0.0014945120000629687;0.001848419999878388
1.4952990000892897e-08;4.4623840000713246e-08;0.0014953319999040104;0.0018627814999490511
1.566593000025023e-08;4.43069800036028e-08;0.0015055219999339897;0.0018409095000242815
1.5408105000096838e-08;4.6383000002242625e-08;0.0015480920000118205;0.0018415645000641233
1.5518795000389217e-08;4.586762000108138e-08;0.001487405500083696;0.001812977499939734
1.5164319999166763e-08;6.414248000364751e-08;0.0015025849999801722;0.0021989240002585576
1.5938359999563546e-08;6.65822799957823e-08;0.0014963184999942313;0.0021414200001163407
1.4681539998855441e-08;6.422875999705865e-08;0.0015274639999552165;0.0021234609998646192
1.5433074999600648e-08;6.310314000002108e-08;0.0014797199999156874;0.002118283000017982
1.5413510000507814e-08;6.476276000030338e-08;0.0016247320000547915;0.0022441309998976065
1.4820239999971818e-08;6.802033999701962e-08;0.0015395069999794941;0.002149800999904983
1.491037499945378e-08;6.147771999821998e-08;0.001484900000068592;0.0022199479999835603
1.534957999974722e-08;6.137549999984913e-08;0.0015107419999549165;0.002212081999750808
1.5457004999916536e-08;6.021187999867834e-08;0.0014956994999374728;0.0021712939999997617
1.4780744999006855e-08;6.382195999613032e-08;0.0014744344999780877;0.0021918650000588968
1.5636244999768678e-08;6.130320000229403e-08;0.0015406174999952782;0.002206605999963358
1.5777654999692457e-08;6.38872999988962e-08;0.0015650250000180676;0.002199201000039466
1.516878000111319e-08;6.153990000020713e-08;0.001547267499990994;0.002146364999935031
1.5748285000154284e-08;6.661377999698743e-08;0.0015571385000657757;0.0021702219999860974
1.5103115000238175e-08;5.998691999702715e-08;0.001461966999922879;0.002183101999980863
1.4979359999415465e-08;6.652535999892279e-08;0.0014838589999999386;0.0021654990001115947
1.5130829998815898e-08;6.624321999843232e-08;0.001528954500099644;0.002105851999949664
1.4829109999118373e-08;5.788857999723405e-08;0.0015179089999583083;0.00213141899992479
1.5574514999752865e-08;5.974251999869012e-08;0.001505992500024149;0.0021229110000422226
1.5953989999252373e-08;6.111393999890424e-08;0.0015219414999592118;0.00219376299995929
1.518959000095492e-08;6.690272000269033e-08;0.0015292659999977332;0.002156587000063155
1.5380679999361745e-08;6.59654600021895e-08;0.0015227715000219178;0.0022056490002432838
1.5484979999018834e-08;6.22466600034386e-08;0.0014924564999819268;0.0021879400001489557
1.4825194999866653e-08;5.8422240003710615e-08;0.0014829745001043193;0.0021996049999142998
1.50048550000065e-08;6.161562000052073e-08;0.0015114869999524672;0.0021512280000024475
1.4936240001406987e-08;6.025136000243947e-08;0.0014953379999496975;0.0021584900000016206
1.552848499995889e-08;6.15979599999264e-08;0.0015312519999861251;0.0021433930000057445
1.5437825000844895e-08;6.453320000437089e-08;0.001530186999880243;0.002169142000202555
1.5451890000258573e-08;6.112235999898985e-08;0.0015075380000052973;0.0021339560000342315
1.5113574999850243e-08;6.32352799992077e-08;0.0015195529999618884;0.002110679000033997
1.4797320000070613e-08;6.13945999997668e-08;0.001481756499997573;0.002103810999833513
1.4706494999700227e-08;5.7970159995602443e-08;0.0014946824999060482;0.002154228999861516
1.489667499990901e-08;5.995035999803803e-08;0.001483079499885207;0.0022126330001628956
1.4930170000297947e-08;6.064913999871351e-08;0.00148805849996279;0.0021868330001598222
1.519601999898441e-08;6.293528000242076e-08;0.0014914315000351052;0.002169839999987744
1.5669299999717623e-08;5.9108939999714494e-08;0.001531552000087686;0.002208991999796126
1.4689730000100098e-08;5.779878000030294e-08;0.0014901654999994207;0.0022037120000459255
1.5143380001245533e-08;6.048616000334732e-08;0.0015463309999904596;0.002190405000001192
1.604282000043895e-08;6.718941999715752e-08;0.0014850699999078643;0.002221074999833945
1.535864999896148e-08;6.669915999518707e-08;0.0014721219999773894;0.0022050239998498
1.5817715000594036e-08;6.313604000024498e-08;0.001466169499908574;0.0021498700001393446
1.4809214998967946e-08;5.747371999896131e-08;0.0015349595001316629;0.002154623999958858
1.500380499928724e-08;6.202729999786243e-08;0.0014851210000051652;0.002133976999903098
1.5223050001077353e-08;6.215289999963716e-08;0.0014985484999488108;0.002145410999946762
1.545365500060143e-08;6.08940200007055e-08;0.0015442529998836107;0.0021502450000843963
1.4799605000007431e-08;6.188074000529014e-08;0.0014915990000008606;0.0021717719998559913
1.5198909999162424e-08;6.137658000225202e-08;0.0015195064998988527;0.002205772000015713
1.490248499903828e-08;6.291412000427954e-08;0.0014913469999737572;0.0021467079999274575
1.5986200000043026e-08;6.666650000261143e-08;0.001490215999947395;0.002115154000057373
1.5411754998785908e-08;5.989513999666088e-08;0.0014868035000108648;0.002145932000130415
1.49120000001858e-08;6.521721999743022e-08;0.001504772500047693;0.002130539000208955
1.4843804998963605e-08;6.24855000001844e-08;0.0014622889999009203;0.00210623500024667
1.5845060000719968e-08;6.294902000227011e-08;0.0014464144999510608;0.002163396000105422
1.4899410000361968e-08;6.293364000157453e-08;0.001466231499944115;0.0021661910001421346
1.4942879999580327e-08;5.947780000278726e-08;0.001546161000005668;0.0021310880000237377
1.571756499906769e-08;5.734079999965616e-08;0.0015579819999402388;0.002180471000028774
1.5051315000164322e-08;6.004264000221156e-08;0.001535499500023434;0.002188999000063632
1.5177500000572764e-08;6.457468000007794e-08;0.0015026120000402442;0.002196427000162657
1.5159809999749997e-08;6.549364000093192e-08;0.001550862500007497;0.002219059999915771
1.583150500082411e-08;6.575042000040412e-08;0.001502560499939136;0.002138771999743767
1.5091695000592155e-08;6.500234000268392e-08;0.0015280984999844803;0.0021536200001719408
1.539474000019254e-08;6.371975999791175e-08;0.0015278494999802206;0.002201004999806173
1.5928464999888094e-08;6.409014000091701e-08;0.0015378385000803974;0.002180686999927275
1.4825220000057015e-08;5.8274440001696346e-08;0.0015328164999664296;0.0021790150000015273
1.5437610000662972e-08;6.072218000190332e-08;0.0014916159999847879;0.0021485319998464547
1.5219675000116694e-08;6.27699600008782e-08;0.0014651854999829083;0.0021232469999813474
1.5726370000629686e-08;5.979889999725856e-08;0.0014580719999503344;0.002152042999805417
1.5231274999678135e-08;5.799773999606259e-08;0.001477530999982264;0.0021236370000406166
1.5218595000624193e-08;6.658090000273659e-08;0.0014619285000662785;0.0021696600000723266
1.5350699999544303e-08;6.676771999918855e-08;0.0015406324999639764;0.002135512999957427
1.603917500033276e-08;6.092548000160605e-08;0.0014714440000534524;0.0021172450002632103
1.4896560000488534e-08;6.155431999941357e-08;0.0015325420000590383;0.002154681000101846
1.507549499947345e-08;6.290564000373707e-08;0.0014601875000516884;0.0021098170001641846
1.500192999956198e-08;6.161432000226341e-08;0.0015323710000666325;0.002180404999817256
1.596860999998171e-08;6.084342000540346e-08;0.0014685915000154637;0.002203127999964636
1.501231500005815e-08;6.627424000180327e-08;0.0014799100000527686;0.002206705000135116
1.5575034999346825e-08;6.67038000014145e-08;0.0014598169999953826;0.0021176439998089338
1.4695899999060203e-08;5.8807460003299636e-08;0.0014823854999849572;0.0021435049999854526
1.5789430000586436e-08;6.252047999878414e-08;0.0015245064999908208;0.0021695779997389763
1.5473379999457394e-08;5.845160000026226e-08;0.001496121999953175;0.002160775999946054
1.5259045000129846e-08;5.8274440001696346e-08;0.0015079330001026392;0.0022080260000075214
1.5625484999327454e-08;6.040646000183187e-08;0.0015152804998797365;0.0021461650001583623
1.4923470000212547e-08;5.963578000082635e-08;0.0015456255000026431;0.0021487640001578256
1.561301000037929e-08;5.869454000494443e-08;0.0015276884999184403;0.002159484000003431
1.5570114999718497e-08;6.17800600011833e-08;0.0014750710000225808;0.002092735000187531
1.5199070000380743e-08;6.366690000286325e-08;0.0014746565000677947;0.002118227999890223
1.5092869999352843e-08;5.861055999994278e-08;0.0014881799998693167;0.0022201090000453405
1.5307495000888592e-08;6.494137999834493e-08;0.001520588499988662;0.0021629899999243206
1.450273499940522e-08;5.855689999880269e-08;0.0014574500000162516;0.002183258000004571
1.5342709999822547e-08;6.598626000341028e-08;0.001509541999985231;0.002140781999914907
1.520794499956537e-08;6.272899999748915e-08;0.0015241889999015256;0.0021631319998414254
1.5069404999667312e-08;6.315555999753997e-08;0.0015032154999789782;0.002125446000136435
1.599232500011567e-08;6.280274000018835e-08;0.0014765800000168382;0.002179801999882329
1.499531500012381e-08;6.39718999969773e-08;0.0014721695000480394;0.002148326999740675
1.5657740000460763e-08;6.506567999604158e-08;0.0015030360000673681;0.0021607789999688975
1.548037500033388e-08;6.406169999972917e-08;0.001494546000030823;0.002134795000019949
1.5482954999606592e-08;5.987530000275001e-08;0.0014739149999513756;0.0022345299998414703
1.4866004999203141e-08;6.22270199994091e-08;0.0015488200000254436;0.0022050600001239217
1.534972000081325e-08;6.714529999881051e-08;0.001546261500043329;0.0021359769999980925
1.586723000073107e-08;5.8109480002894995e-08;0.0014824189999490046;0.002141995999845676
1.5683895000256598e-08;4.551302000181749e-08;0.0015233989999978803;0.0009821080000256188
1.5268435000325553e-08;4.383400000515394e-08;0.0014977139999973587;0.0009567868000012823
1.5401490000658668e-08;4.760202000034042e-08;0.0015039505000459031;0.001008099000027869
1.4864539999689442e-08;4.450963999843225e-08;0.0015049225000257139;0.0010062499999185092
1.514211999892723e-08;4.5157040003687146e-08;0.0014839639999263453;0.0009541973999585025
1.5232385000854266e-08;4.488725999835879e-08;0.0015283310000086202;0.0009589536000275985
1.4898369999718852e-08;4.725728000048548e-08;0.00151972299994668;0.0009531608000397683
1.4675104999332688e-08;4.483623999985866e-08;0.0014618250000057742;0.0010049357999814673
1.459582999959821e-08;4.5693059999030085e-08;0.0015234444999077824;0.0010081025000545196
1.4803035001386889e-08;4.3799940001918e-08;0.0014750010000716429;0.0009673101999796927
1.485866500006523e-08;4.521455999929458e-08;0.001444148500013398;0.0009697900000028312
1.4474449999397621e-08;4.685537999612279e-08;0.0014490620000287891;0.0009873052000184544
1.592615000117803e-08;4.588711999822408e-08;0.0014249915000982582;0.0009936112000141293
1.4889869999024085e-08;4.321438000188209e-08;0.0014801594999153166;0.0009917046000482515
1.5656755000236445e-08;4.410605999873951e-08;0.0014753830000699963;0.0009700093999854289
1.4940879998903257e-08;4.434087999979965e-08;0.0014633165000122973;0.000966508999990765
1.512976499943761e-08;4.617502000182867e-08;0.0014539494999917225;0.0009834481999860146
1.5625824999005998e-08;4.576840000227094e-08;0.0014687864998995791;0.0010074940000777133
1.5617679999559187e-08;4.766654000268318e-08;0.001490283500024816;0.0009979343999875709
1.5936024999246e-08;4.612387999659404e-08;0.0015174474999366794;0.0009806771999574266
1.5217664999363478e-08;4.4584240001859146e-08;0.0014793269999790937;0.0009452386000193655
1.5449894999619572e-08;4.47118399955798e-08;0.0014691970001149456;0.0009490497999940999
1.5226880001137032e-08;4.710337999858893e-08;0.0015178144999663345;0.0009939968000398948
1.5648449999571312e-08;4.344473999808543e-08;0.001489403999876231;0.0009347247999976389
1.508934000012232e-08;4.425145999994129e-08;0.0015218435000861064;0.0009797828000155278
1.5864690000307745e-08;4.3845240003429355e-08;0.001444751999952132;0.0009365180000313558
1.5329615000518972e-08;4.4355460000224414e-08;0.0014529729999776463;0.0009548825999954715
1.4568950000102632e-08;4.728268000180833e-08;0.0014361690000805538;0.000980455599958077
1.557219499954954e-08;4.4716700003482404e-08;0.0014816034999967087;0.0009560576000367291
1.4966295000340323e-08;4.5945660001598296e-08;0.0014953570000943728;0.00097747199999867
1.6133499999705236e-08;4.568038000143133e-08;0.001509465499984799;0.0009778210000367835
1.506615999969654e-08;4.5976060000248254e-08;0.0015168054999958258;0.0009672029999783263
1.553433999943081e-08;4.455009999801405e-08;0.001467661000060616;0.0010054040000250098
1.5478935001010542e-08;4.739374000346288e-08;0.001449484500044491;0.001006096999917645
1.5317530000174883e-08;4.552306000259705e-08;0.0014416685000469443;0.0009552955999970436
1.5440404998662417e-08;4.431132000172511e-08;0.0015153149999969173;0.0010091564999311232
1.5956280000682454e-08;4.540532000246458e-08;0.0014701015000173356;0.000980717199970968
1.528089000057662e-08;4.408564000041224e-08;0.001484535500057973;0.0009640773999853991
1.6092495000339113e-08;4.712945999926888e-08;0.0014987330000440125;0.0010045369999716058
1.5698455000529067e-08;4.929091999656521e-08;0.0014481985000020358;0.0009724576000007801
1.5697445000114384e-08;4.6472160000121224e-08;0.0014827365000382997;0.0009708291999995708
1.495157999888761e-08;4.854449999984354e-08;0.0014923325000563636;0.0010089880001032726
1.4986550000321587e-08;4.5665359997656195e-08;0.0014884485000220592;0.0009598454000079073
1.5140339999925346e-08;4.601022000424564e-08;0.001502180999959819;0.0010023866000119597
1.4805849999538622e-08;4.728232000488788e-08;0.0014746209999429993;0.0009721343999844976
1.4564555000106338e-08;4.46195800032001e-08;0.001497014000051422;0.000978865799959749
1.5911644999869166e-08;4.51331999967806e-08;0.0014709740001126192;0.000983912000025157
1.601770499983104e-08;4.538569999858737e-08;0.0014929790000314824;0.000964687000028789
1.5028590000292753e-08;4.634550000191666e-08;0.0014775424999243115;0.000987143800011836
1.6063240000221413e-08;4.431835999712348e-08;0.0015028344999882392;0.0009412141999928281
1.566614000039408e-08;4.551742000039667e-08;0.0014470494999841322;0.0009597435999894514
1.5151994999905583e-08;4.54500799998641e-08;0.0014583459999994374;0.0009639471999835223
1.46328300004825e-08;4.7392279998166486e-08;0.0014753400000336115;0.0010035560000687838
1.5933060001407283e-08;4.6990980004193264e-08;0.0014386845000262838;0.000953310800017789
1.4656079999986105e-08;4.9488640000345184e-08;0.0014546304999385029;0.0009668935999507085
1.594325000041863e-08;4.641625999938697e-08;0.0014896130000124686;0.0009620172000140883
1.491235499997856e-08;4.6169019996887076e-08;0.0014629215000604744;0.0010022800000151618
1.5774405001138802e-08;5.0091419997625055e-08;0.0015047219999541994;0.0009884761999710463
1.5669804999197368e-08;4.456882000085898e-08;0.0014605705000576563;0.0009573890000465326
1.55538200007868e-08;4.713559999945573e-08;0.0014752495000720956;0.0009577766000293196
1.5472765000595246e-08;4.3461680004838854e-08;0.0014336695001111366;0.0009634300000034273
1.461505000042962e-08;4.5962959999451414e-08;0.0014782924999599345;0.001001071999926353
1.5941139998903964e-08;4.720832000020892e-08;0.0014291055001376663;0.0009743737999815494
1.4540199999464676e-08;4.4474279996939e-08;0.0014397555000323337;0.0009594655999680982
1.4356065000174567e-08;4.756378000020049e-08;0.0014497629999823403;0.0009516998000326566
1.546144500025548e-08;4.6310120000271124e-08;0.0014540070001385175;0.0009605914000421763
1.531085000024177e-08;4.475275999866426e-08;0.0015119804999267218;0.0009626040000002831
1.5237974999763538e-08;4.5758559997193514e-08;0.0014697084999352227;0.0009483301999862305
1.5105420000327286e-08;4.581755999824963e-08;0.0015028109999548178;0.000972944799985271
1.4949630000046454e-08;4.5021659997291865e-08;0.0014503540001169313;0.0009827067999867722
1.5952945000026373e-08;4.49235400010366e-08;0.0014852770000288729;0.0009714514000224881
1.4937354999710805e-08;4.451068000053056e-08;0.001473833499912871;0.000961868799990043
1.6207735000352842e-08;4.6076499996706844e-08;0.0015372825000667945;0.0009601115999976173
1.544653000019025e-08;4.5366940001258624e-08;0.001443602999934228;0.0010113329999148846
1.4468389999819919e-08;4.532615999924019e-08;0.0015055064999614843;0.000990605200000573
1.459144499967806e-08;4.3967019999399784e-08;0.0014641765000123997;0.0009728092000004836
1.549185999901965e-08;4.374301999923773e-08;0.0014311330000055023;0.0009475289999973028
1.4776395000808407e-08;4.360634000040591e-08;0.0014645785000175237;0.0009671939999680035
1.6035194999130908e-08;4.769300000043586e-08;0.0015062005000072531;0.0009715943999472074
1.4549080000142567e-08;4.75512599979993e-08;0.0015210190000652802;0.0009596486000227742
1.5993734999210574e-08;4.385340000153519e-08;0.0015165914999670349;0.0009439501999877393
1.5843635000055655e-08;4.350750000448898e-08;0.0014878740000131075;0.0009578508000122383
1.504286499985028e-08;4.536770000122487e-08;0.0014770255000621545;0.0009631159999989905
1.436968999914825e-08;4.515872000483796e-08;0.001484416000021156;0.0009986948000150733
1.5597254999738653e-08;4.380004000267945e-08;0.0014702385000418873;0.0009649159999680706
1.6027319998829627e-08;4.500699999625795e-08;0.001465196999924956;0.0010008464999555144
1.506227499921806e-08;4.441603999584913e-08;0.001436884499998996;0.0009583104000193999
1.535769500042079e-08;4.5149659999879074e-08;0.0014486935001332313;0.0009624883999931626
1.5050144999986516e-08;4.344466000329703e-08;0.0014776500000152736;0.0010048159999132623
1.4940194999508095e-08;4.579397999914363e-08;0.0015209039999172092;0.0009608468000078574
1.5546845000062605e-08;4.492259999969974e-08;0.0015162775000499096;0.0010062754999671597
1.584782500140136e-08;4.4808959995862093e-08;0.0014964279999549034;0.001023230999999214
1.50016150000738e-08;4.429115999955684e-08;0.0015202095000131522;0.0009636104000383057
1.4967270000488497e-08;4.53395799966529e-08;0.0014412134999292902;0.0009959215999697335
1.5424975000496486e-08;4.295377999660559e-08;0.001509273500123527;0.0009730465999455191
1.5839045000029727e-08;4.587739999988116e-08;0.0014973140000074637;0.0009672495999839157
1.5184510000108274e-08;4.3238499999279155e-08;0.0014534310001181438;0.0009678663999657147
1.5963490000285675e-08;4.6688939997693525e-08;0.001466132000059588;0.0010049504999187775
1.6015344999323134e-08;4.513737999950536e-08;0.001458503500034567;0.0009847140000201762
1.4998934998584446e-08;4.5231520000379534e-08;0.0015094540000427515;0.0009536191999795847
1.5487654999014923e-08;4.633561999653466e-08;0.0015152595000108703;0.003341018999926746
1.4996300000348128e-08;4.537498000427149e-08;0.001473600500030443;0.0032519699999829753
1.495873000094434e-08;4.681531999958679e-08;0.0015141620000940748;0.00324977400014177
1.4935214999422896e-08;4.470226000412367e-08;0.0015377915000135544;0.0033436760000768117
1.5059184998972343e-08;4.4428080000216144e-08;0.0015074420000019018;0.0033692750000045633
1.5397079999092968e-08;4.719059999915771e-08;0.0015239170000131707;0.0032819920001202264
1.587647999986075e-08;4.726194000104442e-08;0.0015358605000074022;0.003335108000028413
1.508524499949999e-08;4.6216880000429225e-08;0.0014806670001416933;0.0033000119999633173
1.5360010000586044e-08;4.521723999641836e-08;0.0014927244999853428;0.0033640200001536866
1.5646589999960268e-08;4.443629999877885e-08;0.0015311004999966826;0.0032803569998941383
1.4988670000457206e-08;4.7473119996720927e-08;0.0014637060000677593;0.003254212999891024
1.50954599987017e-08;4.464705999707803e-08;0.0015127015000325629;0.00331666399986716
1.48426150000887e-08;4.404664000030607e-08;0.001471460000029765;0.003356631000060588
1.4749775000382214e-08;4.43256999948062e-08;0.0015377094999712425;0.003413843000016641
1.5197530000295956e-08;4.773787999874912e-08;0.0014810094999847933;0.003375510000041686
1.5901195000333245e-08;4.7415660001570356e-08;0.0015425425001012627;0.003309887999785133
1.5284614999836778e-08;4.616708000539802e-08;0.0014724945000489243;0.003314325000101235
1.5837844999623483e-08;4.689159999834374e-08;0.001444140499952482;0.0033633749998989515
1.5831225000147242e-08;4.704155999934301e-08;0.001486045500059845;0.003285792999959085
1.4406179999059532e-08;4.5452260004822164e-08;0.0015166150000004563;0.003319914000167046
1.4787129999604075e-08;4.491561999893747e-08;0.0014879554999060929;0.003289509000023827
1.4546295000764076e-08;4.435442000394687e-08;0.0014913599999272263;0.0033146629997645506
1.6059965000022203e-08;4.3891339999390767e-08;0.0015312874999654014;0.003318631000001915
1.521849499986274e-08;4.740004000486806e-08;0.0015399339998839424;0.0032859109999844806
1.4759720000438392e-08;4.6289580001030116e-08;0.0015461850000428967;0.0033402020001085473
1.5129170000727754e-08;4.41975400026422e-08;0.001540536999964388;0.003342138000007253
1.50744049999048e-08;4.446893999702297e-08;0.0015111854999850039;0.003365553000185173
1.6083495000202674e-08;4.5288960001198575e-08;0.0015268865000689401;0.0032801119997748172
1.4847275000647642e-08;4.449652000330388e-08;0.001492619999917224;0.003250271000142675
1.492883999890182e-08;4.416197999962606e-08;0.00146921649997239;0.0033647879998898135
1.5090429999690968e-08;4.498564000241458e-08;0.0014791735001199414;0.0032777490001171827
1.611373000050662e-08;4.828948000213131e-08;0.0014512924999871757;0.0032608269999036565
1.6136834998906124e-08;4.760550000355579e-08;0.0015320605000306387;0.003375353000010364
1.5599590000056194e-08;4.78845999983605e-08;0.0014492730000347364;0.0032825680001406
1.4656305000244174e-08;4.5613359997514635e-08;0.0014939945000514855;0.003232684999820776
1.4976149999711198e-08;4.687255999888293e-08;0.0015259170001081658;0.003286276999861002
1.505079999915324e-08;4.4081359996926036e-08;0.0014705405000131578;0.003316235000093002
1.4986345000215805e-08;4.792264000279829e-08;0.001487716499977978;0.0035934650001581757
1.50018700005603e-08;4.495815999689512e-08;0.0015949155000271275;0.003913808000215795
1.914744499954395e-08;5.0649360002717005e-08;0.001682864000031259;0.0035477780000655913
1.817738499958068e-08;5.392924000043422e-08;0.0016487945000699257;0.003821368000062648
1.7948320000141394e-08;5.624220000463538e-08;0.0016451740000047721;0.003511415999964811
1.8691750000289175e-08;5.605440000072122e-08;0.0016999324999051168;0.003956162999966182
1.908104999893112e-08;5.681751999654807e-08;0.0018314495000231546;0.0037317519998759964
1.6901389999839013e-08;5.2740259998245164e-08;0.0017036659999575931;0.0034514099999796597
2.1106969998800196e-08;5.711166000110097e-08;0.001775571499892976;0.0034786899999016897
1.6317944999900646e-08;5.568323999759741e-08;0.001666224499931559;0.0037383259998750875
1.676850999938324e-08;5.271104000275955e-08;0.001806487499998184;0.003963259000156541
1.9012324999494013e-08;5.242456000414677e-08;0.001675534000096377;0.003584975000121631
1.818708500068169e-08;5.456756000057794e-08;0.0017288104999170174;0.0038001799999619833
1.683043500088388e-08;4.8244839999824765e-08;0.001721370500017656;0.003802902000024915
2.0257960000890307e-08;5.593091999762692e-08;0.0017737179998948704;0.0038472360000014307
1.768454999983078e-08;5.1310159999411556e-08;0.001644230000092648;0.0035746269999071957
1.7582134999975097e-08;4.876091999467462e-08;0.0018316704999597278;0.0036773749999701975
1.8910230000619776e-08;5.001330000231974e-08;0.0016050489999179262;0.0037202789998264053
1.7230785000720062e-08;6.309342000167817e-08;0.0016465135000180453;0.003627551000099629
1.787876500020502e-08;5.343379999976605e-08;0.0017026509999413975;0.003948537999822293
1.948654500010889e-08;4.987595999846235e-08;0.0016424924999591895;0.0036358480001217686
1.811949499970069e-08;5.010248000035063e-08;0.0017650390000198968;0.0036959489999571814
1.830861000053119e-08;4.9236379994545135e-08;0.0016554349999933038;0.0034995429997798054
1.707975000026636e-08;5.105551999877207e-08;0.0017228119999344927;0.003508467999927234
1.6845014999853448e-08;5.09894999966491e-08;0.0017819984999368898;0.0035311550000915303
1.773027000017464e-08;5.784928000066429e-08;0.0018050074999337085;0.003719873999943957
1.748160999995889e-08;4.7469820000696926e-08;0.0017725639999844134;0.0037654460000339897
1.7279599999892524e-08;5.513385999947786e-08;0.0016771419999713545;0.0035786300001200287
1.77244550010073e-08;5.082764000399038e-08;0.0017770179999934044;0.0035815049998927863
1.6708564999862573e-08;4.7870779997901994e-08;0.0016859194998687598;0.003797484999813605
2.055724000092596e-08;5.587309999973513e-08;0.0017474759998731314;0.004153659999719821
1.8984545000421347e-08;5.086462000035681e-08;0.0016480639998917468;0.0037975019999430515
1.7071934998966754e-08;5.088975999969989e-08;0.001720533999905456;0.003768382999987807
1.7715735000092535e-08;5.2897360001225024e-08;0.0017297330001019872;0.003658428000053391
1.714747499936493e-08;5.291547999950126e-08;0.001680696999974316;0.0038059639997663906
2.0071949998964555e-08;5.604558000341058e-08;0.0017376669999794104;0.003790848000207916
1.7432969999208582e-08;5.338142000255175e-08;0.0016495564999058842;0.0038463559999945573
2.0294789999024943e-08;5.0973420002264904e-08;0.0016563304999726825;0.0038810209999792277
1.7689034999057185e-08;5.012207999825478e-08;0.00162814850002178;0.0037837869999930262
1.868144000036409e-08;5.3358799999114127e-08;0.0018661650001013186;0.0037080509998486375
1.775461999932304e-08;5.231494000181556e-08;0.0017614500000490807;0.003715311999840196
1.74365900005796e-08;5.428843999980018e-08;0.001841621500061592;0.0037680669999099335
1.9025805000273977e-08;5.2744199999142435e-08;0.0018177185000968167;0.004002796999993734
1.9709565000084696e-08;5.3611379995709287e-08;0.0017642244999296964;0.0035033069999190047
1.937478000036208e-08;6.397364000440575e-08;0.001645781499973964;0.0039386039998498745
1.835467999917455e-08;5.039830000023358e-08;0.0017712999999639578;0.0035758159999386406
1.7876154999248682e-08;5.798258000286296e-08;0.0018545805000758264;0.003640739000111353
1.8411654999363235e-08;5.138290000031702e-08;0.0019069640000816434;0.003725802999979351
1.950185000023339e-08;5.0495460000820455e-08;0.0018298695000703448;0.003702023999940138
2.000908000045456e-08;5.0300739996600895e-08;0.0016954714999883435;0.0035373170001548717
1.8221615000220482e-08;5.3096919995732605e-08;0.001565608999953838;0.003501543999882415
1.837612999952398e-08;5.466620000079274e-08;0.0018707749999884982;0.0036217150001903063
1.924384000012651e-08;5.099821999901906e-08;0.0015540689999761525;0.003946326999866869
1.8314349999127444e-08;4.8004779999610035e-08;0.0017388304999622051;0.003558263999875635
1.9092325000383426e-08;5.194532000459731e-08;0.001778459499910241;0.0033413780000410044
1.7219974999898114e-08;5.2083300001686436e-08;0.0016297210000630002;0.003722861999995075
1.7186195000249427e-08;5.727569999871776e-08;0.0017025864998868202;0.003699093000032008
1.7465590000210796e-08;5.58000200020615e-08;0.0017523949999304024;0.003745391999837011
1.8762465000327212e-08;5.186472000204958e-08;0.0017578304999915418;0.003937979000038467
2.053822999878321e-08;5.113840000121854e-08;0.0017117529999813995;0.003640146000252571
1.796360000007553e-08;5.5376559996511785e-08;0.001873199499968905;0.003762259999930393
1.8538505000469742e-08;5.0273700000252576e-08;0.0018896649999078363;0.004059756000060588
1.8144114999449813e-08;6.10424200014677e-08;0.0017053370000212453;0.003920629000058398
1.8295274999400136e-08;6.031485999701544e-08;0.00396305600006599;0.006173647999530658
1.90559349997784e-08;5.7757839997066184e-08;0.003759829000046011;0.006008419999852776
1.8356029999267775e-08;5.033311999868602e-08;0.0037050519997137597;0.006300378000014461
1.8845420000434388e-08;5.5848099995637314e-08;0.0037853409998933785;0.0058376219996716825
1.9192204999853857e-08;5.68587799964007e-08;0.0036817440000595524;0.005832841999945231
1.8343029999232387e-08;5.5025999998906625e-08;0.0035611860000062732;0.006134783999877982
1.784184499992989e-08;5.352642000070773e-08;0.0034300249998341316;0.005945921999518759
1.9242624999606052e-08;5.299090000335127e-08;0.0036616889998549594;0.005977213999722153
1.9691929999680724e-08;5.4507019999437034e-08;0.003473962000280153;0.006229524000082165
1.6541285000857896e-08;5.497212000191212e-08;0.0036982950000674464;0.006489850000361912
1.7632645000412594e-08;5.413889999617823e-08;0.0036776940000709146;0.006085142000229098
1.8224695000390057e-08;5.071584000252187e-08;0.003777068000053987;0.005565462000085972
1.9632580000325105e-08;5.10195399983786e-08;0.003906929999939166;0.00609517999982927
2.1376210000016725e-08;4.986962000257335e-08;0.004027955000055954;0.006413277999963611
1.6838155000004918e-08;5.69978799961973e-08;0.0036637070000870155;0.006005021999590099
1.9165010000870098e-08;5.1220779999857767e-08;0.0037424019997706636;0.006019994000089355
1.7603660000895616e-08;5.4030599998077375e-08;0.003591201000090223;0.005410530000226572
1.8119664999539964e-08;5.3134580003097657e-08;0.003537253999966197;0.005844391999999061
2.0400364999659358e-08;4.743453999981284e-08;0.003986174000019673;0.005512802000157535
1.7146820000198203e-08;5.8082840003771705e-08;0.00369002499995986;0.005608163999859243
1.7805304999637884e-08;5.385736000025645e-08;0.0035967789997812362;0.00605323399999179
1.7904420000559185e-08;5.2079839998623356e-08;0.0035047219999250956;0.005754741999553516
1.800714999990305e-08;5.592017999733798e-08;0.0038861390002421104;0.006256270000012592
1.7322019999846817e-08;4.6128099999623375e-08;0.004004955999844242;0.00561450400040485
1.799528499977896e-08;5.5019139999058096e-08;0.0035503400000743567;0.0055098979995818805
1.889641500019934e-08;5.182617999962531e-08;0.004269450000138022;0.005855864000041038
1.8403674999717623e-08;4.8546379996696484e-08;0.0035487879998981954;0.005998301999643445
2.0163080000202172e-08;5.449543999857269e-08;0.0036295629999949595;0.005668352000066079
2.080951499956427e-08;5.4070960002718495e-08;0.003429912000137847;0.006197116000112146
1.769596499943873e-08;4.981951999943703e-08;0.003576574999897275;0.0062276180001208555
1.7382175000966527e-08;5.229974000249058e-08;0.0037045889999717473;0.00579295200004708
1.9143455001176334e-08;5.358033999800682e-08;0.003514063999755308;0.006103187999688089
1.800354500010144e-08;5.661158000002615e-08;0.004040720000048168;0.006363692000159063
1.734149499970954e-08;5.1771320000989365e-08;0.003925481000042055;0.006131612000172026
1.7716430001019033e-08;4.938187999650836e-08;0.0036267770000267775;0.00568414599983953
1.9361275000846946e-08;5.2552100003231317e-08;0.003657963000005111;0.0059644419996766375
1.906279000104405e-08;5.7035580003866924e-08;0.003336655000166502;0.00574522800045088
2.018343000090681e-08;5.245609999983572e-08;0.003396523999981582;0.00520310599997174
1.5616094999131748e-08;5.7443660002900286e-08;0.0037242100000730717;0.005880312000517734
1.9526685000164436e-08;5.594748000148684e-08;0.003663362999795936;0.00610592800017912
1.9188600000052247e-08;5.1167640002677216e-08;0.0037614539999049155;0.006395741999731399
2.0026169999619015e-08;5.293412000173703e-08;0.003368356999999378;0.005939553999924101
1.9419234999804758e-08;5.38069199945312e-08;0.0038590929997735657;0.005558683999697678
1.6468739999982063e-08;5.791162000386976e-08;0.003678776000160724;0.005671907999785617
1.738700499990955e-08;5.210018000216223e-08;0.003605122000153642;0.005885403999709524
2.1476060000713916e-08;5.279510000254959e-08;0.003645422999979928;0.005702522000065074
2.0325385000614915e-08;5.7849039998836816e-08;0.0033294979998026975;0.005823270000400953
1.9521414999326225e-08;5.551657999749295e-08;0.00391766299988376;0.006003691999940202
1.914593999972567e-08;5.313958000042476e-08;0.0038823320000665263;0.006236408000113443
1.7401785000402013e-08;5.198795999749564e-08;0.0036029559999587947;0.00577586000028532
1.623243499925593e-08;5.405185999698006e-08;0.0034486009998363444;0.0059192239999538284
1.7208335000032093e-08;5.406741999904625e-08;0.003553031000192277;0.00540318799961824
1.6791920000105164e-08;5.570849999785423e-08;0.0034502760000759735;0.0055524479999439795
1.7788209998980163e-08;5.1862119999714196e-08;0.0035122700000647456;0.005762464000144974
1.8621295000775717e-08;5.364426000160165e-08;0.0035004420002223923;0.005582551999832503
1.658257999952184e-08;5.127718000439927e-08;0.003651643999910448;0.005923497999901883
1.7793254999560305e-08;5.448978000204079e-08;0.0035375520001980475;0.00584032200044021
1.780946000071708e-08;5.2352620003512126e-08;0.003260311000049114;0.006054983999929391
1.6429629999038297e-08;5.0452079996466635e-08;0.003587617000157479;0.005362122000078671
1.8215719998988787e-08;5.2626040001632646e-08;0.0035511750000296162;0.006000954000046477
1.6925664999871514e-08;5.4248679999727754e-08;0.0034731359998113475;0.005830457999836653
1.7493280000053346e-08;4.8563900002045557e-08;0.003699561000103131;0.006199900000356137
1.8161544999748002e-08;5.477178000146523e-08;0.003662561000091955;0.005822191999759525
1.64509750000434e-08;5.368049999815412e-08;0.003576634000055492;0.005906685999943875
1.706162499904167e-08;5.707603999762796e-08;0.0036683329998049886;0.006291675999527797
1.7885589999787044e-08;5.383817999972962e-08;0.003530795999977272;0.005812887999927625
1.7443735001143066e-08;4.845535999629646e-08;0.0037032809999072926;0.00592882200027816
1.604201500013005e-08;5.514889999758452e-08;0.0036935650001396424;0.005736552000162192
1.7097395000746475e-08;5.2007619995856655e-08;0.003558566000137944;0.005893903999822214
2.2106759998132475e-08;6.041433999780566e-08;0.0038412719999905676;0.006186596000334248
1.6577864999999293e-08;5.590654000407085e-08;0.003891543000063393;0.00581105999997817
2.0538729999680072e-08;5.213532000198029e-08;0.0039515709999250245;0.005921283999923616
2.0858559999032877e-08;5.514105999609455e-08;0.003709165999898687;0.005846787999616936
2.192689999938011e-08;6.302945999777876e-08;0.004094541999511421;0.0058821159997023646
2.0361560001038015e-08;6.38600200007204e-08;0.0044021480000810695;0.005728779999772087
1.885807000071509e-08;5.6755919998977337e-08;0.0038542660002713093;0.006288135999930091
2.194881000032183e-08;5.815672000171617e-08;0.003926498999935575;0.006992206000140868
1.9289040000876412e-08;6.378136000130326e-08;0.004317408000351861;0.006427924000308849
2.1325840000645258e-08;6.510020000278018e-08;0.003963141000131145;0.006302967999945394
1.6919995000353084e-08;5.4803100001299755e-08;0.004344398999819532;0.007040228000259958
2.0818639997742138e-08;5.4479399998672305e-08;0.004019175000139512;0.006100196000188589
2.080920000007609e-08;6.039342000149191e-08;0.0038082890000077896;0.006673639999935404
2.0445509999990463e-08;5.236803999869153e-08;0.003860012000077404;0.0062313879997236655
2.2200280000106432e-08;6.745321999769658e-08;0.004022446000017226;0.006144134000060149
2.1112500000162982e-08;6.295358000206761e-08;0.004114949999493547;0.006871095999958925
2.2656110000389162e-08;6.351957999868318e-08;0.004405090000363998;0.007003339999937452
2.2144339999067598e-08;5.502860000124201e-08;0.0040958899998804555;0.006657441999996081
2.0123145000252407e-08;6.229626000276766e-08;0.004387909999932163;0.006036970000131987
2.050316500099143e-08;5.88391600002069e-08;0.003939717000175733;0.006859486000030302
1.830127499997616e-08;5.988255999982357e-08;0.0037375950001296587;0.006520854000118561
2.5843580000218936e-08;6.39564800017979e-08;0.004072353999945335;0.006727296000462957
2.0864840000285768e-08;6.26864799996838e-08;0.0041348559997277335;0.0058075379999354484
1.8972460000077262e-08;5.193133999709971e-08;0.004344909999636002;0.005817502000136301
2.1077895000053103e-08;6.126101999543607e-08;0.0038568529998883605;0.006467349999584257
2.1080169998458587e-08;4.556128000258468e-08;0.004285847999854014;0.006383512000320479
2.1631859999615698e-08;5.697985999868251e-08;0.0038087110000196846;0.007149900000076741
2.0373409999592694e-08;5.286142000113614e-08;0.003745328999939375;0.005706328000524081
1.6642145000514573e-08;5.7182360003935174e-08;0.003936733999871649;0.005931051999796182
2.009721000067657e-08;5.4052939999382945e-08;0.0034634879999794065;0.0059598680003546175
1.6781020000053105e-08;5.043253999901935e-08;0.0036265540000749753;0.005628809999907389
1.6775604999565986e-08;4.88796999969054e-08;0.0037353550002444534;0.00705970199953299
1.8100589999812656e-08;5.0471160002052785e-08;0.0036818180000409485;0.007657550000003539
1.602257000049576e-08;4.500320000224747e-08;0.0035707759999786502;0.007987051999662072
1.79577299990342e-08;5.199996000155807e-08;0.003721928000159096;0.007333791999844835
1.9703635000041685e-08;5.45034000009764e-08;0.003938385999936145;0.007635322000132874
1.8033130001276732e-08;5.073259999626316e-08;0.003388462000002619;0.007844212000491098
1.707046499941498e-08;5.135106000234373e-08;0.004066659999662079;0.007180451999884099
1.7714225000236184e-08;5.2778980002040045e-08;0.003688006000011228;0.007505543999723158
1.754087500012247e-08;5.500406000064686e-08;0.0037591850000899285;0.008144528000266292
1.8423945001268295e-08;5.339887999580242e-08;0.003818790999939665;0.007909140000119805
1.7686749999120367e-08;5.304037999594584e-08;0.003752829000004567;0.007464083999511786
1.7396085000655147e-08;5.6434519996400925e-08;0.003924938999989536;0.00743278999987524
1.780074499984039e-08;5.9135840000817555e-08;0.004021669999929145;0.00850148600002285
1.8675989999610465e-08;5.467696000123396e-08;0.0040404490000219085;0.00797227600007318
1.9387250000727364e-08;5.7460739999078214e-08;0.004018916000495665;0.008822979999822565
1.858533000049647e-08;5.575238000019454e-08;0.0038544059998821467;0.008402841999777593
1.783183000079589e-08;5.967365999822505e-08;0.004073031999869272;0.00809527800010983
2.135017999971751e-08;6.112393999937922e-08;0.004305248000309803;0.009370945999980904
2.2131680001621135e-08;5.660129999741912e-08;0.004190199999720789;0.00846551000024192
2.064527500042459e-08;6.73348199983593e-08;0.0047816160001093524;0.007331275999895297
1.9490699999732896e-08;5.979695999994874e-08;0.004308056000154465;0.008961092000245117
2.218332000193186e-08;5.2734679996501654e-08;0.004105518000433222;0.009465486000408418
2.0559560001129286e-08;5.553254000260495e-08;0.0040390400000615044;0.00824959200050216
2.0378614999935963e-08;5.398826000164263e-08;0.004656989999930374;0.009060376000124961
2.2229519998654723e-08;5.080733999493532e-08;0.004320734000066296;0.010150574998988304
2.1289799999794922e-08;6.169992000213825e-08;0.004239938000100665;0.008689891999820247
2.146239000139758e-08;5.95482999982778e-08;0.004555229999823496;0.008512455999734811
2.5090189999900758e-08;6.350747999968007e-08;0.004076900000218302;0.00804571799992118
1.7308690000209025e-08;6.09212200040929e-08;0.0038818690000334754;0.00836176999961026
2.10212700010743e-08;6.891425999929197e-08;0.00419508799968753;0.007773458000156097
2.468057000078261e-08;5.377027999493294e-08;0.004188917000137735;0.01015186000004178
1.945854500081623e-08;5.966648000176064e-08;0.00450481400010176;0.007612888000439852
2.0279860001755878e-08;6.538098000455648e-08;0.00441863399988506;0.008316494000027888
1.983172500040382e-08;5.537459999904968e-08;0.003878219000180252;0.009100212000194006
2.0866925000154878e-08;6.824093999457546e-08;0.004001660000067204;0.007957877999870107
2.165441999968607e-08;5.609003999852575e-08;0.0040069329997641035;0.009055525999865494
1.9924960000207647e-08;5.564906000508927e-08;0.00414993200043682;0.009649054000037722
2.0815220000804402e-08;5.6008879997534674e-08;0.003727534999779891;0.00866781999997329
1.6921955000725576e-08;5.690015999716706e-08;0.00419040299981134;0.007783710000221617
1.8420165000134147e-08;5.2646500000264494e-08;0.004152790000080131;0.00778524000023026
1.9762419999460688e-08;5.759476000093855e-08;0.004278928000130691;0.009242564000305719
2.042168499901891e-08;6.187280000303872e-08;0.00442503200029023;0.008434739999938757
2.230832999921404e-08;5.998271999997086e-08;0.004352417999762111;0.008571480000391603
2.1130450000055136e-08;5.876489999936894e-08;0.0040107069999794475;0.008639317999477498
1.8922235000354703e-08;5.864613999729045e-08;0.004034702999924775;0.008057499999995343
1.8577684999036138e-08;5.0423200003569945e-08;0.004412768000038341;0.008817436000099406
1.8234749999828635e-08;5.4723540000850335e-08;0.004022804000414908;0.008308829999878071
2.184880999993766e-08;5.8408339996822176e-08;0.004268047999939881;0.009114281999645755
1.779295500018634e-08;5.6776599999284374e-08;0.004143860000185668;0.00772090999991633
2.119624000042677e-08;5.531596000073478e-08;0.004335217999760062;0.0087823600001866
2.0564780000131577e-08;5.800342000438832e-08;0.0038638589999754913;0.00905598200042732
2.0291720000386704e-08;5.634231999865733e-08;0.0041242560002137905;0.009197903999593108
2.2616930000367573e-08;6.079012000118382e-08;0.004002295999671332;0.008015094000147655
2.0003639999777078e-08;5.454238000093028e-08;0.00397928199992748;0.009246664000093005
2.1521529997698964e-08;5.6406120001338425e-08;0.004205353999859654;0.00948151400021743
2.1036299999104812e-08;5.9199480002280326e-08;0.00412369999976363;0.00916488999966532
2.001133000012487e-08;5.597216000314802e-08;0.004185985999647528;0.00877982800011523
2.223738999746274e-08;5.9228899999288845e-08;0.004546420000260696;0.008871167999459431
2.044227000005776e-08;5.4057940002530816e-08;0.004041864000027999;0.00781677800056059
2.0881589999771678e-08;5.549923999933526e-08;0.003869964000186883;0.00841699399985373
1.9193390000145882e-08;5.311814000015147e-08;0.004234485999913887;0.007862606000271626
2.0875875001365785e-08;6.064104000106454e-08;0.0037820350000401957;0.009902643999666907
2.0327199998428114e-08;6.197857999941334e-08;0.004036036000470631;0.010492845000408124
1.9767249999858904e-08;5.4291300004115325e-08;0.00424782599991886;0.007861509999493137
1.762554500019178e-08;6.240049999905751e-08;0.004072578000486829;0.008768103999900632
2.2761559998616578e-08;5.919444000464864e-08;0.004114019999979064;0.008986193999880925
2.366586999851279e-08;5.981727999751456e-08;0.00424176600005012;0.008151038000360131
2.047135999891907e-08;5.917885999660939e-08;0.004501026000361889;0.008710551999974996
2.0936599999549798e-08;6.102330000139773e-08;0.004071300999785307;0.008435366000048817
1.8986969999969004e-08;5.161558000254445e-08;0.004033638000255451;0.008225159999565222
2.067107000038959e-08;5.615501999855042e-08;0.004342794000403955;0.008353835999732837
1.9084060000022873e-08;6.302507999935187e-08;0.00432781400042586;0.008450679999659769
2.1120950000477023e-08;5.898585999966599e-08;0.003852461000205949;0.007952710000099615
1.7253060000075493e-08;4.775401999941096e-08;0.0034831339999800547;0.007395945999887772
2.0214340000529774e-08;4.9364160001277924e-08;0.004214296000427566;0.008433981999987737
1.7970675000105983e-08;5.357910000020638e-08;0.0037964259998989293;0.007764146000263281
2.109936999913771e-08;5.5137300002388655e-08;0.004106622000108473;0.00821940399997402
1.8613244999141897e-08;6.703557999571786e-08;0.0044907620002049954;0.007043270000140183
1.7118084999674467e-08;5.594127999502234e-08;0.003833333000075072;0.009095943999709562
1.7369999999937137e-08;5.829110000049695e-08;0.0038339290002477357;0.007835553999757394
1.9363300000259188e-08;5.530019999714568e-08;0.004289265999686904;0.008763591999886557
2.0507340000767725e-08;5.8214379998389635e-08;0.004138262999767903;0.007804824000340886
1.588768500078004e-08;5.090031999861821e-08;0.004364385000080802;0.00732393599988427
2.1512850001454353e-08;5.090995999635197e-08;0.004079933000029996;0.007961557999951765
1.868421999970451e-08;5.233573999721557e-08;0.004028757999767549;0.00953994799987413
2.3490380001021547e-08;5.8639340003719556e-08;0.004195510999998078;0.007846778000239283
1.8517130000691395e-08;5.9528399998089296e-08;0.0044653309998102485;0.009100405999924987
1.9755550000991208e-08;5.648718000156805e-08;0.004012855000037234;0.008865444000111893
2.0491359999869018e-08;4.9258600000757727e-08;0.004233356000040658;0.009095837999484501
2.149444999813568e-08;5.0852299999678505e-08;0.0039962149999337275;0.008026882000267506
2.484730000142008e-08;5.214096000418067e-08;0.004018461999949068;0.008218162000412121
1.8269899999722837e-08;5.071759999846108e-08;0.004552041999995708;0.00796953399956692
2.114282499969704e-08;5.305504000280052e-08;0.003884350000007544;0.008516967999748886
2.0217499999853317e-08;5.784075999981724e-08;0.004078328000032343;0.008611544000450522
2.018699999898672e-08;4.913183999597095e-08;0.0037814409998827613;0.008517295999918134
1.6857160000654404e-08;4.863107999553904e-08;0.0041663160000462085;0.00827164000016637
2.0703900000080467e-08;6.401066000107675e-08;0.00414143999980297;0.007817662000306883
2.237377999990713e-08;6.333880000165664e-08;0.004350913000234868;0.008385739999939688
1.8984745000489055e-08;4.937797999591567e-08;0.0041185760003281755;0.008313452000147664
1.9885115000943187e-08;5.874754000105895e-08;0.004720365999964997;0.008231270000105723
2.095942500018282e-08;7.679500000085682e-08;0.004776140000321902;0.01055989999877056
2.390018500009319e-08;7.7007660001982e-08;0.0046821759999147615;0.010282856000121682
1.688447000051383e-08;8.71482799993828e-08;0.004212709999992512;0.009831021999707446
2.186343999928795e-08;7.219130000448786e-08;0.004737873999984004;0.010299094999209047
2.0813829998951405e-08;7.53528399975039e-08;0.004080196000286378;0.011016000001109204
1.9949595000070985e-08;7.566341999918222e-08;0.0047983950001071205;0.011109695000050124
2.226438999932725e-08;8.252060000086203e-08;0.004824153999798;0.009510601999936625
2.073824999970384e-08;6.724703999934718e-08;0.004557180000119843;0.011704634998750407
1.696310999977868e-08;6.681583999888971e-08;0.004321722000022419;0.01060695799998939
1.7578400000638794e-08;6.957593999686652e-08;0.004176098000025377;0.011624185000255239
1.700020999996923e-08;7.313110000104643e-08;0.004440233999630437;0.009722918000188657
1.7345570000179578e-08;7.715678000240587e-08;0.004316210000542924;0.00961892599996645
1.8745645000308287e-08;8.278827999602072e-08;0.004249609999824315;0.010503330000210554
1.775677999976324e-08;7.931144000031054e-08;0.0048684379999758675;0.010148850000405218
1.539452500001062e-08;7.671415999648162e-08;0.004475001999526285;0.009410795999574475
1.892251499957638e-08;7.000513999955728e-08;0.0044035240000812334;0.010433331999811344
1.5969349999795668e-08;6.710192000027746e-08;0.004211355000152252;0.009998619999969378
1.9192885000666137e-08;7.362987999804317e-08;0.004422250000061467;0.008333281999803148
1.8174294999334963e-08;7.717154000420123e-08;0.0043352299998514355;0.010064219999185298
1.7338474999996832e-08;7.596038000192494e-08;0.0044951080001192165;0.01082226400030777
2.011732000100892e-08;7.19377999950666e-08;0.0047033380001084875;0.01052025999961188
2.0848540001315997e-08;8.37130600004457e-08;0.004365786000271328;0.009841550000128336
2.0609899997361934e-08;8.130025999853388e-08;0.004808692000224255;0.01055056499899365
2.148297000094317e-08;7.808173999655992e-08;0.004382112000021152;0.010327479999978096
2.187143500050297e-08;7.387890000245534e-08;0.004806765999528579;0.01065167399996426
1.9388859999889973e-08;7.771608000039123e-08;0.004675483999890275;0.010619725000287872
1.940957500046352e-08;6.925370000535623e-08;0.004736130000092089;0.009644410000182688
1.9074054999509826e-08;6.53344200050924e-08;0.004287500000209547;0.009522482000174932
1.857074500003364e-08;8.317416000063531e-08;0.00422971400024835;0.008296987999929116
2.0228349999524652e-08;8.858669999754057e-08;0.004132540000136941;0.009289104000199586
2.006400000245776e-08;7.387418000143953e-08;0.004255427999887615;0.009021662000450306
1.7163984999933745e-08;7.131231999956071e-08;0.0044262439996236936;0.009143203999847173
1.754578499967465e-08;6.883291999693029e-08;0.004310781999956817;0.009384196000173688
1.6729269998904784e-08;6.995114000164903e-08;0.004335313999908976;0.008727476000203752
1.9194434999371878e-08;7.440410000272095e-08;0.004388971999869682;0.008538747999700717
1.9054825000057464e-08;7.56712400005199e-08;0.004410743999760598;0.009685623999685049
1.7368809999607037e-08;6.579638000112027e-08;0.0042524900002172215;0.008296119999722578
1.6235490000690332e-08;7.186386000248604e-08;0.004334799000062049;0.010160769999492914
1.763807499955874e-08;6.562567999935709e-08;0.0043867800000589345;0.008583464000257663
1.7043754999758677e-08;6.911293999874033e-08;0.004555724000092596;0.008400541999726556
1.7212724999990314e-08;7.657504000235349e-08;0.004246284000109881;0.0090122679999331
1.7861800000537188e-08;7.200260000536219e-08;0.004508959999657236;0.00959430799994152
1.758875999948941e-08;7.581993999774568e-08;0.004962432000320404;0.010265050000452903
2.0057755000016188e-08;8.218695999821649e-08;0.005074603999964893;0.010102630000619683
2.1219449999625794e-08;7.367304000072182e-08;0.004742702000075951;0.010076832000049763
1.665414500021143e-08;7.016424000030384e-08;0.004686479999800213;0.008831346000079066
1.8405410001287235e-08;7.083636000170372e-08;0.004586628999968525;0.010061047999770381
1.6629419999662786e-08;7.40858000004664e-08;0.004378017999697476;0.009973438000306487
2.1614340000087397e-08;6.684545999742113e-08;0.004704299999866634;0.01188327499985462
1.710948000109056e-08;7.536835999926552e-08;0.005161505999858491;0.008294568000128493
2.3569529998349025e-08;7.232451999443583e-08;0.0051250499999150635;0.009270251999842003
2.300981000007596e-08;8.21023799944669e-08;0.004179232000024058;0.00960595199954696
2.220340500061866e-08;8.424222000176087e-08;0.004735068000154569;0.009406867999932728
1.8240224999317433e-08;7.772688000113703e-08;0.004507486000075005;0.011834247999940999
2.2857929999008776e-08;7.737444000085816e-08;0.004456613999791443;0.011021645999862812
1.9342920000781306e-08;7.660728000337258e-08;0.004328080000123009;0.011493599999812431
2.2952700000314508e-08;6.979460000293329e-08;0.004585032000322826;0.01225642500066897
2.1333749999757855e-08;8.721904000267387e-08;0.005258279999834485;0.011061824999342208
2.0898279998800717e-08;8.340241999831051e-08;0.004070880000363104;0.011102070000197273
1.932401500089327e-08;8.237981999991462e-08;0.004215367999859154;0.010347144999832381
2.069162499974482e-08;8.396827999968081e-08;0.0048033839999698106;0.010653143999516033
2.0680470000661445e-08;8.320633999537676e-08;0.0049035939999157565;0.0111484199995175
2.2094850000576117e-08;7.302284000325016e-08;0.004593297999817878;0.010887444000109098
2.3541449999902396e-08;8.461547999759205e-08;0.005452484000124968;0.00990410200029146
1.9922419999784324e-08;8.523103999905289e-08;0.004358728000079281;0.011125469999969937
2.5937459999113342e-08;7.99460000009276e-08;0.004502151999622584;0.009988347999751568
2.376168499904452e-08;8.33104999968782e-08;0.004751925999880768;0.010365114999876824
2.0500909999827854e-08;8.1327440001769e-08;0.005232849999447353;0.010698435000085738
2.2646199999144302e-08;8.0979639996076e-08;0.005569475999800488;0.009306041999952868
2.1517350000794976e-08;8.58672000002116e-08;0.0046625739999581126;0.009653426000149921
2.0747890000347978e-08;8.40723400004208e-08;0.004212441999698058;0.010172938000177965
2.0738669999991545e-08;8.122213999740779e-08;0.004530838000355288;0.011807898000115528
2.021155499969609e-08;7.702784000430257e-08;0.004682622999825981;0.011386815000150818
2.1456079999916256e-08;7.531473999843002e-08;0.004688215999631211;0.010717910001403652
2.070936000091024e-08;7.235163999721408e-08;0.004932927999761887;0.01097581500071101
2.6121769999735987e-08;7.392816000501626e-08;0.004629690000438131;0.009814383999910206
1.6501870000502095e-08;7.502519999979995e-08;0.0041589160001603885;0.008503474000026472
1.8411349999951197e-08;8.063897999818436e-08;0.004025525999604724;0.010722755999886431
1.9452585000544787e-08;7.111631999723613e-08;0.00510459000011906;0.011159453999716788
2.1840300000621936e-08;8.602735999738798e-08;0.004261139999725856;0.012161097999778577
2.0440729998517782e-08;8.21159399987664e-08;0.005152149999630638;0.010550059999513906
2.098676500027068e-08;8.13705199980177e-08;0.005044537999783643;0.011631984999985434
1.8927240000630264e-08;1.0238830000162124e-07;0.004582012000028044;0.011426621999708004
1.9739624999056104e-08;8.232205999665894e-08;0.004434564000112004;0.009300357999745757
1.6967899999872314e-08;7.412313999957405e-08;0.0045479960000375285;0.010544330000411719
1.7711140000028535e-08;7.321306000230834e-08;0.004908198000048287;0.009564962000004016
1.7879434999485967e-08;7.054596000234597e-08;0.005027258000336587;0.011131259999820032
2.357864000077825e-08;8.577839999925346e-08;0.004781212000525556;0.009568469999940134
1.8592370000260417e-08;8.191417999914847e-08;0.004235382000333629;0.009579042000113986
2.1209570000064558e-08;7.308851999696345e-08;0.004815194000257179;0.009115958000184037
1.7885364999528975e-08;7.061575999832711e-08;0.004571759999962523;0.008461955999955535
1.7383429998881184e-08;6.957555999979377e-08;0.004295024000457488;0.010311394999735057
1.923436500073876e-08;6.775028000120074e-08;0.005088384000118822;0.009556944000069052
2.1668169999611563e-08;8.40516199998092e-08;0.004315219999989494;0.009773976000142284
1.934859999892069e-08;6.77135800011456e-08;0.004200544000486844;0.008944159999955445
1.7893814999843016e-08;7.378860000171698e-08;0.00451186400023289;0.009914122000336647
1.724466999876313e-08;6.856310000293888e-08;0.004230014000204392;0.009879583999863826
1.8847824999829755e-08;7.105393999954685e-08;0.004382911999709904;0.009249634000007063
1.7881759999727365e-08;7.273187999962829e-08;0.004063697999808938;0.010324966000043788
1.7216070000722538e-08;6.548294000094756e-08;0.004303201999864541;0.010170519999810494
2.0349759998498485e-08;5.345464000129141e-08;0.003393316000001505;0.0031805159998475573
1.7523495000205e-08;5.181371999788098e-08;0.0033439620002172887;0.003258653999946546
1.6125200000533367e-08;4.653714000014588e-08;0.0033912449999479576;0.0032796500000404193
1.6404200000397394e-08;5.156311999890022e-08;0.003798393000033684;0.003381156999967061
1.9944034999934955e-08;6.307481999974698e-08;0.0038308970001526177;0.0034942379998392425
1.675921999994898e-08;5.618239999748766e-08;0.003561141999962274;0.00329037999996217
1.757000999932643e-08;5.370710000279359e-08;0.0035690210000029767;0.00301446900004521
1.736747499962803e-08;5.346538000158034e-08;0.0037661770000704566;0.003351822000113316
1.9766430000890977e-08;5.419857999659143e-08;0.004225159999914467;0.0031070269999327136
1.6520699999819042e-08;5.134104000171646e-08;0.0037668549999943933;0.0031463440001243724
1.8095935000746975e-08;5.0462739996146413e-08;0.003680952999857254;0.003221174000063911
1.7866194999078288e-08;4.867390000144951e-08;0.0036994479998247697;0.0030083309998735785
1.810630999971181e-08;5.720805999590084e-08;0.003685896999959368;0.003073490000097081
1.760751999972854e-08;5.4886440001428125e-08;0.003676252000150271;0.003343017000006512
1.8861279998964164e-08;5.0965760002145545e-08;0.00407281200052239;0.0034159190001082605
1.74798500011093e-08;5.411937999888323e-08;0.0035154239999246784;0.0032862499999464488
1.8397825000283773e-08;5.162030000356026e-08;0.0036733080001431517;0.0031998790000216104
1.760141999984626e-08;5.777993999654427e-08;0.0037582920002751053;0.003469707999902312
2.01365650005755e-08;5.541579999844544e-08;0.0034536609999486247;0.0033868379998602902
2.0452439998916815e-08;5.818786000018008e-08;0.004029828999773599;0.003643457000143826
2.0511835000070276e-08;5.9179879998555404e-08;0.0038307229999918493;0.0037925080000422895
2.073794000025373e-08;5.501408000127412e-08;0.003677945999952499;0.0035006019999855196
2.012004000134766e-08;5.90282799967099e-08;0.003672950000036508;0.0035173029999714346
2.213354999985313e-08;5.430577999795787e-08;0.003677705000154674;0.003372100999986287
2.0584859998780303e-08;5.845047999755479e-08;0.004388088000123389;0.0031400539999594914
1.9969850000052246e-08;6.648661999497563e-08;0.004310410000034608;0.003486807000008412
2.11646199983079e-08;5.904279999667779e-08;0.003850640000018757;0.004024065999838058
2.042434999893885e-08;5.950173999881372e-08;0.0038519140001153575;0.0037262100001680663
2.1585999999660997e-08;5.557126000057906e-08;0.0042782679997617375;0.0031521729999803936
2.242139000154566e-08;5.3208440000889825e-08;0.004254837999760639;0.003540165000013076
2.167217999813147e-08;6.151886000297964e-08;0.00415949999995064;0.003696230000059586
2.0297175001178404e-08;6.568088000058197e-08;0.0042647619999479506;0.003556984000024386
1.817563000076916e-08;5.655454000225291e-08;0.003990712999948301;0.0041580399998929355
2.1592430002056064e-08;5.4604799998924137e-08;0.0038330359998508356;0.0036976480000885203
2.2870370000600815e-08;5.368776000104845e-08;0.004025516000110656;0.0035568989999592306
2.029867999954149e-08;4.9520800000755116e-08;0.004055336000164971;0.004102124000201002
2.0931279999786055e-08;5.854382000397891e-08;0.00420654600020498;0.004028609999804758
1.700237000040943e-08;6.39134600001853e-08;0.0038637480000033976;0.0037372640002286063
2.018196999997599e-08;5.710761999944225e-08;0.004042417999589816;0.003600225000118371
2.055414000060409e-08;6.029792000190355e-08;0.004064921999815852;0.003581638000032399
2.3897340000257827e-08;6.191097999690101e-08;0.004238330000080168;0.0035423950001131745
1.892498500092188e-08;5.56884000019636e-08;0.0037318650001543574;0.0035320139999384993
1.8297049999819136e-08;5.794274000218138e-08;0.0039721309999004;0.00337288599985186
2.60934099991573e-08;5.585982000338845e-08;0.003782217999978457;0.003603561999916565
2.4175270000705496e-08;5.924160000286065e-08;0.004016301999799907;0.0034475220000604167
1.9838339999841993e-08;6.389038000488653e-08;0.004285036000073888;0.0036969540000427515
2.0422569999936968e-08;6.3681599998381e-08;0.004112577000050806;0.0036800260000745765
2.0699259999673812e-08;6.122208000160754e-08;0.004311591999721713;0.0032437609997577966
1.7824670000118204e-08;5.3145480004604906e-08;0.004316374000045471;0.0032545829997980037
1.9950559998687823e-08;5.871804000344127e-08;0.004384779999963939;0.003825503000116441
2.0193405001191422e-08;5.279667999711819e-08;0.0037015020000399092;0.00322871699987445
1.940588500001468e-08;6.418903999729082e-08;0.003764389999851119;0.004048622000264004
2.027544000011403e-08;5.937845999724232e-08;0.004198899999901187;0.0032881629999610596
1.9460124999750407e-08;5.91398999968078e-08;0.003853688999952283;0.003520438999985345
2.1611145000497345e-08;4.682710000197403e-08;0.004017668000306003;0.0034588580002309754
2.207949000003282e-08;6.333833999815397e-08;0.004197087999782525;0.003819511000183411
2.081497000035597e-08;5.7465920003596695e-08;0.004116387999965809;0.0034363389998907225
2.1270169998751952e-08;5.898468000232242e-08;0.004107001000083983;0.0036816399998497217
1.9384575000731275e-08;6.394050000235438e-08;0.0038348020002013073;0.0035827529997914096
2.289582000230439e-08;6.629346000263468e-08;0.004095482999982778;0.0036533140001120045
1.6365370000130496e-08;7.054812000133097e-08;0.004115163999958895;0.003548707000154536
2.3004739999305456e-08;5.3600679995724934e-08;0.00397306099999696;0.003543964000127744
2.0193280000239612e-08;5.5364879994885993e-08;0.0041646739997668195;0.003627057000121567
1.9401330000255257e-08;5.6208039994817226e-08;0.003840102999820374;0.0031449990000692197
2.092420000117272e-08;6.035405999864451e-08;0.0040672160001122394;0.0037145090001286006
2.2465159997227603e-08;6.271285999682731e-08;0.004050253999885171;0.0034984400001121683
2.4251169999479317e-08;5.4464379994897175e-08;0.0034740070000407286;0.003519150999782141
2.2171380001236684e-08;5.407893999945372e-08;0.0040515820001019165;0.003625707000028342
1.9930039999599102e-08;6.596357999951578e-08;0.00421697799989488;0.0036449909998918883
2.0753809998859653e-08;5.96170799981337e-08;0.0040510460000950845;0.0034671099999104625
2.202650000108406e-08;6.925421999767423e-08;0.0037096430000383407;0.003522753000142984
2.223729999968782e-08;6.039182000095025e-08;0.004127387999906204;0.003820320999948308
2.1069290000014007e-08;6.086880000075325e-08;0.004141243000049144;0.003744587999826763
2.5010669999755918e-08;5.5682120000710714e-08;0.0037991820002207534;0.0032688159999088385
1.7997420000028796e-08;6.311322000110521e-08;0.0035894770000595598;0.0035898449999513106
2.3109590000240132e-08;5.987081999774091e-08;0.004071722000371664;0.0031268849998014048
1.7740475000755396e-08;5.2806899999268354e-08;0.00370863600022858;0.0031227100000251083
1.6660754999611527e-08;5.1918259996455166e-08;0.004200001999852248;0.003477728000143543
1.8324670000583865e-08;5.335530000156723e-08;0.0033191189999342897;0.0033613849998801017
1.9920260000799317e-08;5.51674600050319e-08;0.00371158199995989;0.0035414790001232176
2.0022560001234523e-08;5.4918380000162866e-08;0.003962533000158146;0.0034915699998964555
1.8968539999332278e-08;5.813469999702647e-08;0.004050467999768444;0.0035946740000508725
1.8670695000037085e-08;4.911646000109613e-08;0.00361674599989783;0.0032410689999233
1.847338500083424e-08;6.121079999720678e-08;0.003759370000043418;0.0033615620000637136
1.8550730000424663e-08;5.4220620001433416e-08;0.004245604000170715;0.003643599000060931
2.1438565000426026e-08;5.978677999810316e-08;0.004119444999960251;0.0035164779998012818
2.1975580000435e-08;5.5258399999001996e-08;0.003451156999799423;0.0032354990000021643
1.734613000007812e-08;5.1853760000085456e-08;0.003636216000013519;0.003197875999903772
2.021876499929931e-08;4.5301040000049395e-08;0.0035314039999502713;0.0032475239998893814
1.744930499990005e-08;6.246449999744073e-08;0.003783774000185076;0.0036554259998956696
2.0518589999119286e-08;5.120807999628596e-08;0.0038906640000641347;0.004152153999893926
1.626389500015648e-08;5.8612699998775495e-08;0.004012011000013444;0.003613075999892317
1.8911340000340715e-08;5.515962000354193e-08;0.004000690000248141;0.003648228000092786
2.1196290000807494e-08;4.913814000319689e-08;0.004176681000099052;0.003155183999915607
2.112806999939494e-08;5.6239480001386254e-08;0.003878359000082128;0.0032686130001093263
1.64381599999615e-08;4.4948080001631755e-08;0.004075633000175003;0.003473539000260644
1.9191604999650735e-08;4.974700000020675e-08;0.0040959689998999235;0.0035078900001826695
2.2161909998976627e-08;4.847998000332154e-08;0.0043714900000486525;0.0038169080001534896
2.158564999990631e-08;6.377964000566862e-08;0.0038837749999947845;0.003719912999949884
1.9951020000735298e-08;5.836919999564998e-08;0.004084892999962904;0.003184540000220295
1.9459184999868738e-08;5.1238299999386075e-08;0.004000689999666065;0.013366424999549053
1.943059499899391e-08;4.977536000078544e-08;0.004374572000233457;0.013694430000032298
2.1985850000055508e-08;5.669715999974869e-08;0.004503445999580436;0.01469723499903921
2.0868260000133886e-08;5.830780000542291e-08;0.004013421999989077;0.014507645000412595
2.5574689998757094e-08;5.261670000036247e-08;0.004252410000190139;0.014767269999720157
2.3728879999544007e-08;5.730527999694459e-08;0.0043927659996552395;0.015786974999355153
2.1020419998967553e-08;6.508563999668695e-08;0.0052851959998952225;0.01518670499935979
1.7502550000790507e-08;5.8952740003587676e-08;0.005180578000145033;0.012902305000170599
2.2835200000554323e-08;6.131574000464753e-08;0.004619340000208467;0.014854184999421705
2.300944000016898e-08;5.544157999684103e-08;0.004386928000021726;0.014726815000176429
2.152078000071924e-08;6.61731400003191e-08;0.005033629999961704;0.014033505000406876
2.1045589999994263e-08;6.176289999857545e-08;0.0047497799998382105;0.013586665000184439
1.937686000019312e-08;4.774521999643184e-08;0.004408562000025995;0.013358614999742714
1.737314000056358e-08;6.289901999989524e-08;0.004856476000277325;0.014905999999609777
2.2560369997518138e-08;5.888790000462905e-08;0.0043195959998411125;0.014084680000087247
1.9585255000856706e-08;6.485409999731928e-08;0.004861887999577447;0.0160146549998899
2.3764229999505916e-08;6.397460000007414e-08;0.00523936000012327;0.015440625000337604
2.0140695000009146e-08;6.000177999958395e-08;0.004790324000059627;0.013823609999963082
1.9796069999574683e-08;6.794485999853351e-08;0.005032249999931082;0.013475280000420753
2.347031999961473e-08;5.761880000354722e-08;0.0055683100002352146;0.014611790000344627
1.8451374999131075e-08;6.182708000415005e-08;0.004039629999897443;0.015622435000841506
2.053287999879103e-08;6.106197999906726e-08;0.004657714000204578;0.014534035000542645
2.352050000044983e-08;6.033502000500448e-08;0.005056080000358633;0.01425788499909686
2.3349020001478492e-08;5.735876000253484e-08;0.004922289999667555;0.015154910000273959
2.0737869999720716e-08;5.81080199975986e-08;0.004427438000566326;0.014428449999832083
2.03065699985018e-08;5.802159999730065e-08;0.0044986940000671894;0.013785499999357853
2.470945999957621e-08;5.946299999486655e-08;0.005039695999585092;0.014412305000587367
2.1809599999687633e-08;6.137891999678686e-08;0.004636826000059955;0.013768919999711216
2.3658279998926444e-08;5.66432400024496e-08;0.004600250000366941;0.013786674999573733
1.7817560001276432e-08;6.481159999966622e-08;0.004589257999905385;0.012874539999756962
2.3059330001706256e-08;6.122927999822423e-08;0.005125341999810189;0.014492715000233147
2.0322520000627263e-08;6.483295999933034e-08;0.004625516000087373;0.015510029999131803
1.9187525000597817e-08;6.5882439998677e-08;0.005605901999515482;0.014022085000760853
2.2068999998737127e-08;5.5541500000981613e-08;0.005135084000066854;0.014048649999313056
2.0093020000786056e-08;4.872734000091441e-08;0.004721515999990516;0.013931460000458173
2.0028230000752956e-08;5.6966179999290034e-08;0.005581862000399269;0.014419799999450334
2.0700319999014027e-08;4.887046000221744e-08;0.004207657999941148;0.013369675001013093
2.0107585001096594e-08;6.238529999973252e-08;0.0053371280001010745;0.015379204999771901
1.7694634999497792e-08;5.978915999876335e-08;0.004525639999774285;0.01390714500012109
2.0339800001238473e-08;5.2692340000066904e-08;0.0048969580000266435;0.012948820000747218
2.2311439999612047e-08;5.452778000035323e-08;0.00419118600024376;0.012913755000045057
2.0621879999816884e-08;5.3721640002913774e-08;0.004412664000410587;0.013397505000466482
1.8733205000171437e-08;5.8831819996703416e-08;0.00410295799956657;0.014355654999963007
2.2410409999429247e-08;6.319732000119984e-08;0.0049689880001824345;0.015703215000394267
1.9070449999708216e-08;5.788460000185296e-08;0.004620609999983571;0.012427894999564159
2.4278299999423326e-08;5.8796340000117197e-08;0.0045955400000093505;0.01304804499959573
2.1112814999651164e-08;5.31141999992542e-08;0.0043706880003446715;0.013466769999649842
2.001665999996476e-08;5.798597999964841e-08;0.004620405999594368;0.01329723500093678
1.8523534999985715e-08;5.720572000136599e-08;0.0050511560001177715;0.014891699999861886
1.9515970000065865e-08;5.556955999927595e-08;0.004676608000299893;0.013491824999800884
2.1532575000310317e-08;5.448500000056811e-08;0.004658105999697;0.014325244999781717
2.0692830000189134e-08;5.850306000211276e-08;0.004612744000041857;0.014548910000303294
2.1733210000093095e-08;4.798195999464952e-08;0.004718308000010438;0.014323839999269694
1.9644669999252072e-08;6.01709199952893e-08;0.004253905999939888;0.014406320000125561
2.0135979997576215e-08;4.755299999960698e-08;0.004139902000315487;0.01315088499977719
2.067253000132041e-08;5.4292580002220345e-08;0.004703586000250653;0.013495354999031406
2.1873500000219792e-08;5.800100000342354e-08;0.004909874000004493;0.014761790000193287
1.7744430000311696e-08;5.949673999566585e-08;0.004443176999920979;0.014687519999279175
2.0150589998229408e-08;5.187937999726273e-08;0.004888448999845423;0.014059159999305848
1.7058339998766315e-08;6.094885999918916e-08;0.004336168000008911;0.012964225000177975
1.8491375001030975e-08;5.3895359998568894e-08;0.004417087999754586;0.015122295000765007
2.1002249998855406e-08;5.8010940003441644e-08;0.004220368000096642;0.01259825000015553
1.869730000034906e-08;4.903498000348918e-08;0.004224747999687679;0.013826584999333136
2.2386709999409503e-08;5.3397799999220295e-08;0.004578808000078424;0.01339991499989992
2.078561999951489e-08;5.690461999620311e-08;0.004754626000067219;0.015194834998692387
2.198006999969948e-08;5.4220840003108606e-08;0.004603469999856316;0.013372959999833256
2.1912679998786188e-08;5.623381999903358e-08;0.0046293700003298;0.013926315000571777
1.9099819999246393e-08;5.151696000248194e-08;0.005080962000065483;0.014830240000446793
1.9036829999822658e-08;5.552579999784939e-08;0.004582183999591507;0.013785015000030399
2.019970999972429e-08;5.653954000445083e-08;0.005027169999666512;0.016053500000271014
2.4616369997966104e-08;5.601860000169836e-08;0.005001086000120268;0.013697305000096093
2.1570870000869036e-08;6.108132000081241e-08;0.004807346000452526;0.01482875000074273
2.0001239998964594e-08;6.212026000139303e-08;0.004757969999918715;0.014713399999891408
2.0622009999351577e-08;5.3207419998943806e-08;0.0047279660002095625;0.014523684998857788
2.0277879999775906e-08;5.735340000246651e-08;0.004612573999911547;0.013194224999460857
1.8530469998950138e-08;6.126053999760188e-08;0.004350798000232316;0.014064040000084788
1.7310255000484175e-08;5.8597260003443806e-08;0.004217056999914348;0.012591789998987224
1.8385924999893177e-08;5.878508000168949e-08;0.004950143999885768;0.013736860000062735
1.883020499954e-08;5.884211999946274e-08;0.00409510399971623;0.014416710000659805
2.2749259998090564e-08;5.461368000251241e-08;0.004219312000204809;0.013342630000261124
2.2147140000015496e-08;6.100266000139527e-08;0.004434775999980048;0.013978334999410435
1.8277585000032558e-08;6.166524000000209e-08;0.004584113999735564;0.014421210000000429
1.968306000053417e-08;5.357097999658436e-08;0.004726427999557927;0.014449320000130684
2.1413244999712333e-08;5.4446519998600705e-08;0.005096915999893099;0.013897575000009965
2.1912819999852217e-08;5.156693999888375e-08;0.004533647999633104;0.013319530000444502
2.035881000047084e-08;5.3429379995213824e-08;0.0040652700001373885;0.013546620000852272
1.7783094999322203e-08;4.9698300001909956e-08;0.004670082000084222;0.013034075000905431
1.6808274999493735e-08;4.891528000007383e-08;0.004133806000172626;0.012767575000179932
1.7147259999183005e-08;5.557606000220403e-08;0.004348775999969803;0.013613169999734965
2.024000999808777e-08;5.8794519997900355e-08;0.004739241999923252;0.0136005300009856
1.829907499923138e-08;5.086866000201553e-08;0.0041943820001324635;0.012890385001082905
1.7533764999825506e-08;4.954250000300817e-08;0.004852312000002712;0.013279050000710413
1.7911599999933968e-08;5.2258099999744443e-08;0.004550480000325478;0.014051135000772774
1.8337684999278282e-08;5.2356120001059024e-08;0.0044584659999236465;0.013449759999639354
1.8210730000282638e-08;5.1413319999119266e-08;0.004393088000360876;0.01234515999967698
1.711127500020666e-08;5.387029999983497e-08;0.004243090000236407;0.01389562999975169
1.697748500009766e-08;5.489675999851897e-08;0.004686982999846805;0.013119820000429171
1.803996999951778e-08;5.494667999446392e-08;0.004129271999699995;0.013987719999568072
1.8507545000466053e-08;5.3541000001132486e-08;0.004310820000246168;0.013925370000652037
2.0360505000280683e-08;4.71884400001727e-08;0.00442416800011415;0.013512829999672248
1.698770999937551e-08;5.339707999955863e-08;0.007341877999715507;0.02236380999966059
1.857006499922136e-08;5.247194000403397e-08;0.007244302000035532;0.02377901000145357
1.8723850000242236e-08;4.656964000314474e-08;0.0073242319998098535;0.022574819999863393
1.8506454999442212e-08;5.3556360001675784e-08;0.007778560000006109;0.02224741000100039
1.7532925000705292e-08;5.4955639998661354e-08;0.00750486999982968;0.023699720000149683
1.8572100000164938e-08;5.16961999994237e-08;0.007763097999850288;0.02283107999828644
1.9082254999375436e-08;5.4785259999334815e-08;0.006944781999918632;0.022862129998975432
1.9131550000747666e-08;5.0228740001330155e-08;0.007542044000001624;0.022609549999469892
1.9788855001388584e-08;5.346453999518417e-08;0.007341903999913484;0.022226064999995288
1.8407195000327193e-08;5.095272000180557e-08;0.00744646399980411;0.021502619999228045
1.9164755000383595e-08;5.624114000238478e-08;0.007784451999468729;0.02378319000126794
1.951029500050936e-08;5.7616719999350606e-08;0.006957566000055522;0.02005566000007093
1.7703259999689182e-08;5.248596000019461e-08;0.007451071999967098;0.022581390000414103
1.9913520000409333e-08;5.937601999612525e-08;0.007120297999936156;0.021897469999385067
1.7878070000733715e-08;5.085227999952622e-08;0.007683650000253692;0.02342623999866191
1.7588964999595193e-08;5.218284000293352e-08;0.007489456000039354;0.021950390000711195
1.7872324999189003e-08;5.726826000027358e-08;0.007908786000334657;0.022207150000031105
1.857756000099471e-08;4.8674420005409044e-08;0.008128487999783829;0.02515199999907054
1.7661244999908375e-08;5.237643999862485e-08;0.007373251999961212;0.022045959997922183
1.852327500091633e-08;5.458269999944605e-08;0.0075599099998362364;0.023162770000635647
1.8313014999148436e-08;5.73067200020887e-08;0.007710981999989599;0.021685709999292157
2.1350450001773426e-08;5.064831999479793e-08;0.0068273160001263026;0.02220236000139266
1.634479999920586e-08;4.938162000034936e-08;0.006878448000061326;0.02269681999750901
1.752899499988416e-08;4.516588000115007e-08;0.007526615999522619;0.02242129000078421
1.9752339999831748e-08;5.656447999645025e-08;0.007352021999540739;0.021243370001320726
1.6775945000699722e-08;5.508158000302501e-08;0.007223645999911241;0.021811580000212417
1.7234825000923592e-08;5.0218880001921206e-08;0.007160386000177823;0.022759120000409895
1.7932235001353546e-08;5.804545999853872e-08;0.00738156599982176;0.020353150001028553
1.7276494999532588e-08;5.471955999964848e-08;0.007648468000115827;0.02176546000118833
1.6660414999932983e-08;4.8256559995934366e-08;0.007658993999939412;0.023082110000541434
1.7281119999825024e-08;5.1801100000739096e-08;0.00755652799969539;0.021880710002733395
1.626904500008095e-08;5.229925999883562e-08;0.007039412000449374;0.02054241000150796
1.7597275000298394e-08;5.4453680000733586e-08;0.007087932000285946;0.02270694999897387
1.7237215000204744e-08;5.36227600008715e-08;0.007185079999617301;0.023396330000832678
1.874085999879753e-08;5.158299999893643e-08;0.007179587999708019;0.022702029999345542
2.0473460000357592e-08;4.520763999898918e-08;0.008457527999999001;0.02200905999925453
2.0150749999447727e-08;5.783818000345491e-08;0.007425695999991148;0.02203206999984104
1.9050050000078044e-08;5.464415999595076e-08;0.00765516999992542;0.024767380001139826
1.822868000017479e-08;4.7182079998310657e-08;0.007805461999960244;0.021716080000624062
1.853032499930123e-08;5.693003999767825e-08;0.007838508000131696;0.023736910001025534
2.0747349999146534e-08;6.051570000126958e-08;0.00871454200008884;0.023929299999144858
1.9622280000476167e-08;5.174345999839716e-08;0.007400248000049032;0.021226790000218897
1.818224500020733e-08;5.429213999886997e-08;0.007582934000529349;0.025151780000305733
1.958044999919366e-08;5.806054000277072e-08;0.007988157999934629;0.022278920002281665
2.18621499981964e-08;5.052015999681316e-08;0.008167146000196225;0.02228115999896545
1.821219499979634e-08;5.568783999769948e-08;0.008078436000505462;0.022712970001157372
2.0400934999634046e-08;5.6294859998160976e-08;0.0075254020001739265;0.021623550000367687
1.9994220000808127e-08;5.1113120000809434e-08;0.007820554000209085;0.022496560000581665
2.0848905001184903e-08;5.202386000310071e-08;0.007886448000208475;0.020955870000761934
1.7850999999791384e-08;5.964806000120006e-08;0.008282962000230328;0.022133020000183024
1.7820494998886717e-08;5.4740760003915056e-08;0.007396261999965645;0.021356350000132807
2.0052790000045207e-08;5.598402000032365e-08;0.007618381999782287;0.02295272000192199
1.8319804999919143e-08;4.754727999679744e-08;0.007729849999886938;0.02183497000078205
2.0404245000099762e-08;5.313855999847874e-08;0.008451190000050702;0.02366489999985788
2.0591129999957047e-08;6.565085999900475e-08;0.008218958000070416;0.02742349999898579
2.1112935000564902e-08;5.324943999876268e-08;0.007222770000225864;0.019996344999526627
1.5720149999833667e-08;4.731036000302993e-08;0.006802390000084415;0.01975415499910014
1.5377050000824966e-08;4.573019999661483e-08;0.0066147480002837255;0.019606689999636728
1.5881545000593178e-08;4.841731999767944e-08;0.006577669999678619;0.019258020000415856
1.6184960000100545e-08;4.742305999970995e-08;0.00661765800032299;0.019535785001062324
1.624112999998033e-08;4.655843999935314e-08;0.006590890000225045;0.01925974499899894
1.596551500115311e-08;4.7510219999821856e-08;0.006729700000141748;0.01887548000086099
1.6163585000322202e-08;4.5920580002712084e-08;0.0067980979999993;0.019404834999295417
1.573612999927718e-08;4.561099999700673e-08;0.00676817600033246;0.019338844998856075
1.6205525000987108e-08;4.592586000217125e-08;0.006691670000436716;0.01929257500014501
1.6089085000567138e-08;4.5335520000662653e-08;0.00669357199978549;0.019544524999218993
1.5348969999467955e-08;4.558552000089549e-08;0.006433261999627575;0.01918163999944227
1.5307290000782813e-08;4.772861999808811e-08;0.006597182000405155;0.019209645000228193
1.4935005000734235e-08;4.548918000073172e-08;0.006423888000426814;0.019023489998653532
1.5201070001057816e-08;4.505826000240632e-08;0.006732549999724142;0.01958248500013724
1.582094000041252e-08;4.578031999990344e-08;0.006745393999735825;0.019568264999543318
1.598227499925997e-08;4.462363999919034e-08;0.006674703999888152;0.019378045000485143
1.596850500063738e-08;4.491609999677166e-08;0.006509302000049502;0.019152609999582636
1.4906470000278206e-08;4.609651999780908e-08;0.006511721999850124;0.019312559999525546
1.5080285001022274e-08;4.712062000180595e-08;0.006607055999920703;0.019040409999433905
1.583006500004558e-08;4.5013579999795184e-08;0.006686948000569828;0.01901484999980312
1.506707000080496e-08;4.560936000198126e-08;0.006465820000157691;0.019726489999447948
1.5155354999296833e-08;4.492383999750018e-08;0.006565669999690727;0.018923639999411535
1.591692500078352e-08;4.729636000120081e-08;0.00645401599991601;0.01939315999916289
1.4749329999904148e-08;4.315347999799997e-08;0.006429903999669477;0.019019829999888316
1.4964030000555793e-08;4.5224519999464975e-08;0.006417713999981061;0.019260680000297726
1.5697234999970533e-08;4.435018000076525e-08;0.006480723999557085;0.019005660001130308
1.4786720000847708e-08;4.545014000032097e-08;0.006336102000204846;0.018959384999470787
1.5574254999228286e-08;4.553808000055142e-08;0.00657982200034894;0.019000025000423193
1.4462925000407267e-08;4.698236000258475e-08;0.006463088000309654;0.018805015001271387
1.5405335000832566e-08;4.3465939996531236e-08;0.006356633999967016;0.019200424999871755
1.5834134999022353e-08;4.8687799996696414e-08;0.006322915999917313;0.019038569999975153
1.5826670000387823e-08;4.9126620002789424e-08;0.006420235999976285;0.01903467499942053
1.5572085000167136e-08;4.5400339999468995e-08;0.006637496000039391;0.01898654499964323
1.559928500064416e-08;4.575304000172764e-08;0.00633689799986314;0.0191526150010759
1.4832920000480953e-08;4.5622519997414204e-08;0.006611322000389918;0.01907247999915853
1.4640849998977501e-08;4.421849999926053e-08;0.0063691100000869486;0.01863260999962222
1.5166339999996126e-08;4.716121999663301e-08;0.006498051999951713;0.018949075001000893
1.500973499933025e-08;4.47150599968154e-08;0.006442900000256486;0.018875180000031834
1.5832015000341927e-08;4.518292000284419e-08;0.006519412000197917;0.019066865000058896
1.57556950012804e-08;4.589689999702387e-08;0.006608021999709308;0.019011520000640304
1.5260610000404996e-08;4.446890000253916e-08;0.006466981999692507;0.018794650000927504
1.548977000056766e-08;4.453312000259757e-08;0.006514208000153303;0.019077039998956026
1.531004499993287e-08;4.411260000197217e-08;0.006423443999956362;0.01933222499937983
1.459315499960212e-08;4.6785419998923315e-08;0.006395726000191644;0.019271070000831968
1.5261474999715575e-08;4.594472000026144e-08;0.006751821999787353;0.02468839999928605
1.570013000018662e-08;4.912408000091091e-08;0.006616375999874436;0.02428659999859519
1.505264500010526e-08;4.900374000426382e-08;0.00658257799979765;0.024054470000555737
1.5356140000221784e-08;4.728437999729067e-08;0.006634731999947689;0.024673760001314805
1.5773970000736882e-08;4.7217039996758105e-08;0.006592079999973066;0.02406726999906823
1.5453879999404306e-08;4.562980000046082e-08;0.0064687060000142085;0.02485053000273183
1.5036010000039823e-08;4.649798000464216e-08;0.00650562800001353;0.024157240000204184
1.5060880000237374e-08;4.5894979999866336e-08;0.006652987999841571;0.024850419998983853
1.5397324999503324e-08;4.369865999906324e-08;0.006450677999528125;0.024512439998215996
1.4830770000116899e-08;4.465454000164755e-08;0.006701108000124805;0.02469418999971822
1.5595245000440626e-08;4.4993919995613395e-08;0.0066502839996246624;0.02405782999994699
1.5280304999032523e-08;4.4623579998733476e-08;0.0065833280002698304;0.02470997999771498
1.527798500028439e-08;4.652081999811344e-08;0.006716415999690071;0.024656729999696834
1.5423070000542794e-08;4.6432759996969256e-08;0.006629141999874264;0.02395869999891147
1.4578765000624117e-08;4.556266000145115e-08;0.006564750000252389;0.0241010700003244
1.4997309999307618e-08;4.644560000160709e-08;0.006577771999873221;0.024678139999741687
1.4759895000315737e-08;4.3369320000056174e-08;0.006475624000304378;0.024634840001817794
1.483606499969028e-08;4.4384620001073927e-08;0.006467457999824546;0.02465486000000965
1.5238395000051243e-08;4.646599999978207e-08;0.0066686260001733895;0.024397499999031423
1.5205380000406875e-08;4.4059719995129854e-08;0.006512128000031226;0.024631449999287725
1.552168500056723e-08;4.680328000104055e-08;0.006675315999891609;0.024502150001353584
1.5264874999411403e-08;4.6362160000717265e-08;0.006618197999778204;0.024004049997893163
1.5333339999779128e-08;4.515662000048906e-08;0.006488146000192501;0.02432771000021603
1.573278500000015e-08;4.4419939996441824e-08;0.006588130000163801;0.023790700000245125
1.4575609999883454e-08;4.3632920004893096e-08;0.006704000000027009;0.023795529999188148
1.5134240000043065e-08;4.5198579999851066e-08;0.006689653999637812;0.023879180001677013
1.4620479999575764e-08;4.4212460005655884e-08;0.006425146000110544;0.02393067999801133
1.5329955000197515e-08;4.6324579999782145e-08;0.006639802000136114;0.02372600000235252
1.4891809999244287e-08;4.321582000120543e-08;0.006567135999794118;0.024080499997944572
1.5333105000900104e-08;4.3255900003714486e-08;0.006459955999744125;0.024103350000223144
1.5376049999031237e-08;4.363484000205062e-08;0.006626453999779187;0.024241340000298806
1.4525289999437518e-08;4.402513999957591e-08;0.006540751999709755;0.023825829999987037
1.505891499982681e-08;4.330173999769613e-08;0.0065573199995560575;0.024450460000662134
1.471299499971792e-08;4.387805999722332e-08;0.00647724200040102;0.023906449999776667
1.5650209999876097e-08;4.642112000146881e-08;0.006463222000165842;0.024748750001890585
1.5084945000126027e-08;4.320366000174545e-08;0.006423733999836259;0.02361085999873467
1.5531585000280758e-08;4.412129999836907e-08;0.00656797599978745;0.024709900000016206
1.5644089999841525e-08;4.657008000067435e-08;0.006697303999681025;0.024230010001338086
1.4808344999619294e-08;4.629473999957554e-08;0.0066049079998629166;0.024077720000059345
1.56161200007773e-08;4.585540000116452e-08;0.006651660000206902;0.0242199400003301
1.4883195000584237e-08;4.495067999814637e-08;0.0064137279998976735;0.024182110000401734
1.4547705001314171e-08;4.52205799985677e-08;0.006708464000257664;0.024681020001298747
1.6307029999734367e-08;4.811705999891274e-08;0.00664515600015875;0.024210780000430532
1.499820499884663e-08;4.650456000235863e-08;0.006523093999712728;0.023725969999213704
1.5545035000832285e-08;4.374121999717318e-08;0.006589132000226527;0.024124010000377893
1.545433499995852e-08;4.433974000276066e-08;0.006684375999611802;0.02459040000103414
1.529150499991374e-08;4.473016000119969e-08;0.006500029999879189;0.023717400000896303
1.4839585000299849e-08;4.341196000459604e-08;0.006463432000018656;0.02385851000144612
1.493849500111537e-08;4.4461119995685296e-08;0.006688274000189267;0.024243499999283814
1.4465304999612271e-08;4.543399999965914e-08;0.00648654600023292;0.02383620000036899
1.4859499999147373e-08;4.4909299997380006e-08;0.006531008000019938;0.024592329998267815
1.528619000018807e-08;4.687608000240289e-08;0.006695146000129171;0.024002470000414177
1.4838335000968072e-08;4.250274000223726e-08;0.006563533999724314;0.024217769998358563
1.5272100000584034e-08;4.451469999621622e-08;0.006677499999641441;0.024652369998511857
1.5566494999802672e-08;4.398706000065431e-08;0.0065623540000524375;0.024606539998785593
1.454805500106886e-08;4.431662000133656e-08;0.006664412000100128;0.02451584999798797
1.5190214999893216e-08;4.617484000045806e-08;0.006600126000121236;0.023867239998071454
1.4847475000715349e-08;4.498751999926753e-08;0.00646606799971778;0.02478984000044875
1.5162550000241028e-08;4.665256000007503e-08;0.006609645999851636;0.024327870001434347
1.4794275000167545e-08;4.401838000048883e-08;0.006460685999481939;0.024039120000088586
1.5343585000664463e-08;4.660266000428237e-08;0.006774516000295989;0.02389050999772735
1.4776245001121423e-08;4.4020199996884915e-08;0.0063981699995929375;0.024063089999253863
1.5094125000177883e-08;4.358557999948971e-08;0.006507392000057735;0.02443273999961093
1.520021999895107e-08;4.602567999972962e-08;0.006620897999964654;0.024390570001560263
1.5661810000892727e-08;4.432354000164196e-08;0.006486715999781154;0.02420898000127636
1.501343999989331e-08;4.483609999879263e-08;0.00647120600042399;0.02443024000094738
1.5768970000499393e-08;4.3289999995613474e-08;0.006677096000057645;0.024605640000663696
1.4993455000512766e-08;4.6394899999722836e-08;0.006678823999827728;0.02446858000184875
1.530726000055438e-08;4.577605999656953e-08;0.0065717000002041455;0.024227289998088965
1.467696000036085e-08;4.410786000080407e-08;0.006499415999860503;0.023802380001870915
1.4383585000177846e-08;4.604055999661796e-08;0.006654776000068523;0.0241850099992007
1.5052789999754167e-08;4.367687999620102e-08;0.006458493999671191;0.024312800000188872
1.4901174999249633e-08;4.4553259998792785e-08;0.006597623999696225;0.024442180001642555
1.4943615000811406e-08;4.636937999748625e-08;0.00650004800001625;0.02407787999836728
1.561179499985883e-08;4.462636000243947e-08;0.006544055999838747;0.02512607999960892
1.5198925000731832e-08;4.63339600013569e-08;0.006700288000283763;0.02390274000063073
1.5234979998786004e-08;4.397330000065267e-08;0.0065332240000134335;0.0241215900023235
1.4581395000277552e-08;4.4140140002127735e-08;0.006530790000106208;0.023796880000736563
1.4799404999939724e-08;4.336851999978535e-08;0.006543525999877602;0.024379410000983627
1.5000680000230205e-08;4.6075620001647624e-08;0.006596316000213847;0.02429798000084702
1.4922284999920522e-08;4.781293999985792e-08;0.0065326880000066015;0.023950220001279377
1.5013244999863673e-08;4.711801999947056e-08;0.006480947999516502;0.024721349999890663
1.5639064999413677e-08;4.873860000516288e-08;0.006728553999564611;0.024609619998955168
1.5088364999974145e-08;4.5790999999735504e-08;0.006486317999660969;0.023874509998131545
1.5439594999770634e-08;4.378279999946244e-08;0.006614510000217706;0.02426880999992136
1.4330684999004007e-08;4.310498000122607e-08;0.006481591999763623;0.024066660000244156
1.4844884999911301e-08;4.6150540001690386e-08;0.006487298000138253;0.02414320999814663
1.4721265000116546e-08;4.498746000463143e-08;0.006531145999906585;0.02441833000048064
1.551506999967387e-08;4.3214300001272934e-08;0.0065934319997904825;0.024046609998913483
1.4754454999638256e-08;4.7023179999087006e-08;0.006532062000478618;0.024284660001285374
1.4848925000114831e-08;4.514662000001408e-08;0.00652821000025142;0.024245910000172444
1.468040000036126e-08;4.646970000467263e-08;0.006425555999740027;0.02448413999809418
1.4880229999835137e-08;4.475355999893509e-08;0.006566087999963202;0.02412882999924477
1.4643034999608062e-08;4.5729260001098736e-08;0.006557529999990947;0.0242433000006713
1.570047999994131e-08;4.484788000117987e-08;0.006670700000249781;0.02450689999968745
1.523277499945834e-08;4.841259999666363e-08;0.006475016000331379;0.024219259998062626
1.5802869999606627e-08;4.564635999849998e-08;0.00668861799989827;0.023874800000339747
1.499815999995917e-08;4.7208679997129366e-08;0.006531876000226475;0.024007279999204913
1.5081335000286346e-08;4.6213860000716525e-08;0.006559501999872736;0.023930089999339543
1.495728000008967e-08;4.735069999587722e-08;0.006597606000141241;0.024097660000552423
1.578078500024276e-08;6.192122000502422e-08;0.007806347999721765;0.02767922999919392
1.5406390000134706e-08;6.479399999952875e-08;0.00791902199969627;0.02738119999994524
1.560029999964172e-08;5.923025999800302e-08;0.008017189999809488;0.027306269999826327
1.5746510001190473e-08;5.85955600021407e-08;0.007920249999733642;0.027555220000795088
1.530341500038048e-08;6.340885999961756e-08;0.008064739999826997;0.027645500001381152
1.4452709999750369e-08;6.64652599953115e-08;0.007844197999802419;0.02778315999894403
1.496406499936711e-08;5.758184000151232e-08;0.007967207999899983;0.027329879999160766
1.53389299986884e-08;6.261991999926977e-08;0.008007073999615387;0.02849784000136424
1.548198499949649e-08;5.866381999803707e-08;0.007881513999891468;0.028292709999368525
1.5112119998957496e-08;6.114465999999083e-08;0.007917786000180059;0.027153279999038205
1.5014850000443403e-08;5.9184220002498476e-08;0.00786541000008583;0.028184750000946224
1.509212000091793e-08;6.564722000039183e-08;0.007951977999764494;0.027482510000118053
1.4758449999499134e-08;6.143994000158273e-08;0.00790766199992504;0.027077810000628234
1.5330834999622313e-08;6.499781999737025e-08;0.008095062000211328;0.027456739998888223
1.4595815000939184e-08;5.87037599994801e-08;0.007855255999602377;0.028495989998918957
1.5081515000201762e-08;6.467226000386291e-08;0.007869300000020302;0.027648500000941566
1.5258504998928403e-08;6.288219999987632e-08;0.008039185999659821;0.027480990000185557
1.5478815000096803e-08;5.615325999679044e-08;0.007910615999717265;0.02831183000234887
1.568074999959208e-08;6.520394000108354e-08;0.007882639999734238;0.028337650001049042
1.472990999900503e-08;5.784726000274532e-08;0.00795618599979207;0.028339630001573822
1.4887740000267512e-08;5.846460000029765e-08;0.007913319999934174;0.027773160001379436
1.5614019999338778e-08;6.57277799968142e-08;0.00787142599991057;0.027691129999584518
1.4313110000512097e-08;5.803538000327535e-08;0.008104887999943458;0.02842265000217594
1.5263085000333377e-08;5.793444000300951e-08;0.008118643999914639;0.027535209999768995
1.5410450000490526e-08;6.017145999940113e-08;0.00790813600004185;0.02795744999893941
1.574984500039136e-08;5.709332000114955e-08;0.008052786000189372;0.02739012000092771
1.5011114999651907e-08;6.274882000288927e-08;0.008116051999968477;0.027707930002361537
1.567798000032781e-08;5.885996000142768e-08;0.00787910400016699;0.02817063000111375
1.4622949999466073e-08;6.109118000022136e-08;0.007882837999495677;0.028492669999832288
1.491101499996148e-08;5.641587999998592e-08;0.007957507999963127;0.027908609999576582
1.527914000034798e-08;5.690109999850392e-08;0.008147790000075475;0.027593470001011155
1.5781960000458638e-08;6.062506000162102e-08;0.007904158000019378;0.027368909999495372
1.499729999923147e-08;6.071941999834963e-08;0.008025042000226676;0.028416859998833387
1.5752030001021923e-08;6.545656000380405e-08;0.007928422000259162;0.02781105999893043
1.5490955000859684e-08;5.864947999943979e-08;0.007973430000129155;0.027597980000427923
1.4958539999497588e-08;6.133949999930337e-08;0.007848849999718369;0.028243670001393183
1.4621869999973568e-08;5.9205279999878255e-08;0.007936833999701775;0.02804107000119984
1.4887054999417159e-08;5.98515999969095e-08;0.007955973999924027;0.02753365999960806
1.5064530000381637e-08;6.341920000268146e-08;0.007970697999699041;0.0277650599979097
1.4837954999529757e-08;5.754637999925762e-08;0.007883694000192919;0.027707579999696464
1.533438000042224e-08;5.8230800001183526e-08;0.007977176000131293;0.027990379999391735
1.510481000004802e-08;5.805732000153512e-08;0.007887301999726332;0.027978290000464767
1.5412649999780114e-08;5.7467860000906514e-08;0.00786872599972412;0.027442400000290947
1.5536259999498726e-08;5.96757199964486e-08;0.007968844000133686;0.027582640000036917
1.579568999877665e-08;5.70298400009051e-08;0.007991891999845393;0.028348230000119656
1.580237999878591e-08;5.7433620002120734e-08;0.007938938000006602;0.027383259998168798
1.5157445000659208e-08;6.072853999794461e-08;0.008048756000353024;0.0283153600001242
1.4845314998819958e-08;5.78116399992723e-08;0.007989489999599754;0.026866079997853377
1.5377849999640602e-08;6.516406000009738e-08;0.007881560000241735;0.02830848000012338
1.4713249998749235e-08;5.974865999887698e-08;0.007958423999953083;0.028052329999627545
1.5232670000114014e-08;6.133442000136711e-08;0.008132494000019506;0.028189000001293606
1.5573734999634326e-08;5.720319999963976e-08;0.007914402000023983;0.02744985000172164
1.4942765000159852e-08;5.811077999533154e-08;0.008029873999767005;0.02864883999864105
1.5759539999999106e-08;5.981021999614314e-08;0.0078368120000232;0.028109579998999833
1.584788500040304e-08;5.969965999829583e-08;0.00811576000007335;0.028150330000789835
1.4479089999804273e-08;6.415002000285312e-08;0.007945980000076815;0.02783206999883987
1.4621394999267068e-08;5.7045160001143816e-08;0.007906302000046708;0.02705971999967005
1.587205499963602e-08;6.383833999861964e-08;0.007829843999934383;0.028537530000903644
1.4671519999683368e-08;6.546615999541245e-08;0.008066037999815307;0.027710430001025087
1.4658490000874736e-08;6.214708000188693e-08;0.007924700000439771;0.027982269998756238
1.49899349999032e-08;6.25585600035265e-08;0.007893897999892943;0.027720310000586324
1.4613295000162906e-08;6.363971999962814e-08;0.007680465999874287;0.02745293999905698
1.4987855000072158e-08;6.579143999842927e-08;0.008046787999919616;0.028310099997906946
1.570015000033891e-08;6.166650000377559e-08;0.008006988000124693;0.02811554000072647
1.548524499958148e-08;6.501652000006288e-08;0.007988692000508309;0.027400080001098105
1.5044875000603498e-08;6.338959999848157e-08;0.00798806400038302;0.027651639998657628
1.5281040000263602e-08;6.358172000036574e-08;0.008042094000265933;0.027502700002514757
1.4194960000168066e-08;5.974120000028052e-08;0.007886812000069767;0.0284390099986922
1.4916065000579692e-08;5.761392000131309e-08;0.008020302000222728;0.0273639799997909
1.506243500043638e-08;6.538321999832988e-08;0.00806522800005041;0.028268969999044203
1.5725459999521262e-08;6.15797400008887e-08;0.008038966000312939;0.027401690001715905
1.5000749999308027e-08;5.8472859999164937e-08;0.008125148000544868;0.02841105000115931
1.5709120000246914e-08;5.981424000347033e-08;0.008026603999896907;0.0275664599990705
1.4897439999913332e-08;6.208654000074603e-08;0.008089786000200548;0.028244979999726638
1.549317000026349e-08;6.398456000024453e-08;0.007981127999955788;0.02734368999954313
1.503506000008201e-08;6.006458000047132e-08;0.007948580000083893;0.02836920999980066
1.4852124999742955e-08;6.197258000029251e-08;0.008023093999945559;0.02803776999935508
1.482360000081826e-08;6.017813999787905e-08;0.00794282800052315;0.027955969999311492
1.5736159999505618e-08;6.377670000074432e-08;0.008036215999745765;0.028156919998582452
1.5174499999557155e-08;6.393232000409625e-08;0.00791365799959749;0.02844944999960717
1.498639499914134e-08;5.970849999575876e-08;0.008102486000279897;0.027238839998608454
1.4719765000336338e-08;6.24439999985043e-08;0.007985298000276088;0.02761637000076007
1.4808500000799541e-08;5.805338000063784e-08;0.00794063399953302;0.027421079998021014
1.5651069999148604e-08;5.82460000005085e-08;0.0079859000002034;0.027400000000488943
1.571421999979066e-08;5.929218000383116e-08;0.0080451579997316;0.028277620000881142
1.476521500007948e-08;6.207672000164167e-08;0.007893948000273668;0.02825987999967765
1.4702309999847785e-08;5.97793199995067e-08;0.007907249999698251;0.027984199998900294
1.5153344999998806e-08;6.029550000093878e-08;0.007845063999993726;0.027588400000240654
1.5304600000672506e-08;6.292616000282578e-08;0.007768882000236772;0.02741872000042349
1.5582534999703057e-08;6.06028400012292e-08;0.007898372000199742;0.028114099998492747
1.5079469999182037e-08;6.597840000176803e-08;0.008075628000078723;0.027940230001695453
1.497142000007443e-08;6.453393999836407e-08;0.007932497999863699;0.028531659999862312
1.5335170000616927e-08;6.508030000259168e-08;0.0079035099997418;0.02778591999958735
1.5429799999401438e-08;6.397151999990455e-08;0.007994634000351653;0.02722566000011284
1.533807999949204e-08;6.076357999700121e-08;0.007805416000192054;0.02804300999850966
1.4585554999939632e-08;6.786923999898136e-08;0.00809767999977339;0.028467719999025577
1.5616724999563303e-08;6.366933999815956e-08;0.007996596000157296;0.0277753100002883
1.4671305000956635e-08;6.306216000230051e-08;0.007879263999639079;0.02855584000062663
1.5753870000480673e-08;6.178509999881499e-08;0.007900315999868325;0.028411780000897124
1.4551835000747815e-08;6.262102000182494e-08;0.008008920000283979;0.028080869998666456
