0;0;0;0
0;0;0;0
0;0;0;0
0;0;0;0
0;0;0;0
0;0;0;0
0;0;0;0
0;0;0;0
0;0;0;0
0;0;0;0
0;0;0;0
0;0;0;0
0;0;0;0
0;0;0;0
0;0;0;0
0;0;0;0
0;0;0;0
0;0;0;0
0;0;0;0
0;0;0;0
0;0;0;0
0;0;0;0
0;0;0;0
0;0;0;0
0;0;0;0
0;0;0;0
0;0;0;0
0;0;0;0
0;0;0;0
0;0;0;0
0;0;0;0
0;0;0;0
0;0;0;0
0;0;0;0
0;0;0;0
0;0;0;0
0;0;0;0
0;0;0;0
0;0;0;0
0;0;0;0
0;0;0;0
0;0;0;0
0;0;0;0
0;0;0;0
0;0;0;0
0;0;0;0
0;0;0;0
0;0;0;0
0;0;0;0
0;0;0;0
0;0;0;0
0;0;0;0
0;0;0;0
0;0;0;0
0;0;0;0
0;0;0;0
0;0;0;0
0;0;0;0
0;0;0;0
0;0;0;0
0;0;0;0
0;0;0;0
0;0;0;0
0;0;0;0
0;0;0;0
0;0;0;0
0;0;0;0
0;0;0;0
0;0;0;0
0;0;0;0
0;0;0;0
0;0;0;0
0;0;0;0
0;0;0;0
0;0;0;0
0;0;0;0
0;0;0;0
0;0;0;0
0;0;0;0
0;0;0;0
0;0;0;0
0;0;0;0
0;0;0;0
0;0;0;0
0;0;0;0
0;0;0;0
0;0;0;0
0;0;0;0
0;0;0;0
0;0;0;0
0;0;0;0
0;0;0;0
0;0;0;0
0;0;0;0
0;0;0;0
0;0;0;0
0;0;0;0
0;0;0;0
0;0;0;0
0;0;0;0
0;0;0;0
0;0;0;0
0;0;0;0
0;0;0;0
0;0;0;0
0;0;0;0
0;0;0;0
0;0;0;0
0;0;0;0
0;0;0;0
0;0;0;0
0;0;0;0
0;0;0;0
0;0;0;0
0;0;0;0
0;0;0;0
0;0;0;0
0;0;0;0
0;0;0;0
0;0;0;0
0;0;0;0
0;0;0;0
0;0;0;0
0;0;0;0
0;0;0;0
0;0;0;0
0;0;0;0
0;0;0;0
0;0;0;0
0;0;0;0
0;0;0;0
0;0;0;0
0;0;0;0
0;0;0;0
0;0;0;0
0;0;0;0
0;0;0;0
0;0;0;0
0;0;0;0
0;0;0;0
0;0;0;0
0;0;0;0
0;0;0;0
0;0;0;0
0;0;0;0
0;0;0;0
0;0;0;0
0;0;0;0
0;0;0;0
0;0;0;0
0;0;0;0
0;0;0;0
0;0;0;0
0;0;0;0
0;0;0;0
0;0;0;0
0;0;0;0
0;0;0;0
0;0;0;0
0;0;0;0
0;0;0;0
0;0;0;0
0;0;0;0
0;0;0;0
0;0;0;0
0;0;0;0
0;0;0;0
0;0;0;0
0;0;0;0
0;0;0;0
0;0;0;0
0;0;0;0
0;0;0;0
0;0;0;0
0;0;0;0
0;0;0;0
0;0;0;0
0;0;0;0
0;0;0;0
0;0;0;0
0;0;0;0
0;0;0;0
0;0;0;0
0;0;0;0
0;0;0;0
0;0;0;0
0;0;0;0
0;0;0;0
0;0;0;0
0;0;0;0
0;0;0;0
0;0;0;0
0;0;0;0
0;0;0;0
0;0;0;0
0;0;0;0
0;0;0;0
0;0;0;0
0;0;0;0
0;0;0;0
0;0;0;0
0;0;0;0
0;0;0;0
0;0;0;0
0;0;0;0
0;0;0;0
0;0;0;0
0;0;0;0
0;0;0;0
0;0;0;0
0;0;0;0
0;0;0;0
0;0;0;0
0;0;0;0
0;0;0;0
0;0;0;0
0;0;0;0
0;0;0;0
0;0;0;0
0;0;0;0
0;0;0;0
0;0;0;0
0;0;0;0
0;0;0;0
0;0;0;0
0;0;0;0
0;0;0;0
0;0;0;0
0;0;0;0
0;0;0;0
0;0;0;0
0;0;0;0
0;0;0;0
0;0;0;0
0;0;0;0
0;0;0;0
0;0;0;0
0;0;0;0
0;0;0;0
0;0;0;0
0;0;0;0
0;0;0;0
0;0;0;0
0;0;0;0
0;0;0;0
0;0;0;0
0;0;0;0
0;0;0;0
0;0;0;0
0;0;0;0
0;0;0;0
0;0;0;0
0;0;0;0
0;0;0;0
0;0;0;0
0;0;0;0
0;0;0;0
0;0;0;0
0;0;0;0
0;0;0;0
0;0;0;0
0;0;0;0
0;0;0;0
0;0;0;0
0;0;0;0
0;0;0;0
0;0;0;0
0;0;0;0
0;0;0;0
0;0;0;0
0;0;0;0
0;0;0;0
0;0;0;0
0;0;0;0
0;0;0;0
0;0;0;0
0;0;0;0
0;0;0;0
0;0;0;0
0;0;0;0
0;0;0;0
0;0;0;0
0;0;0;0
0;0;0;0
0;0;0;0
0;0;0;0
0;0;0;0
0;0;0;0
0;0;0;0
0;0;0;0
0;0;0;0
0;0;0;0
0;0;0;0
0;0;0;0
0;0;0;0
0;0;0;0
0;0;0;0
0;0;0;0
0;0;0;0
0;0;0;0
0;0;0;0
0;0;0;0
0;0;0;0
0;0;0;0
0;0;0;0
0;0;0;0
0;0;0;0
0;0;0;0
0;0;0;0
0;0;0;0
0;0;0;0
0;0;0;0
0;0;0;0
0;0;0;0
0;0;0;0
0;0;0;0
0;0;0;0
0;0;0;0
0;0;0;0
0;0;0;0
0;0;0;0
0;0;0;0
0;0;0;0
0;0;0;0
0;0;0;0
0;0;0;0
0;0;0;0
0;0;0;0
0;0;0;0
0;0;0;0
0;0;0;0
0;0;0;0
0;0;0;0
0;0;0;0
0;0;0;0
0;0;0;0
0;0;0;0
0;0;0;0
0;0;0;0
0;0;0;0
0;0;0;0
0;0;0;0
0;0;0;0
0;0;0;0
0;0;0;0
0;0;0;0
0;0;0;0
0;0;0;0
0;0;0;0
0;0;0;0
0;0;0;0
0;0;0;0
0;0;0;0
0;0;0;0
0;0;0;0
0;0;0;0
0;0;0;0
0;0;0;0
0;0;0;0
0;0;0;0
0;0;0;0
0;0;0;0
0;0;0;0
0;0;0;0
0;0;0;0
0;0;0;0
0;0;0;0
0;0;0;0
0;0;0;0
0;0;0;0
0;0;0;0
0;0;0;0
0;0;0;0
0;0;0;0
0;0;0;0
0;0;0;0
0;0;0;0
0;0;0;0
0;0;0;0
0;0;0;0
0;0;0;0
0;0;0;0
0;0;0;0
0;0;0;0
0;0;0;0
0;0;0;0
0;0;0;0
0;0;0;0
0;0;0;0
0;0;0;0
0;0;0;0
0;0;0;0
0;0;0;0
0;0;0;0
0;0;0;0
0;0;0;0
0;0;0;0
0;0;0;0
0;0;0;0
0;0;0;0
0;0;0;0
0;0;0;0
0;0;0;0
0;0;0;0
0;0;0;0
0;0;0;0
0;0;0;0
0;0;0;0
0;0;0;0
0;0;0;0
0;0;0;0
0;0;0;0
0;0;0;0
0;0;0;0
0;0;0;0
0;0;0;0
0;0;0;0
0;0;0;0
0;0;0;0
0;0;0;0
0;0;0;0
0;0;0;0
0;0;0;0
0;0;0;0
0;0;0;0
0;0;0;0
0;0;0;0
0;0;0;0
0;0;0;0
0;0;0;0
0;0;0;0
0;0;0;0
0;0;0;0
0;0;0;0
0;0;0;0
0;0;0;0
0;0;0;0
0;0;0;0
0;0;0;0
0;0;0;0
0;0;0;0
0;0;0;0
0;0;0;0
0;0;0;0
0;0;0;0
0;0;0;0
0;0;0;0
0;0;0;0
0;0;0;0
0;0;0;0
0;0;0;0
0;0;0;0
0;0;0;0
0;0;0;0
0;0;0;0
0;0;0;0
0;0;0;0
0;0;0;0
0;0;0;0
0;0;0;0
0;0;0;0
0;0;0;0
0;0;0;0
0;0;0;0
0;0;0;0
0;0;0;0
0;0;0;0
0;0;0;0
0;0;0;0
0;0;0;0
0;0;0;0
0;0;0;0
0;0;0;0
0;0;0;0
0;0;0;0
0;0;0;0
0;0;0;0
0;0;0;0
0;0;0;0
0;0;0;0
0;0;0;0
0;0;0;0
0;0;0;0
0;0;0;0
0;0;0;0
0;0;0;0
0;0;0;0
0;0;0;0
0;0;0;0
0;0;0;0
0;0;0;0
0;0;0;0
0;0;0;0
0;0;0;0
0;0;0;0
0;0;0;0
0;0;0;0
0;0;0;0
0;0;0;0
0;0;0;0
0;0;0;0
0;0;0;0
0;0;0;0
0;0;0;0
0;0;0;0
0;0;0;0
0;0;0;0
0;0;0;0
0;0;0;0
0;0;0;0
0;0;0;0
0;0;0;0
0;0;0;0
0;0;0;0
0;0;0;0
0;0;0;0
0;0;0;0
0;0;0;0
0;0;0;0
0;0;0;0
0;0;0;0
0;0;0;0
0;0;0;0
0;0;0;0
0;0;0;0
0;0;0;0
0;0;0;0
0;0;0;0
0;0;0;0
0;0;0;0
0;0;0;0
0;0;0;0
0;0;0;0
0;0;0;0
0;0;0;0
0;0;0;0
0;0;0;0
0;0;0;0
0;0;0;0
0;0;0;0
0;0;0;0
0;0;0;0
0;0;0;0
0;0;0;0
0;0;0;0
0;0;0;0
0;0;0;0
0;0;0;0
0;0;0;0
0;0;0;0
0;0;0;0
0;0;0;0
0;0;0;0
0;0;0;0
0;0;0;0
0;0;0;0
0;0;0;0
0;0;0;0
0;0;0;0
0;0;0;0
0;0;0;0
0;0;0;0
0;0;0;0
0;0;0;0
0;0;0;0
0;0;0;0
0;0;0;0
0;0;0;0
0;0;0;0
0;0;0;0
0;0;0;0
0;0;0;0
0;0;0;0
0;0;0;0
0;0;0;0
0;0;0;0
0;0;0;0
0;0;0;0
0;0;0;0
0;0;0;0
0;0;0;0
0;0;0;0
0;0;0;0
0;0;0;0
0;0;0;0
0;0;0;0
0;0;0;0
0;0;0;0
0;0;0;0
0;0;0;0
0;0;0;0
0;0;0;0
0;0;0;0
0;0;0;0
0;0;0;0
0;0;0;0
0;0;0;0
0;0;0;0
0;0;0;0
0;0;0;0
0;0;0;0
0;0;0;0
0;0;0;0
0;0;0;0
0;0;0;0
0;0;0;0
0;0;0;0
0;0;0;0
0;0;0;0
0;0;0;0
0;0;0;0
0;0;0;0
0;0;0;0
0;0;0;0
0;0;0;0
0;0;0;0
0;0;0;0
0;0;0;0
0;0;0;0
0;0;0;0
0;0;0;0
0;0;0;0
0;0;0;0
0;0;0;0
0;0;0;0
0;0;0;0
0;0;0;0
0;0;0;0
0;0;0;0
0;0;0;0
0;0;0;0
0;0;0;0
0;0;0;0
0;0;0;0
0;0;0;0
0;0;0;0
0;0;0;0
0;0;0;0
0;0;0;0
0;0;0;0
0;0;0;0
0;0;0;0
0;0;0;0
0;0;0;0
0;0;0;0
0;0;0;0
0;0;0;0
0;0;0;0
0;0;0;0
0;0;0;0
0;0;0;0
0;0;0;0
0;0;0;0
0;0;0;0
0;0;0;0
0;0;0;0
0;0;0;0
0;0;0;0
0;0;0;0
0;0;0;0
0;0;0;0
0;0;0;0
0;0;0;0
0;0;0;0
0;0;0;0
0;0;0;0
0;0;0;0
0;0;0;0
0;0;0;0
0;0;0;0
0;0;0;0
0;0;0;0
0;0;0;0
0;0;0;0
0;0;0;0
0;0;0;0
0;0;0;0
0;0;0;0
0;0;0;0
0;0;0;0
0;0;0;0
0;0;0;0
0;0;0;0
0;0;0;0
0;0;0;0
0;0;0;0
0;0;0;0
0;0;0;0
0;0;0;0
0;0;0;0
0;0;0;0
0;0;0;0
0;0;0;0
0;0;0;0
0;0;0;0
0;0;0;0
0;0;0;0
0;0;0;0
0;0;0;0
0;0;0;0
0;0;0;0
0;0;0;0
0;0;0;0
0;0;0;0
0;0;0;0
0;0;0;0
0;0;0;0
0;0;0;0
0;0;0;0
0;0;0;0
0;0;0;0
0;0;0;0
0;0;0;0
0;0;0;0
0;0;0;0
0;0;0;0
0;0;0;0
0;0;0;0
0;0;0;0
0;0;0;0
0;0;0;0
0;0;0;0
0;0;0;0
0;0;0;0
0;0;0;0
0;0;0;0
0;0;0;0
0;0;0;0
0;0;0;0
0;0;0;0
0;0;0;0
0;0;0;0
0;0;0;0
0;0;0;0
0;0;0;0
0;0;0;0
0;0;0;0
0;0;0;0
0;0;0;0
0;0;0;0
0;0;0;0
0;0;0;0
0;0;0;0
0;0;0;0
0;0;0;0
0;0;0;0
0;0;0;0
0;0;0;0
0;0;0;0
0;0;0;0
0;0;0;0
0;0;0;0
0;0;0;0
0;0;0;0
0;0;0;0
0;0;0;0
0;0;0;0
0;0;0;0
0;0;0;0
0;0;0;0
0;0;0;0
0;0;0;0
0;0;0;0
0;0;0;0
0;0;0;0
0;0;0;0
0;0;0;0
0;0;0;0
0;0;0;0
0;0;0;0
0;0;0;0
0;0;0;0
0;0;0;0
0;0;0;0
0;0;0;0
0;0;0;0
0;0;0;0
0;0;0;0
0;0;0;0
0;0;0;0
0;0;0;0
0;0;0;0
0;0;0;0
0;0;0;0
0;0;0;0
0;0;0;0
0;0;0;0
0;0;0;0
0;0;0;0
0;0;0;0
0;0;0;0
0;0;0;0
0;0;0;0
0;0;0;0
0;0;0;0
0;0;0;0
0;0;0;0
0;0;0;0
0;0;0;0
0;0;0;0
0;0;0;0
0;0;0;0
0;0;0;0
0;0;0;0
0;0;0;0
0;0;0;0
0;0;0;0
0;0;0;0
0;0;0;0
0;0;0;0
0;0;0;0
0;0;0;0
0;0;0;0
0;0;0;0
0;0;0;0
0;0;0;0
0;0;0;0
0;0;0;0
0;0;0;0
0;0;0;0
0;0;0;0
0;0;0;0
0;0;0;0
0;0;0;0
0;0;0;0
0;0;0;0
0;0;0;0
0;0;0;0
0;0;0;0
0;0;0;0
0;0;0;0
0;0;0;0
0;0;0;0
0;0;0;0
0;0;0;0
0;0;0;0
0;0;0;0
0;0;0;0
0;0;0;0
0;0;0;0
0;0;0;0
0;0;0;0
0;0;0;0
0;0;0;0
0;0;0;0
0;0;0;0
0;0;0;0
0;0;0;0
0;0;0;0
0;0;0;0
0;0;0;0
0;0;0;0
0;0;0;0
0;0;0;0
0;0;0;0
0;0;0;0
0;0;0;0
0;0;0;0
0;0;0;0
0;0;0;0
0;0;0;0
0;0;0;0
0;0;0;0
0;0;0;0
0;0;0;0
0;0;0;0
0;0;0;0
0;0;0;0
0;0;0;0
0;0;0;0
0;0;0;0
0;0;0;0
0;0;0;0
0;0;0;0
0;0;0;0
0;0;0;0
0;0;0;0
0;0;0;0
0;0;0;0
0;0;0;0
0;0;0;0
0;0;0;0
0;0;0;0
0;0;0;0
0;0;0;0
0;0;0;0
0;0;0;0
0;0;0;0
0;0;0;0
0;0;0;0
0;0;0;0
0;0;0;0
0;0;0;0
0;0;0;0
0;0;0;0
0;0;0;0
0;0;0;0
0;0;0;0
0;0;0;0
0;0;0;0
0;0;0;0
0;0;0;0
0;0;0;0
0;0;0;0
0;0;0;0
0;0;0;0
0;0;0;0
0;0;0;0
0;0;0;0
0;0;0;0
0;0;0;0
0;0;0;0
0;0;0;0
0;0;0;0
0;0;0;0
0;0;0;0
0;0;0;0
0;0;0;0
0;0;0;0
0;0;0;0
0;0;0;0
0;0;0;0
0;0;0;0
0;0;0;0
0;0;0;0
0;0;0;0
0;0;0;0
0;0;0;0
0;0;0;0
0;0;0;0
0;0;0;0
0;0;0;0
0;0;0;0
0;0;0;0
0;0;0;0
0;0;0;0
0;0;0;0
0;0;0;0
0;0;0;0
0;0;0;0
0;0;0;0
0;0;0;0
0;0;0;0
0;0;0;0
0;0;0;0
0;0;0;0
0;0;0;0
0;0;0;0
0;0;0;0
0;0;0;0
0;0;0;0
0;0;0;0
0;0;0;0
0;0;0;0
0;0;0;0
0;0;0;0
0;0;0;0
0;0;0;0
0;0;0;0
0;0;0;0
0;0;0;0
0;0;0;0
0;0;0;0
0;0;0;0
0;0;0;0
0;0;0;0
0;0;0;0
0;0;0;0
0;0;0;0
0;0;0;0
0;0;0;0
0;0;0;0
0;0;0;0
0;0;0;0
0;0;0;0
0;0;0;0
0;0;0;0
0;0;0;0
0;0;0;0
0;0;0;0
0;0;0;0
0;0;0;0
0;0;0;0
0;0;0;0
0;0;0;0
0;0;0;0
0;0;0;0
0;0;0;0
0;0;0;0
0;0;0;0
0;0;0;0
0;0;0;0
0;0;0;0
0;0;0;0
0;0;0;0
0;0;0;0
0;0;0;0
0;0;0;0
0;0;0;0
0;0;0;0
0;0;0;0
0;0;0;0
0;0;0;0
0;0;0;0
0;0;0;0
0;0;0;0
0;0;0;0
0;0;0;0
0;0;0;0
0;0;0;0
0;0;0;0
0;0;0;0
0;0;0;0
0;0;0;0
0;0;0;0
0;0;0;0
0;0;0;0
0;0;0;0
0;0;0;0
0;0;0;0
0;0;0;0
0;0;0;0
0;0;0;0
0;0;0;0
0;0;0;0
0;0;0;0
0;0;0;0
0;0;0;0
0;0;0;0
0;0;0;0
0;0;0;0
0;0;0;0
0;0;0;0
0;0;0;0
0;0;0;0
0;0;0;0
0;0;0;0
0;0;0;0
0;0;0;0
0;0;0;0
0;0;0;0
0;0;0;0
0;0;0;0
0;0;0;0
0;0;0;0
0;0;0;0
0;0;0;0
0;0;0;0
0;0;0;0
0;0;0;0
0;0;0;0
0;0;0;0
0;0;0;0
0;0;0;0
0;0;0;0
0;0;0;0
0;0;0;0
0;0;0;0
0;0;0;0
0;0;0;0
0;0;0;0
0;0;0;0
0;0;0;0
0;0;0;0
0;0;0;0
0;0;0;0
0;0;0;0
0;0;0;0
0;0;0;0
0;0;0;0
0;0;0;0
0;0;0;0
0;0;0;0
0;0;0;0
0;0;0;0
0;0;0;0
0;0;0;0
0;0;0;0
0;0;0;0
0;0;0;0
0;0;0;0
0;0;0;0
0;0;0;0
0;0;0;0
0;0;0;0
0;0;0;0
0;0;0;0
0;0;0;0
0;0;0;0
0;0;0;0
0;0;0;0
0;0;0;0
0;0;0;0
0;0;0;0
0;0;0;0
0;0;0;0
0;0;0;0
0;0;0;0
0;0;0;0
0;0;0;0
0;0;0;0
0;0;0;0
0;0;0;0
0;0;0;0
0;0;0;0
0;0;0;0
0;0;0;0
0;0;0;0
0;0;0;0
0;0;0;0
0;0;0;0
0;0;0;0
0;0;0;0
0;0;0;0
0;0;0;0
0;0;0;0
0;0;0;0
0;0;0;0
0;0;0;0
0;0;0;0
0;0;0;0
0;0;0;0
0;0;0;0
0;0;0;0
0;0;0;0
0;0;0;0
0;0;0;0
0;0;0;0
0;0;0;0
0;0;0;0
0;0;0;0
0;0;0;0
0;0;0;0
0;0;0;0
0;0;0;0
0;0;0;0
0;0;0;0
0;0;0;0
0;0;0;0
0;0;0;0
0;0;0;0
0;0;0;0
0;0;0;0
0;0;0;0
0;0;0;0
0;0;0;0
0;0;0;0
0;0;0;0
0;0;0;0
0;0;0;0
0;0;0;0
0;0;0;0
0;0;0;0
0;0;0;0
0;0;0;0
0;0;0;0
0;0;0;0
0;0;0;0
0;0;0;0
0;0;0;0
0;0;0;0
0;0;0;0
0;0;0;0
0;0;0;0
0;0;0;0
0;0;0;0
0;0;0;0
0;0;0;0
0;0;0;0
0;0;0;0
0;0;0;0
0;0;0;0
0;0;0;0
0;0;0;0
0;0;0;0
0;0;0;0
0;0;0;0
0;0;0;0
0;0;0;0
0;0;0;0
0;0;0;0
0;0;0;0
0;0;0;0
0;0;0;0
0;0;0;0
0;0;0;0
0;0;0;0
0;0;0;0
0;0;0;0
0;0;0;0
0;0;0;0
0;0;0;0
0;0;0;0
0;0;0;0
0;0;0;0
0;0;0;0
0;0;0;0
0;0;0;0
0;0;0;0
0;0;0;0
0;0;0;0
0;0;0;0
0;0;0;0
0;0;0;0
0;0;0;0
0;0;0;0
0;0;0;0
0;0;0;0
0;0;0;0
0;0;0;0
0;0;0;0
0;0;0;0
0;0;0;0
0;0;0;0
0;0;0;0
0;0;0;0
0;0;0;0
0;0;0;0
0;0;0;0
0;0;0;0
0;0;0;0
0;0;0;0
0;0;0;0
0;0;0;0
0;0;0;0
0;0;0;0
0;0;0;0
0;0;0;0
0;0;0;0
0;0;0;0
0;0;0;0
0;0;0;0
0;0;0;0
0;0;0;0
0;0;0;0
0;0;0;0
0;0;0;0
0;0;0;0
0;0;0;0
0;0;0;0
0;0;0;0
0;0;0;0
0;0;0;0
0;0;0;0
0;0;0;0
0;0;0;0
0;0;0;0
0;0;0;0
0;0;0;0
0;0;0;0
0;0;0;0
0;0;0;0
0;0;0;0
0;0;0;0
0;0;0;0
0;0;0;0
0;0;0;0
0;0;0;0
0;0;0;0
0;0;0;0
0;0;0;0
0;0;0;0
0;0;0;0
0;0;0;0
0;0;0;0
0;0;0;0
0;0;0;0
0;0;0;0
0;0;0;0
0;0;0;0
0;0;0;0
0;0;0;0
0;0;0;0
0;0;0;0
0;0;0;0
0;0;0;0
0;0;0;0
0;0;0;0
0;0;0;0
0;0;0;0
0;0;0;0
0;0;0;0
0;0;0;0
0;0;0;0
0;0;0;0
0;0;0;0
0;0;0;0
0;0;0;0
0;0;0;0
0;0;0;0
0;0;0;0
0;0;0;0
0;0;0;0
0;0;0;0
0;0;0;0
0;0;0;0
0;0;0;0
0;0;0;0
0;0;0;0
0;0;0;0
0;0;0;0
0;0;0;0
0;0;0;0
0;0;0;0
0;0;0;0
0;0;0;0
0;0;0;0
0;0;0;0
0;0;0;0
0;0;0;0
0;0;0;0
0;0;0;0
0;0;0;0
0;0;0;0
0;0;0;0
0;0;0;0
0;0;0;0
0;0;0;0
0;0;0;0
0;0;0;0
0;0;0;0
0;0;0;0
0;0;0;0
0;0;0;0
0;0;0;0
0;0;0;0
0;0;0;0
0;0;0;0
0;0;0;0
0;0;0;0
0;0;0;0
0;0;0;0
0;0;0;0
0;0;0;0
0;0;0;0
0;0;0;0
0;0;0;0
0;0;0;0
0;0;0;0
0;0;0;0
0;0;0;0
0;0;0;0
0;0;0;0
0;0;0;0
0;0;0;0
0;0;0;0
0;0;0;0
0;0;0;0
0;0;0;0
0;0;0;0
0;0;0;0
0;0;0;0
0;0;0;0
0;0;0;0
0;0;0;0
0;0;0;0
0;0;0;0
0;0;0;0
0;0;0;0
0;0;0;0
0;0;0;0
0;0;0;0
0;0;0;0
0;0;0;0
0;0;0;0
0;0;0;0
0;0;0;0
0;0;0;0
0;0;0;0
0;0;0;0
0;0;0;0
0;0;0;0
0;0;0;0
0;0;0;0
0;0;0;0
0;0;0;0
0;0;0;0
0;0;0;0
0;0;0;0
0;0;0;0
0;0;0;0
0;0;0;0
0;0;0;0
0;0;0;0
0;0;0;0
0;0;0;0
0;0;0;0
0;0;0;0
0;0;0;0
0;0;0;0
0;0;0;0
0;0;0;0
0;0;0;0
0;0;0;0
0;0;0;0
0;0;0;0
0;0;0;0
0;0;0;0
0;0;0;0
0;0;0;0
0;0;0;0
0;0;0;0
0;0;0;0
0;0;0;0
0;0;0;0
0;0;0;0
0;0;0;0
0;0;0;0
0;0;0;0
0;0;0;0
0;0;0;0
0;0;0;0
0;0;0;0
0;0;0;0
0;0;0;0
0;0;0;0
0;0;0;0
0;0;0;0
0;0;0;0
0;0;0;0
0;0;0;0
0;0;0;0
0;0;0;0
0;0;0;0
0;0;0;0
0;0;0;0
0;0;0;0
0;0;0;0
0;0;0;0
0;0;0;0
0;0;0;0
0;0;0;0
0;0;0;0
0;0;0;0
0;0;0;0
0;0;0;0
0;0;0;0
0;0;0;0
0;0;0;0
0;0;0;0
0;0;0;0
0;0;0;0
0;0;0;0
0;0;0;0
0;0;0;0
0;0;0;0
0;0;0;0
0;0;0;0
0;0;0;0
0;0;0;0
0;0;0;0
0;0;0;0
0;0;0;0
0;0;0;0
0;0;0;0
0;0;0;0
0;0;0;0
0;0;0;0
0;0;0;0
0;0;0;0
0;0;0;0
0;0;0;0
0;0;0;0
0;0;0;0
0;0;0;0
0;0;0;0
0;0;0;0
0;0;0;0
0;0;0;0
0;0;0;0
0;0;0;0
0;0;0;0
0;0;0;0
0;0;0;0
0;0;0;0
0;0;0;0
0;0;0;0
0;0;0;0
0;0;0;0
0;0;0;0
0;0;0;0
0;0;0;0
0;0;0;0
0;0;0;0
0;0;0;0
0;0;0;0
0;0;0;0
0;0;0;0
0;0;0;0
0;0;0;0
0;0;0;0
0;0;0;0
0;0;0;0
0;0;0;0
0;0;0;0
0;0;0;0
0;0;0;0
0;0;0;0
0;0;0;0
0;0;0;0
0;0;0;0
0;0;0;0
0;0;0;0
0;0;0;0
0;0;0;0
0;0;0;0
0;0;0;0
0;0;0;0
0;0;0;0
0;0;0;0
0;0;0;0
0;0;0;0
0;0;0;0
0;0;0;0
0;0;0;0
0;0;0;0
0;0;0;0
0;0;0;0
0;0;0;0
0;0;0;0
0;0;0;0
0;0;0;0
0;0;0;0
0;0;0;0
0;0;0;0
0;0;0;0
0;0;0;0
0;0;0;0
0;0;0;0
0;0;0;0
0;0;0;0
0;0;0;0
0;0;0;0
0;0;0;0
0;0;0;0
0;0;0;0
0;0;0;0
0;0;0;0
0;0;0;0
0;0;0;0
0;0;0;0
0;0;0;0
0;0;0;0
0;0;0;0
0;0;0;0
0;0;0;0
0;0;0;0
0;0;0;0
0;0;0;0
0;0;0;0
0;0;0;0
0;0;0;0
0;0;0;0
0;0;0;0
0;0;0;0
0;0;0;0
0;0;0;0
0;0;0;0
0;0;0;0
0;0;0;0
0;0;0;0
0;0;0;0
0;0;0;0
0;0;0;0
0;0;0;0
0;0;0;0
0;0;0;0
0;0;0;0
0;0;0;0
0;0;0;0
0;0;0;0
0;0;0;0
0;0;0;0
0;0;0;0
0;0;0;0
0;0;0;0
0;0;0;0
0;0;0;0
0;0;0;0
0;0;0;0
0;0;0;0
0;0;0;0
0;0;0;0
0;0;0;0
0;0;0;0
0;0;0;0
0;0;0;0
0;0;0;0
0;0;0;0
0;0;0;0
0;0;0;0
0;0;0;0
0;0;0;0
0;0;0;0
0;0;0;0
0;0;0;0
0;0;0;0
0;0;0;0
0;0;0;0
0;0;0;0
0;0;0;0
0;0;0;0
0;0;0;0
0;0;0;0
0;0;0;0
0;0;0;0
0;0;0;0
0;0;0;0
0;0;0;0
0;0;0;0
0;0;0;0
0;0;0;0
0;0;0;0
0;0;0;0
0;0;0;0
0;0;0;0
0;0;0;0
0;0;0;0
0;0;0;0
0;0;0;0
0;0;0;0
0;0;0;0
0;0;0;0
0;0;0;0
0;0;0;0
0;0;0;0
0;0;0;0
0;0;0;0
0;0;0;0
0;0;0;0
0;0;0;0
0;0;0;0
0;0;0;0
0;0;0;0
0;0;0;0
0;0;0;0
0;0;0;0
0;0;0;0
0;0;0;0
0;0;0;0
0;0;0;0
0;0;0;0
0;0;0;0
0;0;0;0
0;0;0;0
0;0;0;0
0;0;0;0
0;0;0;0
0;0;0;0
0;0;0;0
0;0;0;0
0;0;0;0
0;0;0;0
0;0;0;0
0;0;0;0
0;0;0;0
0;0;0;0
0;0;0;0
0;0;0;0
0;0;0;0
0;0;0;0
0;0;0;0
0;0;0;0
0;0;0;0
0;0;0;0
0;0;0;0
0;0;0;0
0;0;0;0
0;0;0;0
0;0;0;0
0;0;0;0
0;0;0;0
0;0;0;0
0;0;0;0
0;0;0;0
0;0;0;0
0;0;0;0
0;0;0;0
0;0;0;0
0;0;0;0
0;0;0;0
0;0;0;0
0;0;0;0
0;0;0;0
0;0;0;0
0;0;0;0
0;0;0;0
0;0;0;0
0;0;0;0
0;0;0;0
0;0;0;0
0;0;0;0
0;0;0;0
0;0;0;0
0;0;0;0
0;0;0;0
0;0;0;0
0;0;0;0
0;0;0;0
0;0;0;0
0;1.07587250988506E-16;0;0
0;0;0;0
0;1.46888201775866E-16;0;0
0;0;0;0
0;6.61168578594770E-17;0;0
0;1.18280973829633E-15;0;0
0;4.10682122752526E-16;0;0
0;3.26566354580242E-16;0;0
0;1.04083319754560E-15;0;0
0;7.60503121831895E-16;0;0
0;1.53868105557177E-16;0;0
0;1.16283222551042E-15;0;0
0;4.91529669371656E-16;0;0
0;1.19081694304348E-16;0;0
0;3.36802031914818E-17;0;0
0;5.86706788345555E-16;0;0
0;7.76845150139986E-17;0;0
0;3.15155266797415E-16;0;0
0;6.07910767153141E-17;0;0
0;1.23539615911305E-16;0;0
0;3.15266866860394E-16;0;0
0;4.83624359920031E-17;0;0
0;3.34381353650498E-16;0;0
0;2.22712598341668E-16;0;0
0;2.46581016052416E-17;0;0
0;6.34961796413576E-16;0;0
0;3.13785494622006E-15;0;0
0;7.84184889967143E-15;0;0
0;1.70964415443196E-15;0;0
0;1.22739256612792E-16;0;0
0;8.09076335265826E-17;0;0
0;2.33752894542043E-16;0;0
0;4.56014909354022E-17;0;0
0;3.25990579639472E-17;0;0
0;1.30655147504356E-16;0;0
0;3.46127633719896E-16;0;0
0;2.49032274625351E-17;0;0
0;2.57313375715912E-16;0;0
0;3.44745030127534E-16;0;0
0;3.13613127638625E-16;0;0
0;6.29065369506025E-16;0;0
0;3.48162898688240E-16;0;0
0;2.18632000570237E-16;0;0
0;2.97644870429287E-15;0;0
0;1.77850515859850E-16;0;0
0;1.21959779558413E-16;0;0
0;2.16307237443080E-16;0;0
0;3.50518582829956E-16;0;0
0;2.84353428046286E-17;0;0
0;1.20703876878274E-16;0;0
0;2.08439287426684E-15;0;0
0;2.43110168209801E-16;0;0
0;3.01186527560728E-16;0;0
0;3.20717053174042E-15;0;0
0;1.10049495297861E-15;0;0
0;2.61271502003556E-16;0;0
0;6.77232545199182E-16;0;0
0;1.38101901171596E-16;0;0
0;3.27762357503095E-17;0;0
0;2.73829658324498E-15;0;0
0;1.61359805554501E-16;0;0
0;3.52903833833560E-16;0;0
0;8.33926946395164E-17;0;0
0;1.11100345251375E-16;0;0
0;1.09182409649703E-16;0;0
0;8.01886807289726E-17;0;0
0;1.67486292716263E-15;0;0
0;3.31075083338049E-16;0;0
0;2.92419750446872E-16;0;0
0;7.09499810216884E-16;0;0
0;1.61848700341897E-16;0;0
0;2.42806999722704E-16;0;0
0;3.84008945008363E-16;0;0
0;6.54171670470386E-17;0;0
0;2.22290409612410E-15;0;0
0;2.54456814839305E-15;0;0
0;0;0;0
0;2.31048628301636E-16;0;0
0;4.30223729573800E-16;0;0
0;2.82690077674896E-15;0;0
0;4.11824836614112E-16;0;0
0;1.08072006140263E-15;0;0
0;1.77604550131447E-16;0;0
0;1.50132456338890E-16;0;0
0;6.59777539636936E-16;0;0
0;7.48162481163968E-16;0;0
0;0;0;0
0;2.75037265482814E-16;0;0
0;1.40919650723332E-15;0;0
0;1.17116661227242E-16;0;0
0;1.33913474227963E-16;0;0
0;6.99360337306954E-16;0;0
0;1.12871378505562E-15;0;0
0;1.28317803098963E-15;0;0
0;2.54676715702505E-16;0;0
0;8.54361878239499E-16;0;0
0;1.75254891506152E-15;0;0
0;4.08990670507995E-16;0;0
0;5.52709803250504E-17;0;0
0;2.00846947123952E-16;0;0
0;3.39620996056260E-16;0;0
0;1.52683410338880E-16;0;0
0;1.04986101090311E-15;0;0
0;9.63897369145615E-17;0;0
0;2.44818739915267E-15;0;0
0;6.30800940171241E-16;0;0
0;7.36442644785607E-16;0;0
0;6.64726985605610E-16;0;0
0;2.06885866910102E-15;0;0
0;1.73551440326460E-14;0;0
0;2.19826979790286E-15;0;0
0;1.06419902339011E-14;0;0
0;4.23774343709193E-15;0;0
0;1.30457962884453E-15;0;0
0;3.66655139362995E-16;0;0
0;1.77727286244730E-15;0;0
0;9.70292080860606E-16;0;0
0;3.77494688377409E-16;0;0
0;2.14481457324374E-16;0;0
0;4.32042078842597E-16;0;0
0;3.86992953500895E-16;0;0
0;1.29721481449491E-15;0;0
0;1.04206741316894E-15;0;0
0;2.57432797909455E-16;0;0
0;1.30175637176091E-15;0;0
0;7.54721684727134E-16;0;0
0;4.75341560980796E-15;0;0
0;3.18086350270927E-17;0;0
0;2.21850915287372E-15;0;0
0;9.62594283508440E-16;0;0
0;3.78188104065373E-15;0;0
0;6.76563446877448E-16;0;0
0;1.04341580360346E-16;0;0
0;2.73548190560882E-15;0;0
0;1.44862452582560E-14;0;0
0;1.99247610508664E-14;0;0
0;1.81687288347947E-15;0;0
0;3.95265362941369E-15;0;0
0;2.31811168218827E-17;0;0
0;6.16793986312005E-16;0;0
0;5.86338233941437E-17;0;0
0;4.17240340938437E-15;0;0
0;2.57719795124374E-15;0;0
0;1.88658670843792E-15;0;0
0;6.28099880661836E-16;0;0
0;2.24002075034410E-15;0;0
0;1.89822523395866E-15;0;0
0;4.03108949615232E-16;0;0
0;7.13067801680596E-16;0;0
0;2.80685050868082E-15;0;0
0;3.71579849734443E-16;0;0
0;3.78847013827183E-16;0;0
0;3.26872383376650E-16;0;0
0;9.25735094053792E-16;0;0
0;3.25234208561103E-16;0;0
0;1.60540747721712E-15;0;0
0;1.34111600403733E-16;0;0
0;4.99652772182555E-15;0;0
0;5.81218897481179E-15;0;0
0;4.14577959545131E-16;0;0
0;1.20602835550506E-16;0;0
0;2.70654182649206E-15;0;0
0;2.14153787913843E-15;0;0
0;1.96067437902056E-15;0;0
0;5.01710384104130E-16;0;0
0;1.62234350177734E-14;0;0
0;2.82044933696651E-16;0;0
0;1.89242207469472E-15;0;0
0;1.08198882391434E-16;0;0
0;2.39557601421718E-15;0;0
0;8.51378389815431E-17;0;0
0;2.10066633074468E-16;0;0
0;3.19947733947919E-15;0;0
0;1.16597581877296E-16;0;0
0;2.71650967587534E-15;0;0
0;1.03350106138238E-15;0;0
0;2.09283974321604E-16;0;0
0;7.39860378848549E-16;0;0
0;1.20675665289053E-17;0;0
0;1.57303993539389E-15;0;0
0;3.61642731388490E-16;0;0
0;7.37476372417996E-16;0;0
0;5.56016465838674E-13;0;0
0;1.20345325411796E-15;0;0
0;3.84857437126866E-16;0;0
0;8.23471602361665E-16;0;0
0;3.27326352094351E-15;0;0
0;2.68165412445229E-15;0;0
0;7.13090527196761E-16;0;0
0;5.16263639018915E-16;0;0
0;1.39994241195272E-16;0;0
0;9.61418626825400E-16;0;0
0;4.38483101111784E-16;0;0
0;5.37353407223371E-16;0;0
0;3.02655167378622E-16;0;0
0;1.76839539654296E-15;0;0
0;3.65188405903843E-15;0;0
0;1.36117138678015E-14;0;0
0;8.44986480594519E-17;0;0
0;4.59782861040080E-15;0;0
0;2.53667871301937E-16;0;0
0;3.87535216675260E-16;0;0
0;4.25905219725237E-16;0;0
0;1.59679380914661E-16;0;0
0;1.36168408235750E-17;0;0
0;6.80856228895374E-17;0;0
0;2.93991744515150E-16;0;0
0;9.21818959393542E-16;0;0
0;1.42297481742865E-16;0;0
0;8.42952606669968E-17;0;0
0;1.86457192864053E-16;0;0
0;4.48939478563896E-17;0;0
0;1.39789740544640E-16;0;0
0;5.45324348422673E-17;0;0
0;1.09562275775559E-15;0;0
0;3.58383237299432E-16;0;0
0;6.17112047796189E-16;0;0
0;9.60062016797031E-16;0;0
0;2.27730251057035E-16;0;0
0;2.04760052623471E-16;0;0
0;1.61367784341545E-16;0;0
0;9.69078738174625E-16;0;0
0;1.71848922346424E-16;0;0
0;6.48913076786817E-17;0;0
0;1.90875805836513E-16;0;0
0;2.33804732244094E-15;0;0
0;2.38075736883670E-16;0;0
0;1.61733363466493E-17;0;0
0;3.81730873997605E-16;0;0
0;3.72465123162859E-16;0;0
0;2.62398449972304E-16;0;0
0;1.06052562093114E-16;0;0
0;3.37806781945738E-17;0;0
0;1.22972571918339E-16;0;0
0;1.15289334968888E-16;0;0
0;4.02071021672520E-16;0;0
0;2.27699074452156E-16;0;0
0;2.36403607424419E-17;0;0
0;2.50181954342893E-16;0;0
0;1.35062265043796E-14;0;0
0;1.33337352320786E-16;0;0
0;1.44879057675427E-16;0;0
0;4.09556781537760E-17;0;0
0;1.36917031138534E-16;0;0
0;3.38840582022510E-16;0;0
0;1.70522680754210E-16;0;0
0;1.57811475801416E-15;0;0
0;1.26031202384498E-16;0;0
0;2.09024625672890E-16;0;0
0;2.96132018985190E-15;0;0
0;1.68807360563441E-15;0;0
0;3.18870893896581E-16;0;0
0;9.74387551721945E-16;0;0
0;2.42062081233473E-16;0;0
0;6.99994933131821E-18;0;0
0;5.07714863150487E-16;0;0
0;2.00374898022323E-16;0;0
0;1.82634723474098E-17;0;0
0;2.84708261790095E-15;0;0
0;1.44324692089424E-16;0;0
0;2.76853550304180E-16;0;0
0;2.55648756422568E-16;0;0
0;7.56333128700921E-17;0;0
0;1.17939427858742E-15;0;0
0;1.05183517071753E-16;0;0
0;5.99742539016521E-17;0;0
0;2.14314232225663E-16;0;0
0;6.02210983357254E-16;0;0
0;1.29506208663273E-16;0;0
0;6.91434842167615E-17;0;0
0;7.72817534966119E-16;0;0
0;2.14599029321956E-16;0;0
0;4.78034377470694E-16;0;0
0;2.47550694937788E-16;0;0
0;6.13338575800927E-16;0;0
0;3.48194609709100E-17;0;0
0;6.82384341904978E-16;0;0
0;4.34499514944911E-16;0;0
0;2.01177701685657E-16;0;0
0;5.26216113946800E-16;0;0
0;6.47955391900959E-16;0;0
0;3.13156195466209E-16;0;0
0;1.87186862815210E-16;0;0
0;1.21454163170675E-16;0;0
0;1.69920612213770E-16;0;0
0;2.53317453500344E-18;0;0
0;2.31411868273040E-17;0;0
0;1.05035605704292E-16;0;0
0;9.27515983493887E-17;0;0
0;2.46715126073599E-15;0;0
0;3.00936993485882E-15;0;0
0;1.11096281891074E-16;0;0
0;4.61798692547901E-16;0;0
0;2.61380557434845E-17;0;0
0;8.40723421360567E-18;0;0
0;1.74458362482462E-16;0;0
0;4.79856328600322E-16;0;0
0;4.76799749397597E-17;0;0
0;5.20483824558947E-16;0;0
0;2.21728374779309E-16;0;0
1.91500638135911E-16;1.90773420522737E-15;0;0
1.58885951060274E-16;4.19022753286409E-15;0;0
3.07626741644715E-17;5.55725711204934E-16;0;0
2.19460089455103E-16;2.07125096136784E-16;0;0
4.04970587680077E-18;4.07863234734935E-16;0;0
1.86649112736988E-16;1.19620933827991E-15;0;0
1.10153574802474E-16;4.45859707533824E-16;0;0
1.27127868488596E-16;1.20641752749382E-15;0;0
3.59660902787067E-16;1.28434962146234E-15;0;0
1.80378757740080E-16;3.20172294988642E-15;0;0
1.69414441159381E-15;1.37324797708579E-15;0;0
6.73481404142581E-16;5.69007834524895E-16;0;0
3.20948915129532E-16;4.95328653560565E-16;0;0
3.37425020748077E-16;2.27103790560231E-15;0;0
4.33649990153592E-16;1.54874996483426E-15;0;0
1.53506973044622E-16;1.67883022901182E-15;0;0
3.49306804479865E-16;7.01453501679079E-16;0;0
3.83140948818737E-16;5.48588176717736E-16;0;0
1.85972072829156E-16;1.00094866502245E-15;0;0
1.57299658914918E-16;2.31323027816055E-16;0;0
8.85377753231830E-17;1.99083511940986E-15;0;0
4.60309219600182E-17;6.28322084754249E-15;0;0
5.68995379166488E-17;1.98354435667573E-15;0;0
1.03895439985855E-16;7.95924130885791E-17;0;0
8.20621948884285E-16;2.28955677602098E-15;0;0
8.88200502908010E-16;2.19393115675568E-15;0;0
1.61267839760950E-17;3.25761036317118E-16;0;0
2.06918391362299E-16;1.38051706237103E-15;0;0
3.19348480432816E-16;6.66136409824210E-16;0;0
7.53808514493717E-16;2.90574231843947E-16;0;0
4.38162289166287E-16;2.61424559082407E-16;0;0
3.29688800693763E-16;1.17344791654335E-14;0;0
9.04058214858980E-17;1.60241043010512E-15;0;0
1.17366136999726E-16;1.01158432366431E-15;0;0
3.15337715614355E-16;1.26135086245742E-15;0;0
1.62294222460416E-16;1.03409460070328E-15;0;0
1.15839294271630E-16;1.28953176642003E-15;0;0
1.79966988377806E-16;1.03597577247535E-15;0;0
1.30150985288116E-16;5.71532587569555E-16;0;0
1.42402324595523E-16;5.86399092111696E-16;0;0
7.14237137546178E-17;5.92664858814914E-17;0;0
3.14572588020174E-17;9.10039992872481E-16;0;0
5.56471481734665E-16;3.78907932007365E-16;0;0
8.61694873597843E-16;1.92083771160950E-15;0;0
4.82468680063929E-16;2.10753466742727E-16;0;0
1.22344492004287E-16;2.44936144598482E-16;0;0
1.75726872008858E-16;2.24766929313656E-16;0;0
2.06243900632992E-15;3.43739834388320E-15;0;0
5.82664826689527E-16;1.01995772187167E-14;0;0
3.79552042013314E-16;1.26095622846645E-14;0;0
1.16694194921088E-16;2.45057809334285E-15;0;0
6.15498307443061E-17;8.94839846974911E-16;0;0
1.54251358985644E-16;1.65538043789471E-16;0;0
2.00665385411462E-16;1.05468204939010E-15;0;0
1.72200169994201E-16;6.27784871711142E-16;0;0
1.44531624897005E-16;6.53282944534462E-16;0;0
2.30633230619714E-16;2.63580834993959E-15;0;0
5.53725940743070E-16;9.84252881369181E-17;0;0
3.18150302408801E-16;2.70049824722805E-16;0;0
1.78956138260071E-16;1.13876863577164E-15;0;0
4.90578750511879E-16;5.91445409495630E-16;0;0
1.33085015823752E-16;5.91386978361637E-16;0;0
6.45934864459318E-16;3.30505271761052E-16;0;0
3.99137637829091E-16;2.31499829940873E-15;0;0
6.16106714107189E-17;5.18178173233309E-16;0;0
3.64017806497309E-16;9.53379969397715E-17;0;0
1.35372916257664E-15;5.57788565061677E-15;0;0
7.59921434029631E-16;3.95796436859906E-15;0;0
3.66511375446529E-16;1.35274082403559E-15;0;0
1.20064329915070E-17;6.66003900646536E-16;0;0
5.17517341260293E-16;1.92854421457407E-15;0;0
1.12838226446710E-16;1.68801427644017E-15;0;0
1.68469482076170E-16;1.06232136922587E-15;0;0
4.76940050007595E-17;6.06124474148725E-16;0;0
7.19093638178143E-16;7.98522935467101E-15;0;0
1.93284967032284E-16;1.01348552278667E-15;0;0
1.70480917616554E-16;2.97090234672026E-16;0;0
4.36194424098980E-16;9.44382102660898E-16;0;0
1.72775502737864E-15;3.01231363483985E-15;0;0
3.36053212278920E-16;4.95678488111407E-16;0;0
2.85663048513152E-17;7.56198598233872E-16;0;0
3.48126304779016E-16;1.60697046446858E-15;0;0
2.17165877589457E-16;3.70080609326585E-15;0;0
1.39258762585973E-15;7.38126484694822E-15;0;0
1.17853721287341E-17;6.85734059786715E-16;0;0
1.02487299155527E-16;1.83117117448501E-16;0;0
3.13776447499308E-14;6.27419373106063E-13;0;0
7.34224094775626E-16;6.44102725741795E-16;0;0
4.47953704236386E-16;1.18096885662320E-15;0;0
2.85801768353959E-16;2.64312913590503E-16;0;0
2.10703668447398E-15;2.44118290615319E-14;0;0
2.93684609968861E-16;5.47794698027025E-16;0;0
6.03238192917487E-16;8.60356111210186E-16;0;0
6.31078536838273E-17;1.59572715743392E-15;0;0
2.03620501721594E-16;3.34686571795263E-16;0;0
3.76200123134921E-16;8.80175930852880E-16;0;0
3.19780304311934E-16;1.51184091515014E-15;0;0
2.45644623830961E-15;5.43225539557610E-15;0;0
3.68450376528923E-16;2.98250883737623E-15;0;0
1.16753523509706E-16;6.03897535395030E-17;0;0
1.25864514812266E-17;8.94432988944852E-16;0;0
2.70184847248087E-16;1.73195414902620E-16;0;0
3.01558420833808E-16;1.34291637585517E-15;0;0
3.12216482580417E-16;1.18368942554057E-16;0;0
1.32206974926402E-16;1.92056359982904E-16;0;0
8.07852934983143E-17;3.77287589348758E-16;0;0
1.30364898179890E-16;1.30364898179890E-16;0;0
1.45545009177051E-16;5.95016925716366E-16;0;0
5.14556595916865E-16;1.12610865075267E-15;0;0
7.79197520229991E-17;3.15212915061069E-16;0;0
3.25382783698301E-16;8.36021818958162E-16;0;0
6.82743253014689E-17;1.39293997157165E-15;0;0
9.53383389293304E-16;1.22906496031347E-14;0;0
7.69556506041233E-17;2.46890594129941E-16;0;0
1.04340331889745E-16;3.65879960871082E-16;0;0
9.37224864664054E-17;8.82262186160027E-16;0;0
4.57386924268360E-16;3.22604235550462E-15;0;0
4.68837724088510E-17;2.10524304933813E-15;0;0
2.30945333838826E-16;2.30945333838826E-16;0;0
7.54546227462787E-17;1.19715416747802E-15;0;0
3.08947492244668E-16;1.78488839849394E-16;0;0
1.05271473695056E-16;4.83510031813432E-16;0;0
3.91128287146724E-18;3.24323575702064E-16;0;0
4.08488901508557E-15;1.12251682189711E-14;0;0
6.52458806108375E-17;2.01392284818785E-15;0;0
2.27390974556392E-16;4.89631140615679E-17;0;0
1.22386894890162E-16;2.39125163862316E-16;0;0
2.11517996390703E-16;1.77255310257796E-15;0;0
9.18842568522831E-17;2.56232691816017E-16;0;0
8.89845836216792E-17;4.39446943731677E-16;0;0
6.51807464559752E-17;2.95603493386828E-16;0;0
2.13340538886409E-16;2.79741971050446E-16;0;0
1.12166868946679E-16;5.55827754874830E-16;0;0
8.01166952222109E-17;7.47172339139577E-16;0;0
7.52450956994205E-17;1.59916500090856E-16;0;0
6.54897949062098E-17;3.95238411090454E-16;0;0
1.83293796706585E-16;3.82967039076312E-16;0;0
1.92020789565388E-16;1.54462538214272E-16;0;0
6.78876220332963E-16;3.46259354485616E-16;0;0
4.13604892141640E-17;1.06350405744594E-15;0;0
3.93551151415546E-16;2.38573422133976E-15;0;0
9.76373578870625E-17;5.05494200438959E-16;0;0
3.14777931667841E-16;5.61125878190499E-16;0;0
1.91608635457233E-16;1.91608635457233E-16;0;0
2.18646074479391E-17;2.13812845464583E-16;0;0
1.42192107215423E-16;2.59615266722353E-16;0;0
3.01582490147602E-16;8.44430972413287E-17;0;0
8.87140654315964E-17;2.34842542110344E-16;0;0
1.17206979520310E-15;3.53311793347451E-15;0;0
2.21000485681095E-16;1.76722708233564E-16;0;0
1.06101223771312E-15;6.62114505514306E-15;0;0
1.45127750889213E-17;7.98432991400019E-17;0;0
2.18995147318879E-16;3.95959548972209E-15;0;0
1.05163364397197E-17;2.49821414534674E-16;0;0
1.32034116955392E-15;2.21869954671221E-15;0;0
9.15362196658544E-16;2.08067260957362E-15;0;0
5.78471609167690E-16;2.65690995228248E-15;0;0
2.62768648614122E-16;5.28628693094292E-16;0;0
1.65985231288644E-15;1.07466350476662E-14;0;0
4.10161642894014E-16;1.34443061746513E-15;0;0
8.74812274019861E-16;7.53652827618049E-15;0;0
4.52432037095551E-17;1.11298281125506E-15;0;0
5.24221533137026E-15;4.17904944756981E-14;0;0
1.54484552710814E-16;6.73147444434990E-16;0;0
8.01075044412436E-17;8.45043825045600E-16;0;0
2.20920981275802E-16;1.41156879615170E-15;0;0
9.05007735553857E-17;7.71571711288474E-16;0;0
3.04205363584353E-16;1.35568225559709E-16;0;0
1.19443768794672E-15;2.13288080236420E-15;0;0
5.26015882236648E-17;4.99849963992055E-16;0;0
1.96946484533208E-16;1.49005366891322E-15;0;0
2.09869770829821E-16;1.64657157804812E-15;0;0
7.58126108803855E-16;2.17138760974387E-15;0;0
1.83463938715255E-16;7.66044734722254E-16;0;0
3.63669094731591E-17;2.87421169926068E-16;0;0
1.58427190080162E-16;7.44798669509390E-16;0;0
7.26490609323311E-16;6.53991340269191E-16;0;0
4.88399116124481E-17;3.19175422375404E-16;0;0
4.12416404663233E-15;4.70470839326628E-15;0;0
2.42992122250196E-16;4.45919244186068E-15;0;0
7.02924444036020E-16;3.85273777553920E-15;0;0
9.27056553023354E-16;2.70086412326676E-15;0;0
6.48161264188517E-17;2.67042440845669E-16;0;0
8.70774311876804E-17;1.18674099075782E-15;0;0
1.69638464861752E-15;1.69638464861752E-15;0;0
3.96789562220136E-17;7.10436450018145E-16;0;0
5.17308590041578E-16;1.67728814376985E-15;0;0
1.57270849650844E-16;5.35089852683019E-16;0;0
8.20524166855723E-17;2.93871764633537E-16;0;0
6.55966575658578E-17;1.27701118973533E-16;0;0
2.93246721069412E-16;1.75414856785157E-15;0;0
3.46027143344476E-16;9.01919124529645E-17;0;0
3.77391103788288E-17;5.19038564743491E-15;0;0
1.47696799812780E-16;5.66830080541331E-16;0;0
1.89316238050155E-16;1.35129166470501E-15;0;0
1.12830909158364E-16;3.87956680220679E-16;0;0
3.68807143637802E-16;2.20210090618687E-15;0;0
5.63850310153107E-17;2.73547950468564E-16;0;0
2.40667209850965E-16;5.90040283027871E-16;0;0
1.93030056118142E-17;1.73769946074354E-15;0;0
2.34279828426048E-16;1.76468842853020E-15;0;0
1.45956993100681E-15;2.75336367741458E-15;0;0
1.27973501094457E-15;2.76675598822284E-15;0;0
4.92518216369306E-17;4.64866967095117E-16;0;0
9.43574604805755E-17;1.23653262866711E-16;0;0
1.54092768468326E-16;5.63382116931926E-16;0;0
8.05022992548285E-15;2.70677628081925E-14;0;0
5.55641807808806E-16;1.58604134324643E-15;0;0
3.59233820224116E-17;2.02899686805209E-16;0;0
1.68431928997304E-16;1.13406901644657E-16;0;0
1.15572549972285E-16;2.23739416404657E-16;0;0
9.70075816581079E-16;2.29060642294937E-15;0;0
3.29440596403630E-16;2.14320257899323E-17;0;0
5.03686391615114E-17;1.25523034376184E-16;0;0
2.95947008796700E-16;1.08816364412481E-16;0;0
3.67342299530878E-16;6.51586046859189E-17;0;0
3.80426843647053E-14;7.40634674306856E-14;0;0
1.29821465039626E-16;1.81228457258162E-17;0;0
1.32688862921168E-16;1.19663226203013E-16;0;0
5.34056711454473E-16;7.03269571888424E-16;0;0
2.70070853911201E-16;8.18073794245356E-17;0;0
1.87074243249784E-16;1.22959962328602E-16;0;0
1.06481763043541E-16;1.01243182624973E-16;0;0
2.44842906319199E-16;7.72343689239397E-16;0;0
1.66378280398793E-16;1.33049887658199E-15;0;0
7.94641395248439E-18;1.85090823490126E-15;0;0
1.67214281631614E-16;9.34861070660326E-16;0;0
7.93857248954876E-16;4.54990836664729E-16;0;0
3.60500521894225E-16;1.01854202797337E-15;0;0
2.96349574064723E-16;1.56262200971757E-16;0;0
3.18467737840881E-16;6.07300209583312E-16;0;0
1.71967901981205E-15;1.90405020632681E-15;0;0
1.13313559026165E-15;1.92927461568976E-15;0;0
2.00484514498125E-17;3.84833443069028E-16;0;0
3.74142867290346E-16;3.34997178649691E-16;0;0
9.39404277729867E-17;2.84674199833734E-15;0;0
5.39748220233116E-16;2.58553519361287E-15;0;0
1.56125392359788E-17;1.51974719402989E-15;0;0
9.05256259438452E-17;2.11053938809396E-16;0;0
4.67234974493015E-16;3.54503260666368E-16;0;0
7.31835917825674E-16;2.35704575397302E-15;0;0
8.82925359677198E-17;3.47408221575022E-16;0;0
1.08352089103687E-16;7.28829296142962E-16;0;0
3.12194637512443E-16;2.38297593430421E-15;0;0
1.26041393316103E-15;1.55901136946710E-15;0;0
9.18215399408483E-18;1.58992148072626E-16;0;0
5.28266039637537E-17;1.47803810363118E-15;0;0
1.79664831361040E-16;2.70377202529735E-16;0;0
4.73413723449943E-16;1.66580460483324E-15;0;0
6.35252930029736E-17;8.63947299883424E-16;0;0
1.11789616767449E-16;8.52386699468890E-17;0;0
5.97436576333551E-17;2.34897302741170E-16;0;0
9.58392789005715E-16;2.35956384797552E-15;0;0
7.10256836765841E-16;9.59926456122887E-16;0;0
1.17322025287122E-16;5.82611905580636E-16;0;0
1.74239366239883E-16;3.39324857653517E-15;0;0
7.11525992694926E-17;4.08112739505460E-16;0;0
3.82104418971263E-15;4.70175879646632E-15;0;0
1.73488309103449E-16;7.33754215411348E-17;0;0
4.78606439770475E-16;4.46669603034591E-16;0;0
6.41167402366251E-16;3.41552994433270E-17;0;0
3.92503094195028E-16;5.08393881377389E-16;0;0
3.11005136040526E-17;3.98472353663326E-16;0;0
1.04542374499730E-15;7.25486634359942E-17;0;0
2.88580595274797E-15;2.71538636295256E-15;0;0
2.48016713616083E-16;2.60138428992567E-16;0;0
7.61028305062972E-17;1.22117333726884E-16;0;0
4.39609312440380E-17;1.90376027536304E-16;0;0
6.40774199932587E-17;5.88930392604125E-17;0;0
1.12238211102821E-16;2.98802919139273E-16;0;0
1.04702063622187E-16;4.57048843866176E-17;0;0
6.98915181976281E-16;4.04060138939080E-16;0;0
7.74675272841199E-17;2.48095913111736E-16;0;0
4.89172731011349E-17;4.58212338398117E-16;0;0
4.74195038207276E-16;2.89843483068501E-16;0;0
4.74971791096698E-16;9.92828419848600E-17;0;0
2.91708453720365E-15;1.14805617753973E-16;0;0
0;4.13490870118085E-16;0;0
1.78716561515373E-15;2.32186070229482E-15;0;0
3.15191879228752E-16;3.31869092678588E-17;0;0
1.77227119892778E-15;2.78642548116086E-15;0;0
1.39304564262952E-16;2.15219739822729E-16;0;0
5.76376577832677E-16;7.28024249544650E-16;0;0
5.85799110943490E-17;2.62526337575809E-16;0;0
1.02965460080593E-14;1.47142939111272E-14;0;0
8.51842563470960E-17;4.94228440165740E-16;0;0
2.03868069830264E-17;8.07556696816562E-17;0;0
2.91804289168891E-16;3.59938950055922E-16;0;0
2.00630701155549E-17;2.30131439453461E-16;0;0
1.51291522769191E-16;9.32929589510118E-16;0;0
4.66412602956545E-15;1.11440568667280E-14;0;0
1.02714695693862E-16;4.62607925557633E-15;0;0
5.93868760536962E-16;6.53387591183769E-15;0;0
4.31185371775003E-16;1.92916244746174E-15;0;0
1.13668127403046E-16;2.01573446016834E-16;0;0
6.06247639228130E-16;3.06280145452602E-16;0;0
2.75806067888084E-16;7.47215112410528E-16;0;0
3.11733712793169E-16;6.61762730497079E-16;0;0
7.26101950882370E-15;4.42810682493788E-15;0;0
9.54097079672826E-17;6.38272531682284E-16;0;0
3.43507803408757E-16;5.89554819551955E-16;0;0
1.92357581133392E-16;8.55714471118316E-17;0;0
3.92361343725255E-16;6.48391180831788E-17;0;0
3.12581059481177E-16;8.49627108561052E-16;0;0
4.36957441178701E-16;4.10614733491066E-15;0;0
1.73076930488639E-15;7.23433390012210E-16;0;0
3.64055997794468E-16;6.62857934623127E-16;0;0
7.46007577516810E-16;1.36118641483841E-15;0;0
1.19544841439073E-16;3.42775488511842E-16;0;0
4.32922184479959E-17;3.90322970500335E-16;0;0
1.01152380988563E-15;1.02538403646943E-15;0;0
2.38279762862898E-17;3.82653620118818E-17;0;0
1.03871259301072E-16;1.04323205843733E-17;0;0
3.47632956562449E-16;9.63332042329286E-17;0;0
5.65521058327335E-16;4.33169062191288E-16;0;0
3.14020018871039E-16;3.39060777293775E-16;0;0
4.15340448167102E-17;2.52946747579233E-16;0;0
4.09918077368890E-15;2.46414614179742E-15;0;0
1.34370512066014E-15;5.23829859295758E-16;0;0
2.10312032961158E-16;4.46847968474232E-16;0;0
2.24992506172375E-16;1.35358757325765E-16;0;0
5.05835242290250E-17;5.05484956304357E-16;0;0
6.28111159170334E-17;1.34229019015914E-16;0;0
1.54369008033984E-16;1.97637906845487E-16;0;0
4.04410814236423E-16;1.67399024462035E-16;0;0
5.65497748835003E-17;1.24867249446766E-16;0;0
1.54358852724073E-16;9.56404315670406E-17;0;0
8.16329739388931E-17;2.55382501100598E-16;0;0
1.11417733091918E-16;1.24748532157247E-17;0;0
9.11069518947205E-17;2.82714250274526E-16;0;0
1.32543301671224E-16;1.08317865365679E-15;0;0
1.73834667288829E-16;4.23401644807418E-16;0;0
4.60758739684079E-16;1.98150117375470E-16;0;0
2.57775503637521E-17;1.65391829138051E-17;0;0
2.90017147564738E-16;2.80234343322866E-16;0;0
3.19828322867689E-17;2.81777306715041E-17;0;0
1.80164288671157E-16;7.60488398737805E-17;0;0
3.93826476309962E-16;9.07570740273942E-17;0;0
5.81062644138765E-17;1.70933236135252E-16;0;0
3.35244923738650E-16;1.99226641235355E-16;0;0
1.78285249989227E-16;1.87745914218136E-16;0;0
4.22604075461430E-16;2.83923953061384E-16;0;0
8.57224685404701E-16;1.16176605707342E-14;0;0
2.21190815395984E-15;3.60174947338787E-16;0;0
4.73638767100545E-16;3.34017320907151E-16;0;0
2.26023794304749E-16;8.49985840189178E-16;0;0
9.06372700602406E-15;5.69608133223196E-14;0;0
1.06750484345381E-16;7.15981972091162E-16;0;0
2.60732099175433E-16;1.62319120519723E-16;0;0
3.03026246877987E-16;1.25922440030123E-16;0;0
1.72901725095822E-16;2.18081598843554E-16;0;0
2.62736743853988E-15;7.04316009008624E-15;0;0
2.43916048142808E-16;9.33420736701523E-17;0;0
3.13734239613276E-16;1.32977989826735E-15;0;0
4.93828308160470E-16;9.11497156594426E-17;0;0
1.90900386076904E-17;8.80726482684147E-17;0;0
1.38647135530289E-17;6.77635001839013E-17;0;0
5.35866532858113E-17;3.69749488764574E-16;0;0
5.94015760357399E-16;1.76036863787806E-16;0;0
8.54571376089042E-17;1.37742248402547E-16;0;0
4.61815393140873E-16;2.55991697661910E-16;0;0
2.95885810194768E-16;6.23911217669181E-17;0;0
4.73061013716725E-17;1.66657561421763E-16;0;0
9.96000402052561E-16;3.95065450938322E-16;0;0
2.07535654652978E-16;2.26373266506864E-16;0;0
1.26527174339700E-15;6.87633427245867E-16;0;0
5.96027442691559E-17;2.21107910491081E-16;0;0
2.49446471398610E-15;3.99543612817667E-15;0;0
2.08557161041997E-16;2.60067394462253E-16;0;0
2.87136967240502E-16;1.72474701375155E-16;0;0
3.65972456709402E-18;3.99379520217562E-17;0;0
1.59246098515699E-16;6.86055605036407E-19;0;0
4.74107375443078E-17;4.57397156672919E-16;0;0
3.45360437024371E-16;6.44135023159759E-16;0;0
1.38199173262525E-15;1.14068887082872E-16;0;0
3.10658889771527E-15;1.45431150411320E-15;0;0
2.64435830860993E-16;3.92492635096546E-16;0;0
3.85935334291373E-17;4.89395620088716E-16;0;0
3.42427333054755E-16;7.25551768380934E-16;0;0
3.87733194891465E-17;6.04829613391799E-17;0;0
3.38409084072591E-15;1.72385521877860E-15;0;0
1.37663536914217E-14;1.66345847381410E-14;0;0
2.53408617875039E-16;1.26482066633345E-16;0;0
1.19047673181337E-16;8.19390358581230E-17;0;0
2.32974472354737E-16;3.73203178314576E-17;0;0
1.45147963677661E-15;1.06219752367404E-14;0;0
3.37481035825017E-16;4.90730276791387E-16;0;0
5.27816398577033E-16;5.41630930991076E-16;0;0
5.80430650859726E-17;5.10377991871917E-16;0;0
1.56472036720500E-16;4.49801060159235E-16;0;0
8.64260274456566E-16;2.65534309870283E-16;0;0
3.04729903922403E-15;1.82297535320500E-15;0;0
1.18868612000177E-15;9.82971647547986E-17;0;0
5.58909747301239E-16;2.54284323089256E-16;0;0
6.63902808273890E-17;5.47451197903674E-16;0;0
5.70315475090442E-17;1.97613419902532E-16;0;0
6.30505407983039E-17;1.90129127848181E-16;0;0
3.50695637245859E-16;9.32514367049201E-16;0;0
3.45563589672250E-16;1.76360001407405E-18;0;0
3.67161409112688E-16;1.16912153435530E-16;0;0
3.17833779654935E-16;2.00476751975535E-16;0;0
6.07880807111109E-16;4.94004506970327E-16;0;0
2.06738148723525E-16;6.03631863798882E-16;0;0
1.18002943161690E-17;3.36949426433429E-16;0;0
4.71437953002480E-16;1.07483635804679E-16;0;0
4.18089443632796E-15;9.58590636790661E-15;0;0
6.13651653881604E-17;1.13029362187777E-17;0;0
7.97097303622308E-16;3.60081306710353E-16;0;0
1.27976267141286E-16;1.49314245883861E-16;0;0
1.91502857412854E-17;3.10362633616223E-17;0;0
3.59041396072437E-17;5.03001870047351E-17;0;0
1.11857356977578E-15;3.39269715834305E-17;0;0
5.52771315041858E-17;2.01710358092615E-16;0;0
9.63377363648402E-15;3.49737014267133E-15;0;0
3.01375503106182E-16;1.51764961100907E-16;0;0
7.26070334908621E-16;6.50322562009896E-16;0;0
1.60732931544181E-15;1.03463402410441E-15;0;0
1.51138101104851E-16;1.42227163951439E-16;0;0
1.42535963116361E-15;7.08048273100939E-16;0;0
1.90890601971284E-16;1.60104413425903E-16;0;0
4.62378662015001E-14;1.44414429979377E-14;0;0
8.16332746016189E-17;1.33350347759625E-17;0;0
2.23922824747108E-16;5.33649558295985E-17;0;0
4.22041071957816E-16;8.04356181554162E-16;0;0
1.90024901330710E-16;1.20477646346361E-16;0;0
1.37827831472298E-16;1.27614322708270E-16;0;0
1.00148301926788E-15;8.23482655165746E-16;0;0
1.01158392207660E-16;4.03995242494307E-17;0;0
1.37723667159797E-15;3.95322853194471E-15;0;0
1.12117380171789E-16;3.40478174135761E-16;0;0
9.68219258040504E-16;3.55347465893020E-17;0;0
7.52918804510615E-18;3.39711152907791E-16;0;0
4.79635417298269E-16;7.37947305802748E-16;0;0
2.04856319861158E-16;1.01253089752451E-15;0;0
1.85023581632413E-16;6.74140188370026E-16;0;0
1.95496298662785E-16;1.76719490708715E-16;0;0
4.97449228278289E-16;2.58162224006615E-16;0;0
3.58375961584290E-17;2.03631319530069E-16;0;0
1.39270740807258E-16;5.91235918363063E-17;0;0
2.97084886275146E-16;6.84847845255236E-16;0;0
3.77524853437054E-16;2.32852617040142E-17;0;0
7.65811650885586E-17;1.68763479236749E-16;0;0
1.30599999395143E-16;4.69263035649435E-17;0;0
6.58235813171774E-16;3.43043957311427E-16;0;0
1.70143550012380E-16;1.16634325823152E-16;0;0
3.94895802579023E-17;2.10123748742487E-17;0;0
2.41364216368235E-16;6.35128840413196E-16;0;0
2.02459929532093E-16;8.71532169662447E-17;0;0
2.83225951046647E-16;5.95877087273853E-17;0;0
4.75230551209487E-17;1.01214863583690E-16;0;0
7.70146022677239E-16;4.92363087323401E-16;0;0
1.53471312476738E-16;2.76735494085659E-16;0;0
6.75730082046179E-16;4.18416010007884E-16;0;0
2.49680275641146E-14;2.06079484040403E-14;0;0
9.25817803893099E-16;1.18106807538888E-15;0;0
2.33768154472866E-16;6.94707044296763E-18;0;0
1.46366645948764E-16;2.83287377659033E-16;0;0
2.32570616435816E-15;1.19655296987978E-15;0;0
7.89412350336679E-17;1.95314198433664E-16;0;0
8.61860976095328E-16;1.35161682104050E-15;0;0
2.95847532861432E-16;1.09070922359656E-15;0;0
7.61352511611373E-15;1.12485013016317E-15;0;0
1.77632577191825E-16;1.79218018123228E-16;0;0
7.48706263038001E-16;9.71188009130096E-16;0;0
6.86992954357964E-16;1.09228139609507E-15;0;0
1.01374788616980E-16;3.40360628284672E-17;0;0
1.58543308368984E-15;1.21225380657683E-16;0;0
3.85627428336639E-16;1.16495248545820E-16;0;0
2.62441022353407E-16;4.09049119461660E-17;0;0
5.94052366287809E-17;2.00115327569851E-16;0;0
3.83225448185693E-16;3.72117755701078E-15;0;0
1.14815934891202E-17;1.42821612235331E-16;0;0
2.07203408782006E-16;2.80587277109581E-16;0;0
2.85448873214393E-17;3.98022103907497E-16;0;0
1.95004398069047E-16;2.24501165831370E-16;0;0
3.93447295127717E-18;9.39957194307183E-17;0;0
1.61830199622435E-16;1.62570826314566E-16;0;0
7.99330830871682E-16;3.05224765127982E-16;0;0
5.40929713841872E-17;1.88697662444382E-16;0;0
2.95646437051874E-16;7.60021452378479E-16;0;0
4.88235682512653E-16;2.12643379775946E-16;0;0
1.30001811729007E-14;7.46239960333661E-15;0;0
1.42933153815627E-17;1.14090998884406E-16;0;0
2.56178734870683E-16;1.03768063232191E-18;0;0
3.78280241094594E-16;7.48307222663110E-16;0;0
4.48884228766452E-16;3.56510962440279E-16;0;0
2.90019497453055E-16;8.94020168972650E-17;0;0
1.14029801065029E-16;5.21031634063285E-17;0;0
2.07883107759275E-16;8.62408263285400E-17;0;0
4.90615188392690E-16;2.49749099619789E-16;0;0
8.03516746288887E-16;7.39236501037773E-17;0;0
5.45337316492095E-18;2.50252297853683E-16;0;0
1.13868468304349E-15;1.32685201428674E-15;0;0
3.28238555038590E-17;1.56020299667173E-16;0;0
1.03480801181195E-16;3.08615852145771E-18;0;0
2.25095573964842E-16;2.36853504311803E-16;0;0
8.17843543556697E-16;3.98998774054902E-16;0;0
1.03609252995191E-16;1.79150702547928E-16;0;0
2.57195237528218E-17;1.87768521076116E-16;0;0
2.13223405414296E-16;1.28980152085799E-16;0;0
2.00838415517572E-18;3.58158866490624E-16;0;0
1.96324760192047E-16;8.23418565829627E-17;0;0
2.10670805006478E-17;4.32194421680880E-16;0;0
1.84998491619510E-16;2.62377832750095E-16;0;0
5.75606177798421E-17;6.31730024503793E-16;0;0
3.60909830269211E-17;7.49435249362844E-16;0;0
1.67515256326271E-15;4.01886130131674E-14;0;0
6.97557409889468E-15;2.37986173304738E-14;0;0
5.06602532917653E-17;5.58895798594614E-17;0;0
1.49559274550539E-16;3.76369995707565E-16;0;0
3.90326427956420E-17;4.41227462245762E-16;0;0
5.34121303188041E-16;8.55610705742008E-16;0;0
1.00425841726363E-15;7.54529530517230E-15;0;0
1.68915972366536E-15;1.98186071513372E-17;0;0
3.12815611355537E-17;6.78835320727651E-16;0;0
6.99114334070252E-17;1.60588635057618E-15;0;0
7.68171970892311E-17;4.22833551704774E-16;0;0
1.05805734769622E-16;7.67008319572617E-16;0;0
1.20535888787934E-15;2.89784711691986E-16;0;0
1.25525358907370E-16;2.63421889129094E-16;0;0
8.27350728514292E-16;1.93063246958181E-16;0;0
1.96542304707852E-17;3.79132443209032E-16;0;0
2.87817089754516E-16;1.52266402033007E-16;0;0
5.58409762772794E-17;4.19628696963134E-16;0;0
2.70342871029585E-17;2.14317390072058E-16;0;0
2.85836855132964E-15;5.06031397420434E-16;0;0
6.91962581708879E-17;1.57711758142456E-15;0;0
5.13396654446350E-16;1.19137808643498E-15;0;0
6.27047402054643E-16;9.21523738510949E-17;0;0
1.98895405883154E-16;9.89051816648193E-16;0;0
1.92794551223849E-16;3.63459799185392E-16;0;0
2.46685486979171E-16;1.90446151712428E-15;0;0
2.62222298474285E-16;5.72530365208365E-16;0;0
8.77411127453962E-16;1.71424383804769E-16;0;0
1.27248742094007E-16;1.27802739662014E-15;0;0
3.01759542924162E-16;8.21316981910460E-17;0;0
1.45195727071711E-16;1.36196717078571E-16;0;0
8.53645416420578E-17;1.19509900628074E-15;0;0
4.24321004668128E-17;3.81297861982971E-17;0;0
8.96523724287969E-17;2.66630255116685E-16;0;0
1.00822795896125E-15;5.48982285981702E-16;0;0
9.51330042309425E-17;3.33387744061674E-16;0;0
6.00116069713100E-16;6.76590116976660E-16;0;0
4.13315203283670E-16;1.18562130590834E-16;0;0
7.43622411427519E-17;3.65531686897702E-16;0;0
9.23411137421782E-16;3.33636606503755E-15;0;0
1.36517427087097E-16;4.64840213363156E-16;0;0
7.09912892571682E-17;4.46853666234364E-16;0;0
4.06865219031036E-17;2.39149373449263E-16;0;0
1.17099095871004E-16;2.93823064937946E-16;0;0
5.56076835457015E-16;1.10015385194190E-15;0;0
2.67904865335415E-16;1.54584709654784E-15;0;0
2.47899010849862E-16;3.14904794791641E-15;0;0
4.84371995750881E-16;1.82939275591461E-14;0;0
3.54829824823873E-16;1.42318575206189E-15;0;0
7.09108850887216E-17;4.06957514443396E-16;0;0
8.71731821593287E-17;4.80931934186730E-16;0;0
2.41308216854685E-17;6.14827811506329E-16;0;0
2.41988871302702E-18;1.82767303501986E-16;0;0
2.20092253544954E-16;3.55613604810151E-16;0;0
3.22519723495663E-15;3.05728472717777E-15;0;0
2.10562455021150E-16;2.34529763545042E-16;0;0
2.53871102410849E-16;4.49066647491145E-16;0;0
1.95361518882246E-16;7.47606612792418E-16;0;0
1.35191870732947E-16;1.02810338123052E-15;0;0
1.25734438561144E-16;3.42507866479716E-16;0;0
9.14814901713153E-17;1.22172795510018E-15;0;0
1.24271445288464E-15;8.94763902516378E-16;0;0
2.12715470239515E-15;9.95612659044754E-15;0;0
2.56328878312955E-16;4.40052309885770E-16;0;0
2.65238075880402E-16;2.42705072589732E-16;0;0
1.09522757112422E-17;3.13694920863540E-16;0;0
1.81103534138105E-16;1.93995197159309E-16;0;0
1.51562507325365E-16;7.52672060557264E-17;0;0
5.69411079693812E-16;1.20018826499155E-15;0;0
6.16366197518337E-16;1.52910403046904E-15;0;0
3.21320946021897E-16;5.59679939817141E-16;0;0
3.66457658559139E-17;1.59534611614617E-16;0;0
2.21140103356226E-16;9.99890468628188E-16;0;0
6.84400243630589E-16;7.81616309213711E-16;0;0
3.83910055205877E-18;9.13435834764199E-17;0;0
1.74582212293770E-16;2.41771236971849E-16;0;0
2.98346026796832E-16;5.74895626091969E-16;0;0
9.94788814787798E-16;8.76453391008354E-16;0;0
1.81415749525244E-17;4.33822476239492E-16;0;0
2.24312894155688E-16;2.00361427677404E-16;0;0
4.24104140999428E-17;6.94871084903512E-18;0;0
1.36004434858832E-15;6.38850575164538E-16;0;0
8.09789281129963E-16;1.26800854467597E-15;0;0
2.12003218912243E-18;6.54578291425867E-16;0;0
2.83108975298634E-16;2.79298703719361E-15;0;0
2.04471312784955E-17;1.66070743290081E-15;0;0
1.50145284098929E-16;3.04754787823461E-16;0;0
1.38890809859467E-16;4.22509462768675E-16;0;0
3.35752672624023E-16;1.06442018310869E-15;0;0
7.88979880179930E-17;1.93767756070919E-16;0;0
5.86847801772609E-16;1.58867935763463E-15;0;0
1.87411395525096E-16;6.21854053618277E-16;0;0
8.47385871581409E-17;3.37128360714642E-16;0;0
1.13140006767518E-18;6.18340656869538E-18;0;0
4.22260753727724E-16;7.13426276520160E-16;0;0
1.22366983912859E-16;1.75898021289404E-16;0;0
1.14363686760365E-16;3.41219897006535E-17;0;0
1.22666178996740E-16;1.10499079385045E-16;0;0
1.87869278568979E-16;3.40357416688599E-17;0;0
6.19467699049511E-17;2.37552377150867E-16;0;0
6.11974706541573E-17;1.24394688408108E-16;0;0
3.72218744107614E-17;1.39694598268525E-16;0;0
3.80702857320677E-16;1.24611613232568E-17;0;0
8.62599661774772E-17;8.44532995138346E-15;0;0
1.81923916636835E-16;3.69015604709322E-16;0;0
3.52180485654950E-16;1.22217599383320E-16;0;0
1.31892024414018E-16;1.51015745976917E-16;0;0
2.78883381583991E-16;1.28235811634211E-16;0;0
4.67355458409656E-17;3.37643086737190E-17;0;0
1.02567572727555E-15;3.09048563956847E-15;0;0
1.52934048521598E-16;5.16419975763173E-17;0;0
1.39291648076049E-15;2.82201790775188E-16;0;0
6.54638181857583E-17;4.70659755883790E-16;0;0
2.16691531250064E-17;1.43106288996819E-16;0;0
2.44563773851012E-16;3.26509599559628E-17;0;0
1.26230698178849E-15;6.52714574387814E-16;0;0
1.18076288481361E-15;3.74214561938372E-16;0;0
1.34748738714048E-16;5.62700980215317E-17;0;0
7.63555824632369E-17;5.71286060633737E-17;0;0
6.24433999213106E-17;3.49882310576118E-15;0;0
2.61035325621507E-16;7.69993457280607E-18;0;0
8.22438918402801E-18;3.46842110310457E-16;0;0
2.11836388512487E-16;6.95131463524465E-17;0;0
1.31248931836304E-15;1.40139206045591E-15;0;0
5.35058877505734E-16;4.28107955932289E-16;0;0
5.57800212613349E-17;8.91927870021838E-16;0;0
1.65266690952794E-15;3.53508542640098E-16;0;0
5.46842901256705E-16;1.60315190926442E-15;0;0
4.49775839630457E-15;2.84712061147787E-15;0;0
6.54394508029960E-17;1.95133394644228E-16;0;0
2.78118285142119E-16;9.73127115839389E-17;0;0
1.88113504282867E-16;1.52485475438731E-16;0;0
1.98169895802733E-16;6.97315711034586E-16;0;0
3.22030959020843E-16;4.56657127878248E-17;0;0
9.66300704836688E-17;2.68023058139896E-17;0;0
4.76910282153766E-16;7.96254662362213E-16;0;0
1.27232644823653E-15;3.05603736648643E-17;0;0
2.03544080390383E-16;2.25984649214655E-17;0;0
3.53632314183907E-16;4.26619298810899E-17;0;0
1.74418440881947E-16;3.00825049241649E-16;0;0
6.69119855133381E-17;1.38826178450031E-16;0;0
9.85296325129161E-17;8.79149260125254E-17;0;0
2.85881604585082E-16;3.14842605764489E-16;0;0
1.06944663417228E-16;2.97943160773386E-17;0;0
4.16433976077053E-16;1.24839362999328E-16;0;0
1.31546743687442E-14;2.63510818113822E-15;0;0
1.59142107652180E-16;2.13641586205774E-16;0;0
5.60968864022422E-16;1.96159529340068E-16;0;0
9.35966546687601E-17;2.62328735466234E-16;0;0
7.66992793893807E-17;2.88677690935889E-17;0;0
4.50733765919908E-17;1.48081940790338E-17;0;0
4.90982271765792E-17;5.16749342680293E-16;0;0
7.38546232979990E-16;2.08855493770908E-16;0;0
3.23820164816647E-17;7.33290296475998E-17;0;0
2.18788323453985E-16;4.91754712310704E-17;0;0
6.38946831520908E-16;1.31210955777582E-18;0;0
8.57182164970304E-16;2.10040723290929E-17;0;0
6.68314626665273E-18;4.39342877572754E-16;0;0
5.64829484352476E-16;1.47034420625600E-16;0;0
8.35602898821779E-17;7.96878138525329E-17;0;0
5.13817888967581E-16;7.92623554580101E-16;0;0
4.58485020514246E-15;4.99845921640112E-15;0;0
9.15648235809131E-17;8.49632283978557E-16;0;0
3.89022638807011E-16;5.46714222663317E-16;0;0
5.52784269886760E-17;1.13645014277279E-16;0;0
3.22501574384548E-16;6.46361021875403E-16;0;0
1.42998400751737E-16;5.17107671973485E-17;0;0
1.66330994746469E-16;5.29261371586017E-17;0;0
5.73393682589186E-16;1.29160654974270E-16;0;0
2.02633247414947E-15;1.27867428711324E-15;0;0
3.00739823268611E-17;3.03351080689863E-16;0;0
3.92350565320457E-17;1.12299850254606E-17;0;0
1.97391511111445E-16;5.93967782558858E-16;0;0
6.22484557406024E-15;1.68464751706073E-15;0;0
3.28167915232025E-17;2.00832191698404E-16;0;0
7.92467882898225E-18;6.32981058563306E-16;0;0
1.38354719375286E-16;4.52358356983008E-17;0;0
6.34121087456472E-17;3.41450331442690E-16;0;0
9.11785413702680E-17;2.42717995061681E-16;0;0
1.54007768374711E-16;1.14053602066022E-14;0;0
1.02359024604298E-15;3.94679367973638E-16;0;0
4.35814864340372E-16;2.41916021512555E-16;0;0
1.74676463438784E-17;7.96189533969334E-17;0;0
1.15722535199245E-17;7.56034829170542E-19;0;0
1.28202229373182E-16;1.71237705990007E-16;0;0
5.62794704625877E-16;1.12898644454538E-15;0;0
4.32072904082866E-16;3.67749717791772E-17;0;0
5.59386744136498E-16;2.42808618652024E-16;0;0
7.07691085099696E-14;5.10789736750873E-14;0;0
1.46496838938516E-16;3.56327772404199E-16;0;0
1.35015980400679E-16;3.76318462254524E-16;0;0
1.89172321655977E-15;1.21823852408515E-16;0;0
1.36225092225924E-16;1.37953953299328E-16;0;0
5.80670028380164E-17;5.58802665148527E-17;0;0
4.92652569477661E-17;7.39340449364661E-15;0;0
1.18354033015059E-15;8.68974269835211E-16;0;0
3.09509225976098E-16;4.25575872505837E-16;0;0
3.58645055945063E-16;5.57896784704247E-15;0;0
9.37158649405991E-18;2.95486987148656E-15;0;0
3.15918196732542E-17;2.31940934239950E-17;0;0
2.35750907809841E-16;1.58245049143723E-16;0;0
1.45130798271028E-16;3.51761774083028E-16;0;0
2.59182224938410E-16;9.42966947490637E-16;0;0
3.62945006795638E-15;1.43935249871482E-14;0;0
5.61336350320330E-16;1.20201242339352E-15;0;0
2.56587065771973E-16;7.17007864633981E-17;0;0
2.19563061579050E-16;2.03998059754418E-15;0;0
1.85371271729591E-16;5.31484953710486E-16;0;0
4.01398227949648E-16;2.61299155130473E-16;0;0
1.35347539298766E-17;1.17969207855092E-16;0;0
1.07151804220545E-15;3.02504018843844E-15;0;0
3.34357991581471E-17;7.85818885135087E-15;0;0
2.32335060261616E-14;9.67429834944381E-14;0;0
1.00192227424236E-16;2.29335178123431E-16;0;0
1.22356354716057E-16;7.27920446504840E-16;0;0
2.60717646178897E-16;1.33813894392579E-15;0;0
3.93169816093120E-16;4.23496219382234E-15;0;0
2.06369825627923E-16;4.10222205319165E-17;0;0
1.14835533369512E-16;6.22062870556919E-16;0;0
3.27186489355177E-16;1.12546841640900E-15;0;0
2.10598970089347E-16;2.22734399779239E-16;0;0
2.17778391280945E-15;9.78804514525337E-15;0;0
1.76137336406276E-16;4.32940419460928E-15;0;0
5.03754480119272E-16;9.69957564012755E-15;0;0
3.77998804708147E-15;9.70698087493432E-16;0;0
8.58250604286892E-17;1.57812612868921E-15;0;0
2.34931603500959E-16;9.49931527940797E-16;0;0
1.88751120207149E-17;1.36861671047400E-15;0;0
7.47094663669924E-17;3.62067828214505E-16;0;0
1.95094488802855E-16;2.40359052313648E-15;0;0
2.49918548105080E-17;4.92652851365233E-16;0;0
7.13749259711709E-15;1.35040244852865E-14;0;0
1.29831427451731E-17;3.31696015449397E-16;0;0
1.04024750081036E-16;8.31846814641086E-17;0;0
2.92762494100531E-17;1.77197732576210E-16;0;0
1.39058651231058E-15;3.78415344933573E-15;0;0
1.12138453517395E-15;3.16415684075305E-15;0;0
2.42646003710875E-16;7.48159778139426E-16;0;0
2.53531681723111E-16;2.53860101164597E-15;0;0
7.56296361643535E-17;1.57557306400064E-16;0;0
3.03660092457445E-15;5.73669812721445E-15;0;0
4.59521391960236E-17;1.80033675684495E-16;0;0
6.10426133373726E-17;4.21924600912555E-15;0;0
2.64288530334796E-16;5.86109453381721E-16;0;0
9.65749158776470E-17;1.27308209862937E-16;0;0
9.36641261278328E-17;6.41145887629076E-16;0;0
1.86679341778039E-16;9.94728774261901E-15;0;0
1.17339499160618E-15;4.32680535340114E-15;0;0
1.60745356930400E-16;5.73042715063487E-16;0;0
1.76798739815485E-17;4.21619738797428E-15;0;0
2.23034008698931E-16;4.03216421028173E-16;0;0
1.08518950683962E-16;3.04110622813909E-15;0;0
1.98430455627702E-16;8.54968151338847E-16;0;0
4.75522175741027E-18;2.88416616347176E-15;0;0
6.47360245094859E-16;8.18761134629406E-16;0;0
5.53783755745895E-16;2.33697648780411E-15;0;0
6.99565436692726E-15;5.46664461161135E-14;0;0
3.01752916951290E-15;5.00285082158916E-15;0;0
4.01847716304502E-16;6.84465043933373E-16;0;0
3.70579744373899E-17;5.01833295117704E-16;0;0
1.73826520766732E-16;9.85530391131511E-16;0;0
1.57690533228748E-16;1.67037297824613E-15;0;0
1.14218923838189E-15;7.49322573460442E-16;0;0
1.93094040887502E-16;8.20847998756457E-16;0;0
4.53785616393472E-17;2.32219273447723E-17;0;0
1.24533704028725E-16;4.65039664107623E-16;0;0
5.25584061213271E-17;2.53859134090298E-16;0;0
2.59279290579114E-16;1.44251654954951E-15;0;0
9.26405778820847E-16;1.31730041142949E-15;0;0
6.86096237544526E-17;1.24027744688075E-15;0;0
6.26825026965949E-17;5.30620570409294E-15;0;0
1.09379447791023E-15;2.47603255750913E-14;0;0
1.20901348976429E-16;1.60614768419045E-15;0;0
1.09617439253924E-14;6.77852826546011E-15;0;0
2.65829452053568E-16;9.72173698821230E-16;0;0
1.27158545064576E-14;1.88763621028796E-13;0;0
2.19273132210243E-17;3.82422893779788E-16;0;0
1.11362077129958E-16;1.10276949671195E-15;0;0
6.25375609178563E-16;4.84376975314930E-16;0;0
1.20431991759377E-15;1.47170743157425E-14;0;0
7.49452200172007E-17;5.11586573761732E-17;0;0
1.23976050843126E-16;9.83695343756889E-16;0;0
4.26345269798631E-16;1.87502466634273E-15;0;0
5.49913315147301E-17;2.10910279064029E-16;0;0
1.21419990072171E-16;1.69506611294207E-15;0;0
1.41678148554784E-15;3.06579490747318E-15;0;0
6.49642789831357E-17;9.55678446332550E-16;0;0
5.76535800489427E-16;1.64233955782145E-15;0;0
3.17202434161185E-16;6.73305525352999E-16;0;0
2.79948037797835E-16;7.10927257005402E-16;0;0
1.00728224151064E-16;5.91060815051911E-16;0;0
2.49655256890599E-16;2.92258247482299E-15;0;0
2.76323694626836E-16;1.83424332913772E-15;0;0
8.84624623194015E-17;1.23640618133481E-15;0;0
1.12343166779491E-16;4.42436684353193E-15;0;0
2.74645055864124E-16;3.74195153518894E-18;0;0
1.51878259746767E-15;2.36203741880808E-15;0;0
7.98090907020787E-16;1.87805477090469E-15;0;0
7.58105750906078E-16;1.42719423334581E-15;0;0
8.58033982865242E-17;5.54261601293106E-17;0;0
1.56020918476757E-16;1.10555150683794E-16;0;0
5.82703542278719E-17;1.75839695579345E-16;0;0
1.56253504430316E-16;1.79562681482288E-16;0;0
1.09210244061964E-15;1.84613730062184E-15;0;0
3.51702416366556E-17;1.20576670088651E-17;0;0
1.99261026259069E-16;5.12116514113356E-16;0;0
3.59552696657246E-17;7.65656394197136E-16;0;0
2.41535664152708E-16;4.78923358811372E-17;0;0
5.51487272282772E-17;3.35551070498809E-16;0;0
6.66664524762383E-15;9.31164080597419E-15;0;0
3.78621660887681E-17;1.82870797573966E-16;0;0
1.38662215736571E-16;1.43329126722430E-16;0;0
8.51644767386211E-16;4.74713179713690E-16;0;0
2.78066459029125E-16;1.15863260071379E-16;0;0
1.26508955024127E-15;4.90017270284800E-15;0;0
1.06445679523291E-15;3.00430052170340E-15;0;0
2.21785720071442E-16;7.26014382247572E-16;0;0
2.01042614609530E-17;5.80614818965237E-16;0;0
1.33086155423930E-15;3.31653447692089E-15;0;0
2.69613995548245E-16;6.00700256560671E-16;0;0
1.08171254865866E-16;2.42459751290884E-16;0;0
7.33502070980073E-16;1.14781224688070E-15;0;0
1.39529639635484E-16;5.60666902941863E-16;0;0
2.02924090989354E-15;3.84286100055320E-16;0;0
3.28398655668638E-16;2.85840027791111E-16;0;0
2.21915771345202E-15;9.91687986533088E-16;0;0
5.74799360546742E-16;5.08305859240824E-16;0;0
5.33594419294991E-16;9.02858529750996E-15;0;0
4.39031966764702E-16;5.84785007567123E-16;0;0
5.88463417626681E-18;7.66756809498474E-17;0;0
2.89192227483434E-16;9.50699232759212E-16;0;0
1.17597687128746E-16;1.02411159150323E-16;0;0
2.02772735529004E-16;2.97773549654225E-16;0;0
2.69406618559199E-17;1.08718967422838E-16;0;0
2.48225281228037E-16;1.55758808658567E-16;0;0
3.78344459291203E-16;2.13689322930855E-15;0;0
6.75674903635078E-17;1.59125625693921E-16;0;0
2.25012695380696E-17;6.96594596832477E-16;0;0
8.53306545145099E-16;1.78913560371285E-15;0;0
2.66546704132157E-16;5.06543070595631E-16;0;0
5.31002851944359E-16;7.32238270763214E-16;0;0
2.89106529512054E-15;6.63731556775368E-16;0;0
7.24283539069512E-17;4.05648000101953E-17;0;0
6.17946925825695E-16;3.38499647871572E-16;0;0
1.14169088061143E-16;3.84435291931187E-16;0;0
6.32922600738791E-17;8.37527165835607E-17;0;0
1.00364765176509E-15;9.26805510183827E-16;0;0
1.29316750480014E-16;3.58049897603590E-16;0;0
5.24173343122974E-17;4.89755836443877E-17;0;0
2.07256596813260E-16;4.91068778261514E-16;0;0
4.79267784991243E-16;1.21995981874444E-15;0;0
7.75958218091912E-17;7.38944775048200E-18;0;0
9.09150971823994E-17;7.80953899848272E-16;0;0
1.50204205727243E-16;3.29262894721448E-17;0;0
6.64351469568850E-16;6.03893954613871E-16;0;0
2.63199126539637E-16;1.49158473608505E-15;0;0
5.63148459549587E-16;4.33648641188874E-16;0;0
2.06554071815682E-16;4.30924045176469E-16;0;0
1.14319375483574E-15;1.09591063553596E-15;0;0
8.40974448923940E-15;3.87359877176887E-15;0;0
4.50866190924147E-16;8.94645576800573E-16;0;0
3.12857974355101E-17;1.01199007306308E-15;0;0
2.45893890598123E-17;1.67794395174966E-16;0;0
2.72100603583098E-17;7.07536608080486E-17;0;0
6.30276265506891E-16;1.07615704690765E-14;0;0
3.04531536604045E-16;3.24083191310945E-16;0;0
3.29957241116760E-16;2.53839436057580E-15;0;0
1.52287745970569E-16;2.86388005494647E-16;0;0
3.34544150890666E-16;2.50754481607347E-16;0;0
3.75440627698870E-16;8.19258528214763E-16;0;0
2.44387087385769E-16;3.58143799520270E-16;0;0
5.58539821151489E-16;1.82301281809044E-15;0;0
4.80081162180986E-17;1.26358340983319E-16;0;0
3.35289661081326E-16;2.65848458769060E-16;0;0
1.56750839343471E-17;1.58830610732491E-16;0;0
6.97175608847747E-17;1.46398150496341E-16;0;0
3.74877636033444E-17;1.16138595043763E-16;0;0
1.67278606584111E-16;8.07449449068215E-16;0;0
6.35775401172061E-16;4.39853423401446E-16;0;0
3.67178514229271E-16;2.25925693079144E-16;0;0
1.35380405335642E-16;5.12449326687294E-16;0;0
3.79320414733561E-16;3.22734459111123E-15;0;0
3.28263003225701E-17;1.16620604588497E-16;0;0
8.66805474120828E-17;4.43515926187348E-16;0;0
2.47710471235854E-16;1.71099295446383E-15;0;0
1.24311128995778E-15;9.45123288135830E-16;0;0
8.71749364456782E-17;8.03953836565628E-16;0;0
8.66453759399021E-16;1.18354358985754E-15;0;0
7.86442192015077E-16;2.60539379077521E-15;0;0
1.52996260604298E-16;5.97469834623638E-16;0;0
2.92066323542108E-16;8.13301432762216E-16;0;0
1.22290048458823E-16;3.80629262543222E-16;0;0
2.68133485595518E-16;3.49875375181804E-17;0;0
6.80542830794903E-16;8.27709227007756E-16;0;0
4.93142241232535E-17;8.13158087388579E-17;0;0
7.86004178961401E-16;7.58453770168201E-16;0;0
3.87029769686655E-16;4.09153862624108E-16;0;0
1.40227847995165E-16;2.06570956184693E-16;0;0
3.72312717618913E-17;8.57192561868779E-17;0;0
1.69110672174236E-15;6.23385361375894E-17;0;0
5.22487023244347E-17;1.45936929226600E-17;0;0
8.43752178646085E-16;1.26153190817724E-16;0;0
1.15632205013095E-16;2.60580953826605E-16;0;0
2.39760333446453E-16;1.25198782035960E-16;0;0
7.24061174609960E-16;8.48629045186273E-16;0;0
1.97803743005551E-16;7.59841981684961E-18;0;0
3.05416389456409E-15;2.59609481246345E-15;0;0
1.06710946281155E-14;9.81282218238717E-16;0;0
4.71948968979002E-16;4.84519936002740E-17;0;0
3.85903030052053E-16;9.94918712949865E-17;0;0
1.28656772926414E-16;1.22392511374304E-16;0;0
9.31568526633230E-16;1.25611156759541E-16;0;0
3.53126715856667E-16;1.37468565469247E-15;0;0
1.12023733229351E-16;2.88686946590773E-16;0;0
7.58792895041524E-16;6.98295901923397E-16;0;0
6.10793328508449E-15;7.64929663189516E-17;0;0
3.32432564198018E-16;1.72005640768607E-16;0;0
5.13325967519893E-16;5.15269767004942E-16;0;0
1.79413490993500E-17;8.24776229810908E-17;0;0
8.88673887523787E-18;2.06892170825380E-16;0;0
1.26581596617489E-14;1.05947618423098E-14;0;0
6.19708060470264E-16;6.58893714471540E-16;0;0
1.06743768320014E-15;6.62089483863686E-16;0;0
9.95869657320446E-16;9.78380779135857E-16;0;0
1.36105681693424E-16;8.04589894802092E-17;0;0
8.29153126379666E-17;3.29089250542216E-16;0;0
5.24123148130163E-15;1.18917596977707E-14;0;0
2.24103081507648E-15;5.12369024744493E-16;0;0
5.08929704815023E-17;7.57637866897549E-16;0;0
1.07555626420893E-16;4.31993889769130E-17;0;0
5.66287000971313E-18;1.36192919858781E-16;0;0
1.16416023511505E-16;1.02543201124989E-16;0;0
2.24924567817675E-17;1.09245059230227E-16;0;0
2.65958204024852E-16;2.03408932969381E-16;0;0
5.42134828626458E-16;7.49804449398205E-17;0;0
5.74909772138418E-17;2.55435537978733E-16;0;0
1.33447305396224E-16;1.19425254685408E-16;0;0
3.03016769193968E-15;3.00326493405859E-15;0;0
7.23775503255142E-16;1.07887710037455E-15;0;0
9.92158105077224E-17;1.93632603107346E-17;0;0
3.00370590447439E-16;4.08739926790339E-16;0;0
2.07272239166377E-16;1.77405423517688E-16;0;0
3.47900006080128E-15;3.34384600572711E-15;0;0
5.40774664366222E-17;1.26637256878974E-17;0;0
2.15423894295616E-15;1.62959166502862E-15;0;0
2.38007343956263E-16;3.90117881203560E-17;0;0
3.43781186563938E-16;1.56730278728860E-16;0;0
1.13704836691751E-16;4.70146343015914E-17;0;0
3.48119960776902E-16;2.94672501138711E-16;0;0
5.81804287248871E-16;8.92526589462968E-16;0;0
2.84022082432347E-16;1.47542384728442E-16;0;0
6.19658719346063E-17;1.82168749341173E-17;0;0
2.28121364275006E-18;3.80902437899579E-17;0;0
3.53231386578482E-16;1.18520901191930E-16;0;0
7.06387018709139E-17;2.15707111936922E-16;0;0
6.21515100366133E-16;6.36025056743011E-17;0;0
8.26725493290574E-17;1.99147990722576E-16;0;0
7.73784242022424E-18;1.14612184188730E-16;0;0
1.17804065945367E-16;6.01772583083564E-16;0;0
1.25009964768257E-16;9.86830116452418E-16;0;0
3.76600973491272E-16;4.00629274656177E-17;0;0
3.05587162911031E-16;4.29581850260944E-18;0;0
1.32899485898368E-15;5.52425387127411E-16;0;0
7.13199745845223E-17;9.58928899870627E-18;0;0
7.43951337002339E-17;2.71953420224074E-16;0;0
7.41776909212196E-17;5.51469421022904E-16;0;0
1.48109173000442E-16;3.63792161336880E-17;0;0
1.59091978243501E-16;1.06785356712455E-16;0;0
6.87469026002891E-16;1.82658138183121E-16;0;0
4.73702817370284E-16;1.69148286832464E-16;0;0
6.50008015954002E-16;2.49373132143376E-16;0;0
1.19832717718035E-16;3.57682551418561E-17;0;0
3.08386981156103E-15;1.26190212964987E-15;0;0
1.87240181207855E-16;2.42956559382100E-16;0;0
6.61709163884701E-17;1.89719308780465E-16;0;0
3.66624630437044E-16;6.99670720346022E-17;0;0
3.08384133626489E-15;6.49717995194973E-15;0;0
5.29840682791161E-18;3.41551279248700E-16;0;0
3.07631349507469E-16;1.33399725944210E-16;0;0
8.68448893734674E-19;1.17531678361955E-16;0;0
2.04420402267270E-16;3.99158748785740E-17;0;0
1.63358459946574E-17;1.51176401708976E-16;0;0
9.40670263333493E-17;3.17461953809516E-16;0;0
4.54217887585844E-16;1.43415929024972E-16;0;0
4.71860448559331E-15;4.54003310207861E-15;0;0
1.97405202535468E-15;9.42684763795756E-16;0;0
5.13404077513799E-17;1.50986615291347E-17;0;0
1.45691748032534E-16;7.14451127392253E-17;0;0
1.28355913754686E-15;5.46727180208149E-16;0;0
1.32218809247042E-16;6.46097033066229E-16;0;0
6.58456289778902E-17;1.10575334233130E-16;0;0
1.76529689801406E-16;4.20333657005817E-17;0;0
2.66191982170055E-16;1.79137305732090E-16;0;0
4.67132887019881E-17;2.65587823584083E-17;0;0
1.36997119914938E-16;9.42934307891344E-17;0;0
5.45249290444186E-16;7.49716683149337E-16;0;0
2.14183928666147E-15;6.24625739180032E-16;0;0
2.11596841356239E-16;6.16517100378648E-16;0;0
5.25517316334382E-17;1.04185049338765E-15;0;0
1.43983793176240E-16;3.82614763767371E-16;0;0
3.97899362719862E-16;4.75695110518223E-17;0;0
4.41720591133186E-16;7.44534707623092E-15;0;0
4.58945099317697E-17;9.83897645047627E-16;0;0
2.60695056478495E-16;2.51409321999778E-16;0;0
4.82614581279224E-18;4.08682945674712E-17;0;0
3.26541293469506E-16;9.04887953165872E-17;0;0
1.24971437997070E-15;6.14857949939227E-17;0;0
5.39282044933592E-16;3.34225288781556E-15;0;0
3.48379477121488E-17;1.43812254093629E-16;0;0
3.27754922977904E-16;3.14435752719877E-15;0;0
3.46360605507497E-16;7.63583662469094E-16;0;0
1.97044329296763E-15;3.92146064801008E-15;0;0
9.36035927708915E-16;6.07330720564655E-15;0;0
8.92242225035466E-16;6.94306748111887E-16;0;0
1.65529998860223E-16;1.13657609442633E-15;0;0
3.98137750962699E-17;6.35533012685818E-16;0;0
5.58882561070742E-15;1.01921303916883E-16;0;0
1.78228740870147E-17;6.01443779437218E-16;0;0
3.87479625619542E-16;3.24155676898932E-18;0;0
3.07397119298174E-15;2.59563303739538E-15;0;0
8.38679271881672E-17;2.74523439155092E-16;0;0
1.64677479826638E-16;6.44525779314236E-16;0;0
4.26637469238635E-16;1.68016990268729E-15;0;0
1.10756212737062E-16;1.63489467216360E-15;0;0
7.30001615405894E-16;9.55119328109434E-16;0;0
3.00153145707448E-16;9.64868063241354E-16;0;0
9.43965737985597E-18;2.20544395375344E-15;0;0
3.06738169701976E-16;2.33088536361484E-16;0;0
6.01875909409304E-17;4.09336438759125E-15;0;0
3.53351857659495E-17;6.37795922555946E-16;0;0
5.79569770284354E-17;7.05510165862253E-16;0;0
8.05240931740375E-17;5.71677883726854E-17;0;0
1.64786094650952E-15;1.30670261100951E-15;0;0
1.52226224792520E-16;1.60345857562712E-18;0;0
3.24451617278235E-16;4.53176650862548E-17;0;0
1.52170090020314E-16;3.16736326950413E-15;0;0
7.74452899317560E-16;1.88267642633390E-16;0;0
6.96470881211232E-17;3.31676992877696E-16;0;0
3.05974328397787E-17;8.38146799808173E-16;0;0
1.87369820597559E-16;3.23472016633042E-16;0;0
2.17989492499254E-16;2.33704247061499E-16;0;0
2.04275977525544E-16;2.15399626615248E-17;0;0
2.77364479304742E-16;1.64523262186166E-15;0;0
1.32318164790258E-16;2.26677136613187E-16;0;0
6.35369357696324E-17;1.16603358305101E-16;0;0
1.73033055862835E-16;5.00878367085187E-17;0;0
2.73699897468157E-16;4.08491859294886E-16;0;0
4.31207608668988E-16;2.31526187180960E-16;0;0
8.23782884032136E-16;4.69615923964831E-15;0;0
2.77409050242340E-17;1.49908408331666E-15;0;0
6.22912145974152E-17;2.33270011474183E-16;0;0
6.58240168629847E-17;9.38725608723972E-16;0;0
1.28949730285989E-16;2.34501343167017E-17;0;0
6.78174111239284E-17;4.83621428256334E-16;0;0
5.16463861769952E-17;6.09559545127965E-16;0;0
2.26434783853410E-15;1.59475805956791E-15;0;0
5.18785935425964E-17;2.04698431569785E-16;0;0
4.48121184186102E-17;6.35183140401562E-18;0;0
3.67838449280470E-17;6.71856784993129E-16;0;0
4.43551424762548E-17;2.15419913274054E-15;0;0
7.51029408160631E-16;1.18799767281340E-14;0;0
3.32191455670744E-16;3.40758833473119E-16;0;0
9.91741485446293E-17;2.20475472740717E-15;0;0
4.19150421436683E-17;1.87201030815377E-15;0;0
1.00507360269830E-15;3.20590682277956E-16;0;0
8.40831641996958E-17;1.80754387393619E-16;0;0
1.97605825343597E-16;1.89042530638672E-16;0;0
9.38397435552449E-16;6.78703875950450E-16;0;0
1.60821916013855E-15;8.62672145310434E-17;0;0
6.45966487765420E-16;5.40667238212075E-16;0;0
4.11753526326330E-15;3.70210998699427E-15;0;0
1.42836399956659E-16;2.00910986668399E-15;0;0
8.63425864075294E-16;5.73161810150577E-16;0;0
1.96511519007121E-15;7.49162263080788E-16;0;0
6.33705647236354E-17;3.24492754126474E-16;0;0
2.54389029132376E-16;1.38555500379874E-15;0;0
1.04299009938194E-15;1.15180829773781E-16;0;0
4.75113290123186E-16;4.26965845876060E-17;0;0
3.88864634356337E-15;1.55323182252680E-15;0;0
1.50554133585029E-16;5.61182381825708E-16;0;0
6.33150355730461E-16;1.33745333965098E-16;0;0
1.31417305049272E-16;1.61482027536705E-15;0;0
2.07758715523521E-17;4.08105798738748E-17;0;0
1.06467790264818E-16;1.16292235338572E-16;0;0
7.34239419366039E-16;9.80506714602536E-17;0;0
3.31590661485772E-16;7.64429443063940E-16;0;0
1.99650223882593E-16;7.33424941552285E-17;0;0
5.42428004999187E-16;5.00888735459801E-16;0;0
1.08050251162804E-15;1.43689698385159E-16;0;0
3.27863989928355E-17;2.55021745611675E-16;0;0
1.02363774808668E-16;1.28795846285931E-15;0;0
1.43304565720440E-15;1.25825361546916E-15;0;0
4.16628627115916E-16;1.44147880156214E-15;0;0
3.92045052755297E-16;4.95468142652526E-16;0;0
3.34125862093593E-16;7.71362492241843E-16;0;0
9.42048530143659E-18;6.33444573475987E-17;0;0
6.78046863812804E-16;1.10188187105419E-16;0;0
1.48390301351154E-16;4.14043158072264E-17;0;0
1.90223723002017E-17;7.14887631760959E-18;0;0
6.97914796732815E-16;6.90319469664865E-15;0;0
6.45370854366670E-15;1.54780901006069E-15;0;0
2.80676912963531E-16;9.45311923639474E-16;0;0
6.81989304751679E-17;6.60801922654908E-17;0;0
1.49227666211956E-16;1.81466498391318E-16;0;0
8.27933065676203E-17;1.07757367563792E-15;0;0
4.86189334065082E-15;7.19868657620107E-16;0;0
8.86817480674049E-16;1.05934386122005E-15;0;0
3.81111511535604E-16;5.59587949523666E-16;0;0
1.74836937678516E-16;2.83223863390288E-16;0;0
2.72309900417006E-16;1.95006736908739E-17;0;0
5.38370342683325E-17;5.75837980932726E-17;0;0
3.03468525879005E-16;3.46464709112940E-16;0;0
3.43069128087843E-16;6.92667689349219E-18;0;0
5.84740821916800E-15;7.81083527666719E-15;0;0
1.68980071255194E-17;3.24532831638183E-17;0;0
2.57235533007965E-16;1.03401196727014E-16;0;0
1.00871709638649E-16;1.62747324065961E-16;0;0
7.01719552079757E-17;6.39475532615427E-15;0;0
4.81920735080118E-17;9.08107810171803E-17;0;0
4.16195721507974E-17;2.70997271439314E-16;0;0
7.85918550439549E-17;8.48216229433472E-17;0;0
1.09610399353516E-16;1.19936035625977E-16;0;0
3.53145269585969E-16;7.61808126881639E-16;0;0
1.48251305487471E-16;5.27979726613993E-17;0;0
2.10800693849620E-17;3.47356696137930E-16;0;0
3.73958132540948E-16;5.57717807447148E-16;0;0
3.82262998812207E-16;1.00971974305814E-16;0;0
1.24902342937728E-17;2.08575362745339E-16;0;0
1.80690503273403E-16;3.37257139217764E-16;0;0
5.70222567977939E-17;7.98923376929380E-17;0;0
1.73123868066736E-16;3.21979484672165E-16;0;0
2.94874125959209E-16;1.14206657301376E-15;0;0
2.80429279118847E-16;4.28117779302751E-16;0;0
2.00218638747775E-16;1.43660975431173E-16;0;0
1.41610346229484E-16;1.45424161584591E-16;0;0
6.29987609433386E-16;2.35103206834387E-16;0;0
1.21156044555471E-16;3.94655177443942E-16;0;0
1.43502476503210E-15;1.44373133214383E-15;0;0
1.82147160764501E-16;8.92801413318730E-17;0;0
3.06097289143240E-16;9.36151405573043E-17;0;0
1.10010451112532E-16;2.56471866665785E-16;0;0
1.50473119784662E-16;2.32843663728865E-17;0;0
1.64191663642697E-15;1.45509084462835E-15;0;0
2.57941310531529E-16;3.31796584800418E-16;0;0
4.44751636997003E-17;3.64273216322843E-17;0;0
2.12516474173651E-16;3.49624484131380E-16;0;0
1.77787120470800E-16;4.51350357073527E-16;0;0
2.48449545920676E-16;4.22170101503776E-16;0;0
8.11775585889395E-17;2.08481910882282E-16;0;0
2.52368440416814E-16;2.42017949347308E-16;0;0
6.40547846463470E-17;7.18101918860244E-17;0;0
1.05685255835214E-16;1.09511797146850E-16;0;0
2.22288427425592E-17;6.52052894484394E-17;0;0
3.73269239357591E-17;2.41403125364537E-16;0;0
4.48700593501695E-16;5.04254952146545E-16;0;0
5.02389575515502E-16;2.61510485013907E-16;0;0
3.45654969721013E-16;6.68959696242951E-17;0;0
5.08468618844723E-17;1.97766518394842E-16;0;0
8.06838037307807E-17;1.35919373863690E-16;0;0
4.65283824820947E-16;7.37088483104087E-16;0;0
1.08898139251466E-16;3.49068694668110E-17;0;0
1.14405484794859E-16;4.30583872858077E-18;0;0
1.04454742357633E-16;1.90233312024883E-16;0;0
4.36278111983053E-16;1.35306876256568E-15;0;0
2.03182789359610E-16;7.13407055226208E-16;0;0
1.25532459043073E-17;2.55135227422614E-16;0;0
8.58655789342223E-17;7.12859877474382E-16;0;0
4.51612291076297E-16;1.24284660806210E-16;0;0
9.47239264844787E-17;1.60871815162952E-16;0;0
1.07517368706402E-15;2.05426345497993E-16;0;0
2.40631997275366E-16;2.86189517471374E-16;0;0
3.14679176472781E-16;5.07168140902830E-16;0;0
1.65602847652962E-16;2.27513715693854E-16;0;0
6.43336208928101E-16;2.40985189410334E-16;0;0
1.65077060668289E-15;1.74392015983970E-15;0;0
1.09620052826183E-16;1.30445938771423E-16;0;0
3.61628630309979E-16;9.68644513446606E-16;0;0
2.84575339473566E-17;1.91305706682127E-16;0;0
6.91307306986729E-16;2.43983713752993E-16;0;0
3.81536639883680E-17;3.87029269543868E-17;0;0
1.30967595671538E-16;2.12858747295653E-16;0;0
7.28803122967917E-16;7.80030825364451E-17;0;0
1.22351910878848E-16;4.56810134022191E-16;0;0
7.17555605170037E-16;9.02977436074614E-16;0;0
1.61711127357759E-14;3.79093668453264E-14;0;0
1.11584240682923E-16;1.59574144153242E-17;0;0
7.05856827460997E-17;7.66810989632978E-16;0;0
2.67811313373421E-16;6.29924940378249E-16;0;0
1.60962336864491E-16;3.99658048847817E-16;0;0
8.29302598225449E-17;1.80861998949142E-16;0;0
1.74212642903642E-17;1.44635117869021E-16;0;0
9.36623446580475E-14;1.20512031205569E-13;0;0
1.80083708997443E-15;3.08032043107569E-15;0;0
3.58231972689941E-18;1.96766143819102E-16;0;0
3.80915653213325E-17;2.66709924429708E-16;0;0
2.11130576208009E-14;6.06411014070194E-14;0;0
8.68992831346319E-17;7.35718520575444E-16;0;0
1.91389806675302E-14;1.32001065817464E-14;0;0
6.54869947317246E-16;2.82221357961119E-16;0;0
1.90988807896184E-17;2.00178975427132E-15;0;0
4.59139733604572E-16;3.48371244125990E-16;0;0
4.52364467346587E-16;1.72519328526522E-15;0;0
1.73465296902169E-16;4.89575345186811E-16;0;0
1.12185492845471E-14;1.32930759501354E-14;0;0
1.14711693811847E-15;4.73149562291167E-15;0;0
8.16096206117686E-17;7.05041027702663E-16;0;0
8.50909589804435E-17;1.10683554767434E-15;0;0
1.45544615886226E-16;8.65941332150244E-16;0;0
8.33382476977494E-16;2.11229364100515E-16;0;0
2.93132247658611E-16;1.28473964165198E-17;0;0
5.86720866125701E-16;1.98351612165090E-15;0;0
5.54536658572393E-16;1.87289474844473E-18;0;0
1.02420583102667E-16;6.02842179109760E-16;0;0
2.68700842191517E-16;9.45210383274349E-17;0;0
3.65946078398835E-17;2.70476518375930E-16;0;0
8.70502193111581E-17;3.72596442860575E-16;0;0
1.12610906925073E-15;2.11569928536203E-15;0;0
3.88393347661151E-16;1.06668795951198E-15;0;0
4.50097389472044E-16;7.18933485345564E-16;0;0
1.72991477858628E-16;9.64755933680936E-16;0;0
7.43180301580806E-15;2.77704720570786E-14;0;0
6.65314185370245E-16;8.07888760926181E-15;0;0
2.83384752712509E-15;5.44793370944049E-15;0;0
2.45801244913809E-16;2.69800955965249E-16;0;0
2.44086609089932E-15;1.01515229618395E-14;0;0
9.49340773420928E-16;2.60259251406995E-17;0;0
1.43466831900249E-16;2.87393735179651E-17;0;0
3.25752927374197E-16;4.63436084339865E-16;0;0
5.88943395732900E-16;8.35439207295222E-16;0;0
2.73291525984029E-15;1.49652606638955E-14;0;0
2.18814183683119E-16;6.04089848030294E-16;0;0
3.68004302635006E-17;2.22388408882833E-17;0;0
6.18311626748967E-16;5.32340854474720E-16;0;0
4.01995768830162E-16;1.70021611833958E-15;0;0
3.12090731001255E-16;6.58869589614064E-16;0;0
1.14730319813067E-16;1.29566219503813E-15;0;0
2.05839203063903E-16;1.83891543272400E-16;0;0
5.99815649137112E-17;2.77721165466312E-16;0;0
2.72532057580175E-17;1.95558626251043E-17;0;0
1.57531125606632E-16;1.81044230745121E-16;0;0
5.12554252538902E-16;2.55877281130052E-15;0;0
4.21079718545094E-16;4.25123842292232E-15;0;0
3.44438750416714E-17;3.60691312190890E-16;0;0
6.65685140832338E-16;1.08646780752124E-16;0;0
2.36901282467005E-16;6.78144809816925E-16;0;0
1.32954875529094E-16;3.65160078241620E-16;0;0
8.94915228668402E-16;1.81016145697825E-16;0;0
2.08800462331566E-17;7.11428120981205E-17;0;0
2.37940441782482E-16;1.23343718408597E-15;0;0
7.52899564631478E-17;2.09557092267381E-15;0;0
9.74673664895593E-17;1.00583293715728E-16;0;0
9.27520747624811E-17;1.50756570791714E-16;0;0
1.05189936931918E-16;8.75211822453006E-17;0;0
5.65570984171204E-16;2.31959240644900E-15;0;0
3.39924363329127E-16;1.01531691949656E-16;0;0
4.34206661755821E-15;5.77699430513153E-15;0;0
2.82263334571628E-16;8.90551285663309E-16;0;0
1.68388604023835E-15;7.32960789362305E-16;0;0
1.94358904875992E-15;1.30739614821877E-15;0;0
3.40141186851006E-16;1.47858627889399E-15;0;0
1.53270612417169E-15;2.04997657583584E-15;0;0
4.70943734981753E-16;2.62146751222072E-15;0;0
1.88654747168663E-16;1.02983791533043E-16;0;0
1.68825118891990E-15;2.59959591141879E-15;0;0
2.53452052950317E-16;2.68290661971274E-16;0;0
1.45551942393791E-15;5.41042010329749E-16;0;0
4.13700352434165E-16;2.20228051556365E-15;0;0
3.63980566453882E-16;1.19995660896465E-15;0;0
4.80742507023529E-16;6.12524128539253E-17;0;0
9.91593228972489E-17;1.54881200584168E-15;0;0
3.65277111245529E-16;1.98532929097005E-15;0;0
1.12172165329977E-16;3.20344026212774E-16;0;0
6.83591059562401E-16;1.63052735451829E-15;0;0
1.57393639916349E-15;3.85362214258282E-15;0;0
1.30057947249933E-17;4.44591590255677E-18;0;0
2.18174361568033E-16;1.71651082370422E-16;0;0
3.28352270851569E-16;5.84640433459558E-16;0;0
1.04992626802560E-16;1.23306639596057E-16;0;0
3.15070493589301E-15;9.76186641691841E-16;0;0
1.88255953470345E-15;5.56087889094249E-16;0;0
5.70798381888741E-17;1.78404364895370E-16;0;0
2.07276410894037E-16;1.01612370887988E-15;0;0
8.27476270945419E-17;1.21467210567309E-15;0;0
4.16918696790087E-16;9.72516041663517E-16;0;0
1.92441886631885E-16;2.53965397985466E-16;0;0
1.95198733149083E-15;2.14582410592275E-16;0;0
9.22354440974075E-16;3.43379948203469E-16;0;0
8.23788971321250E-17;2.40735103568277E-16;0;0
2.41655414604827E-15;5.82320854224535E-15;0;0
2.39115942234056E-16;4.36342767959389E-16;0;0
9.14651929060031E-16;1.17961530817591E-15;0;0
2.20789882015666E-16;1.53371649607778E-15;0;0
2.90042489751317E-16;3.16525982351496E-16;0;0
2.89247934143814E-16;1.90612921998976E-16;0;0
1.26581256279350E-16;7.90412801025911E-16;0;0
2.01524120659721E-16;6.94373570857561E-16;0;0
4.02684487909119E-16;2.14031656811034E-15;0;0
1.31882572916485E-16;9.85061606030385E-16;0;0
2.43945685161360E-16;3.96261811505629E-15;0;0
7.18941231865593E-17;3.05192673326326E-15;0;0
6.47145225064453E-17;1.92536187803986E-15;0;0
8.62265371863979E-17;4.37981671217455E-16;0;0
8.63928349146364E-17;2.12915405366549E-16;0;0
3.07128737343849E-16;1.76674485064989E-15;0;0
1.80134546236982E-16;3.29931793836187E-16;0;0
4.21181243663132E-16;7.73631616216518E-16;0;0
1.38695077834716E-15;2.77458797837385E-15;0;0
3.25635248156085E-16;9.04146395838467E-16;0;0
1.07331578873566E-16;5.05244392196219E-16;0;0
4.63964957908006E-18;1.32447454331871E-15;0;0
3.34936945766854E-16;2.47215039289300E-15;0;0
4.88699979205256E-16;3.90289748380833E-15;0;0
4.75798571321765E-17;9.40202857217954E-16;0;0
5.67361978445346E-16;4.03991419861465E-15;0;0
8.28763433900750E-16;2.66620591371154E-15;0;0
2.46908047951159E-15;1.29773052213175E-14;0;0
5.68797725991633E-18;8.34865853050908E-16;0;0
6.32363187000162E-17;3.54317545392182E-15;0;0
6.89212911586439E-18;7.17225235749825E-17;0;0
7.65114189419430E-16;3.28869445907660E-15;0;0
1.03613930795691E-16;3.47203459556556E-16;0;0
3.98773661376022E-17;1.06144052793142E-15;0;0
9.06125558163761E-16;3.75348127308980E-17;0;0
2.46114404866864E-16;3.33348864196679E-15;0;0
1.56428463215402E-16;3.83669339424411E-16;0;0
9.12791491131772E-17;3.74959790273590E-17;0;0
6.43980861462890E-16;6.96295410963130E-16;0;0
5.16031511519221E-16;1.46460514462346E-15;0;0
8.64679176146219E-16;1.42789887943643E-14;0;0
1.11814267226526E-15;1.77980313975596E-16;0;0
1.42648657342316E-16;3.69617111114882E-16;0;0
1.81737310686757E-16;1.69987604807397E-16;0;0
1.29942540016903E-15;2.32912624085562E-15;0;0
3.02269685423354E-16;8.48000148874705E-16;0;0
1.50943399235906E-16;2.25949214064105E-16;0;0
2.14728565630327E-15;7.30953425380576E-15;0;0
1.70129001628688E-16;8.67309507859595E-17;0;0
4.83363211609450E-16;2.42542692879809E-15;0;0
1.42889819379481E-17;6.23629158096519E-16;0;0
6.35906065410099E-16;3.01158094094415E-14;0;0
5.24674124280927E-17;2.09519188917336E-15;0;0
4.12363154123354E-16;9.36569649660605E-18;0;0
1.37666568876098E-15;1.15893684537581E-15;0;0
6.65002591539304E-17;1.02925617086947E-15;0;0
4.32305523802938E-14;2.13248296303232E-14;0;0
1.68729968096832E-16;1.44073469279503E-15;0;0
1.57486386939801E-16;4.24552642118095E-16;0;0
8.75354432922293E-16;1.43831992899816E-15;0;0
3.10105050347215E-16;2.37389386965259E-17;0;0
8.54922720513064E-17;1.14506059159585E-16;0;0
8.30658429224425E-17;4.88695169847480E-16;0;0
3.58789749392329E-15;2.90251029599483E-15;0;0
1.41362810178810E-15;8.43832201296571E-16;0;0
2.56631192908700E-16;2.01698466426839E-16;0;0
2.14230737643130E-17;3.63056020976985E-16;0;0
9.07801585215126E-17;5.38159842271211E-16;0;0
3.48412298724765E-16;2.02113755805087E-15;0;0
2.77572779099946E-17;3.20826920779806E-15;0;0
1.09388857996572E-16;4.71199723384811E-16;0;0
3.89658022007593E-16;4.67545621895266E-16;0;0
1.13837818706886E-15;1.53609473101838E-14;0;0
2.39792973046672E-18;5.77053605200718E-15;0;0
3.50017026594672E-16;2.59735927849302E-15;0;0
1.69335899973272E-16;5.22981126398950E-15;0;0
2.50696126613723E-17;2.18715949129230E-15;0;0
8.56002552831362E-17;8.37026585127712E-16;0;0
2.30564494135547E-16;4.45129366460541E-16;0;0
3.68908269391688E-18;5.55044258095360E-16;0;0
4.00644959234587E-16;2.17379270038385E-15;0;0
3.71556208838495E-16;4.97902893573445E-15;0;0
9.86056462627837E-16;5.25051625390500E-15;0;0
2.92417787484136E-15;1.02229442550391E-14;0;0
5.84471174372980E-16;1.38695138374789E-14;0;0
1.17736727080873E-15;1.53017395558444E-15;0;0
1.46740148128083E-15;2.43146085716099E-15;0;0
5.31023926395209E-17;7.40823090100147E-16;0;0
7.68642749914384E-17;4.09404114651778E-16;0;0
3.15966007281736E-15;7.37406971888777E-15;0;0
9.45266872202938E-17;7.33600560068220E-17;0;0
5.09194744849741E-17;5.64912416331678E-16;0;0
9.01820367687994E-17;1.45538055220243E-16;0;0
6.52486995903244E-16;1.48218316455684E-15;0;0
8.03592902838276E-18;2.81733932853763E-16;0;0
7.99411535397650E-16;2.46584956371902E-15;0;0
1.39340293494794E-16;2.10109761118064E-15;0;0
3.82288243385010E-16;7.64357421407656E-16;0;0
1.06455015852999E-15;1.45425762982901E-15;0;0
5.67547820524636E-18;2.05156561713774E-15;0;0
4.48236296515749E-16;2.12071370449331E-15;0;0
6.83733693068464E-17;4.60470158153441E-16;0;0
1.15654749003851E-15;1.30540433790024E-15;0;0
1.85718630908907E-16;4.59404370210443E-16;0;0
3.65532368255119E-16;3.44962216905604E-15;0;0
9.42692210735213E-16;1.61213931915978E-15;0;0
1.94863212970803E-16;1.54901112271895E-17;0;0
2.38668721647201E-16;1.66364305558562E-16;0;0
3.63911832227540E-16;5.81343685649455E-16;0;0
4.14809032007719E-16;3.82440383253224E-16;0;0
7.20403334012878E-16;1.16340723176791E-16;0;0
1.09006936823568E-15;2.52460440017899E-15;0;0
3.31078745127493E-17;1.07966544584004E-17;0;0
8.01120623217597E-16;9.35244895248358E-16;0;0
1.19244996855152E-16;8.51453047813110E-17;0;0
1.09472992668132E-15;3.17226966688912E-16;0;0
4.29830113178800E-16;4.35353860048728E-16;0;0
2.92526495393204E-17;1.27876522837483E-16;0;0
4.33204283577132E-16;8.12660894165922E-17;0;0
1.88153648867275E-15;3.47455076644386E-15;0;0
5.64537854868532E-17;5.66333755272231E-17;0;0
1.72818239916951E-16;1.89166200942867E-16;0;0
2.25236214172881E-13;3.33504178951910E-13;0;0
9.64993778299749E-16;7.77029136946282E-16;0;0
4.82418410899291E-16;7.46195547450403E-16;0;0
1.12111209536178E-16;4.51613177168723E-16;0;0
2.71587274817270E-15;8.95623432927149E-16;0;0
2.64859449724427E-17;2.02693759160391E-16;0;0
3.12827993875889E-16;2.30798572444238E-17;0;0
4.39384308868581E-16;3.72168803078255E-16;0;0
7.88338932945139E-17;3.51581115772840E-17;0;0
5.46558669012841E-17;7.84451506045343E-17;0;0
4.92889448760025E-16;2.64529756696402E-16;0;0
6.07904734869841E-16;1.34036620688421E-16;0;0
4.02906414691825E-16;4.09766358737118E-16;0;0
8.46548245495140E-16;8.33828684828820E-16;0;0
7.31824586022204E-16;1.49457115929594E-15;0;0
4.93437215636665E-16;4.06209992767904E-16;0;0
9.58292787263794E-17;1.20119502241634E-16;0;0
2.07251289980544E-16;8.19228330844415E-17;0;0
1.09357269252242E-16;1.04325881794174E-16;0;0
1.01768490786939E-16;1.38572067629894E-16;0;0
5.68432807146668E-16;4.43530698352971E-16;0;0
3.65768976439446E-16;1.92018333248494E-16;0;0
1.69818488149238E-16;4.63764015128552E-17;0;0
1.78362063761290E-16;5.93809264657311E-17;0;0
6.17893592590681E-17;5.05489593280756E-17;0;0
4.73695321569334E-15;1.83748783489951E-15;0;0
2.37500800058701E-17;2.04914450564451E-16;0;0
6.34168990521045E-16;3.69242433568936E-16;0;0
1.77991082033460E-17;2.67512283721762E-16;0;0
8.59761456104617E-17;1.39563739701131E-18;0;0
1.48847695550389E-16;1.06957709242828E-16;0;0
9.76765271588952E-17;3.07183580370347E-16;0;0
1.15445867331368E-16;1.28136629628613E-16;0;0
7.89456961318448E-17;9.95564068900358E-18;0;0
1.05643047770738E-16;1.63261060808202E-17;0;0
1.97661826704113E-17;7.48880788103481E-17;0;0
3.85267584494597E-16;8.97933681075787E-17;0;0
2.09450924946785E-15;2.18387232221750E-15;0;0
1.08407354518909E-15;4.91173655248774E-16;0;0
2.38996338876128E-16;2.98507176944122E-17;0;0
1.22220481435729E-15;8.31594628632543E-16;0;0
2.67576741942294E-16;5.15670549462009E-18;0;0
9.63698091528584E-17;6.38815222923862E-17;0;0
3.58649614140655E-15;1.95959857283857E-15;0;0
2.54382140123623E-16;1.87362572182090E-16;0;0
5.14322744742925E-16;6.02217961190000E-16;0;0
6.48485344588551E-16;2.40215187141754E-16;0;0
1.88878441868680E-17;3.65804364381975E-16;0;0
4.19894143673916E-16;1.15328371781793E-16;0;0
1.72555243112108E-16;2.76513624185599E-16;0;0
3.16566990037598E-16;1.32615376850063E-16;0;0
1.35052715006475E-16;2.34290399566522E-16;0;0
5.05468050334380E-16;1.66225515388913E-15;0;0
2.00185159212003E-15;1.07635926965373E-15;0;0
2.93104462684926E-18;4.04427137811718E-17;0;0
8.57552941962616E-16;5.16985713631249E-16;0;0
6.33435381601985E-16;1.40268848845823E-16;0;0
1.07511373387867E-16;9.22957506518431E-17;0;0
1.05740726109033E-15;1.11654069688270E-15;0;0
4.13582194454585E-16;4.76591035895573E-16;0;0
3.24001197312990E-15;1.08810892145333E-15;0;0
5.64464416138787E-16;1.90489569047083E-16;0;0
1.23078967326645E-16;4.38234373403307E-16;0;0
1.23789316904693E-16;2.41720564560965E-17;0;0
2.45143981337051E-16;6.08828110118053E-17;0;0
3.98296040767179E-15;4.96727688230593E-16;0;0
1.23699576107804E-16;9.30357213230741E-17;0;0
2.65574264198777E-16;2.71689477504933E-16;0;0
2.01115588927512E-16;1.36309000723023E-16;0;0
3.63185765372707E-16;3.58166993473296E-18;0;0
6.43860021479913E-16;2.14462801530988E-16;0;0
2.13979983286071E-16;3.11328935681994E-16;0;0
9.38839545268397E-15;5.55501634307027E-16;0;0
2.35173292173924E-16;9.34594185213291E-17;0;0
1.06545000214857E-16;4.12093562776831E-16;0;0
1.83490608175403E-15;2.59692628146774E-16;0;0
3.86933715238852E-16;5.57189212706781E-16;0;0
1.46715938503929E-16;2.09032944889545E-16;0;0
2.47598272101157E-16;2.92094452568162E-17;0;0
8.03704429761776E-16;1.24951152233704E-15;0;0
4.30838976494120E-16;4.61032130894409E-16;0;0
1.32644210451766E-15;2.16298370781708E-15;0;0
2.63798818399037E-15;3.00999959087524E-15;0;0
3.41932206919790E-16;2.61357787408076E-16;0;0
2.56066956366980E-16;1.11909498073972E-15;0;0
2.69734166091514E-16;1.64101094783677E-15;0;0
1.53676977371647E-16;7.20092961414619E-16;0;0
2.33975277696234E-16;1.28919926209197E-15;0;0
1.09471848486752E-16;3.17207449483442E-15;0;0
4.38673489993618E-16;1.43974858757636E-16;0;0
2.01857660822592E-16;4.88196984310281E-16;0;0
7.80182514280765E-17;7.90533748036594E-16;0;0
7.37434377281703E-16;1.22122525338707E-14;0;0
2.77172649317462E-16;4.48389029857173E-16;0;0
2.66178938168300E-15;1.99766330288212E-14;0;0
3.80495642124412E-16;1.70677428204240E-15;0;0
8.52097845631340E-17;1.13069189271572E-15;0;0
3.14706559417647E-16;1.28645669320236E-15;0;0
1.30028499311464E-16;1.90443042015414E-16;0;0
4.05442659257645E-16;2.20183066402217E-15;0;0
1.54917002186496E-16;5.98919642218305E-16;0;0
2.45915052547212E-16;1.57730562527593E-15;0;0
1.17028674993866E-17;2.85935724535771E-15;0;0
4.68746503992957E-16;6.40320218971116E-16;0;0
3.91143838022433E-16;1.46770753931413E-15;0;0
5.84047528713086E-17;1.72266711467883E-15;0;0
1.29538119178031E-15;2.77270725128575E-16;0;0
5.65121026814791E-16;2.39633936381432E-15;0;0
3.49921587539061E-16;3.49724939431348E-16;0;0
6.35894330757113E-16;5.96345178478734E-15;0;0
1.14883057337716E-17;1.30237558182816E-15;0;0
1.63861177187452E-16;1.65018675234799E-16;0;0
6.43444530736035E-16;3.89913120731731E-14;0;0
5.28410456697018E-16;4.86820540016231E-15;0;0
1.75193437648205E-16;2.24217510832161E-15;0;0
1.82233786269769E-16;7.61617068621221E-16;0;0
2.13855924767788E-14;9.88726475572251E-14;0;0
1.86925045867439E-16;7.85491066577809E-16;0;0
5.83729504794146E-16;1.37410446786639E-17;0;0
5.49970005325991E-16;1.33063598555941E-15;0;0
7.56274062979025E-16;2.88684184782294E-15;0;0
3.00132315100865E-16;6.91853780303920E-15;0;0
2.59278132943529E-15;5.20750934858804E-15;0;0
2.73171046829801E-16;4.04486187963070E-16;0;0
1.61900474132513E-16;2.51961292610235E-15;0;0
9.70326596377547E-17;4.08342270292713E-16;0;0
1.23808054528463E-16;1.22713650320843E-15;0;0
1.02306906759620E-16;8.02334269635297E-16;0;0
2.35356042353785E-16;1.05496645997803E-15;0;0
6.01789121858962E-17;3.24021892588622E-15;0;0
1.12744063723149E-16;8.83308147019535E-16;0;0
3.18738414287849E-17;4.38537721065070E-16;0;0
4.64488762229897E-16;1.55898533639613E-14;0;0
1.37281579562713E-15;9.32851675514963E-15;0;0
6.91431003899529E-18;1.17587546787493E-15;0;0
1.49775268792241E-15;7.90818417476750E-17;0;0
6.69936679232933E-15;4.70065507028740E-16;0;0
1.42009998832587E-16;9.49158496531384E-16;0;0
5.34554460413526E-17;1.09211863998385E-15;0;0
2.51189837577735E-16;2.05964274292873E-16;0;0
5.57940834907635E-17;1.57412429330218E-18;0;0
2.11594927550253E-16;1.09832407813326E-15;0;0
1.37992103853899E-16;2.07154390374042E-15;0;0
1.69895257633189E-16;3.56493705333148E-16;0;0
3.27680197083571E-16;2.09798673195415E-15;0;0
4.36680653476591E-17;1.68706158762835E-16;0;0
7.94192588757949E-17;1.71395209331137E-15;0;0
8.32552151128526E-16;2.44136534517938E-15;0;0
6.45826241261888E-17;6.92360674816101E-15;0;0
1.08944926028990E-16;8.29502607289449E-16;0;0
1.05784140079415E-15;3.66774361746694E-16;0;0
1.47840381487484E-16;5.21661192565723E-16;0;0
1.43486998063274E-16;4.08892398933774E-16;0;0
1.71711497935122E-15;2.18506520413894E-16;0;0
9.90959430633723E-17;6.70655160156663E-16;0;0
1.18991735260977E-16;7.17162177161619E-16;0;0
3.39044288045583E-16;1.06465043727696E-15;0;0
7.65686433004379E-17;6.93177300161224E-16;0;0
3.75678333715126E-17;7.81037761699655E-16;0;0
9.69379799583534E-17;3.03292458931634E-17;0;0
1.43050576280842E-16;2.82776773682257E-16;0;0
2.50863458475286E-16;1.56103991993897E-15;0;0
1.54040081758720E-15;8.38717584369295E-15;0;0
1.97104992898827E-15;1.60527151527564E-15;0;0
1.00868702977427E-14;7.76386981999630E-15;0;0
1.94682632168410E-16;9.74415636580884E-18;0;0
3.64912212836245E-16;5.28451458861330E-16;0;0
2.45275976279142E-16;1.07404671932347E-15;0;0
9.66396339753864E-17;2.04371082838733E-17;0;0
3.31188492974873E-15;7.70638417901861E-15;0;0
6.25486686473998E-16;5.73768420102438E-17;0;0
1.34004026306807E-16;1.34394812884944E-17;0;0
1.60887211988179E-16;9.52317749731178E-16;0;0
8.69035118066968E-16;6.59974494176885E-17;0;0
1.78064458571616E-16;4.31556633096317E-17;0;0
1.24188096668407E-16;7.54705286847918E-16;0;0
1.93220215605120E-16;9.68850044031627E-16;0;0
3.06073861425857E-14;6.78077487316376E-15;0;0
6.94575246291103E-16;2.31082197742054E-16;0;0
2.44141921402505E-16;9.01205704824446E-17;0;0
2.75329854327145E-16;3.57497904879996E-17;0;0
7.68117840537543E-17;1.19034028907567E-16;0;0
2.82921995408051E-16;6.17859473148706E-16;0;0
4.49830857294094E-16;3.72332698608348E-16;0;0
1.44128194315358E-16;2.27930918199386E-17;0;0
4.86739304807926E-16;7.29650429017242E-16;0;0
8.59469126842528E-16;4.43641669075650E-16;0;0
2.01455874219291E-16;7.49812308275436E-17;0;0
2.55031071916239E-16;3.22406876737746E-15;0;0
4.08013786231666E-16;2.82152910989727E-16;0;0
1.12651448575283E-16;8.76286686589611E-17;0;0
1.11536766787652E-16;5.87626470071871E-16;0;0
3.12793778969628E-16;7.19123209120062E-16;0;0
7.30072475230459E-17;1.68177913904880E-16;0;0
6.14166536561116E-17;4.96550173911526E-16;0;0
1.78253890286601E-16;1.72629647728082E-15;0;0
3.63074129538714E-17;1.05882775802760E-16;0;0
5.28143999027255E-15;3.18476978884866E-15;0;0
3.49518110396339E-17;7.85494255042333E-17;0;0
4.30219083255499E-16;8.97647693352421E-16;0;0
7.46696456062092E-16;6.29740521984201E-16;0;0
1.34307355421588E-16;9.34109636438933E-17;0;0
2.03727234104762E-15;3.81913122979232E-15;0;0
5.68583218963052E-16;3.12211356194382E-16;0;0
7.10295311193765E-16;1.60878755269889E-15;0;0
7.46514718805020E-16;2.96885477626301E-16;0;0
1.51365055581527E-16;4.10409323731078E-17;0;0
3.37554593921919E-16;3.49899253110543E-16;0;0
1.58109173286294E-17;8.93718190729009E-16;0;0
1.25976391722213E-16;9.27810318777487E-18;0;0
3.92095532049667E-16;2.78689305612432E-16;0;0
7.96239095876529E-17;1.65164170107512E-16;0;0
8.29848669911146E-17;7.38749383404659E-16;0;0
6.57503807255927E-16;1.00276572366161E-15;0;0
3.17217315888337E-16;6.78869905230527E-17;0;0
2.42726012867046E-16;9.80430006277055E-16;0;0
1.88881910765460E-16;1.15678678976777E-15;0;0
3.58350143247222E-16;1.11823151385546E-15;0;0
1.29867549931807E-16;4.80630374552153E-16;0;0
2.84978118400255E-16;6.43995206498404E-16;0;0
3.33706869287176E-17;2.73306280367233E-16;0;0
2.13021982603754E-15;5.26211924806149E-15;0;0
8.95465709775496E-16;1.02722636179244E-15;0;0
3.34900601081665E-17;1.69461212680606E-17;0;0
2.28928295636410E-17;4.58267511504350E-16;0;0
3.22184477926205E-16;4.40564887666135E-16;0;0
7.39912200044383E-17;1.35149668312941E-17;0;0
9.36592670656934E-16;1.74503775139494E-15;0;0
2.59251930676683E-16;3.88840815086577E-16;0;0
2.32238953433784E-16;1.61350241610585E-16;0;0
2.65086091864806E-15;1.33777679296694E-15;0;0
2.30302996142143E-16;4.78677975172698E-17;0;0
1.36553666952638E-16;1.61338799052597E-17;0;0
1.17598413597327E-16;1.81441914785468E-16;0;0
2.62091493787879E-16;4.03524319766337E-16;0;0
2.93258283678839E-17;1.29722572759052E-16;0;0
4.02518394682673E-16;1.38953403215985E-17;0;0
1.74240611645842E-15;2.32209094417065E-16;0;0
6.29523015548241E-16;6.89996386060504E-16;0;0
3.50636099551384E-17;8.83532409359530E-16;0;0
1.45904778549275E-16;7.08267436097405E-16;0;0
1.11563301350401E-15;2.55559587746823E-15;0;0
4.61436796719193E-16;1.86806984082188E-16;0;0
3.80581126194806E-16;1.33283387852342E-15;0;0
1.54075155049477E-16;8.40677323340863E-16;0;0
4.32956279528070E-16;6.27475370501920E-17;0;0
8.25718372342039E-16;1.61043089109116E-15;0;0
1.96818443787101E-16;1.97499691354691E-16;0;0
5.18787928175131E-16;7.62829878800860E-16;0;0
1.98287563868989E-17;2.12158106133024E-16;0;0
1.54566540118095E-15;6.93809825233398E-15;0;0
9.90248690272973E-17;4.49938349602354E-16;0;0
6.19303502620060E-15;9.98509770202159E-15;0;0
2.12511867838919E-17;8.26326495207448E-16;0;0
4.58662912204540E-16;4.45015132468358E-16;0;0
7.86366885376514E-17;3.99132517183026E-17;0;0
1.81040884047074E-16;3.64311374062129E-16;0;0
2.06991098789764E-16;7.63486591560888E-17;0;0
2.97338447996416E-16;5.14363864038239E-16;0;0
9.34190068328223E-17;9.86183399869361E-16;0;0
2.87843587302475E-16;2.23176738716894E-16;0;0
1.06848257483986E-16;2.88294148511324E-16;0;0
2.16209776572775E-16;6.49855690301057E-16;0;0
1.10164847123536E-15;1.00347172528309E-15;0;0
1.03935726537443E-16;5.57880875234463E-16;0;0
2.77255753060274E-18;5.54854290487278E-17;0;0
4.86177400838634E-16;3.93589313872357E-16;0;0
1.52698642992628E-16;6.66688512413854E-17;0;0
1.04236432439562E-16;1.85071881492754E-16;0;0
1.50670873513262E-16;1.11276043100408E-16;0;0
2.63769951147257E-16;9.41423703555708E-16;0;0
8.82759806588822E-16;1.83295342356517E-16;0;0
2.19118255587828E-17;2.88813297651834E-17;0;0
2.61043992951237E-16;1.98895938908075E-18;0;0
1.05956547652120E-16;8.49286817621247E-17;0;0
3.18396512655048E-17;2.94954536919662E-17;0;0
1.15001654015431E-16;9.35656361083361E-17;0;0
1.69356605010924E-15;1.43721938765721E-15;0;0
9.93514632096867E-16;5.21511587338079E-17;0;0
1.11741721595406E-16;7.36809631006517E-17;0;0
1.43552959384092E-15;5.25769205158099E-15;0;0
3.41075737610985E-16;8.72874679693093E-16;0;0
4.36546814045061E-16;1.89518301999051E-16;0;0
6.66637869449402E-16;2.21837832276637E-15;0;0
4.75559059216280E-16;6.26943127534397E-17;0;0
1.56932831958832E-16;9.49785409697150E-16;0;0
4.24910228669671E-16;4.08666467742376E-16;0;0
1.94632143712069E-16;1.25267563741058E-15;0;0
2.43927622457999E-16;4.58835732579479E-17;0;0
4.32446769616648E-16;2.60863906197310E-16;0;0
1.19583812953902E-15;1.70928541345585E-16;0;0
1.09863282771575E-16;7.85742297633945E-19;0;0
1.15744915726956E-16;1.05534824284423E-16;0;0
5.42167536916195E-17;1.90872307730722E-15;0;0
2.28252405239521E-16;2.74919087806690E-15;0;0
1.62437912743367E-16;3.61428032282712E-18;0;0
2.69089485169241E-16;8.97051244739194E-16;0;0
3.22913302677880E-16;7.88817929489400E-16;0;0
3.46969851696665E-16;2.57700940338870E-15;0;0
9.87929152542178E-17;1.15703637062921E-16;0;0
2.63016860981991E-16;8.70508898991961E-15;0;0
3.35611784223534E-16;5.78004059859832E-18;0;0
1.01126372206522E-16;1.93090925194436E-17;0;0
5.07389335730035E-16;3.01138781292133E-16;0;0
1.90305963641443E-16;6.00495965274480E-16;0;0
1.23193055364111E-16;4.12367726383036E-16;0;0
5.81740624038071E-16;1.25353631244544E-15;0;0
1.22220309856151E-16;1.54119752828808E-16;0;0
2.84738347053571E-18;4.93668091682708E-16;0;0
2.18467385182825E-16;6.31939005883192E-17;0;0
1.12887308366012E-15;2.21624162617428E-14;0;0
9.06716554767503E-16;1.34948312225953E-16;0;0
1.84481104768236E-17;7.20042120398689E-16;0;0
8.41244579606291E-17;4.08788751514801E-16;0;0
1.79728714928161E-16;7.97309510148121E-16;0;0
1.60730166133057E-16;1.39350950650014E-16;0;0
2.86230241695652E-16;3.71854061333777E-16;0;0
9.82487600516166E-15;6.61461024404857E-15;0;0
8.07414558152970E-18;8.11680306225852E-16;0;0
1.15972195928583E-16;1.16891497846296E-15;0;0
1.83940473182727E-16;1.23714728076505E-16;0;0
2.89175216551134E-16;1.18826028808055E-16;0;0
2.83157125219270E-16;1.74852816448109E-15;0;0
4.10620635540766E-16;1.88099337616278E-15;0;0
1.74573223375617E-15;8.88628947428001E-16;0;0
8.89449328986976E-16;3.76176484530121E-16;0;0
2.39053375559007E-16;2.74478433037179E-16;0;0
5.69007050136753E-17;1.05094915950527E-15;0;0
3.14757569280033E-17;2.55152482600726E-17;0;0
2.33864792451457E-16;5.81989745328894E-16;0;0
1.07758204540487E-14;2.57604370763803E-14;0;0
4.94277705090273E-17;2.68839899966418E-15;0;0
6.84244027732222E-16;1.19928259822604E-16;0;0
1.31743257256893E-16;1.69950746681621E-16;0;0
2.63025547869914E-17;5.15729627369170E-16;0;0
1.62668697155108E-16;4.73869460292267E-16;0;0
2.27989553389550E-16;4.33564610746107E-16;0;0
3.63890225711815E-16;1.76602746062406E-16;0;0
1.17312332221176E-16;7.76146744784122E-16;0;0
1.51390917659768E-16;3.90890608873182E-15;0;0
6.14259041823616E-16;1.25060623190324E-17;0;0
7.31488751399488E-16;1.49038666732352E-15;0;0
3.60656682146307E-16;1.27038806409951E-16;0;0
8.25647301871699E-16;1.26072275046707E-16;0;0
1.14241513304403E-16;9.92954990944893E-16;0;0
2.82142919996596E-15;7.66862244688912E-15;0;0
1.18398742774960E-16;1.40873541516344E-15;0;0
1.02416839334258E-17;3.54071784156410E-16;0;0
2.72273034429997E-17;7.54680145450532E-16;0;0
5.55590631552858E-17;1.73868923420532E-16;0;0
1.23239803542622E-16;3.29665345607012E-16;0;0
4.66489455906008E-16;1.85849324934666E-16;0;0
2.26502428677877E-16;1.14818226135953E-16;0;0
1.95047893301695E-16;3.41837373119757E-17;0;0
9.41922883035158E-16;6.55429760664438E-17;0;0
6.45214323003896E-17;2.05816256613852E-16;0;0
1.82107153220692E-16;1.80392839890763E-16;0;0
5.16873394357729E-16;4.07514869248554E-17;0;0
1.97133441627116E-16;1.14958223773443E-15;0;0
5.84146203813706E-17;6.13276443515537E-16;0;0
6.13537686525985E-16;2.38309701246300E-16;0;0
9.00943292256470E-17;7.69747361302490E-15;0;0
6.74500604496430E-17;1.99530623661410E-17;0;0
1.01366106753087E-16;2.47534149014434E-15;0;0
2.86433840844180E-17;1.65048731243271E-15;0;0
1.29086203403179E-16;1.10373606744187E-15;0;0
4.46482120137026E-16;2.68891616080878E-14;0;0
3.63224583460518E-16;5.93238989115469E-16;0;0
9.38079398302415E-17;4.39239675508515E-16;0;0
1.93196497698729E-17;1.24132977751305E-16;0;0
1.75944781967297E-16;1.23159979765343E-15;0;0
7.40347288832266E-16;3.08440559216160E-15;0;0
3.22526715685812E-16;1.95770772262951E-16;0;0
8.37619158582522E-16;6.66541657026881E-17;0;0
4.37064092326626E-16;1.63955102053980E-16;0;0
6.30266112045862E-16;1.23879371012712E-15;0;0
2.38640210129993E-17;1.06186467261070E-15;0;0
5.62227688167594E-16;3.95434384423804E-16;0;0
1.34021483910466E-16;6.99040429918609E-16;0;0
1.83596544252380E-15;5.25484358544932E-16;0;0
1.76437625758757E-16;3.00757850833246E-16;0;0
3.42301138949979E-16;1.96738668982674E-16;0;0
8.22955027571044E-16;2.93506461111583E-14;0;0
2.50468378955353E-16;6.38341789501515E-17;0;0
6.35602850988136E-16;1.14175557747562E-15;0;0
5.77357531369437E-16;2.11703319966950E-15;0;0
1.25246896087452E-16;3.17445728549418E-16;0;0
1.78095219313896E-17;2.68077446245887E-16;0;0
2.52981021686972E-16;8.10428989924634E-16;0;0
5.00329821036147E-17;2.90491441785487E-16;0;0
2.28309504255704E-16;1.07442570466272E-15;0;0
1.71219130488394E-16;6.32865600022039E-16;0;0
1.20121412847480E-15;2.82863077633836E-15;0;0
2.82217109268945E-16;3.18378357822905E-18;0;0
7.45556179469286E-16;2.33384101463290E-15;0;0
2.26139123581065E-14;3.38412428517207E-15;0;0
5.43315033629264E-16;1.48193846587479E-16;0;0
6.11361850650016E-16;1.63515996157171E-15;0;0
6.18722731977176E-15;3.65485139240278E-15;0;0
3.05185784891731E-16;3.71751055234048E-16;0;0
1.26618712246175E-16;1.33277681017473E-15;0;0
1.64521183790515E-16;3.93095740785018E-16;0;0
1.03140520140576E-15;2.35845228460271E-15;0;0
1.31662606651098E-15;2.88752816541805E-15;0;0
1.07123522061348E-16;3.26672120722292E-16;0;0
8.75385731830122E-16;2.97918665936708E-15;0;0
1.52040125255789E-16;4.51797025974812E-16;0;0
8.27101737214787E-18;3.06519329645509E-16;0;0
1.66397147455924E-15;4.04168451984105E-16;0;0
4.03659128600980E-16;2.17704008594060E-16;0;0
7.59401384706990E-16;1.64484270061933E-16;0;0
1.20782871148749E-15;3.68429308048922E-15;0;0
7.92570118721954E-17;1.02240859952294E-15;0;0
7.39522010058644E-18;7.19922629453185E-16;0;0
9.59674159581739E-18;1.39174669195609E-16;0;0
9.32851542891894E-17;9.32384923714089E-16;0;0
1.27138517275440E-15;3.38502008579258E-15;0;0
2.97138942718381E-16;9.72909543670353E-16;0;0
5.86697181513920E-16;6.41446549432743E-15;0;0
7.61942765127838E-17;2.03839754097756E-16;0;0
3.44985589712095E-16;1.22208871139767E-15;0;0
8.00173798858021E-17;1.17311683375933E-15;0;0
1.65518340054396E-17;6.51442430024772E-16;0;0
1.84957718379559E-16;1.69887714338618E-16;0;0
2.67984611310563E-16;1.99213370922041E-16;0;0
6.11772955086865E-16;1.03302176906609E-15;0;0
6.47240397769674E-17;2.79166791138139E-16;0;0
1.09664313658249E-15;3.18615009419951E-15;0;0
3.36179384586683E-15;1.56735662600063E-15;0;0
2.52185381701032E-17;5.79134577583711E-16;0;0
9.40230400062033E-17;1.87267110034016E-16;0;0
1.83254125323672E-15;2.80658887402654E-14;0;0
1.44051626669757E-14;2.22712003168487E-14;0;0
1.34602454521864E-16;1.69933536987287E-15;0;0
3.01442964971338E-15;4.48331789602016E-15;0;0
4.30409472019522E-16;1.60040093367100E-16;0;0
2.77261900504282E-16;3.07255692206568E-16;0;0
8.78648708394103E-17;7.71603057766541E-16;0;0
4.31959289272053E-17;4.66773565953487E-16;0;0
4.01979744930970E-18;1.18002045715765E-16;0;0
1.25488833798758E-16;7.88670783617016E-16;0;0
1.29787700392705E-15;3.39522149162590E-15;0;0
1.03845193726841E-16;5.88198854311501E-17;0;0
5.91017324240036E-16;1.17979997789529E-15;0;0
6.68485792713563E-17;7.61633187956184E-16;0;0
6.33894241264234E-17;4.98377436372719E-17;0;0
2.42271840892874E-16;1.09313390328082E-16;0;0
5.17387420423519E-16;1.96728810705343E-15;0;0
3.48444258294364E-17;2.33265706644352E-15;0;0
5.01371853331657E-16;2.68871875644202E-16;0;0
1.95106093661027E-16;1.42312120412077E-16;0;0
4.00051020882740E-16;1.59181786762281E-15;0;0
6.95624980274004E-16;4.88856655790965E-16;0;0
7.51419094093033E-17;3.01109534979216E-16;0;0
1.31690447851000E-16;2.53311159492318E-16;0;0
4.61775332168705E-17;1.53548044936456E-17;0;0
3.28619755281766E-16;1.45695370643962E-15;0;0
1.64639523765338E-17;4.68171890027772E-17;0;0
3.17234144780914E-16;2.10858346000924E-16;0;0
2.37096565182901E-16;5.94758619281698E-18;0;0
9.19123345037434E-17;6.10498240943598E-16;0;0
3.97168448951675E-17;3.91819146654564E-16;0;0
8.33809265352638E-16;1.53170564118743E-15;0;0
2.32476518848290E-16;7.16853989647718E-17;0;0
1.87177719187796E-15;9.33761699007745E-15;0;0
1.74487394687341E-16;1.99968280793474E-16;0;0
7.22647158753674E-16;3.64927424494439E-15;0;0
6.80858600820212E-19;1.89867729701381E-16;0;0
6.83226230100044E-17;2.39785970230469E-16;0;0
8.80921836985929E-17;5.96658819055968E-16;0;0
1.15194328727931E-16;7.66849582415215E-16;0;0
4.65407386023938E-17;3.80462752550197E-16;0;0
2.09939251194755E-16;3.22872512509991E-16;0;0
3.76515742640755E-16;9.36479235041283E-16;0;0
8.19352589425123E-17;3.82184870854336E-16;0;0
2.38754907664561E-17;6.08967722853166E-16;0;0
1.16866413567068E-16;5.06991874443009E-17;0;0
3.14551547927305E-17;1.08827148987201E-16;0;0
2.54024693820075E-17;5.58458526436520E-16;0;0
9.24440511224433E-16;1.14108108288968E-15;0;0
1.14983251923285E-16;1.73872092503696E-16;0;0
2.18602104414498E-15;8.42281547728464E-15;0;0
3.31900826890200E-16;2.01899991631970E-15;0;0
7.10368208009044E-17;9.07640817447950E-16;0;0
4.03729294081040E-17;7.67416630193479E-17;0;0
4.75926202311761E-16;2.70822991752739E-16;0;0
3.04172226179252E-16;1.91649868913737E-16;0;0
2.07786053861810E-16;6.29724322300710E-17;0;0
2.18967803254286E-16;5.72017556620832E-16;0;0
6.02805216509181E-17;8.15508650926853E-17;0;0
2.29178238283113E-16;2.43605599702044E-17;0;0
3.71449168516782E-16;2.41409769446481E-16;0;0
4.46312214027567E-16;2.11523498576407E-16;0;0
2.25341875937421E-15;2.54129004557346E-16;0;0
8.27657022556549E-19;5.17488793444756E-17;0;0
8.92332464231307E-16;2.40969546819460E-16;0;0
8.35355759029035E-16;4.62122343512631E-16;0;0
1.96438578946362E-16;7.26109549176902E-17;0;0
3.80268808773854E-16;1.05907774657310E-16;0;0
2.68589863452546E-16;3.75418587677628E-16;0;0
4.41318409742891E-16;2.15494905373706E-16;0;0
1.33989339235258E-16;1.86613961417677E-17;0;0
3.67259210470544E-17;5.28793222167383E-17;0;0
2.89285556565689E-17;6.32632143580900E-17;0;0
3.16801188053076E-17;9.53705498768655E-17;0;0
1.43822979803261E-16;1.54467558031196E-16;0;0
2.30265902406579E-17;3.66192467444935E-17;0;0
1.44700476528770E-16;1.67058114839810E-16;0;0
1.00215290756970E-16;2.57450959572021E-16;0;0
1.27989597980035E-16;1.84156857972724E-16;0;0
4.44921132798251E-17;2.63763284550562E-16;0;0
4.44724780007789E-16;1.95085737566606E-18;0;0
3.77711922084598E-16;2.88902404157220E-16;0;0
5.81042175009504E-16;2.74261715613300E-16;0;0
4.39634265017283E-17;1.32488497063030E-16;0;0
2.74815074819585E-16;5.72475305405263E-17;0;0
3.60206767509873E-17;2.31092056514173E-16;0;0
4.65170949185836E-17;9.09798441702774E-16;0;0
3.72708240575931E-16;1.91485160673352E-16;0;0
1.96972793678587E-16;1.02841966617750E-16;0;0
6.68951723701024E-17;7.36246989131228E-18;0;0
1.44737114655600E-16;1.68591088826281E-16;0;0
2.22851174842642E-16;3.93614604984702E-16;0;0
8.24315090820228E-17;1.25364303190178E-16;0;0
2.51430312417072E-16;1.29620181481361E-16;0;0
5.91150915775725E-16;5.38047756772979E-16;0;0
2.41619879210751E-17;1.29149753185326E-16;0;0
4.34221808758390E-16;2.19385275722032E-15;0;0
1.95651178789208E-16;2.51539490122194E-16;0;0
2.05296857405362E-16;1.93059372909696E-16;0;0
1.48075685102498E-16;5.12304837121956E-16;0;0
9.12717174916989E-16;8.11898026999580E-16;0;0
2.74018788607863E-16;5.73275671366114E-16;0;0
4.45109541892317E-16;3.73808896568083E-17;0;0
3.14990098037153E-16;2.45887078393615E-16;0;0
4.37278006125883E-17;8.73642808966301E-17;0;0
1.39155741280699E-16;1.11534802523686E-17;0;0
1.18370827675439E-17;7.75976218742274E-18;0;0
8.18299625383797E-17;3.94366886573699E-17;0;0
6.75264842613038E-18;7.87788325363188E-17;0;0
2.06552032364541E-16;9.65771641282767E-16;0;0
2.65695801881814E-16;8.52411151487288E-16;0;0
2.89405376960112E-16;5.21041010555187E-16;0;0
8.29305881434064E-17;6.56220475194561E-17;0;0
7.87814775890240E-17;1.13981667034690E-16;0;0
1.14421752065925E-16;3.89086225756662E-16;0;0
3.81025395661704E-16;2.61780517101610E-16;0;0
2.94416665424189E-18;1.07283757865999E-17;0;0
2.38457202112136E-15;3.25988534899756E-15;0;0
4.56712704034885E-16;1.14586519446893E-16;0;0
7.82929967744052E-16;6.64391248672288E-16;0;0
3.49218804448446E-15;2.03665868705158E-15;0;0
4.83594146564883E-16;4.70955239529127E-16;0;0
8.63377285614633E-16;2.05827369278941E-16;0;0
2.33746306967148E-16;2.10683650972631E-16;0;0
1.60164323675936E-16;9.30986614279460E-17;0;0
2.62316137623739E-17;7.80582254859484E-17;0;0
1.32334194923623E-16;1.48134277704508E-16;0;0
3.85524106632532E-16;3.68303531525681E-16;0;0
1.28787874919156E-16;4.43289056709946E-16;0;0
7.08472683871423E-17;7.53033441695200E-17;0;0
6.60823654448896E-15;8.36081834259216E-15;0;0
1.41653741970873E-15;3.58895945638093E-15;0;0
5.68159295127040E-16;4.33702517146156E-16;0;0
1.37014285090863E-16;2.09075817575763E-16;0;0
3.64942932781740E-16;1.44713631912817E-18;0;0
1.07054309469362E-16;1.03304588162796E-16;0;0
1.44225958113477E-15;2.14843737684630E-15;0;0
4.78886023275253E-16;6.04452438233962E-17;0;0
5.88785487210504E-17;2.77409803672433E-17;0;0
1.46605477736288E-16;2.89419748911990E-16;0;0
7.40833775573238E-16;1.42644816885270E-16;0;0
2.13059923197191E-16;1.56979157085070E-16;0;0
1.11704688753647E-16;3.55183693280551E-17;0;0
4.71498522151838E-16;6.00349506360559E-17;0;0
1.21606548903469E-16;3.54136400004791E-17;0;0
4.78220571107432E-16;1.51618886643678E-16;0;0
4.17392970485338E-16;1.41866183995089E-16;0;0
9.13239799154776E-17;2.05143181187503E-16;0;0
8.29793098056876E-16;7.44434243933185E-16;0;0
1.68163912137856E-17;2.33063293813515E-16;0;0
1.81607859445143E-16;1.39398142434160E-16;0;0
1.80926462706701E-16;2.23386731385376E-16;0;0
8.40066349263305E-17;2.07505431267937E-16;0;0
1.24504646862168E-15;7.25526617906073E-16;0;0
6.41210965155652E-16;2.76381065790263E-15;0;0
2.39271137679093E-16;2.88764759749974E-15;0;0
6.50133138210462E-16;1.45205213494094E-14;0;0
5.99173809038886E-17;1.49409658990394E-15;0;0
1.95982321691271E-16;9.96248858982613E-16;0;0
1.39353390371255E-16;5.86265989513054E-16;0;0
6.68732182539378E-15;9.61889969281620E-14;0;0
3.54856921790420E-17;9.06348297128042E-16;0;0
2.97495599923077E-16;1.32680969252339E-15;0;0
3.12035070562518E-16;3.36814392529959E-16;0;0
5.61143211745273E-16;1.48836771873010E-15;0;0
6.04995213625857E-15;3.16870056123663E-14;0;0
2.94634332996567E-15;4.68440089806875E-15;0;0
1.37218461041116E-15;1.15463671217786E-15;0;0
4.94227550412687E-16;5.17227636395063E-15;0;0
7.33330320114242E-16;1.53999365671072E-16;0;0
8.23523492241370E-15;2.43556939667236E-12;0;0
2.10183644719812E-17;1.44720360247319E-15;0;0
4.63181407764489E-17;8.03594241716043E-16;0;0
2.68455523866047E-16;3.68772786481668E-16;0;0
8.65214548828831E-15;2.12850776626208E-14;0;0
5.02179606956753E-16;9.58926504663037E-16;0;0
2.94747896473462E-16;1.49465624489603E-15;0;0
5.06106277852363E-16;2.92519626409982E-16;0;0
2.93143778218608E-17;1.24850852897507E-15;0;0
4.05844593301446E-16;5.28878459316017E-15;0;0
4.02271078681222E-16;3.35579452158592E-15;0;0
1.91330779424609E-16;1.98827515885358E-15;0;0
2.40342229504415E-16;6.44256021402477E-15;0;0
4.01185672283983E-16;7.86105588973360E-15;0;0
1.30700467183201E-16;6.74648613793047E-17;0;0
3.55225892933082E-16;1.07375257227033E-15;0;0
3.50400156040604E-16;1.18127969330209E-15;0;0
1.52280097504384E-18;6.02373303253732E-16;0;0
1.84604511754134E-16;1.21092326289167E-15;0;0
1.26733690388636E-15;5.25854529296362E-16;0;0
2.47847768100584E-16;8.69996816435488E-16;0;0
7.78608876165820E-17;7.08876573019823E-16;0;0
4.93798714198077E-17;4.23600993815711E-15;0;0
2.45125357348287E-17;3.84795242748900E-16;0;0
1.24385198442957E-16;7.29446716755506E-16;0;0
5.62331361124106E-17;2.71139431389276E-16;0;0
7.79226759051152E-17;3.33010391178863E-15;0;0
1.77516843596782E-16;1.01616180563817E-15;0;0
1.60965210964164E-17;5.07404225228922E-16;0;0
1.08953182581933E-15;2.09692395095371E-15;0;0
8.01931055732667E-17;1.68991665264397E-15;0;0
3.18636470584575E-16;1.24454946946498E-15;0;0
6.87465176686675E-17;1.20136593936759E-17;0;0
1.67242346070292E-16;1.07973703405443E-15;0;0
9.30305711637334E-16;3.87737743446056E-14;0;0
1.69899451185767E-16;3.00915022070193E-16;0;0
3.76971629460314E-16;4.18184465657343E-15;0;0
7.94620675066476E-16;4.56625597856513E-15;0;0
8.97424305723356E-16;6.87127172385162E-15;0;0
2.25485279060587E-16;1.99998288632187E-15;0;0
3.07414217683236E-16;1.02371877122074E-15;0;0
1.95571666398737E-16;4.82455901310994E-16;0;0
1.07461691561866E-16;1.17841866456791E-15;0;0
1.23514682273695E-16;2.28908117311722E-17;0;0
1.43897347056026E-16;3.46736250827424E-16;0;0
2.30188823151702E-16;1.96511363311653E-15;0;0
2.37957881978766E-17;1.96570031837121E-15;0;0
4.09559344002464E-16;2.44708810412756E-15;0;0
1.84635682374861E-16;7.78420385751714E-15;0;0
4.17510940963936E-16;1.22018957605742E-15;0;0
2.53582886994898E-16;1.26766414095617E-15;0;0
1.59656624886008E-17;5.45753732223139E-16;0;0
4.67188436681711E-15;3.68871842686179E-15;0;0
3.33674716311577E-16;2.70723864949575E-16;0;0
1.02325005487049E-16;1.23341819776838E-14;0;0
3.05051961448949E-17;1.27674654521351E-15;0;0
1.22321093265290E-15;2.21863608450480E-15;0;0
1.32139856289712E-16;1.16464949895412E-16;0;0
9.80509806544454E-17;5.25144937566438E-16;0;0
3.67597344790037E-15;1.10102807136026E-15;0;0
4.46726692037726E-17;1.68150059202606E-15;0;0
3.11654186897084E-16;2.59437286483487E-14;0;0
1.33215017661669E-17;3.76860538308758E-17;0;0
2.71737064154748E-16;6.58683322449425E-17;0;0
1.63556528193914E-15;2.28795989627302E-14;0;0
2.23806083225190E-16;6.46895916866827E-16;0;0
1.37603382279242E-16;1.77816941488258E-15;0;0
6.81609824947831E-16;3.50491109407784E-15;0;0
3.73962887481764E-16;2.27234158569360E-15;0;0
7.43897879051260E-16;9.25162255954411E-16;0;0
6.57359070695461E-17;7.63994234328088E-18;0;0
7.05909366284853E-16;6.29814055045736E-15;0;0
3.99010852727822E-17;5.03980791465998E-16;0;0
2.16564760465152E-17;1.43451018420157E-15;0;0
1.16882584373595E-16;1.01679355307907E-16;0;0
7.66600777607481E-16;4.36225277600141E-16;0;0
7.06397805723785E-17;2.60470657084511E-17;0;0
2.20819004587212E-15;5.13778781640555E-16;0;0
2.57449728476170E-16;5.18754802525341E-16;0;0
3.41614086635431E-17;2.68122390587705E-15;0;0
4.28497484923489E-17;5.52672174597996E-16;0;0
8.47104869224760E-17;1.00683437384701E-15;0;0
8.99566842737762E-15;4.16069944013472E-14;0;0
7.46169779842655E-17;3.87703068947803E-16;0;0
2.95593794154114E-15;2.86177645138865E-15;0;0
2.01814742932950E-15;1.99384150411967E-14;0;0
1.01857295795398E-16;7.88393062873481E-16;0;0
5.43479559985548E-16;1.09719049090354E-15;0;0
6.47638713989987E-16;1.89157670667445E-15;0;0
3.77720516699356E-16;2.84713263351715E-15;0;0
2.03219517727982E-16;1.50017530268343E-16;0;0
1.26831242280464E-13;1.19143590194041E-12;0;0
2.90327351150016E-16;5.52617957893285E-16;0;0
3.62409622782764E-17;4.81436584255794E-17;0;0
2.38176170816181E-17;3.05746328921669E-17;0;0
1.66367037983079E-16;4.80478304752353E-15;0;0
2.74939350795083E-17;2.33347029405806E-15;0;0
1.27775740999517E-17;3.50513063084983E-16;0;0
1.53117795914208E-16;6.10515249440967E-16;0;0
2.78814851506780E-16;1.55588693061670E-15;0;0
5.52343637602547E-17;1.85131814702530E-16;0;0
1.11550692758375E-15;4.32505336079730E-15;0;0
1.20337562494671E-16;7.63524396253395E-16;0;0
8.15173502720605E-16;3.12194622903821E-15;0;0
6.56997860592098E-16;6.01880231756385E-16;0;0
5.31841527720393E-16;1.58658093693667E-15;0;0
7.53334521349836E-19;5.08839788161281E-17;0;0
4.68871016398300E-15;5.98327838350435E-14;0;0
7.41180473456000E-17;1.45734520042137E-17;0;0
2.74544072853608E-15;7.23396056043627E-16;0;0
3.54438534314141E-16;1.32450580658513E-16;0;0
2.00311864667199E-16;8.30977915155334E-17;0;0
3.15727355992810E-15;3.21058982452364E-16;0;0
7.92459744348262E-18;5.94643126649123E-16;0;0
3.59964760081016E-17;1.88155934242417E-16;0;0
9.32189443385567E-17;8.40995288832878E-16;0;0
9.72999221595146E-17;1.71660643443337E-15;0;0
3.67805206574120E-16;7.02844991324859E-16;0;0
5.87233110700953E-16;2.83117566041290E-15;0;0
3.00557620474684E-16;4.33954466173201E-15;0;0
1.37664443927698E-15;8.85405809804262E-15;0;0
3.59403918484020E-15;2.99565387861992E-15;0;0
1.26784344393600E-16;2.01672744283129E-14;0;0
1.06257544442396E-15;5.22781733034645E-15;0;0
4.69903674428525E-16;4.45729597814950E-15;0;0
9.68821672449178E-17;2.55848386997915E-16;0;0
1.41360343468086E-15;5.40225396117559E-15;0;0
4.47249871769998E-17;3.51699733888738E-16;0;0
2.45722961893978E-16;1.49090388814426E-15;0;0
2.78942204095411E-16;2.63900877532321E-15;0;0
2.20678970283221E-15;6.10037346319770E-15;0;0
4.80580756409240E-16;4.60460445031945E-16;0;0
1.15413404186003E-15;6.68048293062083E-15;0;0
2.66520032799992E-16;4.66803157284515E-16;0;0
1.29537012647519E-15;6.81237453734228E-15;0;0
6.14194491340541E-16;1.06564245058317E-14;0;0
1.51079778000039E-16;2.88237031540639E-15;0;0
1.74105449775175E-16;4.42179570468617E-15;0;0
2.17819593095013E-16;1.23369844932887E-15;0;0
1.91565752772885E-16;3.89450417401310E-16;0;0
1.26813359915951E-15;9.07705039303755E-17;0;0
1.24134069886256E-16;9.98655425558107E-16;0;0
7.57794703477171E-17;8.07685509462054E-16;0;0
6.56432045949647E-17;6.29781594001620E-16;0;0
1.92725136352815E-16;4.92494348942258E-15;0;0
6.97973441489212E-17;9.84295717059815E-16;0;0
3.49859202770902E-17;9.52285654039884E-16;0;0
1.02041116132793E-16;1.59393583748349E-15;0;0
2.41259025567092E-16;8.63553060741038E-16;0;0
8.93072474418402E-17;1.37350967166276E-15;0;0
3.50705438065901E-16;1.70740488428498E-16;0;0
2.62538449060693E-16;8.47479836991659E-16;0;0
1.27313967473072E-16;2.87846446309949E-16;0;0
5.87007873564419E-17;2.46148553050994E-15;0;0
2.07685761161747E-16;2.41205498636976E-15;0;0
1.54702705869213E-15;2.96557038143758E-15;0;0
6.62659672420975E-16;1.08055296971474E-15;0;0
4.52737428471598E-16;2.31637431831098E-15;0;0
6.81033152713777E-17;3.81068382602630E-16;0;0
3.64910816207179E-16;6.33932024292854E-16;0;0
1.00708167967153E-15;1.87795630008282E-17;0;0
2.14679346907226E-15;4.99296141126381E-16;0;0
9.50078054780686E-16;8.98918962581034E-16;0;0
3.91248397022569E-17;4.94395259115195E-16;0;0
6.36412202797604E-16;4.36910661860241E-15;0;0
2.80286388242354E-16;1.43941715227229E-15;0;0
2.75263778480063E-17;1.26767773552764E-17;0;0
1.35608690527530E-16;1.65712201682158E-16;0;0
1.44804295747110E-16;7.86733563529078E-16;0;0
4.14743285260138E-16;1.72995748951168E-15;0;0
1.19064997481779E-16;1.00125080285911E-15;0;0
2.25537504276534E-17;6.41766321303508E-16;0;0
1.27073498247534E-17;5.30854867876496E-16;0;0
5.24394714510160E-16;1.67421077703364E-15;0;0
1.02016530257836E-15;3.05251263479411E-17;0;0
2.88555208900744E-17;4.99730564690326E-16;0;0
1.95835087682105E-15;8.14532592835827E-16;0;0
2.84567110851349E-17;1.53125985461343E-17;0;0
6.58309814112532E-16;1.30642308597275E-15;0;0
4.65754233914020E-17;1.02208174057705E-16;0;0
2.58927173189607E-16;2.13586880440329E-15;0;0
9.93743765732503E-17;2.39368668388565E-16;0;0
4.21912220263288E-16;1.84572036351283E-15;0;0
1.15688811681877E-16;6.49041519800610E-17;0;0
6.73734575470548E-15;6.45496517252579E-14;0;0
4.52866047474696E-17;3.18698862514388E-18;0;0
3.61863763568431E-16;9.24831062396845E-16;0;0
2.47591705518214E-16;1.42115427932469E-15;0;0
2.38301019881626E-16;2.68004556815740E-16;0;0
2.81340886195867E-17;8.73961663348050E-16;0;0
2.91599164810979E-15;1.47870947353219E-15;0;0
4.64761857983804E-17;6.07462411498043E-16;0;0
1.18591729752596E-16;3.83119606532641E-16;0;0
1.30108878716442E-15;9.40855366028102E-15;0;0
1.04699085406950E-16;2.15226218262563E-16;0;0
2.97284434790551E-16;1.55252248266089E-15;0;0
1.03567407930582E-16;3.26049534032835E-15;0;0
6.17960847569458E-17;1.42532841217343E-16;0;0
1.40964401026469E-16;2.27659847734779E-17;0;0
4.47959621905152E-17;2.91177181218402E-15;0;0
4.33546535621549E-17;9.11442534520865E-16;0;0
2.42464349431366E-16;1.37810534690684E-16;0;0
5.15809414243318E-17;3.30829174482221E-16;0;0
3.26815885363026E-16;1.87075295358441E-15;0;0
5.55652512422092E-17;6.73349276255910E-16;0;0
2.56763386143075E-16;9.55875697079754E-16;0;0
9.98134513444386E-16;4.61171927432295E-15;0;0
2.57670509281877E-16;2.89625553938024E-16;0;0
1.72516447358008E-16;3.47283334441299E-16;0;0
2.33267146583479E-15;1.83092207019968E-15;0;0
2.45359628568800E-16;7.63896202034387E-16;0;0
4.32319593389304E-16;7.72528941152412E-15;0;0
2.88431371589416E-18;4.76395821587410E-16;0;0
7.49804529987123E-16;6.81638819329329E-17;0;0
7.49155117770220E-16;1.12828089182452E-15;0;0
2.16469465140999E-16;9.08638995066780E-16;0;0
3.21387376789673E-16;5.60010348518017E-16;0;0
1.59215272549750E-15;1.15018056882231E-15;0;0
2.01699770601374E-16;1.13717734120020E-15;0;0
1.60769589795413E-16;8.78860742656400E-16;0;0
8.38990068519969E-16;1.41255327171441E-15;0;0
2.11897167485912E-17;1.07868291692112E-15;0;0
5.67244130429838E-17;6.90417490331650E-16;0;0
2.22208103113314E-16;9.01689449970237E-16;0;0
3.01133789264204E-14;2.04578347351009E-13;0;0
3.10999156316121E-16;8.05711321358895E-16;0;0
8.62983981191871E-17;6.95282926899611E-16;0;0
7.75912544144383E-16;1.58891424476682E-14;0;0
3.69775672834865E-17;8.61971844741374E-16;0;0
2.32564798892683E-16;3.68215571911648E-17;0;0
6.25960728758757E-16;1.93577805172093E-15;0;0
8.24627135146541E-16;2.91758839375347E-16;0;0
7.11885803041851E-16;7.07941313779506E-16;0;0
6.19891173286693E-16;6.96028997892723E-15;0;0
7.29430867300736E-18;8.39915646692830E-16;0;0
6.55627047397294E-17;1.33968225304535E-15;0;0
6.99776887681477E-16;7.74371540075838E-16;0;0
4.73381702886347E-17;1.31688425456602E-15;0;0
3.04570912616423E-17;7.64755830570973E-16;0;0
1.56869553932119E-16;1.83776775026822E-16;0;0
1.98825752590927E-16;2.31293310128219E-15;0;0
2.39778077507903E-16;2.91439264174286E-15;0;0
2.46372063187201E-16;3.78223301350359E-16;0;0
6.68548337019790E-18;8.45801683608798E-16;0;0
8.45954887667990E-17;2.41707546935297E-16;0;0
7.86649832501888E-17;4.35025470419236E-16;0;0
1.72981440673816E-16;1.13585222530543E-15;0;0
1.78628673606005E-16;3.03002431370847E-18;0;0
3.78122715450623E-16;2.57081448599724E-15;0;0
5.93187408623544E-17;1.60671397989548E-16;0;0
1.65074717849526E-17;7.32203641491079E-17;0;0
3.53900185270524E-16;3.72723274086432E-16;0;0
4.25021305613532E-17;2.45511900515554E-16;0;0
8.29935033931390E-17;1.29152213587282E-15;0;0
8.31992525237529E-17;3.50308912685544E-16;0;0
6.00787972742067E-18;1.32311871406255E-16;0;0
1.47996195180329E-17;8.76072148311960E-16;0;0
2.35219245111715E-16;2.66845415769599E-16;0;0
2.61195144487065E-15;4.99300519544841E-16;0;0
2.35239264667955E-16;2.17004826722322E-15;0;0
3.79363772307690E-17;7.90932027691499E-16;0;0
2.14557947362562E-16;1.51487413909010E-15;0;0
7.61193402547468E-16;6.77002749999993E-16;0;0
3.62455967577723E-17;5.58585380198476E-16;0;0
1.42232854263446E-16;9.44775443737123E-16;0;0
1.52224690467906E-16;2.08911554834448E-16;0;0
1.40491077344194E-16;1.59379953790842E-16;0;0
3.42067055570992E-16;7.91513539919653E-16;0;0
1.05195540911266E-15;1.19008574726136E-15;0;0
7.56863204861191E-16;2.56252312508889E-15;0;0
1.48012707793200E-16;3.76353153004483E-16;0;0
1.87357598759310E-16;4.61403879678720E-16;0;0
3.61748888411682E-17;1.49965543981211E-14;0;0
1.81035461293492E-16;5.31670939573431E-16;0;0
3.90160276235423E-16;2.98915215655025E-16;0;0
4.95187478572375E-18;6.71718264468948E-16;0;0
4.23023488857403E-17;1.75962387679892E-15;0;0
1.48290711055665E-16;1.09335725065114E-15;0;0
1.35355850734904E-16;1.39643730347773E-16;0;0
3.77636607839626E-16;1.10998417826249E-14;0;0
6.10394190009494E-15;8.85803107250317E-14;0;0
7.69299037135692E-16;1.47368225117398E-16;0;0
2.03485267796704E-15;5.42736459211991E-16;0;0
1.76437283551804E-16;7.73539626211867E-16;0;0
3.89440062223794E-16;8.23143882032612E-16;0;0
4.68296790882020E-16;2.38847709779064E-16;0;0
1.33195772928771E-15;2.87066674183944E-15;0;0
1.42393593837236E-16;1.05235875894792E-15;0;0
1.16445783453571E-16;2.31238108708999E-16;0;0
1.02992377316132E-16;2.23802566596809E-15;0;0
5.34032404968957E-16;8.04269143016196E-16;0;0
1.42008961440132E-16;1.56910258121330E-16;0;0
1.13009602123420E-16;2.08110841323504E-17;0;0
3.08471371150116E-16;3.28047895053855E-16;0;0
1.59430675509822E-16;3.00731137540377E-16;0;0
6.13130993937353E-16;5.45631426039192E-15;0;0
2.04162270620091E-15;1.56243276984079E-16;0;0
1.08346407723734E-16;5.92021585052294E-16;0;0
8.28585369605409E-15;5.64548584873185E-15;0;0
4.29522867069832E-16;3.31214409592595E-16;0;0
8.02456348995837E-16;2.79587470393257E-15;0;0
1.98227489946085E-16;5.23671016952436E-16;0;0
3.29571591649555E-16;1.21383820335820E-16;0;0
2.25276517899582E-15;2.10429826150190E-15;0;0
4.14079199769936E-15;3.70091862823677E-15;0;0
1.65488444908451E-15;9.05801140825904E-16;0;0
2.21866607613835E-16;7.27661034976457E-16;0;0
5.47221263731108E-16;6.47723626289962E-16;0;0
8.88806595677705E-17;2.42359757409384E-16;0;0
7.74927965003486E-16;5.76889588222399E-15;0;0
1.00611342467376E-16;7.98633933099520E-16;0;0
1.46025855227525E-16;6.75814700756383E-18;0;0
3.67196862301889E-18;1.59152787053756E-15;0;0
3.52303749762444E-17;2.10363969805373E-16;0;0
3.47650050910535E-16;3.67799215628514E-15;0;0
1.84622165991660E-16;6.69049454451028E-16;0;0
2.06926147369386E-15;1.21066560706327E-15;0;0
3.67521611739895E-16;4.56521503983735E-16;0;0
4.05738914652193E-16;1.62970152141552E-16;0;0
4.06649555367051E-17;6.13682814383996E-16;0;0
1.01069233283745E-14;1.54070375424454E-14;0;0
8.92874627016184E-16;4.03737363678072E-15;0;0
1.33452156104397E-16;3.34524624705971E-17;0;0
2.61368525277130E-16;1.47122374473503E-16;0;0
2.02597672956699E-16;6.07209030819236E-16;0;0
2.51002771350359E-16;1.42136881706751E-16;0;0
3.78610388255965E-16;4.06235005279123E-16;0;0
2.89462336439992E-16;4.86727348803867E-17;0;0
7.73952944808340E-17;7.84233271808839E-16;0;0
3.09100913666661E-16;1.82919121559594E-16;0;0
6.01243687570783E-16;1.01362096921720E-16;0;0
2.35673093262726E-16;1.24676404508101E-15;0;0
4.21602701051619E-16;6.73402108583405E-17;0;0
3.02737485301389E-16;5.14438376579898E-16;0;0
2.54715489336312E-17;2.20270594064199E-16;0;0
3.73976255434138E-16;1.45926048995716E-15;0;0
5.60682046379140E-15;2.21965684848208E-15;0;0
4.68872710340002E-16;1.36686200298786E-16;0;0
2.63793098752528E-16;4.38936651980755E-15;0;0
3.44601583055043E-17;3.06309662893740E-15;0;0
6.55963726753546E-17;8.56910097019658E-16;0;0
1.28060923719623E-15;3.95568731288194E-15;0;0
9.07807167228227E-16;6.47503625537306E-16;0;0
3.87701978001791E-15;1.10609236491663E-14;0;0
2.36131409494166E-16;7.73472590807351E-16;0;0
5.57793878290890E-16;7.54743114064995E-16;0;0
2.30536602154681E-16;1.71999081617430E-17;0;0
3.72456625422926E-16;1.53979421823235E-16;0;0
5.88258766320220E-15;7.06682654600097E-15;0;0
2.54856851783967E-16;1.11451105712757E-15;0;0
1.97294908690332E-16;5.65419763442795E-16;0;0
4.18341134173284E-17;2.56636532838477E-15;0;0
8.97982791116788E-17;1.45712992132438E-16;0;0
6.49398927930695E-16;5.55592833824328E-16;0;0
1.08490476344802E-15;1.65859273117076E-15;0;0
3.14803682589690E-16;1.26522123387815E-15;0;0
3.15745059541397E-16;9.95119627890004E-16;0;0
2.12022197488069E-16;1.07968927881475E-14;0;0
1.43693425862670E-18;3.23747551605487E-16;0;0
3.68070572383202E-16;1.30377151224068E-16;0;0
6.48956958440297E-16;2.08243722085881E-16;0;0
1.00347721340499E-15;3.67568129571220E-17;0;0
1.48768999133220E-16;1.69373393577371E-17;0;0
9.73013752744985E-17;9.54735718741402E-16;0;0
4.14231624690803E-16;7.82092778547734E-17;0;0
2.93204627495308E-17;3.61512098109576E-16;0;0
1.40499346120855E-16;4.06628133483641E-16;0;0
6.39278251940999E-16;4.11439823643391E-15;0;0
3.78511399260516E-17;3.48353448684170E-16;0;0
3.36454135200486E-16;4.34081703078356E-16;0;0
5.26439158765395E-17;1.10155812147574E-16;0;0
1.69015707704147E-16;1.70289277972817E-15;0;0
7.07524458425576E-16;1.17368359867963E-15;0;0
2.08477421589755E-16;1.44145774900294E-16;0;0
7.21380182414234E-17;5.38382538316035E-16;0;0
1.18929266158576E-15;1.32442532303775E-15;0;0
7.15840015951865E-16;4.43041090064661E-17;0;0
2.34169878394123E-16;5.98286335381757E-16;0;0
9.85055927146137E-17;1.84943257282121E-16;0;0
3.45701031808900E-17;8.64390778701895E-17;0;0
2.90623860848820E-16;1.07664332603525E-15;0;0
1.49760296775715E-16;8.47264878791095E-16;0;0
3.11718875335116E-17;1.00187337451766E-16;0;0
1.70780273249632E-16;2.19071372140470E-16;0;0
4.92430467648419E-16;8.03882124406634E-17;0;0
3.17872304637571E-16;2.72933592018956E-16;0;0
1.97429980351745E-16;4.08243885256960E-16;0;0
5.89063788624936E-16;5.54844354050807E-16;0;0
1.52194507872051E-16;2.99053346414624E-17;0;0
2.07903005770311E-17;9.31155157523246E-17;0;0
3.38445086359470E-17;2.10918456542878E-16;0;0
3.88474772907155E-15;2.80069060352805E-15;0;0
1.83559650264151E-16;1.52061776554351E-16;0;0
5.67024979622333E-17;2.52030923765501E-17;0;0
3.27620525549215E-17;4.87237263212598E-17;0;0
2.19589603761801E-17;1.07608808717785E-16;0;0
4.06729144827336E-16;2.15376677537659E-16;0;0
4.59090153074704E-16;2.68180376310982E-16;0;0
1.83373372766487E-16;2.76718748841940E-16;0;0
5.31682105516614E-16;1.41197157696210E-16;0;0
7.46935291993380E-16;1.92897460309972E-16;0;0
1.60405702185202E-16;3.35268405200296E-16;0;0
5.31897565422880E-16;2.09712989519151E-16;0;0
7.25893436956476E-17;3.40408943714659E-17;0;0
1.28705305422383E-15;3.12258430124725E-16;0;0
6.37845067207615E-16;2.14285237184317E-16;0;0
4.96329429112660E-16;1.44710027133021E-16;0;0
9.17618180177929E-17;1.75980393662966E-16;0;0
5.75727330530861E-15;2.36140563139937E-15;0;0
2.90797059559732E-17;1.72731011801972E-16;0;0
3.88578300794176E-16;3.52979967890345E-16;0;0
3.72685300084278E-16;2.67214029996273E-16;0;0
7.40583685327573E-16;1.83567359538672E-15;0;0
1.43856907254219E-15;5.01829965811304E-16;0;0
1.11629104081947E-15;1.64395765517323E-15;0;0
4.83850525606945E-16;1.41015264331509E-15;0;0
1.47282150662523E-15;1.11706797476304E-15;0;0
8.15521668105747E-18;1.05393620645087E-16;0;0
1.07165483950619E-15;5.36582776422073E-16;0;0
3.70105786370383E-16;9.27917138470883E-16;0;0
8.12360622044138E-17;4.07097874632050E-17;0;0
2.27807763642986E-16;3.04769098860951E-16;0;0
1.76147331746538E-16;4.98461760183248E-17;0;0
4.11104858146366E-15;3.70241333149110E-15;0;0
2.04153744873467E-15;9.34166769406460E-15;0;0
3.27358102810789E-15;5.68020232119127E-15;0;0
2.13796592273061E-17;1.88159459779382E-17;0;0
9.81733672238990E-17;2.40252884561284E-16;0;0
3.26501936244943E-16;3.71669091241121E-16;0;0
1.20460594834386E-16;1.20648407207046E-16;0;0
5.77999813690709E-16;1.31876090115024E-15;0;0
8.67152110181024E-17;4.47829221666881E-18;0;0
5.05911574033127E-16;4.22976404953559E-16;0;0
1.04116717855222E-15;1.43452890342928E-15;0;0
1.10233700982055E-15;4.35586600343085E-16;0;0
3.81214328260610E-16;1.75766548131373E-16;0;0
2.47644264444544E-16;3.98461696633058E-17;0;0
1.88458698309267E-16;3.66815757572061E-16;0;0
9.63389936694323E-17;2.99861346437412E-16;0;0
1.59656198088376E-16;1.63783897296665E-16;0;0
7.05192290407216E-16;2.31434956076336E-16;0;0
2.47724874743002E-16;1.03722051033204E-16;0;0
3.42702878588890E-17;2.69767728812295E-16;0;0
6.12304889833934E-16;3.62209919057180E-16;0;0
1.44337526156869E-16;8.85759043180145E-17;0;0
2.27332858652921E-16;9.62903264571786E-17;0;0
1.32590258780241E-16;1.09941945562292E-16;0;0
1.58530595631428E-16;1.39338865024806E-16;0;0
1.61747967551273E-15;1.01594102727279E-16;0;0
3.03327522439090E-17;3.21940404387518E-16;0;0
3.41058278497522E-16;8.46224057774527E-16;0;0
5.22925247841385E-17;6.07278652096363E-16;0;0
1.52531722534266E-15;7.06447231223648E-16;0;0
6.66261476815901E-17;2.63636676004253E-17;0;0
5.47290041909745E-16;3.74803163040176E-15;0;0
2.60121305842888E-16;3.70596292260954E-17;0;0
6.60899814199140E-16;6.53539997481362E-17;0;0
6.70938679961682E-17;1.54216471713651E-16;0;0
1.34434200082099E-16;1.34551176425680E-16;0;0
2.96481847486775E-16;3.26058944230589E-17;0;0
1.37018187052649E-15;5.66923168167002E-16;0;0
9.15387736411911E-16;6.31891699188302E-16;0;0
1.14050192618549E-16;2.59037908174433E-17;0;0
2.29341408032391E-15;1.20445270559681E-16;0;0
3.67987065737768E-16;1.74993746804999E-16;0;0
6.87789311115411E-17;2.43200629316022E-17;0;0
1.17556326242801E-15;5.37106196458073E-16;0;0
6.77814429020250E-17;3.16610465623645E-18;0;0
7.03204220811376E-17;2.89564769684680E-16;0;0
1.54851890298793E-16;2.02950198000172E-16;0;0
2.38535853431587E-16;1.86388202841378E-16;0;0
2.54882039417186E-17;5.08410227696919E-16;0;0
5.05234470733901E-17;2.99442177431167E-16;0;0
4.44595835764737E-15;2.43557178017196E-15;0;0
4.84068544681883E-17;1.08710627898301E-16;0;0
3.05010042754281E-17;1.17939874887677E-16;0;0
4.22474434210159E-16;3.47218351836418E-16;0;0
5.64256365199150E-17;1.96511462551248E-16;0;0
3.93272755126516E-16;2.15440841221596E-16;0;0
3.55757819957466E-17;2.46211933493283E-18;0;0
1.08162441089904E-16;1.90581587876704E-16;0;0
3.44370678422544E-16;9.91025657138838E-18;0;0
1.90373155649672E-16;4.30711004481488E-16;0;0
;;0;0
;;0;0
;;0;0
;;0;0
;;0;0
;;0;0
;;0;0
;;0;0
;;0;0
;;0;0
;;0;0
;;0;0
;;0;0
;;0;0
;;0;0
;;0;0
;;0;0
;;0;0
;;0;0
;;0;0
;;0;0
;;0;0
;;0;0
;;0;0
;;0;0
;;0;0
;;0;0
;;0;0
;;0;0
;;0;0
;;0;0
;;0;0
;;0;0
;;0;0
;;0;0
;;0;0
;;0;0
;;0;0
;;0;0
;;0;0
;;0;0
;;0;0
;;0;0
;;0;0
;;0;0
;;0;0
;;0;0
;;0;0
;;0;0
;;0;0
;;0;0
;;0;0
;;0;0
;;0;0
;;0;0
;;0;0
;;0;0
;;0;0
;;0;0
;;0;0
;;0;0
;;0;0
;;0;0
;;0;0
;;0;0
;;0;0
;;0;0
;;0;0
;;0;0
;;0;0
;;0;0
;;0;0
;;0;0
;;0;0
;;0;0
;;0;0
;;0;0
;;0;0
;;0;0
;;0;0
;;0;0
;;0;0
;;0;0
;;0;0
;;0;0
;;0;0
;;0;0
;;0;0
;;0;0
;;0;0
;;0;0
;;0;0
;;0;0
;;0;0
;;0;0
;;0;0
;;0;0
;;0;0
;;0;0
;;0;0
;;0;0
;;0;0
;;0;0
;;0;0
;;0;0
;;0;0
;;0;0
;;0;0
;;0;0
;;0;0
;;0;0
;;0;0
;;0;0
;;0;0
;;0;0
;;0;0
;;0;0
;;0;0
;;0;0
;;0;0
;;0;0
;;0;0
;;0;0
;;0;0
;;0;0
;;0;0
;;0;0
;;0;0
;;0;0
;;0;0
;;0;0
;;0;0
;;0;0
;;0;0
;;0;0
;;0;0
;;0;0
;;0;0
;;0;0
;;0;0
;;0;0
;;0;0
;;0;0
;;0;0
;;0;0
;;0;0
;;0;0
;;0;0
;;0;0
;;0;0
;;0;0
;;0;0
;;0;0
;;0;0
;;0;0
;;0;0
;;0;0
;;0;0
;;0;0
;;0;0
;;0;0
;;0;0
;;0;0
;;0;0
;;0;0
;;0;0
;;0;0
;;0;0
;;0;0
;;0;0
;;0;0
;;0;0
;;0;0
;;0;0
;;0;0
;;0;0
;;0;0
;;0;0
;;0;0
;;0;0
;;0;0
;;0;0
;;0;0
;;0;0
;;0;0
;;0;0
;;0;0
;;0;0
;;0;0
;;0;0
;;0;0
;;0;0
;;0;0
;;0;0
;;0;0
;;0;0
;;0;0
;;0;0
;;0;0
;;0;0
6.34501966206251E-16;2.27097325781395E-17;0;0
2.22669345670026E-15;3.11170313455409E-14;0;0
1.77738130810416E-16;4.74704694147382E-16;0;0
8.52665889630842E-17;6.14656965468737E-16;0;0
1.87238401409928E-16;1.65583999465972E-16;0;0
2.15544911345557E-18;1.40235147820281E-15;0;0
5.26971689185632E-16;3.80553639609171E-16;0;0
1.12662155460616E-14;1.97255239047460E-14;0;0
1.52491782711052E-16;4.63437074207058E-16;0;0
1.44111375878736E-16;1.59856367198448E-15;0;0
4.14382973214124E-16;2.65958581000910E-15;0;0
1.09789506754735E-16;2.62795592258911E-15;0;0
8.42024295103507E-17;3.37655923778996E-15;0;0
1.16055575440040E-15;1.16584423329703E-14;0;0
3.62909672557250E-16;3.64719516989976E-16;0;0
2.16089428522753E-16;1.01048873585686E-15;0;0
2.82041827743214E-15;2.12629820347705E-15;0;0
5.65389345622759E-16;1.03581702070575E-15;0;0
2.43977533934984E-14;7.21106644630931E-14;0;0
6.58144787428429E-16;1.57992084398774E-15;0;0
1.80204868370354E-17;1.18990596461811E-15;0;0
8.52132949883010E-16;5.64811646947330E-15;0;0
1.41069608947963E-16;2.52739788988701E-15;0;0
4.70720520039139E-17;1.06524772940618E-15;0;0
2.09301839836492E-15;4.41885885706356E-15;0;0
6.49785441695080E-16;5.99756185781383E-15;0;0
2.10791819153374E-15;2.93377687845497E-14;0;0
1.09017275997123E-16;7.65126670640651E-16;0;0
5.62701648339470E-17;1.64869425072166E-16;0;0
1.43657842841948E-15;3.75978823207143E-15;0;0
6.14154813956361E-16;1.92898340937094E-16;0;0
2.12041559600308E-15;7.08462032602181E-15;0;0
1.96334524814374E-16;1.06383744523919E-16;0;0
2.00640229828745E-16;1.01363759335172E-16;0;0
4.06114761673635E-16;5.43599863731846E-15;0;0
3.48124926356625E-16;1.36676877100165E-15;0;0
6.82918723332934E-17;8.39504640567588E-16;0;0
1.57634494979712E-16;9.45205180356270E-16;0;0
1.06687333937881E-16;3.86013256533009E-16;0;0
5.73787749238870E-17;1.17306254013516E-15;0;0
1.63753183157257E-17;7.86839603436579E-16;0;0
3.03957685249339E-15;7.85840769638978E-15;0;0
1.83013713466664E-16;3.45304404250616E-15;0;0
6.80232608600802E-16;5.97715451235504E-15;0;0
9.25645070591989E-16;6.36786522725234E-16;0;0
1.28931889936105E-16;3.95493848052448E-17;0;0
1.51182483765160E-17;3.54828326080296E-16;0;0
1.41147680911717E-16;9.05576567793179E-16;0;0
1.48254681525380E-16;2.73102516209448E-15;0;0
2.08045463341051E-16;1.85201964080119E-16;0;0
1.88425124078843E-16;1.38242403546996E-15;0;0
1.78202869613024E-14;5.97539267340850E-14;0;0
2.67420900619430E-18;2.76622315276835E-17;0;0
9.77225485318529E-16;2.53644667690518E-15;0;0
2.93190734878280E-16;1.23452634521106E-15;0;0
8.42611213304296E-16;3.13967112388248E-15;0;0
1.92854254398748E-16;2.47008602267220E-16;0;0
3.43045564476280E-17;4.98486399134048E-16;0;0
1.34975746739541E-15;4.90871276462305E-15;0;0
5.06165346861113E-17;5.32554380365346E-17;0;0
2.25502180423911E-16;1.84354668638900E-15;0;0
1.39137975404975E-16;1.84304823702951E-15;0;0
2.67655649740062E-16;1.84131988531866E-16;0;0
2.83768489558361E-17;6.70029600230182E-16;0;0
1.07171798121094E-17;3.34055579639982E-16;0;0
1.86373517561909E-17;5.31642793383069E-16;0;0
2.42548714410389E-16;7.20628534760058E-16;0;0
4.26709087500637E-17;9.13427739408570E-16;0;0
4.68759315947848E-16;9.77764097256272E-16;0;0
3.37230147389017E-16;2.75334714290465E-16;0;0
9.32351654816865E-17;1.14594001500356E-15;0;0
9.97827903145565E-17;3.03168282728413E-16;0;0
6.12230549429300E-17;8.54129801490349E-16;0;0
2.28658568046373E-14;3.63064962414735E-14;0;0
2.15545250101349E-16;4.32340787801029E-17;0;0
2.20613089909633E-16;2.38701100728488E-15;0;0
2.82460377039463E-16;1.62166069451869E-15;0;0
9.72437256816908E-17;6.40381722000934E-16;0;0
2.90121115356394E-16;1.98479564450609E-16;0;0
2.57474447524807E-15;3.72886890936591E-15;0;0
6.81320194975259E-16;5.74000694900749E-15;0;0
3.40189103727298E-17;4.57152166962052E-17;0;0
2.27406466222998E-17;8.45083233158249E-16;0;0
9.45397751306138E-17;1.01640869784231E-15;0;0
7.05160165335266E-16;2.51926703270615E-15;0;0
1.68783787553805E-16;3.40505563462901E-16;0;0
3.40088461554825E-16;6.79160704428357E-15;0;0
2.42257456557207E-16;1.04267871577720E-15;0;0
9.97234881543568E-17;1.58058833031933E-15;0;0
8.80905882667350E-17;7.36618415929121E-16;0;0
2.06525289551267E-16;4.31411729292253E-16;0;0
4.98498824261670E-17;1.03539229347382E-15;0;0
4.17600858248149E-16;3.48824197911108E-15;0;0
1.02479743614181E-15;1.74720117447077E-15;0;0
7.32370659124189E-17;9.08909382549505E-17;0;0
4.57259710884895E-16;1.63886387477673E-15;0;0
2.22015295012660E-17;4.95247228414742E-16;0;0
1.21276418900386E-16;1.04892384576887E-15;0;0
7.58549276985368E-17;4.42902070777022E-16;0;0
3.52427644904889E-16;1.63492571365727E-18;0;0
5.28650409254395E-16;2.85871004794740E-15;0;0
1.14922122795598E-16;6.72336191651876E-16;0;0
1.66247606667387E-16;1.83798188515409E-16;0;0
6.05217308331262E-17;8.95816938213545E-16;0;0
4.83307563887581E-15;1.40634585992803E-15;0;0
2.02942988729588E-16;4.35990293072569E-15;0;0
6.18595477180138E-16;1.97646429577280E-16;0;0
1.90990410655364E-15;8.24578877547010E-15;0;0
6.44358385315981E-16;5.32222770939590E-17;0;0
3.16840138173685E-16;5.40856965909104E-16;0;0
3.92325042909168E-15;5.25615945374490E-15;0;0
3.55326732444500E-16;1.33977143983796E-15;0;0
5.44564372556648E-17;1.62919899996480E-15;0;0
9.16247715559133E-16;6.24434830044712E-17;0;0
6.20057937227533E-17;1.57624696470922E-15;0;0
1.46407542009638E-16;3.27654076153632E-16;0;0
2.37567224692312E-14;5.07680682800689E-14;0;0
4.09197163423294E-16;1.14737133810229E-17;0;0
5.64435568032973E-16;2.26958210260814E-16;0;0
6.17169318210333E-17;8.28642831636803E-16;0;0
1.90934413853606E-16;2.30083161165612E-15;0;0
2.17253661491214E-15;1.05954885044613E-14;0;0
1.30506777625249E-15;7.36740868688540E-15;0;0
3.49758939115872E-17;2.54111664582444E-16;0;0
1.68692369051676E-15;9.35915090904387E-15;0;0
7.17604556568882E-15;2.11170888259966E-14;0;0
1.24928855554036E-16;7.30354058062504E-16;0;0
1.28783911514442E-16;3.03368937466812E-16;0;0
8.20923562186256E-17;4.63084596170676E-17;0;0
5.90114554797350E-18;6.66869425116426E-16;0;0
1.06309339621028E-16;9.98750350687665E-16;0;0
2.09096600526023E-16;5.82435473411481E-16;0;0
5.86770192083878E-15;4.17410296159325E-15;0;0
1.36530775922522E-16;8.95187667169143E-16;0;0
1.51249111270217E-16;1.28579815238795E-15;0;0
1.31214575351867E-16;8.84106938269390E-16;0;0
3.52825392131768E-16;4.59856965902007E-16;0;0
2.48693000617131E-16;8.33583010170514E-16;0;0
4.69956788470737E-17;1.28395389358795E-15;0;0
4.17519802255603E-16;1.72047985725981E-15;0;0
3.30680025545757E-17;6.94435137792688E-16;0;0
5.28307130118709E-16;1.16701892211317E-15;0;0
8.71087555848838E-17;1.12165554000025E-15;0;0
1.25875570023515E-15;1.48083695002747E-15;0;0
2.20082408516236E-16;5.46549282135557E-16;0;0
1.49673501150297E-16;6.69415566648787E-16;0;0
1.73832543664461E-16;2.62644908404821E-16;0;0
1.37088892977970E-17;6.57803341084664E-16;0;0
5.08128364220684E-17;5.06611779599163E-17;0;0
1.11805304188216E-14;3.56470592054988E-15;0;0
3.83304818414067E-16;5.23552562800136E-16;0;0
5.84929265509303E-16;2.61516166125041E-15;0;0
1.91615111590742E-16;7.84400641360455E-16;0;0
1.63188427284861E-16;6.63569032439858E-16;0;0
5.17065948047005E-15;1.01742086502697E-14;0;0
8.38719254912883E-16;6.03335661615966E-18;0;0
1.31782100376499E-16;7.15858465129481E-16;0;0
5.71783062014651E-18;2.67048127492808E-18;0;0
3.47335600493818E-16;3.15590102962648E-15;0;0
6.49988453301662E-17;3.51980374178252E-16;0;0
3.77658224187444E-16;5.15179027335120E-16;0;0
3.45198402822084E-16;4.14372290765183E-15;0;0
1.76733744078449E-16;4.63979489277616E-16;0;0
1.05667186416880E-16;7.37194754981092E-16;0;0
1.08087945338598E-15;9.04005645257246E-16;0;0
7.30659115083809E-16;5.01685020044572E-16;0;0
3.35131592795941E-17;1.40621047327711E-16;0;0
9.28609562139685E-15;5.71629908272254E-15;0;0
8.57389136262681E-16;1.29580193053745E-15;0;0
6.79387802360321E-17;9.62715104240294E-16;0;0
1.05471455649853E-15;1.79420826952800E-14;0;0
3.08708623831392E-16;5.59139330906658E-17;0;0
1.00339746822579E-16;5.65889111561206E-16;0;0
1.79984479613675E-16;4.94139855413115E-16;0;0
4.52309772191842E-17;5.60520947611905E-16;0;0
7.46504715276994E-16;2.50741104205235E-15;0;0
4.32767829365555E-17;2.72407949018512E-16;0;0
1.38363793061504E-17;1.34964294499843E-15;0;0
6.87056841603186E-15;9.65026104951110E-14;0;0
6.69200412051595E-17;1.53354670950956E-15;0;0
9.79568272108365E-17;7.82892432532697E-16;0;0
2.94500005277601E-17;8.06967178262031E-16;0;0
2.46403201888528E-17;4.92292440903580E-16;0;0
9.78906348082580E-16;7.45078710181037E-15;0;0
9.36443873609741E-17;7.54754148567198E-16;0;0
4.28523432741010E-16;7.16627040375527E-16;0;0
2.87629488726817E-16;2.59190515857154E-16;0;0
9.60285640281223E-16;9.59304246122514E-16;0;0
1.45576413384375E-16;1.59303077236940E-15;0;0
1.32951175642539E-16;1.04088849781710E-15;0;0
1.47180160227054E-16;7.09155581226143E-16;0;0
2.13384015375950E-16;3.66132728908064E-16;0;0
2.90282035793268E-15;3.69227548852394E-15;0;0
1.53764111607569E-15;3.97405744358546E-16;0;0
3.02406579569092E-16;9.03581481319752E-17;0;0
1.14427094529675E-15;5.96048585124392E-16;0;0
7.21575604385466E-17;1.21811485066507E-16;0;0
2.84242226481552E-16;6.27287056374905E-16;0;0
7.45819243256364E-18;1.04872802299977E-15;0;0
1.75436134647176E-16;4.87097200212847E-16;0;0
4.71238418309194E-16;2.13686508201388E-16;0;0
1.99130357996561E-16;1.88837639482148E-16;0;0
1.62486434884600E-16;7.62784502519870E-17;0;0
2.87163654244806E-17;2.33386407593574E-16;0;0
9.97428932590133E-15;1.35477456123283E-14;0;0
6.99198754613524E-15;4.92176960844030E-16;0;0
5.18143098211509E-17;2.00764034082222E-16;0;0
2.43050131714771E-16;1.81734553519023E-16;0;0
7.92172675433053E-18;1.53153140692013E-16;0;0
3.42537830652695E-16;2.30790434582683E-16;0;0
3.19775127180024E-17;3.86727493298990E-16;0;0
1.45687936169735E-16;8.58065773593667E-16;0;0
4.05302091919887E-17;1.06801735669144E-15;0;0
1.08119326203482E-16;2.15350473639416E-16;0;0
3.80958055760751E-16;1.17181368050168E-15;0;0
1.56036074108217E-16;1.85210314591898E-16;0;0
2.14501070243512E-16;2.14354230840535E-17;0;0
3.96406175020912E-16;4.16412895755245E-16;0;0
1.23758771103363E-16;2.58291030255798E-16;0;0
2.73552601248562E-16;4.27470149832087E-16;0;0
3.03356737041219E-17;6.20476270122731E-17;0;0
8.45729010367350E-16;8.97766740476493E-16;0;0
2.47976131207673E-16;2.26580511659100E-16;0;0
1.09060760314599E-17;2.22347456195015E-16;0;0
2.71457295129864E-16;2.24770225968728E-16;0;0
3.03603768501572E-16;7.11767464469898E-17;0;0
7.18871971269922E-17;3.86761842908575E-16;0;0
1.51259852973306E-16;2.16946060033557E-16;0;0
5.37097388434241E-16;5.73221740634003E-16;0;0
6.63800741056260E-17;7.17758474041872E-17;0;0
1.46424800240560E-16;2.35396482190985E-16;0;0
2.63388869088275E-15;1.64676861934324E-16;0;0
1.66433403189821E-14;4.63280610444678E-17;0;0
6.84372511603965E-17;1.60561451792453E-16;0;0
1.78457997991412E-16;9.30123903987477E-17;0;0
4.94882749956550E-16;2.96590935463856E-16;0;0
3.69862794358933E-16;2.59575254406699E-15;0;0
3.96499044615679E-16;7.11462376005573E-16;0;0
1.45521282712978E-16;6.64013694133484E-16;0;0
3.55194419029721E-15;1.05636871431249E-15;0;0
1.96607271127183E-16;2.05176652447638E-17;0;0
3.46815733284350E-17;1.86183865682245E-16;0;0
3.79584225181875E-16;1.08648310331580E-17;0;0
1.61883045085288E-15;1.20089140228681E-17;0;0
4.60619264933792E-16;6.18066547485843E-17;0;0
3.57017136876759E-16;1.72612700660297E-17;0;0
8.94851187622228E-16;3.41728194063990E-16;0;0
1.76604733167840E-15;1.30127393953361E-15;0;0
5.07283009130052E-16;1.03680697093660E-17;0;0
1.81623388575853E-16;2.35972573473544E-16;0;0
8.42882091739832E-14;3.21399290593239E-14;0;0
3.73460997596071E-17;1.00802813935327E-16;0;0
1.11887989548997E-17;1.34495096064844E-17;0;0
1.13325470447433E-16;1.56967203098946E-16;0;0
8.08536443762070E-16;2.23245867912730E-16;0;0
6.63400192603021E-16;1.25402514728520E-16;0;0
1.16833743179257E-16;3.17305241454043E-16;0;0
5.60494937077350E-16;3.46742918237380E-16;0;0
1.58578197217507E-16;5.61303352887110E-16;0;0
1.50536180670903E-15;1.84952078421053E-15;0;0
3.73532315385419E-16;1.46748987554518E-17;0;0
2.34301998699371E-16;4.57908204503323E-16;0;0
2.84405960406313E-16;2.66169923211115E-16;0;0
6.38052988844798E-17;1.61450026635568E-16;0;0
5.93283829418496E-16;3.07823098994433E-16;0;0
9.78165685142484E-17;4.75420393313191E-15;0;0
7.44018490039953E-16;9.16513351507973E-18;0;0
5.21487719910006E-17;3.08609044781533E-17;0;0
1.31352266812640E-15;2.13944390891675E-16;0;0
6.85465523836444E-17;5.01833760370265E-17;0;0
2.07256690954149E-16;2.69395507528811E-16;0;0
4.90405294920221E-16;1.92353195205373E-15;0;0
1.11703961267064E-15;2.56573164965604E-16;0;0
2.82285981441633E-16;1.17031263058433E-15;0;0
2.55973571095544E-16;2.69378413522491E-17;0;0
5.35563541681240E-17;1.05450538634118E-16;0;0
5.17342452211327E-17;7.99623432038939E-17;0;0
2.96977491745282E-16;1.59866930743657E-15;0;0
3.55290886562600E-16;2.56260045040551E-16;0;0
2.37922645922886E-16;3.42396650562836E-16;0;0
3.19288787719501E-16;1.47511750322537E-16;0;0
4.46525392146195E-16;2.47080689830502E-16;0;0
4.34931142159120E-17;2.16419393896207E-16;0;0
7.30869958424027E-16;1.57883417333624E-16;0;0
3.43603114300325E-17;1.22885865813261E-17;0;0
2.96719119504820E-15;3.75323889857894E-16;0;0
8.19426084865062E-16;4.53924254222846E-16;0;0
2.80251012322860E-16;3.65489862695857E-16;0;0
6.82365787222645E-17;3.48522446001045E-16;0;0
8.11169324396673E-16;1.16432886657452E-15;0;0
6.37181412581929E-16;5.10120760085590E-17;0;0
1.67379003157698E-15;1.56114839296906E-16;0;0
1.27850150936798E-16;1.46381478560881E-16;0;0
3.75686958180228E-16;3.73252195701521E-16;0;0
1.58986003650976E-16;1.45008100924989E-16;0;0
8.70903062733187E-17;3.39394569088229E-16;0;0
3.81975888999400E-16;8.80928547332798E-17;0;0
7.94692203042227E-17;2.89493405715216E-17;0;0
1.20681505734147E-16;1.03294961160778E-16;0;0
1.53495498661844E-15;1.36804069528876E-16;0;0
;;0;0
;;0;0
;;0;0
;;0;0
;;0;0
;;0;0
;;0;0
;;0;0
;;0;0
;;0;0
;;0;0
;;0;0
;;0;0
;;0;0
;;0;0
;;0;0
;;0;0
;;0;0
;;0;0
;;0;0
;;0;0
;;0;0
;;0;0
;;0;0
;;0;0
;;0;0
;;0;0
;;0;0
;;0;0
;;0;0
;;0;0
;;0;0
;;0;0
;;0;0
;;0;0
;;0;0
;;0;0
;;0;0
;;0;0
;;0;0
;;0;0
;;0;0
;;0;0
;;0;0
;;0;0
;;0;0
;;0;0
;;0;0
;;0;0
;;0;0
;;0;0
;;0;0
;;0;0
;;0;0
;;0;0
;;0;0
;;0;0
;;0;0
;;0;0
;;0;0
;;0;0
;;0;0
;;0;0
;;0;0
;;0;0
;;0;0
;;0;0
;;0;0
;;0;0
;;0;0
;;0;0
;;0;0
;;0;0
;;0;0
;;0;0
;;0;0
;;0;0
;;0;0
;;0;0
;;0;0
;;0;0
;;0;0
;;0;0
;;0;0
;;0;0
;;0;0
;;0;0
;;0;0
;;0;0
;;0;0
;;0;0
;;0;0
;;0;0
;;0;0
;;0;0
;;0;0
;;0;0
;;0;0
;;0;0
;;0;0
;;0;0
;;0;0
;;0;0
;;0;0
;;0;0
;;0;0
;;0;0
;;0;0
;;0;0
;;0;0
;;0;0
;;0;0
;;0;0
;;0;0
;;0;0
;;0;0
;;0;0
;;0;0
;;0;0
;;0;0
;;0;0
;;0;0
;;0;0
;;0;0
;;0;0
;;0;0
;;0;0
;;0;0
;;0;0
;;0;0
;;0;0
;;0;0
;;0;0
;;0;0
;;0;0
;;0;0
;;0;0
;;0;0
;;0;0
;;0;0
;;0;0
;;0;0
;;0;0
;;0;0
;;0;0
;;0;0
;;0;0
;;0;0
;;0;0
;;0;0
;;0;0
;;0;0
;;0;0
;;0;0
;;0;0
;;0;0
;;0;0
;;0;0
;;0;0
;;0;0
;;0;0
;;0;0
;;0;0
;;0;0
;;0;0
;;0;0
;;0;0
;;0;0
;;0;0
;;0;0
;;0;0
;;0;0
;;0;0
;;0;0
;;0;0
;;0;0
;;0;0
;;0;0
;;0;0
;;0;0
;;0;0
;;0;0
;;0;0
;;0;0
;;0;0
;;0;0
;;0;0
;;0;0
;;0;0
;;0;0
;;0;0
;;0;0
;;0;0
;;0;0
;;0;0
;;0;0
;;0;0
;;0;0
;;0;0
;;0;0
;;0;0
;;0;0
;;0;0
;;0;0
;;0;0
;;0;0
;;0;0
;;0;0
;;0;0
;;0;0
;;0;0
;;0;0
;;0;0
;;0;0
;;0;0
;;0;0
;;0;0
;;0;0
;;0;0
;;0;0
;;0;0
;;0;0
;;0;0
;;0;0
;;0;0
;;0;0
;;0;0
;;0;0
;;0;0
;;0;0
;;0;0
;;0;0
;;0;0
;;0;0
;;0;0
;;0;0
;;0;0
;;0;0
;;0;0
;;0;0
;;0;0
;;0;0
;;0;0
;;0;0
;;0;0
;;0;0
;;0;0
;;0;0
;;0;0
;;0;0
;;0;0
;;0;0
;;0;0
;;0;0
;;0;0
;;0;0
;;0;0
;;0;0
;;0;0
;;0;0
;;0;0
;;0;0
;;0;0
;;0;0
;;0;0
;;0;0
;;0;0
;;0;0
;;0;0
;;0;0
;;0;0
;;0;0
;;0;0
;;0;0
;;0;0
;;0;0
;;0;0
;;0;0
;;0;0
;;0;0
;;0;0
;;0;0
;;0;0
;;0;0
;;0;0
;;0;0
;;0;0
;;0;0
;;0;0
;;0;0
;;0;0
;;0;0
;;0;0
;;0;0
;;0;0
;;0;0
;;0;0
;;0;0
;;0;0
;;0;0
2.45922236567419E-16;1.33827184405579E-15;0;0
8.49371151229139E-17;3.39386332468108E-16;0;0
7.86344151148826E-17;1.55001108086325E-15;0;0
3.63145140881430E-16;2.33794053896729E-15;0;0
2.74171913430469E-16;5.92662658203550E-16;0;0
3.65928264538651E-16;9.48385356681446E-16;0;0
2.21083189796968E-16;1.97327343260602E-16;0;0
1.03306353921287E-16;9.40865500183045E-16;0;0
3.81315703121802E-16;1.07087803884218E-14;0;0
5.44540369804155E-16;1.81294695583600E-15;0;0
3.09341616932237E-16;6.43973558580499E-16;0;0
7.73019739027729E-17;2.00472846509309E-15;0;0
2.37819944634785E-16;1.12581983466482E-16;0;0
8.97171968337323E-16;1.07294511705758E-14;0;0
1.99526444894297E-16;2.20375436511163E-15;0;0
4.03115351699719E-17;3.69197121192721E-16;0;0
9.21104151109464E-16;3.33949910496019E-15;0;0
1.40979382597569E-16;3.16759672696829E-15;0;0
1.62515287495689E-16;4.26158536266823E-16;0;0
2.63109625946404E-16;6.98485039800223E-17;0;0
2.22194789572674E-16;4.70287270804412E-16;0;0
9.65330653789209E-17;1.16745186387885E-16;0;0
1.66409019003652E-16;5.28370386427405E-16;0;0
6.83185961958363E-18;3.04271087294191E-16;0;0
5.29420694073431E-17;7.88310046583025E-16;0;0
2.69928197117846E-16;3.08060872748823E-15;0;0
3.25592656729613E-16;2.79663005961962E-15;0;0
3.73770630137579E-15;1.79220962436049E-16;0;0
5.01862369605425E-16;4.64715264464068E-15;0;0
8.13341909913083E-17;4.24800898917356E-17;0;0
2.01948328381257E-16;1.51577384465713E-16;0;0
3.26446854579617E-16;1.28357928123920E-15;0;0
6.98026637442503E-16;4.47054617086324E-15;0;0
1.01663581741929E-15;3.50585003759739E-15;0;0
1.74192008632652E-16;1.94527261245751E-15;0;0
1.52493552304338E-16;2.35446772987911E-16;0;0
8.75732981449801E-16;2.99499330917549E-15;0;0
3.01846232179477E-17;7.10828284403473E-16;0;0
1.05813709468553E-16;6.12152478268200E-16;0;0
3.55904983746360E-16;6.18864306732991E-16;0;0
6.75127778823081E-17;5.38533118406469E-16;0;0
2.15881181876780E-15;1.88017923142922E-15;0;0
4.41646870068583E-16;1.46054116218578E-15;0;0
7.02437901821987E-17;1.37083767675981E-15;0;0
1.33563229432352E-17;2.08715072410416E-15;0;0
4.05578320237157E-16;7.71407685255849E-17;0;0
1.76267826774036E-16;2.26897994456924E-16;0;0
4.24017464659734E-17;4.38844773570755E-17;0;0
5.12717114079945E-16;7.74274459563589E-16;0;0
2.02692060976902E-17;8.75501114216020E-16;0;0
2.05026883770558E-15;6.59355728822814E-15;0;0
7.35443516865742E-16;1.36613210066777E-14;0;0
1.36977528861531E-15;1.16250222418888E-14;0;0
1.75286636713098E-16;6.11651778097976E-16;0;0
6.91640569771555E-17;1.96365437123579E-15;0;0
2.35809273270648E-16;2.34644811250542E-16;0;0
2.86785062728258E-16;4.16188819409605E-16;0;0
3.45863715877921E-16;1.17666125009748E-15;0;0
2.27487792914977E-16;1.27638170791982E-15;0;0
3.25403330495811E-16;3.08908640929807E-16;0;0
1.53809325079450E-16;1.38697412601915E-16;0;0
3.44374138011274E-16;1.22733456657385E-15;0;0
1.85574889350579E-17;1.62110674536138E-15;0;0
2.29488109110724E-17;5.29352705790501E-16;0;0
3.21352942596385E-16;3.07250998869807E-15;0;0
4.58651956112493E-16;1.24363733793366E-15;0;0
1.66674613139739E-15;6.00044360728464E-15;0;0
1.92952429114196E-16;6.60314761381495E-16;0;0
7.91175941945531E-17;5.33266717666714E-15;0;0
2.52116034617721E-17;1.18134981315013E-15;0;0
1.48891117448628E-16;1.09734065165222E-15;0;0
3.84593381645027E-16;4.49511431685470E-15;0;0
2.20555129429977E-17;1.28086762718743E-15;0;0
1.05836567558162E-15;1.85761196355756E-14;0;0
8.44906573558757E-16;1.96939300702677E-16;0;0
3.39033939785724E-14;1.03137313202855E-13;0;0
9.74089313942878E-17;4.69352708663727E-17;0;0
5.75559903323901E-17;2.22365281232101E-16;0;0
6.09949253829629E-16;8.93375788148174E-16;0;0
1.03317758018601E-15;4.38455995024277E-15;0;0
5.18033083044710E-16;1.99924313188347E-15;0;0
2.67965636599775E-15;1.11180797956367E-13;0;0
8.99270148521465E-17;2.42843160717160E-15;0;0
1.11176717297399E-16;1.00020630448466E-15;0;0
1.50149672708688E-14;2.32690143619901E-13;0;0
5.05826590935524E-16;1.87437523074242E-15;0;0
2.17014369069843E-16;2.79654266179592E-16;0;0
6.83874373562805E-16;6.41609142282455E-16;0;0
5.59296797853084E-17;1.22914787285818E-15;0;0
4.28350967167695E-17;7.35733649447196E-16;0;0
9.31922359205230E-16;3.99777899714701E-15;0;0
1.30802296173208E-15;3.12186890577439E-15;0;0
1.76344100882263E-16;2.83977160028972E-15;0;0
5.55139652030181E-17;1.41887530097413E-15;0;0
1.66119568253573E-16;2.08724483361824E-16;0;0
3.55001983521393E-14;7.89058669530208E-15;0;0
1.05807764562770E-16;3.25071677592897E-16;0;0
1.53061036609532E-15;3.21514993821218E-15;0;0
9.93303035809809E-17;6.87004122654558E-16;0;0
9.15855460117242E-17;1.04398290648395E-15;0;0
1.68689585649203E-16;4.16869342510527E-16;0;0
7.00183081044122E-16;2.68651320790562E-16;0;0
1.03265557209590E-16;1.73000514896296E-16;0;0
7.37582890632377E-17;3.55929568721627E-16;0;0
1.14302726610869E-15;9.00565345417761E-16;0;0
8.37282291103941E-16;1.04162364904694E-16;0;0
3.21575222758882E-16;1.32442547971278E-15;0;0
2.84364390648798E-16;2.76643575431071E-16;0;0
3.57580929730164E-17;8.16489884548036E-18;0;0
5.44684235117635E-16;3.62897618060246E-16;0;0
2.74554748204592E-16;2.43039837583505E-16;0;0
8.49616218558405E-16;8.03445118229954E-17;0;0
8.15631385397382E-17;8.97305196579274E-17;0;0
5.52942341000255E-16;1.81285277312914E-16;0;0
6.18850829008097E-17;1.89397274131787E-16;0;0
1.23360942201947E-16;1.02237089932209E-16;0;0
3.01935996065127E-16;1.04381177949115E-15;0;0
1.16283260087052E-16;1.28334901257967E-16;0;0
3.78398048137829E-17;4.88191290900015E-17;0;0
7.53938435678068E-17;1.15246767498163E-16;0;0
2.40794095460108E-16;3.32425043996407E-16;0;0
5.57857700351832E-16;1.28632298331746E-15;0;0
1.10527651011677E-15;1.32627725865897E-15;0;0
6.74128295848084E-17;2.97195301641181E-16;0;0
5.41668982093744E-16;5.36806563331984E-17;0;0
3.17454858940033E-16;1.01490879525083E-15;0;0
9.71509481273700E-18;1.27362837471468E-15;0;0
3.53058292366280E-16;2.66639737078161E-16;0;0
8.04703475090514E-18;5.04932494040095E-16;0;0
1.07031041070644E-16;2.16150153383417E-16;0;0
1.40086003037822E-16;3.36112481096502E-17;0;0
4.88278538928038E-16;2.97120813790245E-16;0;0
1.90116994650417E-15;1.45230833291038E-15;0;0
2.07073874444683E-16;1.39193719661396E-16;0;0
2.28078837186163E-16;1.09292259312239E-16;0;0
1.42705548340780E-16;2.35332206562884E-16;0;0
5.46447494413692E-16;2.18663378959338E-16;0;0
1.61173984273674E-15;1.06737907563688E-16;0;0
1.37896072585728E-16;6.90580506886071E-17;0;0
8.21015560382899E-17;1.06391221060506E-18;0;0
8.83824171017031E-16;1.33650751179308E-16;0;0
1.75473750484585E-16;1.00065384113818E-16;0;0
1.26475790227548E-18;1.24443914660819E-16;0;0
2.76322223406611E-16;8.40125131719903E-17;0;0
1.85286058646336E-15;5.05624311315299E-16;0;0
9.34548039359673E-16;2.69681789118034E-16;0;0
2.60403467737142E-16;3.07149364529519E-16;0;0
2.05517622808749E-16;1.06327787176263E-16;0;0
8.49415053053678E-17;7.89502735448095E-17;0;0
7.32544158790378E-16;7.18617691589987E-17;0;0
1.86152959123597E-14;1.19429276797369E-14;0;0
3.11009079710782E-16;6.51977828072991E-17;0;0
1.74957401367718E-16;4.96756021899205E-17;0;0
1.10916017393155E-15;5.93819549477283E-16;0;0
2.09897366367092E-17;4.13767616477770E-17;0;0
2.45256726357705E-17;3.33403522413894E-16;0;0
1.48854615667074E-15;1.48455669335686E-15;0;0
5.09827780298223E-16;4.91816993836818E-16;0;0
2.40203883761566E-16;2.48217724741324E-17;0;0
3.73689005661715E-16;9.98305111926369E-16;0;0
4.65317535100800E-16;1.35438356729292E-16;0;0
2.26712395969622E-16;1.02506741532304E-16;0;0
1.85430201978087E-16;1.42729023141236E-16;0;0
9.44715598570054E-16;9.22128985992312E-16;0;0
1.06688726845561E-16;2.14783508614175E-16;0;0
2.95407963727309E-16;4.18571079890017E-16;0;0
8.22643955548333E-16;2.01823501388801E-16;0;0
4.67255088828986E-16;1.75820918818909E-15;0;0
1.56195095274644E-16;4.58696012008293E-17;0;0
1.36705623166218E-17;7.48287588797124E-17;0;0
1.76269673381132E-17;9.94310096545252E-17;0;0
3.34248687353972E-17;1.23680038568057E-16;0;0
2.17759398099117E-18;2.68478950870913E-16;0;0
1.16532573326107E-17;3.82414047162725E-18;0;0
1.48432732560937E-15;3.23810122899922E-16;0;0
4.40205410734097E-17;3.66827409420413E-17;0;0
1.98536629408543E-16;1.88768527797574E-16;0;0
9.83801187348470E-16;1.65144562210285E-16;0;0
9.61638024861081E-17;1.59586761814656E-16;0;0
1.76225978837358E-16;1.71626396481032E-16;0;0
9.74630977373376E-17;3.26275814522428E-17;0;0
1.04507810076459E-17;1.62631122967150E-16;0;0
3.49644660983234E-16;7.10074117650279E-16;0;0
5.39875806943412E-16;5.36650287307521E-16;0;0
7.45499161930862E-17;4.13356496134018E-18;0;0
5.82987465746654E-17;2.31366279031894E-16;0;0
3.47264725496228E-16;7.81333926775363E-17;0;0
1.69303768009314E-16;2.72601437942904E-17;0;0
1.18316852807950E-16;4.10083437403817E-17;0;0
4.69097921663689E-17;2.79671887069218E-17;0;0
1.07397091745622E-16;2.34700853573764E-17;0;0
4.59485062564867E-16;9.57828297201320E-17;0;0
4.17518170970384E-16;9.55289756253418E-16;0;0
7.03742644874431E-16;7.58296759286775E-16;0;0
1.83197114535034E-16;2.18555367319899E-17;0;0
2.37493329552518E-17;3.26264170312549E-16;0;0
2.53092355158690E-15;2.12443756922777E-15;0;0
2.48136208212727E-14;1.14730115903140E-16;0;0
1.31870445263468E-16;1.79704961411859E-16;0;0
3.07827393211292E-16;1.77974391212324E-16;0;0
;;0;0
;;0;0
;;0;0
;;0;0
;;0;0
;;0;0
;;0;0
;;0;0
;;0;0
;;0;0
;;0;0
;;0;0
;;0;0
;;0;0
;;0;0
;;0;0
;;0;0
;;0;0
;;0;0
;;0;0
;;0;0
;;0;0
;;0;0
;;0;0
;;0;0
;;0;0
;;0;0
;;0;0
;;0;0
;;0;0
;;0;0
;;0;0
;;0;0
;;0;0
;;0;0
;;0;0
;;0;0
;;0;0
;;0;0
;;0;0
;;0;0
;;0;0
;;0;0
;;0;0
;;0;0
;;0;0
;;0;0
;;0;0
;;0;0
;;0;0
;;0;0
;;0;0
;;0;0
;;0;0
;;0;0
;;0;0
;;0;0
;;0;0
;;0;0
;;0;0
;;0;0
;;0;0
;;0;0
;;0;0
;;0;0
;;0;0
;;0;0
;;0;0
;;0;0
;;0;0
;;0;0
;;0;0
;;0;0
;;0;0
;;0;0
;;0;0
;;0;0
;;0;0
;;0;0
;;0;0
;;0;0
;;0;0
;;0;0
;;0;0
;;0;0
;;0;0
;;0;0
;;0;0
;;0;0
;;0;0
;;0;0
;;0;0
;;0;0
;;0;0
;;0;0
;;0;0
;;0;0
;;0;0
;;0;0
;;0;0
;;0;0
;;0;0
;;0;0
;;0;0
;;0;0
;;0;0
;;0;0
;;0;0
;;0;0
;;0;0
;;0;0
;;0;0
;;0;0
;;0;0
;;0;0
;;0;0
;;0;0
;;0;0
;;0;0
;;0;0
;;0;0
;;0;0
;;0;0
;;0;0
;;0;0
;;0;0
;;0;0
;;0;0
;;0;0
;;0;0
;;0;0
;;0;0
;;0;0
;;0;0
;;0;0
;;0;0
;;0;0
;;0;0
;;0;0
;;0;0
;;0;0
;;0;0
;;0;0
;;0;0
;;0;0
;;0;0
;;0;0
;;0;0
;;0;0
;;0;0
;;0;0
;;0;0
;;0;0
;;0;0
;;0;0
;;0;0
;;0;0
;;0;0
;;0;0
;;0;0
;;0;0
;;0;0
;;0;0
;;0;0
;;0;0
;;0;0
;;0;0
;;0;0
;;0;0
;;0;0
;;0;0
;;0;0
;;0;0
;;0;0
;;0;0
;;0;0
;;0;0
;;0;0
;;0;0
;;0;0
;;0;0
;;0;0
;;0;0
;;0;0
;;0;0
;;0;0
;;0;0
;;0;0
;;0;0
;;0;0
;;0;0
;;0;0
;;0;0
;;0;0
;;0;0
;;0;0
;;0;0
;;0;0
;;0;0
;;0;0
;;0;0
;;0;0
;;0;0
;;0;0
;;0;0
;;0;0
;;0;0
;;0;0
;;0;0
;;0;0
;;0;0
;;0;0
;;0;0
;;0;0
;;0;0
;;0;0
;;0;0
;;0;0
;;0;0
;;0;0
;;0;0
;;0;0
;;0;0
;;0;0
;;0;0
;;0;0
;;0;0
;;0;0
;;0;0
;;0;0
;;0;0
;;0;0
;;0;0
;;0;0
;;0;0
;;0;0
;;0;0
;;0;0
;;0;0
;;0;0
;;0;0
;;0;0
;;0;0
;;0;0
;;0;0
;;0;0
;;0;0
;;0;0
;;0;0
;;0;0
;;0;0
;;0;0
;;0;0
;;0;0
;;0;0
;;0;0
;;0;0
;;0;0
;;0;0
;;0;0
;;0;0
;;0;0
;;0;0
;;0;0
;;0;0
;;0;0
;;0;0
;;0;0
;;0;0
;;0;0
;;0;0
;;0;0
;;0;0
;;0;0
;;0;0
;;0;0
;;0;0
;;0;0
;;0;0
;;0;0
;;0;0
;;0;0
;;0;0
;;0;0
;;0;0
;;0;0
;;0;0
;;0;0
;;0;0
;;0;0
;;0;0
;;0;0
;;0;0
;;0;0
;;0;0
;;0;0
;;0;0
;;0;0
;;0;0
;;0;0
;;0;0
;;0;0
;;0;0
;;0;0
;;0;0
;;0;0
;;0;0
;;0;0
;;0;0
;;0;0
;;0;0
;;0;0
;;0;0
;;0;0
;;0;0
;;0;0
;;0;0
;;0;0
;;0;0
;;0;0
;;0;0
;;0;0
;;0;0
;;0;0
;;0;0
;;0;0
;;0;0
;;0;0
;;0;0
;;0;0
;;0;0
;;0;0
;;0;0
;;0;0
;;0;0
;;0;0
;;0;0
;;0;0
;;0;0
;;0;0
;;0;0
;;0;0
;;0;0
;;0;0
;;0;0
;;0;0
;;0;0
;;0;0
;;0;0
;;0;0
;;0;0
;;0;0
;;0;0
;;0;0
;;0;0
;;0;0
;;0;0
;;0;0
;;0;0
;;0;0
;;0;0
;;0;0
;;0;0
;;0;0
;;0;0
;;0;0
;;0;0
;;0;0
;;0;0
;;0;0
;;0;0
;;0;0
;;0;0
;;0;0
;;0;0
;;0;0
;;0;0
;;0;0
;;0;0
;;0;0
;;0;0
;;0;0
;;0;0
;;0;0
;;0;0
;;0;0
;;0;0
;;0;0
;;0;0
;;0;0
;;0;0
;;0;0
;;0;0
;;0;0
;;0;0
;;0;0
;;0;0
;;0;0
;;0;0
;;0;0
2.57652940891850E-15;1.53053303047277E-15;0;0
1.94715870276705E-16;1.68736173410539E-17;0;0
1.95880913045886E-15;1.23824817923421E-16;0;0
2.01906919281732E-16;1.44739913391128E-17;0;0
2.50654979042566E-16;1.24827601559769E-16;0;0
2.87914783382703E-16;1.99821357611607E-16;0;0
1.64082749627654E-17;2.34730643895561E-16;0;0
1.17722600652603E-16;3.22803619800562E-17;0;0
1.00493448158816E-15;1.50744972213159E-15;0;0
6.96307497127947E-16;1.54790352497188E-15;0;0
9.35105626718600E-17;2.04851422526530E-16;0;0
1.61578137043705E-16;1.68808026394716E-16;0;0
9.72517750151539E-17;2.48368467456883E-16;0;0
1.80861106610018E-16;7.16045268353110E-17;0;0
4.97498926978973E-16;2.48925324665915E-16;0;0
8.38744698846613E-16;6.95603681794534E-16;0;0
6.69006534896930E-15;2.15152081678576E-15;0;0
1.99131553340809E-16;1.02382183566932E-16;0;0
2.09579699847120E-16;9.86787386599338E-17;0;0
2.72473829539173E-15;3.32906069000557E-16;0;0
3.68591044568366E-16;3.63694254099260E-17;0;0
4.73433684988574E-16;5.22697678560064E-16;0;0
1.37899979457206E-16;1.05865906836744E-16;0;0
2.37677840711548E-15;1.72606210760513E-15;0;0
5.77013923642774E-16;2.30351265365102E-16;0;0
1.42152673099117E-16;1.35124848167049E-16;0;0
5.68074692930922E-15;3.86950949634338E-15;0;0
1.28432119791580E-15;3.94546587163628E-15;0;0
6.93986597750638E-17;2.57271485948711E-16;0;0
6.28379887167024E-16;1.32722720685262E-15;0;0
7.87379485865843E-16;3.57844685594142E-15;0;0
5.10149763974297E-16;4.79244850528613E-16;0;0
9.55366122878133E-15;2.27563140188120E-15;0;0
3.05714233248062E-16;2.29329929023436E-16;0;0
2.15214353607591E-16;3.20761065177892E-17;0;0
3.59655580322371E-16;2.60694588316549E-16;0;0
8.05767919703618E-16;7.87834363306455E-16;0;0
2.19469263154176E-16;5.15425698024686E-17;0;0
9.62996272425335E-17;6.78521748068389E-17;0;0
2.65199653133222E-17;3.81218276601867E-17;0;0
1.83345329092480E-16;2.63242555500960E-16;0;0
2.17293599726451E-17;2.82027601248516E-16;0;0
4.90082080556018E-16;4.67288268743800E-16;0;0
1.29819461373065E-16;2.33081217722178E-16;0;0
2.20230941819130E-16;1.37874989570404E-16;0;0
1.29597651109858E-17;1.64609942496905E-16;0;0
2.47386438851092E-14;1.20383358545894E-14;0;0
5.74276543273655E-17;2.12654590983373E-15;0;0
3.29581289528458E-15;1.24166382205223E-15;0;0
3.17294962387104E-16;8.42287349283243E-17;0;0
1.80506829007370E-17;1.73156981692207E-16;0;0
4.93913075614554E-17;2.59353121748272E-16;0;0
4.00513141537819E-16;9.09524689236061E-17;0;0
1.38374090518841E-16;6.06301191433263E-17;0;0
2.31189258480899E-17;1.25400124639272E-16;0;0
4.66368498742345E-17;2.55940497797515E-16;0;0
5.13979278871043E-16;1.10996208886891E-15;0;0
2.19366517418608E-16;2.05286825724833E-16;0;0
1.75643497344604E-16;2.78270424734778E-17;0;0
8.02666092079975E-17;2.87011900508550E-16;0;0
2.44721101663195E-16;1.49652549904980E-15;0;0
2.20974005989342E-15;1.87814353107286E-15;0;0
4.82002347471182E-16;2.09979946257067E-17;0;0
4.47940867616695E-15;1.11863290994653E-15;0;0
6.66734359368564E-16;3.35537582983767E-16;0;0
5.98505162083781E-16;2.41400142907950E-16;0;0
1.29881996992159E-16;9.24139372183058E-17;0;0
1.37651672457906E-15;1.01661527807571E-15;0;0
3.56383949764589E-17;3.95282575674407E-16;0;0
1.50302356328627E-17;3.31436483292272E-17;0;0
2.08356411184461E-16;3.32655567786373E-17;0;0
9.35245155185775E-17;2.76997636978364E-16;0;0
3.37945291962657E-16;5.60298498920705E-16;0;0
2.78070218369537E-16;1.39222883748722E-16;0;0
3.05613584605347E-16;5.69128491181342E-17;0;0
4.37459614680293E-16;8.03421804718338E-16;0;0
6.50938425482349E-16;8.01310808625156E-17;0;0
5.93892910468221E-16;6.20861391332050E-16;0;0
3.17250282631660E-15;6.83515711212610E-16;0;0
6.84278847317937E-16;3.12697942011197E-17;0;0
3.62109197828890E-17;6.41195576614197E-17;0;0
5.85798866914132E-16;3.64170480220718E-16;0;0
7.22844337510086E-17;4.66387843583623E-16;0;0
1.17150239918740E-16;1.64596930361126E-16;0;0
2.90504924880076E-17;5.55982209696903E-16;0;0
2.28862760712373E-16;1.55522286383957E-16;0;0
1.69077699984761E-16;1.83057275846643E-16;0;0
3.87950656791642E-16;2.50371283384714E-16;0;0
6.81300304443141E-16;1.17023891982079E-15;0;0
6.67693493738436E-16;2.10379796472628E-17;0;0
2.19275550056346E-16;3.73114206234228E-16;0;0
1.52745926030514E-16;3.42909357047079E-16;0;0
3.68780691850528E-17;1.90870529526194E-18;0;0
2.98887317108156E-15;2.05312353203808E-15;0;0
2.09689574178045E-15;7.05119658783430E-16;0;0
1.62509295197617E-16;1.85415668551264E-16;0;0
3.53281782772352E-16;3.56942454798132E-16;0;0
1.98032113267968E-16;3.91480957294200E-16;0;0
3.18367134123840E-18;4.83580385852836E-17;0;0
3.32210645091530E-16;3.76053148531455E-16;0;0
;;0;0
;;0;0
;;0;0
;;0;0
;;0;0
;;0;0
;;0;0
;;0;0
;;0;0
;;0;0
;;0;0
;;0;0
;;0;0
;;0;0
;;0;0
;;0;0
;;0;0
;;0;0
;;0;0
;;0;0
;;0;0
;;0;0
;;0;0
;;0;0
;;0;0
;;0;0
;;0;0
;;0;0
;;0;0
;;0;0
;;0;0
;;0;0
;;0;0
;;0;0
;;0;0
;;0;0
;;0;0
;;0;0
;;0;0
;;0;0
;;0;0
;;0;0
;;0;0
;;0;0
;;0;0
;;0;0
;;0;0
;;0;0
;;0;0
;;0;0
;;0;0
;;0;0
;;0;0
;;0;0
;;0;0
;;0;0
;;0;0
;;0;0
;;0;0
;;0;0
;;0;0
;;0;0
;;0;0
;;0;0
;;0;0
;;0;0
;;0;0
;;0;0
;;0;0
;;0;0
;;0;0
;;0;0
;;0;0
;;0;0
;;0;0
;;0;0
;;0;0
;;0;0
;;0;0
;;0;0
;;0;0
;;0;0
;;0;0
;;0;0
;;0;0
;;0;0
;;0;0
;;0;0
;;0;0
;;0;0
;;0;0
;;0;0
;;0;0
;;0;0
;;0;0
;;0;0
;;0;0
;;0;0
;;0;0
;;0;0
;;0;0
;;0;0
;;0;0
;;0;0
;;0;0
;;0;0
;;0;0
;;0;0
;;0;0
;;0;0
;;0;0
;;0;0
;;0;0
;;0;0
;;0;0
;;0;0
;;0;0
;;0;0
;;0;0
;;0;0
;;0;0
;;0;0
;;0;0
;;0;0
;;0;0
;;0;0
;;0;0
;;0;0
;;0;0
;;0;0
;;0;0
;;0;0
;;0;0
;;0;0
;;0;0
;;0;0
;;0;0
;;0;0
;;0;0
;;0;0
;;0;0
;;0;0
;;0;0
;;0;0
;;0;0
;;0;0
;;0;0
;;0;0
;;0;0
;;0;0
;;0;0
;;0;0
;;0;0
;;0;0
;;0;0
;;0;0
;;0;0
;;0;0
;;0;0
;;0;0
;;0;0
;;0;0
;;0;0
;;0;0
;;0;0
;;0;0
;;0;0
;;0;0
;;0;0
;;0;0
;;0;0
;;0;0
;;0;0
;;0;0
;;0;0
;;0;0
;;0;0
;;0;0
;;0;0
;;0;0
;;0;0
;;0;0
;;0;0
;;0;0
;;0;0
;;0;0
;;0;0
;;0;0
;;0;0
;;0;0
;;0;0
;;0;0
;;0;0
;;0;0
;;0;0
;;0;0
;;0;0
;;0;0
;;0;0
;;0;0
;;0;0
;;0;0
;;0;0
;;0;0
;;0;0
;;0;0
;;0;0
;;0;0
;;0;0
;;0;0
;;0;0
;;0;0
;;0;0
;;0;0
;;0;0
;;0;0
;;0;0
;;0;0
;;0;0
;;0;0
;;0;0
;;0;0
;;0;0
;;0;0
;;0;0
;;0;0
;;0;0
;;0;0
;;0;0
;;0;0
;;0;0
;;0;0
;;0;0
;;0;0
;;0;0
;;0;0
;;0;0
;;0;0
;;0;0
;;0;0
;;0;0
;;0;0
;;0;0
;;0;0
;;0;0
;;0;0
;;0;0
;;0;0
;;0;0
;;0;0
;;0;0
;;0;0
;;0;0
;;0;0
;;0;0
;;0;0
;;0;0
;;0;0
;;0;0
;;0;0
;;0;0
;;0;0
;;0;0
;;0;0
;;0;0
;;0;0
;;0;0
;;0;0
;;0;0
;;0;0
;;0;0
;;0;0
;;0;0
;;0;0
;;0;0
;;0;0
;;0;0
;;0;0
;;0;0
;;0;0
;;0;0
;;0;0
;;0;0
;;0;0
;;0;0
;;0;0
;;0;0
;;0;0
;;0;0
;;0;0
;;0;0
;;0;0
;;0;0
;;0;0
;;0;0
;;0;0
;;0;0
;;0;0
;;0;0
;;0;0
;;0;0
;;0;0
;;0;0
;;0;0
;;0;0
;;0;0
;;0;0
;;0;0
;;0;0
;;0;0
;;0;0
;;0;0
;;0;0
;;0;0
;;0;0
;;0;0
;;0;0
;;0;0
;;0;0
;;0;0
;;0;0
;;0;0
;;0;0
;;0;0
;;0;0
;;0;0
;;0;0
;;0;0
;;0;0
;;0;0
;;0;0
;;0;0
;;0;0
;;0;0
;;0;0
;;0;0
;;0;0
;;0;0
;;0;0
;;0;0
;;0;0
;;0;0
;;0;0
;;0;0
;;0;0
;;0;0
;;0;0
;;0;0
;;0;0
;;0;0
;;0;0
;;0;0
;;0;0
;;0;0
;;0;0
;;0;0
;;0;0
;;0;0
;;0;0
;;0;0
;;0;0
;;0;0
;;0;0
;;0;0
;;0;0
;;0;0
;;0;0
;;0;0
;;0;0
;;0;0
;;0;0
;;0;0
;;0;0
;;0;0
;;0;0
;;0;0
;;0;0
;;0;0
;;0;0
;;0;0
;;0;0
;;0;0
;;0;0
;;0;0
;;0;0
;;0;0
;;0;0
;;0;0
;;0;0
;;0;0
;;0;0
;;0;0
;;0;0
;;0;0
;;0;0
;;0;0
;;0;0
;;0;0
;;0;0
;;0;0
6.05193194406675E-16;6.96303544617379E-18;0;0
4.97695392846477E-15;5.26764515001995E-16;0;0
2.50266051202507E-17;1.96703151402948E-16;0;0
4.11095653390558E-16;3.54888196854909E-16;0;0
1.20078412870100E-16;4.13077601767830E-16;0;0
1.51999921447317E-16;4.80681759649700E-17;0;0
1.95840537980538E-16;1.70093310128023E-16;0;0
2.37219013069529E-16;2.36400943696145E-15;0;0
3.24014064722844E-16;5.89784618114044E-16;0;0
2.81782524078988E-15;2.55277647640742E-16;0;0
2.73377657742943E-16;7.65474623088270E-16;0;0
9.80791255784218E-17;1.81290123481043E-16;0;0
9.89456278584846E-16;6.04517492139766E-17;0;0
1.73156411442445E-16;1.40029518729251E-16;0;0
1.52280177492085E-15;2.49382336284149E-16;0;0
1.26171972554758E-15;1.45022777705720E-16;0;0
1.16127034357921E-15;4.24892403958631E-16;0;0
4.25220759576115E-16;1.24585733859171E-16;0;0
1.38008218721526E-16;2.18683325833847E-16;0;0
3.55805277312738E-16;1.33318407031884E-16;0;0
1.32218915638322E-16;2.60558422222980E-16;0;0
1.64991787184042E-16;2.14744769474029E-16;0;0
9.06614624538046E-18;1.93561422952640E-16;0;0
5.99523610120466E-17;4.26281101850780E-17;0;0
1.98751720539285E-16;1.90754515335998E-16;0;0
3.20587337971002E-16;7.31030847492977E-17;0;0
3.51002081805380E-15;6.95622430852225E-16;0;0
1.16666251679577E-16;3.24420874939882E-16;0;0
1.34287088194797E-16;3.72215366205932E-17;0;0
7.49685779371814E-17;9.11090063952404E-17;0;0
1.29827712523264E-16;8.57381752473052E-17;0;0
3.00127308564205E-17;5.02402347725072E-17;0;0
2.88026336124116E-16;2.65415920116888E-15;0;0
2.22336750723699E-16;1.09892160271611E-15;0;0
1.41309173055608E-17;1.49352016995176E-18;0;0
6.78175284337959E-16;4.77512890272452E-16;0;0
2.96408826056100E-16;1.19605807848731E-15;0;0
1.90407460165503E-16;4.47342343477878E-16;0;0
1.35703947316221E-16;2.74045902655846E-16;0;0
3.33849476567814E-15;2.04697306592391E-15;0;0
1.15730123438726E-16;4.18366238137902E-17;0;0
1.86481001615414E-16;2.42326152438082E-16;0;0
2.89307532379401E-16;3.67825890374794E-16;0;0
6.57099192390704E-16;1.51710018568133E-17;0;0
2.39165571320604E-15;8.12413763052891E-16;0;0
4.58935798276647E-16;3.58480181550131E-16;0;0
9.93795861107523E-16;8.41518991590330E-17;0;0
2.03394223976518E-16;5.40221109787991E-17;0;0
2.18010689593272E-16;5.58874209222372E-17;0;0
1.32485498534419E-16;8.80972170395821E-17;0;0
2.01845688376571E-16;1.81569038181057E-16;0;0
1.46128962415601E-16;5.89753351779517E-17;0;0
2.05821015385621E-16;7.07629101052221E-16;0;0
7.49902783648966E-17;4.09700171096223E-17;0;0
8.70015916548446E-17;2.02869124399396E-18;0;0
7.48801363781664E-16;3.33506605485332E-15;0;0
2.43298494113563E-15;2.71474124776672E-16;0;0
1.70852895381312E-16;6.30077253064575E-17;0;0
5.04755403453213E-16;8.38934669729286E-18;0;0
2.32999831488107E-16;8.54889316771269E-17;0;0
1.43830672374084E-15;1.57802623747310E-16;0;0
8.18356993271728E-16;5.09569302021581E-16;0;0
1.56213721467537E-16;5.22273854708900E-16;0;0
2.30213837518008E-16;1.24864721464897E-16;0;0
9.34764810618112E-18;1.25140021034397E-16;0;0
1.09937127720033E-16;1.78693370164547E-16;0;0
7.40129429357886E-16;1.02296637279776E-16;0;0
2.53838602924499E-16;9.39474521934838E-16;0;0
3.49504120313878E-17;9.36515077783735E-17;0;0
1.04514242376142E-15;8.62544948459955E-16;0;0
1.51988774892586E-16;2.49617629282065E-16;0;0
5.66306435796358E-16;7.52674977271803E-15;0;0
2.62956194915685E-16;3.53725444833107E-16;0;0
9.82465308835305E-16;2.30371223810601E-15;0;0
4.59768133683529E-15;5.68863035905600E-16;0;0
6.73220673516150E-17;1.17732457359874E-16;0;0
1.18234627917236E-17;2.02236632304113E-16;0;0
1.60674846001620E-16;1.46054593967610E-16;0;0
2.63477047618010E-16;8.89342732044283E-17;0;0
2.14023536204906E-16;1.22244668306953E-15;0;0
2.03691949862249E-17;1.04818997207773E-16;0;0
7.20898095606282E-17;2.61126081013388E-16;0;0
3.34872242367282E-16;1.24845196996977E-16;0;0
2.90753816286837E-18;2.51010773398872E-16;0;0
9.52173783659527E-17;6.90890614985741E-17;0;0
1.59300936848251E-16;4.31282966915321E-17;0;0
5.23226053902306E-17;6.17394311388498E-17;0;0
9.76401362768018E-17;2.77325139617813E-16;0;0
1.44684239143839E-16;6.80652886147140E-17;0;0
9.14852660110538E-16;2.58542082050257E-16;0;0
3.92830701618271E-16;3.52976263382191E-16;0;0
9.28852657974188E-16;3.80919053822726E-16;0;0
1.99908005760849E-16;3.89256869934218E-16;0;0
1.08246419349908E-17;9.20277622187088E-16;0;0
2.27765953445959E-16;2.91678801388806E-16;0;0
3.30577362014716E-17;1.26197664935389E-16;0;0
1.08551484325713E-16;7.62160851659557E-17;0;0
1.09560219311495E-15;6.28625436825576E-16;0;0
1.89369028752505E-16;5.48663805817231E-16;0;0
3.81179917234339E-17;5.90107808443267E-17;0;0
;;0;0
;;0;0
;;0;0
;;0;0
;;0;0
;;0;0
;;0;0
;;0;0
;;0;0
;;0;0
;;0;0
;;0;0
;;0;0
;;0;0
;;0;0
;;0;0
;;0;0
;;0;0
;;0;0
;;0;0
;;0;0
;;0;0
;;0;0
;;0;0
;;0;0
;;0;0
;;0;0
;;0;0
;;0;0
;;0;0
;;0;0
;;0;0
;;0;0
;;0;0
;;0;0
;;0;0
;;0;0
;;0;0
;;0;0
;;0;0
;;0;0
;;0;0
;;0;0
;;0;0
;;0;0
;;0;0
;;0;0
;;0;0
;;0;0
;;0;0
;;0;0
;;0;0
;;0;0
;;0;0
;;0;0
;;0;0
;;0;0
;;0;0
;;0;0
;;0;0
;;0;0
;;0;0
;;0;0
;;0;0
;;0;0
;;0;0
;;0;0
;;0;0
;;0;0
;;0;0
;;0;0
;;0;0
;;0;0
;;0;0
;;0;0
;;0;0
;;0;0
;;0;0
;;0;0
;;0;0
;;0;0
;;0;0
;;0;0
;;0;0
;;0;0
;;0;0
;;0;0
;;0;0
;;0;0
;;0;0
;;0;0
;;0;0
;;0;0
;;0;0
;;0;0
;;0;0
;;0;0
;;0;0
;;0;0
;;0;0
;;0;0
;;0;0
;;0;0
;;0;0
;;0;0
;;0;0
;;0;0
;;0;0
;;0;0
;;0;0
;;0;0
;;0;0
;;0;0
;;0;0
;;0;0
;;0;0
;;0;0
;;0;0
;;0;0
;;0;0
;;0;0
;;0;0
;;0;0
;;0;0
;;0;0
;;0;0
;;0;0
;;0;0
;;0;0
;;0;0
;;0;0
;;0;0
;;0;0
;;0;0
;;0;0
;;0;0
;;0;0
;;0;0
;;0;0
;;0;0
;;0;0
;;0;0
;;0;0
;;0;0
;;0;0
;;0;0
;;0;0
;;0;0
;;0;0
;;0;0
;;0;0
;;0;0
;;0;0
;;0;0
;;0;0
;;0;0
;;0;0
;;0;0
;;0;0
;;0;0
;;0;0
;;0;0
;;0;0
;;0;0
;;0;0
;;0;0
;;0;0
;;0;0
;;0;0
;;0;0
;;0;0
;;0;0
;;0;0
;;0;0
;;0;0
;;0;0
;;0;0
;;0;0
;;0;0
;;0;0
;;0;0
;;0;0
;;0;0
;;0;0
;;0;0
;;0;0
;;0;0
;;0;0
;;0;0
;;0;0
;;0;0
;;0;0
;;0;0
;;0;0
;;0;0
;;0;0
;;0;0
;;0;0
;;0;0
;;0;0
;;0;0
;;0;0
;;0;0
;;0;0
;;0;0
;;0;0
;;0;0
;;0;0
;;0;0
;;0;0
;;0;0
;;0;0
;;0;0
;;0;0
;;0;0
;;0;0
;;0;0
;;0;0
;;0;0
;;0;0
;;0;0
;;0;0
;;0;0
;;0;0
;;0;0
;;0;0
;;0;0
;;0;0
;;0;0
;;0;0
;;0;0
;;0;0
;;0;0
;;0;0
;;0;0
;;0;0
;;0;0
;;0;0
;;0;0
;;0;0
;;0;0
;;0;0
;;0;0
;;0;0
;;0;0
;;0;0
;;0;0
;;0;0
;;0;0
;;0;0
;;0;0
;;0;0
;;0;0
;;0;0
;;0;0
;;0;0
;;0;0
;;0;0
;;0;0
;;0;0
;;0;0
;;0;0
;;0;0
;;0;0
;;0;0
;;0;0
;;0;0
;;0;0
;;0;0
;;0;0
;;0;0
;;0;0
;;0;0
;;0;0
;;0;0
;;0;0
;;0;0
;;0;0
;;0;0
;;0;0
;;0;0
;;0;0
;;0;0
;;0;0
;;0;0
;;0;0
;;0;0
;;0;0
;;0;0
;;0;0
;;0;0
;;0;0
;;0;0
;;0;0
;;0;0
;;0;0
;;0;0
;;0;0
;;0;0
;;0;0
;;0;0
;;0;0
;;0;0
;;0;0
;;0;0
;;0;0
;;0;0
;;0;0
;;0;0
;;0;0
;;0;0
;;0;0
;;0;0
;;0;0
;;0;0
;;0;0
;;0;0
;;0;0
;;0;0
;;0;0
;;0;0
;;0;0
;;0;0
;;0;0
;;0;0
;;0;0
;;0;0
;;0;0
;;0;0
;;0;0
;;0;0
;;0;0
;;0;0
;;0;0
;;0;0
;;0;0
;;0;0
;;0;0
;;0;0
;;0;0
;;0;0
;;0;0
;;0;0
;;0;0
;;0;0
;;0;0
;;0;0
;;0;0
;;0;0
;;0;0
;;0;0
;;0;0
;;0;0
;;0;0
;;0;0
;;0;0
;;0;0
;;0;0
;;0;0
;;0;0
;;0;0
;;0;0
;;0;0
;;0;0
;;0;0
;;0;0
;;0;0
;;0;0
;;0;0
;;0;0
;;0;0
;;0;0
;;0;0
;;0;0
;;0;0
;;0;0
;;0;0
;;0;0
;;0;0
;;0;0
;;0;0
;;0;0
;;0;0
;;0;0
;;0;0
;;0;0
;;0;0
;;0;0
;;0;0
;;0;0
;;0;0
;;0;0
;;0;0
;;0;0
;;0;0
;;0;0
;;0;0
;;0;0
;;0;0
;;0;0
8.34694074927466E-16;1.88471750657550E-16;0;0
2.09429164326460E-16;2.04837781380085E-16;0;0
2.34753615007344E-16;3.09109355062299E-17;0;0
2.71117585332978E-16;5.19625270621197E-16;0;0
6.77151693924335E-16;3.48304533675631E-16;0;0
8.35209710940736E-17;1.84643749197865E-16;0;0
2.92546771949279E-16;7.53630857159705E-16;0;0
1.42574409239992E-16;9.00739119117615E-17;0;0
1.77946281706730E-15;1.79430498779377E-15;0;0
2.97258699240348E-16;7.44646422294092E-16;0;0
1.27436235528433E-16;1.35963924440811E-16;0;0
3.59802383109599E-16;5.48636298165439E-16;0;0
1.38567509151426E-16;7.49551717732524E-17;0;0
1.54294174455889E-16;1.26095150936753E-16;0;0
4.57315556292986E-17;1.54336134355527E-16;0;0
6.14620174515647E-16;1.65673809705489E-16;0;0
2.57430375284173E-16;1.55205068398817E-16;0;0
2.51359918405828E-16;1.53893956656806E-16;0;0
1.74234494831504E-16;1.71615157502936E-17;0;0
2.17702148524618E-15;3.17674478591000E-16;0;0
9.95088317577156E-17;3.40178131633892E-16;0;0
1.25098138134256E-16;7.81481667154261E-17;0;0
3.19091795044929E-16;1.20345585109407E-15;0;0
2.33628490844428E-16;3.65953145657193E-17;0;0
6.77295954056969E-16;2.07642117342806E-17;0;0
5.71233912601940E-16;4.34840258465297E-16;0;0
4.45562718613182E-16;5.07122002071624E-17;0;0
5.99192130451820E-17;8.46802063899471E-17;0;0
3.00629560143423E-17;3.59141822671225E-16;0;0
3.85709411484935E-16;4.88701374886219E-16;0;0
4.93261199513609E-16;2.42668367355434E-16;0;0
1.25878778073600E-16;3.58378516351463E-17;0;0
1.62064535547719E-16;2.26661459561796E-16;0;0
4.51159444884994E-15;3.61110637538666E-15;0;0
2.72787430682597E-16;2.72788801261257E-16;0;0
4.08923966273354E-16;3.65415813363275E-17;0;0
6.65213570708531E-17;1.80634333418310E-16;0;0
7.84896163086993E-17;6.25155947301605E-17;0;0
1.97225987605849E-17;1.31847995554579E-16;0;0
1.89101775101075E-18;2.92739205749951E-16;0;0
1.62024822985388E-17;1.70614390704955E-17;0;0
2.10122219722947E-17;1.52421538626509E-16;0;0
3.04927743682896E-16;1.50630368061882E-16;0;0
3.80015810398177E-17;1.29948103041254E-16;0;0
1.33590530087281E-16;9.69203603448641E-17;0;0
5.71872316833465E-17;1.90860083495216E-16;0;0
1.61037163348230E-16;4.98568244402486E-16;0;0
2.79835505098706E-16;2.60572305413576E-16;0;0
5.72433496056563E-16;4.34168993265441E-16;0;0
3.49558428224354E-16;5.05715220005507E-17;0;0
1.25872189815770E-16;9.33732808447476E-17;0;0
1.41456940519220E-15;1.13647018273137E-15;0;0
1.39017894267526E-15;1.20788612423082E-17;0;0
1.01928331582756E-16;1.05677604270254E-16;0;0
9.43619622932053E-17;5.94533836384711E-16;0;0
3.87580747827073E-17;1.00176439791314E-17;0;0
2.92698462711988E-17;9.11868272473376E-17;0;0
2.43216703526859E-16;1.91951723151904E-16;0;0
2.49141574328363E-16;6.46356835504900E-17;0;0
2.29662204312322E-16;1.93870397363709E-16;0;0
2.77740385251444E-18;1.16788568740411E-15;0;0
4.06609596330102E-17;7.22520120217131E-17;0;0
6.23580944282719E-16;1.33274119925753E-15;0;0
2.51001941789937E-16;4.22178424428129E-17;0;0
7.97198212421032E-17;4.21962605151755E-16;0;0
2.69067868351607E-15;1.07954882441489E-15;0;0
8.23216742965359E-16;3.31004884884430E-16;0;0
2.04077605372632E-17;1.73056811885801E-17;0;0
4.09632222393715E-16;3.36335873912856E-16;0;0
4.06405503145575E-16;8.80272350059114E-16;0;0
2.12535208112478E-16;1.73249681604689E-16;0;0
4.40085982651773E-17;1.98905928416399E-16;0;0
1.14505757957444E-15;4.88362583846550E-15;0;0
2.20991282305489E-18;1.71892549365664E-16;0;0
8.95291397867235E-17;8.53232731468291E-17;0;0
1.44910791981228E-16;1.21521862871492E-16;0;0
1.97074829422990E-15;1.53882674403953E-16;0;0
1.17717020432002E-16;7.23025385238823E-17;0;0
3.73205924191592E-16;3.01998876614826E-16;0;0
4.78165274644737E-16;1.19208001816870E-15;0;0
1.30754227857104E-16;9.78730232418902E-18;0;0
5.79971506608911E-16;6.74595922858039E-16;0;0
1.11625297850217E-16;9.53635609734921E-16;0;0
1.58511316107030E-17;5.37820897644300E-15;0;0
7.52688942274083E-17;6.10663698402412E-18;0;0
1.81040086434849E-16;5.29832184033026E-16;0;0
1.19311959308247E-14;1.27199785143465E-14;0;0
5.19693814945945E-16;4.50654939196728E-17;0;0
7.49832756135754E-17;1.94482004119099E-17;0;0
1.14604176994724E-16;1.64426699341296E-16;0;0
2.33328077743643E-16;1.88814848366878E-16;0;0
5.41052804161702E-17;1.53489874304166E-16;0;0
4.73974148258751E-17;7.88275720262289E-17;0;0
7.56072855034182E-16;1.25283338978533E-15;0;0
2.52221077037554E-16;1.46076056120224E-16;0;0
6.79836674080190E-17;1.31255576497054E-16;0;0
1.49399630149645E-16;1.23735887127072E-17;0;0
4.62293124024196E-16;3.83425297757374E-16;0;0
1.83156150291577E-16;2.95161336947095E-16;0;0
2.50387343921848E-16;3.74107336219489E-16;0;0
;;0;0
;;0;0
;;0;0
;;0;0
;;0;0
;;0;0
;;0;0
;;0;0
;;0;0
;;0;0
;;0;0
;;0;0
;;0;0
;;0;0
;;0;0
;;0;0
;;0;0
;;0;0
;;0;0
;;0;0
;;0;0
;;0;0
;;0;0
;;0;0
;;0;0
;;0;0
;;0;0
;;0;0
;;0;0
;;0;0
;;0;0
;;0;0
;;0;0
;;0;0
;;0;0
;;0;0
;;0;0
;;0;0
;;0;0
;;0;0
;;0;0
;;0;0
;;0;0
;;0;0
;;0;0
;;0;0
;;0;0
;;0;0
;;0;0
;;0;0
;;0;0
;;0;0
;;0;0
;;0;0
;;0;0
;;0;0
;;0;0
;;0;0
;;0;0
;;0;0
;;0;0
;;0;0
;;0;0
;;0;0
;;0;0
;;0;0
;;0;0
;;0;0
;;0;0
;;0;0
;;0;0
;;0;0
;;0;0
;;0;0
;;0;0
;;0;0
;;0;0
;;0;0
;;0;0
;;0;0
;;0;0
;;0;0
;;0;0
;;0;0
;;0;0
;;0;0
;;0;0
;;0;0
;;0;0
;;0;0
;;0;0
;;0;0
;;0;0
;;0;0
;;0;0
;;0;0
;;0;0
;;0;0
;;0;0
;;0;0
;;0;0
;;0;0
;;0;0
;;0;0
;;0;0
;;0;0
;;0;0
;;0;0
;;0;0
;;0;0
;;0;0
;;0;0
;;0;0
;;0;0
;;0;0
;;0;0
;;0;0
;;0;0
;;0;0
;;0;0
;;0;0
;;0;0
;;0;0
;;0;0
;;0;0
;;0;0
;;0;0
;;0;0
;;0;0
;;0;0
;;0;0
;;0;0
;;0;0
;;0;0
;;0;0
;;0;0
;;0;0
;;0;0
;;0;0
;;0;0
;;0;0
;;0;0
;;0;0
;;0;0
;;0;0
;;0;0
;;0;0
;;0;0
;;0;0
;;0;0
;;0;0
;;0;0
;;0;0
;;0;0
;;0;0
;;0;0
;;0;0
;;0;0
;;0;0
;;0;0
;;0;0
;;0;0
;;0;0
;;0;0
;;0;0
;;0;0
;;0;0
;;0;0
;;0;0
;;0;0
;;0;0
;;0;0
;;0;0
;;0;0
;;0;0
;;0;0
;;0;0
;;0;0
;;0;0
;;0;0
;;0;0
;;0;0
;;0;0
;;0;0
;;0;0
;;0;0
;;0;0
;;0;0
;;0;0
;;0;0
;;0;0
;;0;0
;;0;0
;;0;0
;;0;0
;;0;0
;;0;0
;;0;0
;;0;0
;;0;0
;;0;0
;;0;0
;;0;0
;;0;0
;;0;0
;;0;0
;;0;0
;;0;0
;;0;0
;;0;0
;;0;0
;;0;0
;;0;0
;;0;0
;;0;0
;;0;0
;;0;0
;;0;0
;;0;0
;;0;0
;;0;0
;;0;0
;;0;0
;;0;0
;;0;0
;;0;0
;;0;0
;;0;0
;;0;0
;;0;0
;;0;0
;;0;0
;;0;0
;;0;0
;;0;0
;;0;0
;;0;0
;;0;0
;;0;0
;;0;0
;;0;0
;;0;0
;;0;0
;;0;0
;;0;0
;;0;0
;;0;0
;;0;0
;;0;0
;;0;0
;;0;0
;;0;0
;;0;0
;;0;0
;;0;0
;;0;0
;;0;0
;;0;0
;;0;0
;;0;0
;;0;0
;;0;0
;;0;0
;;0;0
;;0;0
;;0;0
;;0;0
;;0;0
;;0;0
;;0;0
;;0;0
;;0;0
;;0;0
;;0;0
;;0;0
;;0;0
;;0;0
;;0;0
;;0;0
;;0;0
;;0;0
;;0;0
;;0;0
;;0;0
;;0;0
;;0;0
;;0;0
;;0;0
;;0;0
;;0;0
;;0;0
;;0;0
;;0;0
;;0;0
;;0;0
;;0;0
;;0;0
;;0;0
;;0;0
;;0;0
;;0;0
;;0;0
;;0;0
;;0;0
;;0;0
;;0;0
;;0;0
;;0;0
;;0;0
;;0;0
;;0;0
;;0;0
;;0;0
;;0;0
;;0;0
;;0;0
;;0;0
;;0;0
;;0;0
;;0;0
;;0;0
;;0;0
;;0;0
;;0;0
;;0;0
;;0;0
;;0;0
;;0;0
;;0;0
;;0;0
;;0;0
;;0;0
;;0;0
;;0;0
;;0;0
;;0;0
;;0;0
;;0;0
;;0;0
;;0;0
;;0;0
;;0;0
;;0;0
;;0;0
;;0;0
;;0;0
;;0;0
;;0;0
;;0;0
;;0;0
;;0;0
;;0;0
;;0;0
;;0;0
;;0;0
;;0;0
;;0;0
;;0;0
;;0;0
;;0;0
;;0;0
;;0;0
;;0;0
;;0;0
;;0;0
;;0;0
;;0;0
;;0;0
;;0;0
;;0;0
;;0;0
;;0;0
;;0;0
;;0;0
;;0;0
;;0;0
;;0;0
;;0;0
;;0;0
;;0;0
;;0;0
;;0;0
;;0;0
;;0;0
;;0;0
;;0;0
;;0;0
;;0;0
;;0;0
;;0;0
;;0;0
;;0;0
;;0;0
;;0;0
;;0;0
;;0;0
;;0;0
;;0;0
;;0;0
;;0;0
3.08276608267499E-16;2.55658431992133E-17;0;0
6.63448049128433E-16;1.28866529937752E-15;0;0
1.80065350274677E-16;2.79819281262695E-16;0;0
1.41442869542979E-16;2.62787930717570E-16;0;0
4.07421091664544E-16;1.11816793069492E-15;0;0
6.48150514222533E-17;7.95296985554635E-17;0;0
1.85310436582496E-16;4.97959184016802E-17;0;0
8.44317255887056E-18;2.10865105057500E-17;0;0
1.55271368694221E-16;4.53411568075993E-16;0;0
1.58778530687982E-15;3.75732804596182E-16;0;0
5.39684260778769E-17;9.39709135339431E-17;0;0
1.72473906956762E-15;4.44091216233282E-15;0;0
3.23609289851346E-15;3.18329002445870E-15;0;0
2.13593041528660E-15;8.24501758095860E-16;0;0
2.56747136862280E-16;1.37331528288925E-16;0;0
2.68669399920028E-16;3.22676807770939E-16;0;0
4.22368701488485E-16;4.60371744458178E-16;0;0
1.45954720724291E-16;9.79017467902080E-17;0;0
8.00237239271983E-18;1.18783615697076E-16;0;0
5.71901716441374E-17;4.01529974431885E-16;0;0
7.84690231398809E-17;2.01290486170828E-16;0;0
3.22270751496610E-17;4.29050805930641E-17;0;0
1.19292012920855E-15;2.59215124229893E-16;0;0
7.31185618434191E-17;7.43835489021887E-16;0;0
3.42699264464885E-16;5.25430162685884E-17;0;0
3.19292027096342E-16;5.54197686044573E-18;0;0
4.93381071894108E-14;1.85495502609054E-14;0;0
3.39110495211226E-17;2.80393704188486E-16;0;0
2.75686172141258E-15;2.19734274325789E-15;0;0
9.99687639045327E-16;1.55183534541914E-17;0;0
9.56450458984073E-17;4.40663204765397E-17;0;0
3.45797295289039E-16;1.49229888981071E-17;0;0
4.05033996280555E-17;7.63070983108265E-18;0;0
5.07541058764519E-17;8.34876272700048E-18;0;0
5.78657830576840E-15;5.13229897961016E-15;0;0
7.71868374537792E-17;4.11588227238879E-17;0;0
5.12406739696585E-17;1.55940420100839E-16;0;0
7.78833541989863E-19;1.70716000229715E-16;0;0
2.68148059412275E-16;2.00384416360284E-16;0;0
4.06998820091218E-17;4.58770938035232E-16;0;0
9.77631693499634E-17;3.15271474265411E-16;0;0
2.05904704780602E-16;1.57360268929992E-17;0;0
3.30304911436400E-17;1.35296808545383E-16;0;0
2.72840134182104E-16;4.84941776096702E-16;0;0
5.50514171090158E-16;6.12041086789084E-16;0;0
2.11512287560205E-16;4.57633841714499E-17;0;0
1.75012974670027E-17;1.72806905339769E-16;0;0
1.08523563629448E-16;1.83369465602133E-17;0;0
2.78322482145938E-17;3.82491667785460E-16;0;0
1.51984696609970E-16;4.75346569567614E-17;0;0
5.83858382874247E-17;5.23071307818514E-17;0;0
2.79918440195856E-16;1.06568343897578E-16;0;0
1.87866192994482E-15;5.86893165322942E-16;0;0
4.99531081905764E-15;1.86464561683063E-15;0;0
3.83698902960077E-16;1.95662539063243E-16;0;0
2.55078317875296E-17;1.14364984046224E-16;0;0
6.56851287807420E-17;1.08156561818493E-16;0;0
3.52132676021794E-16;1.32880462766723E-16;0;0
5.72541754569942E-16;9.66306327569874E-17;0;0
1.93581690150694E-16;3.28842904051613E-17;0;0
7.83953854636738E-16;8.88286029917184E-16;0;0
1.04341282628773E-16;5.25492848997930E-17;0;0
1.23571368340278E-16;2.84566145135501E-16;0;0
4.00629315126797E-17;5.63207051110422E-17;0;0
3.76969513580093E-16;5.83885414438693E-17;0;0
9.08984165190936E-17;3.79121532575207E-17;0;0
1.09326123935922E-16;3.15891341717249E-16;0;0
2.18546427287712E-16;1.57099357715813E-16;0;0
1.08330586714895E-16;6.50158843274267E-17;0;0
5.79760745957310E-16;3.08163102917760E-16;0;0
4.69161208994889E-16;7.05304219354026E-16;0;0
1.09843611880672E-15;2.89440908298470E-16;0;0
1.01346760980598E-15;1.94018505255815E-16;0;0
2.75828743034425E-17;1.06611393262875E-16;0;0
8.44906812112843E-16;1.54188356874311E-15;0;0
1.76355282945960E-16;2.85022655130121E-16;0;0
8.10424504566595E-17;6.63114281804002E-17;0;0
4.57382293047029E-16;3.91549803864015E-17;0;0
1.76593811776659E-16;2.61364411863094E-17;0;0
1.19034667293311E-15;2.79756689580549E-15;0;0
4.32450837418215E-17;3.95249521861026E-16;0;0
5.19204274667808E-16;1.45688389876777E-16;0;0
6.58496114625949E-17;1.15874280422177E-16;0;0
9.82712247889777E-17;9.37154420948604E-17;0;0
1.70129833688607E-16;4.55150977707475E-16;0;0
3.64316324791335E-16;5.41812037181728E-16;0;0
7.28262816740436E-16;8.19893940412680E-16;0;0
6.84996759008246E-16;1.20576942565641E-15;0;0
2.57851504644763E-16;5.20157318650583E-17;0;0
1.46448725258388E-15;2.68030067878876E-16;0;0
2.10984318745939E-16;4.51840854669384E-17;0;0
3.27124138499793E-16;1.72225930876857E-16;0;0
4.39143673571273E-17;2.19588147330411E-16;0;0
1.53085605089574E-16;2.79293417535298E-16;0;0
1.16971175330226E-15;1.85367464272954E-15;0;0
3.22937541306337E-17;8.05537039505342E-17;0;0
2.84220097987927E-16;8.82845159259873E-17;0;0
2.11772580007779E-16;8.71747432863200E-17;0;0
1.20315736834074E-15;4.64157333693163E-16;0;0
5.27224321936446E-16;2.48420363222096E-15;0;0
;;0;0
;;0;0
;;0;0
;;0;0
;;0;0
;;0;0
;;0;0
;;0;0
;;0;0
;;0;0
;;0;0
;;0;0
;;0;0
;;0;0
;;0;0
;;0;0
;;0;0
;;0;0
;;0;0
;;0;0
;;0;0
;;0;0
;;0;0
;;0;0
;;0;0
;;0;0
;;0;0
;;0;0
;;0;0
;;0;0
;;0;0
;;0;0
;;0;0
;;0;0
;;0;0
;;0;0
;;0;0
;;0;0
;;0;0
;;0;0
;;0;0
;;0;0
;;0;0
;;0;0
;;0;0
;;0;0
;;0;0
;;0;0
;;0;0
;;0;0
;;0;0
;;0;0
;;0;0
;;0;0
;;0;0
;;0;0
;;0;0
;;0;0
;;0;0
;;0;0
;;0;0
;;0;0
;;0;0
;;0;0
;;0;0
;;0;0
;;0;0
;;0;0
;;0;0
;;0;0
;;0;0
;;0;0
;;0;0
;;0;0
;;0;0
;;0;0
;;0;0
;;0;0
;;0;0
;;0;0
;;0;0
;;0;0
;;0;0
;;0;0
;;0;0
;;0;0
;;0;0
;;0;0
;;0;0
;;0;0
;;0;0
;;0;0
;;0;0
;;0;0
;;0;0
;;0;0
;;0;0
;;0;0
;;0;0
;;0;0
;;0;0
;;0;0
;;0;0
;;0;0
;;0;0
;;0;0
;;0;0
;;0;0
;;0;0
;;0;0
;;0;0
;;0;0
;;0;0
;;0;0
;;0;0
;;0;0
;;0;0
;;0;0
;;0;0
;;0;0
;;0;0
;;0;0
;;0;0
;;0;0
;;0;0
;;0;0
;;0;0
;;0;0
;;0;0
;;0;0
;;0;0
;;0;0
;;0;0
;;0;0
;;0;0
;;0;0
;;0;0
;;0;0
;;0;0
;;0;0
;;0;0
;;0;0
;;0;0
;;0;0
;;0;0
;;0;0
;;0;0
;;0;0
;;0;0
;;0;0
;;0;0
;;0;0
;;0;0
;;0;0
;;0;0
;;0;0
;;0;0
;;0;0
;;0;0
;;0;0
;;0;0
;;0;0
;;0;0
;;0;0
;;0;0
;;0;0
;;0;0
;;0;0
;;0;0
;;0;0
;;0;0
;;0;0
;;0;0
;;0;0
;;0;0
;;0;0
;;0;0
;;0;0
;;0;0
;;0;0
;;0;0
;;0;0
;;0;0
;;0;0
;;0;0
;;0;0
;;0;0
;;0;0
;;0;0
;;0;0
;;0;0
;;0;0
;;0;0
;;0;0
;;0;0
;;0;0
;;0;0
;;0;0
;;0;0
;;0;0
;;0;0
;;0;0
;;0;0
;;0;0
;;0;0
;;0;0
;;0;0
;;0;0
;;0;0
;;0;0
;;0;0
;;0;0
;;0;0
;;0;0
;;0;0
;;0;0
;;0;0
;;0;0
;;0;0
;;0;0
;;0;0
;;0;0
;;0;0
;;0;0
;;0;0
;;0;0
;;0;0
;;0;0
;;0;0
;;0;0
;;0;0
;;0;0
;;0;0
;;0;0
;;0;0
;;0;0
;;0;0
;;0;0
;;0;0
;;0;0
;;0;0
;;0;0
;;0;0
;;0;0
;;0;0
;;0;0
;;0;0
;;0;0
;;0;0
;;0;0
;;0;0
;;0;0
;;0;0
;;0;0
;;0;0
;;0;0
;;0;0
;;0;0
;;0;0
;;0;0
;;0;0
;;0;0
;;0;0
;;0;0
;;0;0
;;0;0
;;0;0
;;0;0
;;0;0
;;0;0
;;0;0
;;0;0
;;0;0
;;0;0
;;0;0
;;0;0
;;0;0
;;0;0
;;0;0
;;0;0
;;0;0
;;0;0
;;0;0
;;0;0
;;0;0
;;0;0
;;0;0
;;0;0
;;0;0
;;0;0
;;0;0
;;0;0
;;0;0
;;0;0
;;0;0
;;0;0
;;0;0
;;0;0
;;0;0
;;0;0
;;0;0
;;0;0
;;0;0
;;0;0
;;0;0
;;0;0
;;0;0
;;0;0
;;0;0
;;0;0
;;0;0
;;0;0
;;0;0
;;0;0
;;0;0
;;0;0
;;0;0
;;0;0
;;0;0
;;0;0
;;0;0
;;0;0
;;0;0
;;0;0
;;0;0
;;0;0
;;0;0
;;0;0
;;0;0
;;0;0
;;0;0
;;0;0
;;0;0
;;0;0
;;0;0
;;0;0
;;0;0
;;0;0
;;0;0
;;0;0
;;0;0
;;0;0
;;0;0
;;0;0
;;0;0
;;0;0
;;0;0
;;0;0
;;0;0
;;0;0
;;0;0
;;0;0
;;0;0
;;0;0
;;0;0
;;0;0
;;0;0
;;0;0
;;0;0
;;0;0
;;0;0
;;0;0
;;0;0
;;0;0
;;0;0
;;0;0
;;0;0
;;0;0
;;0;0
;;0;0
;;0;0
;;0;0
;;0;0
;;0;0
;;0;0
;;0;0
;;0;0
;;0;0
;;0;0
;;0;0
;;0;0
;;0;0
;;0;0
;;0;0
;;0;0
;;0;0
;;0;0
;;0;0
;;0;0
;;0;0
;;0;0
;;0;0
;;0;0
;;0;0
;;0;0
;;0;0
;;0;0
;;0;0
;;0;0
;;0;0
2.37688508210070E-16;1.51917606278882E-16;0;0
3.58491549899770E-16;1.61895723581256E-16;0;0
5.32483293911095E-17;1.09706746426601E-16;0;0
2.35215341790840E-16;1.13860276103717E-15;0;0
2.67814967343595E-16;5.73775124853676E-18;0;0
3.78399266127163E-16;5.03311019159034E-17;0;0
1.08112250567707E-17;9.57579071066139E-17;0;0
6.61687455050176E-16;3.74750538015765E-16;0;0
5.97143450320352E-16;2.68935296968668E-16;0;0
2.41119022171376E-17;4.51443300737680E-16;0;0
9.51873074850839E-17;1.33553301997613E-16;0;0
3.80964853608132E-16;3.77659272453487E-16;0;0
1.25266805959217E-16;1.85130731026036E-16;0;0
9.97802404841940E-15;6.03436382444702E-15;0;0
4.34411271283093E-17;5.98001475851769E-17;0;0
8.68670142113242E-18;6.16673072143290E-17;0;0
4.85583636462569E-16;1.55752336907885E-16;0;0
1.11089331448885E-16;3.04865346440642E-17;0;0
2.42415655892018E-16;5.15567981442015E-17;0;0
1.22898530204188E-15;1.03856944964035E-15;0;0
1.15423490932699E-15;1.19964622418075E-15;0;0
2.28310467613424E-17;1.38862969581872E-15;0;0
3.52834343514952E-16;2.27500513083693E-16;0;0
1.29588729895080E-16;6.36253716939873E-17;0;0
5.18905875617409E-16;9.96629995149416E-16;0;0
1.21863391436791E-16;4.77960435694166E-16;0;0
2.32372902522892E-17;1.37351808531434E-17;0;0
2.83281846326546E-16;3.21120089060655E-16;0;0
5.92857309138408E-16;5.77248818604586E-16;0;0
7.75401264098265E-16;1.52400528708754E-16;0;0
5.06251763809326E-16;1.31580147838522E-15;0;0
7.32889160657919E-16;1.06173923656054E-16;0;0
7.29835718261002E-17;4.16413572097935E-16;0;0
6.19811040940882E-16;2.14177265288977E-16;0;0
2.63093412197871E-16;4.95711604174654E-17;0;0
5.50541495186064E-16;3.97509865172000E-16;0;0
8.68646454756326E-17;4.61134968140504E-16;0;0
8.08250959121325E-16;2.27670502370970E-16;0;0
2.25576841400850E-15;3.86503382743374E-15;0;0
2.71482089964309E-16;2.48394766447685E-16;0;0
3.69427661697822E-16;6.95269895602874E-17;0;0
9.99043757131243E-16;1.43757230377729E-15;0;0
6.74303211170806E-16;6.80463193087643E-18;0;0
4.36166172488101E-16;1.35023964564433E-17;0;0
2.04370002566390E-16;1.10910241281306E-16;0;0
2.22858017252101E-16;3.40058069334409E-16;0;0
2.84412493604370E-16;1.95309073908877E-16;0;0
6.41404859348563E-17;3.37535164140081E-16;0;0
2.29820027832718E-15;1.69591845433898E-15;0;0
1.12127796885719E-15;6.21253007997395E-16;0;0
8.95848291071349E-17;1.47938665401096E-16;0;0
6.48125800166032E-16;8.79386444952229E-16;0;0
9.04455976510573E-17;1.31904535617168E-16;0;0
1.96795199929264E-16;2.98677628842007E-16;0;0
2.32967430187855E-16;4.47631012312053E-17;0;0
2.04341125502910E-16;2.00203757091201E-18;0;0
3.66775307988791E-17;1.10220288243242E-16;0;0
2.09343314144411E-16;4.76254946429420E-16;0;0
9.52087816536435E-17;8.29115806998988E-17;0;0
1.89908468249997E-15;1.47683178781093E-16;0;0
1.32969760980427E-15;1.66551639125552E-15;0;0
2.66071905404178E-16;8.62030361980989E-17;0;0
1.85790037442626E-16;6.03932581145734E-17;0;0
2.81656250797846E-16;1.15039871477946E-15;0;0
5.74598694292945E-16;7.16547406865084E-16;0;0
1.26346226135173E-15;2.03390983972253E-17;0;0
1.19170375271605E-14;1.23983133073498E-14;0;0
4.80853111957405E-15;7.15036793103974E-15;0;0
3.94438751330709E-16;1.79665019290882E-16;0;0
7.22936313938552E-17;4.96380879009202E-16;0;0
2.82535564923821E-17;9.92355189725242E-17;0;0
3.70836919594834E-16;6.17365952599874E-16;0;0
4.65912317081048E-16;2.28360233216240E-16;0;0
9.39039222395433E-18;1.62589151058833E-17;0;0
4.41310080977524E-17;1.34534036459682E-16;0;0
5.53030239206470E-16;8.90750821731074E-17;0;0
3.63626415674444E-16;2.86257661935591E-16;0;0
1.09274028079449E-15;3.60357948041431E-16;0;0
1.40556340393142E-16;2.34544184345904E-17;0;0
5.50316041211873E-16;3.34538950437298E-15;0;0
1.52693679519920E-16;1.70529470613327E-16;0;0
2.80208023474131E-16;1.06993149993761E-17;0;0
6.23587461748243E-18;2.42319318077760E-15;0;0
1.04971508589158E-16;6.34944182646962E-17;0;0
1.60281875083412E-15;9.78621847239813E-16;0;0
2.53878519588433E-16;1.54399707693548E-16;0;0
6.88758533763367E-16;2.87315497247487E-16;0;0
7.56121042101809E-17;1.73878657063488E-16;0;0
6.72487766832456E-16;8.28089502256134E-16;0;0
1.74008990232905E-16;2.25826193905036E-16;0;0
3.37958542143502E-16;3.32106383357043E-16;0;0
1.38491999077367E-15;2.73791004733482E-15;0;0
2.14191671906464E-16;8.97444779071591E-17;0;0
2.62596351481707E-16;3.60261308543684E-16;0;0
1.04079657112249E-16;1.66222502995401E-16;0;0
7.29168629014553E-16;1.39699434614678E-15;0;0
1.55529163251477E-16;1.38823224481099E-16;0;0
1.86260053881347E-16;3.37194871187843E-16;0;0
1.35891149720691E-15;1.43243409873197E-15;0;0
2.01802247046454E-16;3.32305015680759E-16;0;0
