0;120;120;56
0;120;120;48
0;120;120;48
0;120;120;48
0;120;120;48
0;120;120;48
0;120;120;48
0;120;120;48
0;120;120;48
0;120;120;48
0;120;120;48
0;120;120;48
0;120;120;48
0;120;120;48
0;120;120;48
0;120;120;48
0;120;120;48
0;120;120;48
0;120;120;48
0;120;120;48
0;120;120;48
0;120;120;48
0;120;120;48
0;120;120;48
0;120;120;48
0;120;120;48
0;120;120;48
0;120;120;48
0;120;120;48
0;120;120;48
0;120;120;48
0;120;120;48
0;120;120;48
0;120;120;48
0;120;120;48
0;120;120;48
0;120;120;48
0;120;120;48
0;120;120;48
0;120;120;48
0;120;120;48
0;120;120;48
0;120;120;48
0;120;120;48
0;120;120;48
0;120;120;48
0;120;120;48
0;120;120;48
0;120;120;48
0;120;120;48
0;120;120;48
0;120;120;48
0;120;120;48
0;120;120;48
0;120;120;48
0;120;120;48
0;120;120;48
0;120;120;48
0;120;120;48
0;120;120;48
0;120;120;48
0;120;120;48
0;120;120;48
0;120;120;48
0;120;120;48
0;120;120;48
0;120;120;48
0;120;120;48
0;120;120;48
0;120;120;48
0;120;120;48
0;120;120;48
0;120;120;48
0;120;120;48
0;120;120;48
0;120;120;48
0;120;120;48
0;120;120;48
0;120;120;48
0;120;120;48
0;120;120;48
0;120;120;48
0;120;120;48
0;120;120;48
0;120;120;48
0;120;120;48
0;120;120;48
0;120;120;48
0;120;120;48
0;120;120;48
0;120;120;48
0;120;120;48
0;120;120;48
0;120;120;48
0;120;120;48
0;120;120;48
0;120;120;48
0;120;120;48
0;120;120;48
0;120;120;48
0;120;120;48
0;120;120;48
0;120;120;48
0;120;120;48
0;120;120;48
0;120;120;48
0;120;120;48
0;120;120;48
0;120;120;48
0;120;120;48
0;120;120;48
0;120;120;48
0;120;120;48
0;120;120;48
0;120;120;48
0;120;120;48
0;120;120;48
0;120;120;48
0;120;120;48
0;120;120;48
0;120;120;48
0;120;120;48
0;120;120;48
0;120;120;48
0;120;120;48
0;120;120;48
0;120;120;48
0;120;120;48
0;120;120;48
0;120;120;48
0;120;120;48
0;120;120;48
0;120;120;48
0;120;120;48
0;120;120;48
0;120;120;48
0;120;120;48
0;120;120;48
0;120;120;48
0;120;120;48
0;120;120;48
0;120;120;48
0;120;120;48
0;120;120;48
0;120;120;48
0;120;120;48
0;120;120;48
0;120;120;48
0;120;120;48
0;120;120;48
0;120;120;48
0;120;120;48
0;120;120;48
0;120;120;48
0;120;120;48
0;120;120;48
0;120;120;48
0;120;120;48
0;120;120;48
0;120;120;48
0;120;120;48
0;120;120;48
0;120;120;48
0;120;120;48
0;120;120;48
0;120;120;48
0;120;120;48
0;120;120;48
0;120;120;48
0;120;120;48
0;120;120;48
0;120;120;48
0;120;120;48
0;120;120;48
0;120;120;48
0;120;120;48
0;120;120;48
0;120;120;48
0;120;120;48
0;120;120;48
0;120;120;48
0;120;120;48
0;120;120;48
0;120;120;48
0;120;120;48
0;120;120;48
0;120;120;48
0;120;120;48
0;120;120;48
0;120;120;48
0;120;120;48
0;120;120;48
0;120;120;48
0;120;120;48
0;120;120;48
0;120;120;48
0;120;120;48
0;120;120;48
0;120;120;48
0;120;120;48
0;120;120;48
0;120;120;48
0;120;120;48
0;120;120;48
0;120;120;48
0;120;120;48
0;120;120;48
0;120;120;48
0;120;120;48
0;120;120;48
0;120;120;48
0;120;120;48
0;120;120;48
0;120;120;48
0;120;120;48
0;120;120;48
0;120;120;48
0;120;120;48
0;120;120;48
0;120;120;48
0;120;120;48
0;120;120;48
0;120;120;48
0;120;120;48
0;120;120;48
0;120;120;48
0;120;120;48
0;120;120;48
0;120;120;48
0;120;120;48
0;120;120;48
0;120;120;48
0;120;120;48
0;120;120;48
0;120;120;48
0;120;120;48
0;120;120;48
0;120;120;48
0;120;120;48
0;120;120;48
0;120;120;48
0;120;120;48
0;120;120;48
0;120;120;48
0;120;120;48
0;120;120;48
0;120;120;48
0;120;120;48
0;120;120;48
0;120;120;48
0;120;120;48
0;120;120;48
0;120;120;48
0;120;120;48
0;120;120;48
0;120;120;48
0;120;120;48
0;120;120;48
0;120;120;48
0;120;120;48
0;120;120;48
0;120;120;48
0;120;120;48
0;120;120;48
0;120;120;48
0;120;120;48
0;120;120;48
0;120;120;48
0;120;120;48
0;120;120;48
0;120;120;48
0;120;120;48
0;120;120;48
0;120;120;48
0;120;120;48
0;120;120;48
0;120;120;48
0;120;120;48
0;120;120;48
0;120;120;48
0;120;120;48
0;120;120;48
0;120;120;48
0;120;120;48
0;120;120;48
0;120;120;48
0;120;120;48
0;120;120;48
0;120;120;48
0;120;120;48
0;120;120;48
0;120;120;48
0;120;120;48
0;120;120;48
0;120;120;48
0;120;120;48
0;120;120;48
0;120;120;48
0;120;120;48
0;120;120;48
0;120;120;48
0;120;120;48
0;120;120;48
0;120;120;48
0;120;120;48
0;120;120;48
0;120;120;48
0;120;120;48
0;120;120;48
0;120;120;48
0;120;120;48
0;120;120;48
0;120;120;48
0;120;120;48
0;120;120;48
0;120;120;48
0;120;120;48
0;120;120;48
0;120;120;48
0;120;120;48
0;120;120;48
0;120;120;48
0;120;120;48
0;120;120;48
0;120;120;48
0;120;120;48
0;120;120;48
0;120;120;48
0;120;120;48
0;120;120;48
0;120;120;48
0;120;120;48
0;120;120;48
0;120;120;48
0;120;120;48
0;120;120;48
0;120;120;48
0;120;120;48
0;120;120;48
0;120;120;48
0;120;120;48
0;120;120;48
0;120;120;48
0;120;120;48
0;120;120;48
0;120;120;48
0;120;120;48
0;120;120;48
0;120;120;48
0;120;120;48
0;120;120;48
0;120;120;48
0;120;120;48
0;120;120;48
0;120;120;48
0;120;120;48
0;120;120;48
0;120;120;48
0;120;120;48
0;120;120;48
0;120;120;48
0;120;120;48
0;120;120;48
0;120;120;48
0;120;120;48
0;120;120;48
0;120;120;48
0;120;120;48
0;120;120;48
0;120;120;48
0;120;120;48
0;120;120;48
0;120;120;48
0;120;120;48
0;120;120;48
0;120;120;48
0;120;120;48
0;120;120;48
0;120;120;48
0;120;120;48
0;120;120;48
0;120;120;48
0;120;120;48
0;120;120;48
0;120;120;48
0;120;120;48
0;120;120;48
0;120;120;48
0;120;120;48
0;120;120;48
0;120;120;48
0;120;120;48
0;120;120;48
0;120;120;48
0;120;120;48
0;120;120;48
0;120;120;48
0;120;120;48
0;120;120;48
0;120;120;48
0;120;120;48
0;120;120;48
0;120;120;48
0;120;120;48
0;120;120;48
0;120;120;48
0;120;120;48
0;120;120;48
0;120;120;48
0;120;120;48
0;120;120;48
0;120;120;48
0;120;120;48
0;120;120;48
0;120;120;48
0;120;120;48
0;120;120;48
0;120;120;48
0;120;120;48
0;120;120;48
0;120;120;48
0;120;120;48
0;120;120;48
0;120;120;48
0;120;120;48
0;120;120;48
0;120;120;48
0;120;120;48
0;120;120;48
0;120;120;48
0;120;120;48
0;120;120;48
0;120;120;48
0;120;120;48
0;120;120;48
0;120;120;48
0;120;120;48
0;120;120;48
0;120;120;48
0;120;120;48
0;120;120;48
0;120;120;48
0;120;120;48
0;120;120;48
0;120;120;48
0;120;120;48
0;120;120;48
0;120;120;48
0;120;120;48
0;120;120;48
0;120;120;48
0;120;120;48
0;120;120;48
0;120;120;48
0;120;120;48
0;120;120;48
0;120;120;48
0;120;120;48
0;120;120;48
0;120;120;48
0;120;120;48
0;120;120;48
0;120;120;48
0;120;120;48
0;120;120;48
0;120;120;48
0;120;120;48
0;120;120;48
0;120;120;48
0;120;120;48
0;120;120;48
0;120;120;48
0;120;120;48
0;120;120;48
0;120;120;48
0;120;120;48
0;120;120;48
0;120;120;48
0;120;120;48
0;120;120;48
0;120;120;48
0;120;120;48
0;120;120;48
0;120;120;48
0;120;120;48
0;120;120;48
0;120;120;48
0;120;120;48
0;120;120;48
0;120;120;48
0;120;120;48
0;120;120;48
0;120;120;48
0;120;120;48
0;120;120;48
0;120;120;48
0;120;120;48
0;120;120;48
0;120;120;48
0;120;120;48
0;120;120;48
0;120;120;48
0;120;120;48
0;120;120;48
0;120;120;48
0;120;120;48
0;120;120;48
0;120;120;48
0;120;120;48
0;120;120;48
0;120;120;48
0;120;120;48
0;120;120;48
0;120;120;48
0;120;120;48
0;120;120;48
0;120;120;48
0;120;120;48
0;120;120;48
0;120;120;48
0;120;120;48
0;120;120;48
0;120;120;48
0;120;120;48
0;120;120;48
0;120;120;48
0;120;120;48
0;120;120;48
0;120;120;48
0;120;120;48
0;120;120;48
0;120;120;48
0;120;120;48
0;120;120;48
0;120;120;48
0;120;120;48
0;120;120;48
0;120;120;48
0;120;120;48
0;120;120;48
0;120;120;48
0;120;120;48
0;120;120;48
0;120;120;48
0;120;120;48
0;120;120;48
0;120;120;48
0;120;120;48
0;120;120;48
0;120;120;48
0;120;120;48
0;120;120;48
0;120;120;48
0;120;120;48
0;120;120;48
0;120;120;48
0;120;120;48
0;120;120;48
0;120;120;48
0;120;120;48
0;120;120;48
0;120;120;48
0;120;120;48
0;120;120;48
0;120;120;48
0;120;120;48
0;120;120;48
0;120;120;48
0;120;120;48
0;120;120;48
0;120;120;48
0;120;120;48
0;120;120;48
0;120;120;48
0;120;120;48
0;120;120;48
0;120;120;48
0;120;120;48
0;120;120;48
0;120;120;48
0;120;120;48
0;120;120;48
0;120;120;48
0;120;120;48
0;120;120;48
0;120;120;48
0;120;120;48
0;120;120;48
0;120;120;48
0;120;120;48
0;120;120;48
0;120;120;48
0;120;120;48
0;120;120;48
0;120;120;48
0;120;120;48
0;120;120;48
0;120;120;48
0;120;120;48
0;120;120;48
0;120;120;48
0;120;120;48
0;120;120;48
0;120;120;48
0;120;120;48
0;120;120;48
0;120;120;48
0;120;120;48
0;120;120;48
0;120;120;48
0;120;120;48
0;120;120;48
0;120;120;48
0;120;120;48
0;120;120;48
0;120;120;48
0;120;120;48
0;120;120;48
0;120;120;48
0;120;120;48
0;120;120;48
0;120;120;48
0;120;120;48
0;120;120;48
0;120;120;48
0;120;120;48
0;120;120;48
0;120;120;48
0;120;120;48
0;120;120;48
0;120;120;48
0;120;120;48
0;120;120;48
0;120;120;48
0;120;120;48
0;120;120;48
0;120;120;48
0;120;120;48
0;120;120;48
0;120;120;48
0;120;120;48
0;120;120;48
0;120;120;48
0;120;120;48
0;120;120;48
0;120;120;48
0;120;120;48
0;120;120;48
0;120;120;48
0;120;120;48
0;120;120;48
0;120;120;48
0;120;120;48
0;120;120;48
0;120;120;48
0;120;120;48
0;120;120;48
0;120;120;48
0;120;120;48
0;120;120;48
0;120;120;48
0;120;120;48
0;120;120;48
0;120;120;48
0;120;120;48
0;120;120;48
0;120;120;48
0;120;120;48
0;120;120;48
0;120;120;48
0;120;120;48
0;120;120;48
0;120;120;48
0;120;120;48
0;120;120;48
0;120;120;48
0;120;120;48
0;120;120;48
0;120;120;48
0;120;120;48
0;120;120;48
0;120;120;48
0;120;120;48
0;120;120;48
0;120;120;48
0;120;120;48
0;120;120;48
0;120;120;48
0;120;120;48
0;120;120;48
0;120;120;48
0;120;120;48
0;120;120;48
0;120;120;48
0;120;120;48
0;120;120;48
0;120;120;48
0;120;120;48
0;120;120;48
0;120;120;48
0;120;120;48
0;120;120;48
0;120;120;48
0;120;120;48
0;120;120;48
0;120;120;48
0;120;120;48
0;120;120;48
0;120;120;48
0;120;120;48
0;120;120;48
0;120;120;48
0;120;120;48
0;120;120;48
0;120;120;48
0;120;120;48
0;120;120;48
0;120;120;48
0;120;120;48
0;120;120;48
0;120;120;48
0;120;120;48
0;120;120;48
0;120;120;48
0;120;120;48
0;120;120;48
0;120;120;48
0;120;120;48
0;120;120;48
0;120;120;48
0;120;120;48
0;120;120;48
0;120;120;48
0;120;120;48
0;120;120;48
0;120;120;48
0;120;120;48
0;120;120;48
0;120;120;48
0;120;120;48
0;120;120;48
0;120;120;48
0;120;120;48
0;120;120;48
0;120;120;48
0;120;120;48
0;120;120;48
0;120;120;48
0;120;120;48
0;120;120;48
0;120;120;48
0;120;120;48
0;120;120;48
0;120;120;48
0;120;120;48
0;120;120;48
0;120;120;48
0;120;120;48
0;120;120;48
0;120;120;48
0;120;120;48
0;120;120;48
0;120;120;48
0;120;120;48
0;120;120;48
0;120;120;48
0;120;120;48
0;120;120;48
0;120;120;48
0;120;120;48
0;120;120;48
0;120;120;48
0;120;120;48
0;120;120;48
0;120;120;48
0;120;120;48
0;120;120;48
0;120;120;48
0;120;120;48
0;120;120;48
0;120;120;48
0;120;120;48
0;120;120;48
0;120;120;48
0;120;120;48
0;120;120;48
0;120;120;48
0;120;120;48
0;120;120;48
0;120;120;48
0;120;120;48
0;120;120;48
0;120;120;48
0;120;120;48
0;120;120;48
0;120;120;48
0;120;120;48
0;120;120;48
0;120;120;48
0;120;120;48
0;120;120;48
0;120;120;48
0;120;120;48
0;120;120;48
0;120;120;48
0;120;120;48
0;120;120;48
0;120;120;48
0;120;120;48
0;120;120;48
0;120;120;48
0;120;120;48
0;120;120;48
0;120;120;48
0;120;120;48
0;120;120;48
0;120;120;48
0;120;120;48
0;120;120;48
0;120;120;48
0;120;120;48
0;120;120;48
0;120;120;48
0;120;120;48
0;120;120;48
0;120;120;48
0;120;120;48
0;120;120;48
0;120;120;48
0;120;120;48
0;120;120;48
0;120;120;48
0;120;120;48
0;120;120;48
0;120;120;48
0;120;120;48
0;120;120;48
0;120;120;48
0;120;120;48
0;120;120;48
0;120;120;48
0;120;120;48
0;120;120;48
0;120;120;48
0;120;120;48
0;120;120;48
0;120;120;48
0;120;120;48
0;120;120;48
0;120;120;48
0;120;120;48
0;120;120;48
0;120;120;48
0;120;120;48
0;120;120;48
0;120;120;48
0;120;120;48
0;120;120;48
0;120;120;48
0;120;120;48
0;120;120;48
0;120;120;48
0;120;120;48
0;120;120;48
0;120;120;48
0;120;120;48
0;120;120;48
0;120;120;48
0;120;120;48
0;120;120;48
0;120;120;48
0;120;120;48
0;120;120;48
0;120;120;48
0;120;120;48
0;120;120;48
0;120;120;48
0;120;120;48
0;120;120;48
0;120;120;48
0;120;120;48
0;120;120;48
0;120;120;48
0;120;120;48
0;120;120;48
0;120;120;48
0;120;120;48
0;120;120;48
0;120;120;48
0;120;120;48
0;120;120;48
0;120;120;48
0;120;120;48
0;120;120;48
0;120;120;48
0;120;120;48
0;120;120;48
0;120;120;48
0;120;120;48
0;120;120;48
0;120;120;48
0;120;120;48
0;120;120;48
0;120;120;48
0;120;120;48
0;120;120;48
0;120;120;48
0;120;120;48
0;120;120;48
0;120;120;48
0;120;120;48
0;120;120;48
0;120;120;48
0;120;120;48
0;120;120;48
0;120;120;48
0;120;120;48
0;120;120;48
0;120;120;48
0;120;120;48
0;120;120;48
0;120;120;48
0;120;120;48
0;120;120;48
0;120;120;48
0;120;120;48
0;120;120;48
0;120;120;48
0;120;120;48
0;120;120;48
0;120;120;48
0;120;120;48
0;120;120;48
0;120;120;48
0;120;120;48
0;120;120;48
0;120;120;48
0;120;120;48
0;120;120;48
0;120;120;48
0;120;120;48
0;120;120;48
0;120;120;48
0;120;120;48
0;120;120;48
0;120;120;48
0;120;120;48
0;120;120;48
0;120;120;48
0;120;120;48
0;120;120;48
0;120;120;48
0;120;120;48
0;120;120;48
0;120;120;48
0;120;120;48
0;120;120;48
0;120;120;48
0;120;120;48
0;120;120;48
0;120;120;48
0;120;120;48
0;120;120;48
0;120;120;48
0;120;120;48
0;120;120;48
0;120;120;48
0;120;120;48
0;120;120;48
0;120;120;48
0;120;120;48
0;120;120;48
0;120;120;48
0;120;120;48
0;120;120;48
0;120;120;48
0;120;120;48
0;120;120;48
0;120;120;48
0;120;120;48
0;120;120;48
0;120;120;48
0;120;120;48
0;120;120;48
0;120;120;48
0;120;120;48
0;120;120;48
0;120;120;48
0;120;120;48
0;120;120;48
0;120;120;48
0;120;120;48
0;120;120;48
0;120;120;48
0;120;120;48
0;120;120;48
0;120;120;48
0;120;120;48
0;120;120;48
0;120;120;48
0;120;120;48
0;120;120;48
0;120;120;48
0;120;120;48
0;120;120;48
0;120;120;48
0;120;120;48
0;120;120;48
0;120;120;48
0;120;120;48
0;120;120;48
0;120;120;48
0;120;120;48
0;120;120;48
0;120;120;48
0;120;120;48
0;120;120;48
0;120;120;48
0;120;120;48
0;120;120;48
0;120;120;48
0;120;120;48
0;120;120;48
0;120;120;48
0;120;120;48
0;120;120;48
0;120;120;48
0;120;120;48
0;120;120;48
0;120;120;48
0;120;120;48
0;120;120;48
0;120;120;48
0;120;120;48
0;120;120;48
0;120;120;48
0;120;120;48
0;120;120;48
0;120;120;48
0;120;120;48
0;120;120;48
0;120;120;48
0;120;120;48
0;120;120;48
0;120;120;48
0;120;120;48
0;120;120;48
0;120;120;48
0;120;120;48
0;120;120;48
0;120;120;48
0;120;120;48
0;120;120;48
0;120;120;48
0;120;120;48
0;120;120;48
0;120;120;48
0;120;120;48
0;120;120;48
0;120;120;48
0;120;120;48
0;120;120;48
0;120;120;48
0;120;120;48
0;120;120;48
0;120;120;48
0;120;120;48
0;120;120;48
0;120;120;48
0;120;120;48
0;120;120;48
0;120;120;48
0;120;120;48
0;120;120;48
0;120;120;48
0;120;120;48
0;120;120;48
0;120;120;48
0;120;120;48
0;120;120;48
0;120;120;48
0;120;120;48
0;120;120;48
0;120;120;48
0;120;120;48
0;120;120;48
0;120;120;48
0;120;120;48
0;120;120;48
0;120;120;48
0;120;120;48
0;120;120;48
0;120;120;48
0;120;120;48
0;120;120;48
0;120;120;48
0;120;120;48
0;120;120;48
0;120;120;48
0;120;120;48
0;120;120;48
0;120;120;48
0;120;120;48
0;120;120;48
0;120;120;48
0;120;120;48
0;120;120;48
0;120;120;48
0;120;120;48
0;120;120;48
0;120;120;48
0;120;120;48
0;120;120;48
0;120;120;48
0;120;120;48
0;120;120;48
0;120;120;48
0;120;120;48
0;120;120;48
0;120;120;48
0;120;120;48
0;120;120;48
0;120;120;48
0;120;120;48
0;120;120;48
0;120;120;48
0;120;120;48
0;120;120;48
0;120;120;48
0;120;120;48
0;120;120;48
0;120;120;48
0;120;120;48
0;120;120;48
0;120;120;48
0;120;120;48
0;120;120;48
0;120;120;48
0;120;120;48
0;120;120;48
0;120;120;48
0;120;120;48
0;120;120;48
0;120;120;48
0;120;120;48
0;120;120;48
0;120;120;48
0;120;120;48
0;120;120;48
0;120;120;48
0;120;120;48
0;120;120;48
0;120;120;48
0;120;120;48
0;120;120;48
0;120;120;48
0;120;120;48
0;120;120;48
0;120;120;48
0;120;120;48
0;120;120;48
0;120;120;48
0;120;120;48
0;120;120;48
0;120;120;48
0;120;120;48
0;120;120;48
0;120;120;48
0;120;120;48
0;120;120;48
0;120;120;48
0;120;120;48
0;120;120;48
0;120;120;48
0;120;120;48
0;120;120;48
0;120;120;48
0;120;120;48
0;120;120;48
0;120;120;48
0;120;120;48
0;120;120;48
0;120;120;48
0;120;120;48
0;120;120;48
0;120;120;48
0;120;120;48
0;120;120;48
0;120;120;48
0;120;120;48
0;120;120;48
0;120;120;48
0;120;120;48
0;120;120;48
0;120;120;48
0;120;120;48
0;120;120;48
0;120;120;48
0;120;120;48
0;120;120;48
0;120;120;48
0;120;120;48
0;120;120;48
0;120;120;48
0;120;120;48
0;120;120;48
0;120;120;48
0;120;120;48
0;120;120;48
0;120;120;48
0;120;120;48
0;120;120;48
0;120;120;48
0;120;120;48
0;120;120;48
0;120;120;48
0;120;120;48
0;120;120;48
0;120;120;48
0;120;120;48
0;120;120;48
0;120;120;48
0;120;120;48
0;120;120;48
0;120;120;48
0;120;120;48
0;120;120;48
0;120;120;48
0;120;120;48
0;120;120;48
0;120;120;48
0;120;120;48
0;120;120;48
0;120;120;48
0;120;120;48
0;120;120;48
0;120;120;48
0;120;120;48
0;120;120;48
0;120;120;48
0;120;120;48
0;120;120;48
0;120;120;48
0;120;120;48
0;120;120;48
0;120;120;48
0;120;120;48
0;120;120;48
0;120;120;48
0;120;120;48
0;120;120;48
0;120;120;48
0;120;120;48
0;120;120;48
0;120;120;48
0;120;120;48
0;120;120;48
0;120;120;48
0;120;120;48
0;120;120;48
0;120;120;48
0;120;120;48
0;120;120;48
0;120;120;48
0;120;120;48
0;120;120;48
0;120;120;48
0;120;120;48
0;120;120;48
0;120;120;48
0;120;120;48
0;120;120;48
0;120;120;48
0;120;120;48
0;120;120;48
0;120;120;48
0;120;120;48
0;120;120;48
0;120;120;48
0;120;120;48
0;120;120;48
0;120;120;48
0;120;120;48
0;120;120;48
0;120;120;48
0;120;120;48
0;120;120;48
0;120;120;48
0;120;120;48
0;120;120;48
0;120;120;48
0;120;120;48
0;120;120;48
0;120;120;48
0;120;120;48
0;120;120;48
0;120;120;48
0;120;120;48
0;120;120;48
0;120;120;48
0;120;120;48
0;120;120;48
0;120;120;48
0;120;120;48
0;120;120;48
0;120;120;48
0;120;120;48
0;120;120;48
0;120;120;48
0;120;120;48
0;120;120;48
0;120;120;48
0;120;120;48
0;120;120;48
0;120;120;48
0;120;120;48
0;120;120;48
0;120;120;48
0;120;120;48
0;120;120;48
0;120;120;48
0;120;120;48
0;120;120;48
0;120;120;48
0;120;120;48
0;120;120;48
0;120;120;48
0;120;120;48
0;120;120;48
0;120;120;48
0;120;120;48
0;120;120;48
0;120;120;48
0;120;120;48
0;120;120;48
0;120;120;48
0;120;120;48
0;120;120;48
0;120;120;48
0;120;120;48
0;120;120;48
0;120;120;48
0;120;120;48
0;120;120;48
0;120;120;48
0;120;120;48
0;120;120;48
0;120;120;48
0;120;120;48
0;120;120;48
0;120;120;48
0;120;120;48
0;120;120;48
0;120;120;48
0;120;120;48
0;120;120;48
0;120;120;48
0;120;120;48
0;120;120;48
0;120;120;48
0;120;120;48
0;120;120;48
0;120;120;48
0;120;120;48
0;120;120;48
0;120;120;48
0;120;120;48
0;120;120;48
0;120;120;48
0;120;120;48
0;120;120;48
0;120;120;48
0;120;120;48
0;120;120;48
0;120;120;48
0;120;120;48
0;120;120;48
0;120;120;48
0;120;120;48
0;120;120;48
0;120;120;48
0;120;120;48
0;120;120;48
0;120;120;48
0;120;120;48
0;120;120;48
0;120;120;48
0;120;120;48
0;120;120;48
0;120;120;48
0;120;120;48
0;120;120;48
0;120;120;48
0;120;120;48
0;120;120;48
0;120;120;48
0;120;120;48
0;120;120;48
0;120;120;48
0;120;120;48
0;120;120;48
0;120;120;48
0;120;120;48
0;120;120;48
0;120;120;48
0;120;120;48
0;120;120;48
0;120;120;48
0;120;120;48
0;120;120;48
0;120;120;48
0;120;120;48
0;120;120;48
0;120;120;48
0;120;120;48
0;120;120;48
0;120;120;48
0;120;120;48
0;120;120;48
0;120;120;48
0;120;120;48
0;120;120;48
0;120;120;48
0;120;120;48
0;120;120;48
0;120;120;48
0;120;120;48
0;120;120;48
0;120;120;48
0;120;120;48
0;120;120;48
0;120;120;48
0;120;120;48
0;120;120;48
0;120;120;48
0;120;120;48
0;120;120;48
0;120;120;48
0;120;120;48
0;120;120;48
0;120;120;48
0;120;120;48
0;120;120;48
0;120;120;48
0;120;120;48
0;120;120;48
0;120;120;48
0;120;120;48
0;120;120;48
0;120;120;48
0;120;120;48
0;120;120;48
0;120;120;48
0;120;120;48
0;120;120;48
0;120;120;48
0;120;120;48
0;120;120;48
0;120;120;48
0;120;120;48
0;120;120;48
0;120;120;48
0;120;120;48
0;120;120;48
0;120;120;48
0;120;120;48
0;120;120;48
0;120;120;48
0;120;120;48
0;120;120;48
0;120;120;48
0;120;120;48
0;120;120;48
0;120;120;48
0;120;120;48
0;120;120;48
0;120;120;48
0;120;120;48
0;120;120;48
0;120;120;48
0;120;120;48
0;120;120;48
0;120;120;48
0;120;120;48
0;120;120;48
0;120;120;48
0;120;120;48
0;120;120;48
0;120;120;48
0;120;120;48
0;120;120;48
0;120;120;48
0;120;120;48
0;120;120;48
0;120;120;48
0;120;120;48
0;120;120;48
0;120;120;48
0;120;120;48
0;120;120;48
0;120;120;72
0;120;120;72
0;120;120;72
0;120;120;104
0;120;120;104
0;120;120;72
0;120;120;104
0;120;120;72
0;120;120;104
0;120;120;104
0;120;120;72
0;120;120;104
0;120;120;104
0;120;120;72
0;120;120;104
0;120;120;104
0;120;120;104
0;120;120;72
0;120;120;72
0;120;120;104
0;120;120;104
0;120;120;72
0;120;120;72
0;120;120;72
0;120;120;72
0;120;120;72
0;120;120;104
0;120;120;104
0;120;120;104
0;120;120;72
0;120;120;72
0;120;120;72
0;120;120;72
0;120;120;72
0;120;120;104
0;120;120;104
0;120;120;104
0;120;120;104
0;120;120;104
0;120;120;104
0;120;120;104
0;120;120;104
0;120;120;104
0;120;120;72
0;120;120;72
0;120;120;72
0;120;120;104
0;120;120;72
0;120;120;104
0;120;120;104
0;120;120;72
0;120;120;104
0;120;120;72
0;120;120;104
0;120;120;72
0;120;120;72
0;120;120;104
0;120;120;104
0;120;120;72
0;120;120;104
0;120;120;104
0;120;120;72
0;120;120;104
0;120;120;72
0;120;120;72
0;120;120;72
0;120;120;72
0;120;120;104
0;120;120;72
0;120;120;104
0;120;120;104
0;120;120;104
0;120;120;72
0;120;120;72
0;120;120;72
0;120;120;104
0;120;120;72
0;120;120;104
0;120;120;72
0;120;120;72
0;120;120;72
0;120;120;72
0;120;120;72
0;120;120;104
0;120;120;104
0;120;120;104
0;120;120;72
0;120;120;72
0;120;120;72
0;120;120;104
0;120;120;72
0;120;120;72
0;120;120;104
0;120;120;72
0;120;120;72
0;120;120;72
0;120;120;72
0;120;120;72
0;120;120;72
0;120;120;104
0;120;120;72
0;120;120;104
0;120;120;112
0;120;120;72
0;120;120;112
0;120;120;112
0;120;120;72
0;120;120;104
0;120;120;72
0;120;120;72
0;120;120;72
0;120;120;72
0;120;120;72
0;120;120;72
0;120;120;72
0;120;120;112
0;120;120;112
0;120;120;72
0;120;120;112
0;120;120;112
0;120;120;72
0;120;120;72
0;120;120;104
0;120;120;112
0;120;120;112
0;120;120;104
0;120;120;72
0;120;120;72
0;120;120;72
0;120;120;72
0;120;120;104
0;120;120;112
0;120;120;112
0;120;120;112
0;120;120;104
0;120;120;104
0;120;120;104
0;120;120;112
0;120;120;72
0;120;120;72
0;120;120;72
0;120;120;104
0;120;120;72
0;120;120;72
0;120;120;112
0;120;120;72
0;120;120;72
0;120;120;104
0;120;120;112
0;120;120;112
0;120;120;72
0;120;120;104
0;120;120;112
0;120;120;72
0;120;120;72
0;120;120;72
0;120;120;72
0;120;120;104
0;120;120;112
0;120;120;72
0;120;120;72
0;120;120;112
0;120;120;112
0;120;120;72
0;120;120;72
0;120;120;104
0;120;120;72
0;120;120;112
0;120;120;112
0;120;120;112
0;120;120;72
0;120;120;112
0;120;120;112
0;120;120;72
0;120;120;104
0;120;120;72
0;120;120;72
0;120;120;72
0;120;120;112
0;120;120;112
0;120;120;72
0;120;120;72
0;120;120;112
0;120;120;72
0;120;120;104
0;120;120;112
0;120;120;72
0;120;120;104
0;120;120;104
0;120;120;104
0;120;120;72
0;120;120;72
0;120;120;104
0;120;120;104
0;120;120;112
0;120;120;72
0;120;120;72
0;120;120;72
0;120;120;72
0;120;120;104
0;120;120;112
0;120;120;72
0;120;120;112
0;120;120;104
0;120;120;112
0;120;120;72
0;120;120;72
0;120;120;112
0;120;120;104
0;120;120;72
0;120;120;112
0;120;120;72
0;120;120;104
0;120;120;112
0;120;120;112
0;120;120;72
0;120;120;104
0;120;120;104
0;120;120;112
0;120;120;112
0;120;120;112
0;120;120;104
0;120;120;72
0;120;120;72
0;120;120;112
0;120;120;72
0;120;120;72
0;120;120;72
0;120;120;72
0;120;120;72
0;120;120;112
0;120;120;72
0;120;120;104
0;120;120;112
0;120;120;104
0;120;120;104
0;120;120;112
0;120;120;112
0;120;120;104
0;120;120;112
0;120;120;72
0;120;120;72
0;120;120;104
0;120;120;72
0;120;120;104
0;120;120;104
0;120;120;104
0;120;120;112
0;120;120;112
0;120;120;104
0;120;120;72
0;120;120;112
0;120;120;112
0;120;120;72
0;120;120;72
0;120;120;72
0;120;120;72
0;120;120;104
0;120;120;112
0;120;120;72
0;120;120;104
0;120;120;104
0;120;120;104
0;120;120;72
0;120;120;72
0;120;120;112
0;120;120;104
0;120;120;104
0;120;120;104
0;120;120;72
0;120;120;104
0;120;120;104
0;120;120;72
0;120;120;104
0;120;120;72
0;120;120;72
0;120;120;112
0;120;120;104
0;120;120;72
0;120;120;72
0;120;120;112
0;120;120;104
0;120;120;104
0;120;120;112
0;120;120;104
0;120;120;72
0;120;120;72
0;120;120;112
0;120;120;104
0;120;120;72
0;120;120;112
0;120;120;72
0;120;120;72
0;120;120;72
0;120;120;72
0;120;120;72
0;120;120;72
0;120;120;72
0;120;120;72
0;120;120;104
0;120;120;112
0;120;120;112
0;120;120;72
0;120;120;112
0;120;120;104
0;120;120;112
0;120;120;112
0;120;120;112
0;120;120;72
0;120;120;72
0;120;120;72
0;120;120;72
0;120;120;72
0;120;120;104
0;120;120;112
0;120;120;104
0;120;120;72
0;120;120;104
0;120;120;104
0;120;120;72
0;120;120;112
0;120;120;72
0;120;120;104
0;120;120;72
0;120;120;72
0;120;120;104
0;120;120;72
0;120;120;112
0;120;120;72
0;120;120;112
0;120;120;72
0;120;120;72
0;120;120;112
0;120;120;104
0;120;120;72
0;120;120;72
0;120;120;72
0;120;120;72
0;120;120;112
0;120;120;104
0;120;120;112
0;120;120;72
0;120;120;72
0;120;120;104
0;120;120;104
0;120;120;72
0;120;120;72
0;120;120;112
0;120;120;112
0;120;120;72
0;120;120;72
0;120;120;112
0;120;120;72
0;120;120;72
0;120;120;112
0;120;120;72
0;120;120;112
0;120;120;72
0;120;120;72
0;120;120;112
0;120;120;72
0;120;120;72
0;120;120;72
0;120;120;72
0;120;120;112
0;120;120;72
0;120;120;112
0;120;120;104
0;120;120;104
0;120;120;72
0;120;120;112
0;120;120;104
0;120;120;72
0;120;120;104
0;120;120;72
0;120;120;72
0;120;120;104
0;120;120;104
0;120;120;72
0;120;120;72
0;120;120;104
0;120;120;72
0;120;120;72
0;120;120;72
0;120;120;72
0;120;120;112
0;120;120;72
0;120;120;104
0;120;120;72
0;120;120;72
0;120;120;112
0;120;120;104
0;120;120;112
0;120;120;104
0;120;120;72
0;120;120;72
0;120;120;72
0;120;120;72
0;120;120;72
0;120;120;72
0;120;120;144
0;120;120;148
0;120;120;148
0;120;120;212
0;120;120;180
0;120;120;148
0;120;120;212
0;120;120;148
0;120;120;176
0;120;120;212
0;120;120;212
0;120;120;148
0;120;120;144
0;120;120;208
0;120;120;144
0;120;120;180
0;120;120;144
0;120;120;148
0;120;120;212
0;120;120;212
0;120;120;212
0;120;120;180
0;120;120;212
0;120;120;212
0;120;120;180
0;120;120;148
0;120;120;148
0;120;120;148
0;120;120;180
0;120;120;144
0;120;120;148
0;120;120;180
0;120;120;144
0;120;120;208
0;120;120;148
0;120;120;148
0;120;120;148
0;120;120;212
0;120;120;144
0;120;120;148
0;120;120;212
0;120;120;148
0;120;120;148
0;120;120;144
0;120;120;144
0;120;120;180
0;120;120;144
0;120;120;148
0;120;120;180
0;120;120;148
0;120;120;148
0;120;120;148
0;120;120;144
0;120;120;144
0;120;120;208
0;120;120;144
0;120;120;144
0;120;120;208
0;120;120;148
0;120;120;212
0;120;120;212
0;120;120;180
0;120;120;148
0;120;120;148
0;120;120;148
0;120;120;180
0;120;120;144
0;120;120;144
0;120;120;148
0;120;120;212
0;120;120;148
0;120;120;212
0;120;120;180
0;120;120;180
0;120;120;148
0;120;120;212
0;120;120;148
0;120;120;176
0;120;120;176
0;120;120;148
0;120;120;148
0;120;120;144
0;120;120;176
0;120;120;212
0;120;120;208
0;120;120;212
0;120;120;180
0;120;120;208
0;120;120;180
0;120;120;148
0;120;120;148
0;120;120;212
0;120;120;180
0;120;120;180
0;120;120;212
0;120;120;180
0;120;120;148
0;120;120;180
0;120;120;148
0;120;120;144
0;120;120;116
0;120;120;116
0;120;120;116
0;120;120;116
0;120;120;116
0;120;120;116
0;120;120;116
0;120;120;116
0;120;120;116
0;120;120;116
0;120;120;116
0;120;120;116
0;120;120;116
0;120;120;116
0;120;120;116
0;120;120;116
0;120;120;116
0;120;120;116
0;120;120;116
0;120;120;116
0;120;120;116
0;120;120;112
0;120;120;116
0;120;120;116
0;120;120;116
0;120;120;116
0;120;120;116
0;120;120;116
0;120;120;116
0;120;120;116
0;120;120;116
0;120;120;116
0;120;120;116
0;120;120;116
0;120;120;116
0;120;120;116
0;120;120;116
0;120;120;116
0;120;120;116
0;120;120;116
0;120;120;116
0;120;120;116
0;120;120;116
0;120;120;116
0;120;120;116
0;120;120;116
0;120;120;116
0;120;120;112
0;120;120;112
0;120;120;116
0;120;120;116
0;120;120;116
0;120;120;116
0;120;120;116
0;120;120;116
0;120;120;116
0;120;120;116
0;120;120;116
0;120;120;116
0;120;120;116
0;120;120;116
0;120;120;116
0;120;120;116
0;120;120;116
0;120;120;116
0;120;120;116
0;120;120;116
0;120;120;116
0;120;120;116
0;120;120;116
0;120;120;116
0;120;120;116
0;120;120;116
0;120;120;116
0;120;120;116
0;120;120;116
0;120;120;116
0;120;120;116
0;120;120;112
0;120;120;116
0;120;120;116
0;120;120;116
0;120;120;116
0;120;120;116
0;120;120;116
0;120;120;116
0;120;120;112
0;120;120;112
0;120;120;116
0;120;120;116
0;120;120;112
0;120;120;116
0;120;120;116
0;120;120;116
0;120;120;116
0;120;120;116
0;120;120;116
0;120;120;112
0;120;120;116
0;120;120;116
0;120;120;120
0;120;120;120
0;120;120;120
0;120;120;120
0;120;120;120
0;120;120;120
0;120;120;120
0;120;120;120
0;120;120;120
0;120;120;120
0;120;120;120
0;120;120;120
0;120;120;116
0;120;120;120
0;120;120;120
0;120;120;120
0;120;120;116
0;120;120;120
0;120;120;120
0;120;120;120
0;120;120;120
0;120;120;120
0;120;120;120
0;120;120;112
0;120;120;120
0;120;120;120
0;120;120;120
0;120;120;120
0;120;120;120
0;120;120;120
0;120;120;120
0;120;120;120
0;120;120;120
0;120;120;120
0;120;120;120
0;120;120;120
0;120;120;120
0;120;120;120
0;120;120;120
0;120;120;120
0;120;120;120
0;120;120;120
0;120;120;120
0;120;120;120
0;120;120;120
0;120;120;120
0;120;120;116
0;120;120;120
0;120;120;112
0;120;120;120
0;120;120;112
0;120;120;120
0;120;120;120
0;120;120;120
0;120;120;116
0;120;120;112
0;120;120;116
0;120;120;120
0;120;120;112
0;120;120;120
0;120;120;116
0;120;120;120
0;120;120;112
0;120;120;116
0;120;120;120
0;120;120;116
0;120;120;120
0;120;120;120
0;120;120;120
0;120;120;120
0;120;120;120
0;120;120;120
0;120;120;116
0;120;120;120
0;120;120;120
0;120;120;120
0;120;120;120
0;120;120;120
0;120;120;116
0;120;120;116
0;120;120;116
0;120;120;116
0;120;120;120
0;120;120;120
0;120;120;116
0;120;120;120
0;120;120;120
0;120;120;120
0;120;120;120
0;120;120;120
0;120;120;112
0;120;120;120
0;120;120;112
0;120;120;120
0;120;120;120
0;120;120;120
0;120;120;112
0;120;120;120
0;120;120;120
0;120;120;116
0;120;120;212
0;120;120;212
0;120;120;216
0;120;120;240
0;120;120;240
0;120;120;216
0;120;120;212
0;120;120;216
0;120;120;240
0;120;120;220
0;120;120;216
0;120;120;216
0;120;120;220
0;120;120;240
0;120;120;216
0;120;120;220
0;120;120;212
0;120;120;216
0;120;120;220
0;120;120;220
0;120;120;216
0;120;120;220
0;120;120;216
0;120;120;220
0;120;120;220
0;120;120;216
0;120;120;216
0;120;120;216
0;120;120;220
0;120;120;216
0;120;120;220
0;120;120;216
0;120;120;220
0;120;120;240
0;120;120;220
0;120;120;208
0;120;120;220
0;120;120;216
0;120;120;216
0;120;120;220
0;120;120;220
0;120;120;220
0;120;120;216
0;120;120;216
0;120;120;216
0;120;120;220
0;120;120;212
0;120;120;216
0;120;120;216
0;120;120;220
0;120;120;220
0;120;120;240
0;120;120;220
0;120;120;216
0;120;120;220
0;120;120;216
0;120;120;220
0;120;120;208
0;120;120;216
0;120;120;220
0;120;120;208
0;120;120;220
0;120;120;220
0;120;120;220
0;120;120;212
0;120;120;220
0;120;120;240
0;120;120;220
0;120;120;220
0;120;120;220
0;120;120;240
0;120;120;220
0;120;120;220
0;120;120;220
0;120;120;216
0;120;120;216
0;120;120;216
0;120;120;216
0;120;120;212
0;120;120;220
0;120;120;212
0;120;120;220
0;120;120;220
0;120;120;220
0;120;120;212
0;120;120;240
0;120;120;240
0;120;120;220
0;120;120;216
0;120;120;220
0;120;120;212
0;120;120;208
0;120;120;212
0;120;120;216
0;120;120;220
0;120;120;216
0;120;120;220
0;120;120;220
0;120;120;212
0;120;120;220
0;120;120;220
0;120;120;220
0;120;120;220
0;120;120;220
0;120;120;212
0;120;120;212
0;120;120;220
0;120;120;220
0;120;120;220
0;120;120;220
0;120;120;216
0;120;120;220
0;120;120;220
0;120;120;220
0;120;120;216
0;120;120;216
0;120;120;220
0;120;120;216
0;120;120;212
0;120;120;220
0;120;120;220
0;120;120;220
0;120;120;220
0;120;120;220
0;120;120;220
0;120;120;220
0;120;120;220
0;120;120;220
0;120;120;220
0;120;120;220
0;120;120;216
0;120;120;220
0;120;120;220
0;120;120;220
0;120;120;220
0;120;120;220
0;120;120;220
0;120;120;220
0;120;120;220
0;120;120;220
0;120;120;220
0;120;120;220
0;120;120;212
0;120;120;216
0;120;120;220
0;120;120;216
0;120;120;212
0;120;120;220
0;120;120;220
0;120;120;220
0;120;120;220
0;120;120;212
0;120;120;220
0;120;120;220
0;120;120;220
0;120;120;220
0;120;120;220
0;120;120;220
0;120;120;220
0;120;120;220
0;120;120;216
0;120;120;220
0;120;120;220
0;120;120;220
0;120;120;220
0;120;120;212
0;120;120;220
0;120;120;212
0;120;120;220
0;120;120;220
0;120;120;220
0;120;120;220
0;120;120;220
0;120;120;220
0;120;120;212
0;120;120;212
0;120;120;220
0;120;120;220
0;120;120;216
0;120;120;220
0;120;120;216
0;120;120;212
0;120;120;216
0;120;120;220
0;120;120;220
0;120;120;212
0;120;120;220
0;120;120;220
0;120;120;220
0;120;120;220
0;120;120;220
0;120;120;216
0;120;120;216
0;120;120;220
0;120;120;220
0;120;120;220
0;120;120;220
0;120;120;220
0;120;120;220
0;120;120;220
0;120;120;196
0;120;120;196
0;120;120;196
0;120;120;196
0;120;120;196
0;120;120;188
0;120;120;196
0;120;120;188
0;120;120;196
0;120;120;196
0;120;120;196
0;120;120;188
0;120;120;196
0;120;120;188
0;120;120;196
0;120;120;196
0;120;120;192
0;120;120;192
0;120;120;196
0;120;120;196
0;120;120;188
0;120;120;196
0;120;120;196
0;120;120;196
0;120;120;192
0;120;120;196
0;120;120;192
0;120;120;196
0;120;120;188
0;120;120;196
0;120;120;196
0;120;120;196
0;120;120;196
0;120;120;192
0;120;120;188
0;120;120;196
0;120;120;196
0;120;120;196
0;120;120;192
0;120;120;196
0;120;120;196
0;120;120;196
0;120;120;196
0;120;120;196
0;120;120;196
0;120;120;196
0;120;120;196
0;120;120;196
0;120;120;196
0;120;120;196
0;120;120;196
0;120;120;196
0;120;120;196
0;120;120;188
0;120;120;192
0;120;120;196
0;120;120;196
0;120;120;188
0;120;120;196
0;120;120;192
0;120;120;196
0;120;120;188
0;120;120;196
0;120;120;192
0;120;120;188
0;120;120;196
0;120;120;192
0;120;120;196
0;120;120;196
0;120;120;192
0;120;120;192
0;120;120;196
0;120;120;196
0;120;120;192
0;120;120;196
0;120;120;196
0;120;120;196
0;120;120;196
0;120;120;196
0;120;120;196
0;120;120;192
0;120;120;188
0;120;120;196
0;120;120;196
0;120;120;196
0;120;120;196
0;120;120;196
0;120;120;196
0;120;120;196
0;120;120;196
0;120;120;188
0;120;120;196
0;120;120;188
0;120;120;196
0;120;120;196
0;120;120;196
0;120;120;192
0;120;120;196
0;120;120;196
0;120;120;196
0;120;120;140
0;120;120;140
0;120;120;140
0;120;120;140
0;120;120;140
0;120;120;140
0;120;120;140
0;120;120;140
0;120;120;140
0;120;120;140
0;120;120;140
0;120;120;140
0;120;120;140
0;120;120;140
0;120;120;140
0;120;120;140
0;120;120;140
0;120;120;140
0;120;120;140
0;120;120;140
0;120;120;140
0;120;120;140
0;120;120;140
0;120;120;140
0;120;120;140
0;120;120;140
0;120;120;140
0;120;120;140
0;120;120;140
0;120;120;140
0;120;120;140
0;120;120;140
0;120;120;140
0;120;120;140
0;120;120;140
0;120;120;140
0;120;120;140
0;120;120;140
0;120;120;140
0;120;120;140
0;120;120;140
0;120;120;140
0;120;120;140
0;120;120;140
0;120;120;140
0;120;120;140
0;120;120;140
0;120;120;140
0;120;120;140
0;120;120;140
0;120;120;140
0;120;120;140
0;120;120;140
0;120;120;140
0;120;120;140
0;120;120;140
0;120;120;140
0;120;120;140
0;120;120;140
0;120;120;140
0;120;120;140
0;120;120;140
0;120;120;140
0;120;120;140
0;120;120;140
0;120;120;140
0;120;120;140
0;120;120;140
0;120;120;140
0;120;120;140
0;120;120;140
0;120;120;140
0;120;120;140
0;120;120;140
0;120;120;140
0;120;120;140
0;120;120;140
0;120;120;140
0;120;120;140
0;120;120;140
0;120;120;140
0;120;120;140
0;120;120;140
0;120;120;140
0;120;120;140
0;120;120;140
0;120;120;140
0;120;120;140
0;120;120;140
0;120;120;140
0;120;120;140
0;120;120;140
0;120;120;140
0;120;120;140
0;120;120;140
0;120;120;140
0;120;120;140
0;120;120;140
0;120;120;140
0;120;120;140
0;120;120;232
0;120;120;272
0;120;120;272
0;120;120;236
0;120;120;232
0;120;120;236
0;120;120;272
0;120;120;236
0;120;120;272
0;120;120;236
0;120;120;236
0;120;120;232
0;120;120;272
0;120;120;232
0;120;120;236
0;120;120;236
0;120;120;236
0;120;120;272
0;120;120;232
0;120;120;272
0;120;120;272
0;120;120;236
0;120;120;236
0;120;120;272
0;120;120;272
0;120;120;232
0;120;120;272
0;120;120;236
0;120;120;236
0;120;120;272
0;120;120;232
0;120;120;268
0;120;120;272
0;120;120;232
0;120;120;236
0;120;120;272
0;120;120;272
0;120;120;232
0;120;120;232
0;120;120;272
0;120;120;272
0;120;120;272
0;120;120;272
0;120;120;272
0;120;120;236
0;120;120;272
0;120;120;272
0;120;120;272
0;120;120;232
0;120;120;232
0;120;120;272
0;120;120;268
0;120;120;236
0;120;120;272
0;120;120;236
0;120;120;236
0;120;120;272
0;120;120;272
0;120;120;272
0;120;120;232
0;120;120;236
0;120;120;236
0;120;120;272
0;120;120;232
0;120;120;272
0;120;120;272
0;120;120;236
0;120;120;236
0;120;120;232
0;120;120;236
0;120;120;236
0;120;120;236
0;120;120;236
0;120;120;232
0;120;120;272
0;120;120;236
0;120;120;236
0;120;120;236
0;120;120;236
0;120;120;268
0;120;120;236
0;120;120;272
0;120;120;272
0;120;120;272
0;120;120;236
0;120;120;236
0;120;120;232
0;120;120;272
0;120;120;232
0;120;120;232
0;120;120;272
0;120;120;272
0;120;120;272
0;120;120;272
0;120;120;256
0;120;120;236
0;120;120;272
0;120;120;272
0;120;120;272
0;120;120;272
0;120;160;240
0;120;160;244
0;120;160;244
0;120;160;244
0;120;160;244
0;120;160;244
0;120;160;244
0;120;160;244
0;120;160;244
0;120;160;240
0;120;160;244
0;120;160;212
0;120;160;244
0;120;160;244
0;120;160;212
0;120;160;212
0;120;160;212
0;120;160;212
0;120;160;204
0;120;160;244
0;120;160;244
0;120;160;244
0;120;160;240
0;120;160;244
0;120;160;212
0;120;160;240
0;120;160;244
0;120;160;212
0;120;160;244
0;120;160;212
0;120;160;212
0;120;160;244
0;120;160;212
0;120;160;244
0;120;160;244
0;120;160;244
0;120;160;212
0;120;160;212
0;120;160;212
0;120;160;212
0;120;160;212
0;120;160;208
0;120;160;240
0;120;160;244
0;120;160;244
0;120;160;208
0;120;160;212
0;120;160;212
0;120;160;244
0;120;160;244
0;120;160;244
0;120;160;212
0;120;160;212
0;120;160;240
0;120;160;244
0;120;160;244
0;120;160;212
0;120;160;244
0;120;160;212
0;120;160;212
0;120;160;244
0;120;160;244
0;120;160;232
0;120;160;212
0;120;160;212
0;120;160;244
0;120;160;244
0;120;160;244
0;120;160;240
0;120;160;212
0;120;160;244
0;120;160;244
0;120;160;244
0;120;160;244
0;120;160;240
0;120;160;212
0;120;160;244
0;120;160;212
0;120;160;208
0;120;160;212
0;120;160;244
0;120;160;232
0;120;160;244
0;120;160;244
0;120;160;244
0;120;160;212
0;120;160;244
0;120;160;212
0;120;160;212
0;120;160;212
0;120;160;244
0;120;160;212
0;120;160;244
0;120;160;212
0;120;160;244
0;120;160;244
0;120;160;244
0;120;160;212
0;120;160;212
0;120;160;244
0;120;168;220
0;120;168;220
0;120;168;220
0;120;168;220
0;120;168;220
0;120;168;220
0;120;168;220
0;120;168;248
0;120;168;220
0;120;168;216
0;120;168;220
0;120;168;248
0;120;168;220
0;120;168;220
0;120;168;220
0;120;168;220
0;120;168;248
0;120;168;220
0;120;168;220
0;120;168;220
0;120;168;220
0;120;168;220
0;120;168;220
0;120;168;220
0;120;168;220
0;120;168;220
0;120;168;220
0;120;168;220
0;120;168;220
0;120;168;220
0;120;168;220
0;120;168;220
0;120;168;220
0;120;168;220
0;120;168;220
0;120;168;220
0;120;168;220
0;120;168;220
0;120;168;248
0;120;168;248
0;120;168;220
0;120;168;220
0;120;168;220
0;120;168;220
0;120;168;220
0;120;168;220
0;120;168;220
0;120;168;220
0;120;168;220
0;120;168;220
0;120;168;248
0;120;168;248
0;120;168;220
0;120;168;220
0;120;168;220
0;120;168;220
0;120;168;220
0;120;168;248
0;120;168;220
0;120;168;220
0;120;168;220
0;120;168;220
0;120;168;220
0;120;168;220
0;120;168;220
0;120;168;220
0;120;168;220
0;120;168;220
0;120;168;220
0;120;168;248
0;120;168;220
0;120;168;220
0;120;168;220
0;120;168;220
0;120;168;220
0;120;168;220
0;120;168;220
0;120;168;220
0;120;168;220
0;120;168;220
0;120;168;220
0;120;168;220
0;120;168;248
0;120;168;220
0;120;168;220
0;120;168;220
0;120;168;220
0;120;168;220
0;120;168;220
0;120;168;220
0;120;168;220
0;120;168;220
0;120;168;220
0;120;168;220
0;120;168;220
0;120;168;220
0;120;168;220
0;120;168;248
0;120;168;220
0;120;168;220
0;120;176;228
0;120;176;228
0;120;176;228
0;120;176;228
0;120;176;228
0;120;176;228
0;120;176;228
0;120;176;228
0;120;176;228
0;120;176;228
0;120;176;228
0;120;176;228
0;120;176;228
0;120;176;228
0;120;176;228
0;120;176;228
0;120;176;228
0;120;176;228
0;120;176;228
0;120;176;228
0;120;176;228
0;120;176;228
0;120;176;228
0;120;176;228
0;120;176;228
0;120;176;228
0;120;176;228
0;120;176;228
0;120;176;228
0;120;176;228
0;120;176;228
0;120;176;228
0;120;176;224
0;120;176;228
0;120;176;228
0;120;176;228
0;120;176;228
0;120;176;228
0;120;176;228
0;120;176;228
0;120;176;228
0;120;176;228
0;120;176;228
0;120;176;228
0;120;176;228
0;120;176;228
0;120;176;228
0;120;176;228
0;120;176;228
0;120;176;228
0;120;176;228
0;120;176;228
0;120;176;228
0;120;176;228
0;120;176;228
0;120;176;228
0;120;176;228
0;120;176;228
0;120;176;228
0;120;176;228
0;120;176;228
0;120;176;228
0;120;176;228
0;120;176;228
0;120;176;228
0;120;176;228
0;120;176;228
0;120;176;228
0;120;176;228
0;120;176;228
0;120;176;228
0;120;176;228
0;120;176;228
0;120;176;228
0;120;176;228
0;120;176;228
0;120;176;228
0;120;176;228
0;120;176;228
0;120;176;228
0;120;176;228
0;120;176;228
0;120;176;228
0;120;176;228
0;120;176;228
0;120;176;228
0;120;176;228
0;120;176;228
0;120;176;224
0;120;176;228
0;120;176;228
0;120;176;228
0;120;176;228
0;120;176;228
0;120;176;228
0;120;176;228
0;120;176;228
0;120;176;228
0;120;176;228
0;120;176;228
0;120;160;188
0;120;160;188
0;120;160;188
0;120;160;188
0;120;160;188
0;120;160;188
0;120;160;188
0;120;160;188
0;120;160;188
0;120;160;188
0;120;160;188
0;120;160;188
0;120;160;188
0;120;160;188
0;120;160;188
0;120;160;188
0;120;160;188
0;120;160;188
0;120;160;188
0;120;160;188
0;120;160;188
0;120;160;188
0;120;160;188
0;120;160;188
0;120;160;188
0;120;160;188
0;120;160;188
0;120;160;188
0;120;160;188
0;120;160;188
0;120;160;188
0;120;160;188
0;120;160;188
0;120;160;188
0;120;160;188
0;120;160;188
0;120;160;188
0;120;160;188
0;120;160;188
0;120;160;188
0;120;160;188
0;120;160;188
0;120;160;188
0;120;160;188
0;120;160;188
0;120;160;188
0;120;160;188
0;120;160;188
0;120;160;188
0;120;160;188
0;120;160;188
0;120;160;188
0;120;160;188
0;120;160;188
0;120;160;188
0;120;160;188
0;120;160;188
0;120;160;188
0;120;160;188
0;120;160;188
0;120;160;188
0;120;160;188
0;120;160;188
0;120;160;188
0;120;160;188
0;120;160;188
0;120;160;188
0;120;160;188
0;120;160;188
0;120;160;188
0;120;160;188
0;120;160;188
0;120;160;188
0;120;160;188
0;120;160;188
0;120;160;188
0;120;160;188
0;120;160;188
0;120;160;188
0;120;160;188
0;120;160;188
0;120;160;188
0;120;160;188
0;120;160;188
0;120;160;188
0;120;160;188
0;120;160;188
0;120;160;188
0;120;160;188
0;120;160;188
0;120;160;188
0;120;160;188
0;120;160;188
0;120;160;188
0;120;160;188
0;120;160;188
0;120;160;188
0;120;160;188
0;120;160;188
0;120;160;188
0;120;176;248
0;120;176;308
0;120;176;308
0;120;176;248
0;120;176;308
0;120;176;248
0;120;176;308
0;120;176;248
0;120;176;308
0;120;176;248
0;120;176;308
0;120;176;248
0;120;176;308
0;120;176;248
0;120;176;308
0;120;176;308
0;120;176;308
0;120;176;248
0;120;176;308
0;120;176;248
0;120;176;308
0;120;176;308
0;120;176;248
0;120;176;308
0;120;176;308
0;120;176;248
0;120;176;248
0;120;176;308
0;120;176;308
0;120;176;248
0;120;176;308
0;120;176;248
0;120;176;248
0;120;176;308
0;120;176;248
0;120;176;308
0;120;176;248
0;120;176;308
0;120;176;248
0;120;176;308
0;120;176;248
0;120;176;308
0;120;176;308
0;120;176;248
0;120;176;248
0;120;176;248
0;120;176;248
0;120;176;308
0;120;176;248
0;120;176;308
0;120;176;248
0;120;176;248
0;120;176;248
0;120;176;308
0;120;176;308
0;120;176;308
0;120;176;308
0;120;176;248
0;120;176;308
0;120;176;248
0;120;176;308
0;120;176;248
0;120;176;248
0;120;176;308
0;120;176;248
0;120;176;308
0;120;176;248
0;120;176;308
0;120;176;308
0;120;176;248
0;120;176;248
0;120;176;308
0;120;176;248
0;120;176;248
0;120;176;308
0;120;176;308
0;120;176;248
0;120;176;308
0;120;176;248
0;120;176;248
0;120;176;308
0;120;176;308
0;120;176;308
0;120;176;308
0;120;176;308
0;120;176;248
0;120;176;308
0;120;176;248
0;120;176;308
0;120;176;308
0;120;176;248
0;120;176;248
0;120;176;248
0;120;176;248
0;120;176;308
0;120;176;308
0;120;176;248
0;120;176;308
0;120;176;248
0;120;176;308
0;120;192;260
0;120;192;260
0;120;192;260
0;120;192;260
0;120;192;260
0;120;192;316
0;120;192;260
0;120;192;316
0;120;192;260
0;120;192;316
0;120;192;316
0;120;192;316
0;120;192;316
0;120;192;260
0;120;192;260
0;120;192;260
0;120;192;260
0;120;192;260
0;120;192;260
0;120;192;260
0;120;192;316
0;120;192;260
0;120;192;260
0;120;192;316
0;120;192;316
0;120;192;260
0;120;192;260
0;120;192;260
0;120;192;316
0;120;192;260
0;120;192;260
0;120;192;260
0;120;192;316
0;120;192;316
0;120;192;316
0;120;192;316
0;120;192;316
0;120;192;260
0;120;192;316
0;120;192;316
0;120;192;260
0;120;192;260
0;120;192;260
0;120;192;260
0;120;192;316
0;120;192;316
0;120;192;260
0;120;192;256
0;120;192;316
0;120;192;260
0;120;192;260
0;120;192;316
0;120;192;260
0;120;192;316
0;120;192;316
0;120;192;260
0;120;192;316
0;120;192;316
0;120;192;260
0;120;192;316
0;120;192;260
0;120;192;260
0;120;192;316
0;120;192;316
0;120;192;316
0;120;192;316
0;120;192;316
0;120;192;316
0;120;192;316
0;120;192;260
0;120;192;316
0;120;192;260
0;120;192;260
0;120;192;316
0;120;192;316
0;120;192;316
0;120;192;316
0;120;192;316
0;120;192;316
0;120;192;260
0;120;192;260
0;120;192;316
0;120;192;260
0;120;192;316
0;120;192;260
0;120;192;316
0;120;192;260
0;120;192;260
0;120;192;260
0;120;192;260
0;120;192;316
0;120;192;260
0;120;192;316
0;120;192;316
0;120;192;260
0;120;192;316
0;120;192;316
0;120;192;316
0;120;192;316
0;120;192;316
0;120;216;280
0;120;216;280
0;120;216;280
0;120;216;280
0;120;216;280
0;120;216;280
0;120;216;280
0;120;216;324
0;120;216;280
0;120;216;324
0;120;216;280
0;120;216;324
0;120;216;320
0;120;216;324
0;120;216;324
0;120;216;280
0;120;216;324
0;120;216;280
0;120;216;280
0;120;216;280
0;120;216;324
0;120;216;320
0;120;216;280
0;120;216;280
0;120;216;280
0;120;216;280
0;120;216;280
0;120;216;280
0;120;216;280
0;120;216;280
0;120;216;320
0;120;216;324
0;120;216;324
0;120;216;324
0;120;216;280
0;120;216;320
0;120;216;280
0;120;216;324
0;120;216;280
0;120;216;280
0;120;216;280
0;120;216;320
0;120;216;324
0;120;216;280
0;120;216;280
0;120;216;320
0;120;216;324
0;120;216;320
0;120;216;320
0;120;216;324
0;120;216;320
0;120;216;280
0;120;216;324
0;120;216;324
0;120;216;280
0;120;216;324
0;120;216;324
0;120;216;280
0;120;216;320
0;120;216;324
0;120;216;280
0;120;216;280
0;120;216;324
0;120;216;324
0;120;216;324
0;120;216;280
0;120;216;320
0;120;216;280
0;120;216;324
0;120;216;280
0;120;216;280
0;120;216;280
0;120;216;324
0;120;216;324
0;120;216;280
0;120;216;320
0;120;216;320
0;120;216;320
0;120;216;320
0;120;216;280
0;120;216;320
0;120;216;280
0;120;216;324
0;120;216;280
0;120;216;280
0;120;216;324
0;120;216;280
0;120;216;280
0;120;216;280
0;120;216;280
0;120;216;280
0;120;216;280
0;120;216;320
0;120;216;324
0;120;216;324
0;120;216;324
0;120;216;280
0;120;216;324
0;120;216;280
0;120;216;324
0;120;232;304
0;120;232;304
0;120;232;304
0;120;232;304
0;120;232;304
0;120;232;304
0;120;232;304
0;120;232;304
0;120;232;304
0;120;232;304
0;120;232;304
0;120;232;304
0;120;232;304
0;120;232;304
0;120;232;304
0;120;232;304
0;120;232;304
0;120;232;304
0;120;232;304
0;120;232;304
0;120;232;304
0;120;232;304
0;120;232;304
0;120;232;304
0;120;232;304
0;120;232;304
0;120;232;304
0;120;232;304
0;120;232;304
0;120;232;304
0;120;232;304
0;120;232;304
0;120;232;304
0;120;232;304
0;120;232;304
0;120;232;304
0;120;232;304
0;120;232;304
0;120;232;304
0;120;232;304
0;120;232;304
0;120;232;304
0;120;232;304
0;120;232;304
0;120;232;304
0;120;232;304
0;120;232;304
0;120;232;304
0;120;232;304
0;120;232;304
0;120;232;304
0;120;232;304
0;120;232;304
0;120;232;304
0;120;232;304
0;120;232;304
0;120;232;304
0;120;232;304
0;120;232;304
0;120;232;304
0;120;232;304
0;120;232;304
0;120;232;304
0;120;232;304
0;120;232;304
0;120;232;304
0;120;232;304
0;120;232;304
0;120;232;304
0;120;232;304
0;120;232;304
0;120;232;304
0;120;232;304
0;120;232;304
0;120;232;304
0;120;232;304
0;120;232;304
0;120;232;304
0;120;232;304
0;120;232;304
0;120;232;304
0;120;232;304
0;120;232;304
0;120;232;304
0;120;232;304
0;120;232;304
0;120;232;304
0;120;232;304
0;120;232;304
0;120;232;304
0;120;232;304
0;120;232;304
0;120;232;304
0;120;232;304
0;120;232;304
0;120;232;304
0;120;232;304
0;120;232;304
0;120;232;304
0;120;232;304
0;120;192;292
0;120;192;296
0;120;192;296
0;120;192;296
0;120;192;296
0;120;192;292
0;120;192;292
0;120;192;296
0;120;192;292
0;120;192;296
0;120;192;292
0;120;192;296
0;120;192;296
0;120;192;296
0;120;192;296
0;120;192;296
0;120;192;296
0;120;192;296
0;120;192;292
0;120;192;292
0;120;192;296
0;120;192;292
0;120;192;292
0;120;192;292
0;120;192;292
0;120;192;292
0;120;192;296
0;120;192;292
0;120;192;292
0;120;192;292
0;120;192;292
0;120;192;296
0;120;192;292
0;120;192;296
0;120;192;292
0;120;192;296
0;120;192;292
0;120;192;296
0;120;192;292
0;120;192;296
0;120;192;292
0;120;192;296
0;120;192;296
0;120;192;296
0;120;192;296
0;120;192;296
0;120;192;292
0;120;192;296
0;120;192;292
0;120;192;292
0;120;192;296
0;120;192;292
0;120;192;292
0;120;192;296
0;120;192;296
0;120;192;296
0;120;192;296
0;120;192;296
0;120;192;296
0;120;192;296
0;120;192;292
0;120;192;292
0;120;192;296
0;120;192;296
0;120;192;292
0;120;192;296
0;120;192;292
0;120;192;296
0;120;192;296
0;120;192;292
0;120;192;292
0;120;192;296
0;120;192;296
0;120;192;296
0;120;192;296
0;120;192;296
0;120;192;296
0;120;192;296
0;120;192;292
0;120;192;292
0;120;192;292
0;120;192;292
0;120;192;296
0;120;192;296
0;120;192;292
0;120;192;292
0;120;192;292
0;120;192;296
0;120;192;296
0;120;192;292
0;120;192;296
0;120;192;296
0;120;192;296
0;120;192;292
0;120;192;292
0;120;192;292
0;120;192;292
0;120;192;296
0;120;192;292
0;120;192;292
0;120;224;360
0;120;224;448
0;120;224;352
0;120;224;456
0;120;224;444
0;120;224;448
0;120;224;448
0;120;224;356
0;120;224;444
0;120;224;360
0;120;224;356
0;120;224;444
0;120;224;456
0;120;224;356
0;120;224;352
0;120;224;352
0;120;224;444
0;120;224;448
0;120;224;444
0;120;224;444
0;120;224;444
0;120;224;356
0;120;224;456
0;120;224;444
0;120;224;444
0;120;224;360
0;120;224;352
0;120;224;444
0;120;224;448
0;120;224;356
0;120;224;448
0;120;224;352
0;120;224;444
0;120;224;352
0;120;224;360
0;120;224;444
0;120;224;356
0;120;224;352
0;120;224;444
0;120;224;360
0;120;224;448
0;120;224;444
0;120;224;360
0;120;224;356
0;120;224;448
0;120;224;448
0;120;224;352
0;120;224;360
0;120;224;360
0;120;224;456
0;120;224;356
0;120;224;356
0;120;224;444
0;120;224;444
0;120;224;448
0;120;224;444
0;120;224;356
0;120;224;352
0;120;224;356
0;120;224;444
0;120;224;448
0;120;224;444
0;120;224;444
0;120;224;356
0;120;224;444
0;120;224;456
0;120;224;444
0;120;224;448
0;120;224;356
0;120;224;356
0;120;224;444
0;120;224;356
0;120;224;444
0;120;224;456
0;120;224;444
0;120;224;448
0;120;224;360
0;120;224;456
0;120;224;352
0;120;224;444
0;120;224;444
0;120;224;360
0;120;224;356
0;120;224;444
0;120;224;456
0;120;224;360
0;120;224;444
0;120;224;448
0;120;224;456
0;120;224;444
0;120;224;448
0;120;224;352
0;120;224;360
0;120;224;352
0;120;224;352
0;120;224;356
0;120;224;352
0;120;224;352
0;120;224;444
0;120;224;444
0;120;264;372
0;120;264;464
0;120;264;460
0;120;264;464
0;120;264;368
0;120;264;460
0;120;264;372
0;120;264;372
0;120;264;464
0;120;264;464
0;120;264;372
0;120;264;368
0;120;264;464
0;120;264;368
0;120;264;372
0;120;264;472
0;120;264;460
0;120;264;368
0;120;264;472
0;120;264;460
0;120;264;472
0;120;264;372
0;120;264;464
0;120;264;372
0;120;264;376
0;120;264;368
0;120;264;460
0;120;264;460
0;120;264;376
0;120;264;376
0;120;264;472
0;120;264;372
0;120;264;460
0;120;264;368
0;120;264;472
0;120;264;472
0;120;264;472
0;120;264;376
0;120;264;460
0;120;264;368
0;120;264;372
0;120;264;368
0;120;264;372
0;120;264;472
0;120;264;460
0;120;264;376
0;120;264;368
0;120;264;460
0;120;264;464
0;120;264;464
0;120;264;376
0;120;264;472
0;120;264;460
0;120;264;460
0;120;264;368
0;120;264;368
0;120;264;372
0;120;264;460
0;120;264;372
0;120;264;464
0;120;264;376
0;120;264;368
0;120;264;368
0;120;264;376
0;120;264;376
0;120;264;464
0;120;264;464
0;120;264;464
0;120;264;372
0;120;264;368
0;120;264;460
0;120;264;464
0;120;264;372
0;120;264;372
0;120;264;376
0;120;264;372
0;120;264;368
0;120;264;368
0;120;264;376
0;120;264;368
0;120;264;368
0;120;264;472
0;120;264;368
0;120;264;376
0;120;264;376
0;120;264;472
0;120;264;472
0;120;264;368
0;120;264;376
0;120;264;460
0;120;264;368
0;120;264;372
0;120;264;472
0;120;264;460
0;120;264;472
0;120;264;460
0;120;264;376
0;120;264;460
0;120;264;368
0;120;264;372
0;120;304;480
0;120;304;420
0;120;304;424
0;120;304;476
0;120;304;416
0;120;304;424
0;120;304;480
0;120;304;488
0;120;304;416
0;120;304;416
0;120;304;476
0;120;304;476
0;120;304;416
0;120;304;420
0;120;304;416
0;120;304;420
0;120;304;420
0;120;304;476
0;120;304;476
0;120;304;416
0;120;304;416
0;120;304;476
0;120;304;488
0;120;304;424
0;120;304;416
0;120;304;476
0;120;304;416
0;120;304;416
0;120;304;476
0;120;304;480
0;120;304;424
0;120;304;416
0;120;304;476
0;120;304;476
0;120;304;416
0;120;304;480
0;120;304;480
0;120;304;420
0;120;304;416
0;120;304;488
0;120;304;480
0;120;304;476
0;120;304;480
0;120;304;476
0;120;304;476
0;120;304;424
0;120;304;424
0;120;304;416
0;120;304;476
0;120;304;476
0;120;304;416
0;120;304;416
0;120;304;420
0;120;304;488
0;120;304;488
0;120;304;480
0;120;304;480
0;120;304;416
0;120;304;488
0;120;304;476
0;120;304;480
0;120;304;424
0;120;304;476
0;120;304;476
0;120;304;476
0;120;304;416
0;120;304;488
0;120;304;420
0;120;304;420
0;120;304;488
0;120;304;424
0;120;304;424
0;120;304;420
0;120;304;424
0;120;304;476
0;120;304;424
0;120;304;416
0;120;304;488
0;120;304;480
0;120;304;424
0;120;304;416
0;120;304;416
0;120;304;416
0;120;304;424
0;120;304;476
0;120;304;424
0;120;304;488
0;120;304;488
0;120;304;488
0;120;304;420
0;120;304;416
0;120;304;488
0;120;304;420
0;120;304;476
0;120;304;476
0;120;304;476
0;120;304;424
0;120;304;476
0;120;304;416
0;120;304;416
0;120;336;480
0;120;336;472
0;120;336;476
0;120;336;480
0;120;336;476
0;120;336;476
0;120;336;480
0;120;336;480
0;120;336;480
0;120;336;472
0;120;336;484
0;120;336;476
0;120;336;476
0;120;336;480
0;120;336;476
0;120;336;480
0;120;336;472
0;120;336;484
0;120;336;484
0;120;336;484
0;120;336;480
0;120;336;480
0;120;336;480
0;120;336;484
0;120;336;476
0;120;336;480
0;120;336;484
0;120;336;476
0;120;336;476
0;120;336;476
0;120;336;476
0;120;336;480
0;120;336;476
0;120;336;480
0;120;336;480
0;120;336;484
0;120;336;484
0;120;336;480
0;120;336;480
0;120;336;480
0;120;336;476
0;120;336;476
0;120;336;484
0;120;336;476
0;120;336;476
0;120;336;476
0;120;336;480
0;120;336;476
0;120;336;476
0;120;336;476
0;120;336;480
0;120;336;484
0;120;336;476
0;120;336;480
0;120;336;484
0;120;336;480
0;120;336;476
0;120;336;480
0;120;336;476
0;120;336;476
0;120;336;484
0;120;336;476
0;120;336;476
0;120;336;480
0;120;336;476
0;120;336;476
0;120;336;476
0;120;336;476
0;120;336;476
0;120;336;480
0;120;336;476
0;120;336;480
0;120;336;484
0;120;336;480
0;120;336;476
0;120;336;476
0;120;336;484
0;120;336;476
0;120;336;472
0;120;336;476
0;120;336;484
0;120;336;476
0;120;336;484
0;120;336;480
0;120;336;476
0;120;336;476
0;120;336;476
0;120;336;476
0;120;336;480
0;120;336;476
0;120;336;480
0;120;336;480
0;120;336;476
0;120;336;476
0;120;336;480
0;120;336;476
0;120;336;480
0;120;336;480
0;120;336;480
0;120;336;476
0;120;256;500
0;120;256;500
0;120;256;500
0;120;256;496
0;120;256;500
0;120;256;500
0;120;256;500
0;120;256;496
0;120;256;500
0;120;256;500
0;120;256;500
0;120;256;500
0;120;256;496
0;120;256;500
0;120;256;496
0;120;256;500
0;120;256;500
0;120;256;496
0;120;256;500
0;120;256;500
0;120;256;500
0;120;256;496
0;120;256;500
0;120;256;500
0;120;256;500
0;120;256;500
0;120;256;500
0;120;256;500
0;120;256;500
0;120;256;500
0;120;256;500
0;120;256;500
0;120;256;500
0;120;256;496
0;120;256;500
0;120;256;500
0;120;256;500
0;120;256;500
0;120;256;500
0;120;256;500
0;120;256;500
0;120;256;500
0;120;256;500
0;120;256;500
0;120;256;500
0;120;256;500
0;120;256;496
0;120;256;500
0;120;256;500
0;120;256;500
0;120;256;500
0;120;256;496
0;120;256;500
0;120;256;496
0;120;256;496
0;120;256;500
0;120;256;496
0;120;256;500
0;120;256;500
0;120;256;500
0;120;256;500
0;120;256;500
0;120;256;500
0;120;256;500
0;120;256;500
0;120;256;500
0;120;256;500
0;120;256;500
0;120;256;500
0;120;256;496
0;120;256;500
0;120;256;500
0;120;256;500
0;120;256;500
0;120;256;500
0;120;256;500
0;120;256;500
0;120;256;500
0;120;256;496
0;120;256;500
0;120;256;500
0;120;256;496
0;120;256;500
0;120;256;500
0;120;256;496
0;120;256;500
0;120;256;500
0;120;256;500
0;120;256;500
0;120;256;500
0;120;256;500
0;120;256;500
0;120;256;500
0;120;256;500
0;120;256;496
0;120;256;500
0;120;256;500
0;120;256;500
0;120;256;500
0;120;256;496
0;120;328;580
0;120;328;732
0;120;328;576
0;120;328;744
0;120;328;580
0;120;328;580
0;120;328;580
0;120;328;744
0;120;328;572
0;120;328;580
0;120;328;744
0;120;328;744
0;120;328;744
0;120;328;580
0;120;328;744
0;120;328;744
0;120;328;580
0;120;328;744
0;120;328;732
0;120;328;580
0;120;328;736
0;120;328;744
0;120;328;744
0;120;328;580
0;120;328;732
0;120;328;580
0;120;328;732
0;120;328;580
0;120;328;580
0;120;328;572
0;120;328;576
0;120;328;580
0;120;328;744
0;120;328;580
0;120;328;580
0;120;328;580
0;120;328;580
0;120;328;736
0;120;328;572
0;120;328;736
0;120;328;736
0;120;328;580
0;120;328;744
0;120;328;736
0;120;328;744
0;120;328;744
0;120;328;744
0;120;328;572
0;120;328;744
0;120;328;580
0;120;328;744
0;120;328;580
0;120;328;572
0;120;328;580
0;120;328;744
0;120;328;580
0;120;328;580
0;120;328;736
0;120;328;744
0;120;328;744
0;120;328;580
0;120;328;744
0;120;328;580
0;120;328;580
0;120;328;744
0;120;328;744
0;120;328;580
0;120;328;580
0;120;328;744
0;120;328;580
0;120;328;744
0;120;328;576
0;120;328;732
0;120;328;732
0;120;328;580
0;120;328;580
0;120;328;736
0;120;328;580
0;120;328;572
0;120;328;736
0;120;328;580
0;120;328;744
0;120;328;744
0;120;328;744
0;120;328;744
0;120;328;744
0;120;328;580
0;120;328;744
0;120;328;744
0;120;328;580
0;120;328;736
0;120;328;744
0;120;328;744
0;120;328;572
0;120;328;580
0;120;328;580
0;120;328;580
0;120;328;580
0;120;328;744
0;120;328;744
0;120;408;620
0;120;408;608
0;120;408;780
0;120;408;780
0;120;408;616
0;120;408;780
0;120;408;620
0;120;408;612
0;120;408;620
0;120;408;620
0;120;408;772
0;120;408;784
0;120;408;780
0;120;408;620
0;120;408;612
0;120;408;620
0;120;408;620
0;120;408;768
0;120;408;780
0;120;408;780
0;120;408;780
0;120;408;620
0;120;408;784
0;120;408;616
0;120;408;612
0;120;408;784
0;120;408;768
0;120;408;620
0;120;408;772
0;120;408;620
0;120;408;780
0;120;408;772
0;120;408;780
0;120;408;780
0;120;408;612
0;120;408;620
0;120;408;620
0;120;408;772
0;120;408;784
0;120;408;620
0;120;408;620
0;120;408;612
0;120;408;784
0;120;408;620
0;120;408;612
0;120;408;620
0;120;408;620
0;120;408;780
0;120;408;772
0;120;408;780
0;120;408;780
0;120;408;620
0;120;408;620
0;120;408;620
0;120;408;784
0;120;408;620
0;120;408;612
0;120;408;780
0;120;408;780
0;120;408;620
0;120;408;616
0;120;408;780
0;120;408;620
0;120;408;780
0;120;408;780
0;120;408;620
0;120;408;620
0;120;408;620
0;120;408;772
0;120;408;616
0;120;408;616
0;120;408;616
0;120;408;784
0;120;408;616
0;120;408;612
0;120;408;772
0;120;408;620
0;120;408;620
0;120;408;620
0;120;408;772
0;120;408;784
0;120;408;620
0;120;408;784
0;120;408;784
0;120;408;780
0;120;408;616
0;120;408;780
0;120;408;784
0;120;408;784
0;120;408;768
0;120;408;784
0;120;408;620
0;120;408;780
0;120;408;780
0;120;408;784
0;120;408;780
0;120;408;772
0;120;408;608
0;120;408;620
0;120;408;616
0;120;480;812
0;120;480;812
0;120;480;716
0;120;480;712
0;120;480;812
0;120;480;716
0;120;480;812
0;120;480;812
0;120;480;812
0;120;480;716
0;120;480;812
0;120;480;812
0;120;480;812
0;120;480;800
0;120;480;712
0;120;480;800
0;120;480;708
0;120;480;708
0;120;480;812
0;120;480;812
0;120;480;708
0;120;480;708
0;120;480;800
0;120;480;812
0;120;480;708
0;120;480;716
0;120;480;804
0;120;480;812
0;120;480;812
0;120;480;812
0;120;480;716
0;120;480;812
0;120;480;812
0;120;480;712
0;120;480;716
0;120;480;812
0;120;480;812
0;120;480;800
0;120;480;804
0;120;480;812
0;120;480;812
0;120;480;812
0;120;480;812
0;120;480;716
0;120;480;812
0;120;480;812
0;120;480;716
0;120;480;812
0;120;480;812
0;120;480;812
0;120;480;708
0;120;480;716
0;120;480;716
0;120;480;800
0;120;480;716
0;120;480;812
0;120;480;812
0;120;480;812
0;120;480;804
0;120;480;712
0;120;480;708
0;120;480;804
0;120;480;812
0;120;480;716
0;120;480;812
0;120;480;708
0;120;480;716
0;120;480;812
0;120;480;716
0;120;480;716
0;120;480;804
0;120;480;712
0;120;480;812
0;120;480;812
0;120;480;800
0;120;480;716
0;120;480;812
0;120;480;716
0;120;480;716
0;120;480;716
0;120;480;812
0;120;480;812
0;120;480;812
0;120;480;716
0;120;480;716
0;120;480;812
0;120;480;812
0;120;480;812
0;120;480;812
0;120;480;812
0;120;480;716
0;120;480;716
0;120;480;712
0;120;480;716
0;120;480;812
0;120;480;716
0;120;480;716
0;120;480;716
0;120;480;716
0;120;480;812
0;120;552;824
0;120;552;824
0;120;552;824
0;120;552;824
0;120;552;824
0;120;552;824
0;120;552;824
0;120;552;824
0;120;552;820
0;120;552;820
0;120;552;824
0;120;552;824
0;120;552;824
0;120;552;824
0;120;552;824
0;120;552;824
0;120;552;824
0;120;552;824
0;120;552;824
0;120;552;824
0;120;552;824
0;120;552;820
0;120;552;824
0;120;552;824
0;120;552;824
0;120;552;820
0;120;552;824
0;120;552;824
0;120;552;824
0;120;552;820
0;120;552;824
0;120;552;820
0;120;552;816
0;120;552;820
0;120;552;824
0;120;552;820
0;120;552;824
0;120;552;820
0;120;552;824
0;120;552;824
0;120;552;816
0;120;552;816
0;120;552;816
0;120;552;824
0;120;552;824
0;120;552;824
0;120;552;824
0;120;552;824
0;120;552;824
0;120;552;820
0;120;552;816
0;120;552;820
0;120;552;824
0;120;552;824
0;120;552;824
0;120;552;824
0;120;552;824
0;120;552;824
0;120;552;824
0;120;552;820
0;120;552;824
0;120;552;824
0;120;552;824
0;120;552;824
0;120;552;824
0;120;552;820
0;120;552;824
0;120;552;824
0;120;552;824
0;120;552;816
0;120;552;824
0;120;552;812
0;120;552;824
0;120;552;824
0;120;552;824
0;120;552;824
0;120;552;824
0;120;552;820
0;120;552;820
0;120;552;824
0;120;552;816
0;120;552;824
0;120;552;824
0;120;552;820
0;120;552;824
0;120;552;824
0;120;552;820
0;120;552;824
0;120;552;824
0;120;552;824
0;120;552;820
0;120;552;824
0;120;552;820
0;120;552;824
0;120;552;820
0;120;552;824
0;120;552;820
0;120;552;820
0;120;552;824
0;120;552;824
0;120;384;908
0;120;384;908
0;120;384;908
0;120;384;908
0;120;384;908
0;120;384;908
0;120;384;908
0;120;384;904
0;120;384;904
0;120;384;908
0;120;384;908
0;120;384;908
0;120;384;908
0;120;384;908
0;120;384;908
0;120;384;908
0;120;384;908
0;120;384;908
0;120;384;908
0;120;384;908
0;120;384;908
0;120;384;908
0;120;384;908
0;120;384;908
0;120;384;908
0;120;384;908
0;120;384;908
0;120;384;908
0;120;384;908
0;120;384;908
0;120;384;908
0;120;384;908
0;120;384;908
0;120;384;908
0;120;384;908
0;120;384;908
0;120;384;908
0;120;384;908
0;120;384;908
0;120;384;908
0;120;384;908
0;120;384;908
0;120;384;908
0;120;384;908
0;120;384;908
0;120;384;908
0;120;384;908
0;120;384;908
0;120;384;908
0;120;384;908
0;120;384;908
0;120;384;908
0;120;384;908
0;120;384;908
0;120;384;908
0;120;384;908
0;120;384;908
0;120;384;908
0;120;384;908
0;120;384;908
0;120;384;908
0;120;384;908
0;120;384;908
0;120;384;908
0;120;384;908
0;120;384;908
0;120;384;908
0;120;384;908
0;120;384;908
0;120;384;908
0;120;384;908
0;120;384;908
0;120;384;908
0;120;384;908
0;120;384;908
0;120;384;908
0;120;384;908
0;120;384;908
0;120;384;908
0;120;384;908
0;120;384;908
0;120;384;908
0;120;384;908
0;120;384;908
0;120;384;908
0;120;384;908
0;120;384;908
0;120;384;908
0;120;384;908
0;120;384;908
0;120;384;908
0;120;384;908
0;120;384;908
0;120;384;908
0;120;384;908
0;120;384;908
0;120;384;908
0;120;384;908
0;120;384;908
0;120;384;908
0;120;536;1028
0;120;536;1028
0;120;536;1328
0;120;536;1328
0;120;536;1328
0;120;536;1028
0;120;536;1028
0;120;536;1328
0;120;536;1028
0;120;536;1028
0;120;536;1028
0;120;536;1028
0;120;536;1028
0;120;536;1028
0;120;536;1328
0;120;536;1028
0;120;536;1028
0;120;536;1028
0;120;536;1328
0;120;536;1328
0;120;536;1028
0;120;536;1028
0;120;536;1028
0;120;536;1028
0;120;536;1328
0;120;536;1028
0;120;536;1328
0;120;536;1028
0;120;536;1328
0;120;536;1312
0;120;536;1028
0;120;536;1328
0;120;536;1328
0;120;536;1328
0;120;536;1028
0;120;536;1028
0;120;536;1028
0;120;536;1028
0;120;536;1028
0;120;536;1324
0;120;536;1328
0;120;536;1028
0;120;536;1028
0;120;536;1328
0;120;536;1328
0;120;536;1028
0;120;536;1328
0;120;536;1328
0;120;536;1328
0;120;536;1028
0;120;536;1028
0;120;536;1028
0;120;536;1328
0;120;536;1328
0;120;536;1028
0;120;536;1028
0;120;536;1028
0;120;536;1328
0;120;536;1328
0;120;536;1328
0;120;536;1028
0;120;536;1328
0;120;536;1028
0;120;536;1328
0;120;536;1328
0;120;536;1028
0;120;536;1324
0;120;536;1028
0;120;536;1028
0;120;536;1328
0;120;536;1328
0;120;536;1028
0;120;536;1024
0;120;536;1328
0;120;536;1028
0;120;536;1028
0;120;536;1328
0;120;536;1328
0;120;536;1328
0;120;536;1028
0;120;536;1024
0;120;536;1028
0;120;536;1328
0;120;536;1028
0;120;536;1028
0;120;536;1028
0;120;536;1328
0;120;536;1328
0;120;536;1328
0;120;536;1328
0;120;536;1028
0;120;536;1328
0;120;536;1328
0;120;536;1028
0;120;536;1028
0;120;536;1328
0;120;536;1028
0;120;536;1028
0;120;536;1312
0;120;536;1328
0;120;688;1096
0;120;688;1392
0;120;688;1396
0;120;688;1396
0;120;688;1096
0;120;688;1096
0;120;688;1096
0;120;688;1096
0;120;688;1096
0;120;688;1396
0;120;688;1096
0;120;688;1396
0;120;688;1396
0;120;688;1392
0;120;688;1096
0;120;688;1096
0;120;688;1392
0;120;688;1096
0;120;688;1092
0;120;688;1096
0;120;688;1396
0;120;688;1396
0;120;688;1396
0;120;688;1096
0;120;688;1392
0;120;688;1096
0;120;688;1096
0;120;688;1096
0;120;688;1396
0;120;688;1392
0;120;688;1396
0;120;688;1096
0;120;688;1096
0;120;688;1396
0;120;688;1392
0;120;688;1396
0;120;688;1396
0;120;688;1396
0;120;688;1096
0;120;688;1096
0;120;688;1396
0;120;688;1392
0;120;688;1096
0;120;688;1096
0;120;688;1392
0;120;688;1096
0;120;688;1096
0;120;688;1096
0;120;688;1096
0;120;688;1096
0;120;688;1396
0;120;688;1092
0;120;688;1096
0;120;688;1096
0;120;688;1096
0;120;688;1396
0;120;688;1096
0;120;688;1096
0;120;688;1096
0;120;688;1096
0;120;688;1396
0;120;688;1396
0;120;688;1396
0;120;688;1396
0;120;688;1396
0;120;688;1096
0;120;688;1096
0;120;688;1096
0;120;688;1096
0;120;688;1096
0;120;688;1096
0;120;688;1096
0;120;688;1396
0;120;688;1096
0;120;688;1096
0;120;688;1396
0;120;688;1396
0;120;688;1096
0;120;688;1096
0;120;688;1392
0;120;688;1392
0;120;688;1096
0;120;688;1396
0;120;688;1396
0;120;688;1392
0;120;688;1096
0;120;688;1096
0;120;688;1396
0;120;688;1096
0;120;688;1096
0;120;688;1092
0;120;688;1396
0;120;688;1096
0;120;688;1396
0;120;688;1396
0;120;688;1396
0;120;688;1096
0;120;688;1096
0;120;688;1096
0;120;688;1096
0;120;832;1300
0;120;832;1460
0;120;832;1460
0;120;832;1460
0;120;832;1460
0;120;832;1460
0;120;832;1300
0;120;832;1460
0;120;832;1460
0;120;832;1300
0;120;832;1460
0;120;832;1300
0;120;832;1460
0;120;832;1300
0;120;832;1300
0;120;832;1300
0;120;832;1296
0;120;832;1460
0;120;832;1460
0;120;832;1464
0;120;832;1460
0;120;832;1300
0;120;832;1300
0;120;832;1300
0;120;832;1300
0;120;832;1452
0;120;832;1464
0;120;832;1300
0;120;832;1460
0;120;832;1464
0;120;832;1460
0;120;832;1300
0;120;832;1300
0;120;832;1300
0;120;832;1300
0;120;832;1300
0;120;832;1300
0;120;832;1464
0;120;832;1464
0;120;832;1460
0;120;832;1300
0;120;832;1300
0;120;832;1300
0;120;832;1460
0;120;832;1300
0;120;832;1300
0;120;832;1464
0;120;832;1464
0;120;832;1464
0;120;832;1460
0;120;832;1460
0;120;832;1300
0;120;832;1464
0;120;832;1464
0;120;832;1460
0;120;832;1300
0;120;832;1300
0;120;832;1460
0;120;832;1460
0;120;832;1300
0;120;832;1460
0;120;832;1300
0;120;832;1460
0;120;832;1300
0;120;832;1300
0;120;832;1460
0;120;832;1300
0;120;832;1460
0;120;832;1300
0;120;832;1300
0;120;832;1460
0;120;832;1300
0;120;832;1300
0;120;832;1464
0;120;832;1300
0;120;832;1300
0;120;832;1300
0;120;832;1300
0;120;832;1300
0;120;832;1300
0;120;832;1464
0;120;832;1464
0;120;832;1300
0;120;832;1460
0;120;832;1300
0;120;832;1460
0;120;832;1464
0;120;832;1460
0;120;832;1460
0;120;832;1300
0;120;832;1464
0;120;832;1460
0;120;832;1460
0;120;832;1460
0;120;832;1460
0;120;832;1460
0;120;832;1460
0;120;832;1300
0;120;832;1300
0;120;832;1464
0;120;984;1504
0;120;984;1504
0;120;984;1504
0;120;984;1504
0;120;984;1504
0;120;984;1504
0;120;984;1504
0;120;984;1504
0;120;984;1504
0;120;984;1504
0;120;984;1504
0;120;984;1504
0;120;984;1504
0;120;984;1504
0;120;984;1504
0;120;984;1504
0;120;984;1504
0;120;984;1504
0;120;984;1504
0;120;984;1504
0;120;984;1504
0;120;984;1504
0;120;984;1504
0;120;984;1504
0;120;984;1504
0;120;984;1504
0;120;984;1504
0;120;984;1504
0;120;984;1504
0;120;984;1504
0;120;984;1504
0;120;984;1504
0;120;984;1504
0;120;984;1504
0;120;984;1504
0;120;984;1504
0;120;984;1504
0;120;984;1504
0;120;984;1504
0;120;984;1504
0;120;984;1504
0;120;984;1504
0;120;984;1504
0;120;984;1504
0;120;984;1504
0;120;984;1504
0;120;984;1504
0;120;984;1504
0;120;984;1504
0;120;984;1504
0;120;984;1496
0;120;984;1504
0;120;984;1504
0;120;984;1504
0;120;984;1504
0;120;984;1504
0;120;984;1504
0;120;984;1504
0;120;984;1504
0;120;984;1504
0;120;984;1504
0;120;984;1504
0;120;984;1504
0;120;984;1504
0;120;984;1504
0;120;984;1504
0;120;984;1504
0;120;984;1504
0;120;984;1504
0;120;984;1504
0;120;984;1504
0;120;984;1504
0;120;984;1504
0;120;984;1504
0;120;984;1504
0;120;984;1504
0;120;984;1504
0;120;984;1504
0;120;984;1504
0;120;984;1504
0;120;984;1504
0;120;984;1504
0;120;984;1504
0;120;984;1504
0;120;984;1504
0;120;984;1504
0;120;984;1504
0;120;984;1504
0;120;984;1504
0;120;984;1504
0;120;984;1504
0;120;984;1504
0;120;984;1504
0;120;984;1504
0;120;984;1504
0;120;984;1504
0;120;984;1504
0;120;984;1504
0;120;984;1504
0;120;984;1504
0;120;640;1724
0;120;640;1724
0;120;640;1724
0;120;640;1724
0;120;640;1724
0;120;640;1724
0;120;640;1724
0;120;640;1724
0;120;640;1724
0;120;640;1724
0;120;640;1724
0;120;640;1724
0;120;640;1724
0;120;640;1724
0;120;640;1724
0;120;640;1724
0;120;640;1724
0;120;640;1724
0;120;640;1724
0;120;640;1724
0;120;640;1724
0;120;640;1724
0;120;640;1724
0;120;640;1724
0;120;640;1724
0;120;640;1724
0;120;640;1724
0;120;640;1724
0;120;640;1724
0;120;640;1724
0;120;640;1724
0;120;640;1724
0;120;640;1724
0;120;640;1724
0;120;640;1724
0;120;640;1724
0;120;640;1724
0;120;640;1724
0;120;640;1724
0;120;640;1724
0;120;640;1724
0;120;640;1724
0;120;640;1724
0;120;640;1724
0;120;640;1724
0;120;640;1724
0;120;640;1724
0;120;640;1724
0;120;640;1724
0;120;640;1724
0;120;640;1724
0;120;640;1724
0;120;640;1724
0;120;640;1724
0;120;640;1724
0;120;640;1724
0;120;640;1724
0;120;640;1724
0;120;640;1724
0;120;640;1724
0;120;640;1724
0;120;640;1724
0;120;640;1724
0;120;640;1724
0;120;640;1724
0;120;640;1724
0;120;640;1724
0;120;640;1724
0;120;640;1724
0;120;640;1724
0;120;640;1724
0;120;640;1724
0;120;640;1724
0;120;640;1724
0;120;640;1724
0;120;640;1724
0;120;640;1724
0;120;640;1724
0;120;640;1724
0;120;640;1724
0;120;640;1724
0;120;640;1724
0;120;640;1724
0;120;640;1724
0;120;640;1724
0;120;640;1724
0;120;640;1724
0;120;640;1724
0;120;640;1724
0;120;640;1724
0;120;640;1724
0;120;640;1724
0;120;640;1724
0;120;640;1724
0;120;640;1724
0;120;640;1724
0;120;640;1724
0;120;640;1724
0;120;640;1724
0;120;640;1724
0;120;944;2484
0;120;944;2484
0;120;944;1912
0;120;944;2484
0;120;944;2484
0;120;944;2484
0;120;944;2484
0;120;944;1912
0;120;944;1912
0;120;944;2484
0;120;944;2484
0;120;944;2484
0;120;944;2484
0;120;944;2484
0;120;944;2484
0;120;944;1912
0;120;944;1912
0;120;944;1912
0;120;944;1912
0;120;944;2484
0;120;944;2484
0;120;944;2484
0;120;944;2484
0;120;944;2484
0;120;944;1912
0;120;944;1912
0;120;944;2484
0;120;944;2484
0;120;944;2484
0;120;944;2484
0;120;944;2484
0;120;944;2484
0;120;944;1912
0;120;944;1912
0;120;944;2484
0;120;944;2484
0;120;944;2484
0;120;944;1912
0;120;944;2484
0;120;944;2484
0;120;944;2484
0;120;944;2484
0;120;944;2484
0;120;944;2484
0;120;944;2484
0;120;944;1912
0;120;944;1912
0;120;944;1912
0;120;944;2484
0;120;944;1912
0;120;944;2484
0;120;944;2484
0;120;944;1912
0;120;944;1912
0;120;944;2484
0;120;944;2484
0;120;944;2484
0;120;944;1912
0;120;944;1912
0;120;944;2484
0;120;944;1912
0;120;944;2484
0;120;944;1912
0;120;944;2484
0;120;944;1912
0;120;944;2484
0;120;944;1912
0;120;944;2484
0;120;944;1912
0;120;944;2484
0;120;944;1912
0;120;944;1912
0;120;944;1912
0;120;944;1912
0;120;944;1912
0;120;944;1912
0;120;944;1912
0;120;944;1912
0;120;944;2484
0;120;944;2484
0;120;944;2484
0;120;944;1912
0;120;944;1912
0;120;944;1912
0;120;944;1912
0;120;944;2484
0;120;944;1912
0;120;944;1912
0;120;944;2484
0;120;944;2484
0;120;944;1912
0;120;944;2484
0;120;944;2484
0;120;944;2484
0;120;944;1912
0;120;944;2484
0;120;944;2484
0;120;944;2484
0;120;944;2484
0;120;944;1912
0;120;1248;2048
0;120;1248;2048
0;120;1248;2048
0;120;1248;2048
0;120;1248;2620
0;120;1248;2048
0;120;1248;2620
0;120;1248;2048
0;120;1248;2620
0;120;1248;2620
0;120;1248;2620
0;120;1248;2048
0;120;1248;2048
0;120;1248;2048
0;120;1248;2048
0;120;1248;2048
0;120;1248;2048
0;120;1248;2620
0;120;1248;2620
0;120;1248;2048
0;120;1248;2620
0;120;1248;2620
0;120;1248;2048
0;120;1248;2620
0;120;1248;2620
0;120;1248;2620
0;120;1248;2048
0;120;1248;2048
0;120;1248;2048
0;120;1248;2620
0;120;1248;2620
0;120;1248;2048
0;120;1248;2620
0;120;1248;2048
0;120;1248;2620
0;120;1248;2048
0;120;1248;2620
0;120;1248;2048
0;120;1248;2048
0;120;1248;2620
0;120;1248;2620
0;120;1248;2620
0;120;1248;2620
0;120;1248;2048
0;120;1248;2620
0;120;1248;2620
0;120;1248;2620
0;120;1248;2620
0;120;1248;2620
0;120;1248;2620
0;120;1248;2620
0;120;1248;2048
0;120;1248;2048
0;120;1248;2048
0;120;1248;2048
0;120;1248;2048
0;120;1248;2620
0;120;1248;2620
0;120;1248;2048
0;120;1248;2620
0;120;1248;2620
0;120;1248;2048
0;120;1248;2620
0;120;1248;2048
0;120;1248;2620
0;120;1248;2048
0;120;1248;2620
0;120;1248;2620
0;120;1248;2620
0;120;1248;2620
0;120;1248;2048
0;120;1248;2048
0;120;1248;2048
0;120;1248;2620
0;120;1248;2048
0;120;1248;2620
0;120;1248;2048
0;120;1248;2048
0;120;1248;2620
0;120;1248;2048
0;120;1248;2048
0;120;1248;2048
0;120;1248;2048
0;120;1248;2048
0;120;1248;2048
0;120;1248;2048
0;120;1248;2048
0;120;1248;2620
0;120;1248;2048
0;120;1248;2620
0;120;1248;2048
0;120;1248;2620
0;120;1248;2620
0;120;1248;2620
0;120;1248;2048
0;120;1248;2048
0;120;1248;2620
0;120;1248;2048
0;120;1248;2048
0;120;1248;2620
0;120;1544;2756
0;120;1544;2756
0;120;1544;2456
0;120;1544;2456
0;120;1544;2456
0;120;1544;2456
0;120;1544;2456
0;120;1544;2756
0;120;1544;2752
0;120;1544;2752
0;120;1544;2756
0;120;1544;2756
0;120;1544;2756
0;120;1544;2456
0;120;1544;2456
0;120;1544;2756
0;120;1544;2756
0;120;1544;2752
0;120;1544;2756
0;120;1544;2456
0;120;1544;2756
0;120;1544;2456
0;120;1544;2456
0;120;1544;2756
0;120;1544;2456
0;120;1544;2456
0;120;1544;2456
0;120;1544;2752
0;120;1544;2456
0;120;1544;2456
0;120;1544;2756
0;120;1544;2756
0;120;1544;2752
0;120;1544;2752
0;120;1544;2756
0;120;1544;2756
0;120;1544;2756
0;120;1544;2456
0;120;1544;2456
0;120;1544;2456
0;120;1544;2756
0;120;1544;2456
0;120;1544;2456
0;120;1544;2756
0;120;1544;2756
0;120;1544;2456
0;120;1544;2756
0;120;1544;2756
0;120;1544;2456
0;120;1544;2456
0;120;1544;2456
0;120;1544;2752
0;120;1544;2752
0;120;1544;2456
0;120;1544;2756
0;120;1544;2456
0;120;1544;2456
0;120;1544;2756
0;120;1544;2756
0;120;1544;2456
0;120;1544;2756
0;120;1544;2756
0;120;1544;2756
0;120;1544;2456
0;120;1544;2456
0;120;1544;2456
0;120;1544;2752
0;120;1544;2756
0;120;1544;2456
0;120;1544;2456
0;120;1544;2456
0;120;1544;2456
0;120;1544;2456
0;120;1544;2752
0;120;1544;2756
0;120;1544;2752
0;120;1544;2756
0;120;1544;2756
0;120;1544;2756
0;120;1544;2456
0;120;1544;2756
0;120;1544;2752
0;120;1544;2756
0;120;1544;2456
0;120;1544;2456
0;120;1544;2456
0;120;1544;2456
0;120;1544;2456
0;120;1544;2456
0;120;1544;2756
0;120;1544;2456
0;120;1544;2456
0;120;1544;2756
0;120;1544;2456
0;120;1544;2456
0;120;1544;2456
0;120;1544;2756
0;120;1544;2756
0;120;1544;2456
0;120;1544;2456
0;120;1848;2864
0;120;1848;2864
0;120;1848;2864
0;120;1848;2864
0;120;1848;2864
0;120;1848;2864
0;120;1848;2864
0;120;1848;2864
0;120;1848;2864
0;120;1848;2864
0;120;1848;2864
0;120;1848;2864
0;120;1848;2864
0;120;1848;2864
0;120;1848;2864
0;120;1848;2864
0;120;1848;2864
0;120;1848;2864
0;120;1848;2864
0;120;1848;2864
0;120;1848;2864
0;120;1848;2864
0;120;1848;2864
0;120;1848;2864
0;120;1848;2864
0;120;1848;2864
0;120;1848;2864
0;120;1848;2864
0;120;1848;2864
0;120;1848;2864
0;120;1848;2864
0;120;1848;2864
0;120;1848;2864
0;120;1848;2864
0;120;1848;2864
0;120;1848;2864
0;120;1848;2864
0;120;1848;2864
0;120;1848;2864
0;120;1848;2864
0;120;1848;2864
0;120;1848;2864
0;120;1848;2864
0;120;1848;2864
0;120;1848;2864
0;120;1848;2864
0;120;1848;2864
0;120;1848;2864
0;120;1848;2864
0;120;1848;2864
0;120;1848;2864
0;120;1848;2864
0;120;1848;2864
0;120;1848;2864
0;120;1848;2864
0;120;1848;2864
0;120;1848;2864
0;120;1848;2864
0;120;1848;2864
0;120;1848;2864
0;120;1848;2864
0;120;1848;2864
0;120;1848;2864
0;120;1848;2864
0;120;1848;2864
0;120;1848;2864
0;120;1848;2864
0;120;1848;2864
0;120;1848;2864
0;120;1848;2864
0;120;1848;2864
0;120;1848;2864
0;120;1848;2864
0;120;1848;2864
0;120;1848;2864
0;120;1848;2864
0;120;1848;2864
0;120;1848;2864
0;120;1848;2864
0;120;1848;2864
0;120;1848;2864
0;120;1848;2864
0;120;1848;2864
0;120;1848;2864
0;120;1848;2864
0;120;1848;2864
0;120;1848;2864
0;120;1848;2864
0;120;1848;2864
0;120;1848;2864
0;120;1848;2864
0;120;1848;2864
0;120;1848;2864
0;120;1848;2864
0;120;1848;2864
0;120;1848;2864
0;120;1848;2864
0;120;1848;2864
0;120;1848;2864
0;120;1848;2864
0;120;1160;3364
0;120;1160;3368
0;120;1160;3364
0;120;1160;3364
0;120;1160;3364
0;120;1160;3368
0;120;1160;3364
0;120;1160;3364
0;120;1160;3368
0;120;1160;3364
0;120;1160;3368
0;120;1160;3368
0;120;1160;3368
0;120;1160;3364
0;120;1160;3368
0;120;1160;3368
0;120;1160;3368
0;120;1160;3368
0;120;1160;3368
0;120;1160;3364
0;120;1160;3368
0;120;1160;3368
0;120;1160;3368
0;120;1160;3368
0;120;1160;3368
0;120;1160;3364
0;120;1160;3364
0;120;1160;3368
0;120;1160;3364
0;120;1160;3368
0;120;1160;3364
0;120;1160;3368
0;120;1160;3364
0;120;1160;3364
0;120;1160;3368
0;120;1160;3364
0;120;1160;3364
0;120;1160;3368
0;120;1160;3368
0;120;1160;3368
0;120;1160;3368
0;120;1160;3364
0;120;1160;3364
0;120;1160;3368
0;120;1160;3368
0;120;1160;3368
0;120;1160;3364
0;120;1160;3364
0;120;1160;3364
0;120;1160;3368
0;120;1160;3364
0;120;1160;3364
0;120;1160;3364
0;120;1160;3364
0;120;1160;3364
0;120;1160;3368
0;120;1160;3364
0;120;1160;3364
0;120;1160;3368
0;120;1160;3364
0;120;1160;3368
0;120;1160;3368
0;120;1160;3364
0;120;1160;3368
0;120;1160;3364
0;120;1160;3364
0;120;1160;3368
0;120;1160;3368
0;120;1160;3368
0;120;1160;3368
0;120;1160;3364
0;120;1160;3368
0;120;1160;3368
0;120;1160;3364
0;120;1160;3368
0;120;1160;3364
0;120;1160;3364
0;120;1160;3368
0;120;1160;3364
0;120;1160;3364
0;120;1160;3364
0;120;1160;3364
0;120;1160;3368
0;120;1160;3364
0;120;1160;3364
0;120;1160;3368
0;120;1160;3368
0;120;1160;3368
0;120;1160;3368
0;120;1160;3364
0;120;1160;3364
0;120;1160;3368
0;120;1160;3364
0;120;1160;3364
0;120;1160;3364
0;120;1160;3368
0;120;1160;3368
0;120;1160;3368
0;120;1160;3368
0;120;1160;3364
0;120;1768;4808
0;120;1768;4808
0;120;1768;4800
0;120;1768;4808
0;120;1768;4800
0;120;1768;3680
0;120;1768;3684
0;120;1768;4800
0;120;1768;3680
0;120;1768;3688
0;120;1768;4808
0;120;1768;4800
0;120;1768;4808
0;120;1768;4796
0;120;1768;4796
0;120;1768;3680
0;120;1768;3680
0;120;1768;3680
0;120;1768;3688
0;120;1768;3688
0;120;1768;3688
0;120;1768;4808
0;120;1768;4796
0;120;1768;3680
0;120;1768;4800
0;120;1768;4796
0;120;1768;3684
0;120;1768;4800
0;120;1768;3680
0;120;1768;3680
0;120;1768;4808
0;120;1768;3688
0;120;1768;4808
0;120;1768;4796
0;120;1768;3688
0;120;1768;4796
0;120;1768;3684
0;120;1768;4796
0;120;1768;3684
0;120;1768;4796
0;120;1768;4796
0;120;1768;3680
0;120;1768;3688
0;120;1768;4808
0;120;1768;4796
0;120;1768;3688
0;120;1768;4796
0;120;1768;4796
0;120;1768;4800
0;120;1768;3684
0;120;1768;3680
0;120;1768;4796
0;120;1768;3680
0;120;1768;3680
0;120;1768;3680
0;120;1768;3680
0;120;1768;4796
0;120;1768;4808
0;120;1768;4800
0;120;1768;4796
0;120;1768;3680
0;120;1768;4800
0;120;1768;4796
0;120;1768;3688
0;120;1768;4808
0;120;1768;4796
0;120;1768;3684
0;120;1768;4796
0;120;1768;4800
0;120;1768;3680
0;120;1768;4800
0;120;1768;3680
0;120;1768;4796
0;120;1768;3688
0;120;1768;3680
0;120;1768;4796
0;120;1768;3684
0;120;1768;3680
0;120;1768;3688
0;120;1768;3684
0;120;1768;4796
0;120;1768;4796
0;120;1768;3680
0;120;1768;3680
0;120;1768;4808
0;120;1768;4800
0;120;1768;4796
0;120;1768;3688
0;120;1768;4796
0;120;1768;4796
0;120;1768;4796
0;120;1768;3684
0;120;1768;4796
0;120;1768;3688
0;120;1768;4808
0;120;1768;3684
0;120;1768;4808
0;120;1768;3688
0;120;1768;3680
0;120;1768;3680
0;120;2368;5100
0;120;2368;3952
0;120;2368;5072
0;120;2368;5080
0;120;2368;5080
0;120;2368;3956
0;120;2368;5068
0;120;2368;3952
0;120;2368;3952
0;120;2368;3956
0;120;2368;3952
0;120;2368;3960
0;120;2368;5068
0;120;2368;3960
0;120;2368;3952
0;120;2368;3952
0;120;2368;3952
0;120;2368;3956
0;120;2368;5080
0;120;2368;5068
0;120;2368;3960
0;120;2368;5072
0;120;2368;5080
0;120;2368;5068
0;120;2368;3960
0;120;2368;3952
0;120;2368;5068
0;120;2368;3956
0;120;2368;5072
0;120;2368;5072
0;120;2368;3956
0;120;2368;5068
0;120;2368;5068
0;120;2368;5080
0;120;2368;3960
0;120;2368;3952
0;120;2368;3960
0;120;2368;5080
0;120;2368;5068
0;120;2368;3956
0;120;2368;3960
0;120;2368;5072
0;120;2368;3952
0;120;2368;3952
0;120;2368;5068
0;120;2368;3956
0;120;2368;3956
0;120;2368;5068
0;120;2368;5072
0;120;2368;5068
0;120;2368;5080
0;120;2368;5068
0;120;2368;3960
0;120;2368;3960
0;120;2368;3952
0;120;2368;5080
0;120;2368;3952
0;120;2368;3956
0;120;2368;5080
0;120;2368;3956
0;120;2368;5080
0;120;2368;5068
0;120;2368;5072
0;120;2368;3952
0;120;2368;5080
0;120;2368;3956
0;120;2368;3960
0;120;2368;5068
0;120;2368;3952
0;120;2368;3960
0;120;2368;3956
0;120;2368;3952
0;120;2368;5068
0;120;2368;3952
0;120;2368;5068
0;120;2368;5072
0;120;2368;5068
0;120;2368;3952
0;120;2368;5068
0;120;2368;3956
0;120;2368;5068
0;120;2368;3956
0;120;2368;5068
0;120;2368;5068
0;120;2368;5068
0;120;2368;5068
0;120;2368;3952
0;120;2368;5068
0;120;2368;5068
0;120;2368;3952
0;120;2368;3952
0;120;2368;3952
0;120;2368;5068
0;120;2368;3952
0;120;2368;5072
0;120;2368;5080
0;120;2368;3952
0;120;2368;5080
0;120;2368;5068
0;120;2368;5072
0;120;2968;5340
0;120;2968;5344
0;120;2968;4776
0;120;2968;4768
0;120;2968;5352
0;120;2968;5352
0;120;2968;4776
0;120;2968;4768
0;120;2968;4772
0;120;2968;5352
0;120;2968;5340
0;120;2968;5340
0;120;2968;4768
0;120;2968;5344
0;120;2968;4776
0;120;2968;5352
0;120;2968;4768
0;120;2968;5340
0;120;2968;4768
0;120;2968;4776
0;120;2968;5344
0;120;2968;4772
0;120;2968;5336
0;120;2968;4768
0;120;2968;4768
0;120;2968;4776
0;120;2968;4768
0;120;2968;5340
0;120;2968;4768
0;120;2968;4772
0;120;2968;5344
0;120;2968;5340
0;120;2968;5344
0;120;2968;5344
0;120;2968;5344
0;120;2968;4768
0;120;2968;5336
0;120;2968;5352
0;120;2968;4768
0;120;2968;4768
0;120;2968;5340
0;120;2968;5340
0;120;2968;4776
0;120;2968;4768
0;120;2968;5352
0;120;2968;4768
0;120;2968;4772
0;120;2968;4776
0;120;2968;4768
0;120;2968;5340
0;120;2968;4776
0;120;2968;4772
0;120;2968;4776
0;120;2968;4772
0;120;2968;5344
0;120;2968;4772
0;120;2968;5352
0;120;2968;5344
0;120;2968;4772
0;120;2968;4772
0;120;2968;4768
0;120;2968;4772
0;120;2968;5340
0;120;2968;5340
0;120;2968;4776
0;120;2968;5344
0;120;2968;4768
0;120;2968;4768
0;120;2968;4772
0;120;2968;4772
0;120;2968;4768
0;120;2968;5344
0;120;2968;4776
0;120;2968;4768
0;120;2968;4772
0;120;2968;5344
0;120;2968;4768
0;120;2968;4768
0;120;2968;4768
0;120;2968;4772
0;120;2968;4772
0;120;2968;5344
0;120;2968;4768
0;120;2968;4768
0;120;2968;4768
0;120;2968;4776
0;120;2968;4772
0;120;2968;5340
0;120;2968;5344
0;120;2968;4768
0;120;2968;4772
0;120;2968;5344
0;120;2968;5340
0;120;2968;5340
0;120;2968;4772
0;120;2968;5340
0;120;2968;5340
0;120;2968;4768
0;120;2968;4768
0;120;2968;4768
0;120;3576;5596
0;120;3576;5604
0;120;3576;5592
0;120;3576;5596
0;120;3576;5600
0;120;3576;5600
0;120;3576;5604
0;120;3576;5596
0;120;3576;5596
0;120;3576;5596
0;120;3576;5596
0;120;3576;5604
0;120;3576;5596
0;120;3576;5604
0;120;3576;5596
0;120;3576;5596
0;120;3576;5596
0;120;3576;5596
0;120;3576;5604
0;120;3576;5596
0;120;3576;5600
0;120;3576;5596
0;120;3576;5600
0;120;3576;5600
0;120;3576;5596
0;120;3576;5600
0;120;3576;5596
0;120;3576;5596
0;120;3576;5596
0;120;3576;5596
0;120;3576;5596
0;120;3576;5596
0;120;3576;5596
0;120;3576;5596
0;120;3576;5604
0;120;3576;5592
0;120;3576;5596
0;120;3576;5596
0;120;3576;5600
0;120;3576;5600
0;120;3576;5604
0;120;3576;5600
0;120;3576;5596
0;120;3576;5600
0;120;3576;5604
0;120;3576;5600
0;120;3576;5592
0;120;3576;5596
0;120;3576;5596
0;120;3576;5604
0;120;3576;5596
0;120;3576;5592
0;120;3576;5596
0;120;3576;5596
0;120;3576;5604
0;120;3576;5604
0;120;3576;5596
0;120;3576;5600
0;120;3576;5600
0;120;3576;5600
0;120;3576;5592
0;120;3576;5592
0;120;3576;5600
0;120;3576;5596
0;120;3576;5596
0;120;3576;5596
0;120;3576;5604
0;120;3576;5596
0;120;3576;5596
0;120;3576;5604
0;120;3576;5600
0;120;3576;5600
0;120;3576;5596
0;120;3576;5600
0;120;3576;5604
0;120;3576;5596
0;120;3576;5596
0;120;3576;5596
0;120;3576;5596
0;120;3576;5596
0;120;3576;5604
0;120;3576;5596
0;120;3576;5600
0;120;3576;5604
0;120;3576;5592
0;120;3576;5600
0;120;3576;5604
0;120;3576;5600
0;120;3576;5596
0;120;3576;5596
0;120;3576;5604
0;120;3576;5596
0;120;3576;5604
0;120;3576;5596
0;120;3576;5592
0;120;3576;5596
0;120;3576;5600
0;120;3576;5600
0;120;3576;5604
0;120;3576;5596
0;120;2200;6644
0;120;2200;6644
0;120;2200;6644
0;120;2200;6644
0;120;2200;6644
0;120;2200;6644
0;120;2200;6640
0;120;2200;6644
0;120;2200;6644
0;120;2200;6644
0;120;2200;6644
0;120;2200;6644
0;120;2200;6644
0;120;2200;6644
0;120;2200;6644
0;120;2200;6644
0;120;2200;6644
0;120;2200;6644
0;120;2200;6644
0;120;2200;6644
0;120;2200;6644
0;120;2200;6644
0;120;2200;6644
0;120;2200;6644
0;120;2200;6644
0;120;2200;6644
0;120;2200;6644
0;120;2200;6640
0;120;2200;6644
0;120;2200;6644
0;120;2200;6644
0;120;2200;6644
0;120;2200;6644
0;120;2200;6644
0;120;2200;6644
0;120;2200;6644
0;120;2200;6644
0;120;2200;6644
0;120;2200;6644
0;120;2200;6644
0;120;2200;6644
0;120;2200;6644
0;120;2200;6644
0;120;2200;6644
0;120;2200;6644
0;120;2200;6644
0;120;2200;6644
0;120;2200;6644
0;120;2200;6644
0;120;2200;6644
0;120;2200;6644
0;120;2200;6644
0;120;2200;6644
0;120;2200;6644
0;120;2200;6644
0;120;2200;6644
0;120;2200;6644
0;120;2200;6644
0;120;2200;6644
0;120;2200;6644
0;120;2200;6644
0;120;2200;6644
0;120;2200;6640
0;120;2200;6644
0;120;2200;6644
0;120;2200;6644
0;120;2200;6644
0;120;2200;6644
0;120;2200;6640
0;120;2200;6644
0;120;2200;6644
0;120;2200;6644
0;120;2200;6644
0;120;2200;6644
0;120;2200;6644
0;120;2200;6644
0;120;2200;6644
0;120;2200;6640
0;120;2200;6644
0;120;2200;6644
0;120;2200;6644
0;120;2200;6644
0;120;2200;6644
0;120;2200;6644
0;120;2200;6644
0;120;2200;6644
0;120;2200;6644
0;120;2200;6644
0;120;2200;6640
0;120;2200;6640
0;120;2200;6644
0;120;2200;6640
0;120;2200;6644
0;120;2200;6640
0;120;2200;6644
0;120;2200;6644
0;120;2200;6644
0;120;2200;6644
0;120;2200;6644
0;120;2200;6644
0;120;3408;9440
0;120;3408;9448
0;120;3408;9448
0;120;3408;9448
0;120;3408;7236
0;120;3408;7236
0;120;3408;7236
0;120;3408;9440
0;120;3408;7236
0;120;3408;9448
0;120;3408;9448
0;120;3408;7228
0;120;3408;7236
0;120;3408;9448
0;120;3408;9448
0;120;3408;7232
0;120;3408;9440
0;120;3408;7236
0;120;3408;7228
0;120;3408;9448
0;120;3408;7236
0;120;3408;7236
0;120;3408;9448
0;120;3408;7236
0;120;3408;7232
0;120;3408;9440
0;120;3408;7236
0;120;3408;9448
0;120;3408;9448
0;120;3408;7228
0;120;3408;7236
0;120;3408;7236
0;120;3408;9436
0;120;3408;9436
0;120;3408;9448
0;120;3408;9448
0;120;3408;7236
0;120;3408;9448
0;120;3408;9448
0;120;3408;9448
0;120;3408;9448
0;120;3408;7228
0;120;3408;7232
0;120;3408;9448
0;120;3408;7236
0;120;3408;9440
0;120;3408;7236
0;120;3408;7236
0;120;3408;9436
0;120;3408;7232
0;120;3408;9448
0;120;3408;7236
0;120;3408;9448
0;120;3408;9448
0;120;3408;7236
0;120;3408;7232
0;120;3408;9448
0;120;3408;9436
0;120;3408;7236
0;120;3408;9436
0;120;3408;9448
0;120;3408;7236
0;120;3408;7236
0;120;3408;9448
0;120;3408;9436
0;120;3408;7236
0;120;3408;7232
0;120;3408;7236
0;120;3408;9440
0;120;3408;7236
0;120;3408;9448
0;120;3408;7236
0;120;3408;7232
0;120;3408;7236
0;120;3408;7236
0;120;3408;7236
0;120;3408;7236
0;120;3408;7228
0;120;3408;9448
0;120;3408;7228
0;120;3408;9448
0;120;3408;9448
0;120;3408;7236
0;120;3408;9440
0;120;3408;9448
0;120;3408;7228
0;120;3408;9448
0;120;3408;9440
0;120;3408;7236
0;120;3408;9448
0;120;3408;9436
0;120;3408;7236
0;120;3408;7228
0;120;3408;7236
0;120;3408;9448
0;120;3408;9436
0;120;3408;9448
0;120;3408;9448
0;120;3408;9448
0;120;3408;7236
0;120;4608;10000
0;120;4608;7788
0;120;4608;7788
0;120;4608;9984
0;120;4608;10000
0;120;4608;9996
0;120;4608;7776
0;120;4608;9996
0;120;4608;7788
0;120;4608;7788
0;120;4608;7788
0;120;4608;7788
0;120;4608;7788
0;120;4608;7788
0;120;4608;9996
0;120;4608;7788
0;120;4608;7784
0;120;4608;9988
0;120;4608;9996
0;120;4608;7788
0;120;4608;7788
0;120;4608;7776
0;120;4608;7788
0;120;4608;7784
0;120;4608;9996
0;120;4608;10000
0;120;4608;7784
0;120;4608;7788
0;120;4608;7784
0;120;4608;7788
0;120;4608;10000
0;120;4608;7788
0;120;4608;7788
0;120;4608;9996
0;120;4608;10000
0;120;4608;7788
0;120;4608;7784
0;120;4608;9996
0;120;4608;7784
0;120;4608;7788
0;120;4608;7788
0;120;4608;9984
0;120;4608;7788
0;120;4608;9996
0;120;4608;7788
0;120;4608;9996
0;120;4608;7788
0;120;4608;7788
0;120;4608;9988
0;120;4608;10000
0;120;4608;9996
0;120;4608;7784
0;120;4608;9996
0;120;4608;9984
0;120;4608;10000
0;120;4608;7784
0;120;4608;7784
0;120;4608;7784
0;120;4608;7788
0;120;4608;9988
0;120;4608;10000
0;120;4608;9996
0;120;4608;7788
0;120;4608;9988
0;120;4608;7788
0;120;4608;7788
0;120;4608;9988
0;120;4608;9996
0;120;4608;7788
0;120;4608;7788
0;120;4608;9996
0;120;4608;7784
0;120;4608;9996
0;120;4608;7788
0;120;4608;9996
0;120;4608;10000
0;120;4608;7788
0;120;4608;7788
0;120;4608;9996
0;120;4608;10000
0;120;4608;7788
0;120;4608;7784
0;120;4608;9984
0;120;4608;9996
0;120;4608;9996
0;120;4608;9996
0;120;4608;9996
0;120;4608;7788
0;120;4608;9996
0;120;4608;9996
0;120;4608;9996
0;120;4608;7788
0;120;4608;7776
0;120;4608;9996
0;120;4608;9996
0;120;4608;10000
0;120;4608;9988
0;120;4608;9996
0;120;4608;10000
0;120;4608;9996
0;120;5816;9420
0;120;5816;9412
0;120;5816;10540
0;120;5816;10528
0;120;5816;10540
0;120;5816;9420
0;120;5816;9420
0;120;5816;9412
0;120;5816;10540
0;120;5816;9420
0;120;5816;9420
0;120;5816;10540
0;120;5816;10540
0;120;5816;10540
0;120;5816;10532
0;120;5816;9420
0;120;5816;9416
0;120;5816;10528
0;120;5816;9420
0;120;5816;10540
0;120;5816;10528
0;120;5816;9420
0;120;5816;9420
0;120;5816;10540
0;120;5816;9416
0;120;5816;9420
0;120;5816;10540
0;120;5816;9412
0;120;5816;9420
0;120;5816;9416
0;120;5816;9412
0;120;5816;10540
0;120;5816;10540
0;120;5816;10540
0;120;5816;10540
0;120;5816;10540
0;120;5816;9412
0;120;5816;10540
0;120;5816;9420
0;120;5816;9420
0;120;5816;9420
0;120;5816;9420
0;120;5816;9420
0;120;5816;9412
0;120;5816;10540
0;120;5816;9420
0;120;5816;10540
0;120;5816;10540
0;120;5816;10540
0;120;5816;10540
0;120;5816;10540
0;120;5816;10540
0;120;5816;10540
0;120;5816;9420
0;120;5816;9420
0;120;5816;9420
0;120;5816;10540
0;120;5816;9420
0;120;5816;9420
0;120;5816;9420
0;120;5816;9420
0;120;5816;9412
0;120;5816;9420
0;120;5816;10540
0;120;5816;9420
0;120;5816;10540
0;120;5816;10540
0;120;5816;9420
0;120;5816;10540
0;120;5816;10540
0;120;5816;10540
0;120;5816;9416
0;120;5816;10540
0;120;5816;10540
0;120;5816;10540
0;120;5816;9412
0;120;5816;10540
0;120;5816;9420
0;120;5816;9412
0;120;5816;9420
0;120;5816;10540
0;120;5816;10540
0;120;5816;10540
0;120;5816;9420
0;120;5816;9420
0;120;5816;10540
0;120;5816;10540
0;120;5816;9420
0;120;5816;10540
0;120;5816;9420
0;120;5816;9420
0;120;5816;9420
0;120;5816;10528
0;120;5816;10540
0;120;5816;9420
0;120;5816;9420
0;120;5816;9416
0;120;5816;9420
0;120;5816;9412
0;120;5816;10532
0;120;7024;11064
0;120;7024;11052
0;120;7024;11064
0;120;7024;11064
0;120;7024;11064
0;120;7024;11064
0;120;7024;11064
0;120;7024;11056
0;120;7024;11064
0;120;7024;11056
0;120;7024;11064
0;120;7024;11064
0;120;7024;11060
0;120;7024;11064
0;120;7024;11056
0;120;7024;11056
0;120;7024;11056
0;120;7024;11064
0;120;7024;11064
0;120;7024;11064
0;120;7024;11064
0;120;7024;11064
0;120;7024;11064
0;120;7024;11064
0;120;7024;11060
0;120;7024;11064
0;120;7024;11056
0;120;7024;11060
0;120;7024;11060
0;120;7024;11064
0;120;7024;11064
0;120;7024;11064
0;120;7024;11056
0;120;7024;11060
0;120;7024;11064
0;120;7024;11064
0;120;7024;11056
0;120;7024;11060
0;120;7024;11064
0;120;7024;11056
0;120;7024;11064
0;120;7024;11064
0;120;7024;11064
0;120;7024;11064
0;120;7024;11056
0;120;7024;11056
0;120;7024;11064
0;120;7024;11064
0;120;7024;11064
0;120;7024;11060
0;120;7024;11064
0;120;7024;11064
0;120;7024;11064
0;120;7024;11064
0;120;7024;11064
0;120;7024;11056
0;120;7024;11060
0;120;7024;11064
0;120;7024;11064
0;120;7024;11064
0;120;7024;11056
0;120;7024;11064
0;120;7024;11064
0;120;7024;11064
0;120;7024;11064
0;120;7024;11064
0;120;7024;11060
0;120;7024;11064
0;120;7024;11064
0;120;7024;11056
0;120;7024;11064
0;120;7024;11056
0;120;7024;11064
0;120;7024;11056
0;120;7024;11056
0;120;7024;11064
0;120;7024;11064
0;120;7024;11064
0;120;7024;11064
0;120;7024;11060
0;120;7024;11064
0;120;7024;11064
0;120;7024;11064
0;120;7024;11064
0;120;7024;11064
0;120;7024;11064
0;120;7024;11064
0;120;7024;11064
0;120;7024;11064
0;120;7024;11064
0;120;7024;11064
0;120;7024;11056
0;120;7024;11064
0;120;7024;11064
0;120;7024;11064
0;120;7024;11064
0;120;7024;11064
0;120;7024;11056
0;120;7024;11064
0;120;7024;11064
0;120;4280;13196
0;120;4280;13196
0;120;4280;13196
0;120;4280;13196
0;120;4280;13196
0;120;4280;13196
0;120;4280;13196
0;120;4280;13196
0;120;4280;13196
0;120;4280;13196
0;120;4280;13196
0;120;4280;13196
0;120;4280;13196
0;120;4280;13196
0;120;4280;13196
0;120;4280;13196
0;120;4280;13196
0;120;4280;13196
0;120;4280;13196
0;120;4280;13196
0;120;4280;13196
0;120;4280;13196
0;120;4280;13196
0;120;4280;13196
0;120;4280;13196
0;120;4280;13196
0;120;4280;13196
0;120;4280;13196
0;120;4280;13196
0;120;4280;13196
0;120;4280;13196
0;120;4280;13196
0;120;4280;13196
0;120;4280;13196
0;120;4280;13196
0;120;4280;13196
0;120;4280;13196
0;120;4280;13196
0;120;4280;13196
0;120;4280;13196
0;120;4280;13196
0;120;4280;13196
0;120;4280;13196
0;120;4280;13196
0;120;4280;13196
0;120;4280;13196
0;120;4280;13196
0;120;4280;13196
0;120;4280;13196
0;120;4280;13196
0;120;4280;13196
0;120;4280;13196
0;120;4280;13196
0;120;4280;13196
0;120;4280;13196
0;120;4280;13196
0;120;4280;13196
0;120;4280;13196
0;120;4280;13196
0;120;4280;13196
0;120;4280;13196
0;120;4280;13196
0;120;4280;13196
0;120;4280;13196
0;120;4280;13196
0;120;4280;13196
0;120;4280;13196
0;120;4280;13196
0;120;4280;13196
0;120;4280;13196
0;120;4280;13196
0;120;4280;13192
0;120;4280;13196
0;120;4280;13196
0;120;4280;13196
0;120;4280;13196
0;120;4280;13196
0;120;4280;13196
0;120;4280;13196
0;120;4280;13196
0;120;4280;13196
0;120;4280;13196
0;120;4280;13196
0;120;4280;13196
0;120;4280;13196
0;120;4280;13196
0;120;4280;13196
0;120;4280;13196
0;120;4280;13196
0;120;4280;13196
0;120;4280;13196
0;120;4280;13196
0;120;4280;13196
0;120;4280;13196
0;120;4280;13196
0;120;4280;13196
0;120;4280;13196
0;120;4280;13196
0;120;4280;13196
0;120;4280;13196
0;120;6688;20976
0;120;6688;20976
0;120;6688;16580
0;120;6688;20976
0;120;6688;20972
0;120;6688;16580
0;120;6688;16580
0;120;6688;20976
0;120;6688;16580
0;120;6688;20976
0;120;6688;20976
0;120;6688;20964
0;120;6688;16580
0;120;6688;16580
0;120;6688;20972
0;120;6688;16580
0;120;6688;20972
0;120;6688;16580
0;120;6688;20972
0;120;6688;20976
0;120;6688;16580
0;120;6688;16580
0;120;6688;14340
0;120;6688;14340
0;120;6688;18736
0;120;6688;18736
0;120;6688;14340
0;120;6688;14340
0;120;6688;14340
0;120;6688;14332
0;120;6688;18736
0;120;6688;14340
0;120;6688;14340
0;120;6688;18736
0;120;6688;14340
0;120;6688;14340
0;120;6688;18736
0;120;6688;18736
0;120;6688;18736
0;120;6688;14340
0;120;6688;18736
0;120;6688;14336
0;120;6688;14340
0;120;6688;14340
0;120;6688;18736
0;120;6688;18736
0;120;6688;18736
0;120;6688;14340
0;120;6688;14340
0;120;6688;14340
0;120;6688;14336
0;120;6688;18736
0;120;6688;14340
0;120;6688;14340
0;120;6688;18736
0;120;6688;18736
0;120;6688;14340
0;120;6688;14336
0;120;6688;14340
0;120;6688;18736
0;120;6688;14340
0;120;6688;18736
0;120;6688;14340
0;120;6688;18736
0;120;6688;14340
0;120;6688;18736
0;120;6688;14340
0;120;6688;18736
0;120;6688;14336
0;120;6688;18736
0;120;6688;14340
0;120;6688;18736
0;120;6688;18736
0;120;6688;14340
0;120;6688;18736
0;120;6688;14340
0;120;6688;18736
0;120;6688;18736
0;120;6688;18736
0;120;6688;18736
0;120;6688;18736
0;120;6688;14340
0;120;6688;18724
0;120;6688;14340
0;120;6688;18736
0;120;6688;14340
0;120;6688;18732
0;120;6688;14340
0;120;6688;18736
0;120;6688;18736
0;120;6688;18736
0;120;6688;14340
0;120;6688;18736
0;120;6688;14340
0;120;6688;14340
0;120;6688;14340
0;120;6688;18736
0;120;6688;18736
0;120;6688;18736
0;120;6688;18736
0;120;9096;15432
0;120;9096;15432
0;120;9096;15432
0;120;9096;19828
0;120;9096;19828
0;120;9096;15432
0;120;9096;15432
0;120;9096;15432
0;120;9096;19828
0;120;9096;15432
0;120;9096;19828
0;120;9096;15432
0;120;9096;15432
0;120;9096;19824
0;120;9096;19824
0;120;9096;15432
0;120;9096;19824
0;120;9096;19828
0;120;9096;15432
0;120;9096;15432
0;120;9096;19828
0;120;9096;19824
0;120;9096;19828
0;120;9096;19824
0;120;9096;19824
0;120;9096;19828
0;120;9096;19828
0;120;9096;15432
0;120;9096;19828
0;120;9096;19828
0;120;9096;15432
0;120;9096;19828
0;120;9096;19828
0;120;9096;15432
0;120;9096;19828
0;120;9096;19828
0;120;9096;15432
0;120;9096;19824
0;120;9096;19828
0;120;9096;19828
0;120;9096;19828
0;120;9096;15432
0;120;9096;19828
0;120;9096;15432
0;120;9096;19828
0;120;9096;19828
0;120;9096;15432
0;120;9096;15432
0;120;9096;15432
0;120;9096;15424
0;120;9096;19824
0;120;9096;15432
0;120;9096;15432
0;120;9096;15432
0;120;9096;15432
0;120;9096;15432
0;120;9096;19828
0;120;9096;19824
0;120;9096;19828
0;120;9096;15432
0;120;9096;19828
0;120;9096;19828
0;120;9096;19828
0;120;9096;19828
0;120;9096;15432
0;120;9096;15432
0;120;9096;19828
0;120;9096;19828
0;120;9096;19828
0;120;9096;19828
0;120;9096;19824
0;120;9096;19824
0;120;9096;19824
0;120;9096;19828
0;120;9096;15432
0;120;9096;15432
0;120;9096;19824
0;120;9096;19828
0;120;9096;19828
0;120;9096;19828
0;120;9096;19828
0;120;9096;15432
0;120;9096;15432
0;120;9096;15432
0;120;9096;15432
0;120;9096;19828
0;120;9096;19828
0;120;9096;19828
0;120;9096;15432
0;120;9096;15424
0;120;9096;19828
0;120;9096;15432
0;120;9096;19824
0;120;9096;19828
0;120;9096;15432
0;120;9096;15432
0;120;9096;15432
0;120;9096;15432
0;120;9096;15432
0;120;9096;19828
0;120;11512;20916
0;120;11512;18708
0;120;11512;18708
0;120;11512;20920
0;120;11512;20916
0;120;11512;20916
0;120;11512;18708
0;120;11512;20916
0;120;11512;20908
0;120;11512;18708
0;120;11512;20916
0;120;11512;18708
0;120;11512;20916
0;120;11512;18708
0;120;11512;20920
0;120;11512;20916
0;120;11512;18708
0;120;11512;20916
0;120;11512;20916
0;120;11512;20916
0;120;11512;20916
0;120;11512;18708
0;120;11512;20920
0;120;11512;18708
0;120;11512;20908
0;120;11512;20916
0;120;11512;20920
0;120;11512;18704
0;120;11512;20916
0;120;11512;18708
0;120;11512;18708
0;120;11512;18708
0;120;11512;18708
0;120;11512;18708
0;120;11512;18708
0;120;11512;18704
0;120;11512;20916
0;120;11512;20916
0;120;11512;18708
0;120;11512;20916
0;120;11512;18708
0;120;11512;20916
0;120;11512;18708
0;120;11512;20916
0;120;11512;20916
0;120;11512;18708
0;120;11512;20916
0;120;11512;18708
0;120;11512;20916
0;120;11512;18708
0;120;11512;18708
0;120;11512;20916
0;120;11512;20916
0;120;11512;18708
0;120;11512;20916
0;120;11512;18708
0;120;11512;20916
0;120;11512;18708
0;120;11512;18708
0;120;11512;20916
0;120;11512;18708
0;120;11512;20916
0;120;11512;20920
0;120;11512;18708
0;120;11512;20916
0;120;11512;18708
0;120;11512;20916
0;120;11512;20916
0;120;11512;20916
0;120;11512;18708
0;120;11512;20916
0;120;11512;20916
0;120;11512;18708
0;120;11512;18708
0;120;11512;20916
0;120;11512;20920
0;120;11512;20916
0;120;11512;18708
0;120;11512;18708
0;120;11512;18708
0;120;11512;20916
0;120;11512;18708
0;120;11512;20920
0;120;11512;20916
0;120;11512;20916
0;120;11512;18708
0;120;11512;20916
0;120;11512;20916
0;120;11512;20916
0;120;11512;18708
0;120;11512;20916
0;120;11512;20916
0;120;11512;18708
0;120;11512;18708
0;120;11512;20920
0;120;11512;18708
0;120;11512;18708
0;120;11512;18708
0;120;11512;18708
0;120;11512;20916
0;120;13920;21980
0;120;13920;21984
0;120;13920;21984
0;120;13920;21984
0;120;13920;21984
0;120;13920;21984
0;120;13920;21984
0;120;13920;21984
0;120;13920;21984
0;120;13920;21984
0;120;13920;21984
0;120;13920;21984
0;120;13920;21984
0;120;13920;21984
0;120;13920;21984
0;120;13920;21984
0;120;13920;21984
0;120;13920;21984
0;120;13920;21984
0;120;13920;21984
0;120;13920;21984
0;120;13920;21984
0;120;13920;21984
0;120;13920;21984
0;120;13920;21984
0;120;13920;21984
0;120;13920;21984
0;120;13920;21984
0;120;13920;21984
0;120;13920;21984
0;120;13920;21984
0;120;13920;21984
0;120;13920;21984
0;120;13920;21984
0;120;13920;21984
0;120;13920;21984
0;120;13920;21984
0;120;13920;21984
0;120;13920;21984
0;120;13920;21984
0;120;13920;21984
0;120;13920;21984
0;120;13920;21984
0;120;13920;21984
0;120;13920;21984
0;120;13920;21984
0;120;13920;21984
0;120;13920;21984
0;120;13920;21984
0;120;13920;21984
0;120;13920;21984
0;120;13920;21984
0;120;13920;21984
0;120;13920;21984
0;120;13920;21984
0;120;13920;21984
0;120;13920;21984
0;120;13920;21984
0;120;13920;21984
0;120;13920;21984
0;120;13920;21984
0;120;13920;21984
0;120;13920;21984
0;120;13920;21984
0;120;13920;21984
0;120;13920;21984
0;120;13920;21984
0;120;13920;21984
0;120;13920;21984
0;120;13920;21984
0;120;13920;21984
0;120;13920;21984
0;120;13920;21984
0;120;13920;21984
0;120;13920;21984
0;120;13920;21984
0;120;13920;21984
0;120;13920;21984
0;120;13920;21984
0;120;13920;21984
0;120;13920;21984
0;120;13920;21984
0;120;13920;21984
0;120;13920;21984
0;120;13920;21984
0;120;13920;21984
0;120;13920;21980
0;120;13920;21984
0;120;13920;21984
0;120;13920;21984
0;120;13920;21984
0;120;13920;21984
0;120;13920;21984
0;120;13920;21984
0;120;13920;21984
0;120;13920;21984
0;120;13920;21984
0;120;13920;21984
0;120;13920;21984
0;120;13920;21984
0;120;8432;26300
0;120;8432;26300
0;120;8432;26300
0;120;8432;26300
0;120;8432;26300
0;120;8432;26300
0;120;8432;26300
0;120;8432;26300
0;120;8432;26300
0;120;8432;26300
0;120;8432;26300
0;120;8432;26300
0;120;8432;26300
0;120;8432;26300
0;120;8432;26300
0;120;8432;26300
0;120;8432;26300
0;120;8432;26300
0;120;8432;26300
0;120;8432;26300
0;120;8432;26300
0;120;8432;26300
0;120;8432;26300
0;120;8432;26300
0;120;8432;26300
0;120;8432;26300
0;120;8432;26300
0;120;8432;26300
0;120;8432;26300
0;120;8432;26300
0;120;8432;26300
0;120;8432;26300
0;120;8432;26300
0;120;8432;26300
0;120;8432;26300
0;120;8432;26300
0;120;8432;26300
0;120;8432;26300
0;120;8432;26300
0;120;8432;26300
0;120;8432;26300
0;120;8432;26300
0;120;8432;26300
0;120;8432;26300
0;120;8432;26300
0;120;8432;26300
0;120;8432;26300
0;120;8432;26300
0;120;8432;26300
0;120;8432;26300
0;120;8432;26300
0;120;8432;26300
0;120;8432;26300
0;120;8432;26300
0;120;8432;26300
0;120;8432;26300
0;120;8432;26300
0;120;8432;26300
0;120;8432;26300
0;120;8432;26300
0;120;8432;26300
0;120;8432;26300
0;120;8432;26300
0;120;8432;26300
0;120;8432;26300
0;120;8432;26300
0;120;8432;26300
0;120;8432;26300
0;120;8432;26300
0;120;8432;26300
0;120;8432;26300
0;120;8432;26300
0;120;8432;26300
0;120;8432;26300
0;120;8432;26300
0;120;8432;26300
0;120;8432;26300
0;120;8432;26300
0;120;8432;26300
0;120;8432;26300
0;120;8432;26300
0;120;8432;26300
0;120;8432;26300
0;120;8432;26300
0;120;8432;26300
0;120;8432;26300
0;120;8432;26300
0;120;8432;26300
0;120;8432;26300
0;120;8432;26300
0;120;8432;26300
0;120;8432;26300
0;120;8432;26300
0;120;8432;26300
0;120;8432;26300
0;120;8432;26300
0;120;8432;26300
0;120;8432;26300
0;120;8432;26300
0;120;8432;26300
0;120;13256;41724
0;120;13256;41724
0;120;13256;28536
0;120;13256;37300
0;120;13256;28536
0;120;13256;28536
0;120;13256;28536
0;120;13256;37300
0;120;13256;28536
0;120;13256;28536
0;120;13256;28536
0;120;13256;28536
0;120;13256;28536
0;120;13256;28536
0;120;13256;37300
0;120;13256;28536
0;120;13256;37300
0;120;13256;37300
0;120;13256;28536
0;120;13256;37300
0;120;13256;37300
0;120;13256;28536
0;120;13256;28536
0;120;13256;28536
0;120;13256;28536
0;120;13256;37300
0;120;13256;28536
0;120;13256;28536
0;120;13256;28536
0;120;13256;28536
0;120;13256;37300
0;120;13256;37300
0;120;13256;37300
0;120;13256;37300
0;120;13256;28536
0;120;13256;37300
0;120;13256;37300
0;120;13256;37300
0;120;13256;28536
0;120;13256;28536
0;120;13256;28536
0;120;13256;37300
0;120;13256;28536
0;120;13256;37300
0;120;13256;28536
0;120;13256;28536
0;120;13256;37300
0;120;13256;37300
0;120;13256;28536
0;120;13256;37300
0;120;13256;37300
0;120;13256;28536
0;120;13256;37300
0;120;13256;37300
0;120;13256;28536
0;120;13256;37300
0;120;13256;28536
0;120;13256;37300
0;120;13256;28536
0;120;13256;28536
0;120;13256;37300
0;120;13256;37300
0;120;13256;28536
0;120;13256;28536
0;120;13256;37300
0;120;13256;28536
0;120;13256;37300
0;120;13256;28536
0;120;13256;37300
0;120;13256;28536
0;120;13256;37300
0;120;13256;37300
0;120;13256;37300
0;120;13256;28536
0;120;13256;28536
0;120;13256;37300
0;120;13256;28536
0;120;13256;28536
0;120;13256;28536
0;120;13256;37300
0;120;13256;37300
0;120;13256;37300
0;120;13256;37300
0;120;13256;28536
0;120;13256;28536
0;120;13256;37300
0;120;13256;28536
0;120;13256;28536
0;120;13256;28536
0;120;13256;37300
0;120;13256;37300
0;120;13256;28536
0;120;13256;37300
0;120;13256;37300
0;120;13256;28536
0;120;13256;28536
0;120;13256;28536
0;120;13256;37300
0;120;13256;28536
0;120;13256;28536
0;120;18072;39484
0;120;18072;39484
0;120;18072;39484
0;120;18072;39484
0;120;18072;39484
0;120;18072;30720
0;120;18072;39484
0;120;18072;39484
0;120;18072;30720
0;120;18072;30720
0;120;18072;30720
0;120;18072;39484
0;120;18072;30720
0;120;18072;39484
0;120;18072;30720
0;120;18072;30720
0;120;18072;39484
0;120;18072;30720
0;120;18072;39484
0;120;18072;39484
0;120;18072;39484
0;120;18072;30720
0;120;18072;30720
0;120;18072;39484
0;120;18072;39484
0;120;18072;30720
0;120;18072;39484
0;120;18072;30720
0;120;18072;39484
0;120;18072;39484
0;120;18072;39484
0;120;18072;30720
0;120;18072;30720
0;120;18072;39484
0;120;18072;30720
0;120;18072;39484
0;120;18072;39484
0;120;18072;30720
0;120;18072;39484
0;120;18072;39484
0;120;18072;39484
0;120;18072;39484
0;120;18072;30720
0;120;18072;30720
0;120;18072;39484
0;120;18072;30720
0;120;18072;30720
0;120;18072;39484
0;120;18072;30720
0;120;18072;39484
0;120;18072;39484
0;120;18072;30720
0;120;18072;39484
0;120;18072;30720
0;120;18072;30720
0;120;18072;30720
0;120;18072;30720
0;120;18072;30720
0;120;18072;30720
0;120;18072;30720
0;120;18072;39480
0;120;18072;30720
0;120;18072;39484
0;120;18072;39484
0;120;18072;39484
0;120;18072;30720
0;120;18072;30720
0;120;18072;30720
0;120;18072;30720
0;120;18072;30720
0;120;18072;30720
0;120;18072;30720
0;120;18072;39484
0;120;18072;39484
0;120;18072;30720
0;120;18072;30720
0;120;18072;30720
0;120;18072;30720
0;120;18072;30720
0;120;18072;30720
0;120;18072;39484
0;120;18072;30720
0;120;18072;39484
0;120;18072;39484
0;120;18072;30720
0;120;18072;30720
0;120;18072;39484
0;120;18072;39484
0;120;18072;30720
0;120;18072;30720
0;120;18072;39484
0;120;18072;39484
0;120;18072;39484
0;120;18072;39480
0;120;18072;30720
0;120;18072;39484
0;120;18072;30720
0;120;18072;39484
0;120;18072;39484
0;120;18072;39484
0;120;22896;37272
0;120;22896;41668
0;120;22896;37272
0;120;22896;41668
0;120;22896;41664
0;120;22896;37272
0;120;22896;37272
0;120;22896;41664
0;120;22896;41664
0;120;22896;37272
0;120;22896;37272
0;120;22896;41668
0;120;22896;37272
0;120;22896;41668
0;120;22896;41668
0;120;22896;37272
0;120;22896;37272
0;120;22896;37272
0;120;22896;41668
0;120;22896;37272
0;120;22896;37272
0;120;22896;41668
0;120;22896;37272
0;120;22896;41664
0;120;22896;37272
0;120;22896;41664
0;120;22896;37272
0;120;22896;41668
0;120;22896;37272
0;120;22896;37272
0;120;22896;37272
0;120;22896;37272
0;120;22896;37272
0;120;22896;37272
0;120;22896;37272
0;120;22896;41668
0;120;22896;37272
0;120;22896;37272
0;120;22896;37272
0;120;22896;41664
0;120;22896;41668
0;120;22896;37272
0;120;22896;37272
0;120;22896;41664
0;120;22896;37272
0;120;22896;37272
0;120;22896;37272
0;120;22896;37272
0;120;22896;37272
0;120;22896;37272
0;120;22896;37272
0;120;22896;37272
0;120;22896;41668
0;120;22896;41668
0;120;22896;37272
0;120;22896;41664
0;120;22896;41668
0;120;22896;41668
0;120;22896;41668
0;120;22896;41668
0;120;22896;37272
0;120;22896;37272
0;120;22896;41668
0;120;22896;41668
0;120;22896;37272
0;120;22896;41668
0;120;22896;37272
0;120;22896;41668
0;120;22896;37272
0;120;22896;41664
0;120;22896;37272
0;120;22896;37272
0;120;22896;41664
0;120;22896;41668
0;120;22896;37272
0;120;22896;41668
0;120;22896;37272
0;120;22896;37272
0;120;22896;41668
0;120;22896;37272
0;120;22896;37272
0;120;22896;41668
0;120;22896;41664
0;120;22896;41668
0;120;22896;37272
0;120;22896;41668
0;120;22896;37272
0;120;22896;41668
0;120;22896;41668
0;120;22896;37272
0;120;22896;37272
0;120;22896;37272
0;120;22896;37272
0;120;22896;41668
0;120;22896;37272
0;120;22896;41668
0;120;22896;37272
0;120;22896;41668
0;120;22896;37272
0;120;22896;41668
0;120;27720;43824
0;120;27720;43824
0;120;27720;43824
0;120;27720;43824
0;120;27720;43824
0;120;27720;43824
0;120;27720;43824
0;120;27720;43824
0;120;27720;43824
0;120;27720;43824
0;120;27720;43824
0;120;27720;43824
0;120;27720;43824
0;120;27720;43824
0;120;27720;43824
0;120;27720;43824
0;120;27720;43824
0;120;27720;43824
0;120;27720;43824
0;120;27720;43824
0;120;27720;43824
0;120;27720;43824
0;120;27720;43824
0;120;27720;43824
0;120;27720;43824
0;120;27720;43824
0;120;27720;43824
0;120;27720;43824
0;120;27720;43824
0;120;27720;43824
0;120;27720;43824
0;120;27720;43824
0;120;27720;43824
0;120;27720;43824
0;120;27720;43824
0;120;27720;43824
0;120;27720;43824
0;120;27720;43824
0;120;27720;43824
0;120;27720;43824
0;120;27720;43824
0;120;27720;43824
0;120;27720;43824
0;120;27720;43824
0;120;27720;43824
0;120;27720;43824
0;120;27720;43824
0;120;27720;43824
0;120;27720;43824
0;120;27720;43824
0;120;27720;43824
0;120;27720;43824
0;120;27720;43824
0;120;27720;43824
0;120;27720;43824
0;120;27720;43824
0;120;27720;43824
0;120;27720;43824
0;120;27720;43824
0;120;27720;43824
0;120;27720;43824
0;120;27720;43824
0;120;27720;43824
0;120;27720;43824
0;120;27720;43824
0;120;27720;43824
0;120;27720;43824
0;120;27720;43824
0;120;27720;43824
0;120;27720;43824
0;120;27720;43824
0;120;27720;43824
0;120;27720;43824
0;120;27720;43824
0;120;27720;43824
0;120;27720;43824
0;120;27720;43824
0;120;27720;43824
0;120;27720;43824
0;120;27720;43824
0;120;27720;43824
0;120;27720;43824
0;120;27720;43824
0;120;27720;43824
0;120;27720;43824
0;120;27720;43824
0;120;27720;43824
0;120;27720;43824
0;120;27720;43824
0;120;27720;43824
0;120;27720;43824
0;120;27720;43824
0;120;27720;43824
0;120;27720;43824
0;120;27720;43824
0;120;27720;43824
0;120;27720;43824
0;120;27720;43824
0;120;27720;43824
0;120;27720;43824
0;120;16736;52520
0;120;16736;52520
0;120;16736;52520
0;120;16736;52516
0;120;16736;52516
0;120;16736;52520
0;120;16736;52520
0;120;16736;52520
0;120;16736;52520
0;120;16736;52520
0;120;16736;52516
0;120;16736;52516
0;120;16736;52516
0;120;16736;52520
0;120;16736;52516
0;120;16736;52520
0;120;16736;52516
0;120;16736;52516
0;120;16736;52516
0;120;16736;52516
0;120;16736;52520
0;120;16736;52520
0;120;16736;52516
0;120;16736;52520
0;120;16736;52520
0;120;16736;52520
0;120;16736;52516
0;120;16736;52520
0;120;16736;52516
0;120;16736;52520
0;120;16736;52520
0;120;16736;52520
0;120;16736;52516
0;120;16736;52520
0;120;16736;52520
0;120;16736;52516
0;120;16736;52516
0;120;16736;52520
0;120;16736;52516
0;120;16736;52516
0;120;16736;52520
0;120;16736;52520
0;120;16736;52516
0;120;16736;52516
0;120;16736;52516
0;120;16736;52520
0;120;16736;52516
0;120;16736;52516
0;120;16736;52516
0;120;16736;52516
0;120;16736;52520
0;120;16736;52520
0;120;16736;52520
0;120;16736;52516
0;120;16736;52516
0;120;16736;52516
0;120;16736;52520
0;120;16736;52516
0;120;16736;52516
0;120;16736;52520
0;120;16736;52520
0;120;16736;52520
0;120;16736;52516
0;120;16736;52520
0;120;16736;52520
0;120;16736;52520
0;120;16736;52520
0;120;16736;52516
0;120;16736;52516
0;120;16736;52520
0;120;16736;52516
0;120;16736;52520
0;120;16736;52516
0;120;16736;52520
0;120;16736;52516
0;120;16736;52520
0;120;16736;52516
0;120;16736;52516
0;120;16736;52520
0;120;16736;52516
0;120;16736;52520
0;120;16736;52520
0;120;16736;52520
0;120;16736;52516
0;120;16736;52516
0;120;16736;52520
0;120;16736;52520
0;120;16736;52520
0;120;16736;52520
0;120;16736;52520
0;120;16736;52516
0;120;16736;52520
0;120;16736;52516
0;120;16736;52520
0;120;16736;52516
0;120;16736;52520
0;120;16736;52520
0;120;16736;52516
0;120;16736;52516
0;120;16736;52516
0;120;26384;56928
0;120;26384;56928
0;120;26384;74428
0;120;26384;74440
0;120;26384;74440
0;120;26384;74428
0;120;26384;74428
0;120;26384;74440
0;120;26384;74440
0;120;26384;74428
0;120;26384;56936
0;120;26384;56928
0;120;26384;74428
0;120;26384;74432
0;120;26384;74428
0;120;26384;56928
0;120;26384;74440
0;120;26384;74432
0;120;26384;56932
0;120;26384;56928
0;120;26384;74432
0;120;26384;74428
0;120;26384;56928
0;120;26384;74428
0;120;26384;74428
0;120;26384;74428
0;120;26384;56928
0;120;26384;56936
0;120;26384;74428
0;120;26384;74428
0;120;26384;56936
0;120;26384;56936
0;120;26384;74428
0;120;26384;56928
0;120;26384;74432
0;120;26384;74432
0;120;26384;74428
0;120;26384;56932
0;120;26384;56928
0;120;26384;74428
0;120;26384;56928
0;120;26384;56932
0;120;26384;56928
0;120;26384;74428
0;120;26384;74428
0;120;26384;56928
0;120;26384;74432
0;120;26384;56928
0;120;26384;56936
0;120;26384;74428
0;120;26384;56932
0;120;26384;56928
0;120;26384;74428
0;120;26384;56928
0;120;26384;56928
0;120;26384;74428
0;120;26384;56928
0;120;26384;74428
0;120;26384;74428
0;120;26384;56932
0;120;26384;74428
0;120;26384;74440
0;120;26384;56928
0;120;26384;74428
0;120;26384;56936
0;120;26384;74432
0;120;26384;56928
0;120;26384;56928
0;120;26384;74440
0;120;26384;56936
0;120;26384;56936
0;120;26384;56928
0;120;26384;56928
0;120;26384;56932
0;120;26384;74432
0;120;26384;56936
0;120;26384;74432
0;120;26384;56928
0;120;26384;74432
0;120;26384;56928
0;120;26384;74440
0;120;26384;56936
0;120;26384;56928
0;120;26384;74428
0;120;26384;56936
0;120;26384;56928
0;120;26384;56936
0;120;26384;74428
0;120;26384;56928
0;120;26384;74440
0;120;26384;56932
0;120;26384;56928
0;120;26384;56928
0;120;26384;74428
0;120;26384;74428
0;120;26384;56928
0;120;26384;74428
0;120;26384;74440
0;120;26384;56936
0;120;26384;74440
0;120;36024;78796
0;120;36024;78796
0;120;36024;78796
0;120;36024;78800
0;120;36024;78796
0;120;36024;78808
0;120;36024;78808
0;120;36024;61300
0;120;36024;78808
0;120;36024;61304
0;120;36024;78808
0;120;36024;78800
0;120;36024;61296
0;120;36024;78796
0;120;36024;61296
0;120;36024;78796
0;120;36024;78800
0;120;36024;78796
0;120;36024;78796
0;120;36024;78800
0;120;36024;61300
0;120;36024;78796
0;120;36024;61304
0;120;36024;61296
0;120;36024;61300
0;120;36024;78796
0;120;36024;78796
0;120;36024;61296
0;120;36024;61296
0;120;36024;61296
0;120;36024;78796
0;120;36024;61304
0;120;36024;78796
0;120;36024;78796
0;120;36024;61296
0;120;36024;78796
0;120;36024;78796
0;120;36024;78808
0;120;36024;61304
0;120;36024;78796
0;120;36024;61296
0;120;36024;61300
0;120;36024;61296
0;120;36024;78796
0;120;36024;78796
0;120;36024;61300
0;120;36024;61296
0;120;36024;78796
0;120;36024;61296
0;120;36024;61300
0;120;36024;61300
0;120;36024;78808
0;120;36024;78796
0;120;36024;78800
0;120;36024;78796
0;120;36024;78808
0;120;36024;78800
0;120;36024;61304
0;120;36024;78796
0;120;36024;61304
0;120;36024;61296
0;120;36024;61304
0;120;36024;78796
0;120;36024;61296
0;120;36024;61296
0;120;36024;61304
0;120;36024;61300
0;120;36024;61300
0;120;36024;61304
0;120;36024;61296
0;120;36024;61304
0;120;36024;78808
0;120;36024;61300
0;120;36024;61296
0;120;36024;78800
0;120;36024;78796
0;120;36024;78808
0;120;36024;61300
0;120;36024;78796
0;120;36024;61296
0;120;36024;61296
0;120;36024;78800
0;120;36024;78800
0;120;36024;61296
0;120;36024;61304
0;120;36024;61300
0;120;36024;78796
0;120;36024;61304
0;120;36024;78800
0;120;36024;78796
0;120;36024;61300
0;120;36024;78796
0;120;36024;78796
0;120;36024;78808
0;120;36024;61296
0;120;36024;61296
0;120;36024;78796
0;120;36024;61304
0;120;36024;61300
0;120;36024;61304
0;120;45672;74408
0;120;45672;83164
0;120;45672;83176
0;120;45672;83164
0;120;45672;74404
0;120;45672;74400
0;120;45672;83164
0;120;45672;83164
0;120;45672;83164
0;120;45672;74404
0;120;45672;83176
0;120;45672;83164
0;120;45672;74400
0;120;45672;83176
0;120;45672;74400
0;120;45672;74400
0;120;45672;74408
0;120;45672;74400
0;120;45672;74400
0;120;45672;74404
0;120;45672;74404
0;120;45672;74400
0;120;45672;74408
0;120;45672;83164
0;120;45672;83168
0;120;45672;74400
0;120;45672;74404
0;120;45672;83168
0;120;45672;83164
0;120;45672;83164
0;120;45672;83164
0;120;45672;74404
0;120;45672;74404
0;120;45672;83164
0;120;45672;74404
0;120;45672;74408
0;120;45672;83160
0;120;45672;74404
0;120;45672;74400
0;120;45672;74400
0;120;45672;74400
0;120;45672;74400
0;120;45672;74408
0;120;45672;83168
0;120;45672;83164
0;120;45672;74400
0;120;45672;83164
0;120;45672;74404
0;120;45672;83164
0;120;45672;74404
0;120;45672;83164
0;120;45672;83168
0;120;45672;74408
0;120;45672;83176
0;120;45672;83168
0;120;45672;83164
0;120;45672;74400
0;120;45672;83164
0;120;45672;74400
0;120;45672;83164
0;120;45672;74400
0;120;45672;74400
0;120;45672;83176
0;120;45672;83164
0;120;45672;74400
0;120;45672;83176
0;120;45672;83168
0;120;45672;74400
0;120;45672;74400
0;120;45672;83164
0;120;45672;74400
0;120;45672;74404
0;120;45672;74408
0;120;45672;74400
0;120;45672;83164
0;120;45672;74408
0;120;45672;83164
0;120;45672;74400
0;120;45672;83164
0;120;45672;83164
0;120;45672;83164
0;120;45672;74408
0;120;45672;74400
0;120;45672;83164
0;120;45672;74408
0;120;45672;74408
0;120;45672;83176
0;120;45672;74408
0;120;45672;74400
0;120;45672;83176
0;120;45672;74400
0;120;45672;74400
0;120;45672;74400
0;120;45672;83176
0;120;45672;83168
0;120;45672;83164
0;120;45672;74400
0;120;45672;74400
0;120;45672;74400
0;120;45672;74400
0;120;55312;87520
0;120;55312;87520
0;120;55312;87520
0;120;55312;87516
0;120;55312;87516
0;120;55312;87516
0;120;55312;87516
0;120;55312;87520
0;120;55312;87516
0;120;55312;87520
0;120;55312;87512
0;120;55312;87512
0;120;55312;87516
0;120;55312;87516
0;120;55312;87520
0;120;55312;87520
0;120;55312;87516
0;120;55312;87524
0;120;55312;87524
0;120;55312;87516
0;120;55312;87516
0;120;55312;87516
0;120;55312;87524
0;120;55312;87520
0;120;55312;87516
0;120;55312;87520
0;120;55312;87520
0;120;55312;87512
0;120;55312;87516
0;120;55312;87516
0;120;55312;87516
0;120;55312;87516
0;120;55312;87516
0;120;55312;87516
0;120;55312;87520
0;120;55312;87520
0;120;55312;87520
0;120;55312;87516
0;120;55312;87516
0;120;55312;87512
0;120;55312;87520
0;120;55312;87516
0;120;55312;87512
0;120;55312;87520
0;120;55312;87516
0;120;55312;87520
0;120;55312;87516
0;120;55312;87520
0;120;55312;87516
0;120;55312;87516
0;120;55312;87516
0;120;55312;87516
0;120;55312;87516
0;120;55312;87516
0;120;55312;87520
0;120;55312;87520
0;120;55312;87516
0;120;55312;87516
0;120;55312;87516
0;120;55312;87516
0;120;55312;87516
0;120;55312;87516
0;120;55312;87524
0;120;55312;87516
0;120;55312;87516
0;120;55312;87516
0;120;55312;87516
0;120;55312;87516
0;120;55312;87520
0;120;55312;87516
0;120;55312;87524
0;120;55312;87516
0;120;55312;87512
0;120;55312;87524
0;120;55312;87520
0;120;55312;87516
0;120;55312;87516
0;120;55312;87516
0;120;55312;87524
0;120;55312;87516
0;120;55312;87520
0;120;55312;87524
0;120;55312;87512
0;120;55312;87516
0;120;55312;87516
0;120;55312;87516
0;120;55312;87516
0;120;55312;87524
0;120;55312;87516
0;120;55312;87516
0;120;55312;87516
0;120;55312;87516
0;120;55312;87524
0;120;55312;87516
0;120;55312;87520
0;120;55312;87512
0;120;55312;87520
0;120;55312;87520
0;120;55312;87516
0;120;55312;87524
