1.5960849999100903e-08;6.10346200002823e-08;6.147890000138432e-08;4.239445999846794e-07
1.5775125000800473e-08;6.552274000132457e-08;7.788307999726385e-08;4.686441999510862e-07
2.1731440001167356e-08;6.592991999932565e-08;6.993215999682433e-08;4.863971999729983e-07
1.9406929999240675e-08;6.306429999531247e-08;6.681511999922804e-08;4.859407999902033e-07
1.732056500040926e-08;6.848038000171073e-08;6.427649999968707e-08;4.447617999976501e-07
1.9869944998936263e-08;7.970685999607667e-08;6.449718000367284e-08;4.3482500000391155e-07
2.113649999955669e-08;8.292929999879562e-08;7.592668000143021e-08;4.489854000275955e-07
2.1609249999164603e-08;8.498411999898962e-08;7.663420000462793e-08;4.599199999938719e-07
2.1857979999913368e-08;6.445938000106253e-08;8.162108000251464e-08;4.351435999851674e-07
2.0736650002072564e-08;8.078928000177257e-08;8.150248000165447e-08;4.717170000076294e-07
1.6823049999948126e-08;8.411871999851428e-08;7.231022000196389e-08;4.692077999934554e-07
1.702404500101693e-08;6.275653999764473e-08;8.338600000133738e-08;4.4938679999904705e-07
2.239830000034999e-08;7.398840000387282e-08;7.503020000294782e-08;4.7016840003198015e-07
2.0305739998002537e-08;7.401196000282652e-08;8.399727999931201e-08;4.903661999851465e-07
2.3335019999649375e-08;7.704802000080235e-08;6.587516000145115e-08;4.957925999769941e-07
2.3082349999458528e-08;6.052541999961249e-08;7.670736000291072e-08;4.5746399997733533e-07
1.8292805000965016e-08;8.115982000017539e-08;7.156084000016562e-08;4.2966760002309455e-07
1.670102000061888e-08;6.262658000341617e-08;6.062958000111393e-08;4.4617740000830964e-07
2.059557000029599e-08;6.566125999670476e-08;6.454705999931321e-08;4.619525999878533e-07
2.0876969999517313e-08;7.34496199991554e-08;7.48713199980557e-08;4.70112600014545e-07
2.270565000071656e-08;7.780038000200875e-08;8.394209999823943e-08;4.632044000318274e-07
2.0137219998287036e-08;7.837037999997846e-08;8.22714400012046e-08;4.91636999999173e-07
2.0263934999820778e-08;6.863394000101834e-08;7.149875999893993e-08;4.5855500001925975e-07
2.187885000021197e-08;7.602157999644988e-08;6.437382000149227e-08;4.5471620000898836e-07
1.7412915000750218e-08;6.792467999621294e-08;6.574879999971017e-08;4.814761999878101e-07
2.2503150001284666e-08;7.924738000147045e-08;6.613127999589779e-08;4.3969800003105773e-07
2.059517999878153e-08;5.695050000213087e-08;6.996472000028007e-08;4.640227999771014e-07
2.0603385000140405e-08;8.624671999714338e-08;8.061443999758922e-08;4.556646000128239e-07
2.3063689999980853e-08;7.346918000257575e-08;6.455284000257961e-08;4.407192000071518e-07
2.193877999961842e-08;6.961630000150762e-08;6.36162200011313e-08;4.589263999951072e-07
2.099863000039477e-08;6.555229999939912e-08;8.196765999891795e-08;4.796444000094198e-07
1.7550574999768287e-08;6.127252000151202e-08;7.921595999505371e-08;4.5467220002319665e-07
2.009537999983877e-08;7.078502000076696e-08;8.568906000000425e-08;5.008207999635488e-07
2.3973100000876002e-08;6.569926000083797e-08;6.785020000534132e-08;4.377622000174597e-07
1.7565180000383408e-08;6.418150000390597e-08;6.463299999595619e-08;4.3882839998696e-07
1.895702500041807e-08;6.727632000111043e-08;7.354297999991104e-08;4.3003199994564054e-07
2.371303999971133e-08;7.098653999855742e-08;5.739610000164248e-08;4.2736299999523905e-07
1.9302979999338276e-08;7.570608000387437e-08;6.459558000206016e-08;4.833162000286392e-07
1.6980629999306984e-08;6.832939999876543e-08;6.639995999867097e-08;4.2338599998038264e-07
2.0956529999966733e-08;6.379335999954492e-08;6.54173200018704e-08;4.220566000440158e-07
2.146305000060238e-08;6.715143999899738e-08;6.157734000007622e-08;4.755495999706909e-07
1.769740500021726e-08;6.106562000350096e-08;5.972237999667414e-08;4.330840000184253e-07
1.8153395000263117e-08;6.616005999967456e-08;6.579986000433565e-08;4.3316680000862104e-07
1.720882999943569e-08;5.946812000474893e-08;6.757282000035047e-08;4.2177700001047926e-07
1.6532220000226518e-08;5.98627800005488e-08;6.434032000252045e-08;4.5302519999677315e-07
1.702991499914788e-08;7.022137999883853e-08;6.074197999550961e-08;4.282008000300266e-07
2.0456789998570458e-08;6.104671999928542e-08;6.131565999821759e-08;4.6614279999630525e-07
1.8853004999982657e-08;6.688679999788292e-08;6.344790000002832e-08;4.6955859998706727e-07
1.7133920000924263e-08;7.635985999950208e-08;5.543457999592647e-08;4.271597999613732e-07
1.7205240001203493e-08;6.610701999743469e-08;6.013302000355907e-08;4.388612000038847e-07
1.8057920000865125e-08;6.823258000076749e-08;6.184360000188462e-08;4.5252440002514047e-07
2.0249510000576266e-08;6.579381999908946e-08;6.227059999946505e-08;4.613793999888003e-07
1.7418634999194182e-08;6.514641999965533e-08;6.689385999925434e-08;4.2587759997695687e-07
1.897132000012789e-08;6.398135999916122e-08;6.814857999561354e-08;4.309606000315398e-07
1.578657500067493e-08;6.120216000126674e-08;6.29609800002072e-08;4.51268800010439e-07
1.7235610001080203e-08;6.741080000065267e-08;6.371749999816529e-08;4.284759999718517e-07
2.4421450000954793e-08;6.158544000354596e-08;8.198349999729544e-08;4.702613999834284e-07
2.428214499959722e-08;8.16058200027328e-08;6.002880000160076e-08;4.927125999820419e-07
2.1921195001050365e-08;6.638015999924392e-08;6.27987399988342e-08;4.3471559998579324e-07
2.2737290000077338e-08;7.520192000083625e-08;7.471281999605707e-08;4.7430300002451984e-07
2.033234000118682e-08;6.44425600010436e-08;6.5583299996797e-08;4.737241999828257e-07
1.9501979999768083e-08;6.971712000085973e-08;7.180566000170075e-08;4.227262000204064e-07
1.6729635000228882e-08;8.476665999623947e-08;6.930194000015035e-08;4.537916000117548e-07
2.1438660001149402e-08;7.331502000452019e-08;7.003592000110075e-08;4.781283999909647e-07
1.8170939999981784e-08;6.986962000373751e-08;5.922341999830678e-08;4.6541140001500024e-07
1.8501600000308827e-08;6.056949999765493e-08;6.064923999947496e-08;4.78737999976147e-07
1.7512990000250285e-08;6.681781999650412e-08;6.614591999677941e-08;4.454274000017904e-07
2.167434000002686e-08;7.018695999868214e-08;7.282906000036747e-08;4.6449959999881684e-07
1.8380025000078603e-08;7.071551999542862e-08;7.675665999995544e-08;4.14055000001099e-07
2.208008999878075e-08;7.530951999942772e-08;6.305411999928765e-08;4.048516000038944e-07
2.4085490001016295e-08;6.636083999765105e-08;7.032970000291244e-08;4.584269999759272e-07
1.9003235000127462e-08;7.068617999902927e-08;6.471301999990828e-08;4.3522899999516083e-07
2.0783524999569635e-08;6.521843999507837e-08;6.999861999647691e-08;4.509892000351101e-07
2.2947150000254625e-08;7.135372000047938e-08;6.951231999555603e-08;4.650138000142761e-07
2.6244319998659193e-08;6.74749800004065e-08;7.576667999965139e-08;4.2488920001778753e-07
2.0357625000178816e-08;7.176031999988481e-08;6.728004000033252e-08;4.927509999834002e-07
2.2061530000064522e-08;8.719565999927e-08;1.0276690000318922e-07;5.122669999836944e-07
2.4892889999318868e-08;6.413088000263088e-08;5.989600000320934e-08;4.713139999657869e-07
2.013289000024088e-08;6.590582000208087e-08;7.070708000101149e-08;4.2314120003720743e-07
1.797266499925172e-08;7.005869999993592e-08;7.073600000003353e-08;5.072753999847919e-07
1.678130000072997e-08;6.434813999803736e-08;6.629457999952137e-08;4.5012679998762904e-07
2.3204070000792852e-08;7.673589999903925e-08;6.340483999811112e-08;5.200387999648229e-07
1.8998655000177678e-08;6.141505999839865e-08;7.273502000025473e-08;4.401384000084363e-07
1.850133999978425e-08;6.92758799996227e-08;7.14562599954661e-08;5.007578000077047e-07
2.3914740001782775e-08;6.615591999725438e-08;7.442004000185989e-08;4.487154000089504e-07
2.2017099999357016e-08;6.578740000259131e-08;7.144246000098064e-08;4.763850000454113e-07
1.8230850000691134e-08;7.021585999755188e-08;6.40596800018102e-08;4.0291259996592996e-07
2.1236279999720865e-08;6.224094000062906e-08;6.249928000033833e-08;4.417919999687001e-07
1.665519999951357e-08;6.768214000039734e-08;6.388971999986097e-08;4.986081999959424e-07
2.0655400000396184e-08;6.167865999741479e-08;6.000510000158102e-08;4.863398000015877e-07
1.608725500118453e-08;6.456001999904401e-08;6.087775999912993e-08;4.387095000129193e-07
2.274215999932494e-08;6.885163999977521e-08;7.767090000561439e-08;4.640867999987677e-07
2.1877385000698268e-08;5.7096719997934995e-08;6.906574000022374e-08;5.038552000187337e-07
2.3232549999374895e-08;6.191891999915243e-08;6.269611999741755e-08;4.6020319999661295e-07
2.3741970001719893e-08;7.542792000458576e-08;6.638315999880432e-08;4.168813999858685e-07
2.2096580002107657e-08;6.544451999943703e-08;6.467340000090189e-08;4.2430719995172693e-07
1.7669315000239295e-08;6.832310000318102e-08;7.346430000034161e-08;4.3060979997972026e-07
1.5675520000513643e-08;6.037533999769948e-08;5.9195319999707864e-08;4.585450000013225e-07
2.2094430000288412e-08;6.58348000026308e-08;6.473470000200904e-08;5.076831999467686e-07
2.104283999942709e-08;6.331972000189126e-08;6.996548000024631e-08;4.260367999668233e-07
1.8794819999311587e-08;6.081893999944442e-08;5.940186000079848e-08;5.152483999845572e-07
1.7201645000022837e-08;6.141855999594554e-08;8.069563999888487e-08;5.207674000412226e-07
2.0797060000768398e-08;5.944517999887466e-08;6.020813999930396e-08;5.364254000014626e-07
2.188044000067748e-08;6.194875999935903e-08;7.645018000039272e-08;5.76152199995704e-07
1.7421710000780877e-08;6.46454600035213e-08;6.446589999832213e-08;5.138181999791414e-07
2.241691999952309e-08;6.304602000163868e-08;6.745561999850907e-08;5.374017999856733e-07
1.8611239999881946e-08;6.449990000110119e-08;6.076223999843932e-08;5.574570000171661e-07
2.3016740000457504e-08;7.245055999956094e-08;6.916917999624274e-08;5.174934000242501e-07
1.5186894999351353e-08;6.055804000352509e-08;6.307140000280924e-08;5.824119999888353e-07
1.833364999911282e-08;7.148461999604479e-08;7.267983999918215e-08;5.473326000501401e-07
1.7659965000348166e-08;7.092831999761983e-08;7.600480000255629e-08;6.193813999998384e-07
2.127003500063438e-08;7.202349999570288e-08;7.17376200016588e-08;5.871652000350877e-07
2.1070189999591092e-08;7.719170000054874e-08;5.545200000051409e-08;5.753930000355467e-07
2.3524165000708307e-08;7.11420800013002e-08;7.048955999780446e-08;5.854853999917395e-07
2.4418119998881595e-08;7.81827200029511e-08;7.35809399979189e-08;5.938430000096559e-07
2.0718029999989085e-08;7.651789999799803e-08;6.89708799996879e-08;5.517209999961779e-07
2.0506200000818352e-08;7.047897999873384e-08;7.648714000242762e-08;6.282239999854937e-07
2.1668640000279992e-08;6.402009999728762e-08;7.596211999771185e-08;6.109632000443525e-07
2.0845430000917986e-08;7.244416000321508e-08;6.33229199971538e-08;5.899803999927827e-07
2.18182650001836e-08;7.664892000029795e-08;6.467972000245936e-08;5.36987199971918e-07
2.6152910001110285e-08;7.091280000167899e-08;7.389297999907285e-08;5.574313999968581e-07
2.056499000173062e-08;6.645797999808564e-08;7.411152000422589e-08;5.551168000092729e-07
1.7941194999730214e-08;7.555613999720663e-08;6.341621999745257e-08;5.81969199993182e-07
2.6022170000942424e-08;7.046459999983199e-08;7.299962000106462e-08;6.430602000327781e-07
1.9945130000996868e-08;6.917132000089623e-08;6.606651999754831e-08;6.176881999708712e-07
2.2637795000628103e-08;8.233031999552623e-08;5.640710000297986e-08;6.098110000020824e-07
1.9975135001004672e-08;7.010455999989062e-08;7.665300000226125e-08;5.926935999887064e-07
1.7585585000051652e-08;7.990776000078768e-08;6.977203999995254e-08;6.227433999883942e-07
1.7246869999507907e-08;6.755275999894366e-08;7.497385999886319e-08;5.056789999944158e-07
2.2413035000499804e-08;5.757574000163004e-08;7.000831999466754e-08;5.90974599996116e-07
1.8491670000366866e-08;6.36159999994561e-08;7.08331600006204e-08;5.741723999963142e-07
2.190792999754194e-08;6.906960000051186e-08;7.787048000027426e-08;5.73554000002332e-07
1.8068725000193808e-08;7.40884399972856e-08;7.408272000029682e-08;6.077264000196009e-07
1.8333734999760054e-08;6.91244599991478e-08;6.982666000258177e-08;4.94276599958539e-07
1.758781000098679e-08;6.559635999728925e-08;6.51306800020393e-08;5.706931999884546e-07
1.7340534999675583e-08;6.846023999969475e-08;6.633844000170938e-08;5.574573999620042e-07
1.9058389999554493e-08;5.979356000316329e-08;6.405147999757901e-08;5.847928000148386e-07
1.671286000055261e-08;6.093583999900148e-08;6.924552000127733e-08;5.828444000217132e-07
1.9292820000555367e-08;6.705392000149004e-08;7.648037999751978e-08;5.431441999971867e-07
2.3252530000172555e-08;6.324374000541866e-08;6.029852000065148e-08;5.148126000422053e-07
2.238888000138104e-08;6.592060000402853e-08;7.233010000200011e-08;5.386010000365786e-07
1.732664000010118e-08;6.598709999816492e-08;6.056957999826409e-08;5.609005999867804e-07
1.6418965000775642e-08;7.461904000374488e-08;5.8718740002950654e-08;5.176321999751963e-07
1.8674829999508802e-08;6.577629999956117e-08;6.002809999627061e-08;5.401356000220403e-07
1.676090499968268e-08;5.8850899996468796e-08;6.336318000103347e-08;5.655153999687173e-07
1.8357414999627507e-08;7.415924000088125e-08;6.031840000068769e-08;5.447314000339248e-07
1.904066499992041e-08;6.532069999957457e-08;6.527533999760635e-08;4.973071999847889e-07
1.6680160000396427e-08;7.159213999984785e-08;5.9320499998284505e-08;5.155939999967813e-07
1.798677500046324e-08;5.705915999715216e-08;5.7143460004590454e-08;5.537963999668136e-07
1.5023669999209232e-08;6.22845400008373e-08;5.97263399977237e-08;5.477476000087336e-07
1.5648800000781192e-08;6.329635999863967e-08;6.967533999704756e-08;5.1052820001496e-07
1.7745299999660347e-08;6.86480800039135e-08;6.177733999793418e-08;5.107672000303864e-07
1.6190915000333915e-08;6.490021999925375e-08;6.168078000191599e-08;5.106545999879017e-07
1.6842700001143386e-08;6.99116799980402e-08;7.01496199995745e-08;5.504511999897659e-07
1.645926000055624e-08;6.426185999880545e-08;6.870982000255026e-08;5.309290000004694e-07
1.615221499960171e-08;7.34214200056158e-08;6.918181999935768e-08;5.161653999821283e-07
1.8594019999727607e-08;6.14619399944786e-08;6.95175000000745e-08;5.401290000299924e-07
2.1307669999077917e-08;6.247048000223004e-08;6.000009999843315e-08;5.986567999934777e-07
1.8677659999229946e-08;6.201763999997639e-08;6.013293999712915e-08;5.415730000240728e-07
1.8314805001136847e-08;5.7135079998988657e-08;6.463688000221737e-08;4.929836000083014e-07
1.758576499996707e-08;5.7169880002038553e-08;6.046349999960511e-08;5.731391999870539e-07
1.5407190000405535e-08;7.141664000228048e-08;6.55983600008767e-08;5.301220000255853e-07
1.904932000034023e-08;7.109405999653973e-08;6.929140000138432e-08;5.245906000491232e-07
1.7949804999807385e-08;6.650358000188135e-08;7.420721999951639e-08;5.880125999683515e-07
2.4216580000938846e-08;6.363076000125148e-08;7.564894000533968e-08;5.261023999773897e-07
2.492758000153117e-08;6.831820000079461e-08;6.537801999947988e-08;5.620420000050217e-07
2.4732540000695734e-08;7.257890000473708e-08;8.413179999915883e-08;5.146681999904104e-07
2.2486015000322367e-08;7.169154000002891e-08;6.513535999692976e-08;5.149468000163325e-07
2.0689760000095703e-08;7.085351999849081e-08;5.414741999702528e-08;5.56875400012359e-07
1.817875999986427e-08;6.44293799996376e-08;6.242744000046514e-08;5.321956000407227e-07
2.3647799997706897e-08;7.322329999879002e-08;7.650086000212468e-08;5.12356200022623e-07
1.5785624999261926e-08;6.496642000274733e-08;6.2033419997897e-08;5.162270000437275e-07
1.755548000073759e-08;6.404687999747693e-08;6.32255400007125e-08;5.551782000111416e-07
2.029976999911014e-08;7.7447880001273e-08;8.239384000189602e-08;6.246736000175588e-07
1.944217000127537e-08;7.08874800009653e-08;7.641766000306234e-08;5.112745999940671e-07
2.321593000087887e-08;6.91132000007201e-08;6.497856000205502e-08;5.355098000145517e-07
1.8237175000831485e-08;6.388150000129827e-08;6.028565999586136e-08;5.376110000070184e-07
1.8102279999584427e-08;6.543061999836937e-08;7.299436000175775e-08;5.227192000020296e-07
2.0446624999749474e-08;6.980171999894082e-08;7.274707999895327e-08;5.605922000249848e-07
2.01260599977104e-08;6.774081999901683e-08;6.58073999977205e-08;5.936216000118293e-07
2.1126869998988695e-08;6.6835120000178e-08;6.887361999833956e-08;5.971035999828018e-07
2.1591055000317282e-08;6.39015999971889e-08;7.36503200023435e-08;6.363066000049003e-07
1.7666850000387058e-08;6.532314000069164e-08;6.862482000142336e-08;5.31425399996806e-07
1.6371895000338554e-08;6.259261999512091e-08;6.886217999854125e-08;5.847870000288822e-07
1.795016500109341e-08;7.399607999832369e-08;6.244329999899492e-08;5.277887999545783e-07
1.731240000081016e-08;6.34219800005667e-08;6.510495999827981e-08;5.368028000229969e-07
1.709899499983294e-08;6.361955999745987e-08;6.222149999812246e-08;5.265035999473185e-07
1.617802499968093e-08;6.16211399959866e-08;6.163544000010006e-08;5.149897999945096e-07
1.5932099999918138e-08;6.30663399992045e-08;6.231236000312492e-08;5.226520000142046e-07
1.7942690000927542e-08;6.437250000308267e-08;6.559275999898091e-08;5.752318000304512e-07
1.936171999986982e-08;7.991945999674499e-08;7.03230999992229e-08;5.460324000450783e-07
1.9511754999984986e-08;7.254385999985971e-08;6.594286000472494e-08;5.473403999931179e-07
2.4647605000063776e-08;6.313300000037997e-08;7.297407999867573e-08;5.843712000059895e-07
2.161144499987131e-08;5.864118000026792e-08;8.135480000055395e-08;5.378151999902911e-07
1.8328500000643544e-08;6.022994000231847e-08;6.253755999496207e-08;5.332441999926232e-07
1.6246849999879488e-08;7.171277999877929e-08;5.918170000077225e-08;4.911589999683201e-07
2.6189330001943745e-08;8.115456000086852e-08;7.227835999801755e-08;5.529778000200167e-07
2.1981780001078733e-08;6.166735999868251e-08;6.383258000132628e-08;6.098572000046261e-07
2.2377789999882226e-08;7.387594000319951e-08;8.119584000087343e-08;5.93663599982392e-07
2.3618610002449715e-08;7.443057999480516e-08;7.582488000043668e-08;5.434540000278503e-07
2.651200999971479e-08;7.760752000031062e-08;8.61652999999933e-08;5.713536000112072e-07
2.5121190000209027e-08;7.644438000279479e-08;8.205996000324376e-08;5.62041999946814e-07
2.1355190000031144e-08;7.290843999944627e-08;7.095291999867185e-08;6.394845999893732e-07
2.04181899985997e-08;6.484634000225924e-08;6.398794000269845e-08;5.433826000080444e-07
2.149859999772161e-08;7.753956000087783e-08;6.672341999947093e-08;6.177855999558233e-07
2.165568000054918e-08;7.304418000276201e-08;8.114141999976709e-08;4.974246000056155e-07
2.150576499989256e-08;6.922254000091925e-08;7.61564799991902e-08;6.340066000120714e-07
2.1519585000351072e-08;7.567705999827012e-08;7.758757999981754e-08;5.204459999804385e-07
2.0199759997194632e-08;6.64863999991212e-08;5.893611999927089e-08;5.105619999812916e-07
2.2512879999703726e-08;7.499710000120104e-08;7.055870000040159e-08;5.491681999992579e-07
2.0383910002419725e-08;6.591685999883339e-08;7.243704000138678e-08;5.266492000082508e-07
1.8398015000275337e-08;7.300175999989733e-08;5.637741999817081e-08;5.633135999669321e-07
2.1908650000113994e-08;6.053544000023976e-08;7.428314000135288e-08;5.26978199952282e-07
1.9012025000120047e-08;7.666127999546006e-08;6.212795999599621e-08;6.116137999924831e-07
1.7510315000254196e-08;6.963273999863304e-08;7.908479999750853e-08;6.111208000220358e-07
2.0529660000465812e-08;7.263253999990411e-08;7.761047999956645e-08;5.980086000054143e-07
1.7189180001150817e-08;7.195174000225961e-08;7.321384000242688e-08;5.302243999904022e-07
2.272610999934841e-08;6.670606000116095e-08;7.544950000010431e-08;5.621884000138379e-07
1.633284999988973e-08;6.534029999747872e-08;6.871925999876112e-08;5.297885999898426e-07
1.8385110000963322e-08;6.69655799982138e-08;7.087190000456758e-08;5.897844000137411e-07
2.2583640000084415e-08;7.661716000293382e-08;7.918713999679312e-08;5.804200000129641e-07
2.0679430000018328e-08;8.340396000421606e-08;5.710466000018641e-08;5.631536000291817e-07
1.8111564998980613e-08;6.706801999825985e-08;6.290778000256978e-08;5.786618000129238e-07
2.3469529999420047e-08;6.317734000040218e-08;7.749226000159979e-08;5.728470000321977e-07
2.0761599999968894e-08;6.728644000249915e-08;8.011796000064351e-08;5.436769999796524e-07
2.3519899998791515e-08;6.711514000198803e-08;8.267068000277504e-08;5.987183999968693e-07
2.28560000017751e-08;7.18237399996724e-08;8.359542000107468e-08;5.709716000128537e-07
2.5453239999478684e-08;7.508727999520488e-08;8.375727999955415e-08;5.644515999592841e-07
2.309811000013724e-08;7.651633999776095e-08;7.599261999712326e-08;4.958494000020437e-07
1.9185605000529905e-08;7.897045999998226e-08;6.636939999880269e-08;5.964500000118278e-07
2.1062900000833907e-08;7.142564000096172e-08;6.453322000452317e-08;5.64375400019344e-07
1.783069999946747e-08;6.735954000032506e-08;7.53294599999208e-08;5.622618000488729e-07
2.190505999897141e-08;7.759253999684006e-08;6.599383999709971e-08;5.372596000088378e-07
1.8594370000937487e-08;7.136431999970228e-08;5.936640000436455e-08;5.412125999573618e-07
1.8956349999643863e-08;6.079180000233464e-08;6.656326000229456e-08;5.47233999997843e-07
2.0424339998862707e-08;5.98836199962534e-08;6.782571999938227e-08;5.893903999822214e-07
2.0777750000706874e-08;7.024543999577872e-08;6.208494000020437e-08;5.578721999772824e-07
2.5404239998897538e-08;6.891538000199944e-08;7.436387999914586e-08;6.025727999513037e-07
2.0852749998448416e-08;7.392688000109046e-08;5.959357999963686e-08;6.103031999664381e-07
1.914404499984812e-08;6.458896000403911e-08;7.315735999727621e-08;6.13301399978809e-07
2.0612359998631293e-08;7.724780000280588e-08;6.650923999841326e-08;5.54175800003577e-07
1.8680525000672787e-08;8.072175999986939e-08;5.870505999773741e-08;5.838738000020385e-07
2.1298934999504125e-08;6.692267999751494e-08;7.54696799966041e-08;5.6736099999398e-07
1.8007370000123047e-08;7.016630000434816e-08;7.125820000073873e-08;5.882958000293002e-07
1.6190925000410062e-08;6.304838000214659e-08;7.121503999806009e-08;5.378235999960452e-07
1.740540000027977e-08;6.387795999762602e-08;7.49431399977766e-08;5.561046000220813e-07
1.878391000063857e-08;6.473918000119739e-08;7.175569999963045e-08;5.942334000137634e-07
2.2446659998968244e-08;7.625318000209518e-08;6.682129999971949e-08;5.503346000332385e-07
1.821320500021102e-08;5.729618000332266e-08;7.948257999960333e-08;5.527899999869987e-07
1.9045999999798367e-08;6.534817999927327e-08;6.504354000207969e-08;5.075601999997161e-07
2.013540999905672e-08;6.916474000317976e-08;7.40334999980405e-08;5.163056000019424e-07
1.758477999974275e-08;6.08516599982977e-08;6.304555999813601e-08;5.513800000189803e-07
1.848669999890262e-08;6.950042000389658e-08;5.9483000001637266e-08;5.090933999745176e-07
1.7699790000915526e-08;6.768602000083775e-08;5.767092000460252e-08;5.137195999850519e-07
1.7347439999866765e-08;6.208785999915563e-08;7.079914000350982e-08;5.476228000479751e-07
1.7320239999389742e-08;6.620159999583848e-08;5.976323999930173e-08;5.770217999815941e-07
1.6472724999766798e-08;6.197716000024229e-08;7.524213999859057e-08;5.347834000131115e-07
1.6067964999820106e-08;7.739762000273913e-08;6.097607999690808e-08;5.451929999981075e-07
1.70308250002563e-08;6.890893999952823e-08;6.351230000145733e-08;5.54202199971769e-07
1.8171604999224656e-08;6.973129999823868e-08;6.586518000112847e-08;5.296391999581829e-07
2.1378325000114272e-08;6.023993999697267e-08;6.3701259996742e-08;5.237661999999545e-07
1.761687500111293e-08;5.98037599993404e-08;6.96174000040628e-08;5.34773999999743e-07
1.8932195000525097e-08;6.695655999938026e-08;6.525520000141114e-08;5.98437600012403e-07
1.624424000037834e-08;5.9563940000953154e-08;7.302841999917291e-08;5.698193999705836e-07
1.9959464999556075e-08;6.34304599952884e-08;6.796155999763869e-08;5.517448000027798e-07
1.6612444999918807e-08;6.637114000041037e-08;7.427544000092893e-08;5.303169999970123e-07
2.315266999939922e-08;6.903720000409521e-08;6.648816000088118e-08;5.397149999625981e-07
1.891326999902958e-08;5.9488400002010166e-08;6.643938000197522e-08;5.485722000012174e-07
2.1053139999276027e-08;7.318758000037633e-08;6.203198000439442e-08;5.957043999806047e-07
1.849610500066774e-08;6.514387999777682e-08;6.379758000257425e-08;5.449789999984205e-07
1.8945479999820236e-08;6.155347999883815e-08;6.47160199994687e-08;5.272475999663584e-07
1.770385499985423e-08;6.246403999975883e-08;6.473752000019885e-08;5.21768000035081e-07
1.541637000045739e-08;6.185744000249543e-08;6.691032000235282e-08;5.350202000117861e-07
2.1731499998713845e-08;5.974176000454463e-08;7.042537999805063e-08;4.961541999946349e-07
1.784921500075143e-08;6.768793999799527e-08;5.6999980000546205e-08;5.581600000150502e-07
1.7981185000098775e-08;7.092165999929421e-08;5.979424000252038e-08;5.630538000259549e-07
2.105878999864217e-08;6.455506000202149e-08;6.17058600008022e-08;6.076826000353322e-07
1.8422564999491442e-08;6.666094000102021e-08;6.263597999932244e-08;5.510190000059083e-07
2.090953000006266e-08;6.831417999928818e-08;7.773207999998704e-08;5.739343999885022e-07
1.754332999989856e-08;6.517059999750927e-08;7.273537999717518e-08;5.53172199986875e-07
2.5062060001073405e-08;7.771601999993435e-08;7.677041999995709e-08;5.60639799979981e-07
1.675542500015581e-08;6.84902000008151e-08;6.86740999983158e-08;5.353069999837316e-07
2.0513730001403018e-08;7.191718000103719e-08;6.458548000082374e-08;6.294793999986723e-07
1.9634764999500477e-08;6.146715999930166e-08;8.553987999912352e-08;4.940119999810122e-07
2.078971000155434e-08;7.560118000255897e-08;7.393531999550759e-08;5.450752000324429e-07
1.9756364999921063e-08;7.573595999856479e-08;6.623459999682381e-08;5.809400000143796e-07
2.042770000116434e-08;6.349047999829054e-08;6.373683999991044e-08;5.791336000547745e-07
2.009136999840848e-08;7.192584000295028e-08;6.215568000334315e-08;4.790006000548601e-07
2.0327289999113418e-08;7.308185999863781e-08;6.19412400003057e-08;5.980595999862999e-07
1.78465849996428e-08;6.940121999941766e-08;8.142035999917425e-08;5.516945999697782e-07
2.5986245000967756e-08;6.730218000011519e-08;6.878826000029221e-08;5.216876000049524e-07
1.7949194999528117e-08;7.448888000217267e-08;7.318320000194944e-08;5.790551999816671e-07
1.8830814999819267e-08;6.078894000384026e-08;6.355747999623418e-08;5.527168000116944e-07
1.7646504999720493e-08;8.161421999684535e-08;7.375564000103623e-08;6.006065999972634e-07
2.354062999947928e-08;8.690259999711998e-08;6.583625999628567e-08;6.077455999911763e-07
2.0804100000532345e-08;7.768870000145398e-08;7.664060000097379e-08;4.997017999994569e-07
2.2109350000391715e-08;7.045212000375614e-08;6.282901999657042e-08;5.419528000056743e-07
2.0587185000476893e-08;5.8547079999698324e-08;7.740929999854415e-08;5.221755999955348e-07
1.6379994999442715e-08;6.626884000143036e-08;6.881373999640345e-08;5.868956000194885e-07
1.8954560000565833e-08;6.613201999571174e-08;7.001405999762938e-08;5.514667999814265e-07
1.7917805000615773e-08;7.197299999534152e-08;6.868549999780953e-08;5.71034399967175e-07
2.3030480000306853e-08;6.178606000030414e-08;6.883083999855444e-08;5.644844000344164e-07
1.7881579999811948e-08;6.639280000235885e-08;7.446766000357457e-08;5.708005999913439e-07
2.4220730000524782e-08;6.745432000025175e-08;6.02727799967397e-08;5.805843999842181e-07
1.9819299998926e-08;6.10767800011672e-08;7.682552000042051e-08;5.713483999716118e-07
2.0290510001359507e-08;7.674581999890506e-08;7.055685999803244e-08;5.664766000118106e-07
2.054094999912195e-08;6.925168000161648e-08;7.200623999815434e-08;5.835100000258535e-07
2.0514879998518152e-08;8.157059999648481e-08;7.466325999703258e-08;5.587272000266239e-07
2.3131269999430516e-08;7.126155999721959e-08;7.634848000016063e-08;6.239618000108748e-07
2.0485450001433493e-08;7.537793999654241e-08;7.751500000013038e-08;5.732260000077076e-07
2.1533189999172465e-08;7.812360000098124e-08;6.419653999619186e-08;5.789513999479823e-07
2.0739220001269132e-08;6.533747999928892e-08;7.023418000317179e-08;5.338646000018344e-07
2.0139219998964108e-08;8.222316000028514e-08;7.499905999866315e-08;5.643288000137546e-07
1.991009000048507e-08;8.530819999868982e-08;6.397700000088662e-08;5.609036000096239e-07
2.087716000096407e-08;7.280699999537319e-08;7.661298000020906e-08;5.530473999679088e-07
2.0942030000151135e-08;7.507845999789424e-08;7.542791999876499e-08;7.012308000121265e-07
2.057351999974344e-08;6.9895859999815e-08;6.580328000127338e-08;5.926845999783836e-07
1.8843174999346956e-08;7.961186000029557e-08;7.999924000469036e-08;5.708096000016667e-07
1.8400119998841548e-08;7.14499199995771e-08;5.614112000330351e-08;5.434318000334316e-07
1.6304139999556356e-08;6.572863999754191e-08;5.903249999973923e-08;6.04568799957633e-07
1.765210000012303e-08;6.394484000047669e-08;6.060778000392019e-08;5.113567999796942e-07
2.2298239999508952e-08;6.64967600023374e-08;6.798718000063672e-08;5.59568999975454e-07
2.0512219998636283e-08;6.738161999965086e-08;6.410583999822848e-08;5.772422000300139e-07
2.336206000036327e-08;6.687584000173957e-08;6.917325999820605e-08;5.316987999831326e-07
1.8618744998821057e-08;6.017242000089026e-08;7.572940000100061e-08;5.734174000099301e-07
1.5314070000022185e-08;7.054494000039995e-08;7.215387999895029e-08;5.594859999837354e-07
1.9178604999615344e-08;6.267644000472501e-08;6.331999999820254e-08;5.385820000083185e-07
1.634014000010211e-08;6.466434000176378e-08;6.298494000220672e-08;5.045418000081555e-07
2.325105999916559e-08;7.975030000088736e-08;6.186648000148125e-08;5.568210000055842e-07
2.2329649998573586e-08;6.906860000453889e-08;7.522235999931581e-08;5.201841999660246e-07
2.0321279999916442e-08;6.420829999842681e-08;6.613523999694735e-08;5.42637399979867e-07
1.753010999964317e-08;6.290548000251875e-08;6.612625999841839e-08;5.486877999501302e-07
1.9971805000386666e-08;6.561152000213042e-08;7.191184000112116e-08;5.109800000209362e-07
1.706731500016758e-08;6.449244000250473e-08;6.881178000476212e-08;5.291424000170082e-07
1.8093395000323655e-08;6.812128000310622e-08;6.080289999954402e-08;5.428562000161036e-07
1.6194390000600832e-08;6.596844000159763e-08;5.95915200014133e-08;5.587365999817848e-07
2.1948535001138225e-08;6.862708000116981e-08;6.060103999916464e-08;5.069186000037007e-07
1.8983754998771472e-08;6.756138000055217e-08;6.435287999920547e-08;5.81621399964206e-07
1.9426829999429174e-08;6.998489999677985e-08;7.052976000122726e-08;5.057123999577016e-07
1.7301149999548216e-08;6.696163999731653e-08;7.132605999941006e-08;5.569629999808967e-07
1.754054500052007e-08;5.994080000091344e-08;6.402624000329524e-08;5.286353999981656e-07
2.2155300001031718e-08;7.003703999798744e-08;6.07359399960842e-08;5.043440000154078e-07
2.0648540000547654e-08;7.136318000266329e-08;7.081971999723465e-08;5.393057999899611e-07
1.6206285000953357e-08;6.766215999959968e-08;6.641590000363067e-08;5.338186000008136e-07
1.6020759999810253e-08;6.222773999907077e-08;6.309142000391149e-08;5.411717999959365e-07
1.704028499952983e-08;6.437858000281267e-08;6.067638000240549e-08;5.368880000314676e-07
2.2717689999262803e-08;6.598570000496692e-08;6.842906000092626e-08;5.185983999981544e-07
2.11100600019563e-08;6.236434000311419e-08;8.162536000018007e-08;6.036392000387423e-07
2.0478975000150967e-08;6.470866000163369e-08;6.665419999626466e-08;5.575757999904454e-07
1.984179499995662e-08;6.301754000014626e-08;7.969327999744565e-08;5.677872000378556e-07
1.660639500041725e-08;7.314832000411115e-08;6.448530000052414e-08;5.729370000190102e-07
1.9434080000792164e-08;7.798031999845989e-08;6.991493999958038e-08;5.348577999975532e-07
2.073715500009712e-08;5.792633999953978e-08;7.804083999944851e-08;5.760143999941647e-07
1.8732865000492893e-08;7.28763599996455e-08;7.189038000069559e-08;5.545680000213906e-07
2.2510779998265205e-08;6.971686000470073e-08;5.7325680000940336e-08;5.184136000461876e-07
1.7196574999252333e-08;6.974230000050738e-08;6.217478000326082e-08;4.78354999970179e-07
1.7439050000393762e-08;5.9149779996369034e-08;6.188642000197433e-08;5.370923999580554e-07
1.802659500099253e-08;6.638572000083513e-08;7.31026399997063e-08;5.005643999902531e-07
2.4996509999618866e-08;7.004648000001907e-08;6.255947999889031e-08;5.935252000344918e-07
2.0733679999830202e-08;7.085363999940455e-08;7.268744000466541e-08;6.161777999950573e-07
2.2206494999409187e-08;6.808360000140966e-08;8.085387999890372e-08;5.313705999869853e-07
2.1986340000876224e-08;6.526216000202112e-08;7.298610000289045e-08;5.425465999869629e-07
1.9625155000539962e-08;7.812220000196248e-08;6.253008000203409e-08;5.237731999950483e-07
1.960384499980137e-08;7.056022000033408e-08;6.857875999994576e-08;5.247890000464395e-07
2.1183515001030175e-08;7.646786000113934e-08;7.350798000115901e-08;5.515597999910824e-07
2.1528330000001004e-08;7.602160000242293e-08;7.078175999922677e-08;5.809560000197962e-07
2.097418000048492e-08;6.448417999781668e-08;7.953246000106447e-08;5.373681999626569e-07
1.712324999971315e-08;7.394532000180333e-08;6.350080000120215e-08;5.990849999943748e-07
2.0912590000079944e-08;6.129665999906138e-08;8.155518000130542e-08;5.374156000325456e-07
1.6522219999751543e-08;6.190115999779663e-08;5.901981999631971e-08;4.965780000202358e-07
1.603801999881398e-08;7.163679999648594e-08;6.7251500004204e-08;5.072831999859773e-07
2.0070529999793507e-08;6.355208000168205e-08;6.663306000409648e-08;5.70426199992653e-07
2.0445910000125878e-08;7.251110000070184e-08;6.12782199983485e-08;5.803046000073664e-07
1.91085699989344e-08;7.297660000040195e-08;6.512950000469573e-08;5.640353999915533e-07
1.9702110000071116e-08;7.095506000332534e-08;7.513181999674998e-08;5.570337999961338e-07
2.0152989999041892e-08;6.277097999700346e-08;6.64005599974189e-08;5.456100000301376e-07
2.117978000023868e-08;6.80485199962277e-08;6.587561999913305e-08;5.329447999829427e-07
2.0163854998827446e-08;6.790558000211604e-08;8.201549999648705e-08;6.176883999723941e-07
1.956586000014795e-08;7.035480000195093e-08;6.751146000460721e-08;6.114331999560818e-07
1.9647764999535865e-08;7.197596000041813e-08;6.503726000082679e-08;5.795365999802016e-07
1.8943915001000277e-08;7.778933999943546e-08;7.00744800036773e-08;5.070697999908588e-07
2.026989500009222e-08;7.339001999935135e-08;8.039342000265606e-08;5.429774000076577e-07
1.8128214999160264e-08;6.954094000393524e-08;6.409135999856516e-08;5.070116000133567e-07
1.722728499880759e-08;6.110933999880217e-08;5.810012000147253e-08;5.899992000195198e-07
1.6703480000433047e-08;6.237164000049234e-08;6.279275999986567e-08;5.310618000221439e-07
1.8265999999130143e-08;6.428327999892644e-08;6.125607999856584e-08;4.997746000299231e-07
1.6094235000491607e-08;6.043400000198744e-08;5.648919999948703e-08;4.910559999989345e-07
2.3325895000016318e-08;6.617868000175803e-08;8.188422000384889e-08;5.129655999480747e-07
2.182629999879282e-08;7.518095999839715e-08;6.515060000238009e-08;5.221945999655872e-07
1.5156779999961146e-08;6.389883999945596e-08;6.531484000151976e-08;5.350235999794677e-07
1.760163500002818e-08;6.362803999800234e-08;7.16176399961114e-08;5.156749999732711e-07
1.671338000014657e-08;6.920087999897078e-08;5.852910000248812e-08;6.001888000173494e-07
2.050677000079304e-08;6.57993400003761e-08;5.802236000308767e-08;6.395971999736503e-07
2.3889520001830534e-08;5.8007460000226276e-08;6.074502000119537e-08;6.251527999993414e-07
2.3900199998752214e-08;7.274707999895327e-08;7.152265999466181e-08;5.682857999927365e-07
2.3775349999777973e-08;7.013731999904849e-08;7.333984000142664e-08;5.471352000022307e-07
1.5757170000870245e-08;7.201438000192866e-08;6.182130000088364e-08;5.00302400032524e-07
1.8987799999013078e-08;6.787680000416003e-08;7.444852000335232e-08;5.877722000004724e-07
2.4742410000180824e-08;6.522704000235535e-08;7.589187999838032e-08;6.299164000083692e-07
1.805311500065727e-08;7.356575999874622e-08;7.106324000051244e-08;5.542515999986791e-07
2.2427600002265534e-08;7.178013999946415e-08;6.320583999622613e-08;5.54978400003165e-07
2.1558864999678916e-08;6.859891999629326e-08;6.763796000159345e-08;5.643640000489541e-07
1.9516170000133572e-08;6.372205999796279e-08;6.093721999786794e-08;5.930044000269845e-07
1.7206370001076722e-08;6.045625999686308e-08;8.109988000360318e-08;5.316022000042722e-07
2.0348190001095646e-08;5.81356999988202e-08;6.613861999940127e-08;5.66683400014881e-07
1.6638065000006463e-08;7.003854000358842e-08;6.750741999712772e-08;5.686216000467538e-07
1.7444985000474845e-08;7.556269999477081e-08;8.081719999900087e-08;5.815783999860287e-07
2.1601195000403094e-08;6.555702000041493e-08;7.809466000180692e-08;5.785620000096969e-07
1.669971500086831e-08;6.332206000224687e-08;7.172721999813803e-08;6.171504000085406e-07
2.033532500063302e-08;6.620500000426546e-08;6.526904000202193e-08;5.655204000067897e-07
2.1024559999932535e-08;6.576338000013494e-08;7.000720000360161e-08;5.243804000201635e-07
2.1703464999154676e-08;7.739258000510745e-08;7.647102000191808e-08;6.003595999791287e-07
2.456326999817975e-08;6.5580259996932e-08;7.261667999555356e-08;4.957311999751255e-07
2.0361789999878967e-08;6.283779999939724e-08;6.13924200006295e-08;5.248926000203937e-07
2.031736000208184e-08;7.897240000311286e-08;6.065642000176012e-08;4.956685999641195e-07
2.1568500000284986e-08;6.116415999713354e-08;5.802027999889106e-08;5.564470000099391e-07
2.239420000114478e-08;7.167794000124558e-08;6.292988000204787e-08;5.636229999945499e-07
1.7284769999969284e-08;6.94645399984438e-08;5.7385420001810416e-08;5.561636000056751e-07
1.632400999951642e-08;6.294047999545e-08;7.311742000165396e-08;6.172298000310548e-07
2.2109499998623506e-08;7.401468000025489e-08;6.911648000241258e-08;5.558103999937885e-07
1.903580499929376e-08;7.100144000141882e-08;5.928843999863602e-08;5.607956000021659e-07
1.8994039999961388e-08;6.486412000376731e-08;6.984700000029988e-08;5.276820000144653e-07
2.0541725000657607e-08;6.380840000347234e-08;6.438892000005581e-08;5.08657599973958e-07
2.137040500092553e-08;6.522256000316702e-08;6.951029999763705e-08;5.832689999951982e-07
1.587849999923492e-08;7.729340000078082e-08;6.127090000081808e-08;5.435333999921568e-07
2.064070000196807e-08;7.000062000006438e-08;6.710697999806143e-08;5.60964200005401e-07
1.7835610000474844e-08;6.942619999754243e-08;6.485717999748885e-08;5.387874000007286e-07
2.2291770001174883e-08;7.589245999697596e-08;5.956791999633424e-08;5.150893999962136e-07
2.0704454999940937e-08;6.887914000544697e-08;6.950361999915913e-08;6.126358000328764e-07
2.1758029999909922e-08;7.777553999912926e-08;6.546342000365257e-08;5.521302000270225e-07
1.9897485000547023e-08;7.41375399986282e-08;6.48622400010936e-08;4.965271999826655e-07
1.755777499929536e-08;6.945269999559968e-08;5.7235479995142667e-08;5.393778000143356e-07
1.717561999976169e-08;6.604233999969437e-08;6.639112000120804e-08;5.440266000223346e-07
1.71396250007092e-08;6.266344000468962e-08;6.194008000311442e-08;5.19194399996195e-07
1.7016214999603106e-08;6.54716799966991e-08;6.594086000113748e-08;5.291426000185311e-07
1.729351999965729e-08;6.3635719998274e-08;6.21592800016515e-08;5.517172000254505e-07
2.1542230001068673e-08;6.13039200019557e-08;6.275277999811805e-08;5.451282000285573e-07
1.8649249999725724e-08;6.667796000256203e-08;6.19196199986618e-08;6.10017400002107e-07
1.897517500037793e-08;7.101876000524499e-08;7.229112000204623e-08;5.493263999815099e-07
1.7102485000214073e-08;6.164166000089608e-08;6.549330000416376e-08;6.091172000160441e-07
1.649245000007795e-08;7.051713999826462e-08;7.01416399970185e-08;5.232681999914348e-07
2.319382000132464e-08;6.783148000249639e-08;7.13249399967026e-08;5.311557999812066e-07
2.154134000011254e-08;6.827001999481581e-08;6.595275999861769e-08;5.276847999775783e-07
1.829968999954872e-08;6.902567999786698e-08;7.680688000400551e-08;6.117728000390344e-07
2.0959129999391735e-08;6.175178000121378e-08;6.364797999849543e-08;5.578849999583326e-07
1.8193525000242518e-08;7.61932399997022e-08;6.369853999931366e-08;5.547458000364713e-07
1.7340065000462347e-08;7.479590000002645e-08;7.816412000101992e-08;5.158677999861539e-07
1.7331924999598412e-08;6.862694000010379e-08;6.402778000338002e-08;5.596474000485614e-07
1.874960999994073e-08;5.812210000003688e-08;6.682311999611556e-08;5.7159840001259e-07
1.6761800000676886e-08;7.299504000111483e-08;6.945097999996506e-08;5.946239999611862e-07
2.0572509997873568e-08;7.169435999821872e-08;6.888093999587e-08;6.070425999932923e-07
2.1704320001299494e-08;6.864753999980167e-08;6.188488000188955e-08;5.653725999873132e-07
1.7683984999894164e-08;6.664905999787152e-08;6.141854000161402e-08;6.314912000088953e-07
1.805307000031462e-08;6.533139999955892e-08;6.604758000466973e-08;5.675277999835089e-07
1.8805884999164845e-08;7.183977999957279e-08;6.2606219999725e-08;5.50676199956797e-07
1.89234449993819e-08;6.4117640000768e-08;7.3536619998049e-08;5.262733999988995e-07
2.033880499948282e-08;6.059435999486595e-08;6.349869999685325e-08;5.074123999802396e-07
1.6481820000626613e-08;6.315520000061952e-08;6.012823999626562e-08;5.153259999933652e-07
1.5099010000994895e-08;5.910969999968074e-08;7.261508000083268e-08;5.262793999863788e-07
1.72128000005614e-08;6.707378000137396e-08;6.439523999579251e-08;5.461021999944933e-07
1.7737930000294e-08;6.010902000125498e-08;6.152646000264213e-08;5.132498000166379e-07
1.8524429999524728e-08;7.096631999593228e-08;7.635476000141353e-08;5.271464000106789e-07
2.2790700002224185e-08;7.709993999451398e-08;6.363113999832421e-08;5.67838600021787e-07
1.7819664999842643e-08;7.598585999803618e-08;6.769374000141397e-08;5.601341999717988e-07
1.889904999989085e-08;6.891298000118695e-08;6.86241000017617e-08;5.972842000192031e-07
2.185048499959521e-08;7.51302799966652e-08;7.541778000304476e-08;5.67603199975565e-07
1.8723419999878388e-08;7.997361999587156e-08;7.447359999641777e-08;6.154321999638341e-07
2.303867000155151e-08;6.831707999808714e-08;7.359385999734513e-08;5.642323999782093e-07
2.206722999981139e-08;7.067060000263155e-08;6.406278000213205e-08;5.199160000192933e-07
2.4441789998672902e-08;6.943206000141799e-08;6.816234000143595e-08;5.713872000342235e-07
1.8960460000380407e-08;7.122622000169941e-08;5.484978000167757e-08;5.520571999950335e-07
2.3744820000138133e-08;6.671768000232988e-08;5.898645999841392e-08;5.787882000440732e-07
1.9197379999968688e-08;7.95064400008414e-08;6.508558000205084e-08;5.813119999947958e-07
2.22947150003165e-08;7.871762000140733e-08;8.017431999905966e-08;5.244624000042677e-07
2.2278700000606476e-08;8.440533999819309e-08;7.304047999787144e-08;5.735246000112965e-07
2.1208620001561938e-08;6.518511999747716e-08;6.351475999690592e-08;5.955236000008881e-07
1.8188365000241902e-08;6.668357999878935e-08;6.957644000067376e-08;6.132575999945402e-07
1.8268820000230335e-08;6.713082000496797e-08;7.775455999653786e-08;5.426781999995001e-07
1.9936494999274145e-08;6.206041999976151e-08;5.50349599972833e-08;5.171178000164218e-07
2.1154370001750067e-08;6.949493999709375e-08;7.037055999971926e-08;5.59806200035382e-07
1.7634544998873025e-08;7.280449999962002e-08;6.300564000266604e-08;5.268033999600447e-07
1.93737699999474e-08;6.596148000098765e-08;7.483218000270427e-08;5.726471999660135e-07
1.7366739999852142e-08;6.726276000263169e-08;6.122469999827444e-08;5.016390000237152e-07
1.6689895000308752e-08;7.420958000002429e-08;6.610600000130944e-08;5.30880399979651e-07
1.8047935000504368e-08;6.960305999964476e-08;5.701973999966867e-08;4.833400000352413e-07
1.825492500065593e-08;5.849166000261903e-08;6.216870000353083e-08;5.240761999739334e-07
2.401675000146497e-08;5.5260799999814483e-08;6.874628000077792e-08;5.05890000029467e-07
2.3264219998964108e-08;7.579578000004403e-08;5.9505880001233894e-08;5.540431999834255e-07
2.0086539999465458e-08;5.995177999720908e-08;6.595406000269576e-08;5.216306000365875e-07
1.6094824999163393e-08;5.938161999802105e-08;5.6147780001629146e-08;5.493684000102804e-07
1.7709734999516512e-08;6.157079999684356e-08;6.831191999954171e-08;5.185544000123627e-07
1.6970749999745748e-08;6.471181999659166e-08;5.993021999602205e-08;5.938515999587253e-07
1.668061999953352e-08;6.584754000068642e-08;7.030219999724067e-08;5.212467999663204e-07
1.6675195000425447e-08;6.539764000335709e-08;5.6178639997961e-08;5.120755999814719e-07
1.617697499896167e-08;6.049862000509165e-08;6.359124000300653e-08;5.470177999814041e-07
1.5189434999774677e-08;6.525387999718078e-08;6.700114000122994e-08;5.368386000045575e-07
1.576237499975832e-08;7.128075999789871e-08;6.066614000010305e-08;5.122772000031546e-07
1.659695999987889e-08;5.972623999696225e-08;5.8470740000484514e-08;5.59296199993696e-07
1.7656355000508485e-08;7.030827999697067e-08;5.5622920003952456e-08;5.638338000280783e-07
1.837417000060668e-08;6.261049999739044e-08;5.828441999619827e-08;5.480749999987893e-07
1.6692459999467245e-08;6.70479999971576e-08;5.9529819997260345e-08;4.5416379999369385e-07
1.8554299999959768e-08;5.990636000060476e-08;5.8780520001892e-08;4.7070020000683146e-07
1.9119719999434892e-08;6.468087999965065e-08;7.23115400003735e-08;4.74757399992086e-07
2.569614000094589e-08;6.09351399994921e-08;5.983776000211946e-08;4.4044779997784645e-07
1.8619914998998867e-08;6.21108399995137e-08;6.537440000101924e-08;4.605011999956332e-07
1.648265999974683e-08;7.074641999788582e-08;7.23113399988506e-08;4.572657999815419e-07
1.6009864999796264e-08;7.290580000262708e-08;6.03519199998118e-08;4.5335020002676175e-07
1.581727000011597e-08;6.91517599974759e-08;5.852662000106648e-08;4.696945999749005e-07
2.2577479999745263e-08;6.954453999642282e-08;6.832939999876543e-08;4.507765999878757e-07
1.7113489999610464e-08;6.897055999725125e-08;6.499148000148125e-08;4.4154540001181883e-07
1.630320000112988e-08;6.564432000159286e-08;6.6609240003163e-08;4.4513239996740595e-07
1.5643750000162982e-08;7.471798000042327e-08;6.41799200035166e-08;4.2790200002491475e-07
1.6786029998911545e-08;7.631703999941238e-08;6.49903399986215e-08;4.5451280003180726e-07
2.6028319998295048e-08;8.082908000214957e-08;7.21591800043825e-08;4.984665999654681e-07
2.379030000010971e-08;7.434907999704592e-08;8.051221999921836e-08;4.529618000378832e-07
1.8851315000210887e-08;7.80916600022465e-08;8.467005999991671e-08;5.025164000107907e-07
2.228326000040397e-08;7.365460000000895e-08;7.574357999837958e-08;4.637332000420429e-07
2.171460000099614e-08;6.471055999863893e-08;6.05449399969075e-08;4.711857999791391e-07
2.321968000032939e-08;7.833536000107415e-08;6.783526000217534e-08;4.4457580003654586e-07
2.411865000030957e-08;7.133858000161127e-08;7.926912000402808e-08;5.007650000043214e-07
2.353820000134874e-08;6.417034000041895e-08;8.087001999956555e-08;4.224603999755345e-07
2.0644904999062417e-08;6.884564000065438e-08;8.202446000068449e-08;5.305532000493258e-07
1.8195704999379815e-08;7.516563999815844e-08;6.589465999859385e-08;4.259473999845795e-07
1.5794499999901747e-08;7.088783999788575e-08;6.329365999554284e-08;4.3315799999982116e-07
1.83322249999037e-08;8.145034000044688e-08;7.151446000207215e-08;4.653891999623738e-07
1.5776864999497775e-08;7.482740000123158e-08;6.40564400004223e-08;4.990916000097059e-07
1.7072739999275654e-08;7.561221999931149e-08;7.106959999655373e-08;4.597298000007868e-07
2.3738479999883567e-08;6.92829800012987e-08;6.840556000242941e-08;4.875751999788918e-07
1.7047090000414754e-08;7.127543999813497e-08;6.977423999924213e-08;4.429701999761164e-07
1.7365789999894333e-08;6.690881999675184e-08;7.66243799997028e-08;4.822375999647193e-07
1.931475000019418e-08;7.850311999791301e-08;6.696490000467747e-08;4.5914580003591255e-07
2.099840999871958e-08;6.577106000040658e-08;5.995348000433296e-08;4.451855999650434e-07
2.10184700001264e-08;8.080941999796778e-08;6.27886199974455e-08;4.939328000182286e-07
2.2536779999791178e-08;6.922342000179924e-08;6.010497999959626e-08;4.4886600004974753e-07
2.450852500041947e-08;8.156658000079915e-08;6.960102000157349e-08;4.698463999666274e-07
2.0176475000334903e-08;6.787443999783135e-08;7.549044000334106e-08;4.465912000159733e-07
2.0825180000974797e-08;7.628872000495903e-08;6.678022000123747e-08;4.993211999535561e-07
2.2219139998196624e-08;6.784543999820017e-08;8.261796000297181e-08;4.065071999793872e-07
2.1323509997455403e-08;6.615172000019811e-08;7.289995999890379e-08;5.018803999992087e-07
2.0708180000656285e-08;5.8298239996656775e-08;6.378471999778412e-08;4.800077999825589e-07
2.5740800000494347e-08;7.082088000024668e-08;7.731589999748394e-08;5.147726000286639e-07
2.438010000041686e-08;7.836380000226199e-08;6.76030200032983e-08;4.638799999956973e-07
2.1371750000980683e-08;7.898947999929078e-08;7.968302000081166e-08;5.119923999882304e-07
1.7878424999071284e-08;8.08110999991186e-08;6.923151999944821e-08;4.313955999678001e-07
1.9512249999388588e-08;7.409403999918141e-08;7.869862000225112e-08;4.804500000318512e-07
1.9780105000245384e-08;8.369689999963157e-08;6.387256000307388e-08;4.850350000197068e-07
2.218008999770973e-08;7.915702000027522e-08;7.425956000224687e-08;4.918454000144266e-07
1.8773779999173712e-08;7.265350000234321e-08;7.248925999738276e-08;4.4899459998123347e-07
2.5795410000137053e-08;7.759226000052876e-08;6.469340000185184e-08;5.118210000218823e-07
2.2677509998902678e-08;8.580934000201524e-08;8.022821999620646e-08;4.680652000242844e-07
2.13832800014643e-08;8.185192000237293e-08;6.009495999896899e-08;4.639652000041679e-07
1.889163999876473e-08;6.45325799996499e-08;7.348707999917679e-08;4.452364000026137e-07
2.2646140001597813e-08;5.6287620001239704e-08;6.29408799984958e-08;4.645375999971293e-07
1.895397500047693e-08;7.57411599974148e-08;5.599792000139132e-08;4.4076540000969544e-07
1.6203595000843053e-08;6.326791999745183e-08;6.336593999876641e-08;4.7232940001413226e-07
1.9706290001340676e-08;7.744556000106968e-08;6.463546000304632e-08;4.409387999912724e-07
2.1013729998958297e-08;6.826798000256531e-08;7.990727999713271e-08;4.143661999842152e-07
2.1499099998618478e-08;5.782712000072934e-08;7.967097999644465e-08;4.4108300004154443e-07
2.2185450000688434e-08;6.429857999901287e-08;7.61925800004974e-08;4.477608000161126e-07
1.6587224999966566e-08;6.38187000004109e-08;6.577855999930762e-08;4.7254380001686516e-07
1.7774484999245032e-08;6.17746400006581e-08;7.694541999953799e-08;4.1302780003752557e-07
1.7118479999771806e-08;7.109731999807991e-08;6.138292000396177e-08;4.027502000099048e-07
1.7407665000064297e-08;6.767791999736801e-08;7.320192000479438e-08;4.295096000423655e-07
1.810945500037633e-08;6.702428000280634e-08;7.047764000017196e-08;4.668453999911435e-07
1.770368500001496e-08;6.55417200003285e-08;6.871046000160277e-08;4.3416820000857114e-07
1.524781000043731e-08;6.489434000104666e-08;7.232116000377573e-08;4.583266000263393e-07
1.8408234999515117e-08;6.447295999969356e-08;6.237878000247293e-08;4.287505999673158e-07
1.6814189999422524e-08;7.299239999847487e-08;6.518796000164002e-08;4.857166000292637e-07
2.1464280001237058e-08;6.285579999675975e-08;6.711802000063472e-08;4.463860000250861e-07
1.769003499939572e-08;5.687380000017583e-08;6.790217999950983e-08;4.5120959996711464e-07
1.839042000065092e-08;6.240819999948144e-08;6.389101999811828e-08;4.332542000338435e-07
1.8285545000981072e-08;6.872691999888048e-08;5.597247999976389e-08;4.288624000037089e-07
2.1744209999451414e-08;6.247759999823757e-08;5.8588359999703245e-08;4.3297000002348795e-07
1.725762499991106e-08;7.144271999713965e-08;6.095708000357263e-08;4.447558000101708e-07
1.786776000080863e-08;6.254416000447237e-08;6.543084000004455e-08;4.0405020001344385e-07
1.6111659999296536e-08;6.332157999859191e-08;6.543751999852247e-08;4.1597219998948273e-07
1.7774544999701903e-08;6.853160000173376e-08;6.292119999998249e-08;4.2505880002863703e-07
1.5738585000508464e-08;6.062270000111312e-08;5.5713539995485914e-08;4.264433999778703e-07
1.7026405000069645e-08;7.09796599985566e-08;6.413569999858737e-08;4.605458000442013e-07
1.699674999981653e-08;6.981220000307076e-08;6.339945999789052e-08;4.4068739999784155e-07
1.6930670000147075e-08;6.480525999795646e-08;6.603467999957501e-08;4.288357999757864e-07
1.8275315000209956e-08;6.15888400003314e-08;6.457727999659255e-08;4.5395120000466707e-07
1.8889279999712017e-08;6.891951999859884e-08;6.343393999850377e-08;4.0574939997168256e-07
2.2253259998979048e-08;6.446706000133418e-08;5.398763999692164e-08;4.6197120001306756e-07
1.772087499994086e-08;6.783890000078827e-08;7.137004000251182e-08;4.4746580003993584e-07
1.6435515000193845e-08;6.322487999568693e-08;6.557396000134759e-08;4.270540000288747e-07
1.8331815001147335e-08;6.469077999936417e-08;6.835935999988579e-08;4.5321280002826825e-07
1.6777564999938478e-08;6.78849799965974e-08;6.672305999672971e-08;4.552986000198871e-07
2.0746725000208243e-08;6.337367999949493e-08;6.366068000206724e-08;4.4249419996049256e-07
1.735534000035841e-08;7.227958000148647e-08;6.09417800034862e-08;4.295321999816224e-07
1.826940500031924e-08;7.249384000315331e-08;7.081018000026233e-08;4.3048999999882653e-07
1.806862500088755e-08;7.702168000396342e-08;6.370980000356213e-08;4.7322659997735173e-07
1.9107280000753234e-08;5.975301999715157e-08;6.211406000074931e-08;4.6190960000967604e-07
1.696650999947451e-08;6.11365799966734e-08;6.634019999764859e-08;4.2460040003061293e-07
1.618027499935124e-08;5.936097999801859e-08;6.48758800001815e-08;4.3693540000822393e-07
1.7893685000308323e-08;5.994823999935762e-08;6.005088000092655e-08;4.0944280003895985e-07
1.7385549999016803e-08;6.921371999778784e-08;6.749243999947794e-08;4.415566000388935e-07
1.861621499992907e-08;7.582490000058897e-08;6.220096000470221e-08;4.200028000050224e-07
1.6928694999660364e-08;7.302119999658316e-08;6.857369999634102e-08;4.73446799966041e-07
2.0281545000034384e-08;6.541593999718315e-08;6.963258000323549e-08;4.4372859998838974e-07
1.501626499957638e-08;6.749397999956272e-08;5.98548199981451e-08;5.652546000201255e-07
1.562945499899797e-08;6.835061999736354e-08;6.064106000121683e-08;5.295316000119782e-07
1.84941900006379e-08;6.367469999822788e-08;5.9520800004247576e-08;5.608467999845743e-07
1.7726915000821463e-08;7.058422000263817e-08;6.230113999918103e-08;5.267855999991297e-07
1.6660920000867918e-08;6.604862000094727e-08;6.324507999815978e-08;5.843461999902502e-07
1.974902999936603e-08;6.436961999861523e-08;6.545033999718725e-08;5.680999999749474e-07
1.861483499960741e-08;6.09245200001169e-08;6.289498000405729e-08;5.390178000088781e-07
1.8609084999479818e-08;6.890275999903679e-08;6.180777999688872e-08;4.958171999896877e-07
1.7871685000136493e-08;6.40926199965179e-08;5.8769079996272923e-08;5.876884000026621e-07
1.6804854999645613e-08;6.313992000068538e-08;6.571495999814942e-08;5.067976000136696e-07
1.983429999963846e-08;8.192751999595203e-08;6.420090000028723e-08;5.446362000075169e-07
1.8610564999107737e-08;5.741185999941081e-08;7.543947999947705e-08;5.176318000303582e-07
1.8911654999828896e-08;6.815029999706894e-08;6.116057999897748e-08;5.59531600039918e-07
1.8374984999536537e-08;7.177301999763586e-08;5.788585999980569e-08;5.72407600004226e-07
2.0382660000177565e-08;6.292924000299535e-08;6.032273999881e-08;5.394222000031732e-07
1.857239000091795e-08;7.307257999782451e-08;6.791024000267498e-08;5.999063999624923e-07
2.0094109998899512e-08;6.544692000024952e-08;7.019120000186376e-08;5.449842000380158e-07
2.070300500054145e-08;5.589799999725074e-08;6.068964000442065e-08;5.961477999808266e-07
1.8382304999977352e-08;6.653172000078485e-08;5.619795999955386e-08;5.316975999739952e-07
2.0087909998255783e-08;6.519375999923796e-08;6.739535999950021e-08;5.289744000183418e-07
1.7224754999915603e-08;7.127424000063912e-08;6.858156000380404e-08;5.895438000443392e-07
2.0115555000666062e-08;6.500374000170268e-08;7.187391999759711e-08;5.692335999920033e-07
2.1002580001368188e-08;5.964070000336506e-08;5.865129999583587e-08;5.597237999900244e-07
1.7464925000967924e-08;6.36140999966301e-08;6.61121400014963e-08;5.202050000079907e-07
1.7090165000990965e-08;6.588281999574974e-08;7.625474000233225e-08;5.122660000342875e-07
1.7329824999615084e-08;6.090117999701761e-08;6.070793999824673e-08;5.770716000115499e-07
2.0369739999296145e-08;6.605805999715813e-08;7.08241399959661e-08;5.396203999989666e-07
1.828811000013957e-08;6.491737999604084e-08;8.092247999738902e-08;5.872928000171669e-07
2.031985000066925e-08;7.258187999832443e-08;8.391730000148527e-08;5.856561999535189e-07
1.8840569999883882e-08;7.501838000025601e-08;6.365021999808959e-08;5.568904000101611e-07
1.8827079999027774e-08;6.259410000056959e-08;6.256703999824822e-08;5.803052000119351e-07
2.1155619999626653e-08;6.032388000166975e-08;6.65992800029926e-08;6.385676000500098e-07
1.952402000024449e-08;7.575640000286512e-08;7.503492000396364e-08;5.22235999989789e-07
2.0828500000061466e-08;6.711607999750413e-08;6.429255999973975e-08;5.600623999489471e-07
1.809686999913538e-08;6.027767999912612e-08;6.190910000004805e-08;5.468006000155583e-07
2.0439800000167453e-08;6.807761999662035e-08;6.432732000248506e-08;5.729132000124082e-07
1.89581550002913e-08;7.694061999791302e-08;7.071729999734089e-08;5.394682000041939e-07
2.0051389999571256e-08;8.382158000022173e-08;5.911072000162676e-08;5.921042000409215e-07
1.9836099998792632e-08;6.683972000028006e-08;6.96661000023596e-08;5.802621999755502e-07
2.172209999989718e-08;7.302050000289455e-08;8.467578000272625e-08;5.292765999911353e-07
2.6115579999168404e-08;6.898582000285387e-08;6.713266000151634e-08;5.940668000257574e-07
1.8642349999572617e-08;7.213167999871075e-08;7.318785999668763e-08;5.303361999685876e-07
2.3319089997676202e-08;6.948544000042603e-08;5.9227620001183825e-08;5.536634000018239e-07
2.0057270000688733e-08;6.494670000392944e-08;7.466918000136502e-08;5.759784000110813e-07
2.2246119999908843e-08;5.857219999888912e-08;6.730268000392243e-08;5.613152000005356e-07
1.8057154999405612e-08;6.405939999967814e-08;5.851699999766424e-08;5.636499999673106e-07
1.809137499949429e-08;6.888016000157222e-08;6.821381999761797e-08;5.816298000281676e-07
1.7302740000013727e-08;6.953807999962009e-08;6.138492000172845e-08;5.664122000453062e-07
1.7830934999801684e-08;7.37972799979616e-08;6.416962000075728e-08;5.138279999955557e-07
2.0155490000615828e-08;5.6874660000903535e-08;5.9386839997023344e-08;5.381088000140153e-07
1.9521494999935386e-08;6.175138000398874e-08;6.509663999895566e-08;5.569128000061027e-07
2.0630185000482014e-08;6.176784000126645e-08;6.871824000263586e-08;5.470748000079766e-07
1.820097000017995e-08;6.254107999848201e-08;6.01089600007981e-08;5.30328799970448e-07
1.7529340001055972e-08;6.440091999829747e-08;6.329445999581367e-08;5.889339999994263e-07
1.6121030000795144e-08;6.553803999559023e-08;6.538306000293233e-08;5.318907999899238e-07
1.818624000006821e-08;6.153061999939382e-08;7.120025999611244e-08;4.917807999881915e-07
1.6703229999984616e-08;6.151542000006884e-08;6.847432000213303e-08;5.636804000241682e-07
1.563146999978926e-08;5.976623999886215e-08;7.381318000261671e-08;5.108901999774389e-07
1.6387950000353158e-08;5.939090000465512e-08;6.139622000046074e-08;5.733264000155032e-07
1.585666000028141e-08;6.444081999943591e-08;6.40237400017213e-08;5.599399999482557e-07
1.6812550000031478e-08;6.428321999846958e-08;7.022907999926247e-08;5.171034000231884e-07
1.743566499935696e-08;6.258813999593258e-08;7.058400000096299e-08;5.983606000081636e-07
1.6716515000734944e-08;6.433708000113256e-08;6.009128000005149e-08;5.308050000458025e-07
1.727408500009915e-08;6.740944000193849e-08;6.258391999872401e-08;5.416548000066542e-07
1.983296499965945e-08;6.324826000491158e-08;6.666366000426933e-08;5.430610000039451e-07
1.8229455000255258e-08;6.609988000127487e-08;7.042755999718792e-08;5.436306000337936e-07
1.6854359999706502e-08;6.407801999594085e-08;7.247746000066399e-08;5.605395999737084e-07
1.884575500007486e-08;6.57952799985651e-08;6.029656000318938e-08;5.490833999938332e-07
1.7575835000025108e-08;6.00868800014723e-08;6.243089999770746e-08;5.659324000007473e-07
1.6718375000345985e-08;7.03390999988187e-08;6.349867999670096e-08;6.169138000113889e-07
1.7365875000541563e-08;6.672670000116341e-08;6.79722800035961e-08;5.314708000514656e-07
1.8439050001325087e-08;6.493870000122115e-08;6.041668000398204e-08;4.895985999610275e-07
1.8063634999271017e-08;6.818396000307985e-08;6.16489999985788e-08;4.897533999755978e-07
1.778766499919584e-08;5.947349999914877e-08;5.8883999998215586e-08;5.56315399997402e-07
1.5341984998667612e-08;7.112601999542675e-08;6.896964000188746e-08;5.584753999719396e-07
1.5918969998892864e-08;5.870938000152819e-08;5.816286000190303e-08;5.43193000019528e-07
1.5545594999275637e-08;6.456740000285209e-08;6.46675200026948e-08;5.184352000360377e-07
1.8951450000167825e-08;6.213082000031136e-08;6.224150000489317e-08;5.021674000308849e-07
1.6504094999982044e-08;6.146130000124686e-08;6.457800000207499e-08;5.140678000170737e-07
1.7619274999015032e-08;6.236813999712468e-08;6.631334000267089e-08;5.19058000005316e-07
1.6426550000323915e-08;6.47694399987813e-08;5.8140079997247086e-08;5.146020000101998e-07
1.6172099999675993e-08;6.692553999600932e-08;7.08096000016667e-08;5.640290000010282e-07
1.8559110000205693e-08;6.187782000051811e-08;5.696765999891795e-08;5.547911999747157e-07
1.7449005000526085e-08;6.296623999951407e-08;6.60619400034193e-08;5.915321999927983e-07
1.7606149999483023e-08;6.280854000360705e-08;7.061720000347122e-08;5.267294000368565e-07
1.9928929999878163e-08;6.333161999937147e-08;7.14923000021372e-08;5.845048000337556e-07
2.2464330002549104e-08;6.43058400019072e-08;5.976462000398896e-08;5.592631999752484e-07
1.8730084999697282e-08;5.981656000367365e-08;6.114090000046417e-08;5.229072000365704e-07
2.1056470001349225e-08;6.938566000317224e-08;6.837176000117325e-08;5.849797999835573e-07
1.656474000046728e-08;7.43501599994488e-08;6.143870000378229e-08;5.82089800038375e-07
1.9462754999403843e-08;6.714313999982551e-08;5.993275999790058e-08;5.236686000134796e-07
1.8277304999355693e-08;6.914511999930255e-08;6.974854000145569e-08;5.475533999851905e-07
1.950164500012761e-08;6.452134000137448e-08;7.017056000186131e-08;5.837867999798618e-07
1.7696505000640172e-08;6.231010000337847e-08;6.954443999566138e-08;5.539156000013463e-07
1.8594199999643024e-08;6.72809999960009e-08;6.14523200027179e-08;5.713477999670431e-07
2.0999500001198613e-08;6.367356000118889e-08;6.315097999759018e-08;5.455396000179462e-07
1.8263359999400564e-08;6.0706680000294e-08;6.374558000243268e-08;6.194868000457064e-07
1.8066285000531933e-08;6.568149999948219e-08;6.717215999960899e-08;5.33166000037454e-07
2.25051599991275e-08;6.127632000134327e-08;6.956233999808319e-08;5.121388000552543e-07
1.8296935000398662e-08;6.206249999813735e-08;5.976042000111193e-08;5.581653999979607e-07
1.6417730000102893e-08;7.668864000006579e-08;5.56215200049337e-08;5.69861600000877e-07
1.8328480000491254e-08;6.426916000200436e-08;6.545286000473424e-08;5.626788000226952e-07
2.0226479999837465e-08;5.878796000033617e-08;7.460410000057891e-08;5.251848000334576e-07
1.665385999949649e-08;5.5642380000790584e-08;6.315922000212595e-08;5.599638000130654e-07
2.1089299999584908e-08;6.008916000137106e-08;6.255812000017613e-08;5.238522000145167e-07
1.713587499980349e-08;6.28274800023064e-08;7.262455999734812e-08;5.356566000264138e-07
1.8315969999821392e-08;6.553013999946416e-08;6.378269999986514e-08;5.18121599976439e-07
1.6869374999077992e-08;7.770677999942564e-08;7.918727999785915e-08;5.237337999860756e-07
2.2956959999282843e-08;6.452249999856576e-08;6.673740000114776e-08;5.107498000143096e-07
1.5774100000271575e-08;7.366815999848768e-08;6.253918000147678e-08;5.384938000352122e-07
1.9734540001081767e-08;6.000859999912791e-08;7.810341999866068e-08;5.556142000132241e-07
1.9990034999500496e-08;6.606176000204868e-08;6.651247999980115e-08;5.43662799987942e-07
1.816775500046788e-08;7.246435999986715e-08;5.897021999699063e-08;5.4326000000583e-07
2.226533999782987e-08;6.73192799964454e-08;6.78090000001248e-08;5.25493799999822e-07
1.8499194999458268e-08;6.691564000211656e-08;7.232522000558675e-08;5.776912000146695e-07
2.0011619999422693e-08;7.098530000075698e-08;6.79184400010854e-08;5.748262000270188e-07
1.5763374998641668e-08;5.979519999818876e-08;6.97526799980551e-08;5.849608000135049e-07
1.6823875000409318e-08;7.505937999812886e-08;6.583014000207186e-08;5.885368000017479e-07
1.7693475000851322e-08;6.319333999999799e-08;5.653000000165775e-08;5.319266000296921e-07
2.2998340000049212e-08;7.115461999783292e-08;6.218404000392184e-08;5.665387999615632e-07
1.7495749999943655e-08;6.158860000432469e-08;8.249795999727212e-08;5.326504000113345e-07
2.154517000017222e-08;7.237580000073648e-08;6.71911799989175e-08;5.813344000489451e-07
2.0597779999661726e-08;6.910164000000804e-08;6.531712000141852e-08;6.483495999709703e-07
2.2918749999371357e-08;7.121640000259503e-08;7.192595999804325e-08;5.962475999840535e-07
2.126218999910634e-08;7.191426000208593e-08;6.293430000077933e-08;5.741259999922477e-07
1.6740940000454428e-08;6.960071999928915e-08;7.601705999695696e-08;5.282425999757834e-07
1.791730499971891e-08;6.523491999832914e-08;7.26112199947238e-08;5.766467999783344e-07
2.6522995000414084e-08;6.700085999909788e-08;7.14516600011848e-08;6.142285999958403e-07
2.3680014999990817e-08;6.67974000039976e-08;6.808633999899029e-08;5.454610000015237e-07
2.4737789999926462e-08;7.119987999903969e-08;6.289600000018255e-08;6.508565999683924e-07
2.160239999939222e-08;6.99631399998907e-08;6.494801999651827e-08;5.306145999929867e-07
2.2478664999653118e-08;6.114264000207185e-08;8.092737999977544e-08;5.307534000021406e-07
1.5850250000949018e-08;7.050542000215501e-08;6.096541999722831e-08;5.966985999839381e-07
2.478028500045184e-08;7.700474000303075e-08;6.610503999982029e-08;6.615124000236392e-07
2.4633160000666977e-08;7.178817999665626e-08;7.132708000135609e-08;5.4700939997565e-07
1.931572499888716e-08;6.570815999875777e-08;6.369293999741785e-08;5.886191999888979e-07
2.2291989999939687e-08;7.919796000351198e-08;5.609468000475317e-08;5.256322000059299e-07
2.0320260000880808e-08;7.094482000102288e-08;5.593325999798253e-08;6.089613999938592e-07
2.6135210000211374e-08;6.865179999731481e-08;8.021469999803231e-08;6.332658000173978e-07
2.1261450002202764e-08;8.270603999844752e-08;9.11671000008937e-08;6.39216999989003e-07
1.8841930000053252e-08;6.949105999665335e-08;6.401267999899573e-08;5.567657999927178e-07
2.2522100000060163e-08;7.427395999548025e-08;9.051518000196666e-08;6.059699999750591e-07
2.636853999865707e-08;6.410766000044532e-08;6.487228000187314e-08;6.092306000064127e-07
2.044261500122957e-08;7.32071399979759e-08;7.135632000281476e-08;5.679937999811955e-07
1.9925694999983534e-08;8.795302000362426e-08;8.86936999973841e-08;5.299896000069567e-07
2.1164389999466947e-08;7.820766000077128e-08;8.481055999873205e-08;5.838590000057593e-07
2.081816499994602e-08;7.478522000019439e-08;6.89137400011532e-08;5.615760000073351e-07
1.735655500087887e-08;8.109047999605537e-08;7.409235999803059e-08;5.7287739997264e-07
1.9349949999013917e-08;6.426838000188582e-08;6.922511999728158e-08;5.70473600004334e-07
2.2937450002063998e-08;6.606635999632999e-08;7.717910000355914e-08;5.745098000043072e-07
2.3503159999381752e-08;8.797578000230715e-08;5.896203999873251e-08;6.216542000183836e-07
1.5053854999132453e-08;6.897878000163473e-08;6.840694000129587e-08;5.812793999793939e-07
2.1586329999263397e-08;6.694499999866821e-08;9.049812000012026e-08;6.223636000067927e-07
2.1231109999644106e-08;7.148425999912434e-08;8.851857999688946e-08;6.506069999886677e-07
2.3284129999228754e-08;7.568648000014946e-08;8.053740000468679e-08;5.212287999456749e-07
2.183878000068944e-08;5.6988159997854385e-08;7.949571999488399e-08;6.048213999602012e-07
2.5024880000273696e-08;6.362862000241876e-08;8.314278000034392e-08;6.310876000206917e-07
1.9133210000291e-08;6.117928000167013e-08;7.716535999788902e-08;6.834290000260807e-07
2.0410880001145415e-08;6.623888000031002e-08;7.27675799978897e-08;5.680081999744288e-07
1.8464385000697802e-08;6.667681999970227e-08;7.480120000545867e-08;5.280327999498696e-07
1.974101000087103e-08;7.108287999872118e-08;7.142885999637656e-08;5.187826000037603e-07
1.786691999877803e-08;7.649762000073679e-08;6.962677999981679e-08;5.483403999824077e-07
1.9316609999805224e-08;6.40077200019732e-08;5.6997020001290366e-08;6.102716000168584e-07
2.12986099999398e-08;6.443839999847114e-08;6.253060000017286e-08;5.852773999795318e-07
1.6576350000104868e-08;7.941565999644809e-08;6.862385999993421e-08;5.248080000164919e-07
2.1315759999561124e-08;7.718046000227333e-08;6.647025999845937e-08;5.945653999806381e-07
1.7170384999189993e-08;6.632091999636032e-08;7.006134000257589e-08;5.366915999911725e-07
2.246347999898717e-08;6.900889999815263e-08;6.478874000022188e-08;5.869014000054449e-07
1.8404530000407248e-08;6.299546000082046e-08;5.9120540000731125e-08;5.549950000131502e-07
1.781503999955021e-08;6.896036000107416e-08;7.72809399990365e-08;5.813505999976769e-07
1.6165799999726004e-08;6.242339999880642e-08;6.24770000053104e-08;5.316311999922618e-07
2.2894869997981003e-08;6.399751999997534e-08;6.283194000134245e-08;5.558845999767072e-07
2.012492999783717e-08;6.932993999798783e-08;8.017127999919466e-08;5.309411999769509e-07
2.1479870000621305e-08;6.703122000326402e-08;7.530548000358976e-08;5.665417999844067e-07
2.143101999827195e-08;6.133539999718778e-08;7.384237999795004e-08;5.553798000328243e-07
2.5307790000806564e-08;6.521051999880001e-08;6.419194000191055e-08;5.625883999746293e-07
2.0554590001120234e-08;6.393976000254043e-08;6.895407999982126e-08;5.601757999975234e-07
2.135077500133775e-08;6.838446000474505e-08;7.073078000103123e-08;6.077111999620684e-07
1.6593195000314154e-08;6.977421999908984e-08;6.56825200014282e-08;5.71641999995336e-07
1.8128235000767743e-08;6.012342000030913e-08;6.60299000039231e-08;5.198543999576942e-07
2.0769204999669453e-08;6.707764000166208e-08;6.244060000171884e-08;5.416972000384704e-07
2.3179369998979382e-08;6.129562000278383e-08;6.710367999621667e-08;6.038574000122026e-07
2.1514360001310706e-08;7.716907999711111e-08;5.8617180003784595e-08;5.203973999596201e-07
1.605847500031814e-08;5.991463999962434e-08;6.085666000144557e-08;5.135127999819815e-07
1.5789734999998474e-08;6.641938000102528e-08;5.441572000272572e-08;5.236518000019714e-07
1.900226500001736e-08;6.018304000026547e-08;6.301270000403747e-08;4.877326000132598e-07
1.5961884999705945e-08;6.09954799991101e-08;5.72881400003098e-08;5.027376000070944e-07
1.7296445000101814e-08;6.01859999995213e-08;5.625575999729335e-08;5.205230000428855e-07
1.570299500017427e-08;6.164704000111669e-08;5.8764979999978094e-08;5.233890000381507e-07
1.6216910000366623e-08;6.4972599997418e-08;6.576505999546499e-08;5.165085999760777e-07
1.9429649999074173e-08;6.561909999581986e-08;5.5558879999443886e-08;5.797831999952905e-07
1.6869690000021363e-08;7.068615999887698e-08;6.506670000380836e-08;5.237314000260085e-07
1.7769440000120083e-08;6.044519999995828e-08;7.040470000356435e-08;5.122069999924861e-07
1.6659454999899028e-08;5.8393000002251935e-08;6.022331999847666e-08;5.08687200024724e-07
1.922680499992566e-08;6.556721999659203e-08;6.725163999944925e-08;5.056789999944158e-07
1.6482005000580102e-08;6.249218000448309e-08;6.405880000093021e-08;5.357462000101805e-07
1.794147500040708e-08;6.491722000064328e-08;6.791587999905459e-08;5.612457999959588e-07
1.8426399999589193e-08;7.508865999989211e-08;6.360981999896467e-08;5.727425999939441e-07
1.8196884999633768e-08;6.004488000180572e-08;5.733738000271842e-08;5.586051999707706e-07
2.102378999989014e-08;7.040168000385166e-08;7.027976000099442e-08;6.134606000268832e-07
1.6620350000448525e-08;6.516832000343129e-08;6.1872059997404e-08;5.475919999880716e-07
1.8817824999860022e-08;7.015477999811992e-08;7.079364000237547e-08;5.578445999999531e-07
2.0043090000399388e-08;7.196220000041649e-08;6.652305999887176e-08;6.044783999677747e-07
2.1033639999222943e-08;6.099841999821365e-08;6.830664000008255e-08;6.060450000222773e-07
1.9769309999537655e-08;7.692118000122719e-08;7.643137999693863e-08;5.361004000296816e-07
2.282349000161048e-08;6.591402000049129e-08;6.117660000454634e-08;5.730499999481253e-07
1.7530424999131356e-08;5.97853799990844e-08;7.42623400001321e-08;6.165801999741234e-07
1.7696105000504758e-08;7.868610000004992e-08;6.093600000021979e-08;6.586580000002869e-07
2.068454000109341e-08;6.530126000288874e-08;7.4129700002959e-08;5.519008000264876e-07
2.223773000005167e-08;6.432714000111445e-08;6.05941999994684e-08;5.246273999800906e-07
2.1705834999738726e-08;8.073857999988832e-08;8.2548980001593e-08;6.59434599976521e-07
1.7408145000808873e-08;6.679209999856539e-08;6.942141999606974e-08;5.724460000055842e-07
2.055755000037607e-08;6.399376000044868e-08;7.339964000275358e-08;4.941733999876305e-07
2.0804969998425803e-08;8.092421999899671e-08;7.434208000195212e-08;5.305839999928139e-07
2.199990999943111e-08;6.062418000074104e-08;8.142107999883592e-08;5.175493999850005e-07
2.0964200000162236e-08;7.06405199947767e-08;6.182025999878533e-08;6.124675999744795e-07
2.0208640000782907e-08;7.252044000197202e-08;6.605248000123538e-08;5.951432000147179e-07
2.1304674999555573e-08;7.057172000058927e-08;6.239192000357434e-08;5.605809999979101e-07
2.0199965000210796e-08;8.697303999797441e-08;6.960981999873184e-08;5.564065999933518e-07
1.7953750000742728e-08;6.986959999776445e-08;7.834855999681168e-08;5.360191999934613e-07
2.485034999845084e-08;5.913384000305086e-08;6.39707200054545e-08;5.433335999841801e-07
1.8956415000138805e-08;6.024505999521352e-08;5.731099999975413e-08;5.054551999783143e-07
1.754487500002142e-08;6.018860000185669e-08;6.536896000034176e-08;5.937742000096477e-07
1.6229644999839365e-08;5.696360000292771e-08;6.027829999802634e-08;5.826296000159345e-07
2.2818580002058296e-08;7.329202000400983e-08;7.518962000031024e-08;5.269445999874733e-07
1.8209804999059998e-08;6.93104800011497e-08;6.785087999887765e-08;5.172666000435129e-07
2.201037000049837e-08;6.032417999813333e-08;6.557084000087344e-08;5.30205599963665e-07
1.8925645000126677e-08;6.244023999897764e-08;7.274612000328488e-08;5.512103999499231e-07
2.0986410000477917e-08;6.237348000286147e-08;6.445523999864235e-08;5.443254000274465e-07
2.1429524999985006e-08;6.609887999948114e-08;6.754080000100658e-08;6.19475000014063e-07
2.1891450000111946e-08;7.00754199991934e-08;8.22745000012219e-08;5.668384000309743e-07
1.9309405000240075e-08;6.770635999855586e-08;6.052947999560274e-08;5.666189999901689e-07
1.6835829999763517e-08;7.349810000159778e-08;5.742331999936141e-08;5.493499999865889e-07
1.6329470000346193e-08;5.992096000118181e-08;6.798479999997653e-08;5.295228000031784e-07
1.9087779999244957e-08;5.934576000436209e-08;5.930646000197157e-08;5.601762000005692e-07
2.0710735001193824e-08;8.09941399958916e-08;6.91627399995923e-08;5.504262000322342e-07
1.737464500038186e-08;6.622803999925964e-08;7.238068000297062e-08;4.888449999853037e-07
1.7041174999030772e-08;6.998766000033356e-08;6.356372000300325e-08;5.099434000439942e-07
1.5867790000629613e-08;6.359947999590076e-08;7.031892000231892e-08;6.091548000113107e-07
1.8968429999949876e-08;6.849073999910615e-08;7.07152799994219e-08;5.795561999548226e-07
1.8055960000492633e-08;7.392355999909341e-08;6.881103999912739e-08;5.418719999724999e-07
1.7022634999011644e-08;6.568552000098862e-08;7.486438000341877e-08;5.66605800006073e-07
1.846343500073999e-08;6.067135999910533e-08;6.073124000104144e-08;5.440488000167534e-07
2.1189399999275337e-08;6.536380000179634e-08;5.824467999627814e-08;5.817596000269987e-07
1.9828250000136906e-08;7.24329199991189e-08;8.090984000009484e-08;5.88590600003954e-07
1.8700254999566823e-08;6.777293999912217e-08;6.68272800045088e-08;6.34275600023102e-07
2.1633090000250376e-08;7.446603999705986e-08;6.01604400028009e-08;5.963273999514058e-07
2.200398499990115e-08;7.681650000158697e-08;6.258319999906234e-08;4.849161999882199e-07
2.1008449999499135e-08;5.9470080002211035e-08;6.45790799986571e-08;4.960683999815956e-07
2.0418420000351035e-08;7.346918000257575e-08;7.045614000526257e-08;5.867592000286094e-07
2.0683280000230298e-08;7.279648000258021e-08;6.877107999753206e-08;5.86730399983935e-07
2.0964749999984633e-08;6.988984000054188e-08;7.578356000012718e-08;6.294319999869913e-07
2.1696230000816287e-08;6.349427999812178e-08;6.938195999828167e-08;5.09539799997583e-07
1.981632999959402e-08;5.7288240001071245e-08;8.705142000108026e-08;5.885975999990478e-07
2.0168589999957475e-08;7.417996000149288e-08;6.407971999724396e-08;5.75503200001549e-07
2.2160630000871607e-08;7.72558199998457e-08;7.246679999516345e-08;5.246336000273004e-07
2.0309009999618865e-08;7.231597999925725e-08;6.67066199996043e-08;5.072789999539964e-07
1.583528000046499e-08;6.320418000104837e-08;5.567210000008345e-08;5.54042199975811e-07
2.3892509998404422e-08;7.101586000062526e-08;7.424317999975755e-08;6.134083999786526e-07
2.3749820000375622e-08;6.66216199984774e-08;5.737659999867901e-08;5.232411999604665e-07
1.69235999986995e-08;6.607682000030763e-08;5.7679999998072164e-08;4.857869999832474e-07
1.6219925000041258e-08;7.279493999667466e-08;6.127733999746851e-08;5.951982000260614e-07
1.5804900000512133e-08;7.391474000178277e-08;5.7143760001054035e-08;5.832827999838628e-07
2.0048110000789164e-08;6.472109999740496e-08;7.630703999893739e-08;5.356365999905393e-07
2.2406400000909344e-08;6.093142000027001e-08;6.066264000255614e-08;5.737881999812089e-07
1.6376949999539646e-08;7.11258600000292e-08;5.740236000274308e-08;5.455392000149004e-07
1.726465000101598e-08;5.863343999953941e-08;7.413653999683448e-08;5.348304000217467e-07
2.238124000141397e-08;6.629166000057011e-08;6.273579999688082e-08;5.693411999964155e-07
1.7860539999674074e-08;6.183705999865197e-08;6.214308000053279e-08;5.522048000129871e-07
1.9062965000921395e-08;6.228288000565953e-08;5.7745320000685754e-08;5.41763000015635e-07
1.798955499980366e-08;6.628689999924973e-08;6.486282000551e-08;5.235772000160068e-07
1.7286089999834076e-08;6.211443999782204e-08;6.116357999853789e-08;5.614560000249184e-07
2.0143489999463783e-08;5.9537699999054894e-08;5.5013160000089556e-08;5.192116000107489e-07
2.0219964999705554e-08;6.150081999949179e-08;5.625168000115082e-08;5.875218000146561e-07
1.8402159999823198e-08;7.021655999706126e-08;6.144639999838546e-08;4.877971999812872e-07
1.8050615000538528e-08;6.703710000147112e-08;5.899292000103742e-08;5.6804420001572e-07
1.5481805001036265e-08;6.528890000190585e-08;7.087898000027054e-08;5.186190000385977e-07
1.5927004998957272e-08;6.000364000210538e-08;6.077088000020012e-08;5.513913999893702e-07
1.5781089999654797e-08;7.165359999635256e-08;6.304760000202805e-08;5.440130000351928e-07
1.724481499986723e-08;7.572504000272601e-08;7.127719999989495e-08;5.867894000257366e-07
1.8057124999177178e-08;6.530265999608673e-08;6.924176000175067e-08;5.076238000183366e-07
1.6329330000735353e-08;7.068982000346295e-08;6.25942800019402e-08;5.348381999647245e-07
1.8670249999559018e-08;6.269861999899148e-08;6.547429999918677e-08;5.247895999928005e-07
1.8552384999929928e-08;6.474228000151925e-08;6.004185999627225e-08;5.396828000084498e-07
2.049927500047488e-08;5.8580080000683666e-08;5.8966540003893897e-08;5.48281199997291e-07
2.0949179999297484e-08;6.511867999797687e-08;5.856370000401512e-08;5.372658000560477e-07
1.677060500078369e-08;6.92979000043124e-08;6.67159200005699e-08;5.272908000042662e-07
1.770469500042964e-08;6.690090000047348e-08;6.324569999706e-08;4.860027999966405e-07
1.8815775000257418e-08;5.594947999925353e-08;6.364658000529744e-08;5.282147999969311e-07
1.6214960000070278e-08;6.762418000143952e-08;5.773423999780789e-08;5.943280000356026e-07
1.8016194998926948e-08;6.443382000434212e-08;6.000876000034623e-08;5.533700000378303e-07
1.9736805000866297e-08;6.649401999893599e-08;5.6956140004331246e-08;6.265934000257402e-07
1.803543499991065e-08;6.18324399983976e-08;7.152832000283524e-08;5.026922000106424e-07
1.529496500006644e-08;6.092409999691881e-08;6.854741999995895e-08;5.581091999774799e-07
2.2784619999583812e-08;8.141100000357255e-08;6.618400000152178e-08;5.446482000406832e-07
1.6130819999671076e-08;7.420366000151262e-08;6.555470000021159e-08;4.942953999852761e-07
1.7241174999799112e-08;6.433071999927052e-08;6.911943999584764e-08;5.766965999500826e-07
2.0496839999395887e-08;7.755823999759741e-08;6.535735999932513e-08;6.474536000168882e-07
2.22029399999883e-08;6.417771999840625e-08;6.121723999967799e-08;5.865956000052393e-07
1.99486400000751e-08;5.99518800037913e-08;7.665567999938503e-08;5.523021999979392e-07
1.63911099996767e-08;7.658454000484198e-08;6.458455999963917e-08;6.121360000106506e-07
2.298341999994591e-08;6.82368999987375e-08;7.198432000004687e-08;5.566522000008263e-07
2.0393739998689852e-08;5.7213099999353287e-08;6.674677999690176e-08;5.486114000086672e-07
1.8401930000982246e-08;7.388036000193096e-08;6.39471800008323e-08;5.150612000143155e-07
2.2004660000675358e-08;6.728203999809921e-08;6.548803999903611e-08;5.606204000068829e-07
1.775430999987293e-08;5.853612000355497e-08;6.11590399988927e-08;5.162920000148006e-07
1.8982865000725724e-08;5.6685320002725346e-08;6.65614800003823e-08;6.046028000419028e-07
1.9757594999100548e-08;6.229822000022978e-08;7.148099999758415e-08;5.656592000159435e-07
1.6580609999073203e-08;7.997321999864652e-08;5.821396000101231e-08;5.908889999845996e-07
2.1661439997842537e-08;7.815344000118785e-08;6.274753999896347e-08;5.433503999956883e-07
2.1473750000586733e-08;5.7850679999683054e-08;5.853305999771692e-08;4.95861799980048e-07
1.568598000012571e-08;6.1425500002224e-08;5.8757720002904535e-08;5.346882000449114e-07
1.7174015000637154e-08;6.426723999902606e-08;7.06763399997726e-08;5.821270000305958e-07
1.60328700003447e-08;5.994427999830805e-08;5.684340000152588e-08;5.612016000086442e-07
1.7861730000004174e-08;6.361410000245087e-08;5.703501999960281e-08;5.423514000140131e-07
1.5378125000279396e-08;6.549746000091545e-08;5.946205999935046e-08;6.027833999833092e-07
1.617518499988364e-08;5.5898159998469054e-08;6.02975600049831e-08;5.237374000134878e-07
2.301819999993313e-08;6.983256000094115e-08;8.351105999900028e-08;4.872532000299543e-07
2.025605000089854e-08;7.134139999980106e-08;6.383638000115753e-08;5.70841400010977e-07
1.4710924999963026e-08;6.711235999828204e-08;7.788402000442148e-08;5.539964000345208e-07
2.1768170001450926e-08;5.835883999825455e-08;5.638084000092931e-08;5.800575999892317e-07
2.5755839998601004e-08;6.755565999774263e-08;5.6558180000865834e-08;5.78140199999325e-07
2.0115870001609437e-08;6.526442000176758e-08;6.062638000003062e-08;5.358244000235573e-07
2.0362989997374825e-08;8.174207999836654e-08;6.212328000110574e-08;6.497162000159734e-07
1.9449064999935217e-08;6.83671799954027e-08;8.330942000029609e-08;6.266018000314943e-07
2.2231594999902882e-08;6.611554000410252e-08;5.9523879998596386e-08;5.917060000356287e-07
2.408774999785237e-08;6.807244000374339e-08;6.845391999813728e-08;5.29116999998223e-07
1.7169290001038462e-08;7.062545999651774e-08;5.91452999971807e-08;5.031372000230476e-07
1.760467999993125e-08;5.951845999807119e-08;5.860297999461182e-08;5.458145999582484e-07
2.0054890000028536e-08;7.078939999919384e-08;6.349975999910385e-08;4.969758000224829e-07
1.8993004999356346e-08;7.894264000351541e-08;6.756103999796323e-08;6.077636000118218e-07
2.158240000135265e-08;6.35294400039129e-08;5.63689400034491e-08;5.996564000379294e-07
1.8325015000300483e-08;5.9049639996374024e-08;7.128192000091076e-08;6.375207999954e-07
1.7474654999386985e-08;6.36361799959559e-08;9.124999999767169e-08;6.329851999762468e-07
1.8250194999563974e-08;6.27978400036227e-08;5.785894000437111e-08;5.423999999766238e-07
2.0500989998981823e-08;6.730984000023455e-08;6.376198000507429e-08;5.923805999918841e-07
1.950434999889694e-08;8.239173999754712e-08;6.18700599996373e-08;6.471133999875747e-07
1.6282699999283067e-08;6.762699999962933e-08;5.637876000255346e-08;5.380390000063925e-07
2.0093579999229405e-08;6.208352000103332e-08;7.105439999722875e-08;5.125066000036895e-07
2.0929110000724905e-08;6.959880000213161e-08;7.495893999584951e-08;5.570619999780319e-07
1.510995999997249e-08;6.520178000209852e-08;5.8990819996688516e-08;5.291385999880731e-07
1.6036665000137873e-08;5.966296000406147e-08;6.108944000443444e-08;5.585940000019036e-07
2.413144499878399e-08;6.944248000509105e-08;6.536154000204988e-08;5.450675999745727e-07
2.162568000203464e-08;6.64160400046967e-08;6.937250000191852e-08;5.871646000305191e-07
1.841876500111539e-08;6.700143999769353e-08;7.71147400024347e-08;5.633732000133023e-07
2.2421859999303705e-08;7.780602000420913e-08;6.863728000316768e-08;5.746430000290275e-07
1.8872439999540802e-08;6.417141999700107e-08;7.362948000081815e-08;5.464079999946989e-07
1.7137189999630208e-08;6.186123999650591e-08;6.220089999842457e-08;5.389309999882244e-07
1.656383000081405e-08;6.644536000094376e-08;6.885094000026584e-08;5.588023999589496e-07
1.7238750000251456e-08;5.785273999790661e-08;6.086510000168345e-08;5.410337999928742e-07
1.9006029999582096e-08;7.2105819999706e-08;7.747222000034526e-08;5.753518000128679e-07
2.0280200001434422e-08;6.073143999674358e-08;6.36307000007946e-08;6.102409999584779e-07
1.5572104998864234e-08;7.238301999750547e-08;6.407422000193037e-08;6.008098000311293e-07
2.0889345000614413e-08;7.853147999849171e-08;8.04184400010854e-08;5.689913999522105e-07
1.6363734999322332e-08;6.891526000108569e-08;6.548177999793552e-08;5.590273999841884e-07
1.6725499999301975e-08;6.491841999813915e-08;5.976773999864236e-08;5.840987999690697e-07
1.7855599999893455e-08;5.925828000181355e-08;6.529416000121273e-08;5.509350000065751e-07
1.8424820000655018e-08;6.231452000210992e-08;6.518554000067524e-08;5.443331999704242e-07
1.756349999923259e-08;6.837717999587767e-08;6.977461999631486e-08;5.896762000047602e-07
1.691458999994211e-08;6.32770200027153e-08;6.328031999873929e-08;6.236383999930695e-07
1.606344000028912e-08;7.061879999819212e-08;7.135113999829628e-08;5.858766000019387e-07
1.6762844999902882e-08;7.605695999809541e-08;6.901232000091114e-08;5.392704000114463e-07
1.7987819999689236e-08;7.114869999932126e-08;6.740875999676064e-08;6.091862000175751e-07
1.9273995001276488e-08;6.702712000114844e-08;7.886847999761813e-08;6.081386000150814e-07
2.0912430000316817e-08;6.697692000307143e-08;6.300950000295415e-08;5.5037460004678e-07
2.1403860001009888e-08;6.94022200012114e-08;5.984068000107072e-08;6.363235999597237e-07
1.902057999977842e-08;6.39229400025215e-08;5.935634000343271e-08;5.802148000220768e-07
1.7913629999384285e-08;6.88811399973929e-08;6.341689999680966e-08;5.299909999594092e-07
1.4936630000011066e-08;6.196281999582425e-08;6.486121999914759e-08;5.131229999824427e-07
1.615116000029957e-08;6.879549999721349e-08;6.922572000185028e-08;5.135084000066854e-07
1.9756344999768772e-08;8.094181999913417e-08;6.132072000182234e-08;5.598351999651641e-07
1.707643999980064e-08;5.779372000251897e-08;6.27680599980522e-08;5.178391999797895e-07
1.6902609998942354e-08;7.01760399970226e-08;5.7027740002376956e-08;5.67808999971021e-07
1.7155310000816824e-08;6.963353999890387e-08;5.9472139994613826e-08;5.619038000004366e-07
1.6394290000607724e-08;6.030291999923065e-08;6.012349999509752e-08;5.801250000367873e-07
1.7092395000508986e-08;7.177477999939583e-08;7.50677399977576e-08;5.517924000159837e-07
1.7435859999386592e-08;6.916326000355185e-08;6.356741999625228e-08;5.630908000166528e-07
1.6142825000861192e-08;6.697282000095583e-08;6.876480000209995e-08;5.494891999987885e-07
1.6735119999793823e-08;6.128928000107407e-08;6.78328599955421e-08;5.49341199977789e-07
1.8137080001179127e-08;6.034483999828808e-08;7.761183999828062e-08;5.276170000433922e-07
1.8245770000794437e-08;6.578500000177883e-08;7.622231999994256e-08;5.196058000437915e-07
1.8265895001241005e-08;6.759283999563195e-08;6.548674000077881e-08;6.018272000364959e-07
1.720798000023933e-08;7.010924000060186e-08;6.136707999976351e-08;5.07274400035385e-07
1.836165999993682e-08;6.242286000051535e-08;5.948097999789752e-08;5.481701999669894e-07
1.8062970000028145e-08;6.284034000127577e-08;5.95071799994912e-08;5.484419999993406e-07
1.900100999919232e-08;6.206921999691986e-08;5.59177000017371e-08;5.805666000233032e-07
2.021186000056332e-08;7.013203999958933e-08;6.986427999800072e-08;5.27103399974294e-07
1.727000499959104e-08;6.172062000259757e-08;7.099653999903239e-08;5.715440000058152e-07
1.761514999961946e-08;6.323580000316724e-08;5.795895999763161e-08;5.404595999862067e-07
1.90349550000974e-08;7.432499999995344e-08;6.066178000182845e-08;5.443279999890365e-07
1.885387000074843e-08;6.622702000313439e-08;6.372897999826818e-08;5.549458000459708e-07
1.5619460000016263e-08;7.199620000319555e-08;6.527789999963716e-08;5.252413999987766e-07
1.6392604999418836e-08;6.352387999650092e-08;7.40204999980051e-08;5.281637999578379e-07
1.828458999953e-08;6.748781999922357e-08;6.465145999682137e-08;5.787752000032924e-07
1.9522829999914394e-08;7.027051999466494e-08;6.292062000138685e-08;5.009330000029877e-07
1.7284010000003035e-08;5.936781999771483e-08;5.7928040000842884e-08;5.665078000165522e-07
1.807276499894215e-08;7.420212000142782e-08;5.820188000216149e-08;5.25858600041829e-07
2.048965999856591e-08;5.98480400047265e-08;5.9422520000953224e-08;5.58426600007806e-07
1.8351044999144504e-08;6.670752000063658e-08;5.9281040000496434e-08;5.270883999764919e-07
1.812865499960026e-08;6.825624000048265e-08;6.09516199969221e-08;5.091912000207231e-07
1.7067214999406133e-08;6.66306400031317e-08;7.105371999787167e-08;4.834884000010789e-07
1.760930000018561e-08;6.108703999780119e-08;6.546569999773056e-08;4.726764000370167e-07
1.8949849999626167e-08;6.814648000290617e-08;6.138559999526478e-08;4.785762000246905e-07
1.5941199999360832e-08;6.361546000116505e-08;6.179906000033952e-08;4.7661860001971945e-07
2.0133179999538698e-08;5.7486839999910445e-08;6.94461599981878e-08;5.007120000082068e-07
1.9465700000000653e-08;6.865659999893979e-08;6.600463999784551e-08;4.880131999962032e-07
2.0124210001085886e-08;6.702316000009887e-08;6.53318400029093e-08;4.672840000130236e-07
1.526917000010144e-08;6.891134000034071e-08;6.64531399961561e-08;4.5511859998805447e-07
1.78508500001044e-08;6.202392000122927e-08;6.090293999877758e-08;4.883198000025004e-07
1.7966434999834746e-08;6.01559599977918e-08;5.8345019997796044e-08;4.323529999819584e-07
1.818169000034686e-08;6.313132000504993e-08;6.318563999957405e-08;4.747410000418313e-07
1.7197949999535922e-08;6.084060000139288e-08;5.8774259994970634e-08;4.5563500002026557e-07
1.690534499939531e-08;5.986169999814592e-08;7.113453999627382e-08;4.600008000270464e-07
1.811087500100257e-08;6.974158000084571e-08;5.687872000271454e-08;4.90412000042852e-07
1.4667550000012853e-08;7.03962599975057e-08;6.772982000256889e-08;4.5438440004363654e-07
1.8101324999588543e-08;6.636580000049435e-08;6.262413999647834e-08;4.503386000287719e-07
1.851994500029832e-08;6.108875999925658e-08;6.155861999723129e-08;4.579412000020966e-07
1.920836000062991e-08;5.934477999689989e-08;6.197941999998875e-08;4.4598519999999554e-07
1.7343824999989012e-08;6.897762000444345e-08;7.180805999669246e-08;4.6350100002018735e-07
1.737578000029316e-08;6.449628000264057e-08;6.433993999962695e-08;4.377723999787122e-07
1.7221874999813736e-08;6.653230000520125e-08;6.346594000351615e-08;4.49830400000792e-07
1.7883119999896735e-08;7.674320000223815e-08;6.305797999957577e-08;4.572757999994792e-07
1.976147000095807e-08;7.019638000056148e-08;6.016937999520451e-08;5.203824000200257e-07
1.726732999959495e-08;6.078129999805242e-08;5.5495820002397525e-08;4.6066340000834316e-07
1.843969500041567e-08;7.02500399958808e-08;6.344844000414013e-08;4.983728000079282e-07
1.598736000014469e-08;6.485472000204026e-08;8.424610000220127e-08;4.815592000377365e-07
1.7038809999939987e-08;6.52968599984888e-08;6.657327999710105e-08;4.867858000216074e-07
1.543810500006657e-08;6.245739999576471e-08;5.772253999602981e-08;4.6120719995815307e-07
1.888602999970317e-08;6.092055999906734e-08;6.207902000169269e-08;4.747294000117108e-07
2.1960875000513623e-08;6.613504000124522e-08;5.8097660000203175e-08;4.6379100001649933e-07
1.6045700000540818e-08;6.378276000032202e-08;5.763260000385344e-08;4.5999460003804416e-07
1.9155315001262353e-08;7.006115999538451e-08;7.621235999977216e-08;4.677679999731481e-07
1.7983675000141375e-08;6.51090600003954e-08;6.624286000151188e-08;4.5030540000880136e-07
1.7110545000468847e-08;6.349032000289299e-08;6.467418000102043e-08;4.7253000002820044e-07
1.807705000101123e-08;7.306358000496402e-08;6.96475200005807e-08;4.839053999749012e-07
1.927867500053253e-08;6.094790000352078e-08;5.930026000132784e-08;4.5154579996597024e-07
1.694158000027528e-08;6.82660200051032e-08;6.281143999658525e-08;4.3991859996458517e-07
1.7035505000967532e-08;6.86541200033389e-08;6.17577800003346e-08;4.7136999998474495e-07
1.616362500062678e-08;6.925175999640487e-08;5.434837999637239e-08;4.6166239999001845e-07
1.723906499973964e-08;7.332286000018939e-08;6.49656799971126e-08;4.4028820004314184e-07
1.5469924999342767e-08;5.984629999729805e-08;6.26903399999719e-08;4.5675100001972166e-07
1.7985524999676272e-08;6.34526600013487e-08;5.64152600010857e-08;4.7563699999591334e-07
1.7623149999417364e-08;6.652291999780573e-08;6.817544000223279e-08;4.7000900004059076e-07
1.6541185000096448e-08;7.406581999966875e-08;6.472139999968931e-08;4.7306280001066623e-07
1.6865284999948927e-08;6.071621999726631e-08;6.849546000012197e-08;4.7398599999723954e-07
1.733600000006845e-08;6.729443999938667e-08;6.018192000337876e-08;4.775689999805763e-07
1.6033539999625647e-08;6.754127999884076e-08;6.170818000100552e-08;4.831296000047587e-07
1.7512045000330544e-08;6.74425799981691e-08;5.962789999903179e-08;4.777552000014112e-07
1.7772735000471584e-08;6.184549999888987e-08;6.483384000021033e-08;4.69275200041011e-07
2.0546830000239423e-08;5.986559999873862e-08;6.559563999762758e-08;4.796641999855638e-07
1.8588925000221934e-08;6.701543999952265e-08;6.555617999983951e-08;4.5691840001381935e-07
1.821028499980457e-08;6.680074000032619e-08;6.691861999570392e-08;4.901721999631264e-07
1.8854950000240934e-08;6.502650000038556e-08;7.503111999831163e-08;4.668211999814957e-07
1.7947669999557548e-08;6.63104600040242e-08;6.129087999579496e-08;4.860787999932654e-07
1.7688555001222994e-08;6.800716000143439e-08;6.816939999698662e-08;4.5079440000699835e-07
1.7696315000648612e-08;6.391590000130236e-08;6.490980000235141e-08;4.597108000307344e-07
1.870253499946557e-08;7.00306799961254e-08;6.320751999737695e-08;4.7566779999760913e-07
1.9684975000564007e-08;6.67215799971018e-08;5.954815999721177e-08;4.7352599998703227e-07
1.8136499999673106e-08;6.58869200036861e-08;6.104046000400558e-08;5.732740000239574e-07
2.0292630000039936e-08;6.785824000253342e-08;6.729243999579922e-08;4.781234000110998e-07
2.1367470000404865e-08;6.257455999730155e-08;5.942729999660514e-08;4.749460000311956e-07
2.0992769999429584e-08;6.009892000001856e-08;6.254684000159614e-08;4.691346000181511e-07
2.0103960001142697e-08;7.353538000024856e-08;6.962985999998637e-08;5.021537999855355e-07
2.0696170002338476e-08;7.010295999934897e-08;6.649553999886848e-08;4.542725999490358e-07
1.7818454999360256e-08;6.865266000386327e-08;6.427448000176809e-08;4.774976000189782e-07
1.6592154999671037e-08;7.39609999989625e-08;6.59425999969244e-08;4.845557999797166e-07
2.3365750000812115e-08;7.427361999871209e-08;7.346485999878496e-08;4.970758000272326e-07
2.1119459997862578e-08;7.45766400010325e-08;6.374118000385352e-08;4.962141999858432e-07
2.5434929999755694e-08;7.909226000192575e-08;6.250355999800376e-08;5.139080000226386e-07
2.0871219999389722e-08;7.496479999972507e-08;6.343970000161789e-08;4.906311999657191e-07
2.3818719999690075e-08;6.139026000164449e-08;7.698392000165768e-08;4.885091999894939e-07
1.8817424999724607e-08;7.08213199977763e-08;6.980058000190183e-08;4.785669999546372e-07
2.6027110000723043e-08;7.153423999552615e-08;6.782389999716542e-08;5.392768000019715e-07
1.950115000072401e-08;7.980833999463357e-08;7.631557999993674e-08;5.297941999742762e-07
2.181832500064047e-08;8.235620000050403e-08;6.74609599984251e-08;5.510803999495693e-07
2.5083619999350047e-08;6.818763999617659e-08;7.390018000151031e-08;4.910839999793098e-07
1.8115324999962467e-08;6.470696000033058e-08;5.869527999893762e-08;4.794953999808058e-07
1.7918094999913592e-08;5.964209999656305e-08;6.404763999744319e-08;4.829718000255525e-07
1.671440500067547e-08;8.031801999895833e-08;8.128444000030867e-08;4.820467999670655e-07
1.5918829999282024e-08;6.120282000047155e-08;6.237037999671884e-08;4.981229999684728e-07
1.655369499931112e-08;6.821171999908984e-08;5.889401999884285e-08;4.5546679996186867e-07
1.8918180000036954e-08;6.720458000199869e-08;7.1514639997622e-08;4.424975999863818e-07
2.4561120002181268e-08;6.0277739999583e-08;6.975817999918946e-08;5.070463999873027e-07
1.9517369999084623e-08;7.59645999991335e-08;6.051396000548265e-08;4.888784000067972e-07
2.10330999980215e-08;6.837038000230677e-08;7.272888000006787e-08;4.4648959999904037e-07
1.887636999890674e-08;7.488548000110313e-08;5.998298000195063e-08;4.6615519997430964e-07
1.6792175000591668e-08;7.226030000019818e-08;6.981118000112473e-08;4.678151999833062e-07
2.1105600000009872e-08;6.837480000103824e-08;5.8572980004828423e-08;4.952854000148363e-07
2.309646000212524e-08;7.060698000132107e-08;7.02324999962002e-08;4.827266000211239e-07
1.9953070000337902e-08;6.064291999791749e-08;7.331111999810673e-08;4.450981999980286e-07
1.746741499955533e-08;6.338196000433527e-08;7.432208000100218e-08;4.3603380001150074e-07
1.7970920000516343e-08;8.103667999967002e-08;5.827748000156135e-08;4.666511999676004e-07
1.678996999980882e-08;7.28064999973867e-08;8.77682399994228e-08;4.619926000013947e-07
2.1831414999905975e-08;7.351615999941714e-08;5.9432019997620955e-08;4.849665999645367e-07
1.7589675000635906e-08;7.018794000032358e-08;5.556809999980032e-08;4.4207619997905566e-07
1.8186929999501445e-08;6.743400000268594e-08;6.777609999990091e-08;4.964924000087195e-07
1.574376500066137e-08;6.055053999880328e-08;5.916540000471287e-08;4.6161060000304135e-07
1.88752599991858e-08;7.643751999712549e-08;6.658680000109598e-08;4.7148799995193257e-07
1.833450499980245e-08;6.143680000095629e-08;7.583724000141956e-08;4.980105999857188e-07
2.237537000037264e-08;8.199453999986872e-08;6.627788000041619e-08;4.6300059999339283e-07
1.8983650000882334e-08;7.978104000212624e-08;6.322044000262395e-08;6.418728000135161e-07
2.0155199999862815e-08;8.299254000303335e-08;5.796888000331819e-08;5.985151999630034e-07
1.683305499900598e-08;6.115234000026248e-08;6.05184999993071e-08;5.410101999877952e-07
2.0479119999799878e-08;6.862924000015482e-08;6.15533799980767e-08;5.697271999670193e-07
1.8831204999878538e-08;6.224767999956384e-08;5.656002000323497e-08;6.547020000289194e-07
1.932962499995483e-08;6.218161999713629e-08;6.049902000231669e-08;5.958846000139602e-07
2.0854429999599232e-08;6.07467000023462e-08;7.30316800007131e-08;5.725187999778427e-07
1.6226350000943057e-08;6.365052000037395e-08;7.521173999994062e-08;5.932418000302277e-07
1.6367799999716225e-08;6.772424000082537e-08;7.211029999889434e-08;5.587091999477706e-07
1.7736699999659323e-08;5.817461999831721e-08;6.142581999883988e-08;5.956968000391499e-07
1.8237244999909306e-08;6.734631999861449e-08;6.432155999937095e-08;5.450777999940328e-07
1.725457499996992e-08;7.374342000111937e-08;7.03914400015492e-08;6.106807999894955e-07
1.987654999975348e-08;6.181972000049427e-08;6.51114799955394e-08;5.867028000066057e-07
2.0001630001934247e-08;6.169494000496343e-08;6.387526000034996e-08;5.520997999701648e-07
1.685256499913521e-08;7.650830000056885e-08;6.078249999554828e-08;5.376499999547377e-07
1.963555999973323e-08;6.186950000119396e-08;6.195391999790445e-08;5.595507999532857e-07
2.0768790000875016e-08;6.583690000115894e-08;6.887715999619104e-08;5.866122000152245e-07
1.9035224999242928e-08;7.432111999951303e-08;7.349439999670722e-08;5.858531999983825e-07
1.626049000042258e-08;6.775600000401028e-08;7.124556000344456e-08;5.784496000269428e-07
1.62994999991497e-08;6.558363999938592e-08;6.666494000237435e-08;5.800398000283166e-07
2.018297999748029e-08;6.308727999567055e-08;7.035409999662079e-08;5.574541999958456e-07
1.6012585000135005e-08;6.2212900002487e-08;6.116519999923185e-08;5.933084000134841e-07
1.702571999921929e-08;6.420058000367135e-08;7.577457999577746e-08;5.400660000159406e-07
1.8299985000339803e-08;7.342544000130147e-08;5.98225200024899e-08;5.496089999796823e-07
1.643040000053588e-08;6.264226000057534e-08;6.328624000307172e-08;5.411194000043907e-07
1.6642234999744686e-08;6.353631999809295e-08;5.937166000367142e-08;5.600607999949716e-07
1.551968500134535e-08;5.788766000187024e-08;6.270409999997355e-08;5.789185999892652e-07
1.808902500051772e-08;7.168226000503637e-08;6.65006400027778e-08;6.325047999853269e-07
1.5971880000142845e-08;6.251551999594085e-08;6.548949999851175e-08;5.717875999980606e-07
1.6655249999894296e-08;6.637492000008933e-08;6.742876000353135e-08;5.82921399967745e-07
1.778037000040058e-08;6.400564000359736e-08;6.648099999874831e-08;6.072255999897606e-07
2.0342689999961294e-08;7.180993999936618e-08;6.389113999903202e-08;5.667491999920458e-07
2.0592089999991003e-08;6.304508000030183e-08;6.254534000181593e-08;5.727507999981754e-07
2.085220000008121e-08;6.721198000013828e-08;7.065886000054888e-08;5.417172000161372e-07
1.609489999973448e-08;7.114460000302642e-08;6.889207999920472e-08;6.37044400034938e-07
1.7866944998968393e-08;6.399066000012681e-08;7.073963999864646e-08;5.778019999852404e-07
1.7246610000438522e-08;6.148448000312783e-08;6.122459999751299e-08;5.828787999926135e-07
1.74895350006409e-08;6.878994000144303e-08;5.859171999618411e-08;5.591690000146627e-07
1.8145605000609065e-08;6.225811999756843e-08;5.8769840002059936e-08;5.786569999763742e-07
1.5508360000967515e-08;6.428332000505179e-08;6.801643999642692e-08;5.589711999637075e-07
1.8548775000090246e-08;6.969110000063666e-08;7.614795999834314e-08;6.084339999943041e-07
1.5404365000722464e-08;5.8460160001413897e-08;6.61703400022816e-08;5.710248000104911e-07
1.7664890000014566e-08;6.380849999841303e-08;6.739579999702983e-08;5.867275999626145e-07
1.591984999977285e-08;6.613291999674402e-08;6.858724000048824e-08;5.680953999981284e-07
1.8393169999762903e-08;6.461775999632664e-08;6.391233999747783e-08;5.61258599977009e-07
2.0870580000337212e-08;7.116500000120141e-08;7.34340799972415e-08;5.961302000214346e-07
1.7780499999935273e-08;6.466609999770299e-08;5.88852200016845e-08;5.840643999981694e-07
2.1767350001027806e-08;6.098652000073343e-08;6.79459799954202e-08;5.823854000191204e-07
1.7521839999244547e-08;7.357768000219948e-08;6.778006000095047e-08;5.412574000074528e-07
2.0963180001126602e-08;6.467636000015773e-08;6.679743999848142e-08;6.097743999562227e-07
1.7111655000189786e-08;6.520244000130333e-08;6.314758000080474e-08;5.701182000339031e-07
1.8378300000040327e-08;5.741255999892019e-08;7.356127999955788e-08;6.056928000180051e-07
1.6811509999388364e-08;6.172699999879115e-08;6.738858000026084e-08;5.554470000206493e-07
1.7851460000383666e-08;7.2568599996157e-08;7.067323999945075e-08;5.669534000335261e-07
1.6816449999168982e-08;6.72593199997209e-08;6.895110000041314e-08;6.055762000032701e-07
2.051640999998199e-08;6.909790000063367e-08;6.410692000063136e-08;6.052596000372432e-07
1.775950000010198e-08;6.703736000345088e-08;5.934459999552928e-08;6.709481999860145e-07
1.8221975000051316e-08;6.605817999807186e-08;7.884678000118583e-08;6.450429999968037e-07
2.383001999987755e-08;8.595881999935954e-08;7.475576000288129e-08;6.534133999957703e-07
1.835498500004178e-08;6.665826000389643e-08;8.479521999834105e-08;6.750429999665358e-07
2.215818999975454e-08;8.610056000179611e-08;9.14232799957972e-08;6.718625999637879e-07
2.1186779998242856e-08;8.186750000459142e-08;6.984265999635681e-08;6.046068000141531e-07
1.8812559999059886e-08;6.950850000139325e-08;6.699280000175349e-08;5.836133999982849e-07
2.0017344999359922e-08;6.54221199976746e-08;6.050965999602341e-08;5.8809040003689e-07
2.0370929999626242e-08;7.070155999972485e-08;7.671035999665037e-08;5.478874000255018e-07
1.9559214999026153e-08;6.628922000527382e-08;6.019397999625653e-08;5.373750000144355e-07
1.827211000054376e-08;6.957360000233166e-08;6.993709999951534e-08;5.776370000094176e-07
1.82482850010274e-08;5.7242979999864473e-08;6.555276000290178e-08;5.959030000376515e-07
1.8309590000717435e-08;7.099797999835573e-08;6.630018000141717e-08;5.720752000343055e-07
1.8818440000177362e-08;6.102975999820047e-08;6.811595999752171e-08;5.975641999975779e-07
1.8515375000424682e-08;6.741082000080496e-08;6.645631999708713e-08;5.8921340003144e-07
1.8683140000212007e-08;6.886324000079185e-08;5.971016000257805e-08;5.572358000208624e-07
1.720311499957461e-08;7.240203999681398e-08;7.1179759997176e-08;5.407792000332847e-07
2.36783700005617e-08;7.437773999990896e-08;7.379080000100657e-08;5.568649999913759e-07
1.8779799999902025e-08;8.396334000281059e-08;6.738258000114001e-08;5.992564000189304e-07
1.9488514999102335e-08;6.827435999875889e-08;7.183513999916614e-08;5.916128000244499e-07
2.365861000143923e-08;7.779912000405602e-08;7.298284000135026e-08;5.65210200031288e-07
1.8287855001108255e-08;7.405639999778941e-08;5.882238000049256e-08;5.450040000141598e-07
1.6855854999448637e-08;6.561017999774776e-08;5.864754000212997e-08;5.581445999559946e-07
1.9266144999710376e-08;6.409609999973326e-08;6.207008000346832e-08;5.418057999922894e-07
1.5617694999673403e-08;6.352984000113792e-08;5.467373999999836e-08;5.39858199947048e-07
1.682725999999093e-08;6.117285999935121e-08;6.036707999883219e-08;5.650110000278801e-07
1.6740400000708177e-08;6.64671599981375e-08;6.477056000148878e-08;5.911339999875053e-07
1.9177144998684525e-08;6.5855819999706e-08;6.012561999959871e-08;5.312890000059269e-07
2.1415495000837837e-08;5.94478800019715e-08;5.645568000036292e-08;5.688562000286765e-07
1.7853354998806026e-08;5.773405999643728e-08;5.7354040001519026e-08;5.875756000168622e-07
1.6764400000101888e-08;7.599451999994926e-08;5.8033480000449346e-08;5.578227999503724e-07
1.6149734999635257e-08;6.006698000128381e-08;6.496105999685824e-08;5.900276000029407e-07
1.643344500043895e-08;7.102093999856152e-08;5.875837999628857e-08;5.654222000157461e-07
1.6915405000327156e-08;5.863019999815151e-08;6.037173999939114e-08;5.527289999881759e-07
1.6733514999214093e-08;6.477684000274166e-08;6.124461999861523e-08;5.464284000336192e-07
1.7358545000024604e-08;7.086528000072576e-08;7.316488000215031e-08;5.982105999719351e-07
1.8632110000180547e-08;7.161169999744743e-08;6.742394000175409e-08;6.415025999885983e-07
2.36263799975859e-08;6.847553999978117e-08;6.489789999905042e-08;5.702858000295237e-07
2.4805289998766967e-08;6.66925799974706e-08;6.5518780000275e-08;6.565469999914058e-07
1.9227075000526383e-08;6.795261999941431e-08;6.313643999747e-08;5.808976000407711e-07
1.600505999958841e-08;6.273608000483363e-08;6.479689999832772e-08;5.737606000038795e-07
2.1487890000571497e-08;6.195018000435084e-08;6.898470000014641e-08;5.13565200031735e-07
2.1608420001575722e-08;7.135522000025957e-08;7.887769999797456e-08;5.868027999531478e-07
2.3264850000850857e-08;6.450970000005327e-08;7.541657999972813e-08;6.205078000202775e-07
1.7546435000258497e-08;8.085117999580689e-08;7.558480000006967e-08;6.352575999917462e-07
1.9292599998880177e-08;6.671368000097573e-08;6.411476000212133e-08;6.257078000344336e-07
2.3071460000937804e-08;7.831113999709487e-08;7.117484000045806e-08;6.749568000086584e-07
2.0126194998738355e-08;6.395728000206872e-08;6.260489999549464e-08;5.804138000239618e-07
1.9892184999480378e-08;6.880824000108987e-08;6.392536000348628e-08;6.096694000298157e-07
1.772151000041049e-08;7.58626600028947e-08;7.195180000271648e-08;5.60410000034608e-07
2.1596020000288263e-08;7.557568000047467e-08;6.775976000353694e-08;5.474627999938094e-07
2.0962300000246615e-08;6.452297999639996e-08;7.280290000489913e-08;5.678302000160329e-07
2.0879689999856054e-08;6.236953999614343e-08;6.898286000359804e-08;5.42732400004752e-07
2.0339000000967644e-08;6.469170000054874e-08;7.436923999921418e-08;5.48238399962429e-07
1.7785175000608434e-08;6.814981999923475e-08;6.19741200003773e-08;5.310310000204481e-07
1.656041499954881e-08;6.235872000106611e-08;6.734350000042468e-08;5.298781999736093e-07
1.6342389999772423e-08;6.780347999883816e-08;5.6014319998212156e-08;5.87773000006564e-07
1.558163500012597e-08;8.142248000367544e-08;6.289641999755985e-08;5.85977200011257e-07
1.538423499878263e-08;6.418279999634251e-08;6.766542000113986e-08;6.026227999827824e-07
1.828259000030812e-08;5.999945999938063e-08;6.554240000550635e-08;5.389461999875494e-07
1.949088999972446e-08;6.119153999607078e-08;6.428920000325888e-08;5.855615999898874e-07
1.699092000053497e-08;6.375104000326247e-08;5.999153999728151e-08;6.560284000006505e-07
1.5586425000219604e-08;6.575603999663144e-08;6.239861999638379e-08;5.756673999712802e-07
2.2556979997898453e-08;6.953413999872282e-08;6.128998000058346e-08;5.506333999801427e-07
1.6696079999383074e-08;6.513156000291928e-08;7.716015999903902e-08;6.011697999783792e-07
1.9477410000399685e-08;8.456069999956526e-08;6.14354999968782e-08;5.905685999896377e-07
2.2485699999378993e-08;6.90013799990993e-08;6.226805999758653e-08;5.370300000067801e-07
1.9920730000012553e-08;6.661181999952533e-08;6.910862000077032e-08;5.290989999775775e-07
2.1213475000695327e-08;6.065946000162513e-08;6.213143999921158e-08;5.664519999991171e-07
1.6867305000778287e-08;6.070313999662176e-08;7.135790000320412e-08;5.739857999724336e-07
1.844734499900369e-08;6.955422000028194e-08;7.016997999744489e-08;5.956276000360958e-07
2.2844249999616294e-08;6.445584000321106e-08;6.682748000021093e-08;6.618849999504164e-07
1.7489095000200905e-08;7.364283999777399e-08;7.221858000266366e-08;6.28649799968116e-07
2.1789400000125168e-08;5.875723999924958e-08;8.603348000324331e-08;6.368237999849953e-07
2.0803275000071153e-08;7.124233999638818e-08;8.124660000321455e-08;6.642182000214234e-07
2.0902070000011008e-08;6.080799999763258e-08;7.045932000037283e-08;6.029905999894254e-07
2.3923229999491015e-08;7.924875999451615e-08;7.600781999644823e-08;6.019082000129857e-07
1.7197194999607745e-08;6.276123999850824e-08;6.876996000064537e-08;5.606378000229597e-07
1.7421710000780877e-08;6.231265999958851e-08;6.362047999864445e-08;6.065708000096493e-07
2.0667965000029652e-08;6.685210000141523e-08;6.023592000128701e-08;5.376068000332452e-07
1.95272950004437e-08;7.179989999858662e-08;6.752852000063285e-08;6.525734000024386e-07
2.0282599999336527e-08;7.29503599985037e-08;6.717026000260375e-08;6.301929999608546e-07
1.9070680000004357e-08;7.183817999903113e-08;7.21352599968668e-08;5.615918000112288e-07
1.7455635000078473e-08;8.069833999616094e-08;6.465857999864965e-08;6.739593999809585e-07
2.1978739998303354e-08;6.38558600039687e-08;6.087729999562726e-08;6.342044000048191e-07
2.420550000097137e-08;6.479812000179663e-08;5.632679999689572e-08;6.017569999676198e-07
1.6574850000324658e-08;6.818240000284276e-08;6.083446000120603e-08;5.599489999585785e-07
1.6005869999935383e-08;6.316455999622122e-08;6.173129999660887e-08;5.908515999908559e-07
2.0956879999721424e-08;5.803674000198953e-08;6.515814000158571e-08;5.69145200017374e-07
1.537977499974659e-08;6.44674599985592e-08;6.700404000002891e-08;5.454508000402712e-07
1.598865999985719e-08;6.348826000466942e-08;5.522781999898143e-08;5.689184000366367e-07
1.675630999961868e-08;6.623085999744944e-08;6.650557999964803e-08;5.7782840001164e-07
1.6942595000728033e-08;6.41955200000666e-08;5.55292000004556e-08;5.277173999929801e-07
1.627363500010688e-08;6.002281999681145e-08;5.856750000384636e-08;6.237449999898672e-07
2.218806000018958e-08;7.393553999718279e-08;6.342546000378207e-08;5.935729999910109e-07
1.936790000036126e-08;7.025310000171885e-08;6.368235999834724e-08;5.63724999956321e-07
2.046629499964183e-08;6.873579999664799e-08;6.825795999611728e-08;5.833481999579817e-07
1.7924184999719726e-08;7.746017999597825e-08;6.950698000146076e-08;5.764458000194281e-07
2.048194500093814e-08;6.80560799955856e-08;5.676144000026397e-08;5.578887999872677e-07
1.7753660000744276e-08;7.548379999934696e-08;5.9302960004424674e-08;6.042361999861897e-07
1.552625500044087e-08;5.986359999515116e-08;6.376756000099703e-08;6.081414000364021e-07
1.6657835000660272e-08;6.431513999705203e-08;5.8121759997447955e-08;5.775571999838576e-07
1.6222410000045782e-08;6.444378000451252e-08;6.989756000111811e-08;6.149839999852702e-07
1.772128500015242e-08;6.660727999988012e-08;7.485063999774866e-08;5.786635999684222e-07
2.023565499985125e-08;7.35876000020653e-08;6.718513999949209e-08;5.746055999770761e-07
1.994339500088245e-08;6.665767999948002e-08;6.298850000021048e-08;5.730646000010893e-07
1.8803164998826104e-08;6.371233999961987e-08;6.425255999783986e-08;5.650190000305884e-07
1.8276209999748972e-08;6.734919999726117e-08;6.37611000041943e-08;6.280920000281185e-07
2.041462000051979e-08;6.603757999837399e-08;6.138790000113659e-08;5.56016200047452e-07
1.9222524999349843e-08;6.95733200001996e-08;6.514374000253156e-08;5.743414000025951e-07
1.7394945000705774e-08;6.509400000213646e-08;7.319665999966673e-08;5.741514000110329e-07
2.170017999887932e-08;6.052445999812335e-08;7.835881999926642e-08;6.221063999691978e-07
2.131342499924358e-08;6.314179999753832e-08;6.757978000096045e-08;5.781981999753043e-07
1.8506144999992102e-08;6.03622600028757e-08;7.21809399954509e-08;6.242824000073597e-07
1.7502939999394585e-08;6.202802000334486e-08;6.098549999878742e-08;6.01308599987533e-07
1.7904425000597257e-08;6.631201999844052e-08;6.047552000381984e-08;5.879836000385695e-07
1.7812609999964478e-08;6.790104000247084e-08;7.22532800049521e-08;6.346168000018224e-07
2.0598769999924115e-08;7.183486000285483e-08;6.324540000059642e-08;5.948548000305891e-07
2.285542500030715e-08;7.501045999815688e-08;6.802419999730773e-08;6.448793999734334e-07
1.929192000097828e-08;7.440266000339761e-08;7.48883599997498e-08;6.240823999978602e-07
2.046693000011146e-08;6.877361999941059e-08;7.45651800010819e-08;6.094169999705627e-07
2.215604000084568e-08;6.678212000406348e-08;6.54813400004059e-08;6.280323999817483e-07
2.1583460000692866e-08;7.430237999651581e-08;7.231439999886789e-08;6.460741999908351e-07
2.284069999877829e-08;7.816013999981806e-08;7.405095999711193e-08;5.997931999736465e-07
2.068604999803938e-08;7.528535999590531e-08;6.873773999977857e-08;5.620730000082403e-07
1.8394355000054928e-08;6.47159600048326e-08;6.331966000143438e-08;5.819108000141569e-07
1.9583005001186394e-08;6.386682000011205e-08;5.9449340001447124e-08;5.664621999603696e-07
1.895141999993939e-08;6.865542000159621e-08;6.241286000004038e-08;5.923125999979674e-07
1.691065499908291e-08;6.638479999965057e-08;8.217331999912858e-08;5.364455999806524e-07
2.1543840001686475e-08;7.046030000201427e-08;6.016168000060134e-08;5.808201999752782e-07
1.928207499877317e-08;6.883493999484926e-08;6.04053599992767e-08;5.975962000084109e-07
2.3306349999620578e-08;7.133012000122108e-08;7.274759999709203e-08;6.349606000003405e-07
1.880306499951985e-08;6.129874000325799e-08;6.511916000163182e-08;5.83394400018733e-07
2.121791000245139e-08;6.937179999658837e-08;6.956744000199251e-08;5.524695999920368e-07
1.8169344999478197e-08;7.211002000258304e-08;6.319972000201233e-08;5.550291999825276e-07
2.0294550000107847e-08;7.561044000321999e-08;8.168308000313118e-08;6.130098000285216e-07
2.0339885000430513e-08;6.894531999714673e-08;7.353320000111125e-08;5.301214000210166e-07
1.9520275000832045e-08;7.144788000150583e-08;6.885649999603629e-08;5.584319999907166e-07
1.8927575000270736e-08;7.796524000004866e-08;7.188365999609231e-08;6.069423999870196e-07
1.736186999914935e-08;6.410499999765306e-08;6.361954000312835e-08;5.623192000202835e-07
1.8718115000228864e-08;5.934057999984361e-08;5.910399999702349e-08;5.535012000473216e-07
1.720210499915993e-08;6.408831999870017e-08;7.15576799993869e-08;5.895938000176102e-07
1.8272855000395794e-08;6.080686000059359e-08;6.112297999789007e-08;6.025005999836139e-07
2.1701010002288968e-08;7.292759999982081e-08;6.337785999639891e-08;5.715098000364378e-07
2.18141649995232e-08;6.069366000010631e-08;6.678225999930874e-08;5.875750000122935e-07
1.866919500025688e-08;8.09361399966292e-08;7.222261999850161e-08;5.696837999857962e-07
1.8253220000769942e-08;6.899336000205949e-08;6.461211999994703e-08;5.687119999784045e-07
1.998198999935994e-08;6.49998200009577e-08;6.35584200033918e-08;5.685817999765276e-07
1.9580370000039694e-08;6.627864000038243e-08;6.642188000259921e-08;6.11283399979584e-07
1.9534434999513907e-08;7.362970000249334e-08;6.131924000219442e-08;6.287033999687992e-07
2.008540999959223e-08;7.18371200026013e-08;6.11181000014767e-08;6.721574000548572e-07
2.1324169999570585e-08;6.811602000379935e-08;7.093356000259519e-08;5.571541999815963e-07
2.2452300001168622e-08;7.680167999933474e-08;8.384914000052958e-08;6.242517999489791e-07
1.7177415000332985e-08;7.070038000238128e-08;7.193306000554002e-08;6.074085999862291e-07
2.1697599999606608e-08;6.532343999715522e-08;6.923890000325628e-08;6.460963999852538e-07
2.3062970000319182e-08;6.35054600017611e-08;6.925460000056774e-08;6.870818000170402e-07
1.782086999883177e-08;6.606489999685437e-08;8.015166000113823e-08;5.747000000556e-07
2.153489000047557e-08;6.178059999947436e-08;6.606850000098348e-08;6.565178000018932e-07
2.1818270000221672e-08;6.921543999924324e-08;6.790815999847837e-08;6.693398000206798e-07
2.1065244999772402e-08;6.36666400008835e-08;7.395134000107646e-08;6.493020000052638e-07
1.89498799998546e-08;7.28426199988462e-08;7.751331999897957e-08;5.998449999606237e-07
2.2649089997867123e-08;6.221479999949224e-08;6.376534000155516e-08;6.237451999913901e-07
1.7149644999881274e-08;7.460453999810852e-08;5.562655999674462e-08;5.803742000134662e-07
1.6725605000101495e-08;6.178521999972872e-08;6.558114000363275e-08;5.692021999857389e-07
1.8810025000129827e-08;6.570905999979004e-08;6.3351919996785e-08;6.125226000440307e-07
1.6686979999940376e-08;6.724822000251152e-08;6.444197999662719e-08;6.054091999540105e-07
2.090441999898758e-08;7.305367999942974e-08;7.557141999714077e-08;6.175852000014856e-07
2.1658420001040212e-08;7.297549999784678e-08;6.958212000317872e-08;6.353800000506453e-07
1.707639499945799e-08;5.998128000064753e-08;6.17015000025276e-08;6.059285999508575e-07
1.719547000102466e-08;6.181225999607705e-08;5.99381199979689e-08;5.669993999763392e-07
1.68024950005929e-08;6.06869800016284e-08;5.811575999832712e-08;6.055536000058055e-07
2.0402000000467525e-08;6.298535999958403e-08;6.041585999773816e-08;6.055589999887161e-07
2.6019369999994522e-08;6.044965999899432e-08;6.196177999954671e-08;6.181242000311614e-07
1.599368500028504e-08;6.374801999772899e-08;6.43038600042928e-08;5.740866000414826e-07
1.705355000012787e-08;6.853886000462808e-08;6.214735999819823e-08;5.982768000103534e-07
2.121667999890633e-08;6.593800000264309e-08;6.165900000487454e-08;5.606968000065535e-07
1.6454220000014175e-08;6.333444000338204e-08;6.55815599951893e-08;5.533861999865621e-07
1.551350000081584e-08;5.68965999991633e-08;5.967751999851316e-08;5.37298200011719e-07
1.4924329999485055e-08;6.307993999798782e-08;5.881608000490815e-08;5.51190400030464e-07
1.658977000042796e-08;6.703657999751158e-08;6.726691999938339e-08;5.91123400023207e-07
1.831628000072669e-08;5.977293999749236e-08;7.045003999955953e-08;6.494754000450484e-07
1.5184079999744426e-08;5.6931220000842585e-08;5.556195999961347e-08;6.008302000118419e-07
1.5844579999975395e-08;6.518733999691904e-08;6.062145999749191e-08;6.00051200017333e-07
1.7086790000030307e-08;6.065895999781787e-08;7.39291800011415e-08;5.813378000166267e-07
1.687122500006808e-08;7.04844799998682e-08;6.299861999577843e-08;6.47746000031475e-07
1.849160999991e-08;6.238254000199959e-08;5.5988779995823276e-08;6.16533599968534e-07
1.602100000018254e-08;6.80506400007289e-08;5.7362699997611346e-08;5.957230000058189e-07
1.9967580000229644e-08;5.789481999818236e-08;6.053368000430055e-08;7.189052000176162e-07
1.6815900000801774e-08;6.118561999755912e-08;7.809971999959089e-08;5.917135999770835e-07
1.78778350003995e-08;6.222726000123657e-08;7.239662000210956e-08;6.105470000184141e-07
2.0281240000622346e-08;6.534426000434905e-08;7.422235999838449e-08;5.814265999943018e-07
1.9860329999937677e-08;6.45211199996993e-08;7.034525999915787e-08;5.37374200008344e-07
1.8262209999375044e-08;5.692198000033386e-08;5.587037999648601e-08;5.426344000152312e-07
1.5818249998847023e-08;5.74174800014589e-08;6.634752000099979e-08;6.138854000018909e-07
1.8249520000244955e-08;6.332968000206165e-08;5.67049200006295e-08;5.986094000400044e-07
1.568731500010472e-08;5.749028000282124e-08;5.512418000143953e-08;5.633564000017941e-07
1.5152390000002926e-08;7.05945800000336e-08;6.879590000025928e-08;6.047826000140048e-07
2.1707660000538454e-08;6.949809999787249e-08;7.677873999928124e-08;6.117703999625519e-07
1.8310070000006818e-08;6.285478000063449e-08;5.75308200030122e-08;6.268740000086837e-07
1.8958950000524054e-08;6.23061600024812e-08;6.871946000028402e-08;6.474323999718763e-07
1.926462499977788e-08;6.071074000210501e-08;6.633243999676778e-08;6.052734000259079e-07
1.6895649999787566e-08;6.264876000350342e-08;6.302746000001207e-08;6.773944000015036e-07
1.870502000092529e-08;6.54043999966234e-08;6.724510000203736e-08;5.989254000014625e-07
1.639096500002779e-08;6.461273999884725e-08;6.166051999898628e-08;6.553710000007413e-07
1.8208130000857636e-08;6.280535999685525e-08;6.389107999857516e-08;6.190778000163846e-07
1.657114999979967e-08;6.03521200013347e-08;6.800383999943734e-08;6.132941999821923e-07
1.7506880000291856e-08;6.281388000352309e-08;7.121375999995508e-08;6.662092000478878e-07
2.001078999892343e-08;6.742165999603458e-08;5.748035999713466e-08;6.144378000171856e-07
1.686829999962356e-08;7.004696000367402e-08;5.971598000032828e-08;6.03986200003419e-07
1.594516500044847e-08;6.501652000006288e-08;6.232114000013098e-08;5.7403840002371e-07
1.530205500021111e-08;6.388475999701769e-08;6.035054000094534e-08;6.152324000140653e-07
1.561301000037929e-08;6.197223999770358e-08;7.168895999784581e-08;6.306617999798619e-07
1.6437964999931864e-08;6.053421999677084e-08;6.928158000227996e-08;6.429158000391908e-07
1.818619499972556e-08;6.695505999960005e-08;6.832327999873087e-08;5.867163999937474e-07
1.6561165000894108e-08;6.552439999650233e-08;7.093720000120811e-08;6.446254000184127e-07
1.745764500083169e-08;6.042341999709607e-08;6.09039400005713e-08;6.08375400013756e-07
2.138410999905318e-08;6.103219999931753e-08;5.8643179998034614e-08;6.346929999999702e-07
2.528899999742862e-08;7.749130000011064e-08;7.36927599995397e-08;5.975586000131443e-07
2.031771999900229e-08;6.212478000088595e-08;6.028554000076838e-08;6.020471999654546e-07
1.8353744999330958e-08;6.783479999867267e-08;6.258927999879233e-08;6.146949999965728e-07
1.7920899999444373e-08;6.600301999715157e-08;7.845883999834768e-08;6.418097999994643e-07
2.284471000020858e-08;6.352577999932692e-08;7.234623999684118e-08;5.681600000243634e-07
1.9741949999297505e-08;7.040348000009544e-08;6.461959999869578e-08;6.063221999793313e-07
2.3508690000744538e-08;7.314476000028663e-08;7.047766000032424e-08;6.715579999727197e-07
1.563610500015784e-08;6.206062000128441e-08;5.57420999975875e-08;5.884502000408247e-07
1.5775899999425748e-08;7.240192000172102e-08;6.378120000008493e-08;5.826984000159427e-07
1.60292649990879e-08;6.661458000307902e-08;7.572309999959544e-08;5.830038000131026e-07
1.5324679999321233e-08;7.290385999949649e-08;6.384679999900982e-08;6.287451999960468e-07
1.7287000000942497e-08;5.6901559996185825e-08;7.570558000006713e-08;5.724285999895074e-07
1.9713909999700264e-08;7.097165999584831e-08;6.183919999748468e-08;5.611001999932341e-07
1.6592110000783578e-08;6.962193999788724e-08;5.991439999779687e-08;6.072310000308789e-07
2.0243335000122898e-08;6.707637999788859e-08;6.023996000294573e-08;5.563477999530733e-07
1.6621440000017174e-08;6.678177999565377e-08;6.221686000353656e-08;5.57178399991244e-07
1.8279725000320467e-08;6.184321999899111e-08;5.526001999969594e-08;5.778594000148587e-07
1.9422545000270473e-08;6.258331999997608e-08;5.977634000009857e-08;5.968186000245623e-07
2.0035319999442437e-08;6.488908000173978e-08;5.886879999889061e-08;5.671125999651849e-07
1.6096449999895413e-08;7.094426000257954e-08;6.472935999627225e-08;5.909971999935806e-07
1.5785540000069886e-08;5.8464499999536204e-08;6.42314600001555e-08;5.824577999883331e-07
1.9253504999505822e-08;6.302559999749064e-08;7.629633999895304e-08;6.102145999902859e-07
1.791778499900829e-08;6.388691999600269e-08;5.968898000428454e-08;6.38844600005541e-07
1.7166374999214896e-08;6.555064000422135e-08;6.491553999949246e-08;6.669665999943391e-07
1.7169609999109526e-08;6.238786000176333e-08;5.978030000114814e-08;5.677869999781251e-07
1.8245210000895896e-08;6.797013999894261e-08;5.7511720003094525e-08;5.945063999970444e-07
1.761333500035107e-08;6.656634000246413e-08;6.199186000158079e-08;5.527763999998569e-07
1.520151500008069e-08;6.414953999919817e-08;6.293892000103369e-08;6.17750600038562e-07
1.8634304999432062e-08;6.324025999638251e-08;6.624028000514955e-08;5.906785999541171e-07
1.8381970000336877e-08;6.709282000083476e-08;6.202491999720223e-08;5.921277999877929e-07
1.524000000063097e-08;6.399694000137969e-08;6.216828000033274e-08;6.360963999759406e-07
1.68575450006756e-08;6.457884000265039e-08;6.490758000290953e-08;6.126101999543607e-07
1.846155500097666e-08;6.262976000434719e-08;6.918506000074557e-08;6.599434000090696e-07
1.589271499979077e-08;6.32264599960763e-08;6.950873999739997e-08;5.966866000089794e-07
1.7965315000037663e-08;6.525417999946513e-08;6.259235999896191e-08;6.294978000223637e-07
1.778405499935616e-08;6.35740400000941e-08;6.798147999797948e-08;5.964321999927052e-07
1.8647805000364314e-08;6.55966799997259e-08;6.449980000033974e-08;6.345406000036747e-07
1.867911000008462e-08;6.139357999782078e-08;7.103816000162624e-08;5.750998000148684e-07
1.8142630001239014e-08;6.953735999995842e-08;6.335785999544896e-08;5.813754000118934e-07
2.061824000265915e-08;6.605599999893457e-08;6.939304000115954e-08;6.338394000194966e-07
2.1208319999277593e-08;6.58787399996072e-08;6.636210000142455e-08;6.309792000101879e-07
1.7362564998620655e-08;6.246247999952175e-08;7.031992000411265e-08;5.876812000060454e-07
2.0805750001454727e-08;6.18329199962318e-08;6.086159999831579e-08;6.043348000384867e-07
2.2222290000354406e-08;7.613166000228375e-08;6.905357999494299e-08;6.049009999842383e-07
2.050370999786537e-08;6.767698000185192e-08;7.055237999884412e-08;6.048520000185818e-07
1.758434000075795e-08;6.847954000113532e-08;5.860059999977239e-08;6.740525999921373e-07
1.624906499928329e-08;6.000469999853521e-08;5.99776400020346e-08;6.361406000214629e-07
1.899342000106117e-08;6.504438000265509e-08;6.043958000373096e-08;6.438465999672189e-07
1.8861714999366087e-08;6.563240000396035e-08;6.096536000259221e-08;5.667618000297807e-07
2.0352615001320372e-08;6.835471999947912e-08;6.820444000186399e-08;6.321141999796964e-07
1.601883499970427e-08;6.485398000222631e-08;6.733276000013575e-08;5.918346000253223e-07
1.6275024999049493e-08;7.276878000120632e-08;6.218972000060603e-08;5.809293999918736e-07
1.7525020000175574e-08;6.082316000247375e-08;6.803513999911957e-08;5.795894000330008e-07
2.093915999867022e-08;7.316195999737829e-08;7.216773999971337e-08;6.101131999748759e-07
1.8309505000070202e-08;6.447302000015043e-08;6.352680000127293e-08;6.299555999576114e-07
1.6066624999803026e-08;6.363621999626047e-08;7.353655999759212e-08;5.776868000393733e-07
2.0981855000718498e-08;7.223897999501787e-08;6.914503999869339e-08;6.341274000005797e-07
1.7099705000873654e-08;5.7524859998375175e-08;5.913213999592699e-08;6.192783999722451e-07
2.3473279998870565e-08;6.89211199991405e-08;6.0029819997726e-08;5.827449999633246e-07
1.8126359999587295e-08;6.670427999924868e-08;6.541940000024624e-08;6.039662000257522e-07
1.9568264999543316e-08;7.57750799995847e-08;6.445997999981045e-08;6.616131999762729e-07
1.766216000105487e-08;7.355413999757729e-08;7.236378000234253e-08;5.891738000209443e-07
2.3190730001078917e-08;7.257661999901756e-08;7.054243999882602e-08;6.299934000126086e-07
1.527469499997096e-08;5.983101999736391e-08;8.389079999760725e-08;6.153181999688968e-07
2.4174179998226465e-08;6.714225999894552e-08;6.017369999899529e-08;6.067390000098385e-07
2.6036370001384056e-08;5.5819040001370014e-08;5.6160500005353243e-08;5.89125799946487e-07
2.4588519998360424e-08;5.626325999619439e-08;7.519947999971919e-08;6.098905999679118e-07
1.6071440000087023e-08;5.7005580002442e-08;6.999897999921813e-08;6.717316000140272e-07
2.0133404999796767e-08;5.903277999605052e-08;5.562476000050083e-08;6.758001999696717e-07
1.8998109998938163e-08;6.206907999585382e-08;5.67125000001397e-08;5.959343999857083e-07
1.7392080000718125e-08;6.767623999621719e-08;5.430002000066452e-08;6.358081999933347e-07
1.573618499969598e-08;6.101126000285149e-08;7.874122000066563e-08;6.323344000265934e-07
1.5948265000770333e-08;5.640043999883346e-08;6.07737399986945e-08;5.569199999445118e-07
1.8518879999464844e-08;6.741017999593168e-08;5.919800000265241e-08;5.956139999907464e-07
1.5235615000710824e-08;8.520298000075855e-08;6.019194000400602e-08;6.646347999922e-07
1.5249730000505223e-08;5.7237000000895934e-08;6.14449999993667e-08;5.939526000292971e-07
1.7198319999442903e-08;7.145822000456974e-08;6.635941999848e-08;5.839567999937572e-07
1.596789000032004e-08;5.8554100000765177e-08;7.577761999564246e-08;6.109290000167676e-07
2.3747105000074954e-08;6.028761999914422e-08;6.096673999563792e-08;6.406461999868043e-07
2.1835520000604448e-08;5.937736000050791e-08;7.699116000439972e-08;5.895008000079542e-07
2.0396400000026914e-08;7.390959999756888e-08;5.711519999895245e-08;6.20788200001698e-07
1.6911624999193008e-08;6.334531999891623e-08;7.132093999534845e-08;6.109323999844492e-07
1.919647500035353e-08;7.419364000088535e-08;6.117916000075638e-08;6.629508000332863e-07
1.592120999994222e-08;6.261332000140101e-08;6.003958000219426e-08;5.605881999945268e-07
1.895727499941131e-08;6.345520000322721e-08;7.199236000305973e-08;6.539266000036151e-07
2.152014000021154e-08;7.593247999902815e-08;6.624606000259519e-08;5.609325999976136e-07
1.9677244999911637e-08;6.584873999818229e-08;6.104076000046916e-08;5.986598000163212e-07
2.005806999950437e-08;6.533156000077724e-08;8.047443999676034e-08;7.053102000500075e-07
2.252839999855496e-08;8.15807799983304e-08;6.476461999700405e-08;5.769065999775194e-07
1.8873315000382717e-08;7.028861999860965e-08;7.284315999713726e-08;6.832631999859586e-07
2.018384000111837e-08;6.466456000343896e-08;6.456828000373208e-08;6.440966000081971e-07
1.5735399999539366e-08;6.711368000251241e-08;7.039462000248022e-08;6.884987999801524e-07
1.879771000094479e-08;6.503122000140138e-08;6.34323799982667e-08;6.082583999959752e-07
2.2462290001567454e-08;7.154154000454582e-08;7.765703999903054e-08;5.87104799982626e-07
2.1428919999743813e-08;7.238248000503517e-08;7.313171999994665e-08;6.520199999795295e-07
1.7393750000337605e-08;7.470989999710583e-08;6.921757999807597e-08;5.999415999976918e-07
1.9597950000024867e-08;6.789948000223376e-08;6.470301999943331e-08;6.034670000080951e-07
1.7288290000578853e-08;6.973527999944054e-08;6.575755999656394e-08;6.430026000016369e-07
1.7928870000469034e-08;6.438309999648482e-08;6.898379999911413e-08;6.986494000302628e-07
2.0337990000552964e-08;7.801691999775358e-08;8.552402000059374e-08;6.558719999738969e-07
1.749848000035854e-08;7.054475999902934e-08;6.563376000267454e-08;6.258114000083879e-07
2.4917680001817642e-08;7.284508000011555e-08;6.807466000318527e-08;5.967303999932483e-07
2.0376060000853613e-08;7.030477999942377e-08;6.856960000004619e-08;6.334472000016831e-07
1.9012924999697135e-08;7.003715999890119e-08;7.758612000034191e-08;6.606273999786936e-07
2.0063869998557495e-08;7.113054000074044e-08;5.7825179997598755e-08;6.419853999977931e-07
2.4171979998936878e-08;8.470274000428617e-08;6.79965200019069e-08;6.74157399975229e-07
2.2138119998271578e-08;7.32735799974762e-08;8.727082000114024e-08;6.409844000008889e-07
2.1115560000180266e-08;8.162308000028134e-08;7.323237999808043e-08;6.399191999807954e-07
1.951215000008233e-08;6.652020000037737e-08;7.465792000293732e-08;6.770766000263393e-07
2.276803999848198e-08;7.002873999881558e-08;7.250563999987208e-08;6.729819999891333e-07
1.981599999999162e-08;7.144630000111648e-08;6.504614000441507e-08;6.507102000177838e-07
1.6725584999949205e-08;7.696763999992981e-08;6.751880000228994e-08;6.472726000356488e-07
1.708059999946272e-08;6.659464000258595e-08;7.635907999938353e-08;6.601141999708488e-07
1.6999794999719597e-08;6.115013999515213e-08;8.288938000332565e-08;5.789282000041567e-07
2.0740509999450295e-08;7.284875999903307e-08;7.48178000038024e-08;5.573543999926187e-07
1.8016375000297558e-08;6.458870000205934e-08;5.894568000221625e-08;5.868827999802306e-07
1.7969694999919737e-08;6.522281999932602e-08;5.8073699998203666e-08;5.981681999983266e-07
1.7410370000288822e-08;6.136629999964499e-08;6.368021999951452e-08;6.001463999855332e-07
2.2004439999000168e-08;6.752014000085183e-08;5.952931999927387e-08;6.102003999985755e-07
2.1229720002156684e-08;6.848400000017136e-08;7.162986000184902e-08;6.150522000389173e-07
1.7733059999591204e-08;7.02636000001803e-08;6.487717999843881e-08;6.32030799984932e-07
1.9397870000102558e-08;6.922919999924488e-08;5.987569999997504e-08;6.110434000147507e-07
2.0323119999375195e-08;6.237864000140689e-08;6.253269999870099e-08;5.688445999985561e-07
1.6742520000843796e-08;6.234804000123404e-08;6.037382000358776e-08;5.801918000215665e-07
1.9171429998823443e-08;6.846081999829039e-08;6.234820000245235e-08;6.029750000452623e-07
1.6788709998945705e-08;6.618375999969431e-08;6.197496000095271e-08;5.669771999819204e-07
1.6851124999811873e-08;6.140491999685764e-08;5.747291999869049e-08;5.830419999547303e-07
2.1742949998588303e-08;6.31504200049676e-08;5.990706000011414e-08;5.544170000357554e-07
1.8065480000223032e-08;6.406824000296183e-08;5.9168419998604803e-08;4.940624000155367e-07
1.671609500044724e-08;5.95039599982556e-08;5.9145879995776343e-08;5.069622000446543e-07
1.667155999894021e-08;6.469200000283308e-08;6.744799999869428e-08;5.028543999651447e-07
1.6176015000382905e-08;6.81360799993854e-08;6.549976000096649e-08;5.262565999873913e-07
1.999828499974683e-08;7.375048000249081e-08;7.123012000229209e-08;5.331110000261105e-07
2.0552180000231603e-08;6.094952000421472e-08;5.841715999995358e-08;5.326231999788433e-07
2.142442000040319e-08;6.397386000026018e-08;6.565718000056223e-08;5.048560000141151e-07
1.7359510000096635e-08;6.942122000036761e-08;6.345245999982581e-08;5.52813199989032e-07
1.9221269999979996e-08;7.018903999705798e-08;5.4982720001135024e-08;4.777750000357627e-07
1.7652079999970738e-08;6.044189999811351e-08;6.118743999977596e-08;4.913026000140234e-07
1.6335055000672582e-08;6.729909999994561e-08;6.268312000320293e-08;5.579435999970883e-07
2.03782600001432e-08;5.892009999952279e-08;8.055528000113555e-08;4.899444000329823e-07
1.929350499995053e-08;6.018226000014693e-08;6.582263999735006e-08;4.851962000248022e-07
1.759615000046324e-08;6.814084000070579e-08;6.887436000397429e-08;5.096299999859184e-07
2.028749000019161e-08;6.481170000042767e-08;8.546268000500277e-08;5.153912000241689e-07
2.056404000031762e-08;6.454122000141069e-08;6.853374000056647e-08;5.611309999949299e-07
2.122119000123348e-08;7.760507999919354e-08;6.599781999830157e-08;5.306404000148177e-07
2.1869030001107603e-08;7.192782000056468e-08;5.931609999970533e-08;5.197285999893211e-07
2.136979000060819e-08;8.336700000218116e-08;7.462550000054762e-08;5.291590000269934e-07
2.1807929998612964e-08;6.358282000292093e-08;5.764169999747537e-08;5.500515999738127e-07
1.8728300000657328e-08;7.321156000252813e-08;5.557365999557078e-08;5.313244000426494e-07
1.614269499987131e-08;7.551944000297226e-08;7.319836000096984e-08;5.328507999656722e-07
2.0547084999270737e-08;7.182320000138134e-08;5.958622000180185e-08;4.948729999596253e-07
1.7239100000006146e-08;7.959372000186704e-08;6.907309999805875e-08;5.373544000322e-07
2.0756039999832863e-08;6.16526999976486e-08;8.047418000060134e-08;4.987848000018857e-07
1.8739854999876116e-08;7.122795999748632e-08;5.6614200002513826e-08;5.809981999918819e-07
2.39568250006414e-08;7.309232000261545e-08;7.280799999716691e-08;5.023519999813289e-07
1.8684354999277274e-08;6.962390000117012e-08;6.196079999790527e-08;5.486559999990277e-07
2.1639020001748576e-08;6.384878000244499e-08;6.245963999535889e-08;5.716914000222459e-07
1.9604724999226163e-08;5.991827999823726e-08;6.455937999999151e-08;5.303447999758646e-07
2.039439499931177e-08;7.395606000209227e-08;6.249955999664962e-08;4.790548000019044e-07
1.9635054998798296e-08;5.6426660000579434e-08;8.288175999769009e-08;5.731584000168368e-07
2.3873684999125542e-08;7.419060000102035e-08;7.13796199997887e-08;5.790974000119604e-07
2.1296765000442975e-08;6.80575999955181e-08;7.979659999837167e-08;5.155647999490611e-07
2.2159349999856205e-08;7.275684000342153e-08;6.371765999938361e-08;5.205907999770716e-07
2.1202700000139885e-08;7.311416000011377e-08;1.0320645000319928e-07;5.449939999962226e-07
2.3717279999982566e-08;7.462097999523394e-08;6.045651999884285e-08;5.481402000295929e-07
2.2451070000533945e-08;5.8312359999399634e-08;5.3247019997797906e-08;5.486816000193357e-07
2.2634279998601416e-08;6.162453999859281e-08;7.87679200002458e-08;4.889088000054471e-07
1.6056424999260343e-08;6.759590000147e-08;6.328849999699742e-08;5.4632359999232e-07
2.4403109998092987e-08;5.6205460004275664e-08;5.987838000291958e-08;5.097017999505624e-07
1.676801000139676e-08;6.882498000049963e-08;6.374762000050395e-08;5.154873999999836e-07
1.6189015000418294e-08;5.56984199967701e-08;5.772355999797583e-08;5.887941999826581e-07
1.764019500114955e-08;5.795398000045679e-08;5.833367999875918e-08;5.427149999886752e-07
2.505438999796752e-08;5.680445999605581e-08;5.6554900004994127e-08;4.981076000258327e-07
1.9977175000531133e-08;6.399338000337593e-08;5.7797139999456704e-08;4.779821999836714e-07
1.6311019999557173e-08;6.073709999909624e-08;6.114630000083707e-08;4.925765999942087e-07
1.9766750000417234e-08;5.478518000454642e-08;7.534380000433885e-08;5.431374000036157e-07
1.9301945000188424e-08;7.015832000179216e-08;7.48046999971848e-08;5.241808000137098e-07
2.087298999831546e-08;6.01375599973835e-08;6.994631999987177e-08;5.253609999781475e-07
2.0245430000068155e-08;6.749905999749898e-08;6.089677999843843e-08;5.400136000243947e-07
2.1945159998722374e-08;6.646813999977894e-08;5.5033160001039507e-08;5.67810200038366e-07
1.7458925000391902e-08;5.414159999927506e-08;5.5978379998123275e-08;5.929775999975391e-07
2.0619320002151653e-08;7.690726000000723e-08;5.994905999978073e-08;5.228841999778524e-07
1.5869714999280403e-08;5.605743999476545e-08;5.8710820000851524e-08;5.043769999756478e-07
2.1490669999911916e-08;6.156429999973625e-08;6.681505999877118e-08;4.923126000212506e-07
1.5093535000050905e-08;6.591775999986566e-08;6.663788000005297e-08;4.85822599963285e-07
1.692567499994766e-08;6.611947999917902e-08;6.818875999888405e-08;5.370711999712512e-07
1.918405500036897e-08;6.611073999665677e-08;6.943693999783135e-08;5.411763999727554e-07
1.9052600000577514e-08;6.436866000294685e-08;7.066947999992407e-08;5.270000000018626e-07
2.439338999975007e-08;5.954913999885321e-08;5.565477999625727e-08;5.686856000102125e-07
2.0548250002320857e-08;7.296459999633953e-08;6.676539999898523e-08;4.863833999843336e-07
1.650043999979971e-08;6.151157999993302e-08;6.161486000055447e-08;4.759670000057668e-07
1.8224100000225007e-08;6.419237999944016e-08;5.4446599999209866e-08;5.221213999902829e-07
1.783253999892622e-08;7.414852000074461e-08;6.742275999858975e-08;5.225646000471898e-07
1.604863499960629e-08;6.55228600022383e-08;6.283902000286617e-08;5.151178000378423e-07
1.825153000099817e-08;7.70126799994614e-08;7.347699999809266e-08;5.264144000248052e-07
2.0387110000592656e-08;6.228587999939918e-08;6.189094000146725e-08;5.02801799972076e-07
1.642473499960033e-08;6.231428000028245e-08;6.82881799992174e-08;5.197924000094645e-07
2.060224499873584e-08;7.070565999601968e-08;6.235005999915301e-08;5.053638000390492e-07
1.7437849999987522e-08;7.188333999947645e-08;6.732787999790162e-08;4.880957999848761e-07
1.9615725000039675e-08;6.594458000035956e-08;7.164366000215524e-08;5.226569999940694e-07
1.9457365000562278e-08;6.870105999987572e-08;6.971876000170596e-08;5.037725999718532e-07
2.4099060002481564e-08;6.339809999917634e-08;6.710821999586187e-08;5.085209999815561e-07
1.6935304999060462e-08;6.165930000133813e-08;7.049901999998837e-08;5.295345999766141e-07
1.942467999906512e-08;6.240490000345745e-08;6.010091999778524e-08;5.273485999787227e-07
1.805426999926567e-08;5.933317999588326e-08;6.457685999921523e-08;5.320795999723487e-07
1.7930509999860077e-08;6.216111999819986e-08;7.487418000237085e-08;5.338015999877826e-07
1.906025999924168e-08;6.34537999983877e-08;6.468188000144437e-08;5.463252000045031e-07
1.939785499998834e-08;6.499880000483244e-08;6.775348000228406e-08;5.168320000520907e-07
1.9046250000246802e-08;6.57400600030087e-08;6.085430000093765e-08;5.017265999922529e-07
1.8473079999967014e-08;6.441236000391655e-08;6.751593999797479e-08;5.257236000034027e-07
1.801261000073282e-08;6.350928000174462e-08;6.317042000009678e-08;5.152893999475054e-07
1.7103150000912138e-08;6.129125999868847e-08;6.164229999994859e-08;5.024689999991096e-07
1.8580999999539928e-08;7.675703999702819e-08;6.15379800030496e-08;5.514125999761745e-07
2.2651930000574792e-08;8.149620000040159e-08;6.086663999594748e-08;5.217496000113897e-07
1.7880999999761117e-08;6.133245999808423e-08;5.987284000148065e-08;5.066161999711767e-07
2.0762920001288876e-08;6.168826000066474e-08;6.118717999779619e-08;4.840207999804989e-07
1.6801275000034365e-08;6.89131599967368e-08;6.130239999620244e-08;4.904764000093565e-07
2.155930000008084e-08;6.948219999903813e-08;5.960959999938496e-08;4.829831999959424e-07
1.8276974999753293e-08;6.347248000092804e-08;6.54913000005763e-08;5.44748599990271e-07
2.0779620000394062e-08;5.8873339998535814e-08;6.410133999888785e-08;4.924522000364959e-07
1.8605905000003985e-08;7.698133999947458e-08;7.085390000138432e-08;5.076705999672413e-07
2.0443045000138226e-08;7.289572000154295e-08;6.951262000366113e-08;5.655231999699026e-07
2.2440189999178982e-08;6.791834000032395e-08;6.594099999638274e-08;5.440743999788537e-07
2.070784499956062e-08;6.230242000310682e-08;7.51118200016208e-08;5.367236000020057e-07
2.035606999997981e-08;6.671374000143259e-08;8.024425999610684e-08;4.893347999895922e-07
2.0066030000452883e-08;6.942470000358299e-08;6.736627999925986e-08;5.267587999696843e-07
2.0718650000344497e-08;6.017593999858945e-08;6.905845999717713e-08;5.229705999954603e-07
1.991937999991933e-08;6.96219600038603e-08;6.686335999984295e-08;6.522659999900498e-07
1.669813499902375e-08;6.697409999906086e-08;6.785395999904721e-08;6.339509999961592e-07
1.9152155000483618e-08;5.928280000225641e-08;6.51570999994874e-08;6.395901999785565e-07
1.696210499940207e-08;6.32811399991624e-08;6.030880000325851e-08;6.528974000248127e-07
1.6283405000285713e-08;6.557732000364922e-08;6.731998000177554e-08;7.184057999984361e-07
1.9014505000086503e-08;6.473718000343069e-08;6.211337999557144e-08;6.229972000000999e-07
1.8522544999723322e-08;6.703231999999844e-08;6.588340000016615e-08;6.231280000065454e-07
1.684705999941798e-08;6.705049999873154e-08;6.47313599998597e-08;6.116072000004351e-07
1.7377559999295044e-08;7.616697999765166e-08;7.005553999915719e-08;6.238262000260875e-07
2.081851999973878e-08;6.044160000164993e-08;6.71956600039266e-08;6.553549999953247e-07
2.158975000056671e-08;7.61536400008481e-08;6.444541999953799e-08;6.085584000102244e-07
1.6010054999787825e-08;6.493757999851369e-08;7.050881999894045e-08;6.389947999850847e-07
1.9102460000431165e-08;7.607024000026286e-08;7.468766000238248e-08;6.435410000267438e-07
2.2420949999650473e-08;7.031582000199705e-08;6.775765999918804e-08;6.546263999771326e-07
1.5973959999973886e-08;6.025235999841243e-08;6.330071999691427e-08;6.625825999653898e-07
2.0989920001011343e-08;6.831553999800235e-08;6.171584000112488e-08;6.159999999799766e-07
1.753510499984259e-08;5.9094520000508054e-08;6.681936000240967e-08;6.990524000138976e-07
1.851939000043785e-08;6.051788000040688e-08;5.784806000301614e-08;6.07272399996873e-07
1.9201514999440405e-08;6.18416600045748e-08;5.7394620002014565e-08;7.056332000065595e-07
1.945904000021983e-08;6.081331999739633e-08;7.497176000033505e-08;6.790708000189625e-07
1.923938999971142e-08;6.237620000028983e-08;7.54765200021211e-08;6.756811999948696e-07
1.7628545001207385e-08;6.654020000132732e-08;6.286007999442518e-08;6.215363999945111e-07
1.6530329998931848e-08;6.608580000465736e-08;6.52886199997738e-08;5.970179999712855e-07
2.0966120000230147e-08;6.9155360001605e-08;7.970649999915622e-08;6.683467999682761e-07
1.9400834999396466e-08;6.181801999919116e-08;8.099361999775284e-08;7.42335400020238e-07
2.2147360000235494e-08;6.113888000254519e-08;6.499494000454433e-08;6.551717999973334e-07
2.0205485000042246e-08;7.3705080000218e-08;5.975434000138193e-08;6.511540000210516e-07
2.1833370000240392e-08;7.330193999805488e-08;5.8810120000271124e-08;5.747550000087358e-07
2.0028029999230056e-08;7.502390000154264e-08;6.280301999649964e-08;5.839443999575451e-07
2.2054619999835268e-08;7.105480000027456e-08;8.924086000188254e-08;5.923303999588825e-07
1.639877499983413e-08;6.106916000135243e-08;7.687650000443682e-08;6.559745999984443e-07
2.027732999995351e-08;6.582848000107333e-08;6.671932000317611e-08;6.961558000184596e-07
1.6697394999209792e-08;6.224769999971614e-08;7.037870000349358e-08;6.844305999693461e-07
1.978357500047423e-08;7.41708200017456e-08;7.092004000442102e-08;6.991487999912351e-07
1.7456145001051483e-08;7.546737999655306e-08;6.986675999942235e-08;5.926823999616318e-07
1.7632529999536927e-08;7.997048000106589e-08;7.434722000034526e-08;6.357728000148199e-07
2.43793600006029e-08;5.9059560002060606e-08;7.116958000115119e-08;6.656205999897793e-07
1.6636479999579023e-08;7.695360000361689e-08;6.209995999815874e-08;6.875468000071123e-07
1.800327500095591e-08;5.682496000081301e-08;6.541771999909542e-08;7.080073999823071e-07
2.1989570000732782e-08;7.194173999596387e-08;5.919562000199221e-08;6.311898000421934e-07
1.5674990000843535e-08;6.478288000216707e-08;5.8036240004003046e-08;6.200010000029579e-07
1.655424999917159e-08;7.065284000127576e-08;6.024846000364051e-08;6.534218000015244e-07
2.34194499993464e-08;7.385455999756232e-08;5.7385960000101474e-08;6.382905999780632e-07
1.7890489999263082e-08;7.191790000069886e-08;7.457783999852836e-08;6.377097999793478e-07
2.060543000116013e-08;8.126230000052601e-08;7.253612000495196e-08;6.44365799962543e-07
2.6061590001336297e-08;7.813900000182912e-08;7.543212000164203e-08;5.86437800026033e-07
2.2291810001479463e-08;8.096857999917119e-08;6.584310000180267e-08;6.300437999889254e-07
1.9533415000478273e-08;7.926554000005126e-08;7.24687999987509e-08;6.749617999885231e-07
2.0737314999860246e-08;6.762250000028871e-08;8.055045999935828e-08;7.243063999922015e-07
1.7505659999733326e-08;7.458787999930792e-08;7.140542000415735e-08;7.163559999899007e-07
2.3499329999322073e-08;7.524939999566414e-08;7.170890000415966e-08;6.889374000020325e-07
1.94889599995804e-08;6.279248000355438e-08;6.926455999491736e-08;6.932629999937489e-07
2.0971379999537022e-08;7.143504000268876e-08;6.379567999974825e-08;6.69966600020416e-07
2.5159659999189898e-08;6.697191999992356e-08;7.830799999646843e-08;6.732206000015139e-07
1.784672999929171e-08;6.496281999861822e-08;5.795022000093013e-08;5.937068000202998e-07
1.5240279999852645e-08;6.939844000153243e-08;6.720382000203245e-08;6.0568899998907e-07
1.583604499901412e-08;6.813696000026538e-08;6.505806000204757e-08;6.850841999985277e-07
2.0852994998858775e-08;6.052150000468828e-08;6.299891999806278e-08;6.027503999648616e-07
1.821399000036763e-08;6.809855999890715e-08;6.291723999893293e-08;6.818505999981426e-07
1.6408034999039956e-08;6.598349999985658e-08;7.095366000430658e-08;6.19066399987787e-07
2.1964740002295e-08;6.09411799989175e-08;6.12054800032638e-08;6.620777999632991e-07
2.100800999905914e-08;6.12124599982053e-08;7.893026000238024e-08;6.741856000153348e-07
1.922764500050107e-08;7.593533999752254e-08;7.27896599972155e-08;6.294449999695643e-07
2.0431644999189303e-08;7.036022000247612e-08;7.250646000029519e-08;6.313934000208974e-07
1.8735799999558367e-08;7.354705999605358e-08;6.392717999988236e-08;6.337217999971471e-07
1.725931499968283e-08;6.532217999920249e-08;6.255633999826387e-08;6.540672000264749e-07
2.3328630000469274e-08;7.725117999943905e-08;7.692028000019491e-08;7.048003999516368e-07
2.4987339999643154e-08;7.287005999824032e-08;7.611936000175774e-08;7.763853999786079e-07
2.012043000140693e-08;7.388605999876744e-08;7.329200000385754e-08;6.761139999725856e-07
2.3978069997974672e-08;8.247342000249773e-08;7.946387999691069e-08;7.829595999792218e-07
2.0661000000836795e-08;6.555537999956868e-08;8.925450000097044e-08;6.467072000377811e-07
2.2138990001985803e-08;6.50376999983564e-08;6.494496000232175e-08;7.023584000417032e-07
2.041964999953052e-08;7.022347999736667e-08;6.713639999506995e-08;7.373128000181168e-07
2.170031999994535e-08;8.499198000063188e-08;6.873872000142e-08;6.823192000156268e-07
2.5922009997884742e-08;7.171155999531038e-08;7.621763999923132e-08;6.599700000369921e-07
1.756618000072194e-08;8.253761999658309e-08;8.01627799984999e-08;6.472097999649122e-07
2.4473740000394173e-08;6.58464600041043e-08;8.377068000263535e-08;6.413702000281773e-07
2.407645000057528e-08;8.666813999880105e-08;7.167603999841958e-08;6.873079999932088e-07
2.216809999954421e-08;8.838149999501184e-08;7.886388000333682e-08;7.499463999993167e-07
2.6120710000395776e-08;7.61811200005468e-08;6.90660200023558e-08;8.15974599972833e-07
2.5467399999615736e-08;8.343621999956667e-08;9.096419999841601e-08;7.176051999558695e-07
2.604814000078477e-08;8.899201999884098e-08;8.2157680002274e-08;6.432798000168987e-07
2.3189730002195573e-08;7.71346999972593e-08;7.974206000217237e-08;7.042550000478513e-07
2.4027229999774135e-08;8.169220000272616e-08;7.361787999980152e-08;7.822428000508808e-07
2.4406085000373423e-08;6.17415799992159e-08;8.362146000145003e-08;5.970614000107162e-07
2.332674999925075e-08;6.36534399993252e-08;6.831230000243522e-08;7.700655999942682e-07
2.4070719999144786e-08;7.114746000152082e-08;6.521168000181206e-08;6.645946000353434e-07
1.9690740000805817e-08;8.912003999575972e-08;6.310110000194981e-08;6.427417999948375e-07
2.1961180001380854e-08;8.1600220000837e-08;8.723174000042491e-08;6.917622000328265e-07
1.675933500082465e-08;6.156265999889001e-08;7.151496000005863e-08;6.373727999744006e-07
1.6877545000170357e-08;7.425125999725423e-08;6.176180000184104e-08;6.551882000057958e-07
1.7386850000184495e-08;6.344216000288725e-08;5.8784739999100567e-08;6.608730000443756e-07
1.8968554999446497e-08;6.778517999919131e-08;5.861630000290461e-08;6.904073999612592e-07
1.9226609999896026e-08;6.380370000260883e-08;6.564798000035807e-08;6.196385999792256e-07
2.2345200000563638e-08;6.588268000050447e-08;7.186238000285811e-08;6.636916000279598e-07
1.8342819999088533e-08;6.375158000155352e-08;8.019530000165105e-08;6.78291599964723e-07
2.123853500088444e-08;6.292371999588795e-08;6.093173999688589e-08;6.237618000013754e-07
2.1238380001159386e-08;7.157047999789938e-08;6.76699000003282e-08;6.228832000051625e-07
2.1033810000517405e-08;6.349691999494098e-08;6.442401999956929e-08;6.802998000057414e-07
2.0818940000026486e-08;6.397965999785811e-08;6.498846000176854e-08;6.385858000139706e-07
1.8064049999520647e-08;7.193833999917843e-08;7.946920000249519e-08;7.763294000178576e-07
2.1566795000398997e-08;6.86997800017707e-08;6.345461999881081e-08;6.949864000198431e-07
1.9339169999875595e-08;6.639816000242718e-08;6.819740000064485e-08;6.867703999741935e-07
1.806984499999089e-08;6.478395999874919e-08;6.889997999533079e-08;6.443666000268423e-07
1.6702064999844878e-08;6.635538000264204e-08;6.982718000072055e-08;6.996034000185318e-07
1.8643104999500794e-08;5.880963999661617e-08;6.703099999576806e-08;6.5142199996626e-07
1.9097889999102335e-08;6.546856000204571e-08;8.068918000208215e-08;6.604088000021875e-07
2.1690570001373997e-08;6.778649999760091e-08;7.165950000053271e-08;7.065016000415199e-07
1.6320759999507573e-08;7.55312799999956e-08;6.027655999641865e-08;6.498029999784194e-07
1.8411945000116247e-08;5.8331000001635404e-08;5.942231999943033e-08;6.443566000089049e-07
2.0481549997930414e-08;6.666577999712899e-08;6.836137999780476e-08;6.932352000148966e-07
1.6046345001086592e-08;6.609054000000469e-08;6.456650000181981e-08;6.602861999999732e-07
1.705551000050036e-08;6.234953999519348e-08;7.603244000347331e-08;6.89031999965664e-07
1.6047945000173058e-08;6.595688000088557e-08;6.661086000385695e-08;6.827854000148363e-07
1.712808499869425e-08;6.265104000340216e-08;7.275303999776951e-08;6.948554000118748e-07
2.4704320001183077e-08;7.000840000109747e-08;6.181375999585726e-08;6.643074000021443e-07
1.583571000082884e-08;6.53392200008966e-08;6.457278000307269e-08;6.798783999984152e-07
1.8569990000105463e-08;6.498641999787651e-08;6.818863999797032e-08;6.306307999766431e-07
1.894342500017956e-08;7.682632000069134e-08;6.48981400008779e-08;7.32534000009764e-07
1.726642499997979e-08;6.969562000012957e-08;7.474166000029072e-08;7.665834000217728e-07
1.6170144999341573e-08;7.570636000018567e-08;6.798137999721803e-08;7.016801999998279e-07
2.143431500007864e-08;7.165493999491446e-08;6.872500000172295e-08;7.098776000202634e-07
1.8111755000427366e-08;6.8205979996128e-08;6.485125999897719e-08;6.534374000038952e-07
1.7499499999394174e-08;6.008207999984734e-08;6.449558000313119e-08;6.682674000039697e-07
1.688338499952806e-08;6.197514000232332e-08;6.570425999816507e-08;7.85610800026916e-07
1.9234419999702367e-08;6.561719999881461e-08;7.074893999961205e-08;6.277177999727428e-07
1.6333149999263696e-08;6.528075999813154e-08;6.690433999756351e-08;6.537974000093527e-07
1.7083134999847972e-08;6.437129999976605e-08;6.938472000183537e-08;6.554921999922954e-07
1.66735550010344e-08;6.649956000037492e-08;6.126299999887123e-08;6.517237999942154e-07
2.0743570002377965e-08;7.037986000068486e-08;6.44743799988646e-08;6.371800000197254e-07
1.902490500069689e-08;6.956865999964066e-08;5.674719999660738e-08;7.107708000112325e-07
2.0583799999440088e-08;6.84001600020565e-08;5.719534000381827e-08;6.397181999636814e-07
1.7922940000426023e-08;6.432263999595307e-08;5.851892000064254e-08;6.53972799947951e-07
1.718439499964006e-08;6.626560000004247e-08;6.720620000269264e-08;6.820861999876797e-07
1.782460499962326e-08;6.169063999550417e-08;6.910340000176802e-08;6.27597400045488e-07
1.6487189999315887e-08;6.821855999878607e-08;6.611037999973632e-08;6.41645800031256e-07
1.700167499948293e-08;6.220253999927081e-08;5.865785999922082e-08;6.930251999874599e-07
1.9416015000024344e-08;6.424803999834694e-08;6.165255999658256e-08;7.030763999791816e-07
1.6828445000282955e-08;7.353404000168667e-08;6.215630000224337e-08;6.170906000188551e-07
1.8497080000815914e-08;6.054797999677249e-08;6.646596000064165e-08;6.84179599978961e-07
2.0108574999903794e-08;6.466506000142545e-08;6.683600000105799e-08;6.362602000008337e-07
2.0786520000547172e-08;5.75362200033851e-08;7.16442000004463e-08;6.744304000167176e-07
1.7017659998964517e-08;6.6659180005081e-08;6.018416000297293e-08;6.794331999844872e-07
1.722070500109112e-08;6.604564000153914e-08;7.852991999825463e-08;6.599647999973968e-07
2.0622435001132543e-08;6.211060000350699e-08;6.459981999942102e-08;6.550523999612779e-07
1.8819154999800958e-08;6.856658000033349e-08;6.133085999754258e-08;6.792002000147477e-07
2.0315624999057035e-08;6.863414000254124e-08;7.439803999732249e-08;6.687139999703504e-07
1.7223945001023823e-08;7.108423999743536e-08;7.209482000325807e-08;7.448494000127539e-07
1.82198350012186e-08;6.8792840000242e-08;7.420290000154637e-08;7.147294000023976e-07
1.8662059999769552e-08;6.51311399997212e-08;6.527373999706469e-08;6.872336000087671e-07
1.8110409998917022e-08;6.292109999922104e-08;6.021427999949082e-08;6.904013999737799e-07
1.812748999946052e-08;7.060901999939233e-08;6.426399999763817e-08;7.198236000258476e-07
1.5255959999922197e-08;5.7358080003177746e-08;5.903436000226066e-08;6.898655999684707e-07
1.539251000067452e-08;6.51724600000307e-08;5.93094400013797e-08;6.10820000001695e-07
1.5389684999536256e-08;6.182499999995344e-08;6.064603999839164e-08;6.366272000013851e-07
1.5924399999494198e-08;6.422184000257402e-08;7.19476800004486e-08;6.496878000325523e-07
1.8063935000100173e-08;6.568116000271403e-08;5.979430000297726e-08;6.69844199961517e-07
2.0984549999411684e-08;6.386573999770917e-08;6.01630599994678e-08;6.363368000020273e-07
2.1735920000355692e-08;6.614840000402182e-08;6.27107199979946e-08;6.657092000241391e-07
2.2426540000014937e-08;7.652662000036799e-08;6.512220000149682e-08;6.458530000527389e-07
2.1885350000229665e-08;6.415565999923274e-08;7.17207600013353e-08;6.4343260001624e-07
2.1406569999817292e-08;7.058658000314609e-08;7.20168600033503e-08;7.198904000106268e-07
2.0450044999597595e-08;6.302205999963916e-08;8.016505999839864e-08;6.814059999887832e-07
1.9853954999416602e-08;7.810265999869444e-08;5.933156000101008e-08;6.61392199981492e-07
1.68818399994052e-08;6.886183999595232e-08;7.136251999763773e-08;6.889346000389196e-07
1.8307079999067356e-08;6.873576000216417e-08;6.527120000100695e-08;7.35199399990961e-07
1.8167669999820646e-08;6.918259999947623e-08;6.911745999823325e-08;6.818309999653138e-07
2.3293070000363514e-08;7.08383799996227e-08;6.813079999992623e-08;6.64671000035014e-07
1.8375535000814124e-08;6.530880000209436e-08;7.211245999787934e-08;6.839941999642178e-07
2.2292709999601355e-08;7.034827999887056e-08;6.508590000448749e-08;7.034012000076472e-07
1.8828040000516923e-08;6.812113999621942e-08;6.73263799981214e-08;6.805799999856391e-07
2.283101000066381e-08;7.033023999538272e-08;7.207856000168248e-08;6.778463999507949e-07
2.0065230000182054e-08;6.37085800000932e-08;6.56687000009697e-08;7.132348000304773e-07
2.2605490000569263e-08;6.343612000346184e-08;6.460174000239931e-08;6.887147999950684e-07
2.0743485000275542e-08;6.549070000182837e-08;7.049645999795758e-08;7.310538000310771e-07
2.251072000071872e-08;6.701463999925182e-08;7.083459999994374e-08;7.145852000103332e-07
2.1291924999968616e-08;7.334668000112288e-08;7.370138000114821e-08;7.624288000515662e-07
2.152162000129465e-08;6.709454000229016e-08;7.293427999829874e-08;7.743529999861493e-07
2.0221945000230333e-08;6.569659999804571e-08;7.28471000038553e-08;7.11005799996201e-07
1.831009000015911e-08;6.855371999554336e-08;6.31346800015308e-08;7.022006000042892e-07
1.8578625000372996e-08;6.531805999693461e-08;7.39623399975244e-08;7.468228000216186e-07
1.9210900001053233e-08;7.167477999464608e-08;6.571602000040002e-08;7.11338400025852e-07
2.1384860000398477e-08;7.288186000077985e-08;8.06916999979876e-08;7.048474000184797e-07
2.1826130000408738e-08;7.427686000009998e-08;7.482456000288948e-08;7.082147999899462e-07
1.7796700001053978e-08;6.723124000127427e-08;6.58473799994681e-08;6.997644000221044e-07
1.781392999982927e-08;6.289468000177294e-08;7.317015999578871e-08;6.998470000107773e-07
2.0458999999391382e-08;7.585759999928996e-08;7.214095999952406e-08;6.718172000255435e-07
2.031307500001276e-08;6.561528000165708e-08;6.815694000106305e-08;7.144031999632717e-07
1.9149850000394507e-08;7.159049999900162e-08;7.288161999895237e-08;6.96185200009495e-07
1.8727705000492278e-08;6.090800000238233e-08;6.567090000025929e-08;6.299046000349335e-07
1.7561929998919367e-08;7.404678000020794e-08;6.168066000100226e-08;6.941442000097595e-07
1.765729500039015e-08;7.197288000024856e-08;7.715140000218526e-08;6.565137999714353e-07
1.8695644999388604e-08;6.669507999904454e-08;7.134551999624819e-08;6.937135999905877e-07
2.0185479999054224e-08;7.850434000138194e-08;7.670481999521144e-08;6.276076000067406e-07
2.1714689998771064e-08;7.106137999799103e-08;6.588017999893054e-08;7.304946000222117e-07
2.200584000092931e-08;6.620822000550107e-08;7.151159999775701e-08;6.658648000448011e-07
2.022544000064954e-08;7.104383999831043e-08;6.920830000308342e-08;7.262487999978475e-07
1.9318599998950957e-08;7.112894000019878e-08;6.39190400019288e-08;6.573800000478514e-07
2.1820689999731257e-08;7.048008000128903e-08;7.158622000133619e-08;6.878752000047825e-07
2.0458349998807536e-08;6.280362000106834e-08;5.9014640003442766e-08;6.460244000190869e-07
1.9099714999902063e-08;6.238401999580674e-08;6.109111999976448e-08;7.526721999747679e-07
1.7503685000701808e-08;6.030345999752171e-08;6.147703999886289e-08;7.008366000372916e-07
1.749969999946188e-08;6.647403999813832e-08;6.333549999981187e-08;6.442508000181988e-07
1.7684889999509324e-08;6.866980000049808e-08;6.410673999926075e-08;7.303223999915645e-07
2.1084275000612253e-08;6.765371999936178e-08;6.447268000338227e-08;6.821612000348977e-07
1.729681500000879e-08;6.248239999986254e-08;8.021871999953874e-08;7.005804000073112e-07
1.8821249999746215e-08;5.841338000027463e-08;6.464415999944321e-08;7.596985999844037e-07
1.9946254999376833e-08;7.174592000083066e-08;7.378590000444092e-08;6.980755999684333e-07
2.0070694999594708e-08;6.389883999945596e-08;6.725578000186943e-08;7.246900000027381e-07
2.0146729999396484e-08;6.598092000349425e-08;7.333260000450537e-08;6.655772000085562e-07
1.91067199993995e-08;6.80251199984923e-08;6.500294000143185e-08;6.164868000196293e-07
1.980900000053225e-08;6.95114600006491e-08;5.835708000231534e-08;7.033266000216827e-07
2.3028359998716042e-08;7.597466000006534e-08;7.592141999630258e-08;6.601794000016525e-07
2.008810999977868e-08;7.055783999967388e-08;7.508972000214271e-08;7.699246000265703e-07
1.7600059999676888e-08;7.221240000217222e-08;7.720143999904394e-08;7.244343999773264e-07
2.0119279999926222e-08;7.202693999861367e-08;7.46538600011263e-08;7.404889999888837e-07
2.1474399999715386e-08;7.611694000079297e-08;7.892363999853842e-08;7.13290199986659e-07
2.1600369999941902e-08;7.070424000266939e-08;7.258415999822318e-08;6.743386000161991e-07
2.047837999998592e-08;7.386972000240348e-08;6.786217999760993e-08;7.111010000226088e-07
1.6959164998843333e-08;6.532550000119954e-08;5.986725999973715e-08;6.619155999505892e-07
2.005067000281997e-08;7.809410000336357e-08;6.337706000194884e-08;7.402898000436835e-07
2.0165780000388622e-08;7.645474000019021e-08;6.388592000002973e-08;7.055275999591686e-07
1.7307000000437255e-08;6.764658000320197e-08;7.10598999983631e-08;7.186322000343352e-07
2.4549539999861736e-08;7.411338000092656e-08;7.571340000140481e-08;7.44051199988462e-07
2.1653039997909217e-08;7.400755999842659e-08;6.745498000527732e-08;7.496467999881133e-07
2.2521489998325705e-08;7.62473599985242e-08;6.596197999897414e-08;7.031492000096478e-07
1.6462850000243633e-08;6.767031999770551e-08;7.210965999984183e-08;6.804593999986536e-07
2.0798130000184756e-08;7.435282000224106e-08;6.414449999574572e-08;7.608952000155113e-07
2.0609799999510868e-08;7.085061999969184e-08;8.557520000031218e-08;6.766821999917739e-07
2.0688744999642948e-08;5.94358199974522e-08;7.966471999534405e-08;7.503136000013911e-07
1.931889499974204e-08;8.09826200013049e-08;8.136824000393972e-08;8.02046800032258e-07
2.322197000030428e-08;6.908207999658771e-08;7.969380000140518e-08;7.107209999812767e-07
2.3112455000227784e-08;6.10708199965302e-08;7.565468000248075e-08;8.158454000367783e-07
2.282864000007976e-08;7.731658000266179e-08;7.083464000024833e-08;7.709057999891229e-07
2.155405499943299e-08;7.464677999960259e-08;7.907269999850542e-08;6.942024000454694e-07
2.457208000123501e-08;7.730636000051163e-08;7.826584000140428e-08;7.327504000277259e-07
2.1304704999784006e-08;8.652003999450243e-08;9.228049999801443e-08;7.002924000262283e-07
2.0696969999698923e-08;7.62985400040634e-08;7.039637999841943e-08;6.419529999839142e-07
2.327272499969695e-08;8.180276000057347e-08;5.527238000067882e-08;8.270172000047751e-07
1.9891604999429547e-08;8.402197999530471e-08;7.98434600001201e-08;7.793481999542564e-07
2.1936180000193418e-08;6.88707199995406e-08;8.047481999965385e-08;8.102834000019357e-07
1.6985505000047852e-08;6.162005999940448e-08;8.449756000190973e-08;7.684320000116713e-07
2.177466999855824e-08;8.661453999811784e-08;6.374866000260227e-08;7.079913999768906e-07
2.3431989998789505e-08;6.855908000143245e-08;7.464111999724992e-08;7.211454000207595e-07
1.609547999978531e-08;7.914050000254064e-08;6.448197999852709e-08;8.040865999646485e-07
2.217574000096647e-08;6.986973999883049e-08;7.263629999943077e-08;7.167161999968812e-07
2.430019000021275e-08;8.101389999501407e-08;7.312348000123166e-08;7.441489999764599e-07
1.6256739999516868e-08;5.7624199998099355e-08;6.872820000280626e-08;7.539589999942109e-07
1.649468999967212e-08;6.086298000300304e-08;7.612117999815383e-08;6.510550000239163e-07
2.0742854999843986e-08;6.0436060000211e-08;5.538656000280753e-08;6.622742000035942e-07
2.139964000089094e-08;7.398671999690123e-08;9.167515999870375e-08;7.360785999917425e-07
2.28421999985585e-08;6.942181999911555e-08;7.423360000248067e-08;8.756807999452576e-07
2.4217110000608954e-08;6.449542000191286e-08;9.0583040000638e-08;6.757084000273608e-07
1.5756865000003018e-08;8.041938000242225e-08;7.067258000024594e-08;7.484742000233382e-07
1.918106999946758e-08;6.069947999785654e-08;6.886721999617294e-08;7.09277399990242e-07
1.8633774999761955e-08;7.285491999937222e-08;6.142963999882341e-08;7.690311999758705e-07
2.597736000025179e-08;7.739759999676608e-08;7.303474000073038e-08;7.167582000256516e-07
1.916373999993084e-08;7.391044000396505e-08;7.540179999778047e-08;6.48294199956581e-07
1.7724279999674763e-08;5.978640000103041e-08;5.7524780003586784e-08;6.200744000379927e-07
2.1772345001227224e-08;7.428902000538074e-08;6.703052000375465e-08;7.794026000192389e-07
2.6270890000159853e-08;8.299689999548719e-08;7.88570599979721e-08;7.857116000377573e-07
2.2831405000761153e-08;8.45099600031972e-08;8.725055999821052e-08;7.118531999876723e-07
2.5024449999909848e-08;7.205373999895528e-08;8.015811999794096e-08;8.249756000004709e-07
2.590825999795925e-08;7.942047999822535e-08;7.09491399989929e-08;7.637255999725312e-07
2.307603000081144e-08;8.917901999666355e-08;8.103194000432268e-08;8.364869999932125e-07
2.4305550000281074e-08;8.945683999918401e-08;7.998093999922276e-08;7.803742000251077e-07
2.1194129998912105e-08;8.081175999832339e-08;6.927048000507057e-08;7.966824000468477e-07
2.592198000056669e-08;7.020112000172958e-08;8.622689999756403e-08;7.250742000178434e-07
2.3235139998723754e-08;7.939089999999851e-08;6.28882999997586e-08;6.902451999485492e-07
2.312421000096947e-08;6.875297999940812e-08;6.637315999832935e-08;7.251859999960289e-07
2.065013000101317e-08;6.940978000056929e-08;8.456782000139356e-08;7.142913999850862e-07
1.9911689999571537e-08;7.609075999935158e-08;6.979502000031061e-08;7.326176000060514e-07
1.847603999922285e-08;6.252111999783664e-08;7.02456799976062e-08;6.903127999976277e-07
2.1094009999069385e-08;7.472022000001743e-08;7.108136000460946e-08;7.659027999616228e-07
2.088683499896433e-08;7.487542000017129e-08;8.551248000003397e-08;6.69939199986402e-07
2.205017999804113e-08;6.77492400049232e-08;7.422023999970406e-08;7.314170000026934e-07
1.9501764999586158e-08;6.909513999707996e-08;7.70102400041651e-08;7.697732000378892e-07
2.2119529999326914e-08;8.651133999810555e-08;6.722286000149324e-08;7.619665999663994e-07
2.1235794998938218e-08;8.633164000348187e-08;6.233097999938763e-08;7.255265999701805e-07
1.731553499994334e-08;7.861870000488125e-08;7.630670000216923e-08;6.776890000328421e-07
2.2530160000314936e-08;6.684136000112631e-08;8.073590000276454e-08;7.97433200001251e-07
2.0721740002045408e-08;6.711812000139617e-08;8.811895999824628e-08;6.997973999823444e-07
2.3857420001877473e-08;6.647828000131995e-08;7.652249999810011e-08;7.018264000071213e-07
1.898588500043843e-08;7.359159999759868e-08;6.595276000443846e-08;6.764171999529935e-07
1.5690960000210906e-08;6.545724000316113e-08;6.841819999972358e-08;7.969407999771648e-07
1.984970500052441e-08;6.866637999773956e-08;7.685314000118524e-08;7.980954000377097e-07
1.7797340000106488e-08;6.924998000031337e-08;7.614310000208206e-08;7.051694000256248e-07
1.667122499929974e-08;6.679829999920913e-08;8.578984000487254e-08;7.557455999776721e-07
1.9958159999805504e-08;7.609771999996155e-08;7.703947999980301e-08;7.004695999785326e-07
1.857002499891678e-08;6.149749999749474e-08;6.941540000261738e-08;7.17622400028631e-07
1.852802499925019e-08;8.434457999537699e-08;7.451974000432529e-08;7.180500000249595e-07
1.6998640001111198e-08;7.232939999666996e-08;6.597265999880619e-08;6.638870000024326e-07
1.8270325000048614e-08;7.338982000364922e-08;7.292745999875479e-08;7.383070000214502e-07
2.049098999996204e-08;6.01104800007306e-08;6.299640000215731e-08;7.642857999890111e-07
2.1380384999793023e-08;6.214190000318922e-08;7.59985400014557e-08;6.619591999915429e-07
1.768770000053337e-08;6.388784000300802e-08;6.733358000055887e-08;6.370833999826572e-07
1.7430999998759943e-08;6.41520999954082e-08;6.132750000106171e-08;6.770457999664358e-07
1.668513500044355e-08;6.15358799987007e-08;7.003485999885015e-08;7.588866000296548e-07
1.6417340000043622e-08;6.695879999897443e-08;5.8989820000715554e-08;6.985028000199235e-07
1.616634499951033e-08;6.752379999961704e-08;5.943042000290007e-08;6.532861999585293e-07
2.1471709999605083e-08;6.566465999931098e-08;6.535923999617808e-08;8.901866000378505e-07
1.5896129999600816e-08;5.700394000159576e-08;6.451113999937662e-08;9.619825999834575e-07
1.545890999987023e-08;6.501385999727063e-08;5.7273560005705805e-08;9.06665200018324e-07
1.6720089998852928e-08;5.87310399976559e-08;7.990525999921374e-08;9.650944000459277e-07
1.8740735000756103e-08;5.913785999873653e-08;6.987997999531217e-08;9.281686000176706e-07
1.7029475000163076e-08;6.08544200018514e-08;7.36873799993191e-08;8.677306000026874e-07
1.875034999975469e-08;6.530293999821879e-08;7.180301999906078e-08;1.0303969999949913e-06
2.6586080002016388e-08;7.454515999997967e-08;6.407617999939248e-08;9.477127999998629e-07
2.166529000096489e-08;6.695273999939673e-08;5.6268939998699354e-08;8.693742000032216e-07
1.7316494999977296e-08;6.846783999935724e-08;8.459296000073664e-08;1.0772390000056474e-06
2.0876909999060445e-08;8.420579999801703e-08;6.332905999734066e-08;1.0040456000133417e-06
2.244681500014849e-08;6.250630000140518e-08;8.220223999815062e-08;8.97357199981343e-07
1.6592999998829326e-08;6.831504000001587e-08;6.316812000004575e-08;9.388299999991432e-07
1.883895499922801e-08;7.149533999618143e-08;8.147568000131287e-08;1.0024089999205898e-06
2.1145060000708326e-08;8.081275999429636e-08;7.834460000158288e-08;9.529053999576718e-07
2.1656570001505315e-08;6.270595999667421e-08;7.309476000373251e-08;9.765049999696203e-07
2.0496514999831562e-08;7.410666000214405e-08;8.232237999909557e-08;1.005183200002648e-06
2.0449384998937603e-08;6.697829999611713e-08;7.20984200015664e-08;9.136506000068039e-07
2.062541500054067e-08;6.41378199972678e-08;6.736514000222087e-08;1.085896800039336e-06
2.0648890000302344e-08;7.407281999476254e-08;6.668305999482982e-08;1.1024570000881794e-06
1.685540000034962e-08;7.54244200012181e-08;6.894202000112273e-08;9.698376000160352e-07
2.029710999922827e-08;8.305099999997765e-08;6.048650000011548e-08;9.340082000126131e-07
2.0238790000439623e-08;7.741960000130348e-08;6.775350000243634e-08;1.0332426000386476e-06
2.1615379999275318e-08;7.600558000267483e-08;7.862323999870568e-08;1.0446585999452508e-06
2.3206340000615454e-08;6.825001999968662e-08;5.978391999960877e-08;1.0106794998864644e-06
1.8669565000163856e-08;6.865395999629982e-08;6.105855999630876e-08;9.301396000082604e-07
2.126867999904789e-08;6.414503999985755e-08;6.08544200018514e-08;8.690274000400678e-07
2.1013885000138545e-08;7.225555999903008e-08;5.900939999846742e-08;8.977007999783382e-07
1.8201599999156314e-08;6.17339600052219e-08;6.859102000016718e-08;1.0755904999678023e-06
1.7661270000098737e-08;7.490506000467575e-08;9.056127999792807e-08;8.921014000079595e-07
2.0427130002644844e-08;7.49842599965632e-08;5.5824260000372305e-08;1.0802689999400172e-06
2.282013999938499e-08;6.930824000155553e-08;6.909595999750309e-08;9.519589999690652e-07
2.1921554999426006e-08;7.80862600018736e-08;6.98971200035885e-08;9.739313999889419e-07
2.4596729999757373e-08;6.896607999806292e-08;9.141420000232757e-08;1.1312560000806116e-06
2.3522820000653156e-08;7.472249999991618e-08;7.867112000240014e-08;8.866158000309952e-07
1.920112999941921e-08;7.354407999664544e-08;6.820314000360668e-08;9.345626000431366e-07
1.81303499994101e-08;7.060925999539905e-08;8.451865999959409e-08;9.363061999902129e-07
2.1051135000016075e-08;7.136076000169852e-08;7.463040000293404e-08;1.0600184999930207e-06
2.072516999905929e-08;7.610180000192486e-08;8.233490000129678e-08;1.1191024999425282e-06
2.0149529998889193e-08;6.281290000188165e-08;8.443143999902532e-08;1.0184352000360377e-06
2.317668000177946e-08;6.92213200032711e-08;7.620032000122592e-08;9.836469999863766e-07
2.2831100001349115e-08;6.796682000276633e-08;6.165431999834254e-08;9.274258000077679e-07
2.121091000008164e-08;6.628414000151679e-08;6.674717999994755e-08;9.54711199970916e-07
2.0404799998505042e-08;6.345412000082433e-08;7.590462000225671e-08;9.257561999838799e-07
2.217325000092387e-08;6.256220000213943e-08;5.613088000100106e-08;8.678242000169121e-07
2.3280265000357758e-08;7.11720199964475e-08;7.113337999908254e-08;9.59842199983541e-07
2.0715985000424552e-08;6.80017400009092e-08;7.579669999540783e-08;8.651441999827511e-07
2.647117000014987e-08;7.641400000429712e-08;8.563343999558129e-08;9.287143999827094e-07
2.4073359998874365e-08;7.506529999664053e-08;8.329592000227421e-08;1.0557704999519047e-06
2.1928674999799114e-08;7.54072800045833e-08;7.411722000106238e-08;8.978992000338621e-07
2.0208229999116156e-08;6.637186000007205e-08;6.514812000095844e-08;9.676648000022396e-07
1.8462995000299998e-08;7.429248000262306e-08;6.078056000405922e-08;9.186127999564633e-07
1.6867860000638756e-08;6.928277999977581e-08;7.70602600008715e-08;8.890706000383944e-07
2.076905000139959e-08;7.877807999611832e-08;7.403269999776967e-08;9.489127999986521e-07
1.7258939999737777e-08;6.47274200047832e-08;7.212248000432737e-08;9.896305999718606e-07
2.165297500032466e-08;6.831869999878108e-08;7.076575999963097e-08;8.97503600048367e-07
2.1242979998351076e-08;7.348005999810994e-08;7.524470000062138e-08;9.8999900004128e-07
2.156341999943834e-08;7.510973999742418e-08;7.304359999834559e-08;1.0229789999721106e-06
1.9541400000161957e-08;7.206651999731549e-08;8.17843199998606e-08;9.764589999685995e-07
1.6170120000606403e-08;7.858879999839701e-08;7.129521999740973e-08;1.0043854000396094e-06
2.211589999787975e-08;6.953638000413775e-08;7.298785999882967e-08;1.0208934999536723e-06
2.1732019999762998e-08;6.855623999726958e-08;6.871832000324503e-08;9.78354200022295e-07
2.0262114999059122e-08;6.938326000235975e-08;7.554438000079245e-08;9.636456000152976e-07
2.2227704999386332e-08;7.316664000391029e-08;7.588811999885366e-08;9.477462000213564e-07
1.6811630000302103e-08;6.914715999737382e-08;5.843882000190206e-08;1.055921999941347e-06
2.6075300000957213e-08;8.133633999968879e-08;7.739933999837376e-08;9.297650000080467e-07
1.983455000008689e-08;7.591469999752007e-08;7.56879199994728e-08;1.0126670000317972e-06
2.5942200000281446e-08;6.603807999636047e-08;6.504328000009992e-08;9.086133999517188e-07
1.8101580000075046e-08;7.778049999615177e-08;8.20724799996242e-08;9.462575999787077e-07
2.225849999813363e-08;6.661572000011801e-08;6.730460000107996e-08;1.0514520001015626e-06
2.1422820002771914e-08;7.412849999964237e-08;6.674504000111483e-08;8.958213999867439e-07
1.7685240000719203e-08;7.720268000266515e-08;7.780901999794878e-08;9.788835999788717e-07
2.3272120000910944e-08;6.026898000272922e-08;6.900119999772869e-08;9.365450000041164e-07
1.8010260000301058e-08;7.414564000209794e-08;7.234399999724701e-08;9.222323999856599e-07
1.8915439999545923e-08;6.541892000241204e-08;6.41875599976629e-08;9.16453999991063e-07
2.179038999893237e-08;7.538965999847279e-08;6.589048000168987e-08;1.0988234999240375e-06
2.0103060000110416e-08;7.032926000538283e-08;7.079600000288337e-08;9.339719999697991e-07
1.8513174999679906e-08;6.562061999575236e-08;6.536370000103489e-08;1.0179112000041642e-06
1.619984499993734e-08;6.718047999893315e-08;6.905822000117041e-08;9.165230000508018e-07
2.015279500046745e-08;7.977496000239625e-08;7.216276000253856e-08;8.856381999794394e-07
2.143381999921985e-08;6.70051000022795e-08;6.739233999978752e-08;9.29167999944184e-07
1.8598424999800046e-08;6.79121799999848e-08;7.018732000142336e-08;9.037356000044383e-07
2.0816545000707264e-08;6.466619999846444e-08;6.530309999943711e-08;9.096131999976933e-07
1.9949354999698697e-08;6.693468000157736e-08;6.970883999601938e-08;9.154374000499956e-07
2.063549000013154e-08;7.363775999983773e-08;6.742930000182241e-08;9.514567999867722e-07
1.6734169999836014e-08;6.306777999852785e-08;6.309272000216879e-08;1.0187985000084154e-06
1.585264500026824e-08;5.963578000082635e-08;6.885847999947145e-08;8.686514000291937e-07
1.5950280000106432e-08;7.000469999620691e-08;6.115877999691293e-08;9.095661999890581e-07
2.0202180001069792e-08;6.043595999944955e-08;5.710558000137098e-08;9.87751999986358e-07
1.9011534999299328e-08;6.893635999877005e-08;6.648816000088118e-08;8.97127799980808e-07
2.400343999906909e-08;7.048158000106923e-08;7.485430000233464e-08;8.954210000229068e-07
1.6702985001029445e-08;6.026689999853261e-08;7.461979999789036e-08;9.223743999609724e-07
2.2356150002451614e-08;7.921664000023156e-08;6.762681999825872e-08;1.004920499981381e-06
1.9414249999681487e-08;6.925990000017918e-08;6.360873999656178e-08;8.499399999855086e-07
1.951289000135148e-08;7.379587999894283e-08;5.8089560002554206e-08;9.669852000079118e-07
2.378914500004612e-08;6.852950000320561e-08;6.042833999963478e-08;8.683377999695949e-07
1.8884309999702965e-08;8.542349999770523e-08;7.053804000024684e-08;9.970447999658064e-07
2.1947830001590772e-08;6.664847999927588e-08;7.248773999745026e-08;9.564101999858395e-07
2.088573500077473e-08;7.483207999612205e-08;7.512036000262015e-08;9.396660000202246e-07
1.7443790000106673e-08;5.67092599987518e-08;8.168557999888434e-08;9.572314000106416e-07
1.750836999999592e-08;6.303898000041954e-08;7.213382000336424e-08;5.45481400040444e-07
1.6558264999184757e-08;7.190831999760121e-08;7.260102000436746e-08;5.810317999566905e-07
2.2157640001387334e-08;7.137742000049912e-08;7.341094000148587e-08;5.407638000324369e-07
1.627792000072077e-08;6.54633600031957e-08;5.967443999834359e-08;5.14519400021527e-07
2.4636619997909293e-08;6.124861999996938e-08;6.816680000047199e-08;5.114668000023812e-07
1.788767999969423e-08;6.416044000070541e-08;6.780928000225686e-08;5.25080599996727e-07
1.8208204999973533e-08;7.27734199957922e-08;6.559410000336356e-08;5.096065999823622e-07
1.963967500050785e-08;6.557673999923282e-08;7.598940000170841e-08;5.252301999717019e-07
2.1351535001304e-08;7.065610000281595e-08;6.994009999907575e-08;5.28201800014358e-07
1.9340595000539905e-08;6.2510140001541e-08;5.8208260004175824e-08;5.190446000196971e-07
1.727740999922389e-08;5.949409999884665e-08;7.362112000118941e-08;4.993976000114344e-07
1.6193980000389274e-08;5.9473259997321294e-08;6.179569999803789e-08;5.256484000128694e-07
1.7328099999576808e-08;6.685189999989234e-08;5.779767999774776e-08;5.203776000416837e-07
1.977284500026144e-08;7.11838599992916e-08;6.282782000489533e-08;5.63389399962034e-07
2.144838499953039e-08;6.845171999884769e-08;7.333805999951437e-08;5.023086000001058e-07
1.8507464999856892e-08;7.50588399998378e-08;7.25053799978923e-08;4.980135999503546e-07
2.4605169999995267e-08;6.733287999522873e-08;6.607410000287928e-08;5.054856000351719e-07
2.2943469999881928e-08;7.387893999693916e-08;6.7701240000315e-08;5.329212000360713e-07
1.497804999962682e-08;5.8360200002789497e-08;6.069060000008903e-08;5.062803999753669e-07
2.033427499991376e-08;6.317060000146739e-08;6.515970000182278e-08;4.771598000079394e-07
1.990108999889344e-08;7.544205999583937e-08;5.757940000039525e-08;5.180958000128158e-07
2.0093980000820012e-08;5.820666000363417e-08;6.692411999683827e-08;4.87128600012511e-07
1.6170739999506623e-08;6.935511999763548e-08;7.717931999941356e-08;5.691801999928429e-07
2.0550640000146812e-08;8.021350000053644e-08;6.552317999885418e-08;5.238421999965794e-07
1.8782435001048725e-08;7.21984000003431e-08;7.848653999972157e-08;5.538778000045568e-07
2.6008350000483917e-08;6.589549999916926e-08;7.142638000077568e-08;5.445165999699384e-07
1.913450499996543e-08;6.506789999548345e-08;7.617580000078305e-08;5.250669999513776e-07
1.7567095000413248e-08;7.2944299998926e-08;7.203668000292964e-08;5.207297999877482e-07
1.8811214999004734e-08;5.94459000043571e-08;6.143246000283398e-08;4.847882000030949e-07
1.568892500072252e-08;6.21672999986913e-08;7.516377999563702e-08;5.203619999811054e-07
1.7012909999175462e-08;7.348915999755263e-08;6.398127999855206e-08;5.034478000015952e-07
2.036796000029426e-08;6.059907999588176e-08;6.2062820000574e-08;5.370113999815658e-07
2.048947000002954e-08;6.438855999731459e-08;6.527066000271589e-08;4.751601999741979e-07
1.8092899999464864e-08;6.566100000054575e-08;6.136015999945812e-08;5.133432000293397e-07
1.7179819999728352e-08;6.635015999781899e-08;8.306853999965824e-08;5.107946000061929e-07
2.0228784999926576e-08;6.664139999775216e-08;6.429888000129722e-08;5.07969599973876e-07
1.5891405000002124e-08;6.552519999677316e-08;5.8514460001606495e-08;5.113062000018545e-07
1.692942499939818e-08;6.191443999996408e-08;6.560368000064045e-08;5.067611999693327e-07
1.7298270000901538e-08;5.884905999992043e-08;8.328932000440545e-08;4.973459999891929e-07
1.4904715000011493e-08;6.55696599977091e-08;6.938372000004165e-08;4.7346799995284527e-07
1.679203499952564e-08;6.278777999687008e-08;7.090389999793842e-08;4.781900000525639e-07
1.7249814998649528e-08;7.309671999537386e-08;6.28712399979122e-08;4.830271999817341e-07
1.805628500005696e-08;6.225504000321962e-08;7.123877999838442e-08;5.200138000072911e-07
1.763268499926198e-08;6.814625999541022e-08;6.643234000075608e-08;4.833409999846481e-07
1.7503375001251698e-08;6.369241999927908e-08;6.598349999985658e-08;4.854990000021644e-07
2.0571320000453853e-08;7.038542000227608e-08;6.256481999880635e-08;5.085299999918788e-07
1.5311080000537912e-08;6.39729399990756e-08;6.032803999842144e-08;4.849204000202008e-07
1.708232500095619e-08;6.402655999991111e-08;6.185833999770694e-08;5.185333999688737e-07
2.1976570002152586e-08;6.797274000127799e-08;6.470141999889165e-08;5.068611999740824e-07
1.773072000069078e-08;5.874859999748878e-08;6.310322000063024e-08;5.05728599964641e-07
2.055189999809954e-08;7.673033999744802e-08;6.260833999840542e-08;5.143582000164315e-07
2.412365000054706e-08;7.269406000268645e-08;6.862085999455303e-08;5.421179999830201e-07
1.7303580000589137e-08;6.929399999789893e-08;6.661400000448339e-08;5.185630000196398e-07
1.7509625000820962e-08;6.40064200037159e-08;6.428027999936604e-08;4.959486000007019e-07
1.7771930000162683e-08;6.488959999987856e-08;7.049556000274606e-08;5.742218000232242e-07
1.8507155000406782e-08;7.282419999828562e-08;6.765377999981866e-08;5.244120000279508e-07
1.7162644999916665e-08;6.53952200023923e-08;6.595727999811061e-08;5.061674000462517e-07
2.444543000019621e-08;6.52715599979274e-08;6.961772000067867e-08;5.553554000216537e-07
1.962177000095835e-08;6.56591200036928e-08;8.241066000191495e-08;5.252812000107952e-07
2.3905150001519358e-08;7.634665999794379e-08;7.403662000433542e-08;5.501318000024185e-07
1.9702560000587255e-08;7.100867999834008e-08;6.84326599992346e-08;5.096467999974266e-07
2.1364219998940824e-08;7.55875599978026e-08;7.374042000155896e-08;5.562624000012874e-07
1.8339874999946915e-08;6.899644000222906e-08;7.248660000041127e-08;5.354368000407703e-07
2.040125000057742e-08;7.086536000133493e-08;7.275633999961428e-08;4.870947999879718e-07
1.9079675000102724e-08;7.182690000045113e-08;7.802478000521659e-08;5.64464199997019e-07
1.7845749999105463e-08;8.028306000051089e-08;6.98415599996224e-08;5.223832000046968e-07
1.7008480000367854e-08;6.934502000221983e-08;7.67197000037413e-08;4.7569240001030264e-07
2.0240569999441505e-08;6.486778000253253e-08;7.738628000370227e-08;5.371695999638178e-07
2.0518359998823145e-08;6.838361999834888e-08;7.394458000198938e-08;5.490388000034727e-07
2.0391705000656656e-08;6.882814000127838e-08;7.482417999999598e-08;5.43664800003171e-07
2.090872999979183e-08;7.338540000491775e-08;7.240344000165351e-08;5.264294000226073e-07
2.1813079999992625e-08;7.861208000103943e-08;7.016481999889948e-08;5.447327999863774e-07
2.2045750000688715e-08;6.703414000221528e-08;6.919994000345468e-08;5.576618000050075e-07
2.2743469997658395e-08;7.448564000078476e-08;7.281119999825023e-08;5.059693999937735e-07
1.893350000027567e-08;7.445988000254146e-08;6.999934000195935e-08;5.760210000444203e-07
2.1435190000920557e-08;8.35421999974642e-08;8.323906000005081e-08;5.363736000144854e-07
2.0667470002081246e-08;8.130664000054821e-08;8.26080999977421e-08;5.729306000284851e-07
2.119081999990158e-08;7.767733999644407e-08;7.78426400036551e-08;5.951935999910347e-07
2.309057000093162e-08;7.407686000224203e-08;7.823062000097707e-08;5.51687600032892e-07
2.1480269999301527e-08;8.65698000008706e-08;7.254934000084176e-08;5.139580000541173e-07
1.9735304999630898e-08;8.376165999798105e-08;7.28473600000143e-08;5.457532000145875e-07
1.999527500011027e-08;7.144227999961004e-08;6.136730000143871e-08;5.808677999884822e-07
1.640167500008829e-08;7.258304000133648e-08;7.508649999508634e-08;5.099154000054113e-07
2.0910599999479018e-08;5.9132760000647974e-08;6.431371999788098e-08;5.376664000214077e-07
2.2885959999985062e-08;7.654885999509134e-08;7.192866000114009e-08;5.678633999777958e-07
2.3659910002606922e-08;7.67206399992574e-08;7.53566800034605e-08;5.213613999658264e-07
2.3938980000093578e-08;6.382204000256024e-08;8.191393999732099e-08;5.543084000237286e-07
2.43843400006881e-08;7.405039999866858e-08;8.298466000123881e-08;5.137162000173703e-07
1.9836305000353604e-08;8.353559999959543e-08;6.18238199967891e-08;5.598178000072949e-07
2.1157410001615064e-08;6.175681999884545e-08;7.115502000087873e-08;5.033457999816164e-07
1.8803640000987798e-08;7.151321999845095e-08;6.704415999702178e-08;5.45328599982895e-07
1.8869450000056532e-08;7.003440000116826e-08;6.57807799987495e-08;5.201756000169553e-07
1.852055500057759e-08;8.002749999868684e-08;7.832700000144542e-08;5.037560000200756e-07
2.1850844999426044e-08;6.594476000173017e-08;6.527644000016153e-08;4.833101999829523e-07
2.100901500089094e-08;6.49531000002753e-08;6.401228000177071e-08;5.104477999848313e-07
1.592509999900358e-08;7.022171999560669e-08;6.022290000109933e-08;4.980584000004456e-07
1.7404830000305082e-08;6.658750000060536e-08;6.230553999776021e-08;5.099250000203028e-07
1.6936134999559725e-08;7.741705999942496e-08;6.214532000012696e-08;4.7301799996057526e-07
1.744972000014968e-08;7.080038000131025e-08;6.870485999970697e-08;5.053682000143454e-07
1.5900005000003148e-08;6.37564399978146e-08;6.40778600005433e-08;4.836814000154845e-07
1.9014674999925773e-08;6.174032000126317e-08;6.31260599999223e-08;7.292688000015914e-07
2.21978699992178e-08;6.561543999705463e-08;6.301400000229478e-08;7.519506000098773e-07
1.851794500107644e-08;6.646919999620877e-08;6.533350000390783e-08;7.662138000014238e-07
2.1590239999932238e-08;7.430539999622852e-08;5.640883999876678e-08;6.743269999860785e-07
1.9115405000047758e-08;6.297389999963343e-08;6.747964000096544e-08;7.286323999869637e-07
1.961659500084352e-08;6.692983999964781e-08;7.587119999807328e-08;6.974581999820658e-07
1.9249075000698213e-08;5.816802000044845e-08;7.431508000008761e-08;7.180028000148013e-07
1.5501455000776333e-08;5.97706200031098e-08;5.827204000088386e-08;7.372272000066005e-07
2.1897955000167713e-08;7.216743999742902e-08;7.537761999992653e-08;7.683865999570116e-07
2.0808529999339953e-08;6.283157999860123e-08;8.137621999485419e-08;7.705338000087067e-07
1.5487290000601206e-08;6.62671399943065e-08;6.389459999627433e-08;7.147733999881894e-07
1.7419809999410064e-08;6.218012000317685e-08;8.272318000090308e-08;7.445232000318355e-07
2.038524500094354e-08;6.94052200007718e-08;5.696163999964483e-08;7.069281999720261e-07
2.0411665001302025e-08;6.401490000425838e-08;6.581100000184961e-08;7.151341999997385e-07
1.8717955000465737e-08;6.920906000304968e-08;7.054859999916517e-08;6.949831999954768e-07
2.0914679998531936e-08;7.784088000189513e-08;7.113222000189126e-08;6.981991999782622e-07
1.6698140000517014e-08;6.324898000457324e-08;6.722771999775432e-08;7.641448000213132e-07
1.52168000000529e-08;5.993369999923743e-08;6.150802000192925e-08;7.001924000214786e-07
1.803425999969477e-08;6.751504000276327e-08;6.256163999787532e-08;7.09627200034447e-07
1.601904499984812e-08;6.013284000218846e-08;6.836675999802538e-08;7.242478000116534e-07
1.542215500085149e-08;6.401833999552764e-08;6.004648000234738e-08;7.386455999803729e-07
1.7111394999665207e-08;6.627145999809727e-08;6.075037999544292e-08;7.149100000387989e-07
1.5514750000147615e-08;6.005854000104591e-08;7.394472000305541e-08;7.316968000377528e-07
2.1838445001048967e-08;6.017546000075527e-08;6.803850000142119e-08;7.132643999648281e-07
1.5316380000149364e-08;6.029846000019461e-08;6.772190000046976e-08;7.195492000319064e-07
1.7811150000488852e-08;6.728505999781192e-08;5.969936000183224e-08;6.789823999861256e-07
1.6341059999831487e-08;6.674561999971047e-08;7.333636000403203e-08;7.387011999962852e-07
1.7436569998972117e-08;6.45995800034143e-08;5.5073620000621304e-08;7.176129999570549e-07
1.7163840000284837e-08;6.46017600025516e-08;6.905818000086583e-08;7.142480000038631e-07
1.643340500013437e-08;6.158834000234492e-08;6.42491600010544e-08;8.561225999728777e-07
1.65234900006908e-08;6.942849999759347e-08;8.119979999610223e-08;7.481152000254951e-07
1.6705020000517834e-08;6.169573999941349e-08;7.820745999924839e-08;7.786294000106864e-07
1.537086500029545e-08;7.336293999687769e-08;6.728952000266872e-08;7.09292399988044e-07
1.8284885000321083e-08;6.994120000163094e-08;6.820972000132315e-08;7.806548000080511e-07
1.6806004999671133e-08;6.961369999917224e-08;5.974060000153258e-08;6.564433999592438e-07
2.2598719998495652e-08;6.339509999961592e-08;7.240488000097685e-08;6.970036000129766e-07
2.0389499998418615e-08;6.002237999928184e-08;6.724935999955051e-08;7.974644000059925e-07
1.882301500008907e-08;6.878045999910683e-08;6.615430000238121e-08;7.544589999597519e-07
1.68267899993225e-08;7.169897999847308e-08;6.901303999475203e-08;7.199929999769665e-07
1.7715879999741446e-08;6.949878000305034e-08;7.487544000032357e-08;7.807664000429213e-07
1.8188595000538043e-08;6.733436000067741e-08;7.519453999702819e-08;7.247953999903984e-07
1.9352814999001565e-08;6.841464000171982e-08;6.688030000077561e-08;7.591154000256211e-07
1.8427579999843146e-08;6.787706000031904e-08;6.368303999770433e-08;7.763589999522082e-07
1.9876020000083372e-08;5.838466000277549e-08;6.268910000217147e-08;7.082702000043355e-07
1.935458999942057e-08;6.668365999939851e-08;6.82392799993977e-08;7.951055999728851e-07
1.88945000001695e-08;7.02283399994485e-08;6.420001999940723e-08;6.930078000295908e-07
2.314630000037141e-08;6.195156000321731e-08;8.02561999997124e-08;7.572090000030585e-07
1.949985999963246e-08;7.123596000019461e-08;6.13141399982851e-08;7.801580000086687e-07
1.9433174999721815e-08;7.8931919997558e-08;6.851864000200294e-08;7.48031200026162e-07
2.168550500064157e-08;7.387613999890163e-08;6.524801999912598e-08;7.451749999891035e-07
1.756139500066638e-08;5.7731539994711056e-08;6.734360000118613e-08;7.461766000487842e-07
2.0775454999238718e-08;7.665679999627173e-08;6.52989600028377e-08;7.856254000216723e-07
1.8291319999843836e-08;6.64114800048992e-08;7.902071999851614e-08;7.527864000294358e-07
2.254337499907706e-08;7.137211999506689e-08;7.583699999959208e-08;7.702643999946303e-07
2.0370670000556856e-08;7.071736000361852e-08;6.181487999856472e-08;7.253541999962181e-07
1.6175159999693277e-08;6.69259799993597e-08;6.33127000008244e-08;7.401601999881678e-07
1.8870675000653138e-08;8.005446000024676e-08;7.960190000012517e-08;7.277256000088528e-07
1.984717000013916e-08;7.753662000177428e-08;7.348465999821202e-08;7.506111999973654e-07
1.874608500074828e-08;6.259974000276997e-08;6.584965999936685e-08;8.025765999918803e-07
2.162316500034649e-08;6.912312000058591e-08;6.813922000001185e-08;7.547718000132591e-07
2.374353999912273e-08;7.459145999746397e-08;6.279222000157461e-08;7.843880000291393e-07
1.9348810000519733e-08;7.66317599976901e-08;6.948597999871709e-08;7.461761999875307e-07
1.9628989999182524e-08;7.959462000289932e-08;7.02804600005038e-08;7.936325999908149e-07
1.992888000095263e-08;7.393038000445814e-08;7.80797999992501e-08;7.786290000076406e-07
2.0104120002361016e-08;7.034663999802433e-08;6.444767999928444e-08;7.356635999749415e-07
2.0248460001312198e-08;6.843592000077479e-08;6.592162000015377e-08;7.563220000010915e-07
1.8656154999916906e-08;7.577012000256218e-08;7.188939999905415e-08;7.651842000195756e-07
1.7810975000611507e-08;7.247128000017255e-08;7.0434060000116e-08;7.178529999800958e-07
1.7707025000709108e-08;6.742634000256658e-08;6.919669999624602e-08;7.73120200028643e-07
1.7316075001144783e-08;7.158152000047266e-08;6.608769999584184e-08;7.874913999694399e-07
2.1332194999558853e-08;7.24205799982883e-08;6.461294000037015e-08;7.242238000035286e-07
1.856209499965189e-08;6.646083999658003e-08;7.596860000048764e-08;7.390392000088468e-07
2.01446200007922e-08;7.744622000027447e-08;6.29367400018964e-08;7.77687199995853e-07
2.2132179999607616e-08;6.961855999543332e-08;7.703386000357568e-08;7.64759799989406e-07
2.2142600000370292e-08;7.535621999995783e-08;7.36748399969656e-08;7.532597999670543e-07
1.8152025000017603e-08;7.373781999922358e-08;6.59347600012552e-08;7.34785999986343e-07
2.2066669999912847e-08;6.602680000360124e-08;6.878700000233948e-08;7.378067999961786e-07
2.086404000001494e-08;6.440908000222407e-08;8.12764199974481e-08;7.796799999778159e-07
2.2064970000064933e-08;6.789998000022024e-08;6.340664000017569e-08;7.182445999933407e-07
1.5881310000258965e-08;7.321990000200458e-08;6.225037999683991e-08;7.415295999962837e-07
2.225167999858968e-08;7.131461999961175e-08;6.674302000319585e-08;7.313796000089497e-07
1.976907999924151e-08;6.949789999634959e-08;6.724757999763824e-08;7.414191999705509e-07
2.0296730002155526e-08;7.256597999949008e-08;7.452760000014677e-08;7.59126799996011e-07
1.8869745000847616e-08;6.647936000372283e-08;5.9396620001643896e-08;7.246632000315004e-07
1.9369144999654963e-08;6.118754000053741e-08;6.612974000163376e-08;7.27374800015241e-07
2.007729000179097e-08;6.50813999993261e-08;6.66302400000859e-08;8.00587399979122e-07
1.652745000028517e-08;6.160036000073887e-08;6.026044000172987e-08;7.299524000263773e-07
2.0108635000360665e-08;5.931160000036471e-08;7.477251999662257e-08;7.546814000234008e-07
1.9019730000582058e-08;6.694151999545283e-08;7.424556000041775e-08;7.101120000006631e-07
1.7096974999003578e-08;6.081557999714278e-08;7.47187800006941e-08;7.696158000035212e-07
2.0575360000657383e-08;6.88951599993743e-08;6.174239999963902e-08;7.060782000189647e-07
2.0086835000256542e-08;6.109192000003531e-08;6.378009999752976e-08;7.634359999792651e-07
2.0296940000844188e-08;5.7852460001595316e-08;6.792152000125498e-08;7.080362000269816e-07
1.619471500016516e-08;6.810069999773987e-08;6.536138000083156e-08;7.422781999921426e-07
1.680933500028914e-08;6.125738000264391e-08;6.672972000087612e-08;6.762078000465408e-07
2.176733000087552e-08;6.614797999500297e-08;7.431560000404716e-08;6.828238000161946e-07
1.806880999938585e-08;7.031136000296101e-08;6.924271999741905e-08;7.354574000346474e-07
1.790167999861296e-08;6.246661999612116e-08;6.517710000043735e-08;7.51922800031025e-07
1.8213010000181383e-08;6.741735999821685e-08;6.133089999784715e-08;6.955768000334501e-07
1.6779274999862538e-08;6.35705400025472e-08;7.006884000147693e-08;7.093517999746837e-07
1.513801999972202e-08;6.192315999651327e-08;6.918165999813936e-08;8.982696000020951e-07
1.8174064999038818e-08;5.8608439995441585e-08;7.133215999929235e-08;1.078948000067612e-06
1.713466000073822e-08;6.15295400028117e-08;5.901906000217423e-08;1.0004094999749214e-06
1.9744345000071917e-08;6.03971799951978e-08;5.981232000049204e-08;1.0021264999522827e-06
1.8622499999764843e-08;6.17684199998621e-08;6.549164000316524e-08;1.06639149991679e-06
1.620820999960415e-08;6.589701999910175e-08;6.352177999797277e-08;1.0162139999738429e-06
1.7549080000026152e-08;6.213767999433912e-08;6.497097999672406e-08;9.751907999743708e-07
1.840305499936221e-08;6.225170000107027e-08;6.546742000500672e-08;9.810736000072211e-07
1.6980015000444837e-08;6.11040799994953e-08;7.061137999990023e-08;1.02165900010732e-06
2.068646000116132e-08;5.74778400012292e-08;6.538366000168026e-08;1.046959799947217e-06
2.0772129998658784e-08;6.889523999998346e-08;6.671250000363215e-08;9.749245999846607e-07
1.8520449999778065e-08;7.609862000099383e-08;7.765173999941908e-08;1.0413740000221878e-06
2.0205520000308752e-08;5.8637540001654994e-08;7.405885999905877e-08;1.056704799993895e-06
1.6523909999523313e-08;6.910400000051596e-08;6.534651999827474e-08;1.164355500077363e-06
1.793389499944169e-08;7.260738000040874e-08;7.068636000039988e-08;1.0285075000138023e-06
2.0157539998763242e-08;6.715348000288941e-08;7.465336000313983e-08;1.0177196000004188e-06
1.8264499999349936e-08;7.090771999792196e-08;6.509784000227228e-08;1.0260934999678284e-06
2.3830799999996088e-08;6.409330000169575e-08;6.633612000150606e-08;1.0171914999955334e-06
2.1051870001247154e-08;6.985720000229776e-08;7.626144000096246e-08;1.0675805000937544e-06
2.0512985000095796e-08;7.669170000008307e-08;8.267266000038944e-08;1.013355000031879e-06
2.2207950000301934e-08;6.934455999871716e-08;6.13649400009308e-08;1.0585490000084974e-06
2.0255975000327453e-08;6.700608000392094e-08;7.118619999964722e-08;9.484901999821886e-07
1.9828710000729188e-08;5.661856000078842e-08;8.067577999900095e-08;1.0167420000070706e-06
1.798115499987034e-08;7.151533999713138e-08;7.231109999702313e-08;1.1492105000070297e-06
1.9996065000304952e-08;8.193031999981031e-08;6.963115999824367e-08;1.086949500022456e-06
1.7052739999780897e-08;6.097392000374385e-08;6.209462000406347e-08;8.919878000160679e-07
1.970244999974966e-08;6.60788200038951e-08;7.303042000276036e-08;1.0054384999966714e-06
1.7542514999513513e-08;6.128234000061638e-08;5.669690000358969e-08;9.698602000134997e-07
1.809383999934653e-08;6.038652000133879e-08;6.289343999815174e-08;1.0422335000475869e-06
1.5017979999538512e-08;6.700116000138223e-08;6.057254000334069e-08;1.0907915000279899e-06
1.954109499929473e-08;7.445834000245668e-08;5.71109400014393e-08;1.0676700000476557e-06
1.5569564999896103e-08;6.247979999752716e-08;6.02729799982626e-08;9.006843999959528e-07
1.8717745000321883e-08;7.30091200035531e-08;7.517292000120506e-08;1.0778934000409209e-06
2.13903299998492e-08;6.300137999933213e-08;7.477156000095419e-08;1.0266295001201797e-06
1.504898000130197e-08;5.926171999890357e-08;6.150640000123531e-08;1.0191125000710599e-06
2.09558400005335e-08;6.362819999922067e-08;6.340604000142776e-08;9.779836000525393e-07
1.744139499933226e-08;6.478458000347018e-08;6.112936000572518e-08;1.0201309999683872e-06
1.6049194999504836e-08;7.253268000204116e-08;7.005882000084967e-08;9.686843999661505e-07
1.8395234999479726e-08;7.137655999977142e-08;7.126165999798105e-08;1.0014509999018627e-06
1.5236609999556096e-08;6.53372600034345e-08;6.209564000018872e-08;1.0114154999610037e-06
2.0811530001810752e-08;5.809860000154003e-08;8.021091999835335e-08;9.635185999795794e-07
2.3564969998551534e-08;6.964516000007279e-08;7.084285999881103e-08;1.0755414998857305e-06
2.2612690000096336e-08;6.422293999930844e-08;7.203699999954551e-08;1.1803260000306182e-06
2.0118114999786484e-08;6.655641999677755e-08;6.074336000019684e-08;9.809881999972276e-07
1.899721999943722e-08;7.450139999855309e-08;7.996081999735906e-08;1.0324841999681667e-06
2.3034205001022202e-08;7.349553999956698e-08;7.613702000235207e-08;1.0518275000504218e-06
1.5943064999009948e-08;6.809644000022672e-08;6.624250000459141e-08;1.0021753999753855e-06
1.9431154998892452e-08;7.070459999958984e-08;6.33103400003165e-08;9.885635999962686e-07
2.308523999818135e-08;6.42942599952221e-08;6.522407999727875e-08;1.0106399999931455e-06
1.798620500048855e-08;6.335942000150681e-08;8.180858000414447e-08;1.0162340001261327e-06
2.1818229999917094e-08;6.435729999793693e-08;6.029363999841735e-08;1.0272049999912269e-06
2.19872799993027e-08;7.64736199984327e-08;6.689982000389137e-08;1.0224895000283142e-06
2.2147465001035017e-08;7.437172000063583e-08;7.41208799998276e-08;1.0077740000269842e-06
1.7949085000145714e-08;6.065940000116825e-08;6.766521999961696e-08;1.1367165000410752e-06
2.2332264999567996e-08;6.297161999973468e-08;6.348874000250362e-08;1.0588975000428035e-06
1.814520500047365e-08;6.694374000071548e-08;6.208237999817356e-08;1.0126267999876292e-06
2.2053419999429024e-08;6.575467999791726e-08;7.034244000096806e-08;1.0404301999951714e-06
1.7305539999506436e-08;6.895523999701254e-08;6.433991999947466e-08;9.831932000233792e-07
1.637009499972919e-08;7.09804400044959e-08;7.668665999663062e-08;9.668468000018037e-07
1.918193000019528e-08;7.323209999594837e-08;7.335999999777413e-08;1.1073005000071135e-06
1.659634499956155e-08;6.728856000117958e-08;6.556333999615163e-08;9.690803999546916e-07
1.7005314999551046e-08;6.633535999571904e-08;6.553313999902458e-08;1.1562629998661579e-06
1.8160380001063457e-08;7.388115999638103e-08;6.54413599986583e-08;1.1059794999891892e-06
1.832369500043569e-08;6.531794000184163e-08;5.775144000072032e-08;1.0293409999576398e-06
2.0802849999745377e-08;6.645170000265352e-08;5.8557480003219096e-08;9.794443999999202e-07
1.8895330000668763e-08;6.01916000014171e-08;6.5485059999628e-08;1.0110234998865053e-06
1.8036030000075697e-08;5.911911999573931e-08;6.583039999823086e-08;1.0537364998890552e-06
1.7702405000454746e-08;5.988668000209145e-08;5.775932000251487e-08;9.89971000002697e-07
2.0235579999280163e-08;6.215106000308879e-08;5.8518980001099405e-08;1.0367585001222323e-06
1.7305929999565704e-08;6.221255999989807e-08;6.300755999982358e-08;1.0068132000160403e-06
1.6058070000144654e-08;6.54002399998717e-08;6.421796000213362e-08;1.0384964999684598e-06
2.016925500065554e-08;6.390709999832324e-08;5.7960160000948236e-08;1.0375829999975394e-06
1.7262134999327826e-08;6.147307999781333e-08;6.828728000400587e-08;1.0830079999868757e-06
1.8187675000808668e-08;6.121717999922112e-08;6.145286000100896e-08;1.0301411999971606e-06
2.2263679999741725e-08;6.490210000192746e-08;6.580774000030942e-08;1.0054561999859288e-06
1.6651049999927636e-08;6.683390000252985e-08;6.273499999660999e-08;9.558250000118278e-07
2.0356789999641478e-08;6.328565999865532e-08;5.666719999862835e-08;9.679061999777331e-07
1.666460999986157e-08;6.628108000149951e-08;6.727355999755674e-08;1.0306264999962878e-06
1.6030699999828357e-08;7.230303999967873e-08;6.854920000187121e-08;9.647627999656833e-07
2.1706100000301376e-08;6.301957999821753e-08;6.081579999881796e-08;1.0633824999968055e-06
2.020486000110395e-08;6.639278000220656e-08;7.52829400007613e-08;1.0617120000824799e-06
1.6427855000074486e-08;5.88034600019455e-08;5.963995999773033e-08;9.434794000117108e-07
1.7790970001078677e-08;6.636786000453866e-08;7.051924000261351e-08;1.0543974999745842e-06
1.9265075000294018e-08;7.256878000334836e-08;6.92905600008089e-08;1.0279595000611153e-06
1.7148370000359137e-08;6.270304000354372e-08;7.223900000099093e-08;1.0245360000408255e-06
2.0487670000875367e-08;6.354042000020854e-08;6.684670000104234e-08;1.049124999990454e-06
2.0116789999883622e-08;6.335337999626063e-08;6.587719999952242e-08;1.0289020001073367e-06
1.9724475000111852e-08;6.471580000361427e-08;6.3507820002269e-08;1.046993600029964e-06
1.6493734999676235e-08;5.9189119999064134e-08;5.828530000289902e-08;1.0051809999276884e-06
1.5591195000160953e-08;6.419044000213034e-08;6.087689999840222e-08;9.603300000308082e-07
1.6083829999843146e-08;6.609974000020885e-08;6.332054000231437e-08;8.968991999863647e-07
1.9413639999402222e-08;6.128213999909349e-08;6.882793999975547e-08;9.030839999904856e-07
1.708745999931125e-08;5.8770319999894126e-08;7.53097400011029e-08;9.489532000152394e-07
1.6245215000526514e-08;6.402148000197485e-08;6.317489999928512e-08;1.0042483999859542e-06
2.0209839999733958e-08;5.959450000082143e-08;6.631853999570012e-08;9.6253900002921e-07
2.093078999896534e-08;6.096423999988474e-08;6.130532000097446e-08;1.0153234998870176e-06
1.7784869999741203e-08;6.393433999619446e-08;6.406044000177644e-08;1.0268453999888151e-06
1.6857739999250043e-08;6.464096000418067e-08;6.33335199963767e-08;1.0143855000205805e-06
1.8912044999888167e-08;6.509618000127375e-08;8.19603800016921e-08;9.095362000516616e-07
1.7381414999545086e-08;6.891854000277817e-08;6.332896000239999e-08;1.1055705000762827e-06
2.034052000090014e-08;5.368789999629371e-08;7.114674000185915e-08;1.0514450000482612e-06
2.351329000084661e-08;6.584961999906226e-08;5.6550600001355636e-08;1.0084225000173318e-06
1.643084999959683e-08;7.075201999978163e-08;5.86704200017266e-08;1.0304317999980413e-06
1.9352940001408568e-08;6.741247999598272e-08;6.455133999697864e-08;1.1032179999165238e-06
2.059294999926351e-08;6.677346000215039e-08;5.945375999435782e-08;1.0137755000323522e-06
1.5939590000198223e-08;7.873300000210293e-08;6.102314000017941e-08;1.076478000031784e-06
2.0290240002213977e-08;6.446053999825381e-08;6.938604000024497e-08;1.0269186000223271e-06
1.687616999988677e-08;5.99906999967061e-08;6.236828000401147e-08;1.0062784999900033e-06
2.3688599999877623e-08;6.558645999757573e-08;7.470889999531209e-08;1.0879184999794234e-06
1.8181039999763015e-08;6.541493999538943e-08;5.906504000304267e-08;1.1847080000734423e-06
1.509044999984326e-08;6.723179999971763e-08;7.719381999922917e-08;1.0237354999117087e-06
1.6928709999774582e-08;5.968261999660172e-08;5.994076000060887e-08;1.001570999942487e-06
1.607341000053566e-08;5.908289999933913e-08;7.077284000115469e-08;1.122075000021141e-06
1.6295110000646673e-08;5.7318920001853255e-08;7.237070000264793e-08;1.075958500005072e-06
1.9172400000388735e-08;6.965657999971881e-08;6.270452000317163e-08;1.0578864999115467e-06
1.8530754999665078e-08;6.025616000406444e-08;6.628630000050179e-08;1.0063225000340025e-06
1.812900999939302e-08;6.8607279995922e-08;6.212457999936305e-08;1.1090930001228116e-06
1.9359169999370353e-08;6.521813999861478e-08;7.587160000111907e-08;1.0518310000770726e-06
1.702701000031084e-08;6.409459999995307e-08;6.98765600041952e-08;1.1088579999341163e-06
1.991351500037126e-08;6.163235999993049e-08;6.850137999863364e-08;1.0567644999537151e-06
1.7808079998940228e-08;5.9585419995710257e-08;6.48317200015299e-08;1.0318039999401664e-06
1.6652660000545437e-08;6.452442000154405e-08;6.318734000087715e-08;1.129108000022825e-06
2.4080250001861714e-08;7.30729800008703e-08;7.315820000367239e-08;1.0519054999167564e-06
2.368635000020731e-08;6.557097999611869e-08;7.25181000016164e-08;1.2041839999437797e-06
1.9672425001044758e-08;6.218028000439518e-08;7.091532000340521e-08;1.1529139999765903e-06
2.1905720001086592e-08;6.197432000190019e-08;7.092037999536842e-08;1.0446420000516809e-06
1.567098000086844e-08;7.981602000072598e-08;7.593186000012793e-08;1.1647315000300296e-06
2.1257420000620185e-08;6.031916000065393e-08;7.226477999938652e-08;1.0291154999868012e-06
1.7550615000072867e-08;6.285149999894201e-08;7.234391999663785e-08;1.3055695001094137e-06
1.9908385000599083e-08;7.684973999857902e-08;6.23585399996955e-08;1.0937345000274945e-06
2.6718549997895025e-08;7.52883400011342e-08;9.184941999847069e-08;1.0160690000338945e-06
2.1057589999691118e-08;5.973216000129468e-08;6.198547999956645e-08;1.1959434999153019e-06
1.6400920000160112e-08;6.342268000007608e-08;7.399145999806933e-08;1.0531255999812857e-06
1.9631884999398606e-08;6.603277999674901e-08;6.45842799975071e-08;1.0820045000582468e-06
2.0074480000766925e-08;6.350686000077985e-08;6.020762000116519e-08;1.0280520000378601e-06
1.6622985000140033e-08;6.904752000118606e-08;6.31593599973712e-08;9.83433999994304e-07
2.2822879999876022e-08;6.036086000385694e-08;7.586225999984891e-08;1.0827794999931939e-06
1.8077000000630504e-08;7.294254000298679e-08;5.815615999745205e-08;1.052039999922272e-06
1.9470279999950434e-08;6.241359999985435e-08;7.153506000177004e-08;1.1904015000618529e-06
2.219844999781344e-08;6.838866000180132e-08;6.785005999845453e-08;1.0258120000071357e-06
1.8028749999939465e-08;6.93890399998054e-08;6.833677999675273e-08;1.0563959999126381e-06
2.022039000003133e-08;6.435306000057607e-08;5.921460000099614e-08;1.054740999970818e-06
1.9151405000593513e-08;6.646708000334911e-08;6.336796000250615e-08;1.0585364999133163e-06
1.9687379999959377e-08;7.303279999759979e-08;1.028927500010468e-07;1.092912400024943e-06
1.7728304999764078e-08;6.600107999984175e-08;6.336878000292926e-08;1.0204150000936353e-06
1.667794000095455e-08;6.672527999617159e-08;7.1996819996275e-08;1.0269060000428e-06
1.7593014999874866e-08;5.702078000176698e-08;7.886500000022352e-08;1.022919999959413e-06
1.6267819999484345e-08;6.729312000097707e-08;7.009556000120938e-08;1.0650430001260246e-06
1.66601199991419e-08;6.498023999738506e-08;5.847606000024825e-08;1.097915499994997e-06
1.600574000040069e-08;6.808129999553785e-08;7.072869999683462e-08;1.0361329999868758e-06
1.746145500073908e-08;6.861919999937527e-08;7.091516000218689e-08;1.0217959999863524e-06
1.847157000011066e-08;6.067492000292987e-08;6.181957999942824e-08;1.094252500042785e-06
1.579316499992274e-08;8.268112000077962e-08;6.011966000078246e-08;1.0615625001082663e-06
1.707417500001611e-08;7.46872199990321e-08;6.351397999678738e-08;1.0037364999880082e-06
1.702480999956606e-08;6.404867999954149e-08;6.517514000297523e-08;1.1168319999706e-06
1.7476360000728163e-08;8.653784000198357e-08;7.489065999980084e-08;1.0676515999948606e-06
1.9345614999474492e-08;6.527029999997467e-08;6.404027999960817e-08;1.0229320000507868e-06
1.8696715000260155e-08;7.39702999999281e-08;6.448300000047312e-08;1.0979830000724178e-06
1.812272000097437e-08;7.300533999805339e-08;7.32144600013271e-08;1.0064732000464574e-06
1.758461999997962e-08;6.131433999980799e-08;6.008611999568529e-08;1.0276949999388307e-06
2.209902000031434e-08;6.510805999860168e-08;5.692247999832034e-08;9.754374000476674e-07
1.7090815000119618e-08;6.14529600017704e-08;6.513212000136264e-08;1.0522474999015684e-06
1.940542000083951e-08;5.991911999881268e-08;6.230522000114433e-08;1.1054870000225492e-06
1.636129500111565e-08;5.6171099998755384e-08;6.300603999989108e-08;1.0650134999013971e-06
1.7291794999619015e-08;6.355367999640293e-08;6.645381999551319e-08;1.01925900002243e-06
2.1759499999461694e-08;6.492520000319927e-08;7.758521999930964e-08;1.1626095000247006e-06
1.831480999971973e-08;7.903693999978713e-08;7.229324000072666e-08;1.1400874999526423e-06
2.1066779999819117e-08;6.886850000009872e-08;6.855569999897852e-08;1.064807000075234e-06
2.164242999861017e-08;7.414071999955922e-08;7.296076000202447e-08;1.0899024999525864e-06
2.1841610001865775e-08;6.475908000138588e-08;5.9568319999380035e-08;1.0973154999373947e-06
2.0842875000380447e-08;6.955370000214316e-08;7.776346000027843e-08;1.090351000020746e-06
2.2959699999773874e-08;6.872999999905005e-08;7.772874000365846e-08;1.1034050000307615e-06
1.9504805000906344e-08;7.903700000024401e-08;8.233483999501913e-08;1.1759199999505654e-06
2.038433999987319e-08;6.714038000209257e-08;5.958469999604858e-08;1.1718185000063385e-06
1.840059999958612e-08;6.906807999475859e-08;6.516727999551222e-08;1.0494459999608807e-06
2.099675500066951e-08;6.984697999432683e-08;6.007045999867841e-08;1.010192499961704e-06
2.0890090000466443e-08;6.74691200023517e-08;6.336868000216782e-08;1.105163499887567e-06
1.972745999955805e-08;7.328319999505766e-08;7.077245999826118e-08;1.0389425000175833e-06
1.6948285000398756e-08;6.217630000319332e-08;6.907531999750063e-08;1.0318274999735876e-06
1.9039839999459218e-08;7.042619999847375e-08;7.367357999901288e-08;1.0989336000056936e-06
2.0076700000208802e-08;6.179341999813914e-08;6.656667999923229e-08;1.044220000039786e-06
2.1560290001798422e-08;7.700440000044182e-08;7.724828000064008e-08;9.921563999960198e-07
2.0270739999250508e-08;6.513680000207387e-08;6.486282000551e-08;1.0003970000252593e-06
1.8767914999625647e-08;6.907625999883748e-08;7.318894000491127e-08;1.0555110000423156e-06
1.8332500000542497e-08;6.51345600024797e-08;7.268380000023171e-08;1.1908664999646134e-06
1.8198135000420736e-08;6.943253999925219e-08;6.221525999717415e-08;1.0128055999521166e-06
2.357890999992378e-08;6.29038600018248e-08;6.472192000364885e-08;1.038490500068292e-06
2.0945369999390095e-08;7.236115999985486e-08;6.889680000022053e-08;1.0660375999868848e-06
1.7818004998844117e-08;6.927589999977499e-08;6.15665599994827e-08;1.0558565000246744e-06
1.7598749999888242e-08;6.616925999987871e-08;6.409515999839641e-08;1.086986500013154e-06
1.7944599999464117e-08;7.199093999806791e-08;8.417653999640606e-08;1.1200049999752082e-06
2.1280899998964742e-08;6.701149999862536e-08;8.172607999877073e-08;1.0715534999326337e-06
1.651160500041442e-08;5.71981200017035e-08;6.727006000000983e-08;1.0025402000173926e-06
2.0255539999925532e-08;6.725735999643803e-08;7.438130000373348e-08;1.135126000008313e-06
1.910834500013152e-08;6.137547999969684e-08;5.706895999610424e-08;9.889234000002034e-07
1.7160719999810682e-08;6.012737999553792e-08;6.089587999740615e-08;1.0193555000296329e-06
2.1578260001842862e-08;6.026015999959781e-08;6.642794000217691e-08;1.073288500047056e-06
1.8484559998614712e-08;6.284087999956682e-08;7.839815999614074e-08;1.0120215000642928e-06
1.713069999968866e-08;7.530751999584027e-08;5.779838000307791e-08;1.0613240000384393e-06
1.9313795000198296e-08;6.363450000062585e-08;6.018728000344708e-08;1.0615709998819511e-06
1.6490679999697023e-08;6.821876000030898e-08;5.804350000107661e-08;1.1749824999424164e-06
2.092721000080928e-08;6.502018000464886e-08;6.399643999757245e-08;1.158333500061417e-06
1.939619000040693e-08;6.163508000317961e-08;6.263363999896683e-08;1.0822470000130123e-06
1.6357579999021255e-08;6.051884000189602e-08;6.98629799997434e-08;1.083883999963291e-06
1.5527449999353848e-08;6.889582000439987e-08;7.332184000406415e-08;1.1293830000795424e-06
1.5919089999806603e-08;5.900012000347488e-08;5.8428559999447316e-08;1.1423659999854863e-06
1.5517204999923706e-08;6.631671999930404e-08;6.146496000001207e-08;1.091288000025088e-06
1.755517499987036e-08;6.093745999969542e-08;5.8150800003204496e-08;1.1298264999641105e-06
2.0357894999324345e-08;6.700995999854058e-08;6.216990000102668e-08;1.0738289999426342e-06
2.2302829998079687e-08;5.806779999984428e-08;8.0743360001361e-08;1.0721750000084284e-06
1.6386765000061133e-08;6.090038000256754e-08;7.40442999987863e-08;1.036434499983443e-06
1.6113354999106378e-08;5.8176160004222766e-08;6.932789999991656e-08;1.0771729999396484e-06
1.5209190000314264e-08;6.88322399975732e-08;6.85088599973824e-08;1.0986384999705479e-06
1.9760309999401216e-08;6.175879999645986e-08;6.488200000021607e-08;1.0708809999050572e-06
1.6108215000713245e-08;6.213496000273153e-08;7.565670000039972e-08;1.0758710000663995e-06
1.7507274998934007e-08;6.396837999927811e-08;6.03387399984058e-08;1.097264499985613e-06
1.6124159999890254e-08;6.454631999949924e-08;6.528260000050068e-08;1.1929670000972692e-06
1.918230000010226e-08;6.981291999691166e-08;6.590999999898486e-08;1.1998280000989325e-06
1.6368559999682476e-08;7.241740000317804e-08;5.729175999877043e-08;1.1819949999335223e-06
2.2229409997817128e-08;6.637028000550345e-08;7.44965800025966e-08;1.1662309999519493e-06
1.8963004999386613e-08;5.757015999988653e-08;6.382279999670572e-08;1.0859519999939948e-06
1.8146389999310486e-08;8.295098000089638e-08;7.068161999923178e-08;1.0352145000069867e-06
1.7403784999623893e-08;7.453560000285506e-08;6.03644200018607e-08;1.1230915000487584e-06
1.771574499871349e-08;6.880365999531932e-08;6.672922000288963e-08;1.0758850000274834e-06
1.5713870000035968e-08;7.471617999835871e-08;8.916695999796502e-08;1.072518000000855e-06
1.8353500000375788e-08;5.9431720001157374e-08;6.248492000158876e-08;1.1694228000123985e-06
2.256290499935858e-08;7.399167999974452e-08;6.75981399952434e-08;1.1686144999112002e-06
1.5973449999000876e-08;6.525023999856785e-08;6.601802000077441e-08;1.1061199998948722e-06
1.663546500058146e-08;6.156809999956749e-08;7.123304000124335e-08;1.097534500004258e-06
1.873873000004096e-08;6.772650000057183e-08;6.658264000434429e-08;1.1362269999517593e-06
1.9411830000171902e-08;6.682916000136174e-08;6.419956000172532e-08;1.0555475000001025e-06
1.9289874999958557e-08;7.199290000135079e-08;7.608768000500277e-08;1.1231104999023956e-06
1.6159355000127108e-08;7.683331999578513e-08;6.980641999980435e-08;1.1832928000367247e-06
1.609789000067394e-08;6.695663999998943e-08;6.609677999513224e-08;1.0547319999022874e-06
2.1816069999476895e-08;6.513510000077076e-08;6.734326000441796e-08;1.0302959999535233e-06
2.0412610002676955e-08;6.696288000093774e-08;7.239982000319287e-08;1.1193739999725948e-06
1.972655499994289e-08;6.194586000056006e-08;6.991947999922559e-08;1.1789080000016838e-06
1.9255214999429882e-08;6.459743999876082e-08;6.463244000333362e-08;1.1065015000349376e-06
1.725527999951737e-08;7.05134599993471e-08;6.475732000544667e-08;1.1657175001164432e-06
1.712832999910461e-08;6.915714000351727e-08;8.883512000320479e-08;1.0828894999576732e-06
1.7364780000934843e-08;7.278841999941505e-08;7.679138000239618e-08;1.0678769998776262e-06
1.7291979999572504e-08;7.169915999984369e-08;6.801485999603755e-08;1.1124154999561142e-06
2.1988620000774973e-08;6.909061999758706e-08;7.004311999771744e-08;1.0368020000169053e-06
1.901355500012869e-08;6.954284000094049e-08;7.011176000232809e-08;1.0801710000669119e-06
1.897140499931993e-08;6.395016000024044e-08;7.102134000160731e-08;1.0908835000009276e-06
2.316883000021335e-08;8.446460000122898e-08;8.551081999903545e-08;1.2342945000273176e-06
2.0145180000690743e-08;6.632201999891549e-08;7.227280000224709e-08;1.082767000043532e-06
1.978531499917153e-08;7.315898000379093e-08;7.038125999970362e-08;1.1760925000999124e-06
1.9521144998725503e-08;6.659873999888077e-08;7.424647999578156e-08;1.0876025000470691e-06
1.6757469999720344e-08;6.483414000249467e-08;7.12839400046505e-08;1.145006500009913e-06
2.1197469998151065e-08;6.667067999951541e-08;7.712844000197947e-08;1.1451815000327769e-06
1.6744499999913386e-08;6.121491999947466e-08;6.304233999690041e-08;1.0630050000327175e-06
1.631798999878811e-08;6.526643999968655e-08;6.207111999974586e-08;1.1608474999957251e-06
1.6616490000160412e-08;6.465549999848008e-08;6.382896000286564e-08;1.0241232000407763e-06
1.816753000020981e-08;6.586943999864161e-08;6.327944000368007e-08;1.041201500047464e-06
1.7540500000177418e-08;6.558878000359983e-08;7.205377999925987e-08;1.098115499917185e-06
1.602369500033092e-08;6.515077999792993e-08;6.271676000324078e-08;1.1404169999877923e-06
1.6611279999779072e-08;6.391387999756262e-08;6.801870000199415e-08;1.1291900000651367e-06
2.0644670000183397e-08;7.03479400021024e-08;6.098192000063137e-08;1.205696499964688e-06
2.0871279999846593e-08;6.902225999510848e-08;7.399418000131846e-08;1.224740000034217e-06
2.0236374999512917e-08;7.46724600030575e-08;7.724184000398963e-08;1.1167775001376866e-06
2.0994560001417995e-08;6.972611999954097e-08;7.384878000011668e-08;1.2892475000990089e-06
1.7501700000138954e-08;6.342422000016086e-08;7.046494000242092e-08;1.1716469998646062e-06
1.6630300000542776e-08;6.514889999525621e-08;7.07449399982579e-08;1.0921750000852626e-06
1.8311025000002702e-08;6.883157999836839e-08;6.81245600047987e-08;1.1006610000913496e-06
1.764718499907758e-08;6.763950000167824e-08;7.246832000091672e-08;1.2133979999634904e-06
2.0700660001602956e-08;7.417314000194892e-08;7.388287999783643e-08;1.1450184999557678e-06
2.0969389998936093e-08;6.859653999563307e-08;6.86463400023058e-08;1.195482000039192e-06
1.818644500017399e-08;6.455881999572739e-08;6.682918000151403e-08;1.155993499996839e-06
1.7792344999907073e-08;7.441475999657996e-08;6.969543999875896e-08;1.0980789999302942e-06
1.610822999937227e-08;6.133086000336335e-08;7.516974000027403e-08;1.1386754999693949e-06
1.8681490000744814e-08;6.67392200033646e-08;7.16695000010077e-08;1.1205675000383053e-06
1.7076420001103543e-08;6.662584000150673e-08;6.241002000169828e-08;1.1065285000950097e-06
1.7953239999769722e-08;7.356322000268847e-08;7.274204000132159e-08;1.068049999885261e-06
1.8704624999372753e-08;7.40719800000079e-08;7.789730000076816e-08;1.228043000010075e-06
2.168268999957945e-08;6.781885999953374e-08;6.052138000377454e-08;1.183658999943873e-06
1.8266310000035445e-08;7.21739400003571e-08;7.868567999685183e-08;1.1288390000117942e-06
2.063991999893915e-08;6.72050199995283e-08;7.505573999951594e-08;1.1252300000342075e-06
1.9064724999770987e-08;6.889682000037282e-08;7.870743999956175e-08;1.1583650000102352e-06
2.112172500055749e-08;6.611574000562541e-08;8.06745600013528e-08;1.0954569999012165e-06
2.0771630000672303e-08;7.564172000274993e-08;7.330800000345335e-08;1.1783985000511166e-06
2.0045779999054502e-08;7.651786000351421e-08;6.782883999985642e-08;1.0868869999831076e-06
1.9650809999438934e-08;7.853416000143624e-08;7.234532000147737e-08;1.132913500041468e-06
2.107415999926161e-08;6.774974000290968e-08;7.648737999843433e-08;1.1911900000995957e-06
2.414645999961067e-08;7.469120000023395e-08;7.143591999774798e-08;1.142876499943668e-06
2.1988009999040515e-08;8.361605999525637e-08;9.129879999672994e-08;1.1720585000875872e-06
2.453023999987636e-08;6.85983799980022e-08;6.525739999487996e-08;1.1434425000334158e-06
2.2555020000436343e-08;7.20606399991084e-08;7.742763999849558e-08;1.2886979999893812e-06
2.1311120002064854e-08;8.23398599983193e-08;7.423681999789551e-08;1.1109004999161697e-06
2.0954249997157603e-08;7.261795999947935e-08;7.851531999767758e-08;1.1943550000432878e-06
2.2385869998834097e-08;7.109789999667555e-08;7.050326000317e-08;1.1285104999842588e-06
2.1429975000501145e-08;6.881395999807865e-08;7.386762000387534e-08;1.2796719999460038e-06
2.3902730000554584e-08;6.561376000172458e-08;7.228408000082709e-08;1.11354399996344e-06
2.0339439999952446e-08;7.639098000363447e-08;8.081565999891609e-08;1.3045830000191926e-06
2.2920100000919773e-08;8.3139140001731e-08;7.643201999599114e-08;1.0695585000212304e-06
2.2330319999309723e-08;6.41310200036969e-08;9.272720000008121e-08;1.2220060000254308e-06
2.0822939998470247e-08;7.781944000162184e-08;6.26548400032334e-08;1.00289950001752e-06
2.070547000039369e-08;6.664027999504469e-08;6.286691999994218e-08;1.0650710000481922e-06
2.0715889998245983e-08;7.762181999860331e-08;7.141311999876052e-08;1.1746660000062548e-06
2.4577499998849818e-08;7.605749999638647e-08;8.013182000140659e-08;1.1485944999731146e-06
2.5382620000164024e-08;7.086557999718934e-08;6.814857999561354e-08;5.483460000250489e-07
2.2081090000574477e-08;6.099474000511691e-08;6.959969999734312e-08;5.531358000007458e-07
2.201138000091305e-08;7.041358000133186e-08;7.946387999691069e-08;4.967914000153542e-07
2.602519000065513e-08;6.671679999562912e-08;7.955661999876611e-08;5.315000000409782e-07
2.2202844999264925e-08;7.369616000214592e-08;6.679488000227138e-08;5.195348000270315e-07
1.84008049996919e-08;6.507107999641448e-08;6.966931999777444e-08;5.529718000325374e-07
2.1267320000333712e-08;7.239572000107728e-08;7.195424000383355e-08;5.341380000463687e-07
1.9453984999563545e-08;7.367144000018016e-08;6.990608000196516e-08;4.923159999889322e-07
2.2220249999372756e-08;7.895723999827169e-08;6.094349999912083e-08;5.673702000058256e-07
2.273070999945048e-08;7.015776000334881e-08;7.396867999923416e-08;5.311001999652945e-07
2.0129779999842867e-08;8.47985400003381e-08;6.949614000041038e-08;5.264958000043407e-07
2.2884319999138823e-08;7.473032000125386e-08;6.877805999829434e-08;5.198554000235163e-07
2.0257190000847915e-08;6.781425999943167e-08;6.85585200029891e-08;5.300198000040837e-07
1.7644239999935962e-08;6.363054000539705e-08;7.757510000374169e-08;5.531210000044666e-07
1.817912999977125e-08;6.919073999742977e-08;7.067962000146508e-08;5.780784000526182e-07
2.0388989997445605e-08;6.532587999827229e-08;8.733880000072531e-08;5.420723999850452e-07
2.3533200001111255e-08;6.976491999812424e-08;6.656819999916479e-08;5.385384000255726e-07
1.9082005000382197e-08;6.994026000029407e-08;7.123424000455997e-08;5.324821999529377e-07
1.9442114999401383e-08;7.605064000235871e-08;7.853435999713838e-08;5.3844079998089e-07
1.9097974999749568e-08;7.167710000067018e-08;6.639712000032887e-08;5.68946200015489e-07
1.8706259998725727e-08;7.105788000044412e-08;6.642219999921509e-08;5.486180000007152e-07
2.0808690000558272e-08;7.348112000036054e-08;6.9092860003002e-08;5.55685999977868e-07
2.230555000132881e-08;7.011124000418931e-08;7.489981999970041e-08;5.101967999944464e-07
2.1741159999510273e-08;7.003953999956138e-08;6.675321999937296e-08;5.307903999928385e-07
2.1217869999236426e-08;6.688102000043728e-08;7.656360000255518e-08;5.19795400032308e-07
1.6779345000395553e-08;6.356286000227556e-08;7.325760000385344e-08;5.067443999578245e-07
1.852352999994764e-08;6.811266000149772e-08;6.833103999961168e-08;5.115807999973185e-07
1.8888250000600236e-08;6.542459999909624e-08;6.641317999456078e-08;5.292092000017874e-07
1.7612730000109876e-08;6.25763599993661e-08;6.950977999949828e-08;5.633919999818317e-07
1.985516999993706e-08;6.922385999932885e-08;6.775810000253841e-08;5.617908000131138e-07
2.1497755000018515e-08;7.092441999702715e-08;6.91004999971483e-08;5.177068000193685e-07
1.882141999958549e-08;7.303520000423305e-08;6.720534000196495e-08;5.622370000346564e-07
1.8843145000573715e-08;6.930037999991328e-08;7.151730000041425e-08;5.375894000171683e-07
2.123427000187803e-08;6.516218000324443e-08;6.486146000097506e-08;5.457312000216916e-07
1.8873484998766798e-08;7.401987999910488e-08;7.558336000074632e-08;5.54677799984347e-07
2.2634850000031293e-08;7.711042000446468e-08;7.244799999753013e-08;5.283749999944121e-07
1.9496534999052527e-08;6.608385999570601e-08;7.113142000162043e-08;5.806781999999657e-07
2.027873000188265e-08;7.869177999673412e-08;8.047270000097342e-08;5.346035999828018e-07
2.5206839997554196e-08;7.040865999879315e-08;8.832113999524153e-08;5.473730000085197e-07
2.1589330000279006e-08;8.641926000127569e-08;8.393271999666467e-08;5.669935999903828e-07
2.094706500065513e-08;7.646990000503138e-08;7.191233999910764e-08;5.589572000317276e-07
2.051544499990996e-08;7.469005999737419e-08;7.560689999954776e-08;6.01697799982503e-07
1.9365460000699387e-08;6.87854400021024e-08;8.616621999535709e-08;5.604721999843605e-07
2.0230679999804125e-08;7.51814800023567e-08;8.068503999966196e-08;5.483063999563455e-07
2.416353000153322e-08;7.119728000252508e-08;7.893120000371709e-08;5.869058000389486e-07
2.021473000058904e-08;7.977715999586507e-08;7.830274000298232e-08;5.42453000030946e-07
2.2955400000500958e-08;7.636548000155017e-08;8.924566000350751e-08;5.922006000182591e-07
2.3154649999924004e-08;7.626567999832332e-08;7.447360000223852e-08;5.900239999755286e-07
2.149562499980675e-08;7.90625000023283e-08;7.320275999954902e-08;5.835963999852538e-07
2.041449000244029e-08;8.621428000042214e-08;7.693818000261672e-08;5.368901999900117e-07
2.063047999981791e-08;8.30422799976077e-08;9.195381999597884e-08;5.888862000429071e-07
2.3401540002669208e-08;7.808684000046923e-08;7.406972000026145e-08;5.810070000006818e-07
2.3158530000364408e-08;7.675704000284896e-08;9.545118000241927e-08;5.281271999701858e-07
2.37135200004559e-08;7.899539999780245e-08;7.839669999666512e-08;5.998411999898963e-07
2.60215899994364e-08;6.759062000201084e-08;8.292547999881208e-08;5.79578600008972e-07
1.9503440000698902e-08;8.174476000131107e-08;6.61251200013794e-08;5.575155999977142e-07
2.2800100001040846e-08;8.463769999798387e-08;7.384774000383913e-08;5.687378000002354e-07
2.168983499868773e-08;7.27351599955e-08;8.133874000050128e-08;5.629158000228926e-07
2.2325339997769334e-08;7.203907999792137e-08;8.476863999967463e-08;5.49453999963589e-07
2.1575730000040493e-08;8.223710000165738e-08;7.720790000166744e-08;5.675914000021293e-07
2.2750750000705012e-08;8.197443999815732e-08;8.962089999695309e-08;6.047584000043571e-07
2.353151999996044e-08;7.639456000179052e-08;6.660196000011638e-08;5.871525999973528e-07
2.1410919999470935e-08;8.625467999954708e-08;8.104429999948479e-08;5.859347999794408e-07
2.0543265000742394e-08;7.345111999893561e-08;8.054811999900267e-08;5.348028000444174e-07
2.490768000134267e-08;7.872179999831133e-08;7.207608000026085e-08;5.331517999875359e-07
2.3309540000627748e-08;7.435551999951713e-08;6.765457999426871e-08;5.898353999946267e-07
2.5856739998562262e-08;8.464545999886469e-08;8.72944800008554e-08;5.623373999842443e-07
2.2140280000166966e-08;6.768516000011005e-08;7.406101999804377e-08;5.544564000447281e-07
2.2772269998677074e-08;6.78314600023441e-08;7.191503999638372e-08;6.186334000085481e-07
2.4563679998391307e-08;6.45512399962172e-08;6.32448399963323e-08;4.966549999662675e-07
1.596855499956291e-08;7.819269999745301e-08;7.310690000304021e-08;5.46561199997086e-07
1.7323319999559316e-08;8.182149999774993e-08;6.891062000067904e-08;5.674151999992319e-07
1.9137414998840542e-08;6.613738000160083e-08;7.211284000077285e-08;4.992528000148013e-07
1.825750000134576e-08;7.209980000043288e-08;5.827171999844723e-08;5.163403999758884e-07
1.8580130000191274e-08;7.997465999796987e-08;6.36376400012523e-08;5.09072599990759e-07
2.2853760000725742e-08;7.580148000270128e-08;8.711444000364281e-08;5.193037999561057e-07
1.8847844999982045e-08;5.5388379999203605e-08;6.29263999988325e-08;4.801351999631152e-07
1.6542069999559317e-08;6.545582000399009e-08;6.308205999666825e-08;4.990731999860145e-07
1.8860520000453108e-08;7.095447999890894e-08;7.340106000192463e-08;5.605413999874145e-07
1.723376500012819e-08;6.774535999866203e-08;6.896305999835022e-08;5.21597400016617e-07
1.5712299999722744e-08;7.348525999695994e-08;8.484633999760263e-08;5.790166000369936e-07
2.1019175001129043e-08;7.055063999723643e-08;6.955274000065401e-08;5.377538000466302e-07
2.1770765000837856e-08;7.651180000393651e-08;7.220477999653667e-08;5.224262000410818e-07
1.9195354999101257e-08;7.178195999586023e-08;6.846821999642997e-08;5.241085999878123e-07
2.203909000090789e-08;6.834865999990142e-08;6.165445999940858e-08;5.218095999443904e-07
2.047803000023123e-08;7.323313999804669e-08;7.609609999926761e-08;5.54450600000564e-07
2.0412744999339338e-08;7.55842600017786e-08;7.400816000299529e-08;5.461982000269927e-07
2.174915000068722e-08;6.764725999673829e-08;8.213554000249132e-08;5.096613999921829e-07
1.973757999949157e-08;6.516104000038467e-08;7.083055999828502e-08;5.119898000266403e-07
2.0342360000358894e-08;7.337377999792807e-08;8.829317999770864e-08;5.32340599980671e-07
2.060732999816537e-08;6.659267999930307e-08;7.23534999997355e-08;4.883881999994628e-07
1.978206999920076e-08;6.129032000317239e-08;7.39493599976413e-08;5.226485999883153e-07
1.7343665000225882e-08;6.796194000053219e-08;6.396240000030957e-08;5.852900000172667e-07
2.0255090002319776e-08;6.18893799954094e-08;6.196886000107042e-08;5.247452000039629e-07
1.732979499938665e-08;6.896143999765627e-08;6.44809199962765e-08;5.431979999993928e-07
1.7963545001111924e-08;6.288275999831967e-08;5.973157999687828e-08;5.378303999896161e-07
1.7777569999452682e-08;6.030677999951876e-08;6.88560199982021e-08;5.355201999773272e-07
1.891852000117069e-08;5.644169999868609e-08;5.79630000051111e-08;5.207326000090688e-07
1.629481999989366e-08;6.049635999952443e-08;5.817515999660827e-08;5.110162000055425e-07
1.5465920000860935e-08;6.041240000049584e-08;6.713445999776013e-08;4.936478000017814e-07
2.0579064999765252e-08;6.725603999802843e-08;6.81073599960655e-08;1.006022399989888e-06
1.7564000000129455e-08;7.54754200053867e-08;7.545642000040971e-08;1.1262270000588614e-06
2.227417999820318e-08;6.139535999973305e-08;7.940162000013515e-08;1.1513160000322386e-06
2.215176000026986e-08;6.323447999893687e-08;7.85252199973911e-08;1.153337999858195e-06
2.2154360002605245e-08;6.989295999519527e-08;6.40161800023634e-08;1.0164145000453573e-06
1.8758389999857173e-08;6.733425999991596e-08;7.83670000033453e-08;1.0318784999253694e-06
2.179124999966007e-08;6.275891999830492e-08;6.32426000025589e-08;9.804719999665395e-07
1.7946764999942388e-08;7.101291999570094e-08;6.539127999567427e-08;1.038041499996325e-06
1.7401270000846125e-08;6.810295999748632e-08;6.15351999993436e-08;1.0238979999849107e-06
1.907633499940857e-08;7.477335999719799e-08;7.69245800038334e-08;1.01633350001066e-06
1.8368260000715964e-08;7.334656000020913e-08;6.77523399994243e-08;1.0712065999978223e-06
1.9380234999698586e-08;6.313661999884061e-08;6.940718000405468e-08;1.0605979998945258e-06
2.064280999766197e-08;6.496050000423565e-08;7.038879999890923e-08;1.1331549999886193e-06
2.1575890001258812e-08;6.996278000297025e-08;7.451844000024722e-08;1.112384000007296e-06
1.9240329999593085e-08;6.838287999853492e-08;6.740936000132933e-08;1.0643405000155325e-06
1.8116950000694488e-08;6.821836000308395e-08;6.679620000068098e-08;1.0844159999978728e-06
1.967533999995794e-08;6.958252000040374e-08;6.882449999684468e-08;1.031483999977354e-06
1.9665939999686088e-08;7.164738000137731e-08;6.932929999893531e-08;1.10639499995159e-06
2.050227999861818e-08;6.527156000374817e-08;6.999121999833733e-08;1.0769479999726172e-06
2.1872730000177397e-08;7.067122000153177e-08;7.365928000072017e-08;1.163039000093704e-06
2.042858999921009e-08;6.592830000445246e-08;6.857105999952182e-08;1.119147499994142e-06
1.790649000031408e-08;7.230946000199765e-08;6.192925999639556e-08;1.1850734999461566e-06
1.7907980000018143e-08;6.6927020001458e-08;7.28757000004407e-08;1.0829624999314547e-06
2.087857000005897e-08;8.005365999997593e-08;6.725965999648907e-08;1.025717500015162e-06
1.8125789999612607e-08;6.325380000052973e-08;7.768749999813736e-08;1.0422459999972488e-06
2.2258470000815578e-08;6.191294000018389e-08;6.360345999710262e-08;1.0681389999808744e-06
2.0993899999302813e-08;7.631937999976799e-08;7.02844199957326e-08;1.1736030000611208e-06
2.2702655001194218e-08;7.688358000013977e-08;7.85636400047224e-08;1.087089499924332e-06
2.100053000031039e-08;7.121338000288233e-08;7.555645999964326e-08;1.1788789999263826e-06
2.1282680000877007e-08;8.887772000161932e-08;7.381569999852218e-08;1.2267645000247285e-06
2.0957500000076833e-08;8.220047999639064e-08;7.484408000018447e-08;1.2088270000822377e-06
2.1405779998167417e-08;6.656420000363141e-08;7.626304000150412e-08;1.1604095000075177e-06
2.6166970000485888e-08;8.32879800000228e-08;9.143616000073962e-08;1.1096350000298116e-06
2.6017199998022987e-08;7.356016000267119e-08;7.854153999942354e-08;1.137091499986127e-06
2.383162999758497e-08;7.85217399999965e-08;7.729811999597587e-08;1.1488390000886284e-06
2.2895170000265352e-08;7.565353999962099e-08;8.406097999541089e-08;1.2384040000324604e-06
2.478279000206385e-08;7.50733599998057e-08;7.502004000125453e-08;1.2229415000183507e-06
2.4393419999978504e-08;8.600106000085361e-08;7.922978000133299e-08;1.078875499952119e-06
2.312833999749273e-08;7.961196000105702e-08;8.733629999915138e-08;1.12492200001725e-06
2.0644619999802673e-08;7.245055999956094e-08;8.754429999971763e-08;1.0992950000218116e-06
2.2342539997771383e-08;8.491671999800019e-08;6.933707999996841e-08;1.2513554999895859e-06
2.2189629997592418e-08;8.650959999649785e-08;6.916271999944002e-08;1.2518000000272878e-06
1.525126499909675e-08;6.025765999802388e-08;8.331486000097357e-08;1.1992219999956434e-06
2.1919919998617842e-08;7.098271999857389e-08;5.821008000057191e-08;1.038200000039069e-06
2.6213350001489743e-08;6.980485999956728e-08;7.780231999931857e-08;1.1807224999938627e-06
2.1872639999492092e-08;7.067091999924742e-08;6.822960000135936e-08;1.1234310000145342e-06
1.785999499988975e-08;8.084821999655105e-08;7.376946000149474e-08;1.0329169999749866e-06
1.8560789999901316e-08;7.078608000301756e-08;6.392353999544866e-08;1.2098170000535902e-06
1.5966565000417177e-08;7.540277999942191e-08;7.289180000079796e-08;1.1448659999587107e-06
1.8438099999912082e-08;6.939589999965392e-08;6.546369999996386e-08;1.0960170000907964e-06
2.0761300000594928e-08;6.922773999976925e-08;7.193782000103965e-08;1.0614234999229666e-06
1.864810499973828e-08;7.011842000065372e-08;7.293903999961913e-08;1.0719894999056123e-06
2.212952999980189e-08;7.065452000242658e-08;6.855364000075497e-08;1.0309270001016557e-06
1.8286955000075977e-08;6.494318000040948e-08;7.82612600014545e-08;1.0738215000310447e-06
1.538689000008162e-08;7.219626000151038e-08;7.441086000180803e-08;1.1145250000117813e-06
1.6204754999489524e-08;8.09060600004159e-08;8.123068000422791e-08;1.1345740000251681e-06
2.3781109999981708e-08;6.658663999987766e-08;7.138586000073701e-08;1.1845185000856874e-06
2.1180660001118666e-08;7.072043999796733e-08;7.062157999607734e-08;1.0345095000229776e-06
2.356842000153847e-08;8.7569719995372e-08;7.643999999854714e-08;1.2011824999353848e-06
2.2353914999985136e-08;8.084241999895313e-08;6.697753999615088e-08;1.1323115001141558e-06
2.0117450001998804e-08;7.779362000292167e-08;6.488130000070669e-08;1.162740500003565e-06
2.0084080001106485e-08;7.216964000253939e-08;8.306574000162073e-08;1.1604459999944082e-06
2.2627990000182763e-08;7.830760000506417e-08;8.747812000219711e-08;1.1179880000418051e-06
2.434460999793373e-08;7.620410000090487e-08;8.580395999597386e-08;1.061485999962315e-06
2.152331000252161e-08;7.523387999972328e-08;7.098473999649287e-08;1.2302370001270902e-06
2.1697930002119393e-08;7.261750000179745e-08;7.33507799974177e-08;1.1280524999892805e-06
2.2701279999455436e-08;8.221449999837205e-08;7.586436000419781e-08;1.1233680001168978e-06
2.0175649999873712e-08;6.755013999645599e-08;7.554531999630854e-08;1.1172710001119413e-06
2.0497079999768175e-08;6.563664000132121e-08;8.049109999556095e-08;1.145519499987131e-06
1.880587000050582e-08;6.992085999809206e-08;7.660285999882034e-08;1.1120509999454954e-06
1.8948345001263078e-08;7.689548000344075e-08;7.673129999893718e-08;1.063455499970587e-06
1.677416999882553e-08;6.827959999791347e-08;8.491570000187494e-08;1.0661919999984093e-06
2.139229000022169e-08;6.992422000039369e-08;7.317932000150903e-08;1.0072804999072104e-06
2.2253949998412282e-08;7.690109999966808e-08;6.701884000212886e-08;1.0350019999896176e-06
2.207654000085313e-08;6.442960000131279e-08;7.794852000079118e-08;1.1036910000257194e-06
2.03678799996851e-08;7.644862000015564e-08;7.233887999900616e-08;1.0322580000502057e-06
2.0512329999473878e-08;7.323975999606773e-08;7.334816000075079e-08;1.0736705000454093e-06
2.0534099999349564e-08;7.400065999827348e-08;7.064376000198536e-08;1.1638574999233242e-06
1.999853000015719e-08;7.656812000204809e-08;7.453721999772825e-08;1.1070274999656248e-06
2.127361500024563e-08;7.195160000119359e-08;8.333085999474861e-08;1.0622745000000578e-06
2.2911305000889114e-08;7.40373799984809e-08;7.839120000135153e-08;1.0860875000071246e-06
2.0473119999223856e-08;6.981689999811352e-08;6.476320000365376e-08;1.0757716000080109e-06
2.1182935000979343e-08;6.745062000118197e-08;7.151859999867156e-08;1.1406244999670888e-06
1.911398500087671e-08;6.809524000273086e-08;7.922176000429317e-08;1.0341919999336824e-06
2.179455000150483e-08;7.149890000000596e-08;8.082436000113376e-08;9.86940200033132e-07
2.1264360001077876e-08;6.779443999985232e-08;6.788693999988028e-08;1.0652655000740197e-06
1.7029105000256095e-08;6.486694000195712e-08;6.46928999980446e-08;1.0003795000375248e-06
2.3475730000063777e-08;6.12823799951002e-08;6.295163999893702e-08;1.066590600006748e-06
1.648532499966677e-08;6.530251999502071e-08;6.152131999842822e-08;1.032400600030087e-06
2.3286009998992084e-08;6.378295999602414e-08;7.137130000046455e-08;1.0360179998679086e-06
2.0405780000146477e-08;6.549951999913901e-08;6.683195999939925e-08;1.0238440000102855e-06
1.827880000055302e-08;5.5877800000598655e-08;6.879431999986991e-08;1.163230500096688e-06
2.1332969999639316e-08;6.895669999648817e-08;6.884278000216e-08;1.0587273999699392e-06
2.0245619997149333e-08;7.382799999904819e-08;6.141715999692679e-08;1.003614500077674e-06
1.639234499889426e-08;6.165116000338457e-08;6.539698000415228e-08;1.0684747999766842e-06
2.0019719999982044e-08;6.683068000129424e-08;6.172564000007696e-08;1.0069484999985433e-06
1.6238830001384485e-08;6.675365999690257e-08;6.510784000274725e-08;1.0508240001217927e-06
1.843685500061838e-08;7.077949999948032e-08;6.900262000272051e-08;1.0958199999004138e-06
1.845782500022324e-08;7.284805999952369e-08;6.8871560000116e-08;1.114326999959303e-06
1.7753719999745954e-08;6.265122000477277e-08;6.685056000133045e-08;1.0785739999846556e-06
1.5913285000715405e-08;6.424701999640092e-08;7.962595999706536e-08;1.1785184999462217e-06
1.6848885000217705e-08;6.099137999699451e-08;7.499413999612444e-08;1.2306670000543817e-06
1.6074160000425763e-08;7.052594000124372e-08;7.435897999675944e-08;1.240094999957364e-06
1.7816909999237397e-08;6.08010399970226e-08;7.988617999944835e-08;1.1192740000842604e-06
1.858852500008652e-08;6.558006000122987e-08;7.253274000249803e-08;1.346326500060968e-06
1.7765445000259205e-08;6.214673999929801e-08;8.203647999907844e-08;1.163288000097964e-06
2.2988780000014232e-08;7.583929999964312e-08;7.51673600054346e-08;1.3374005000514443e-06
1.773962000006577e-08;6.611528000212275e-08;7.679689999786205e-08;1.2412695000239183e-06
1.5602994999790097e-08;6.587302000261843e-08;7.800483999890275e-08;1.144392499991227e-06
2.0276080002076923e-08;7.493666000082157e-08;7.552257999777793e-08;1.1795829999027774e-06
2.1468149998690933e-08;6.486583999940194e-08;8.153418000438251e-08;1.3277974999800791e-06
1.9298834999790416e-08;7.178950000088661e-08;1.0017979999247472e-07;1.244495499995537e-06
2.370861999806948e-08;8.147480000043288e-08;8.167288000113331e-08;1.2628085000324063e-06
2.5812650000443682e-08;8.103568000369705e-08;8.816095999791286e-08;1.3770459999796004e-06
2.191148999845609e-08;7.155911999871023e-08;9.542095999931916e-08;1.2007659999653696e-06
2.1116789999359755e-08;8.65261999948416e-08;8.739663999876938e-08;1.223038999887649e-06
1.827136500069173e-08;6.48399600002449e-08;8.526946000056342e-08;1.2882744999660645e-06
1.7934724999940956e-08;7.564706000266597e-08;9.355873999884352e-08;1.1815699998987839e-06
2.0542430001660252e-08;7.983982000150718e-08;1.0286600000108593e-07;1.3093105000734796e-06
2.1276599998236634e-08;7.0906979998108e-08;7.596271999645978e-08;1.2246344999584834e-06
2.0697279999149033e-08;6.832141999620944e-08;8.876339999842458e-08;1.2030344999220687e-06
1.8739050001022404e-08;7.827874000067823e-08;1.0334304999560118e-07;1.1769400000048335e-06
2.0913770000333897e-08;7.298993999720551e-08;7.942417999729515e-08;1.3911659999575931e-06
1.7882795000332407e-08;7.930942000239156e-08;1.0045900000841356e-07;1.2750215000414755e-06
2.1094089999678543e-08;6.965497999917715e-08;8.610337999998592e-08;1.3865844999963883e-06
1.8782530000316912e-08;7.962986000347883e-08;9.651444000191986e-08;1.2618854999891483e-06
2.022708000149578e-08;6.914762000087648e-08;8.103178000310435e-08;1.208626000006916e-06
2.0435354999790433e-08;6.503077999805101e-08;8.685803999542259e-08;1.233619999984512e-06
2.0460800000000744e-08;8.418554000090808e-08;7.936225999728777e-08;1.209505500009982e-06
2.215968999953475e-08;6.879460000200197e-08;1.0038839999469929e-07;1.1947410000720993e-06
1.8869845000153872e-08;7.745893999817781e-08;7.916329999570735e-08;1.282943999976851e-06
2.251131999946665e-08;8.397497999831103e-08;1.0083515000587795e-07;1.3835764999384991e-06
2.185617000213824e-08;8.159499999601394e-08;7.775835999636911e-08;1.1739374999888242e-06
2.2318770000129006e-08;6.444161999970674e-08;9.775988000328653e-08;1.1834795000322628e-06
2.1884235000470654e-08;7.369852000265382e-08;9.089595999685116e-08;1.2928150000516325e-06
2.2066310001537203e-08;7.926612000446766e-08;9.123074000235647e-08;1.3454435000312514e-06
2.0131709999986925e-08;8.153181999805384e-08;8.310268000350333e-08;1.2764215000788681e-06
2.2590464999666436e-08;8.862973999930546e-08;8.345356000354513e-08;1.2150115000258665e-06
1.820199500070885e-08;7.563873999752104e-08;8.273873999714851e-08;1.2778299998899457e-06
2.353150499984622e-08;8.093726000515745e-08;1.0177225001098123e-07;1.2595809999038466e-06
2.4299869997776112e-08;8.570600000093691e-08;9.821582000004127e-08;1.3217609999992419e-06
2.1839799999725073e-08;8.371213999926113e-08;1.0844374999578577e-07;1.3937555000302383e-06
2.3448840000492056e-08;7.971054000081494e-08;1.0601750000205357e-07;1.281916000007186e-06
2.4267860001418738e-08;7.773801999865099e-08;7.137493999907747e-08;1.3248084999213461e-06
2.4214329998358153e-08;8.315495999995619e-08;1.1326019999978599e-07;1.4053844999580179e-06
1.85187049995875e-08;6.373478000168688e-08;7.681061999755911e-08;1.0811714999726972e-06
1.976254999899538e-08;6.486449999501929e-08;7.748745999997481e-08;1.154718499892624e-06
1.913330999959726e-08;6.880373999592848e-08;7.179140000371263e-08;1.3320504999137483e-06
1.926106500031892e-08;6.104661999852397e-08;9.127516000298783e-08;1.0925915000552778e-06
1.8424534999940078e-08;7.308456000173465e-08;7.789958000066691e-08;1.278302499995334e-06
1.8388109999068546e-08;7.927032000152394e-08;1.0307370001100935e-07;1.2173825000354553e-06
1.9140510000579525e-08;6.333689999883063e-08;8.43457600043621e-08;1.1985064999316818e-06
1.6444249999767634e-08;6.854507999960333e-08;7.697215999942273e-08;1.0526689999096562e-06
1.5408469999965747e-08;6.111816000193358e-08;8.192894000094385e-08;1.1146835000545252e-06
1.8821974999445958e-08;6.235241999966093e-08;7.828197999624536e-08;1.1818550000316463e-06
1.7772324998804833e-08;7.303533999947831e-08;7.275235999841243e-08;1.233669000066584e-06
1.638605500047561e-08;5.770361999748275e-08;7.208238000166602e-08;1.128508999972837e-06
1.6044644999783486e-08;6.354491999954917e-08;7.195957999792881e-08;1.2321554998925422e-06
1.608189999969909e-08;6.125342000159436e-08;7.959574000560678e-08;1.1703125000349245e-06
1.733840000088094e-08;6.246764000388794e-08;8.069193999981508e-08;1.1038435000227765e-06
1.6620379999221767e-08;6.568587999790907e-08;7.416308000101707e-08;1.1153354999260046e-06
1.6871464998985174e-08;6.480909999809228e-08;7.165976000251248e-08;1.2235769999097101e-06
1.880747499963036e-08;5.904235999914817e-08;7.315630000084638e-08;1.2128990000928753e-06
1.5836284999386406e-08;6.660801999969408e-08;7.13181400031317e-08;1.1078365000139456e-06
1.5685680000751745e-08;6.218187999911606e-08;7.135531999520026e-08;1.1314544999913778e-06
1.6986810001253616e-08;7.145293999928981e-08;7.268739999854006e-08;1.1408744999789633e-06
1.5728825000405777e-08;6.17303200007882e-08;8.622838000301272e-08;1.1283389999880455e-06
1.7495504999533296e-08;7.020426000235602e-08;7.282839999534189e-08;1.1718000000109896e-06
1.756310999917332e-08;6.459605999989436e-08;7.554264000500552e-08;1.2262634999933654e-06
1.731617999903392e-08;6.342374000232666e-08;7.216796000138857e-08;1.1158219999924768e-06
1.8345994999981484e-08;7.107197999721393e-08;8.212416000314988e-08;1.2180395000905264e-06
1.688941500033252e-08;6.94266600010451e-08;8.206492000026629e-08;1.1920664999342988e-06
2.0340310002211482e-08;6.958767999894917e-08;1.0630539999692701e-07;1.1791565000021365e-06
2.1555149999039714e-08;7.888736000168137e-08;1.0217155001009815e-07;1.3007574999937789e-06
2.3423949998687022e-08;8.865128000034019e-08;8.87518000032287e-08;1.2921119999373331e-06
2.0680534999701195e-08;7.478705999674276e-08;8.301234000246041e-08;1.1786949999805073e-06
1.6117880000092555e-08;6.41299800015986e-08;7.609589999774471e-08;1.1860950000118464e-06
1.9732574999216014e-08;6.206066000158898e-08;7.783998000086286e-08;1.1755550000816583e-06
2.153857999946922e-08;6.671665999456309e-08;9.043611999950372e-08;1.113286500039976e-06
2.0999699999811128e-08;6.843673999537713e-08;9.64425999962259e-08;1.3741419999860227e-06
2.185672500054352e-08;6.765041999751702e-08;8.707905999617651e-08;1.3336325000273064e-06
2.2052769997389986e-08;7.00085999967996e-08;7.83121399988886e-08;1.2502930000482592e-06
2.1861730000819078e-08;7.195519999950193e-08;1.0889995000616181e-07;1.3954989999183454e-06
2.3050619999412447e-08;8.189060000004246e-08;7.955903999973089e-08;1.2531450000824408e-06
2.1969410000019708e-08;7.179471999988891e-08;1.0257020000426564e-07;1.3960225001210346e-06
1.858607000031043e-08;7.348175999941304e-08;1.0004052000003867e-07;1.4186375000281259e-06
2.1932800000649877e-08;7.601792000350542e-08;8.40433600009419e-08;1.3482975000806618e-06
2.157446000201162e-08;7.643412000034005e-08;8.887108000344597e-08;1.2407854999764823e-06
1.844633000000613e-08;7.080642000073567e-08;8.626858000061475e-08;1.15619100004551e-06
1.9731425000645687e-08;8.694458000245505e-08;9.807686000131071e-08;1.2412429999676533e-06
2.1586609999940266e-08;7.022666000411845e-08;8.679236000170931e-08;1.4318854999146425e-06
2.085316999873612e-08;5.995228000101634e-08;7.823583999997936e-08;1.1946534999879076e-06
2.654904999944847e-08;7.83432400028687e-08;7.09807000006549e-08;1.262679999927059e-06
1.7078135001065676e-08;8.053852000157349e-08;7.87627799960319e-08;1.183395499974722e-06
1.9033219999982976e-08;6.349297999986448e-08;8.848053999827243e-08;1.4212230000703129e-06
2.2430790000362322e-08;8.171701999963261e-08;9.010661999927834e-08;1.2548005000280683e-06
2.035510499990778e-08;7.907544000190682e-08;8.493911999976262e-08;1.450201000116067e-06
2.0298190001631156e-08;6.83392399980221e-08;8.730037999921478e-08;1.2234150001313536e-06
2.070184999902267e-08;1.0194100000080652e-07;8.980569999548607e-08;1.3289979999535716e-06
2.317102499946486e-08;8.865339999902062e-08;9.024382000206969e-08;1.231246000097599e-06
2.2403949999716132e-08;7.811394000309519e-08;8.832201999612152e-08;1.3539714999205898e-06
2.1841279999352993e-08;6.393329999991692e-08;8.739848000113853e-08;1.3507874999777415e-06
1.8646675000491088e-08;7.059819999849423e-08;9.191271999734454e-08;1.3550340000074357e-06
2.3916140000801534e-08;7.524574000271968e-08;1.0791599999356549e-07;1.5158000000519678e-06
2.4986894999165087e-08;7.337061999714934e-08;1.0555264999857172e-07;1.3313339999876917e-06
2.214451000036206e-08;6.673784000449814e-08;1.0765754999010824e-07;1.2355020000541118e-06
2.2294725000392647e-08;6.515409999992699e-08;1.016795000032289e-07;1.4039919999777338e-06
2.343103000021074e-08;8.340148000279442e-08;9.455992000293917e-08;1.408800499921199e-06
2.108003000030294e-08;7.677535999682733e-08;1.008743999991566e-07;1.467018000112148e-06
2.125895000062883e-08;6.886884000268764e-08;9.8986979998881e-08;1.221889500011457e-06
2.1163040000828913e-08;6.057224000105635e-08;8.867705999873579e-08;1.2542300000495743e-06
2.1985660001519137e-08;7.98041399975773e-08;8.910743999877013e-08;1.4313764999678825e-06
2.2425939999811816e-08;8.053508000448346e-08;8.293497999547981e-08;1.2573439998959657e-06
2.023267499898793e-08;8.122738000238315e-08;8.9476359996479e-08;1.5600415000517388e-06
2.6337929998408073e-08;7.915141999837942e-08;9.492219999665395e-08;1.4443095000751782e-06
2.4477349998778665e-08;6.638838000362739e-08;8.880467999842949e-08;1.4272185000299941e-06
2.2442909999517723e-08;9.276901999837719e-08;1.0222005000105128e-07;1.4822144999925512e-06
2.335505999799352e-08;7.529522000113502e-08;9.250465999939479e-08;1.427902499999618e-06
2.3253129998920485e-08;8.392149999854154e-08;9.210947999963537e-08;1.3447155000176282e-06
2.0533189998241143e-08;7.76285599975381e-08;1.0654109998722561e-07;1.3915555000130552e-06
2.6003900001524018e-08;8.260192000307142e-08;1.0415904999535996e-07;1.4227919999393634e-06
2.627611999923829e-08;7.103863999946042e-08;8.958459999994375e-08;1.437164999952074e-06
2.1305800002301112e-08;7.643623999902047e-08;9.373425999656319e-08;1.251106499985326e-06
2.1227300001191906e-08;7.986912000342273e-08;8.178567999857478e-08;1.4207290000922512e-06
2.1366660000057892e-08;5.8084120001876725e-08;8.863082000170835e-08;1.4249154999561142e-06
2.615360000054352e-08;7.588333999738097e-08;1.0315114000113681e-07;1.2895869999192654e-06
2.056643999821972e-08;8.426284000161104e-08;1.0070750000886619e-07;1.52866600008565e-06
2.597261999908369e-08;8.294350000214763e-08;1.0716324999521021e-07;1.4782245000242256e-06
2.362839999841526e-08;8.669255999848246e-08;9.005923999939114e-08;1.3808345000143163e-06
2.1675250001135283e-08;7.841342000174336e-08;9.554471999872476e-08;1.490773500117939e-06
2.3386249999748542e-08;8.711504000239075e-08;1.1192974999721628e-07;1.3508495000132826e-06
2.4922229998628608e-08;9.058708000229672e-08;1.0310976000037045e-07;1.3686859999143052e-06
2.1781249999185093e-08;7.114172000437975e-08;1.0353918000473641e-07;1.4085270000214224e-06
2.264075999846682e-08;8.275727999862283e-08;1.0744105000048876e-07;1.511434999993071e-06
2.059945999935735e-08;7.409249999909661e-08;1.0316845000488683e-07;1.422395499976119e-06
2.3258159999386408e-08;6.731475999695249e-08;1.010697000019718e-07;1.5067000000271945e-06
2.0504100000835024e-08;7.294027999741957e-08;8.530370000516996e-08;1.248358499869937e-06
2.1939159999601544e-08;8.161439999821596e-08;9.853164000087418e-08;1.5221939999901224e-06
2.2967390000121667e-08;8.036237999913283e-08;1.0096109998994506e-07;1.5101400000276044e-06
2.6171109999995677e-08;7.424065999803133e-08;7.57941399991978e-08;1.38338400007342e-06
1.76169550002669e-08;8.654289999976755e-08;1.1062145000323653e-07;1.5108840000175406e-06
2.3869030000059865e-08;8.918903999729082e-08;1.0192440000537317e-07;1.170183500071289e-06
2.0877574999758507e-08;7.977329999557696e-08;9.719898000475951e-08;1.3841105000756216e-06
2.0739560000947675e-08;8.46073399996385e-08;7.683839999954216e-08;1.4652524999110027e-06
2.0308015000773593e-08;6.539169999887235e-08;7.015463999705389e-08;1.261726499942597e-06
2.3218339998857117e-08;6.12825000018347e-08;7.884140000096523e-08;1.2693215000035706e-06
1.8278529999952298e-08;6.794729999965057e-08;7.510513999732211e-08;1.2584125000284985e-06
2.148606000118889e-08;6.917428000015206e-08;1.0162975000275765e-07;1.558348999969894e-06
1.7357225000159815e-08;8.660526000312529e-08;9.23726400011219e-08;1.5548414998920633e-06
1.8873674998758362e-08;6.905782000394538e-08;8.200688000069931e-08;1.3940899999579415e-06
1.7673424999520647e-08;8.453790000057779e-08;7.086142000043764e-08;1.456202499975916e-06
1.964464000047883e-08;7.006280000205151e-08;7.631276000174693e-08;1.3261494999460411e-06
2.0444559998577462e-08;6.633375999517738e-08;8.20815599989146e-08;1.3277309999102728e-06
2.1413149998988956e-08;6.13651999970898e-08;1.0806280000542756e-07;1.37959999992745e-06
2.0723320002434775e-08;6.707946000387892e-08;9.546348000294529e-08;1.3011685000674334e-06
2.104222500056494e-08;6.525012000347488e-08;1.0758684999018442e-07;1.4940534999186638e-06
2.057892000011634e-08;6.259586000232957e-08;7.546304000425153e-08;1.3041154999518767e-06
1.6515845000685657e-08;7.027276000007987e-08;7.770879999734462e-08;1.387865500000771e-06
1.817190499859862e-08;6.068098000250757e-08;9.358013999881223e-08;1.4886840000690427e-06
2.1670809999341146e-08;7.635862000170164e-08;6.730663999915123e-08;1.3028690000646748e-06
1.616873500024667e-08;6.245002000359818e-08;1.0684249999758322e-07;1.29861349996645e-06
1.872127999959048e-08;6.960589999798686e-08;9.510030000237748e-08;1.3677564999670723e-06
1.68586800005869e-08;7.113434000057168e-08;8.791567999869586e-08;1.1701870000979398e-06
2.2492049999709706e-08;7.091305999783799e-08;1.0948949999874457e-07;1.5009529999224468e-06
2.133834999985993e-08;6.421171999536454e-08;8.958966000354849e-08;1.3260865000484046e-06
2.1056509998743424e-08;8.322513999883085e-08;6.876717999693938e-08;1.2603189999936148e-06
2.1998850000090896e-08;6.855144000146538e-08;7.735524000017903e-08;1.4804675000777933e-06
1.942375000071479e-08;6.820382000296377e-08;7.333136000088416e-08;1.379495000001043e-06
2.0906199999444654e-08;7.190321999951266e-08;7.195251999655738e-08;1.3373055000556633e-06
1.852108000020962e-08;7.23779599997215e-08;8.579700000118464e-08;1.275718999968376e-06
2.3306359999696725e-08;6.801291999872773e-08;1.0145175000070594e-07;1.206845999986399e-06
2.0019099998171442e-08;6.728171999566257e-08;9.55731599999126e-08;1.5586440000333824e-06
2.558632000000216e-08;7.400011999998241e-08;9.412649999721906e-08;1.3592595000227448e-06
2.390624999825377e-08;7.749503999948501e-08;9.094312000088394e-08;1.4231075000134296e-06
2.1095149999018758e-08;7.923528000246733e-08;8.435908000101335e-08;1.3275180000346153e-06
2.4454280000645666e-08;8.3818419999443e-08;9.604294000309893e-08;1.4320254999620374e-06
2.3136029997840525e-08;7.904538000002503e-08;9.645326000172645e-08;1.3653750000230501e-06
2.4505120000685566e-08;8.623066000291146e-08;1.044419999991078e-07;1.4649854999152013e-06
2.552890000224579e-08;7.477184000308625e-08;1.0913315000652801e-07;1.5057789999991656e-06
2.3643279998213983e-08;8.791136000072584e-08;8.262926000170409e-08;1.4184009999735282e-06
2.1276800002669916e-08;6.316007999703289e-08;1.0400135000236332e-07;1.4807704999111594e-06
2.039117999956943e-08;8.521027999813669e-08;8.76453400007449e-08;1.26187050002045e-06
2.4090410000644623e-08;6.9230019999668e-08;9.256274000508711e-08;1.4725224999710918e-06
2.2473019998869858e-08;8.324372000060976e-08;1.0168923999881372e-07;1.3331489999836775e-06
2.223828499991214e-08;6.823590000276454e-08;9.254591999924741e-08;1.4761995000299067e-06
2.257711999991443e-08;7.393290000036359e-08;1.0440729999390897e-07;1.464579000021331e-06
2.5641080000787043e-08;7.574554000166244e-08;9.47203800023999e-08;1.4566920000652317e-06
2.1783709997544066e-08;7.087526000104845e-08;9.199553999933414e-08;1.340988500014646e-06
2.341928999812808e-08;8.323830000008457e-08;1.0414222000399605e-07;1.339214500039816e-06
2.404949000047054e-08;8.595953999902122e-08;1.0964719999174122e-07;1.3801824999973178e-06
2.0725669999956153e-08;7.516976000042632e-08;9.633983999956399e-08;1.3699505000840873e-06
2.4661380000179634e-08;7.772555999690667e-08;1.0409672000096179e-07;1.4884860000165644e-06
1.7433819999860135e-08;7.34457199985627e-08;8.205835999688133e-08;1.388726000004681e-06
1.9123994999972638e-08;7.179680000408552e-08;8.705564000410959e-08;1.31236050001462e-06
1.856827500014333e-08;6.726870000129566e-08;9.538752000080422e-08;1.4083324999955949e-06
2.2292159998323768e-08;6.228817999945022e-08;8.253162000328302e-08;1.3666625000769272e-06
1.84497950001969e-08;7.488330000196583e-08;7.308218000107444e-08;1.3327614999434445e-06
2.0317849999992177e-08;7.527441999991424e-08;9.214732000255026e-08;1.4580534999549854e-06
2.127028999966569e-08;7.652722000493668e-08;8.197211999795399e-08;1.3408745000197087e-06
2.054948000004515e-08;6.318847999791614e-08;7.523628000053577e-08;1.2978999999177176e-06
1.9476670000585727e-08;7.199869999894872e-08;8.504622000036761e-08;1.4096065000921954e-06
1.7717404999712018e-08;6.736925999866799e-08;7.976143999840133e-08;1.4623904999461956e-06
2.005193500081077e-08;6.878731999895536e-08;8.055496000451967e-08;1.3225765000970568e-06
1.9617574999574572e-08;6.585805999930016e-08;7.344496000441723e-08;1.3794174999929966e-06
1.818504999973811e-08;6.565011999919079e-08;8.677698000101373e-08;1.3609284999256487e-06
2.0161360001657157e-08;6.118020000285469e-08;9.137594000203535e-08;1.3312544999644161e-06
1.5904060000320897e-08;6.933929999941029e-08;7.535288000362925e-08;1.3847730000270531e-06
1.7267460000584833e-08;6.9302260002587e-08;8.646247999859042e-08;1.3322960000368767e-06
2.011913000023924e-08;6.923258000169881e-08;7.75419800018426e-08;1.3582109998969826e-06
1.7268119999789633e-08;6.302849999628961e-08;8.631998000200838e-08;1.4805804999195971e-06
1.8153475000872278e-08;6.540222000330687e-08;8.400776000344194e-08;1.3898784999037162e-06
2.3506290002842433e-08;6.655749999918043e-08;8.075667999801226e-08;1.373996499896748e-06
1.69439749995945e-08;7.102434000116773e-08;8.465955999563448e-08;1.3279185000283178e-06
1.8287504999898375e-08;7.654202000121585e-08;8.166201999993064e-08;1.3699820000329055e-06
1.6905994999979156e-08;6.40837199985981e-08;9.370296000270173e-08;1.3334335001127329e-06
1.9398565001029057e-08;6.835414000088349e-08;1.0900070000207051e-07;1.3765644999512006e-06
2.1597920000203884e-08;7.407668000087142e-08;7.857836000039243e-08;1.3996975000191014e-06
2.0500829999218696e-08;7.450098000117578e-08;8.505983999930322e-08;1.5746894999756478e-06
1.920321000070544e-08;6.813701999490149e-08;7.929217999917455e-08;1.4105784999264869e-06
1.9036115000199062e-08;6.240519999992102e-08;7.862810000078753e-08;1.485811000020476e-06
1.913498499925481e-08;6.797701999894344e-08;8.337145999539643e-08;1.4066384999023285e-06
1.8383734999224544e-08;6.435493999742903e-08;9.937332000117749e-08;1.3060410000616684e-06
1.9928585000161548e-08;5.46671400021296e-08;7.963978000334464e-08;1.3028490000579041e-06
1.7785070001264103e-08;7.024729999830015e-08;8.47143999999389e-08;1.304089000041131e-06
1.9048879999900238e-08;7.390113999717869e-08;8.088542000041343e-08;1.3884369999868795e-06
2.0313439999881666e-08;6.198765999870374e-08;7.71675999974832e-08;1.4639565000834408e-06
1.995053499995265e-08;6.546678000013344e-08;8.567348000360653e-08;1.4661979999800678e-06
1.627042500040261e-08;7.448186000110581e-08;8.354905999731273e-08;1.5373595000710338e-06
2.0930839999346063e-08;6.966840000241064e-08;9.06920599984005e-08;1.4043144999595825e-06
1.8551984999794513e-08;7.501995999482461e-08;8.571935999789275e-08;1.30921899995883e-06
1.940594999905443e-08;6.515479999943636e-08;8.427342000068165e-08;1.3814170000841841e-06
1.7133255000226198e-08;6.494448000448756e-08;7.5671039998997e-08;1.4483914998709224e-06
1.664050999970641e-08;7.285070000216365e-08;8.549533999757841e-08;1.4706050000677352e-06
1.7964950000168754e-08;6.820606000255793e-08;8.444723999709822e-08;1.4050064999901223e-06
1.7513879999751226e-08;6.254004000220447e-08;9.553382000303828e-08;1.6241585000534542e-06
1.9546324999828356e-08;8.474229999701492e-08;8.29992399958428e-08;1.4414935000240803e-06
1.914255999872694e-08;7.6538920000894e-08;7.48786200012546e-08;1.4475859999947716e-06
2.137479999801144e-08;6.756848000222817e-08;7.699739999952726e-08;1.4454530000512022e-06
2.4787069999729282e-08;6.19260800012853e-08;8.245841999887489e-08;1.3411889999406413e-06
1.84318900006474e-08;6.100573999574408e-08;7.916667999816128e-08;1.3668759999563917e-06
2.0180685000377707e-08;6.174017999437638e-08;8.957133999792859e-08;1.5152374999888706e-06
2.2873089999484363e-08;6.392099999939091e-08;8.30701600003522e-08;1.4208494999911635e-06
2.6312860002508386e-08;8.477994000422768e-08;1.043407799967099e-07;1.6001955000683665e-06
2.1972620001179165e-08;8.541601999895648e-08;1.0065571999875829e-07;1.2665940000442788e-06
1.5935509999690112e-08;8.192753999610431e-08;8.280260000028648e-08;1.5276570001151413e-06
2.19744649992208e-08;6.975275999866426e-08;7.949804000090807e-08;1.624176500044996e-06
1.8828665000910407e-08;6.482301999931224e-08;7.434842000366188e-08;1.6277559999434743e-06
2.1184499998344107e-08;7.99632600042969e-08;8.303743999567815e-08;1.3199059999897145e-06
2.2710005000408274e-08;6.303703999728896e-08;1.0254290000011679e-07;1.524656999972649e-06
2.2334080000291577e-08;7.682092000031844e-08;1.0732965001079719e-07;1.6139594999549444e-06
1.8629084998974576e-08;7.013822000008077e-08;1.0671485000057145e-07;1.5339144998870324e-06
2.0849610000732355e-08;6.427617999725044e-08;8.062814000295475e-08;1.3825030000589323e-06
2.401401499955682e-08;7.086698000202887e-08;1.0197134999907576e-07;1.4389450001181104e-06
2.3562540000420995e-08;7.588072000071407e-08;1.0241340000357014e-07;1.4151739999942947e-06
2.2268579999217763e-08;6.318520000204444e-08;8.03410199994687e-08;1.3506210000196005e-06
1.86436150004738e-08;7.862247999873944e-08;9.713565999991261e-08;1.3381184999889229e-06
1.624158000049647e-08;7.134433999890461e-08;8.286846000119113e-08;1.2554710000404157e-06
2.0919210001011378e-08;7.22901200002525e-08;1.0330980000435374e-07;1.41913849991397e-06
1.5738035000686067e-08;8.74199400015641e-08;8.730939999804832e-08;1.4386915000795853e-06
2.3037889998522588e-08;7.942653999780305e-08;8.467102000140585e-08;1.304420999949798e-06
2.1553239999047946e-08;6.974238000111654e-08;7.716709999949671e-08;1.3674794998951257e-06
2.062737500091316e-08;6.843204000033438e-08;9.573779999627731e-08;1.4640204999886918e-06
1.894950499990955e-08;6.431681999820285e-08;7.842820000369102e-08;1.4484565000748262e-06
2.0435479999287055e-08;7.66823599988129e-08;8.164774000179023e-08;1.5812594999442807e-06
2.2812990000238642e-08;6.70659199997317e-08;9.158563999808393e-08;1.3542279999819584e-06
1.6281865000200922e-08;5.7304079999448734e-08;1.0015290000592358e-07;1.598387499980163e-06
2.4912290001520886e-08;6.523700000252575e-08;8.561401999904774e-08;1.4316880000114907e-06
2.1511950000422075e-08;6.611565999919548e-08;1.0290564999741036e-07;1.4887689999886788e-06
2.0360090001486242e-08;7.466694000177085e-08;1.0331834999669809e-07;1.5579210000578315e-06
2.2656629999983126e-08;8.757387999794446e-08;9.528124000062235e-08;1.457471500034444e-06
1.8140865000896154e-08;7.656299999798648e-08;9.983545999857597e-08;1.3899895000213292e-06
2.173772999958601e-08;6.944348000106402e-08;7.791570000117644e-08;1.379264000133844e-06
2.033713499986334e-08;7.359899999573827e-08;8.442457999917679e-08;1.3209040000219829e-06
1.9860760000301525e-08;6.55430399987381e-08;8.116154000163078e-08;1.4312630001222715e-06
1.9527989999915007e-08;7.333902000100352e-08;9.029843999887817e-08;1.314752500038594e-06
2.5941989998682402e-08;6.547781999688596e-08;1.0565159999532625e-07;1.2242679999326355e-06
2.134024999977555e-08;6.674970000167377e-08;7.927718000137246e-08;1.2634709999838379e-06
2.085572000069078e-08;6.429580000112765e-08;8.600077999872155e-08;1.4947360000223852e-06
2.1617889998015015e-08;6.357798000099137e-08;8.201760000083596e-08;1.2703474999580067e-06
1.9742840000253636e-08;6.909665999701247e-08;9.192887999815866e-08;1.4516595000168308e-06
2.13053299987223e-08;6.026978000300005e-08;1.0906545000034384e-07;1.507222000072943e-06
2.090854999842122e-08;7.504197999951429e-08;9.378863999736496e-08;1.4642875001300127e-06
2.4151789999450556e-08;6.990299999597482e-08;8.522033999906852e-08;1.4746545000525658e-06
2.2871979998308235e-08;7.57707400014624e-08;8.756177999894135e-08;1.4680785000382458e-06
2.213558999937959e-08;6.586241999757476e-08;8.551385999890045e-08;1.267785499949241e-06
1.866242000105558e-08;5.808079999987967e-08;8.625274000223726e-08;1.4414010000473355e-06
1.792262499948265e-08;7.571923999930731e-08;7.727781999856234e-08;1.4469909999752417e-06
2.117664999968838e-08;7.045227999915369e-08;8.412604000186548e-08;1.4891640000860208e-06
2.2231379999720957e-08;7.161918000201695e-08;8.185587999760174e-08;1.404146999993827e-06
2.0884140001726338e-08;7.003551999805495e-08;7.802367999684066e-08;1.433742999943206e-06
2.032593000039924e-08;7.401505999732762e-08;8.553113999660127e-08;1.4848460000939668e-06
2.037666999967769e-08;7.284089999739081e-08;7.879188000224531e-08;1.4886945000034758e-06
2.1468049999384674e-08;7.397401999915019e-08;8.905933999922127e-08;1.3699600000109057e-06
1.9717335001041647e-08;7.514722000341862e-08;9.217575999791734e-08;1.3291510000999552e-06
1.7951505001110492e-08;9.159267999930307e-08;8.350986000150442e-08;1.3241669999842997e-06
2.0341510001162533e-08;6.706349999876693e-08;9.281805999926292e-08;1.4021024999965448e-06
2.2380390000762417e-08;7.461976000340656e-08;8.9959159999853e-08;1.5619120000337716e-06
2.096566999971401e-08;6.8235120002646e-08;9.963778000092134e-08;1.5050350000092294e-06
2.0844504999695346e-08;7.418767999624834e-08;8.562774000456556e-08;1.5112474998750258e-06
1.9271249999292196e-08;7.70970200013835e-08;7.451248000143096e-08;1.5078580001136287e-06
2.1861865000391846e-08;7.122096000239252e-08;7.392219999455846e-08;5.022315999958664e-07
1.585608500026865e-08;7.06205999944359e-08;1.0613194000325166e-07;5.711379999993369e-07
2.2418369998922572e-08;6.48079200007487e-08;1.0223770000447985e-07;5.809533999999985e-07
2.345692999952007e-08;7.779738000244833e-08;1.1496400000760332e-07;5.856435999739915e-07
2.393034999986412e-08;8.791261999867856e-08;8.876179999788292e-08;5.117289999616333e-07
1.9775730000401382e-08;8.157791999983601e-08;7.09755200019572e-08;5.547741999616846e-07
1.973425500036683e-08;6.558509999886155e-08;8.076427999767475e-08;5.730383999762126e-07
2.2451250001904554e-08;6.548113999888301e-08;1.0570210000150838e-07;6.036086000385694e-07
1.9024399999761955e-08;8.185871999594383e-08;1.0537299999850802e-07;5.684444000362418e-07
1.864440000063041e-08;7.548118000268004e-08;1.0551153999986127e-07;6.068945999722928e-07
1.740628999978071e-08;7.590125999995507e-08;7.821285999962129e-08;5.931188000249677e-07
1.7622175000724382e-08;8.0446379998466e-08;7.899190000025556e-08;5.554253999725915e-07
1.850081000011414e-08;6.756793999811634e-08;1.0578837999491952e-07;5.635585999698378e-07
2.0900595000421164e-08;6.550621999776923e-08;8.713521999889053e-08;5.223409999744035e-07
2.266428500006441e-08;7.872867999831215e-08;8.3033179998165e-08;5.589920000056736e-07
2.2091475001070648e-08;6.737000000430272e-08;1.0402499999618158e-07;5.42377999983728e-07
2.1980160000384785e-08;7.444095999817364e-08;9.312324000056834e-08;5.757002000464127e-07
2.0671690002200193e-08;6.53444399998989e-08;1.0945034000324085e-07;5.226374000194482e-07
2.3443289997521787e-08;8.244262000080199e-08;1.0105777999851853e-07;4.954187999828719e-07
1.8134165000810755e-08;6.550985999638214e-08;1.2252155000169295e-07;5.9022360004019e-07
2.2889250000298487e-08;7.812730000005103e-08;1.1348371999920346e-07;5.910454000113532e-07
2.2294499998679385e-08;9.227926000021399e-08;9.400279999827035e-08;5.537440000334754e-07
2.3583590000635013e-08;7.823898000060581e-08;1.1245960000087507e-07;5.568006000248715e-07
2.227816999948118e-08;7.800475999829359e-08;8.222439999808558e-08;5.221645999699831e-07
2.0744119997834787e-08;7.50564599991776e-08;9.31077599991113e-08;6.252180000301451e-07
2.0906439999816938e-08;9.037888000020757e-08;1.1359529999899678e-07;5.714173999731429e-07
2.477616999822203e-08;8.819651999510825e-08;8.586676000268198e-08;5.352724000113084e-07
2.3767069997848013e-08;8.16684199962765e-08;9.327513999887741e-08;5.994557999656536e-07
1.9716530000732746e-08;8.468827999895438e-08;1.0371000000159256e-07;5.629801999893971e-07
2.2331209998810664e-08;8.151338000316173e-08;8.944216000381857e-08;5.276132000144571e-07
2.1017599999322557e-08;1.0044094998738728e-07;8.046438000164927e-08;6.194808000000194e-07
2.3692720002145507e-08;9.308101999922656e-08;7.828324000001884e-08;5.974304000264965e-07
2.182141999946907e-08;8.756781999836676e-08;1.1096550000365823e-07;5.704582000034861e-07
2.1875484999327454e-08;8.342457999824546e-08;8.818514000158757e-08;5.906909999903292e-07
2.4256650000461376e-08;6.308716000057757e-08;7.620938000036403e-08;5.339237999869511e-07
2.310058000148274e-08;9.712756000226363e-08;1.0830910000368021e-07;5.834851999534294e-07
2.2010219999356196e-08;7.969051999971271e-08;6.966633999836631e-08;5.73489399976097e-07
2.055543000169564e-08;7.032895999727771e-08;7.135024000308476e-08;5.472460000310093e-07
1.5851584999472833e-08;6.1484819999896e-08;9.945116000017152e-08;5.411229999735951e-07
1.9716835000144784e-08;8.377219999674708e-08;8.327927999780514e-08;5.959553999709896e-07
1.7583960000774824e-08;6.574608000228181e-08;8.120379999745637e-08;5.28825199988205e-07
2.0446624999749474e-08;7.10694200010039e-08;7.041275999508798e-08;5.698413999634795e-07
2.3971689998870715e-08;6.928559999796562e-08;9.681558000156656e-08;5.090461999643594e-07
1.9514929999422748e-08;7.77155399962794e-08;7.266200000303797e-08;6.256739999516867e-07
2.4416309999651275e-08;9.016757999779657e-08;9.082501999801025e-08;5.640091999666765e-07
2.2735269999247975e-08;8.198075999971479e-08;9.549743999959902e-08;5.481580000487156e-07
2.0002580000436866e-08;7.225449999677948e-08;8.834178000106477e-08;5.722661999752745e-07
1.9116300001041963e-08;7.172887999913655e-08;8.891324000433087e-08;5.638234000070951e-07
2.1003795000433457e-08;8.288318000268191e-08;8.115545999608003e-08;5.334403999731876e-07
1.66753699988476e-08;6.589527999749407e-08;7.454624000238255e-08;5.758909999858588e-07
1.9313665000663603e-08;6.313762000063434e-08;9.210519999614916e-08;5.086847999482415e-07
1.8238335000933148e-08;6.360284000402316e-08;8.153098000329919e-08;4.972562000039034e-07
2.188169500004733e-08;7.638741999980993e-08;8.395484000211581e-08;5.521082000341266e-07
1.970314999925904e-08;6.852330000256188e-08;8.294045999646187e-08;5.322314000222832e-07
2.467812500108266e-08;8.291046000085771e-08;1.1289934000233188e-07;5.621883999556303e-07
2.214392999885604e-08;9.529169999877923e-08;1.0244610000518151e-07;5.263894000090658e-07
2.3943605000386014e-08;7.384962000069208e-08;1.0716324999521021e-07;6.258186000050045e-07
2.4574719998054207e-08;7.791132000274956e-08;7.752592000178993e-08;5.753410000470467e-07
2.227837499958696e-08;7.173643999849446e-08;9.953419999801554e-08;5.604415999841877e-07
2.3113570001441984e-08;6.946625999989919e-08;1.038737999915611e-07;5.201579999993555e-07
1.8297314998926594e-08;7.669498000177555e-08;8.804773999727331e-08;5.279009999940172e-07
1.9172835000790655e-08;6.361458000028506e-08;1.0799605000647716e-07;5.26793600001838e-07
2.2735780000220985e-08;7.944594000000507e-08;8.648750000284054e-08;5.577329999650829e-07
2.03226799989352e-08;6.905879999976605e-08;8.995444000465796e-08;5.938481999910437e-07
2.0116174999566282e-08;7.745716000208631e-08;9.307955999975092e-08;5.677205999963917e-07
1.915172500011977e-08;7.84176999994088e-08;7.917911999975331e-08;5.762460000114516e-07
2.0478100000764244e-08;6.076080000493676e-08;1.0591129999374971e-07;5.591808000463061e-07
2.048291499959305e-08;7.619442000286653e-08;9.233490000478924e-08;5.182394000003115e-07
1.845781000010902e-08;7.059253999614157e-08;8.790786000317894e-08;5.731219999725e-07
2.3734029999468476e-08;7.876173999975436e-08;8.667278000502847e-08;5.217401999980212e-07
2.1596020000288263e-08;7.274781999876723e-08;1.013311499991687e-07;5.55365200038068e-07
2.1616039998480118e-08;6.981412000022828e-08;8.827259999816305e-08;5.283530000015162e-07
1.947855000034906e-08;7.087197999935597e-08;7.66111999982968e-08;5.838660000008531e-07
1.6068430000450463e-08;6.066204000380821e-08;9.163654000149108e-08;5.146827999851666e-07
1.7983715000445955e-08;5.965508000226691e-08;1.0310105000098702e-07;5.62644999998156e-07
2.194574999739416e-08;7.099079999607057e-08;7.223830000148154e-08;5.150694000185468e-07
1.7818429999169894e-08;6.820296000223607e-08;9.245571999927051e-08;5.077856000280008e-07
1.752483500022208e-08;6.320870000054128e-08;6.706536000128836e-08;5.10545400029514e-07
1.980279999988852e-08;6.545564000261948e-08;7.317720000282862e-08;5.050425999797881e-07
1.5680065000196918e-08;5.6561240000883114e-08;9.195314000244252e-08;5.293278000317514e-07
1.8853349999699276e-08;8.281230000429786e-08;9.231082000187599e-08;6.535001999582163e-07
2.2817659997963346e-08;7.355544000165537e-08;8.73481200018432e-08;5.55180199968163e-07
2.0706864999374375e-08;6.149812000221573e-08;1.1349980000522919e-07;5.837563999812119e-07
2.1959729999070986e-08;7.417832000064663e-08;1.0146591999800876e-07;5.675661999848671e-07
2.1662839999771677e-08;7.643463999847881e-08;1.0968305000278633e-07;5.408635999774561e-07
1.8017910000344273e-08;7.598877999698744e-08;1.0272514999087435e-07;5.753736000042409e-07
2.3733880001236685e-08;7.000107999774628e-08;7.802923999843188e-08;5.40594800026156e-07
2.011099999945145e-08;6.641556000104174e-08;8.16050399967935e-08;5.556559999822639e-07
1.938796500035096e-08;6.626998000429012e-08;7.601029999786988e-08;6.097096000448801e-07
2.1473955000692512e-08;7.547854000004008e-08;8.963516000076197e-08;5.328900000313297e-07
2.0632900000782683e-08;7.958381999633275e-08;8.47587600001134e-08;5.396176000358537e-07
1.9104219999280757e-08;6.832409999915399e-08;1.054628000012599e-07;6.136284000240267e-07
1.8937069999810773e-08;7.400037999614142e-08;8.86205799994059e-08;5.582526000216603e-07
2.472334999765735e-08;9.468214000225998e-08;1.237573499965947e-07;5.71436400001403e-07
2.1796810001251288e-08;7.728905999683775e-08;1.1545149999437854e-07;5.578635999700055e-07
2.013477000000421e-08;7.950526000349782e-08;7.988484000088647e-08;5.386107999947854e-07
2.3392219998640938e-08;7.530623999773524e-08;1.1964779999107122e-07;5.885748000000604e-07
2.3637529999541585e-08;7.155552000040188e-08;1.0629325000627432e-07;6.070315999677405e-07
2.3258440001518466e-08;8.316131999599747e-08;1.029666399990674e-07;6.132234000251629e-07
2.0021974999690427e-08;6.858724000048824e-08;1.0387084999820218e-07;5.502203999785706e-07
2.2806980001041666e-08;7.751471999799832e-08;8.671892000129446e-08;1.2074924999615178e-06
1.8276814999990166e-08;8.162741999840364e-08;9.61409600044135e-08;1.5268905000993983e-06
2.277137000055518e-08;7.090094000450336e-08;8.986795999808237e-08;1.3549960000091232e-06
2.0755260001169517e-08;8.034079999779351e-08;1.0500468000536784e-07;1.4233765000244603e-06
2.1137410000665114e-08;7.903151999926195e-08;1.0308490000315941e-07;1.2951155001064763e-06
2.039197999984026e-08;7.89191199990455e-08;9.562322000274435e-08;1.2797089999367017e-06
2.2854650000226683e-08;7.77416400029324e-08;1.0809974999574479e-07;1.4173465000931174e-06
1.8642055000236723e-08;8.135089999996125e-08;9.756966000422835e-08;1.4542465000704396e-06
2.1130514999094886e-08;7.216363999759779e-08;8.625143999815919e-08;1.3270860000920947e-06
1.9497324999247213e-08;7.494799999985844e-08;9.00121999962721e-08;1.3752355000178796e-06
2.160520500037819e-08;7.982111999881453e-08;8.223967999801971e-08;1.247859499999322e-06
1.5720874999533406e-08;7.608094000024721e-08;1.0542149998946115e-07;1.3567269999475684e-06
2.5922230002470315e-08;6.228574000415392e-08;7.808019999647513e-08;1.5120805001060944e-06
2.2119654998823536e-08;6.547793999779969e-08;8.617521999985911e-08;1.4483494999876712e-06
2.4910950000048616e-08;6.715043999720365e-08;1.1121679999632761e-07;1.408025999990059e-06
2.3020449999603444e-08;7.68123599991668e-08;8.43070800008718e-08;1.3368654999067076e-06
1.8701994999719317e-08;6.949141999939457e-08;8.710093999980018e-08;1.3781304999429268e-06
2.2009900002740325e-08;8.315401999861933e-08;1.004283999936888e-07;1.2919520000286867e-06
2.3624960001325235e-08;7.518136000144296e-08;7.92120199999772e-08;1.530190999910701e-06
2.017754000262357e-08;7.685435999883339e-08;1.0277834998851177e-07;1.4097740000579506e-06
2.0116980001330375e-08;7.07371000025887e-08;9.167852000100538e-08;1.4266919999499806e-06
2.1870500000659376e-08;7.21650600025896e-08;8.701641999650746e-08;1.4522755000507459e-06
2.1981459998642095e-08;7.707624000031501e-08;8.968066000379622e-08;1.3826649999828078e-06
2.0594109999365173e-08;7.574702000129037e-08;8.465917999856175e-08;1.4598604998900556e-06
1.6700329999730458e-08;7.222579999943264e-08;1.0311559999536257e-07;1.4591935000498778e-06
1.9545830000424758e-08;6.893747999565676e-08;8.582881999900564e-08;1.2935009998909663e-06
2.0936820001224988e-08;6.763003999949432e-08;8.719892000081017e-08;1.417910500022117e-06
1.8006705000880175e-08;6.953847999684512e-08;8.459628000273369e-08;1.3416924999910406e-06
2.1333455000421964e-08;6.640511999721639e-08;8.743937999824993e-08;1.328615499951411e-06
1.8784615000186022e-08;6.799894000287167e-08;8.115595999988727e-08;1.3330060000589583e-06
1.8564065000100526e-08;7.719717999571003e-08;8.556312000146135e-08;1.3170179999724495e-06
1.9924734999949578e-08;7.193172000115738e-08;7.765243999892846e-08;1.2753490000613965e-06
1.8143464998865967e-08;6.878686000127345e-08;8.951177999842912e-08;1.3074880000203848e-06
1.8218144999991637e-08;6.365959999966436e-08;8.957942000124604e-08;1.3345634999859613e-06
1.6720539999369067e-08;6.942633999860845e-08;8.764653999824077e-08;1.2670819999766537e-06
1.809542499977397e-08;6.185650000115856e-08;8.441539999912494e-08;1.3247530000808184e-06
1.923545500030741e-08;7.411306000431069e-08;8.741485999780707e-08;1.286804499977734e-06
2.1828359999926762e-08;7.37989799992647e-08;8.784471999970265e-08;1.3786365000123623e-06
1.77997350008809e-08;6.10056400008034e-08;6.875299999956041e-08;1.358423500059871e-06
2.1535600000061096e-08;6.750070000416599e-08;1.0814255000150297e-07;1.2719230000220706e-06
1.583682499913266e-08;7.408471999806352e-08;8.73671800014563e-08;1.367817999998806e-06
2.3128710000310092e-08;6.891400000313297e-08;7.889138000318781e-08;1.3370999999460765e-06
2.2340869999607092e-08;7.805114000220782e-08;9.638387999730184e-08;1.3018900000315625e-06
2.1121939999284224e-08;6.692078000050969e-08;7.742556000011974e-08;1.2501314999826718e-06
1.584900500020012e-08;6.798722000094131e-08;8.487378000281752e-08;1.3264199999684934e-06
2.0611989998724312e-08;6.610330000403337e-08;9.188794000074268e-08;1.5058715001214296e-06
2.353026000200771e-08;7.35932599985972e-08;8.1459140003426e-08;1.286800500092795e-06
1.842233500065049e-08;6.416101999930106e-08;7.245782000245527e-08;1.3272875000257044e-06
1.6383454999595414e-08;5.864023999893106e-08;7.270304000121541e-08;1.239662500011036e-06
1.773007999872789e-08;6.304906000150367e-08;7.853062000358478e-08;1.3081380000221544e-06
1.683023499936098e-08;6.90394799981732e-08;8.736001999932341e-08;1.2334264999662992e-06
2.1934039998450316e-08;6.425051999976859e-08;7.464410000247881e-08;1.3312595000024885e-06
1.8826934999378863e-08;7.433422000030987e-08;8.56734199973289e-08;1.2410849999287165e-06
2.3070410001673736e-08;6.825691999983974e-08;8.23445799993351e-08;1.4124670000455807e-06
1.780183999944711e-08;6.75732399977278e-08;8.734088000492193e-08;1.38339699988137e-06
1.9767275000049266e-08;6.616046000272036e-08;7.985979999648408e-08;1.20957549996092e-06
2.3029760000645182e-08;7.439788000192493e-08;7.594284000224434e-08;1.2934069999027997e-06
2.0063089999894145e-08;8.22405599988997e-08;9.187711999984458e-08;1.2468345000525004e-06
1.749139500025194e-08;6.836309999926016e-08;7.6620939996792e-08;1.3972380000632256e-06
1.929754500015406e-08;6.315480000339449e-08;7.949025999987498e-08;1.3093289999233093e-06
1.8978499999502673e-08;7.198432000004687e-08;8.513606000342406e-08;1.3132399998721667e-06
1.7066360000171697e-08;6.582553999614901e-08;8.367443999741227e-08;1.294707000051858e-06
2.0208809999166988e-08;7.004829999641515e-08;8.230650000041351e-08;1.2861359999806154e-06
1.7272455000784247e-08;7.297970000072382e-08;8.894135999726132e-08;1.2621069999295287e-06
2.1056530001806096e-08;6.81462400010787e-08;8.337980000069365e-08;1.401023000071291e-06
2.191772000223864e-08;6.804887999896891e-08;8.018811999936588e-08;1.3209795000148005e-06
2.0208700001239778e-08;7.635905999923125e-08;8.366701999912038e-08;1.3135974999750033e-06
1.8076399998972193e-08;7.187155999708921e-08;7.902585999690927e-08;1.3269335000950377e-06
1.983310000068741e-08;6.343209999613465e-08;8.606936000287533e-08;1.334638999978779e-06
2.068381999852136e-08;7.00118399981875e-08;8.125674000475555e-08;1.2780294999538455e-06
2.0193379999545868e-08;7.211713999859058e-08;8.586293999687769e-08;1.3772524999512825e-06
1.8497435000608676e-08;6.842326000332832e-08;8.349684000131674e-08;1.2940595000691245e-06
2.0754784999007824e-08;7.034476000117138e-08;8.509144000126981e-08;1.420831499999622e-06
1.7878094999468884e-08;6.244089999818243e-08;8.686349999625236e-08;1.2077324998972471e-06
1.7084010000689888e-08;6.570710000232794e-08;8.636142000323162e-08;1.2808720000612085e-06
2.1142669999971985e-08;6.217312000226229e-08;8.150474000140094e-08;1.4095590000215453e-06
2.3048004999873227e-08;7.351273999665864e-08;1.0580940000363626e-07;1.3647265000327025e-06
2.1162099999492058e-08;7.09693199954927e-08;8.85606599971652e-08;1.2407380000513512e-06
2.21030199987581e-08;7.371877999976277e-08;9.285978000261821e-08;1.3747639999201055e-06
1.8418299999029842e-08;6.736412000027485e-08;8.089717999682761e-08;1.2736220000078903e-06
1.8198774999473246e-08;7.05387599999085e-08;8.2085439999355e-08;1.3641400000778957e-06
1.8669990000489633e-08;5.8997099997941406e-08;8.306153999874368e-08;1.3600674999179318e-06
1.8354070000350476e-08;6.84897999977693e-08;8.232499999576248e-08;1.3501594999979716e-06
2.110171999956947e-08;7.008564000134357e-08;8.07228000019677e-08;1.212396000046283e-06
1.653439499932574e-08;5.9287280001444744e-08;7.270197999896481e-08;1.2264624999079387e-06
1.659109000029275e-08;6.15744199953042e-08;7.825797999976203e-08;1.2913215000298805e-06
1.8811874999664724e-08;6.020700000226497e-08;8.309424000326544e-08;1.1947740000323392e-06
1.8901799999002832e-08;6.13422799971886e-08;7.854529999895022e-08;1.3102380000054836e-06
1.8268915000953712e-08;7.183435999904759e-08;7.905815999838524e-08;1.257340000011027e-06
1.7665204999502748e-08;6.104909999994562e-08;6.996512000332586e-08;1.2822830000368412e-06
1.7241554999782237e-08;6.428787999902852e-08;7.371751999598928e-08;1.1980445000517648e-06
1.7913899999985007e-08;6.39158200006932e-08;7.498229999910109e-08;1.3837219998822548e-06
1.7215665000549052e-08;5.8632120001129807e-08;7.747713999706321e-08;1.2803940000594593e-06
1.586956499959342e-08;6.443676000344568e-08;8.63346999976784e-08;1.2514950000331737e-06
2.1204489999217914e-08;7.834148000110872e-08;8.007824000087567e-08;1.4082000000053085e-06
2.0586864999495447e-08;6.371800000197254e-08;8.912895999965257e-08;1.3332620001165196e-06
1.8481430000974796e-08;5.638595999917015e-08;7.372210000175983e-08;1.3529500000004192e-06
1.880412499886006e-08;7.279702000087127e-08;7.605211999616586e-08;1.3909564999630675e-06
1.636036999989301e-08;5.486062000272796e-08;8.456289999885485e-08;1.2676714999543037e-06
1.9295890000648795e-08;6.742778000188991e-08;8.546681999578141e-08;1.361713499936741e-06
2.0569120001164266e-08;7.258209999999963e-08;8.442729999660514e-08;1.6019904999120627e-06
1.731879500002833e-08;6.697806000011042e-08;8.859256000141613e-08;1.4759399999456946e-06
1.7150240000046324e-08;6.067842000047676e-08;1.0427480000362266e-07;1.7048484999395442e-06
1.6998969999258405e-08;6.701395999989472e-08;7.973824000218883e-08;1.634005500091007e-06
1.9496209999488202e-08;6.857436000136658e-08;8.257790000061505e-08;1.396132499939995e-06
1.799911499983864e-08;6.327414000406861e-08;8.960881999810226e-08;1.5322804999595973e-06
1.883607500058133e-08;7.40873200003989e-08;9.392921999678946e-08;1.6735815000720323e-06
2.2087789999204687e-08;6.78715399990324e-08;8.224369999952614e-08;1.601434999902267e-06
2.0214840001426636e-08;6.872348000179045e-08;8.542692000046373e-08;1.6275294999650213e-06
2.022614000015892e-08;7.204472000012175e-08;1.0372549999738112e-07;1.6742924999562091e-06
1.8649350000487176e-08;8.218095999909565e-08;9.907126000034623e-08;1.674306500062812e-06
2.014501499943435e-08;6.158974000136368e-08;8.23781399987638e-08;1.5860294998856262e-06
2.0265449999715203e-08;7.258479999727569e-08;8.020296000177041e-08;1.5801929999724961e-06
1.7131679999874905e-08;7.530183999915607e-08;8.667598000029102e-08;1.6818720000446774e-06
1.8723184999544175e-08;6.892290000105277e-08;8.929518000222743e-08;1.5258349999203346e-06
1.766992500051856e-08;6.919671999639832e-08;9.592026000027545e-08;1.6743960000167136e-06
2.042581000132486e-08;8.036494000116364e-08;7.700543999671936e-08;1.6788645001361147e-06
2.2821160001331007e-08;7.167860000045039e-08;8.550586000201293e-08;1.5123084999504499e-06
2.1692039998015388e-08;7.06531600037124e-08;8.991219999734312e-08;1.6545939999923575e-06
2.0468199999595528e-08;7.269382000085898e-08;8.85792399989441e-08;1.631134000053862e-06
2.208643000049051e-08;6.626302000368014e-08;8.557701999670826e-08;1.551391999964835e-06
2.3144449997926132e-08;7.080954000120982e-08;9.163583999616094e-08;1.6597005000221542e-06
2.115817000012612e-08;6.999615999520757e-08;1.037839500058908e-07;1.5364124999905472e-06
2.0273819999420082e-08;6.377838000189514e-08;9.291272000409663e-08;1.6648250000434928e-06
2.0590550001361408e-08;7.48543800029438e-08;9.002440000185743e-08;1.8065999999816994e-06
1.9781404999957887e-08;6.656320000183769e-08;9.453939999802969e-08;1.469792999996571e-06
1.8144664999272207e-08;7.332070000120438e-08;8.920131999766455e-08;1.487471500004176e-06
1.7737555000348948e-08;6.584406000329182e-08;8.909482000162825e-08;1.548569000005955e-06
2.0337689999723808e-08;7.428704000194558e-08;8.345751999877393e-08;1.5527445000770968e-06
2.0666509997681716e-08;6.528728000121191e-08;7.999401999986731e-08;1.5342940000118687e-06
1.8871190000209027e-08;7.005471999873407e-08;1.0120604999247007e-07;1.5146475000074132e-06
1.8953909999981987e-08;6.641579999704845e-08;7.369087999686599e-08;1.4890050000394694e-06
1.6214625000429806e-08;6.39926599978935e-08;7.696386000025086e-08;1.5489080001134426e-06
1.6109495000273454e-08;6.264766000094823e-08;7.359319999814034e-08;1.5621649999229703e-06
1.816893499926664e-08;6.745364000089466e-08;8.835798000218346e-08;1.523674499912886e-06
1.7298289999598636e-08;7.759599999990314e-08;8.69765599956736e-08;1.5203729999484493e-06
1.822799999936251e-08;6.880964000010863e-08;7.864126000204123e-08;1.5011789998970927e-06
1.914757000049576e-08;6.786621999926865e-08;8.026130000362172e-08;1.4876194999669678e-06
2.372824999911245e-08;7.26267599966377e-08;8.358634000178427e-08;1.6052325000055134e-06
2.1057049999944864e-08;7.568974000168964e-08;9.021173999644816e-08;1.6682115000730845e-06
2.017788999946788e-08;6.830467999679968e-08;9.028964000171982e-08;1.5096415000152774e-06
2.053695000067819e-08;7.031618000473827e-08;8.652821999858134e-08;1.5965595000307076e-06
2.056725999864284e-08;7.150931999785826e-08;8.36215400020592e-08;1.6140130000712815e-06
1.757999999972526e-08;7.210914000170306e-08;8.628123999806121e-08;1.653909000015119e-06
2.3046469999826515e-08;6.980243999860249e-08;8.097147999797016e-08;1.6848824999760836e-06
1.7970140000397804e-08;6.810379999806173e-08;8.052657999796793e-08;1.5587510001205374e-06
1.9870409999566617e-08;7.07591800019145e-08;8.223829999915325e-08;1.5520335000474005e-06
2.130149999866262e-08;6.904552000341937e-08;8.818652000045404e-08;1.5962844999739901e-06
1.9128339999588206e-08;7.232164000160993e-08;8.502918000449427e-08;1.5516520000528545e-06
1.70630099994014e-08;7.622575999703258e-08;8.425050000078045e-08;1.5764254999521653e-06
1.9631820000358856e-08;6.992126000113785e-08;8.999368000077084e-08;1.5215424999769312e-06
1.9787104999704754e-08;6.552935999934561e-08;8.87650599994231e-08;1.5704299999924843e-06
1.8038184999022632e-08;6.606359999859706e-08;8.258837999892422e-08;1.6061745000479277e-06
1.9961499999044464e-08;7.263046000152827e-08;8.329136000247672e-08;1.6747174999909475e-06
2.0966764999320732e-08;6.892530000186525e-08;8.710287999711e-08;1.6810210001131054e-06
2.0480824999685864e-08;6.703102000174112e-08;8.230270000058226e-08;1.6681675000290852e-06
2.1159990000887776e-08;7.058162000030279e-08;8.315701999817975e-08;1.5234469999268186e-06
1.810076499969e-08;7.302566000143997e-08;8.020727999974042e-08;1.5108035001321695e-06
2.0510759999160654e-08;7.197933999705128e-08;8.437989999656565e-08;1.5497565000259782e-06
2.0613165000395383e-08;7.474462000536733e-08;9.195729999919422e-08;1.5735685000254306e-06
1.9881114999589045e-08;7.982561999815516e-08;9.219438000000082e-08;1.6379389999201521e-06
2.0430189999751746e-08;7.460205999668687e-08;8.647459999774582e-08;1.542036999890115e-06
1.9925444999535102e-08;6.782147999620065e-08;1.025560999987647e-07;1.6157409999868832e-06
2.3067070002434776e-08;6.111071999766863e-08;8.6025339999469e-08;1.6516520000004675e-06
1.9332849999773316e-08;6.98625400022138e-08;1.0206130000005942e-07;1.5090974999475292e-06
2.100852000003215e-08;7.066228000330738e-08;8.433135999948717e-08;1.5868694998789578e-06
2.05941049993271e-08;7.527081999578513e-08;7.902354000252672e-08;1.5580804999626708e-06
2.2073159999854396e-08;5.944254000205547e-08;9.82079999987036e-08;1.5995060000568629e-06
2.081322000012733e-08;7.195588000467978e-08;9.269089999725111e-08;1.6781240000273101e-06
2.041278499964392e-08;7.655055999639445e-08;1.0666839999612421e-07;1.5401724999537692e-06
1.85566749991267e-08;6.953360000043176e-08;8.698936000000685e-08;1.5981954999733716e-06
1.931421000044793e-08;7.570728000137024e-08;8.882440000306815e-08;1.49095100001432e-06
1.8221020000055432e-08;6.727544000023045e-08;8.564646000158973e-08;1.6494470000907313e-06
2.2726449999026953e-08;7.757955999695696e-08;1.0097499999392312e-07;1.5776694999658502e-06
2.198313999979291e-08;6.529923999914899e-08;1.0485369999660179e-07;1.543464499991387e-06
2.214164000179153e-08;7.726083999732509e-08;9.759117999929004e-08;1.5792344999499618e-06
1.9380439999804365e-08;6.610660000005738e-08;8.493228000006638e-08;1.5061314999184106e-06
2.060244500025874e-08;7.534886000212281e-08;9.118349999771454e-08;1.5678084999672137e-06
1.701220499962801e-08;6.939265999826602e-08;9.257343999925069e-08;1.4383565000025555e-06
1.6136819998791906e-08;6.450263999868184e-08;8.430537999956869e-08;1.4016614999854937e-06
1.7002879999927246e-08;7.065243999822996e-08;8.382371999905445e-08;1.564282000035746e-06
2.101314000028651e-08;6.175420000217855e-08;7.397533999755979e-08;1.5046154998708517e-06
1.743711000017356e-08;6.371233999961987e-08;8.328436000156217e-08;1.4158989999850747e-06
1.8690434999007264e-08;6.118423999869264e-08;8.17815000016708e-08;1.5346784998837393e-06
1.5965924999909475e-08;7.056908000377006e-08;8.87269800005015e-08;1.4305844999034889e-06
1.6602345000137576e-08;6.665786000085063e-08;8.273210000479594e-08;1.4984094999090302e-06
2.0249055000022055e-08;7.606482000555844e-08;9.262459999881684e-08;1.5875745000084863e-06
2.1939149999525397e-08;6.732485999818891e-08;9.79806000017561e-08;1.6124079999281094e-06
2.05795300018508e-08;8.139423999818974e-08;9.37718000030145e-08;1.4874450000934302e-06
1.869606499967631e-08;5.91731799999252e-08;7.895927999634296e-08;1.570062999962829e-06
2.071272000030149e-08;6.535643999814057e-08;9.855667999945581e-08;1.4963449999049772e-06
1.7144170000392476e-08;7.515181999769993e-08;1.0235985000326764e-07;1.5265884999826084e-06
2.0251560001634063e-08;6.378479999839329e-08;8.933088000048883e-08;1.6871355001057965e-06
2.0501590000640134e-08;6.349232000065967e-08;7.947929999791086e-08;1.541123999923002e-06
1.9852269999682903e-08;6.760382000356913e-08;1.0052815001108684e-07;1.663383500126656e-06
1.698400000022957e-08;7.558054000255652e-08;9.765287999762222e-08;1.5806199998769444e-06
2.142817999992985e-08;8.222466000006535e-08;8.259079999988899e-08;1.5839164999488275e-06
2.181572999979835e-08;6.38312799972482e-08;9.967030000407249e-08;1.6258160000143106e-06
1.7256540000380482e-08;7.281855999608524e-08;8.48554000025615e-08;1.6161065000051167e-06
2.069986999995308e-08;7.488960000337101e-08;9.386396000045352e-08;1.4859954999701586e-06
2.023236000095494e-08;7.562055999878794e-08;8.206214000238105e-08;1.9433980000030716e-06
2.0180060001439415e-08;7.629228000296279e-08;9.355613999650813e-08;1.723564499989152e-06
1.9238079999922773e-08;7.582670000265352e-08;8.143520000157878e-08;1.842763000022387e-06
1.6627129999687894e-08;7.874407999916003e-08;8.650784000055864e-08;1.873087999993004e-06
2.091794000007212e-08;7.417908000061289e-08;1.0466764999728184e-07;1.8396594999649095e-06
2.4511059999349528e-08;6.954698000336066e-08;1.0478024999611079e-07;1.8786984999314881e-06
1.8867555000178983e-08;6.64334399974905e-08;9.60482000024058e-08;2.0148210000479595e-06
2.1004539998830295e-08;7.450901999836788e-08;8.326961999991908e-08;1.8544265000673476e-06
2.2201610001502558e-08;8.049082000507042e-08;9.0540459996555e-08;1.8360649999522138e-06
1.897562999947695e-08;7.421132000163198e-08;7.988306000479497e-08;1.843916000070749e-06
2.136865500069689e-08;7.203415999538266e-08;9.305551999714226e-08;1.948360499955015e-06
2.0622339998953977e-08;6.506498000235297e-08;1.0142104999977163e-07;1.7729519998829347e-06
1.927010500075994e-08;8.134412000072189e-08;8.23889399995096e-08;2.074701000092318e-06
2.243122000072617e-08;7.177195999538526e-08;9.109746000031009e-08;1.9980040000518785e-06
2.029930999997305e-08;6.735325999907218e-08;9.68608800030779e-08;2.0506735000526534e-06
2.157717999943998e-08;7.477252000244334e-08;9.402114000404254e-08;1.8132504999812226e-06
2.3689609998837114e-08;6.545817999867722e-08;8.987086000270211e-08;1.8535759999940637e-06
2.0427980000386015e-08;7.745123999775387e-08;1.0101815000234637e-07;2.014703499880852e-06
1.9598874999792314e-08;9.518539999844507e-08;9.962829999858514e-08;2.1345050001400522e-06
2.172574999858625e-08;7.257359999930487e-08;1.000599799968768e-07;2.170398000162095e-06
2.2291640000184997e-08;7.041375999688172e-08;9.440607999567873e-08;2.0659990000422114e-06
2.5513679999858142e-08;7.71262799971737e-08;1.0148086000117473e-07;1.9006999999692197e-06
2.154920999892056e-08;8.676246000104584e-08;1.01896249994752e-07;2.1714130000327715e-06
2.259163500129944e-08;8.308719999622553e-08;1.1968920000072103e-07;1.781631999911042e-06
2.0507480000378565e-08;7.74903399986215e-08;8.415440000244416e-08;2.00736800004961e-06
2.202644000062719e-08;9.404284000047482e-08;1.005556600051932e-07;1.9254599999112544e-06
2.003039999981411e-08;7.494515999569558e-08;1.0783507999731228e-07;1.8764634999388363e-06
2.3647270002402364e-08;8.088581999763847e-08;8.91804399958346e-08;1.8608310000854544e-06
2.592902000178583e-08;7.185243999701925e-08;1.0039473999640905e-07;2.0448754999961237e-06
2.2918129997560756e-08;9.057929999544285e-08;1.0456105000048411e-07;1.9021844999224413e-06
2.3155515000689776e-08;7.993577999877743e-08;1.240533999953186e-07;2.1549534999940077e-06
2.221199999912642e-08;8.263093999703414e-08;1.0557304000249132e-07;2.1187820000341162e-06
2.246652999892831e-08;8.515165999997408e-08;1.1794255000131671e-07;2.1378309998544864e-06
2.2103610000340268e-08;8.354123999597505e-08;1.018824799975846e-07;2.083744999836199e-06
2.537558000185527e-08;6.008956000441685e-08;1.0705570000573061e-07;2.266470499889692e-06
2.1756940000341273e-08;5.731118000112474e-08;1.0237060000072234e-07;2.113876999937929e-06
2.3527420000755227e-08;7.807683999999426e-08;1.0466690000612288e-07;2.001202999963425e-06
2.2699580001062712e-08;6.5256399998907e-08;7.935941999894567e-08;1.8419929999799934e-06
1.7040409999026452e-08;8.61855800030753e-08;8.81243199983146e-08;1.7434045000118203e-06
2.207046999974409e-08;7.168698000023142e-08;1.0612121999729425e-07;1.7709224999998697e-06
2.3558810001122764e-08;6.678776000044308e-08;8.203015999752097e-08;2.03586899995571e-06
2.4796939999214375e-08;7.070522000431083e-08;7.89969999983441e-08;2.183734999853186e-06
1.9248770001286175e-08;6.154102000291459e-08;9.004217999754474e-08;1.623766999982763e-06
2.2320680000120774e-08;6.444219999830239e-08;1.1036384999169968e-07;2.033876999921631e-06
2.2893589999875984e-08;6.499474000302144e-08;8.921374000492506e-08;1.8589259999862406e-06
2.6151630000094884e-08;6.953924000263214e-08;8.873112000292167e-08;1.8325990000448654e-06
2.312196500133723e-08;6.489153999718838e-08;8.842096000444144e-08;2.1248825000657236e-06
2.2289284999715165e-08;7.860265999916009e-08;9.947842000401578e-08;1.901594499940984e-06
1.875288500013994e-08;7.639534000190906e-08;1.0574927999987267e-07;1.9010809999599586e-06
2.1413364999170882e-08;6.383872000151314e-08;8.651913999929093e-08;1.7776520000188612e-06
2.039115999941714e-08;8.737734000314958e-08;1.1818444999516941e-07;2.0247019999078474e-06
2.376810999994632e-08;7.156601999886333e-08;8.169130000169388e-08;1.8385195000155363e-06
2.276768000010634e-08;6.193606000160798e-08;1.1338904999138322e-07;2.079698999878019e-06
2.064959999988787e-08;7.457680000225081e-08;9.565861999872141e-08;1.8525285000214353e-06
1.7576235000160523e-08;9.311654000193812e-08;1.0871504999522586e-07;1.8788995000068097e-06
1.5821030001097824e-08;6.757077999645844e-08;7.311782000469975e-08;1.7244970001047478e-06
1.8490644999837968e-08;5.712139999959618e-08;8.16476000007242e-08;1.642118499876233e-06
1.6977480000059585e-08;6.033466000226326e-08;8.16380400035996e-08;1.6509699999005534e-06
1.7458155000349507e-08;5.4163619998143984e-08;7.441780000226572e-08;1.8612719999509864e-06
2.1054740001272874e-08;7.133261999697424e-08;8.064913999987766e-08;1.989352499949746e-06
2.1563940000487492e-08;6.358461999916471e-08;7.658225999912247e-08;1.6470105000189505e-06
1.6985960000602063e-08;6.600913999718614e-08;1.0826969999470749e-07;1.6108540000277572e-06
1.7256234999513255e-08;7.424771999940276e-08;9.082582000410184e-08;1.7355944999144413e-06
1.624765500018839e-08;5.604326000320725e-08;8.20270599971991e-08;1.6220575000625103e-06
1.5205299999797717e-08;5.794995999895036e-08;1.016288499959046e-07;1.8317545000172686e-06
1.7969710000033956e-08;7.263184000039473e-08;8.41053199954331e-08;1.801889500056859e-06
2.11828700004844e-08;6.799604000407271e-08;8.589994000503793e-08;2.087506000243593e-06
1.8850114999804647e-08;7.044632000033744e-08;8.495458000106737e-08;1.8476609999197535e-06
2.016113999998197e-08;7.027489999891259e-08;8.742605999577791e-08;1.7465280000760685e-06
2.0888624999497553e-08;7.135798000381328e-08;8.905278000165708e-08;1.8235979999008124e-06
1.8144055000448135e-08;6.720968000008725e-08;8.762841999996454e-08;1.971378000016557e-06
1.822673999995459e-08;7.918905999977142e-08;8.246157999965363e-08;1.925075999897672e-06
1.690635499980999e-08;6.986403999617323e-08;8.149542000028305e-08;1.9781420000072104e-06
2.0198690000688656e-08;6.570209999918007e-08;9.086916000233032e-08;1.8167179998999927e-06
1.879306000046199e-08;7.549952000263147e-08;8.685211999691091e-08;1.8484140001237391e-06
1.7793340000207535e-08;7.884267999907024e-08;8.176796000334435e-08;1.8818894999276381e-06
1.800939499953529e-08;6.291309999651276e-08;9.175484000006691e-08;1.9102834998921024e-06
1.986419000022579e-08;7.433485999936237e-08;9.935368000296875e-08;2.0554779999656603e-06
2.1021775000554045e-08;7.202453999780118e-08;1.0444075000123121e-07;1.8650120000529568e-06
2.1543390001170336e-08;7.682626000023448e-08;8.292032000026666e-08;1.7777070000011008e-06
1.7037944999174215e-08;6.200202000327408e-08;8.167763999663293e-08;1.6853619999892543e-06
1.823300000105519e-08;6.408702000044287e-08;9.663873999961652e-08;1.8415395000192802e-06
1.905449499899987e-08;6.677375999861397e-08;8.80472400051076e-08;2.2003250001580453e-06
1.7451930000970604e-08;7.665820000111125e-08;1.0679039999376982e-07;1.8779969999741297e-06
1.953835999884177e-08;7.221642000367866e-08;9.192408000235446e-08;1.984473500051536e-06
2.2756379999918864e-08;8.42618599999696e-08;9.658996000071056e-08;2.1770330000435933e-06
2.0964570000069217e-08;7.240072000422515e-08;1.0432359999977053e-07;1.9558610000240153e-06
2.3266059998422862e-08;8.317044000141323e-08;1.0717358000110835e-07;2.0052670000586657e-06
2.1871790001750924e-08;9.274361999705433e-08;1.0774530000053346e-07;2.013250000018161e-06
2.1247714999481104e-08;7.260323999798856e-08;1.0268200001155492e-07;1.733890499890549e-06
2.1091919997707008e-08;8.230319999856874e-08;8.988296000170521e-08;2.1949690001201816e-06
2.6519129998632706e-08;7.866400000057184e-08;1.0656795000249985e-07;2.0331050001550464e-06
2.3780030000489206e-08;8.425849999766797e-08;9.884305999730714e-08;2.0185870000568684e-06
2.2843220000504516e-08;7.456822000094689e-08;1.0083804999885615e-07;2.065727000008337e-06
2.3087205000047106e-08;7.342213999945671e-08;9.38702400017064e-08;2.050118999904953e-06
2.0758529999875463e-08;6.90266799996607e-08;1.0498985999729484e-07;1.6350919999240432e-06
2.043670000275597e-08;7.999564000056125e-08;1.0445134999463334e-07;1.8034629999601748e-06
2.240942000062205e-08;8.278362000128255e-08;1.0730937999906018e-07;2.2706920001655817e-06
2.1695689999614843e-08;7.577987999538891e-08;9.367394000291824e-08;1.943598999932874e-06
2.1021449999534524e-08;8.199726000311784e-08;1.1706045000755693e-07;1.821501500089653e-06
1.8707254999026192e-08;7.56963399995584e-08;9.525458000134677e-08;2.4017869998351673e-06
1.9701694999821483e-08;7.927332000108435e-08;9.396465999889187e-08;2.0477670000400395e-06
2.1252129999629687e-08;7.787824000115506e-08;1.0218479999457486e-07;2.342849999840837e-06
1.914286999963224e-08;7.216217999812215e-08;1.0668404999887571e-07;2.0737910000025296e-06
1.7250699999567587e-08;6.900640000239946e-08;1.1202319999574683e-07;2.0813435000309253e-06
2.520412000012584e-08;7.284356000018306e-08;9.030737999710254e-08;2.423963000182994e-06
2.022401000140235e-08;8.686740000266581e-08;8.93756800040137e-08;2.2070960002020003e-06
2.0699939999030902e-08;6.572542000212706e-08;1.0241495000082068e-07;2.2558369999751447e-06
2.329139999928884e-08;7.164993999758735e-08;1.0660944000119344e-07;2.091513999912422e-06
1.789160000043921e-08;8.477237999904901e-08;9.01302999991458e-08;2.0668914999987465e-06
2.0081790001131593e-08;8.393940000096336e-08;1.0168350000458304e-07;2.17163299996173e-06
1.8945684999926016e-08;6.774137999746017e-08;1.1367299999983516e-07;2.072079500067048e-06
2.428217999986373e-08;8.17167800036259e-08;8.925274000503123e-08;2.2431269998196513e-06
2.0419005000439938e-08;7.607288000290282e-08;9.533145999885164e-08;2.0406799999182114e-06
2.0005384999967647e-08;6.539745999616571e-08;9.085499999928288e-08;2.195820999913849e-06
2.139642499969341e-08;7.133122000377625e-08;9.890581999788992e-08;2.308062000083737e-06
2.08997099995031e-08;8.128627999685705e-08;1.0649339998781216e-07;1.904799999902025e-06
2.0006329999887384e-08;7.461159999947995e-08;1.0176575000514277e-07;2.279755999916233e-06
1.7480439999781085e-08;6.394495999556966e-08;9.307623999775387e-08;1.9461109999974724e-06
2.0354470002348534e-08;6.112886000191793e-08;1.0148924999521114e-07;2.0846179999352896e-06
1.858222500013653e-08;7.119923999998719e-08;8.678576000384055e-08;2.1581770002376287e-06
2.049731500010239e-08;7.167806000215933e-08;1.0983225000381936e-07;1.9913744999212212e-06
2.2274250001646578e-08;6.343549999874086e-08;1.0686550000100397e-07;2.1214560000225904e-06
1.606546000111848e-08;8.018697999650613e-08;8.296453999937512e-08;2.1625440000207163e-06
1.970932999975048e-08;6.438571999897249e-08;1.0059668000321836e-07;2.0986319999792614e-06
2.277147000131663e-08;7.761544000240975e-08;9.462204000446946e-08;2.3203279997687786e-06
2.477229000069201e-08;7.458613999770023e-08;1.0699195000051987e-07;2.0798089998424985e-06
2.3564719999558292e-08;6.408361999783666e-08;9.981046000029892e-08;1.934219499962637e-06
2.0749940001405775e-08;8.251461999607272e-08;9.628564000013285e-08;1.9517215000814756e-06
2.0760669998708183e-08;6.480067999800667e-08;1.0534369999659248e-07;2.005011000146624e-06
2.2041110001737252e-08;7.69330799987074e-08;9.393584000063128e-08;2.1417305000068155e-06
2.0226170000387355e-08;7.209645999828354e-08;1.0053195001091808e-07;2.1796720000565985e-06
2.052417999948375e-08;7.986175999976694e-08;1.0267119998752605e-07;2.1082135000324344e-06
1.8621934999828226e-08;6.275591999874451e-08;9.602750000194646e-08;2.033035000204109e-06
1.8294514999433888e-08;7.795148000004701e-08;1.013669999956619e-07;2.1863729998585767e-06
1.9894130001193844e-08;6.695275999954901e-08;1.0440049999742769e-07;2.0532285000081173e-06
2.0338429999537766e-08;7.585179999587126e-08;9.51310199976433e-08;2.141989000083413e-06
1.711835500027519e-08;7.177208000211977e-08;1.0241184999176766e-07;2.0946809998713435e-06
2.3011974999099038e-08;7.17185600020457e-08;8.863532000104897e-08;2.1710780001012608e-06
2.0872930000768975e-08;6.668675999972038e-08;9.612794000422581e-08;2.0922294999763834e-06
2.3955949998344296e-08;7.081595999770797e-08;1.0263875000237021e-07;2.193205000075977e-06
2.2539590002270416e-08;6.492134000291116e-08;9.980388000258244e-08;2.0072680001612753e-06
1.7773179999494458e-08;6.536183999851346e-08;1.0793080000439658e-07;2.100825000088662e-06
2.1429355000145733e-08;6.68096199980937e-08;9.149183999979868e-08;2.1426269999938088e-06
1.9518689998949413e-08;7.105849999934434e-08;8.546791999833658e-08;2.251179000013508e-06
1.8795274999865797e-08;7.492526000132784e-08;8.942299999762327e-08;2.1068550000200047e-06
1.8206305000057908e-08;6.868411999894306e-08;8.636697999900206e-08;2.1298945001035465e-06
2.2257369999715593e-08;6.984127999749034e-08;9.134209999465384e-08;2.141327999997884e-06
1.9394425000064075e-08;7.336002000374719e-08;9.476967999944464e-08;2.1077469998272137e-06
2.18175699992571e-08;6.872925999923609e-08;9.003346000099555e-08;2.04354700006661e-06
2.1144299997831695e-08;7.18317799968645e-08;9.668415999622084e-08;2.051089000015054e-06
2.124653000209946e-08;6.726513999747112e-08;8.365995999774895e-08;1.8733079999219626e-06
1.650834500032943e-08;6.571145999478176e-08;9.296711999922991e-08;1.910708999930648e-06
2.0157274999655782e-08;6.679343999712728e-08;1.0301550000440329e-07;1.9526185000722764e-06
2.0067209997796455e-08;7.250563999987208e-08;9.264003999996931e-08;2.0442979998188095e-06
2.3247049999190494e-08;6.098929999861867e-08;9.421841999865137e-08;1.9515769999998154e-06
1.7359289999876638e-08;6.406085999915376e-08;9.063081999775022e-08;2.1724590001394973e-06
2.0619880000595004e-08;7.806829999899491e-08;1.0471810000308323e-07;2.2533104999456553e-06
2.0146679997560567e-08;7.039000000222587e-08;9.816697999485768e-08;2.225336000265088e-06
2.1819220000179484e-08;8.057726000552065e-08;8.821903999778442e-08;2.1447200002148746e-06
1.8929249999928287e-08;7.904708000132814e-08;1.1805644999549258e-07;2.162928000034299e-06
2.1363760001258924e-08;8.513032000046223e-08;8.986912000109441e-08;2.3214700000244193e-06
1.9241545000113547e-08;6.877427999861538e-08;9.374577999697067e-08;2.1161830000346525e-06
2.0361649998812938e-08;6.291641999850981e-08;8.941428000107407e-08;2.1800220001023263e-06
2.1672194999700878e-08;7.344774000230245e-08;1.222861499991268e-07;2.1738129999721423e-06
1.969686000084039e-08;8.0292119999649e-08;1.108169000071939e-07;2.019430000218563e-06
2.149018000054639e-08;6.729737999849022e-08;1.0490160000044853e-07;2.3843500000657512e-06
2.1207949999370612e-08;6.382130000274628e-08;8.350113999913447e-08;2.233168999955524e-06
1.7560314999718683e-08;5.974172000424005e-08;1.1106068000080996e-07;2.1446109999669715e-06
2.3207560001173988e-08;7.886378000257537e-08;8.960030000307597e-08;2.050817999988794e-06
1.8053124999278225e-08;7.422713999985717e-08;8.614608000498265e-08;2.0614900000509806e-06
2.0119910000357777e-08;7.582330000004731e-08;1.0232194000273012e-07;2.135167999949772e-06
2.2950790001777933e-08;8.049925999948755e-08;1.0048444999847561e-07;1.9397459999890998e-06
2.0567119999032003e-08;8.194217999698594e-08;9.247859999886714e-08;1.950764000066556e-06
2.172566000081133e-08;6.64327599981334e-08;1.0830199999327306e-07;2.0259850000729786e-06
2.033182000159286e-08;8.791717999847605e-08;1.0492554999655112e-07;2.015289999835659e-06
2.0523979999416043e-08;6.39723000000231e-08;9.207010000245646e-08;2.1554190000460947e-06
2.526905999984592e-08;7.124347999924793e-08;1.118062200024724e-07;2.191467999946326e-06
2.441799000080209e-08;7.087330000358634e-08;1.0203472000430338e-07;2.3146599999745376e-06
1.929663999908371e-08;7.662856000242755e-08;1.0125823999987916e-07;2.1345349999319294e-06
1.7165935000230094e-08;6.88450399960857e-08;9.384983999771065e-08;1.835142000054475e-06
1.8090844999824184e-08;6.713267999584787e-08;8.443334000185132e-08;1.8496344999584836e-06
2.084340500005055e-08;7.598484000191092e-08;9.892680000048131e-08;2.045831000141334e-06
1.9760184999904595e-08;7.314119999646209e-08;8.087887999718078e-08;1.9485255000472532e-06
1.724456500087399e-08;7.543947999947705e-08;9.307246000389568e-08;2.3017679998883976e-06
1.847389999893494e-08;6.46928400034085e-08;1.0392852000077256e-07;1.8102479999652133e-06
1.7824529999052175e-08;6.65166600025259e-08;1.0654310000245459e-07;2.133132000162732e-06
1.7011785000795498e-08;6.734356000088155e-08;8.022755999700166e-08;2.0936649999930523e-06
1.8243354999867734e-08;6.391994000296108e-08;1.1506614999962039e-07;1.96017899987055e-06
1.8941809999523684e-08;6.591992000467144e-08;1.0447690000000876e-07;2.0829869998851792e-06
1.9488080000155604e-08;7.244158000103198e-08;1.0428144999605138e-07;2.0086209999863057e-06
2.562915000016801e-08;7.636246000183746e-08;9.840828000451438e-08;2.025499999872409e-06
2.315748000110034e-08;7.853039999608882e-08;1.072245999966981e-07;2.039302999910433e-06
2.6189950000843965e-08;7.451876000268385e-08;9.593284000293352e-08;2.1076210000319407e-06
2.0110189999104478e-08;7.100496000493876e-08;1.005161999957636e-07;2.147889999905601e-06
2.0084409999253693e-08;6.759217999642715e-08;1.0800733999931254e-07;2.0898169999418314e-06
2.228354999970179e-08;6.741638000239618e-08;1.2084959998901468e-07;2.162302999931853e-06
2.332262999843806e-08;8.758663999615237e-08;1.0812580000492744e-07;2.3184210000908935e-06
2.215439999999944e-08;8.129300000146031e-08;1.072266500123078e-07;2.1025900001404806e-06
2.2338029998354613e-08;7.225999999791384e-08;1.167767000006279e-07;2.0687169997836462e-06
2.26033049999387e-08;8.191579999984242e-08;1.0267360000289045e-07;6.045996000175365e-07
2.0357339998008683e-08;7.07179199962411e-08;9.881498000468127e-08;6.86541200033389e-07
2.0675504999235272e-08;8.54935800016392e-08;8.796225999831221e-08;6.324465999496169e-07
2.222016000014264e-08;8.963048000005074e-08;9.426681999466381e-08;6.061319999862462e-07
2.532093000190798e-08;7.935970000107773e-08;8.58316800033208e-08;5.780781999928877e-07
1.8204729999706615e-08;6.939520000014454e-08;9.295707999845036e-08;5.572972000227309e-07
1.8139979999978095e-08;7.179425999638624e-08;9.495042000198737e-08;5.292948000133038e-07
2.0080820002476683e-08;7.512521999888123e-08;8.510336000472307e-08;6.006078000064008e-07
2.1035845000005794e-08;6.465504000079817e-08;7.684897999861278e-08;6.105865999707021e-07
2.3943774998770095e-08;7.536691999994218e-08;7.467891999986023e-08;5.83150000020396e-07
1.5012419999402482e-08;6.552908000303433e-08;9.686724000493996e-08;5.842560000019148e-07
1.8088210000132677e-08;7.433177999919281e-08;8.48827000008896e-08;5.739514000015334e-07
1.7844104999676345e-08;7.601832000073046e-08;8.700593999819831e-08;5.242600000347011e-07
1.8042099999729544e-08;6.466093999915757e-08;8.475628000451252e-08;6.608731999876909e-07
2.2659279999788852e-08;7.635268000303767e-08;8.957439999794588e-08;5.586942000081763e-07
2.0246980001684278e-08;7.659957999712788e-08;7.562798000290059e-08;5.644475999870338e-07
1.507009999913862e-08;7.398229999816977e-08;8.594948000391013e-08;5.678588000009768e-07
1.9435420000809244e-08;6.48799999966286e-08;1.0001544999249745e-07;5.299341999925673e-07
1.71188100008294e-08;6.884223999804817e-08;1.0034425000776537e-07;5.510932000470348e-07
1.5890169999329375e-08;6.113601999823004e-08;7.534684000420385e-08;5.587478000088594e-07
2.057654499949422e-08;6.810989999794401e-08;8.7048759998288e-08;5.959256000351161e-07
1.6736130000208506e-08;5.960407999809831e-08;8.267019999912009e-08;5.321019999682904e-07
1.55799450003542e-08;6.054472000105307e-08;8.650780000025407e-08;6.189560000202618e-07
1.6514270000334364e-08;5.831962000229396e-08;8.224944000248797e-08;5.238746000104584e-07
1.9983934999618214e-08;6.377113999915309e-08;7.978910000529141e-08;5.245862000156194e-07
1.7761669999163133e-08;6.821126000140793e-08;8.598307999782264e-08;5.076246000244282e-07
1.9994259999657515e-08;6.789168000104838e-08;7.951229999889619e-08;5.330020000110381e-07
1.892748499958543e-08;6.25229199999012e-08;7.519130000146106e-08;5.745159999933094e-07
1.7617955000605435e-08;6.466186000034213e-08;8.182126000174321e-08;5.712466000113637e-07
1.8941230000928045e-08;6.435164000140503e-08;8.490305999876e-08;5.923923999653198e-07
1.6317665000678973e-08;7.121378000010736e-08;8.324649999849498e-08;5.681999999796972e-07
1.9901404999836815e-08;7.226682000327855e-08;8.582663999986835e-08;5.419076000107452e-07
1.6191590001108126e-08;6.930777999805287e-08;9.591447999700904e-08;5.415570000186562e-07
1.626566500053741e-08;7.315223999903538e-08;8.106798000517302e-08;5.676162000163458e-07
1.838657499902183e-08;6.340581999975256e-08;8.159736000234261e-08;5.758615999948234e-07
1.839942499937024e-08;7.104256000020541e-08;1.0134929999185261e-07;5.634590000263416e-07
1.798850000050152e-08;7.32166200003121e-08;8.419737999793142e-08;5.508307999698445e-07
1.761308499990264e-08;6.808066000230611e-08;7.823195999953896e-08;5.807083999970928e-07
1.8399109999882057e-08;6.809433999587781e-08;7.716050000162796e-08;5.610309999901802e-07
1.764032499922905e-08;6.981898000231013e-08;8.003505999804474e-08;5.716840000241064e-07
1.744176499923924e-08;6.60740600025747e-08;8.011781999957747e-08;5.777617999701761e-07
1.986229999893112e-08;7.666446000221186e-08;8.400641999905928e-08;5.410877999966033e-07
1.8343119999917688e-08;6.886644000187516e-08;8.566585999797099e-08;5.495276000001468e-07
1.7858649999834596e-08;6.965275999973529e-08;8.087502000271342e-08;5.782538000494242e-07
1.6397545000654647e-08;7.41223799996078e-08;8.04119599983096e-08;5.767705999896862e-07
2.02444700000342e-08;9.193251999677159e-08;1.0861959999601822e-07;5.534947999985889e-07
2.5951900001382455e-08;6.271553999977186e-08;1.0963044999516569e-07;6.495151999988593e-07
2.2223420001682824e-08;9.757378000067548e-08;1.0979615000542253e-07;5.994213999947533e-07
2.308910999854561e-08;8.559676000149921e-08;1.230113499914296e-07;6.233352000126615e-07
2.3395939997863026e-08;8.677669999888167e-08;1.0753600000170991e-07;6.462351999944076e-07
2.5957350002136083e-08;8.358283999841661e-08;8.043754000100307e-08;6.10675000003539e-07
2.442258999799378e-08;7.112904000096023e-08;1.0759217999875545e-07;5.632606000290253e-07
2.3086199999670498e-08;6.58300600014627e-08;9.520849999971688e-08;6.646575999911875e-07
2.4429289999534376e-08;9.287465999950655e-08;1.0932250000187196e-07;5.204159999848343e-07
2.599415000004228e-08;7.696337999659591e-08;1.0763264998968225e-07;6.737752000335604e-07
2.6006490000872873e-08;7.952934000059032e-08;9.537856000242755e-08;6.479246000526473e-07
2.1057920000748708e-08;1.0013384000048972e-07;1.1300260000280105e-07;6.79591000021901e-07
2.4466120000579394e-08;1.0016950000135694e-07;1.1232035000284668e-07;6.491958000115119e-07
2.614037999883294e-08;9.816803999710828e-08;1.0758784999779891e-07;5.817374000325799e-07
2.1998039999743924e-08;9.995598000241443e-08;1.0797959999763407e-07;6.313329999684356e-07
2.304463000036776e-08;6.145635999855585e-08;1.1106465000193567e-07;6.277534000109881e-07
2.6088670000899582e-08;7.454733999911696e-08;1.099499999982072e-07;6.471264000283554e-07
2.6026660000206904e-08;9.588011999730953e-08;1.0875579999992624e-07;6.39089000003878e-07
2.2485169998253696e-08;9.6766879997449e-08;1.026459000131581e-07;6.283783999970183e-07
2.160251000022981e-08;8.121793999453075e-08;1.1330904999340419e-07;6.521622000145725e-07
2.4678980000317097e-08;7.465207999921404e-08;1.0126080000190995e-07;5.16079000022728e-07
2.6007360001676716e-08;6.582215999951586e-08;1.0952545001055115e-07;5.320622000144794e-07
2.6058399997418746e-08;8.673935999977403e-08;1.1154790000000502e-07;6.145497999968938e-07
2.6267460000235588e-08;1.0033845999860205e-07;1.1438149999594316e-07;6.189172000158578e-07
2.6018429998657668e-08;9.142422000295482e-08;1.052060500078369e-07;5.982468000147492e-07
2.6185750000877305e-08;8.418870000168681e-08;1.0502810000616591e-07;6.381802000105381e-07
2.0982059999369084e-08;6.750340000144206e-08;9.341712000314147e-08;6.961159999482334e-07
2.6385980000486596e-08;1.0070002000429667e-07;1.0915035000653006e-07;6.641308000544086e-07
2.336981999978889e-08;1.0009781999979168e-07;8.683107999968343e-08;6.480983999790624e-07
2.282767500000773e-08;9.798245999845676e-08;1.1080389999551698e-07;6.560023999772966e-07
2.600388999853749e-08;9.903575999778696e-08;1.0983760000090115e-07;6.173731999588199e-07
2.6055589999305086e-08;8.577512000338175e-08;7.778963999589905e-08;6.471504000364803e-07
2.635907999938354e-08;1.0056859999895096e-07;1.0795570000482257e-07;6.331675999681465e-07
2.1555540000554175e-08;9.001958000008017e-08;1.0704144999908748e-07;6.11298399977386e-07
1.53966149999178e-08;8.280666000209748e-08;1.1375069999485276e-07;5.914210000191815e-07
2.6036059999023565e-08;9.000590000068768e-08;1.1829240000224672e-07;5.878878000075929e-07
2.6053759999922476e-08;9.095827999990433e-08;1.0105928000411951e-07;6.538631999865175e-07
2.603471000038553e-08;9.870516000082716e-08;1.0869890000321902e-07;6.638338000047952e-07
2.363968000136083e-08;1.0103114999947139e-07;1.0929685000155587e-07;6.499803999904543e-07
2.3125969999819064e-08;9.08847999991849e-08;1.2295949998951982e-07;6.716096000163816e-07
2.2202250000555067e-08;6.050159999867901e-08;1.0500389999942854e-07;6.60643599985633e-07
2.0020084999850953e-08;7.478663999936544e-08;1.0517618000158109e-07;6.685621999786236e-07
2.599292999948375e-08;9.341891999938525e-08;1.0816324999905191e-07;5.445498000481166e-07
2.5871570000890642e-08;9.794271999853663e-08;1.0836859999108129e-07;5.779942000517621e-07
2.5584890000754966e-08;7.575116000371053e-08;1.2305409999680706e-07;6.462066000094638e-07
2.6028059999225662e-08;9.957721999962814e-08;1.0877539998909924e-07;6.59533999976702e-07
2.6075599997420794e-08;1.004464800003916e-07;1.22994249992189e-07;6.294403999927453e-07
2.6071179998689332e-08;9.569402000051923e-08;1.1040079999656883e-07;6.592339999624528e-07
2.1901600001729093e-08;8.910302000003867e-08;1.246269499970367e-07;6.718946000328287e-07
2.451184999954421e-08;9.139152000425383e-08;1.1685489999945275e-07;6.544189999694936e-07
2.4719199998071417e-08;9.160202000057325e-08;1.0814875000505708e-07;6.81564399972558e-07
2.5621935000526717e-08;8.250826000003144e-08;1.030761200003326e-07;6.52430199959781e-07
2.093651999894064e-08;1.001587000064319e-07;1.1096239999460523e-07;6.538275999482721e-07
2.602109000144992e-08;8.935371999978088e-08;1.1111214999982621e-07;6.6224420000799e-07
2.604118000017479e-08;9.111105999909342e-08;1.1028205000911839e-07;6.514734000083991e-07
2.6179220000631175e-08;8.576283999718726e-08;1.1329385000863113e-07;2.071165000088513e-06
2.6028359998599625e-08;9.10156800004188e-08;1.1525410000467673e-07;2.0872769999550657e-06
2.0136700000148268e-08;9.10632400016766e-08;1.1181060000089928e-07;2.107526000181679e-06
2.6055609999457373e-08;8.749435999779962e-08;1.1335524999594781e-07;2.0807260001311077e-06
2.6067709998460487e-08;8.768578000017441e-08;1.0731025000859518e-07;1.971880499913823e-06
2.6094440001179463e-08;5.6472179997945206e-08;1.0040018000290729e-07;2.0428060000995174e-06
2.604713999899104e-08;6.3569040002767e-08;1.1633550000260585e-07;1.88070450007217e-06
2.6036559999920427e-08;7.759490000316873e-08;1.1340084999392275e-07;2.041437000152655e-06
2.6220489997649566e-08;9.109507999964989e-08;1.1152759999094997e-07;1.502405500068562e-06
2.6075469999341294e-08;8.121134000248276e-08;1.1321954999584705e-07;2.0860899999388493e-06
2.6074460000381804e-08;8.030640000361017e-08;7.221691999584437e-08;2.0530064999184108e-06
2.610475000110455e-08;9.132817999925464e-08;1.1409565000212751e-07;2.1115079999435692e-06
2.6252080002450385e-08;9.116448000422679e-08;1.1680351999821141e-07;2.0423020000453107e-06
2.034378999960609e-08;9.031652000267058e-08;1.0328344999288674e-07;2.012380999949528e-06
2.609770999988541e-08;9.140203999704682e-08;1.138564499997301e-07;2.0795155000814702e-06
2.3920189999626018e-08;8.255991999758407e-08;9.34648800001014e-08;2.047270000039134e-06
1.875187000114238e-08;7.040015999809839e-08;9.952542000100948e-08;1.878969500103267e-06
2.4503319998621008e-08;5.838744000066072e-08;1.0041035999893211e-07;2.1318290001363492e-06
2.3316789997625163e-08;8.859235999989323e-08;1.1368458000360988e-07;1.7081095000321512e-06
2.6821360000758433e-08;9.154971999814734e-08;1.1158045000047423e-07;1.8669355000020006e-06
1.9804144999943672e-08;9.135631999815814e-08;1.1488654999993741e-07;2.034983999910764e-06
2.2934769999119452e-08;9.142160000046715e-08;1.1818325000058394e-07;1.4952059999632183e-06
2.472909000061918e-08;7.745852000080048e-08;1.1354525999631733e-07;1.986411000107182e-06
2.0223965001059696e-08;9.162275999551639e-08;8.098020000034012e-08;2.0271079998929052e-06
2.6080609997734427e-08;7.219998000073246e-08;1.1520744999870658e-07;2.174624000035692e-06
2.518759000231512e-08;7.020105999545194e-08;1.0262039999943226e-07;2.031192000140436e-06
2.4356190001708456e-08;9.132657999871299e-08;1.1123114998918027e-07;2.0003325000288896e-06
2.5055029999930412e-08;8.610409999964759e-08;1.1548469999979716e-07;1.806769999966491e-06
2.2529909999866505e-08;8.430967999738641e-08;1.2432439999247437e-07;2.0768099999986587e-06
2.602799999876879e-08;9.130600000498816e-08;1.1350300000049174e-07;2.0733790000667796e-06
2.63744099996984e-08;8.904565999982878e-08;1.2993354999343866e-07;1.843139499978861e-06
2.3883639999257865e-08;9.108074000105261e-08;9.44580200011842e-08;1.9008025000221095e-06
2.606904999993276e-08;9.202795999590307e-08;1.095480499934638e-07;1.9998340000165624e-06
2.608276999962982e-08;5.5299599998397755e-08;1.0529376000049524e-07;1.98860849995981e-06
2.3211180001089813e-08;9.17978800018318e-08;1.0155588000197895e-07;2.0589189999736846e-06
2.6048500000615604e-08;9.214845999958926e-08;1.1358325000037439e-07;1.993822999938857e-06
2.6188049998017958e-08;9.104264000197873e-08;1.1342330000479705e-07;2.0735130002140065e-06
2.4840889999177308e-08;6.98072399944067e-08;1.152565000083996e-07;2.079965999873821e-06
2.607412000070326e-08;9.096343999844976e-08;1.139446000015596e-07;2.0830480000586247e-06
2.6237480001873335e-08;7.86041599989403e-08;1.1903354999958538e-07;2.0690530000138096e-06
2.0129440000164323e-08;8.61710800032597e-08;1.1725979999755509e-07;2.064943999866955e-06
2.237057000165805e-08;8.226350000477396e-08;1.2788839999120683e-07;2.128507000161335e-06
2.6033240000833758e-08;9.11896199977491e-08;1.1186994999297894e-07;2.0627819999936035e-06
2.1864520001690833e-08;9.12583400029689e-08;1.1176179999893065e-07;2.077559999888763e-06
2.6387339999200777e-08;8.360170000232756e-08;1.1257640000258107e-07;2.03586899995571e-06
2.6044829998863862e-08;9.022409999743103e-08;1.086028499994427e-07;2.143674499966437e-06
2.4295239997445607e-08;9.1580720001366e-08;7.844542000093498e-08;1.4966465000179595e-06
2.6068649999797345e-08;8.046392000396736e-08;8.209318000008352e-08;1.5595025000220631e-06
1.5886624999984632e-08;5.893250000081025e-08;7.861267999978736e-08;1.5080075000878423e-06
1.6162099999201018e-08;6.353898000088521e-08;7.492052000015974e-08;1.628464000095846e-06
1.5667455000220798e-08;5.7826919999206436e-08;8.035177999990992e-08;1.559700499929022e-06
1.7043405000003986e-08;6.135637999977916e-08;7.904826000449248e-08;1.5377490001264959e-06
1.9575225000153297e-08;5.8407640003133566e-08;1.0547315000439993e-07;1.6352615000505466e-06
1.7277905000082682e-08;5.802434000070207e-08;7.571275999653153e-08;1.5392859998974017e-06
1.5031744999578224e-08;5.6110199994873255e-08;7.862541999784298e-08;1.4962650000234135e-06
2.1878155000740663e-08;5.731621999875642e-08;8.420658000395634e-08;1.4887939998880029e-06
1.7360475000168663e-08;5.794925999944098e-08;7.402398000122048e-08;1.5928545000497252e-06
1.7479635000927373e-08;6.044888000469655e-08;7.46871400042437e-08;1.5894849998585415e-06
1.6763510000600946e-08;6.489631999866105e-08;7.5931519997539e-08;1.6348144999938085e-06
1.5221074999135453e-08;6.130622000200674e-08;7.621997999958694e-08;1.5903369999432471e-06
1.5989144999184646e-08;5.601170000154525e-08;7.611933999578469e-08;1.6161219999776223e-06
2.0267499999317807e-08;6.358934000018053e-08;8.266996000311337e-08;1.6112349998729769e-06
1.674481499940157e-08;5.663020000210963e-08;7.965468000038527e-08;1.6564565000589936e-06
1.5104184999654536e-08;5.6622259999858214e-08;8.210354000329971e-08;1.4844030000676866e-06
1.6245429999253247e-08;5.7434320001630114e-08;7.9825539997546e-08;1.532961500051897e-06
1.5621400000236464e-08;6.644267999799923e-08;7.630219999700784e-08;1.6117349998967256e-06
1.6738435000297613e-08;6.047445999574848e-08;8.600630000000819e-08;1.6445759999623988e-06
1.8104535000748003e-08;5.754389999783598e-08;7.660100000211969e-08;1.6290250000020024e-06
1.6738480000640266e-08;5.676585999899544e-08;7.793541999999434e-08;1.5314115000364837e-06
1.5341384999919683e-08;6.303385999635793e-08;7.960415999987162e-08;1.5166479999606963e-06
1.5291859999706504e-08;6.126765999943019e-08;7.330365999951027e-08;1.622635999956401e-06
1.6868009998870547e-08;5.8132699999259785e-08;1.1269480000191834e-07;2.020061999937752e-06
2.357489999849349e-08;8.691446000011638e-08;8.64413000002969e-08;2.050902000046335e-06
2.6006209998740815e-08;8.874487999710254e-08;1.0864094999851658e-07;2.1230990000185558e-06
2.5970009999582545e-08;6.579225999885239e-08;1.1379869999655057e-07;2.1079230000032113e-06
2.5970170000800865e-08;7.3875560000306e-08;1.1480204000254161e-07;2.0364069999777714e-06
2.4569419998442754e-08;8.998489999794402e-08;1.0579319999669678e-07;1.6807509999489413e-06
2.125903999840375e-08;6.006554000196047e-08;1.1386452000006103e-07;2.125612999952864e-06
2.6085409999359398e-08;6.125108000123873e-08;1.1618620000081137e-07;1.5735059999860824e-06
2.605444500077283e-08;9.074602000182495e-08;1.261540499981493e-07;1.7519505000382195e-06
2.212724999990314e-08;5.435610000276938e-08;1.1251140000240412e-07;2.062043000187259e-06
2.446576000074856e-08;9.076424000086263e-08;1.196722999884514e-07;2.0754119998309762e-06
2.6032380000106058e-08;9.085296000121161e-08;1.1649680000846274e-07;2.0072045001143124e-06
2.357520000077784e-08;6.748079999815672e-08;1.1453170000459067e-07;1.9201615000201856e-06
2.6184449999709613e-08;9.07991399988532e-08;9.816884000319988e-08;2.0656859999871814e-06
2.607512999966275e-08;8.503909999853931e-08;1.1336164998647292e-07;2.0004620001418517e-06
2.6077079999959096e-08;8.96210599981714e-08;1.1479234999569599e-07;2.0764509998844004e-06
2.466273000172805e-08;8.849699999555014e-08;1.0897585000202525e-07;2.1349069999996574e-06
2.605461000057403e-08;6.34358799958136e-08;1.094805000029737e-07;2.0270310001797044e-06
2.6035570001113227e-08;9.159249999793246e-08;1.1459664998983499e-07;2.066894999879878e-06
2.603162000013981e-08;9.177828000392765e-08;1.0927205000189133e-07;2.0828660001279785e-06
2.6630200000363402e-08;7.200966000091284e-08;1.1143160000210627e-07;2.025936999998521e-06
2.6090920000569894e-08;5.498278000159189e-08;1.1313919999520294e-07;2.0578394999029115e-06
2.3912995000137016e-08;9.11342799954582e-08;1.1488204999477602e-07;2.0800849999068306e-06
2.3693909999565222e-08;9.104295999859459e-08;1.231202999915695e-07;2.0408830000087617e-06
2.605516999901738e-08;6.7031339998357e-08;1.3308729999698698e-07;1.7168995000247377e-06
2.1654634999867996e-08;8.84144000010565e-08;1.311377999954857e-07;2.060944999975618e-06
2.5887395000609105e-08;6.005502000334673e-08;1.140709000028437e-07;2.0116984999913258e-06
2.48466399993049e-08;8.652108000242152e-08;1.0918940000119619e-07;2.029225000005681e-06
2.4886429999605753e-08;5.541355999885127e-08;1.2388160001137293e-07;2.0218409999506548e-06
2.608229000179563e-08;9.166171999531798e-08;1.0202520000166259e-07;2.743499999924097e-06
2.621489000157453e-08;1.0036544999456965e-07;1.2239765000413173e-07;2.897066999867093e-06
2.6063270002487117e-08;8.935390000115149e-08;1.2232859998766798e-07;2.8000679999240674e-06
2.605643999995664e-08;1.0014130000490695e-07;1.2834389999625274e-07;2.715574000030756e-06
2.6024950001738033e-08;1.0036744999524672e-07;1.0504865000257268e-07;2.483866999973543e-06
2.607604000077117e-08;8.161001999978907e-08;1.2144970000372267e-07;2.5133269999059847e-06
2.241148000175599e-08;5.913862000452355e-08;1.409614000003785e-07;2.7440640001441353e-06
2.7006949999486095e-08;9.058726000366733e-08;1.06417250004597e-07;2.768701000022702e-06
2.32711599994218e-08;7.838399999891407e-08;1.2007140000059736e-07;2.708363000128884e-06
2.2087779999128544e-08;9.907837999635376e-08;1.2232009999570437e-07;2.7007109997794033e-06
2.602396000002045e-08;8.963748000096529e-08;1.1947464999684597e-07;2.172022000013385e-06
2.6440079999156295e-08;1.0007544999825769e-07;7.372610000311397e-08;2.5966329997754657e-06
2.282714000029955e-08;8.770568000036292e-08;7.962724000099115e-08;2.3596320001524874e-06
2.6070420001633466e-08;6.260699999984354e-08;1.1994740000227466e-07;2.5979400001233445e-06
2.6091610000003128e-08;1.0033620000467635e-07;1.2620104999223258e-07;2.6928740000585094e-06
2.604208000120707e-08;7.080427999608218e-08;1.1103514999558683e-07;2.7847140000085344e-06
2.6043540000682696e-08;8.866588000091724e-08;1.2075697999680415e-07;2.6782189999357796e-06
2.2623400000156835e-08;9.086349999997764e-08;1.0930855000333395e-07;2.4558260000776498e-06
2.6030680001713336e-08;1.0115070000756532e-07;1.1920939999981782e-07;2.7285360000678337e-06
2.454503999906592e-08;9.116329999524168e-08;1.2350215000333266e-07;2.405957999872044e-06
2.0804120000684635e-08;8.266890000086277e-08;7.760357999941335e-08;2.2210749998339453e-06
2.6037939998786895e-08;9.015688000363298e-08;1.1432339999591932e-07;2.7344970000558533e-06
2.4216690000321252e-08;7.345541999675333e-08;1.2186625000322237e-07;2.6576479998766443e-06
2.6036630000453442e-08;8.030801999848336e-08;1.2208664999343454e-07;2.7107989997603e-06
2.0238880001124927e-08;1.0022419999586419e-07;1.1489099999889731e-07;2.4571970000397416e-06
2.5986599997850136e-08;5.495628000353463e-08;1.2188350000360515e-07;2.80858599988278e-06
2.600864999985788e-08;7.739462000317871e-08;1.0409415001049637e-07;2.3579310000059196e-06
2.600269999820739e-08;7.943860000232235e-08;1.1858374999428633e-07;2.7535589999752117e-06
2.6033260000986048e-08;1.002724499994656e-07;1.0292632000055164e-07;2.377070999937132e-06
2.399890999950003e-08;1.002996499883011e-07;1.2264229998982046e-07;2.6618340000277384e-06
2.616932000091765e-08;1.0044345000642351e-07;1.274029500054894e-07;2.82015999982832e-06
2.482266000006348e-08;5.3788140002870935e-08;1.1812990000180435e-07;2.3272739999811165e-06
2.2370024998963343e-08;9.113371999701485e-08;1.0856524000409991e-07;2.511827000125777e-06
2.6062450002063997e-08;6.977616000222042e-08;1.2222385000495706e-07;2.4094150000019e-06
2.604589000111446e-08;1.0039744999085088e-07;9.910926000447944e-08;2.586835000256542e-06
2.2826484999677632e-08;1.0002308000111952e-07;1.2266444999841042e-07;2.2373979999974834e-06
2.605852000124287e-08;8.593230000115e-08;1.1834859999362379e-07;2.0266670000273733e-06
2.6952569998684338e-08;9.104796000174246e-08;1.2252995000744704e-07;2.3909240000648426e-06
2.3717959999339657e-08;1.0231495001062286e-07;1.1242019999190233e-07;2.683977000124287e-06
2.608077999902889e-08;8.750837999978102e-08;1.1546174999966751e-07;2.7259539999067783e-06
2.3211179999634624e-08;5.883302000002004e-08;1.1617140000453219e-07;2.595646000117995e-06
2.642852999852039e-08;9.140310000511818e-08;1.3588644999254028e-07;2.2720399999525397e-06
2.4439960002200677e-08;7.819754000520333e-08;9.85846399969887e-08;2.0125449998886325e-06
2.6093930000206457e-08;1.0048973999801092e-07;1.2049025000305847e-07;2.698391000012634e-06
2.605150000017602e-08;8.67595200019423e-08;1.0548980000021402e-07;2.337055999960285e-06
2.6124809999600984e-08;1.0011025000130758e-07;1.1950264999177307e-07;2.497321999981068e-06
2.617549999849871e-08;9.099209999549203e-08;1.1478355000144802e-07;2.6863370000501164e-06
1.6083200000866783e-08;9.868859999696725e-08;1.3296880001144018e-07;2.7622600001632236e-06
2.4339279998093842e-08;8.310587999876589e-08;1.2520870000298602e-07;2.7489450000575743e-06
2.609548999753315e-08;7.506514000124298e-08;9.877856000093743e-08;2.0565160000114702e-06
2.6032120001036675e-08;9.798867999925278e-08;1.1334635000093841e-07;2.818727999983821e-06
2.6189470000099392e-08;1.0096495000470896e-07;1.1598299999604933e-07;2.609078999958001e-06
2.3343970000860282e-08;8.945084000006318e-08;1.2056434999976772e-07;2.6882389999809676e-06
2.6038309998693876e-08;6.359638000139967e-08;1.1993524999707006e-07;2.757409999903757e-06
2.6086700000450947e-08;7.685353999841027e-08;1.1823720000393223e-07;2.68620099988766e-06
2.478164999920409e-08;9.12255399976857e-08;1.2783709999348502e-07;2.249917000008281e-06
2.620724999869708e-08;9.213118000188842e-08;1.2137899998924696e-07;2.7886030002264307e-06
2.42848399997456e-08;1.0011569999915081e-07;1.2309340000501835e-07;2.796528000035323e-06
2.6035660001798532e-08;7.444629999808967e-08;1.1341409999295138e-07;2.7455529998405835e-06
2.300358999927994e-08;9.177987999864854e-08;1.2439205999835395e-07;2.6924019999569283e-06
2.6116549997823314e-08;8.300008000223897e-08;1.3254590000142342e-07;2.1563520000199787e-06
2.6201130001572893e-08;7.702278000069782e-08;1.2002090000896714e-07;2.627881999942474e-06
2.617807000060566e-08;8.916489999974147e-08;1.102351000008639e-07;2.695428000006359e-06
2.5297005000174978e-08;1.0026038000360131e-07;1.1965129998861812e-07;2.8328820000751877e-06
2.6106579997576773e-08;1.0027885000454262e-07;1.0369312000111677e-07;2.751038999995217e-06
2.3752505000447854e-08;6.763784000067972e-08;1.2120754999341444e-07;2.7001589999417774e-06
1.8250890000490472e-08;6.442329999990762e-08;1.1900384999171365e-07;2.761424999916926e-06
2.2204544999112842e-08;7.459368000272662e-08;1.214940799982287e-07;2.7248799998778848e-06
1.8224794999696316e-08;8.599683999782428e-08;1.1977804999332874e-07;2.6435250000213273e-06
2.6183920001494698e-08;6.400094000273384e-08;1.0697695000271778e-07;2.644823000009637e-06
2.6075919999857433e-08;9.068394000059925e-08;1.3748725000186824e-07;2.709982999949716e-06
2.5708869998925367e-08;7.932994000148029e-08;1.2042905000271275e-07;2.667926000140142e-06
1.5559455000038725e-08;6.295597999705933e-08;1.2177829998836388e-07;2.6436569998622873e-06
2.1797709999373184e-08;9.102110000094399e-08;1.2648219999391586e-07;2.545692000130657e-06
2.104127000202425e-08;9.812504000146873e-08;1.205147000029683e-07;2.4495970000862143e-06
2.6075350001337937e-08;8.840164000284858e-08;1.2084144999971615e-07;2.6509660002193413e-06
2.0926190000318457e-08;9.531825999729336e-08;9.574337999802083e-08;2.6756370000657626e-06
1.4551040000515059e-08;7.911386000341735e-08;1.0431146000046283e-07;2.816441000031773e-06
2.6148479999392295e-08;7.545937999966554e-08;1.0605138000100852e-07;2.6635890000034124e-06
2.6055259999702686e-08;1.0021134999988134e-07;1.1511723999865353e-07;2.57270050002262e-06
2.6152890000957995e-08;1.001756000041496e-07;1.2614405000931584e-07;2.7413009997690096e-06
2.6102109998464584e-08;8.386714000371285e-08;1.212838999927044e-07;2.4919239999144336e-06
2.6703069999348374e-08;8.702723999740556e-08;1.1644546000170522e-07;2.7377560001332314e-06
2.1541470001102425e-08;1.0030730000289623e-07;1.192303499992704e-07;2.5855090000550263e-06
2.3214969999389723e-08;1.0012469999492168e-07;1.2005798000027426e-07;2.6683850001427343e-06
2.1171699999831615e-08;1.001481999992393e-07;1.2254830000165385e-07;2.79930200020317e-06
2.602494000166189e-08;8.703431999892928e-08;1.0018923999741673e-07;2.7682179998373613e-06
2.6043600001139567e-08;7.062878000433556e-08;1.2223704998905306e-07;2.603739000041969e-06
2.1846060000825674e-08;7.30807600019034e-08;1.2251704999653157e-07;2.4747060000663624e-06
2.6073929999256507e-08;9.123372000176459e-08;1.0079902000143193e-07;2.5085119999130255e-06
2.51029050006764e-08;9.111288000131026e-08;1.1435444999369793e-07;2.7567140001337975e-06
2.606085000152234e-08;7.665156000293792e-08;1.2552010000217705e-07;2.5597999998717567e-06
2.5680520001333206e-08;1.0096044999954757e-07;1.2115354998968542e-07;2.2956589999375866e-06
2.6316689999657683e-08;7.407514000078663e-08;1.2240305000159423e-07;2.7854229998774827e-06
2.6088889999664387e-08;1.0059289999480824e-07;1.2818245000380558e-07;2.760192999849096e-06
2.305002999928547e-08;9.019035999663174e-08;1.2808740000764373e-07;2.700928999984171e-06
2.606439999944996e-08;8.747151999850758e-08;1.2219320000440348e-07;2.7532990000327117e-06
2.459921000117902e-08;8.776485999696888e-08;1.1777352000353858e-07;2.5503900001058354e-06
2.6180730000487528e-08;8.525499999523163e-08;1.4055850000295323e-07;2.7439079998293893e-06
2.6038600000902077e-08;8.321864000172354e-08;1.2206660000083502e-07;2.7268439999897965e-06
2.6013739997870288e-08;9.144413999747485e-08;1.2227765999850818e-07;3.4937029998400247e-06
2.2858870000345634e-08;8.888608000124804e-08;1.2723302000085823e-07;2.5271349999820813e-06
2.603891000035219e-08;6.809284000191837e-08;1.291559499950381e-07;2.7633419999619947e-06
2.606171000225004e-08;8.993293999810704e-08;1.234863999998197e-07;2.4459739998565055e-06
2.6066269999137148e-08;6.9590639998205e-08;9.456836000317707e-08;3.3847279998008163e-06
2.6023919999715873e-08;8.007345999940298e-08;1.2965279999480117e-07;3.242335999966599e-06
2.6011619999189862e-08;7.98696400015615e-08;1.2927949998993427e-07;3.3230300000286663e-06
2.5831474999722558e-08;8.733490000013262e-08;1.2825180000800173e-07;3.411820000037551e-06
2.6085970000713132e-08;8.34380800020881e-08;1.3430153999943286e-07;3.3158860000548885e-06
2.2054820001358168e-08;7.609336000168696e-08;1.3144315000681672e-07;2.610434000089299e-06
1.7204775000573136e-08;8.211814000387676e-08;1.2496934999944642e-07;2.7894600000581703e-06
2.2840540000470356e-08;8.069867999874986e-08;1.308809000038309e-07;3.5094740000204183e-06
2.6093160000164062e-08;9.156203999882564e-08;1.0183044998848345e-07;3.384821999934502e-06
2.3642490000929683e-08;8.820127999642864e-08;1.1839979999058415e-07;3.3054540000739506e-06
2.604464000032749e-08;7.074505999917165e-08;1.2879380000231322e-07;2.9793210001662374e-06
2.685267999768257e-08;8.153861999744549e-08;1.2943874999473338e-07;2.4984120001317932e-06
1.8218200000410433e-08;9.141628000070341e-08;9.870495999930426e-08;3.34063199989032e-06
2.6024170001619494e-08;8.97257599979639e-08;1.208847199974116e-07;3.0296840000664815e-06
2.6103510000393727e-08;8.133589999633841e-08;1.2624610000057145e-07;3.4386429999722166e-06
2.60380299994722e-08;7.827670000260696e-08;1.3274544999876524e-07;3.255977000226267e-06
2.6055070001166315e-08;5.648716000141576e-08;1.245535500056576e-07;3.152275999891572e-06
2.622790999885183e-08;5.8033660001819956e-08;1.2648464999801944e-07;3.374970000004396e-06
2.418786999915028e-08;8.165415999828838e-08;1.1220775000401773e-07;3.4454029999324122e-06
2.0625220000511034e-08;7.840513999690302e-08;1.2757445000170263e-07;3.1923249998362736e-06
2.528187499992782e-08;9.137418000027538e-08;1.226899500034051e-07;3.12879500008421e-06
2.293458000058308e-08;8.972450000001117e-08;1.2601904998882674e-07;3.50967500009574e-06
2.6044469999033025e-08;9.154334000195376e-08;1.177124000096228e-07;2.4270459997933356e-06
2.5670749999699183e-08;6.738046000245958e-08;1.2964844999078197e-07;3.3790030001546255e-06
2.6050390000455082e-08;7.952369999838992e-08;1.2423381999833509e-07;2.862453999987338e-06
2.311045000096783e-08;7.482253999914974e-08;1.3105224999890196e-07;3.348544999898877e-06
2.60420200007502e-08;9.119938000221737e-08;1.2677234999137e-07;3.399277999997139e-06
2.4142060001031496e-08;8.854101999895647e-08;1.2963288000319154e-07;3.282240999978967e-06
2.6060209999559447e-08;9.14883999968879e-08;1.2874295000801794e-07;2.7259870001580564e-06
2.4859780000406316e-08;9.078736000228674e-08;1.3204834998759906e-07;3.2920659999945202e-06
2.6135710001108237e-08;7.576764000114054e-08;1.0731110000051558e-07;3.269996999879368e-06
2.603469000023324e-08;8.735545999952592e-08;1.1917100001301151e-07;2.8076510000391862e-06
2.622069999924861e-08;9.156286000506952e-08;1.2710575999808497e-07;3.523415999952704e-06
2.130013999994844e-08;8.887086000177079e-08;1.3566674999310636e-07;3.3399139999528414e-06
2.6022940000984816e-08;9.08008600003086e-08;1.285473500029184e-07;3.1339959998149427e-06
2.6076669999747538e-08;7.644567999523134e-08;1.3095125000108965e-07;3.258512000029441e-06
2.6096280000638217e-08;5.98370200023055e-08;1.3431360000686255e-07;3.3758160000434146e-06
2.6058800000464542e-08;8.898407999658958e-08;1.3021069999376777e-07;3.1758559998706915e-06
2.606771000137087e-08;8.652564000221901e-08;1.3330975000280888e-07;3.4913020001840776e-06
2.5116829999024047e-08;8.979494000086561e-08;1.2084850000974256e-07;3.36027399986051e-06
2.6053759999922476e-08;9.081321999547071e-08;9.898504000157118e-08;3.357671000121627e-06
2.620789000065997e-08;8.93028000020422e-08;1.2916759999643546e-07;3.407244999834802e-06
2.615108999889344e-08;7.983772000297903e-08;1.0050210000190418e-07;3.4572330000810326e-06
2.3408560000825672e-08;8.372024000273086e-08;1.080357000028016e-07;2.873702999786474e-06
2.4757039999531115e-08;8.915066000190564e-08;1.243943000008585e-07;3.2075600000098346e-06
2.6040449997526592e-08;9.032704000128433e-08;1.1757765000220388e-07;2.9128689999924973e-06
2.3998899999423885e-08;9.09343599982094e-08;1.3025344999914522e-07;2.8038710000691935e-06
1.9500975000846665e-08;7.706416000146418e-08;1.2831844999163877e-07;3.4711390000302345e-06
2.602321000013035e-08;7.361682000337168e-08;1.4956360000360291e-07;3.2652349999989382e-06
2.6121369999600576e-08;7.729159999871626e-08;1.088494499999797e-07;2.693757000088226e-06
2.48841300024651e-08;9.0405459998874e-08;1.2832575000356884e-07;3.4370749999652615e-06
2.6196689999778756e-08;7.138732000021264e-08;1.4515189999656286e-07;3.387430000002496e-06
2.6096720001078212e-08;8.311785999685526e-08;1.3087875000201166e-07;3.3941469999263065e-06
2.6053739999770185e-08;9.125978000229225e-08;1.0132742000278086e-07;3.390967000159435e-06
2.6218819999485276e-08;9.079104000120424e-08;1.331122499977937e-07;3.4534939998411575e-06
2.6036989997373894e-08;8.854376000235788e-08;1.2931940000271425e-07;3.069312000006903e-06
2.064319499913836e-08;6.184851999860257e-08;1.308565999934217e-07;2.7201179999974556e-06
2.438269999984186e-08;6.58506000007037e-08;1.1968935000186321e-07;3.4852060000412165e-06
2.3009389999788255e-08;6.85609599982854e-08;9.356287999544293e-08;3.480744999833405e-06
2.600889999885112e-08;8.707728000008501e-08;1.3086294999811797e-07;3.371296999976039e-06
2.3209869998390785e-08;7.557420000084676e-08;1.2319859999115578e-07;2.6701609999872744e-06
2.3244390002219006e-08;8.819574000081048e-08;1.2930630000482778e-07;3.0195459999958983e-06
2.0748665000428445e-08;8.276155999628826e-08;1.0082984999462496e-07;2.5432410000939852e-06
2.603742999781389e-08;5.644364000181668e-08;1.3243530000909233e-07;3.2071459997678174e-06
2.5981859999592417e-08;5.873573999851942e-08;1.194143200002145e-07;3.3116480000899175e-06
2.606602000014391e-08;7.50382800004445e-08;1.2648654999793506e-07;2.884685999888461e-06
2.4855059999390506e-08;9.078685999847948e-08;1.1494353999732994e-07;2.9911499997251668e-06
2.607318999944255e-08;6.400448000058532e-08;1.0099785000784322e-07;3.5096829998656176e-06
2.09429700000328e-08;6.462520000059158e-08;1.28738550003618e-07;2.7245000001857987e-06
2.434509999875445e-08;9.118057999876328e-08;1.0797654998896178e-07;2.661441000236664e-06
2.6041850000910925e-08;7.98644799971953e-08;9.938434000359847e-08;3.431646999961231e-06
2.0924830000149087e-08;8.81560800014995e-08;1.2803464999888093e-07;2.9291899999952875e-06
2.2361284999351483e-08;8.539311999920756e-08;1.3116859999718145e-07;3.094052000087686e-06
2.4680689998785965e-08;6.0447080002632e-08;1.2862994999159128e-07;3.092049999977462e-06
2.063858000037726e-08;8.472733999951742e-08;1.3017404999118298e-07;2.99828899995191e-06
2.6139689999399707e-08;7.929489999660291e-08;1.3419255000189878e-07;2.9416620000847617e-06
2.6052849998814055e-08;8.190337999840267e-08;1.2775885000883136e-07;3.349698999954853e-06
2.619533999823034e-08;9.265478000161238e-08;1.001496499957284e-07;3.408540999807883e-06
2.258558500034269e-08;9.109175999765284e-08;1.2080385000444948e-07;2.798684999870602e-06
2.6225459997658618e-08;8.890815999475308e-08;1.3640679999662097e-07;3.402224000019487e-06
2.6047819999803324e-08;8.891294000204653e-08;1.2512374999641906e-07;2.472381999832578e-06
2.6099750000867062e-08;7.158916000043973e-08;1.2984144999063573e-07;3.4615880000637842e-06
2.6072780002141373e-08;9.041859999997541e-08;1.2474520000978374e-07;3.502605000103358e-06
2.6208760001463815e-08;9.181817999924533e-08;1.1823664999974427e-07;2.5445080001372843e-06
2.6139790000161155e-08;9.137344000046141e-08;1.0217384999850764e-07;3.3991840001544916e-06
2.605169000016758e-08;8.757473999867215e-08;1.228424500004621e-07;3.3865039999363944e-06
2.60888699995121e-08;7.354118000366726e-08;1.312846500077285e-07;3.346105999953579e-06
2.0145069999853148e-08;9.172913999645971e-08;1.2924790001125074e-07;3.3557749999454245e-06
2.2020974999759348e-08;9.157195999869145e-08;1.119106000114698e-07;3.473555000091437e-06
2.608610999886878e-08;8.195558000006714e-08;1.196559600008186e-07;3.3987480000359936e-06
2.4200050000217745e-08;9.157208000542595e-08;9.30430999957025e-08;3.0450080000446177e-06
2.592626999830827e-08;7.683207999798469e-08;9.442354000057094e-08;3.2761810001102275e-06
2.43019399989862e-08;7.577427999931387e-08;1.2856975001341198e-07;3.243283999909181e-06
2.6007589997607283e-08;7.107402000110596e-08;1.1393825001141522e-07;2.9729450002196243e-06
2.6046879999921656e-08;9.089258000021801e-08;1.1318294999364298e-07;3.4014420001767576e-06
2.1922060000360944e-08;8.49750800000038e-08;1.2606265000067652e-07;2.855156000005081e-06
2.2955359998741188e-08;9.18524399981834e-08;1.1607249999651685e-07;3.1285159999970348e-06
2.151272000046447e-08;8.06520999991335e-08;1.3729990000138058e-07;3.881975999975111e-06
2.611198000086006e-08;9.12302799988538e-08;1.304431000025943e-07;3.865432000020519e-06
2.6091630000155418e-08;9.30285600014031e-08;1.5214375000505243e-07;3.4304259999771603e-06
2.4649950000457467e-08;8.877866000402719e-08;1.3219200000457932e-07;3.5125749997678215e-06
2.525309000047855e-08;8.88846400019247e-08;1.3916755000536797e-07;3.983203000098001e-06
2.5557059998391198e-08;9.150061999680474e-08;1.3795314999879338e-07;3.300601000082679e-06
2.6093360001686962e-08;8.006100000347942e-08;1.3583109999308362e-07;4.001992999983485e-06
2.2809389999019915e-08;9.114972000243142e-08;1.363573999988148e-07;3.943973999994341e-06
2.655787999974564e-08;5.69227600004524e-08;1.3409485000011045e-07;3.2854049999150446e-06
2.6028390001738444e-08;7.129908000351861e-08;1.2344564999511932e-07;4.110824000090361e-06
2.6033039999310858e-08;8.114926000125706e-08;1.3491834999877028e-07;3.0589699998381547e-06
1.4827574999071658e-08;9.124654000042937e-08;1.247812000074191e-07;3.914217999845277e-06
2.612612000084482e-08;9.038734000059776e-08;1.180612499883864e-07;3.855486999964342e-06
2.603145999892149e-08;8.728515999973751e-08;1.1128730000928045e-07;3.6033060000045223e-06
2.6033570000436158e-08;7.16428400017321e-08;1.220307000039611e-07;3.213361999951303e-06
2.3466929999995045e-08;9.159416000475175e-08;1.4011125000251922e-07;3.914249000081327e-06
1.6553849999036175e-08;8.856969999615103e-08;1.3574713999987579e-07;3.7929609999991952e-06
2.607813000213355e-08;7.900186000042595e-08;1.2269567999755962e-07;3.855336999986321e-06
2.2028670000145212e-08;8.374404000351205e-08;1.2628690000565257e-07;3.7059710000175984e-06
2.4840539999422618e-08;5.337611999711953e-08;1.0815334000508301e-07;3.864398000005167e-06
1.6455474999384022e-08;9.102824000292458e-08;1.0127273999969474e-07;3.824294999940321e-06
2.6043850000132805e-08;9.117580000311136e-08;1.3871515000937506e-07;3.223669000144582e-06
2.6052749998052603e-08;6.43820999946911e-08;1.3557075000426268e-07;3.857184999797028e-06
2.6058040000498294e-08;9.110526000149547e-08;1.3607550000597258e-07;2.800501000019722e-06
2.6057980000041426e-08;9.124451999668964e-08;1.1500659999728669e-07;3.9815270001417955e-06
2.1189109998522325e-08;9.151506000198424e-08;1.3625609999871814e-07;3.985118999844417e-06
2.6094820001162588e-08;8.683401999878697e-08;1.3628890000109094e-07;4.004518000292592e-06
2.6069890000508166e-08;9.141044000280089e-08;1.3686834998952692e-07;4.025932000367902e-06
2.595897999999579e-08;9.171251999796368e-08;1.3673355001083108e-07;3.884112999949139e-06
2.6068999999552035e-08;8.211404000176117e-08;1.3506874999438877e-07;3.868645000038668e-06
1.4155380000011065e-08;7.913730000145734e-08;9.19573199993465e-08;2.9376490000868216e-06
2.3183199999039062e-08;9.149204000132158e-08;1.0118315000727308e-07;3.928065999934916e-06
1.7288894999364857e-08;8.90434400003869e-08;1.3468630000716076e-07;3.716108000080567e-06
2.6093069999478757e-08;6.000543999834918e-08;1.0751439999148715e-07;3.5591049998765812e-06
2.6282019997597672e-08;8.277130000060424e-08;1.543023499980336e-07;3.9449220002279614e-06
2.60217199975159e-08;8.435615999624133e-08;1.367764000024181e-07;3.887670999974944e-06
2.214673999988008e-08;9.14582600002177e-08;1.3981174999207725e-07;4.011902000056579e-06
1.529405499895802e-08;9.052000000374392e-08;1.5255849999084603e-07;3.960928999877069e-06
2.317971000156831e-08;8.198277999763377e-08;1.3666424999246373e-07;3.908311999985017e-06
2.600436999928206e-08;8.564911999856122e-08;1.2697369999659713e-07;4.072509999969043e-06
2.2148700000252574e-08;7.32307399972342e-08;1.2783074998878875e-07;3.7629919999744742e-06
2.5897579999582376e-08;6.026740000233985e-08;1.2085234999540262e-07;3.5005539999110624e-06
2.2924100002273916e-08;7.102886000066065e-08;1.1330324999289587e-07;3.032348000269849e-06
2.6013969999621622e-08;7.123690000153146e-08;1.1434890000964515e-07;3.692602000082843e-06
2.6107279999996536e-08;7.855973999830894e-08;1.2400095000339205e-07;4.004984000348486e-06
2.6071590001811273e-08;9.13278000021819e-08;1.223422000039136e-07;4.018120000255294e-06
2.500497000000905e-08;7.238243999890983e-08;1.3513950000924525e-07;3.931207999994513e-06
2.624284999910742e-08;5.968255999614485e-08;1.33645850000903e-07;4.162607999751344e-06
2.1783479998703115e-08;9.001989999669604e-08;1.355162000108976e-07;3.7496320001082496e-06
2.4423140002181753e-08;7.777204000158235e-08;1.243693500000518e-07;3.2988460001070053e-06
2.604542000044603e-08;8.791490000439808e-08;1.3493270000617485e-07;2.8691490000346674e-06
2.6076639999519104e-08;7.220552000217139e-08;1.3832500000717118e-07;3.790076000150293e-06
2.621155999950133e-08;9.143299999996089e-08;1.3484995000180788e-07;4.0262520004762335e-06
2.6119859999744223e-08;8.822609999915584e-08;1.4733274999889545e-07;3.929520000237971e-06
2.6130880002165214e-08;7.78984600037802e-08;1.405116500100121e-07;3.933994999970309e-06
2.6044839998940006e-08;6.636163999792188e-08;1.2355765000393148e-07;3.2043759999214673e-06
2.6028170000063254e-08;7.302847999962979e-08;1.5606875000230503e-07;3.8105709999217653e-06
2.5917020000633785e-08;8.361869999789633e-08;1.0081854999589268e-07;3.840018000046257e-06
2.444940000132192e-08;8.452494000084698e-08;1.2101448000175878e-07;3.660553999943659e-06
2.0068690000334753e-08;8.87568400008604e-08;8.648984000319615e-08;3.911998000112362e-06
2.549025500047719e-08;9.160952000529506e-08;1.3636044999293517e-07;3.867275000084192e-06
1.7274609999731182e-08;8.130824000108987e-08;1.3720995000039694e-07;4.027820000192151e-06
2.2622080001747235e-08;8.54038399993442e-08;1.395358000008855e-07;3.84212100005243e-06
2.272340999916196e-08;6.942607999662869e-08;1.2798069999553263e-07;3.7566790002165364e-06
2.6240239999606274e-08;9.14869800035376e-08;1.1567095000646076e-07;3.61145500006387e-06
2.603450999886263e-08;6.932180000003427e-08;1.3491705000342335e-07;3.5119839999242685e-06
2.430443999764975e-08;7.189048000145704e-08;1.1785418000072241e-07;3.5156320000533016e-06
2.6185579999582842e-08;7.322971999528817e-08;1.4097794999543111e-07;3.8815620000241324e-06
2.371823999856133e-08;7.532071999739856e-08;1.1047654999129008e-07;3.9406530000269416e-06
2.399481999746058e-08;7.741067999741063e-08;1.3488904999394436e-07;3.128124999930151e-06
2.6079239998944102e-08;7.325026000034996e-08;1.235469500097679e-07;4.007950000232086e-06
1.9939519999024924e-08;7.743290000362322e-08;1.4531330000318122e-07;3.9252799999667334e-06
2.604501000023447e-08;9.101557999965735e-08;1.347125500033144e-07;4.034722000360489e-06
2.610160000040196e-08;8.799980000476352e-08;1.2098245001106988e-07;3.9734019999741574e-06
2.4884419998852536e-08;7.500630000140518e-08;1.2685094999324066e-07;3.6238430000958033e-06
2.6030910000554285e-08;8.6112040001899e-08;1.3578450000204612e-07;3.3719120000023397e-06
2.245377500075847e-08;9.123347999993712e-08;1.3756415000534617e-07;3.870420999883209e-06
2.6166570000350474e-08;9.172966000041924e-08;1.196516499912832e-07;3.936543000163511e-06
2.605150000017602e-08;8.540507999714464e-08;1.1197124999307562e-07;3.6460760000045413e-06
2.6033900000038558e-08;7.559775999980047e-08;1.21503100002883e-07;3.989519000169821e-06
2.640728999977e-08;9.034676000010222e-08;8.570452000130899e-08;4.026187999988906e-06
2.4538539999048224e-08;9.141755999880843e-08;1.1209198000142351e-07;2.885551000072155e-06
2.465770499984501e-08;5.8450779999839144e-08;1.1932974999945146e-07;3.770604000019375e-06
2.6188780000666155e-08;7.72346000012476e-08;1.3358295000216458e-07;4.030061999801546e-06
1.3792204999481328e-08;8.193672000197694e-08;1.3694725000823382e-07;3.883470000000671e-06
2.608796999847982e-08;5.113330000312999e-08;1.0981041999766603e-07;3.860640999919269e-06
2.6058870000997557e-08;8.859647999634034e-08;1.3631694999639875e-07;4.0587739998591136e-06
2.4586210001143627e-08;7.424938000040129e-08;1.4135915000224485e-07;3.5287020000396295e-06
2.60582599992631e-08;7.205936000100337e-08;1.3510724999650848e-07;4.051843999768607e-06
2.2138790000462903e-08;9.138202000176535e-08;1.3944384999922478e-07;3.977986999962013e-06
2.606808000127785e-08;9.014161999803037e-08;1.2398323999950663e-07;3.5862729998189024e-06
2.6055420000921005e-08;9.123447999591008e-08;1.2361974999657832e-07;3.87710299983155e-06
2.609181999869179e-08;8.35703199962154e-08;1.2413475000357722e-07;3.779907000134699e-06
2.6199599998653867e-08;5.5246899998746814e-08;1.3567264999437613e-07;3.0651700001908466e-06
2.0791850000387058e-08;9.12867000035476e-08;1.3514140000916087e-07;3.84488199983025e-06
2.207058999920264e-08;7.475498000276275e-08;1.193218000116758e-07;3.9290819998132065e-06
2.5865380000323056e-08;5.313132000155747e-08;1.359875999914948e-07;3.791749000083655e-06
1.718373499898007e-08;8.018704000278376e-08;1.3909994999994523e-07;3.725191999983508e-06
2.604789999895729e-08;5.224228000151925e-08;1.3716629998816642e-07;3.851300999813247e-06
2.0956024999031796e-08;9.122636000392958e-08;1.0265701999887823e-07;5.678252000361681e-07
2.6044189999811352e-08;1.0017265999922529e-07;1.2220384999818633e-07;7.02144400042016e-07
2.4358090001624078e-08;9.153837999911048e-08;1.2251779998769052e-07;6.990255999844521e-07
2.60709099995438e-08;7.339679999859072e-08;1.1244374999660068e-07;6.129669999936596e-07
2.4463760000071488e-08;9.139494000119158e-08;1.220251500053564e-07;6.903969999984838e-07
2.4538440001197158e-08;8.691417999798432e-08;1.1923595001280775e-07;7.13091199984774e-07
2.6065495000511874e-08;7.95182800036855e-08;7.680130000226199e-08;6.991837999667041e-07
1.8609560000186322e-08;8.468627999536693e-08;1.1029830000188668e-07;6.178205999894999e-07
2.6147009999840522e-08;1.0028670000028797e-07;1.0735905000183266e-07;5.502253999584354e-07
1.8051664999802596e-08;7.967012000153772e-08;1.0064250000868924e-07;6.101108000148088e-07
2.6068549999035893e-08;8.700455999933183e-08;1.0740327999810688e-07;5.775292000034824e-07
2.6068830001167955e-08;7.941202000365593e-08;1.1657740001101047e-07;6.386550000170246e-07
1.771695500065107e-08;9.150163999875076e-08;1.2120449999929407e-07;6.372194000286982e-07
2.486166000016965e-08;7.482441999600269e-08;8.323644000338391e-08;5.475449999794364e-07
1.757756500010146e-08;7.067145999753848e-08;1.1887839999690187e-07;6.074652000097558e-07
1.4453754998976365e-08;7.914029999519699e-08;8.681654000538401e-08;6.125422000186518e-07
2.1524660001159644e-08;8.321540000033565e-08;1.0998190000827889e-07;6.722206000122241e-07
2.5442470000416507e-08;7.906374000012874e-08;1.102175999985775e-07;6.80387000029441e-07
2.605796999996528e-08;7.66164199972991e-08;1.2082060000102501e-07;6.189897999865935e-07
2.3423560001538136e-08;7.428051999886521e-08;1.2060369999380783e-07;6.48834599996917e-07
2.601374000078067e-08;9.984289999702014e-08;1.2360315000114496e-07;6.229098000330851e-07
2.4899900000309573e-08;8.16992999985814e-08;1.104665599996224e-07;6.716612000018359e-07
2.600850000162609e-08;9.069488000241109e-08;1.1844700000074227e-07;7.019901999738067e-07
2.6028059999225662e-08;8.512911999714561e-08;1.2074589999974705e-07;6.164084000047296e-07
2.6003350000246427e-08;8.945401999517344e-08;1.254674499941757e-07;7.113035999936983e-07
2.6170339999953285e-08;1.0106455000641291e-07;1.211161999963224e-07;6.90498000010848e-07
2.608534999890253e-08;9.027461999794468e-08;1.1177059999317863e-07;6.131197999930009e-07
2.6065250000101514e-08;8.832581999595277e-08;1.2274184999114367e-07;7.041927999816834e-07
2.1354530000826344e-08;9.111161999753676e-08;1.2039549999462907e-07;6.919340000022203e-07
2.6181190001079814e-08;9.218089999631047e-08;1.212734000000637e-07;6.286501999711618e-07
2.2959940001601355e-08;7.912312000407837e-08;1.1632347999839112e-07;6.556812000344508e-07
2.6070314999378753e-08;7.257425999850966e-08;1.0042685001099016e-07;5.226134000113234e-07
2.2676839999621734e-08;9.151506000198424e-08;1.2281904999690595e-07;6.923490000190213e-07
2.6012710001668893e-08;9.173058000160382e-08;1.008408499910729e-07;6.882060000207275e-07
2.1644049999304117e-08;7.39757599949371e-08;9.751194000127725e-08;6.804380000103265e-07
2.6107690000208094e-08;7.862027999944985e-08;1.2053385000035633e-07;7.005616000387818e-07
2.4639919999754058e-08;8.816713999840431e-08;1.1639965999638662e-07;7.217849999433383e-07
2.603629999794066e-08;9.151069999788888e-08;7.852282000239938e-08;6.659311999683268e-07
2.6069110000389627e-08;8.84381800016854e-08;1.1117545000161044e-07;7.022959999740124e-07
2.6061159998062067e-08;9.062951999949291e-08;1.187577499949839e-07;6.93290600029286e-07
2.6061759999720378e-08;1.0016859999450389e-07;1.1347234999993816e-07;7.010573999723419e-07
2.6075990000390447e-08;8.435433999984525e-08;1.2024234999262263e-07;7.117517999722622e-07
2.462873999902513e-08;9.110170000349171e-08;1.1757659999420866e-07;6.755531999515369e-07
2.620364000031259e-08;6.480157999903895e-08;1.207002999872202e-07;7.274284000159241e-07
2.281807000108529e-08;8.335924000130035e-08;1.1998504999792204e-07;6.962825999944471e-07
2.604904999898281e-08;9.111215999582782e-08;1.2501329999940937e-07;6.871598000288941e-07
2.6229959999909623e-08;9.063496000017039e-08;1.2492055000620893e-07;6.879095999756827e-07
2.6007200000458397e-08;7.122063999995589e-08;1.1797194999235216e-07;6.950521999970078e-07
2.4000239997985772e-08;8.382096000132151e-08;1.2191734000225552e-07;6.343857999891043e-07
2.6047390000894665e-08;1.0082339998916723e-07;1.0715579999668989e-07;7.038587999995798e-07
2.6048910000827162e-08;8.675940000102855e-08;8.605782000231556e-08;7.058772000018507e-07
2.6066709999577143e-08;9.011463999631815e-08;1.1695809999946505e-07;6.921956000151112e-07
2.544540499948198e-08;9.187980000278912e-08;1.0714810001081787e-07;7.256499999784864e-07
2.6006500000949016e-08;8.607425999944098e-08;1.2051725000492298e-07;6.922353999689221e-07
2.19822999992175e-08;9.110060000093654e-08;9.254577999818139e-08;7.015352000016719e-07
2.1376909999526106e-08;8.045002000289969e-08;1.1441783999907785e-07;7.219019999611192e-07
2.5413674999435897e-08;7.889790000044741e-08;1.1445169999205974e-07;6.302448000060395e-07
2.4682230001781134e-08;8.441759999841451e-08;1.2194730000919664e-07;6.425741999992169e-07
2.6041319998330436e-08;9.123506000032648e-08;1.258032500045374e-07;7.004458000301383e-07
2.6022170000942424e-08;9.102931999950669e-08;1.1230524998973124e-07;6.54412800038699e-07
2.6128890001564288e-08;1.002509200014174e-07;1.1762124999950174e-07;6.851961999782361e-07
2.6057069998933002e-08;8.60290399985388e-08;1.2211650000244845e-07;6.989058000035583e-07
2.6036179999937303e-08;8.830707999877631e-08;1.0691545000008773e-07;7.009589999797754e-07
2.355597999994643e-08;6.948171999538317e-08;1.1959669999487233e-07;6.97837800020352e-07
2.6053530001081527e-08;9.001543999766e-08;1.1853410000330769e-07;6.409786000149324e-07
2.0470850000856443e-08;8.469445999944582e-08;1.222055999969598e-07;6.892871999880299e-07
2.6019270002143456e-08;8.757880000048317e-08;1.0446791999856941e-07;5.939114000066184e-07
2.6227710000239312e-08;6.465854000416585e-08;1.149670500017237e-07;6.743897999986075e-07
2.6068149998900482e-08;7.369172000326216e-08;1.2191544999950566e-07;7.043757999781519e-07
2.6050249999389053e-08;5.554160000174306e-08;1.2315215000126044e-07;6.018117999774404e-07
2.6081059998250566e-08;9.121935999719426e-08;1.1335213999846019e-07;6.232562000514008e-07
1.8149874999653547e-08;6.816076000104659e-08;1.096430000034161e-07;6.762912000413053e-07
1.6661739999835845e-08;9.12921599985566e-08;1.2154849999933504e-07;7.002846000250429e-07
2.6126785000087695e-08;1.0007139999652282e-07;1.2109175001387485e-07;6.380005999817513e-07
2.241919000080088e-08;9.160604000207968e-08;7.505332000437192e-08;6.482504000305198e-07
2.602857000019867e-08;8.40236600022763e-08;1.3207555000553838e-07;6.988218000042252e-07
2.2101600002497433e-08;9.122782000340521e-08;1.1743861999711953e-07;6.956151999766008e-07
2.608708000043407e-08;5.305052000330761e-08;8.395801999722607e-08;7.026858000317589e-07
2.061643000051845e-08;9.150299999746495e-08;7.55418999993708e-08;7.010053999838419e-07
2.327757500024745e-08;1.001976499974262e-07;9.906879999907687e-08;6.784055999596603e-07
2.6117969999904745e-08;9.132852000184357e-08;1.2057225000171456e-07;6.959294000407681e-07
2.6060780000989325e-08;8.329021999961696e-08;1.1828219999733846e-07;6.920894000213593e-07
2.3282239999389276e-08;8.6669759999495e-08;1.2135524999757764e-07;5.537820000317879e-07
2.6051510000252164e-08;9.544133999734186e-08;1.121854400029406e-07;6.614229999831878e-07
2.3134310002205892e-08;8.601121999672614e-08;1.2103044999821576e-07;6.909120000200346e-07
2.3263455000414977e-08;9.131211999920197e-08;1.1173980000603479e-07;6.71619999979157e-07
2.6962289999937637e-08;9.104375999886542e-08;1.1574910000490491e-07;6.953900000080466e-07
2.6126139998086728e-08;8.615735999774188e-08;1.1883391999872402e-07;5.758408000110648e-07
2.3692020002636126e-08;8.930974000249989e-08;1.223520500061568e-07;6.886953999637626e-07
2.047912999987602e-08;6.60195400007069e-08;1.2324985000304877e-07;6.64721799956169e-07
2.604336000222247e-08;8.648382000392302e-08;1.224447999993572e-07;6.592141999863088e-07
2.7065750001929702e-08;9.175508000189438e-08;7.800125999492593e-08;7.002351999981329e-07
2.6053349999710918e-08;1.0021805000724271e-07;1.2408460000006016e-07;6.94528799969703e-07
2.5034769999911076e-08;8.282404000055976e-08;1.208422600000631e-07;6.229497999884189e-07
2.6037329999962823e-08;8.523730000015349e-08;1.2005865000537596e-07;6.797832000302151e-07
2.6174720001290552e-08;8.6025339999469e-08;1.2344915000721812e-07;6.868565999902784e-07
2.483351999835577e-08;9.153743999777362e-08;1.2154789999476635e-07;6.979056000127457e-07
2.637729999842122e-08;8.862664000480435e-08;1.3525819999631495e-07;6.98608000006061e-07
2.638007000205107e-08;8.806124000111595e-08;1.2038610001036432e-07;6.873568000155501e-07
2.6075700001092628e-08;9.126823999686167e-08;1.3128034998953808e-07;6.547209999989718e-07
2.609085000003688e-08;9.908588000107557e-08;1.3477670001157093e-07;3.2619970000814646e-06
2.6566179998917504e-08;9.280626000254415e-08;1.3026194999110884e-07;3.3004089997848496e-06
2.6143639997462743e-08;9.133199999923817e-08;1.3355275000503751e-07;3.036969999957364e-06
2.328276000043843e-08;1.0015779999957886e-07;8.892771999817342e-08;3.2512579998001458e-06
2.6063094999699386e-08;7.837215999606997e-08;1.3625475000299047e-07;3.2670939998934046e-06
2.6080210000509398e-08;8.773144000442699e-08;1.3534560000698549e-07;3.234620999719482e-06
2.5357719999738036e-08;8.837306000059471e-08;1.0372695000842213e-07;3.2781960000284016e-06
2.6213069999357685e-08;1.002335000084713e-07;1.1593338000238872e-07;3.274483999994118e-06
2.622628000099212e-08;8.958862000145018e-08;1.3387705000059213e-07;3.1947290000971405e-06
2.1501930002705195e-08;9.990765999536961e-08;1.3210024998988956e-07;3.2992749998811632e-06
2.604177000175696e-08;1.0011264999047853e-07;1.2671274000313134e-07;3.310403000214137e-06
2.6057240000227465e-08;8.444482000195422e-08;1.3366200000746175e-07;3.281932000245433e-06
2.415072499861708e-08;8.563589999685063e-08;1.3460844999644905e-07;3.258829000114929e-06
2.489609000040218e-08;8.333295999909751e-08;1.4071120000153314e-07;3.0277370000840166e-06
2.4120505001337732e-08;1.0012070000811946e-07;1.349369499948807e-07;2.773368000052869e-06
2.164035000023432e-08;1.0102445999509655e-07;1.3318958000163546e-07;2.723731999867596e-06
2.6064180000685156e-08;9.290653999778442e-08;1.348454999970272e-07;2.483294000267051e-06
2.0133810001425446e-08;8.536112000001594e-08;1.3416254999174272e-07;2.316208000120241e-06
2.053423000033945e-08;6.144799999892712e-08;8.328786000492983e-08;2.8893650000100025e-06
2.4042730001383462e-08;7.725136000080965e-08;1.3443250001000707e-07;2.767673000053037e-06
2.6059275001171046e-08;1.0011305999942124e-07;1.3059551999904216e-07;3.2241950000752695e-06
2.6168799999868498e-08;9.125713999965228e-08;1.3444899999012705e-07;3.301694999972824e-06
2.623103999940213e-08;8.238658000482246e-08;1.3420460000634193e-07;2.8757210000185295e-06
1.849004500109004e-08;8.405512000317686e-08;1.314565000066068e-07;3.2786270001088267e-06
2.1820139999908862e-08;6.900653999764472e-08;1.3044614999671467e-07;3.3416050000232644e-06
2.6036079999175855e-08;9.742843999993056e-08;1.327409999939846e-07;3.296484999882523e-06
2.6068669999949635e-08;8.779999999678693e-08;1.3391745000262746e-07;3.010584999865387e-06
2.611007000086829e-08;1.0070414999790955e-07;1.3457789999665693e-07;3.289613999950234e-06
2.613147999800276e-08;8.193218000233174e-08;1.260455500014359e-07;3.316361000179313e-06
2.6048789999913424e-08;7.371111999964341e-08;1.233522999973502e-07;2.313438999990467e-06
2.0369080000091345e-08;6.236063999822363e-08;1.312012499984121e-07;2.610495999979321e-06
2.5295519999053794e-08;9.976449999958276e-08;1.3317440000537317e-07;3.172025000094436e-06
2.6078290000441483e-08;8.513781999936327e-08;1.3334900001063943e-07;2.435948000056669e-06
2.6399715000297874e-08;9.097279999987222e-08;1.1778980000235606e-07;3.1780399999115614e-06
2.6017639998462982e-08;7.893172000185586e-08;1.31956779997563e-07;3.296064999885857e-06
2.6110619999235496e-08;7.497167999972589e-08;1.3242340000579134e-07;2.988595000060741e-06
2.605674999940675e-08;8.82971599989105e-08;1.2513934999878985e-07;2.8759579997858965e-06
2.6053529998171142e-08;8.822492000181228e-08;1.3810445000126493e-07;2.4794129998190328e-06
2.012418000085745e-08;9.70039000036195e-08;1.26876149995951e-07;3.0354379999334922e-06
2.6043549997848457e-08;8.430069999885745e-08;8.077582000405528e-08;3.2620380001026206e-06
2.275544500007527e-08;9.025762000237591e-08;1.3497865000681486e-07;3.0323569997563025e-06
2.503937000001315e-08;9.099732000031508e-08;1.4355115000216756e-07;3.0602029999135995e-06
2.6047439998365008e-08;1.0001205001026391e-07;1.0690104999230244e-07;3.0430439999327065e-06
2.6056019999668934e-08;8.94395400013309e-08;1.3170024999999442e-07;3.3009889998356813e-06
2.6039020001189782e-08;5.41323600045871e-08;1.224738000018988e-07;2.487696999742184e-06
2.381654500059085e-08;9.287541999947279e-08;1.070369499939261e-07;3.2734590000472962e-06
1.4802574999339412e-08;6.263441999908537e-08;1.4655829999537672e-07;2.9360259999521077e-06
2.6893489999929444e-08;9.073889999999665e-08;1.0809614999743645e-07;2.369462999922689e-06
2.6246310002170504e-08;5.825967999990098e-08;1.1110900000203401e-07;2.413343999942299e-06
2.0594220000202768e-08;7.043502000160516e-08;1.3638055000046734e-07;3.0197390000103042e-06
2.6012570000602864e-08;9.173623999813571e-08;1.2674524998874404e-07;2.8334289998747408e-06
2.6098740001907572e-08;6.985404000151902e-08;1.3453409999783617e-07;2.1959049999713897e-06
2.6056809999863616e-08;7.406085999682545e-08;1.3239834998967127e-07;2.3369560000719502e-06
2.4077785000554287e-08;7.625017999671399e-08;1.3760455000738147e-07;2.953284000104759e-06
2.6046520000090822e-08;9.203852000064217e-08;1.3513105000311043e-07;3.238736999919638e-06
2.5596609999774956e-08;9.096993999555707e-08;1.3912979999440722e-07;3.2416630000807344e-06
2.607943000039086e-08;1.0059474999434314e-07;8.270708000054583e-08;2.7297259998158552e-06
2.6081170001998543e-08;9.108873999794013e-08;1.2928784999530762e-07;3.198534999974072e-06
2.608034999866504e-08;8.975095999776385e-08;1.3578100000449922e-07;3.3938579997629857e-06
2.6062019998789764e-08;8.966086000436917e-08;1.3364734999777284e-07;3.2855569999082945e-06
2.5850629998603837e-08;9.385781999444589e-08;1.327661499963142e-07;3.152293000021018e-06
2.347831000224687e-08;8.63007000007201e-08;1.5916049999941607e-07;3.3009090000996365e-06
2.611209000169765e-08;9.272128000156954e-08;1.1126590000640135e-07;3.3209359997999854e-06
2.6072190000559202e-08;8.72852599946782e-08;1.3657830000738612e-07;3.162101000198163e-06
2.6052000001072884e-08;6.618594000465237e-08;1.400197499897331e-07;2.691567000001669e-06
2.6075000001583247e-08;9.160183999920264e-08;1.332745500112651e-07;3.311214999994263e-06
2.6116650001495145e-08;1.0032465000404045e-07;1.3379449999774806e-07;3.2725370000116526e-06
2.629988999979105e-08;9.117501999717206e-08;1.0323855000024196e-07;3.2396280000102705e-06
2.627587000024505e-08;1.0038834000006318e-07;1.353410200041253e-07;2.916378999943845e-06
2.6230169998598285e-08;9.953350000432692e-08;1.3350709999212995e-07;3.123370000103023e-06
2.6075650000711904e-08;1.0001080000074581e-07;1.1484095000196249e-07;3.204414999927394e-06
2.5857099998393096e-08;5.697480000089854e-08;1.233401499921456e-07;3.2966029999079184e-06
2.615423999959603e-08;8.819664000184276e-08;1.1858719999145251e-07;2.36743799992837e-06
1.4555635000579059e-08;6.279565999866464e-08;1.3471430000208783e-07;3.3521409999229947e-06
2.6248999999370425e-08;1.0083125000528525e-07;1.3567170000169427e-07;2.935967000084929e-06
2.6189769999473355e-08;7.610736000351608e-08;1.3450415000261274e-07;3.0249070000718348e-06
2.6204180001514034e-08;8.731526000192389e-08;1.3292015000479295e-07;3.317630000237841e-06
2.142420000163838e-08;9.122615999658592e-08;1.3043439999455586e-07;3.1793870002729816e-06
2.6211549999425188e-08;9.431518000201322e-08;1.2208255000587087e-07;2.856791000231169e-06
2.2720234999724198e-08;9.176929999957792e-08;1.4090924999618437e-07;3.244025000021793e-06
2.0981150001171045e-08;1.0179369999968913e-07;1.3406811999739147e-07;3.05604699999094e-06
2.6149530001566745e-08;5.667968000052497e-08;1.1513144000200554e-07;3.314599000150338e-06
2.578596999810543e-08;1.0033260000636801e-07;1.3456419999420177e-07;3.300609999860171e-06
2.1577169999363832e-08;1.0016805000486784e-07;1.3389260000258218e-07;3.3215290002408437e-06
1.3864244999422226e-08;8.3321920002345e-08;1.1012186000007204e-07;3.251033999840729e-06
2.6026869998895562e-08;7.063341999892146e-08;1.1551711999927647e-07;2.44712099985918e-06
2.4643560001277366e-08;1.0084985000139568e-07;1.3410065000061878e-07;2.3718100000405684e-06
2.016676000203006e-08;5.76995600014925e-08;1.1090780000085943e-07;3.2240589999128133e-06
2.6162330000079236e-08;7.495050000143238e-08;1.3937250000890345e-07;2.718888999952469e-06
2.431773999996949e-08;1.0023364999506157e-07;1.352525500115007e-07;3.3567539998330174e-06
2.6350359999923966e-08;7.113438000087626e-08;1.2291810000897385e-07;2.997550999862142e-06
2.6199719999567606e-08;8.345905999885871e-08;1.3930655000149274e-07;2.5518920001923106e-06
2.6158340001711623e-08;9.524086000164971e-08;1.3383379999140743e-07;2.446650000056252e-06
1.9855385000118987e-08;7.515824000001885e-08;1.3298769999528303e-07;3.0237170000327753e-06
2.095116999989841e-08;8.036466000485234e-08;1.2890075000177603e-07;2.730571999854874e-06
2.63294100004714e-08;7.992357999901287e-08;1.314439499983564e-07;3.0596960001275873e-06
2.603340999921784e-08;7.01018399966415e-08;1.3437050000356976e-07;3.031470999994781e-06
2.6044009998440743e-08;7.493677999591455e-08;1.1911375999916344e-07;3.1698890001280234e-06
2.3161180000170134e-08;6.743575999862515e-08;1.1816805000125897e-07;3.3719980000751094e-06
2.637358999927528e-08;5.8306819997960705e-08;1.3512654999794904e-07;2.427075000014156e-06
2.0664369998848996e-08;1.0147996000014245e-07;1.195843999972567e-07;4.802804000210017e-06
2.6237170002423225e-08;7.761610000161454e-08;1.5554574999259786e-07;4.353550000232644e-06
2.6040199998533354e-08;1.0085670000989922e-07;1.476729499991052e-07;4.820256000384688e-06
2.4179670002195052e-08;1.0026875000039582e-07;1.4823130000149832e-07;4.831074000103399e-06
2.0255499999620952e-08;9.195201999973506e-08;1.4645079999172595e-07;4.501499999896623e-06
2.517840999935288e-08;9.138211999670602e-08;1.4887029999226798e-07;4.695708000217565e-06
2.611378000001423e-08;1.0032695000700187e-07;1.4893794999807142e-07;4.1652839997550475e-06
2.603452000184916e-08;9.140594000346027e-08;1.3538125000195577e-07;4.746563999797217e-06
2.6063309999881312e-08;7.751568000530824e-08;1.468260000110604e-07;4.727382999844849e-06
2.6074749999679626e-08;1.0102625000581611e-07;1.4738054999907035e-07;4.133918000152334e-06
2.6120090001495556e-08;9.149962000083178e-08;1.4739329999429174e-07;4.800968000199646e-06
2.602511000004597e-08;9.268473999691195e-08;1.4690654999867547e-07;4.888697999995202e-06
2.60752300004242e-08;1.0033557999995538e-07;1.4062390000617597e-07;4.8977720004040745e-06
2.5802949999342673e-08;1.0028475000581239e-07;1.1009366000071168e-07;5.039634000277146e-06
2.6034840001375416e-08;9.51556799991522e-08;1.5761310000380036e-07;4.824233999825083e-06
2.3656089999713004e-08;9.794723999802954e-08;1.1780999999609775e-07;4.039305999758653e-06
2.6369140000315382e-08;6.381398000521586e-08;1.4753560000099241e-07;4.673501999932341e-06
2.6070409998646937e-08;9.063213999615982e-08;1.597026000090409e-07;4.700812000082805e-06
2.6190770001267084e-08;6.557122000376694e-08;1.3969250000081958e-07;4.614230000297539e-06
2.6099919999251143e-08;7.295721999835223e-08;1.4299675000074786e-07;4.7674780001398175e-06
2.0203750001383013e-08;9.690685999812559e-08;1.4917064999463037e-07;4.730457999976352e-06
2.607590999978129e-08;9.879803999792785e-08;1.2032240000553428e-07;4.7989300003973765e-06
2.2891259999596514e-08;8.715151999494993e-08;1.376176000048872e-07;4.621862000203691e-06
2.0701675000600518e-08;6.012787999934517e-08;1.5616649998992217e-07;4.555286000249907e-06
2.6113070000428707e-08;9.110605999594555e-08;1.572446000063792e-07;4.763343999511562e-06
2.621398999763187e-08;9.059240000206046e-08;1.491039499960607e-07;4.936829999787733e-06
2.3272980001638644e-08;9.067098000086845e-08;1.5010919999622273e-07;4.578099999926053e-06
2.4578509999264498e-08;9.984316000482068e-08;1.652048499963712e-07;4.785719999927096e-06
2.6046299998415635e-08;8.801389999571256e-08;1.5612150001106785e-07;4.659220000030473e-06
2.62163999985205e-08;1.0037842000019736e-07;1.4778790000127627e-07;4.7170100000221285e-06
2.608386999927461e-08;9.167794000240975e-08;1.4884130000427832e-07;4.879113999777474e-06
2.25755699997535e-08;9.191661999793724e-08;1.5787085000192746e-07;4.442438000114635e-06
2.5231675000395627e-08;8.415593999670819e-08;1.6471959999762475e-07;4.817216999945231e-06
2.6023370001348668e-08;6.781706000328995e-08;1.3808084999618585e-07;4.4556620001094415e-06
2.6045169998542406e-08;9.125121999531984e-08;1.368511999899056e-07;4.3414310002117416e-06
2.5825829998939298e-08;7.837154000299051e-08;1.5961499999684747e-07;4.851493000169285e-06
2.4625394999748094e-08;7.743355999700726e-08;1.1435770000389312e-07;4.817312000086531e-06
2.6090590000967494e-08;9.079509999719449e-08;1.573575000074925e-07;4.775359999621287e-06
2.2414519998710603e-08;1.0027890000492334e-07;1.2084204998973292e-07;4.086222000187263e-06
2.1829940000316127e-08;1.007940499985125e-07;1.507982000039192e-07;4.915179999661632e-06
2.6250640000216664e-08;9.158991999574937e-08;1.6801950000808575e-07;4.564879999961704e-06
2.0886929999687707e-08;8.18048999994062e-08;1.5557440000702628e-07;4.7004739998374136e-06
2.601682999811601e-08;1.0009964999335352e-07;1.4680285000940784e-07;4.864977999823168e-06
2.0054209997761063e-08;1.002499999885913e-07;1.46852449994185e-07;4.54407799988985e-06
2.6084169998648577e-08;8.892262000008487e-08;1.2301944999489934e-07;4.638551999814808e-06
2.606077000091318e-08;1.0018685000250116e-07;1.3782420000643469e-07;3.93096699990565e-06
2.6070479999179952e-08;7.577758000115864e-08;1.4791455000522547e-07;4.7855099994922055e-06
2.625821999972686e-08;7.639719999860972e-08;1.4516800000274089e-07;4.919780000345781e-06
2.392147000064142e-08;8.985626000212506e-08;1.4552304999961052e-07;4.8251180001534526e-06
2.605143999971915e-08;7.391230000066571e-08;1.473975499975495e-07;4.176081000186968e-06
2.636097999929916e-08;9.131815999862738e-08;1.4148960000602527e-07;4.119349999818951e-06
2.604760999965947e-08;6.029973999829963e-08;1.3508675000048243e-07;4.40305600001011e-06
2.6075390001642518e-08;7.90000399982091e-08;1.530713999993168e-07;4.284801000030711e-06
2.6067359998705797e-08;8.48840199992992e-08;1.4624329999787733e-07;4.630968000274152e-06
2.278564999869559e-08;9.996578000136651e-08;1.0707294999156147e-07;4.141950000193901e-06
2.6152810000348837e-08;1.0089629999129101e-07;1.4703384999302215e-07;4.627848000382073e-06
2.606828999996651e-08;6.284805999603123e-08;1.5747385000577196e-07;4.741214000387117e-06
2.2711330000311136e-08;1.0024780000094324e-07;1.443907999928342e-07;4.636659999960102e-06
2.6123410000582226e-08;1.004804200027138e-07;1.1505913999862969e-07;4.6412079996662215e-06
2.227030999783892e-08;1.0018435001256876e-07;1.4288345001114067e-07;4.688325999886729e-06
2.6413110000430605e-08;8.91929799981881e-08;1.435445999959484e-07;4.80901199975051e-06
2.2765469999285415e-08;9.22742200025823e-08;1.4586225000675767e-07;4.418320000404492e-06
2.6037500001257285e-08;1.0002514999359845e-07;1.477589000132866e-07;4.549182000046131e-06
2.355987000046298e-08;1.0044520000519697e-07;1.473600000026636e-07;4.438945999718271e-06
2.6067369998781943e-08;7.177279999596066e-08;1.452620000054594e-07;4.7226780001074075e-06
2.6049700001021848e-08;9.00616800005082e-08;1.4015505000133998e-07;4.8115880001569166e-06
2.3111880000215024e-08;8.867380000301637e-08;1.4650030000484548e-07;4.701149999746121e-06
2.607682000088971e-08;1.003237000113586e-07;1.3105929999437648e-07;4.7798539994983004e-06
2.6557150000007824e-08;8.080686000175774e-08;1.1238684999989346e-07;4.764578000176698e-06
2.1265040000434966e-08;9.137812000117265e-08;1.0197665001032873e-07;4.802675999817438e-06
2.6197500000125728e-08;8.967110000085086e-08;1.4626850000058767e-07;4.696918000117876e-06
2.599828999955207e-08;9.155090000131168e-08;1.3974650000454857e-07;4.792987999971956e-06
2.601905000046827e-08;1.0044434999872464e-07;1.0665240000525955e-07;4.171269999933429e-06
2.606868000002578e-08;1.0053145000711083e-07;1.460306499939179e-07;4.764601999777369e-06
2.6109419998829252e-08;7.607086000498384e-08;1.5830690000439062e-07;4.775138000259176e-06
2.4997060000896453e-08;9.250953999580815e-08;1.2846870000066702e-07;4.669558000168763e-06
2.606433999899309e-08;1.0041840000485535e-07;1.5688260000024458e-07;4.896712000481784e-06
2.61772599973483e-08;1.0040110000409186e-07;1.342024500045227e-07;4.624442000058479e-06
2.607527000072878e-08;1.0039727999828756e-07;1.4669125000364148e-07;4.5834459998877715e-06
2.6159779998124576e-08;9.173588000121526e-08;1.4870029999292455e-07;4.839847999974154e-06
2.0158930000616236e-08;9.784573999932036e-08;1.1909754000371322e-07;4.5737720001488925e-06
2.3561949998838827e-08;1.0074290000193286e-07;1.5812984999502078e-07;4.622899999958463e-06
2.611291999928653e-08;9.947405999992043e-08;1.4570749999256804e-07;4.754402000107802e-06
2.458036999742035e-08;9.841100000194274e-08;1.1541959999885876e-07;4.819916000124067e-06
2.6098829999682495e-08;1.0012730000016746e-07;1.4672854999662378e-07;4.768595999921672e-06
2.6147640001727267e-08;8.630290000000968e-08;1.5571575000649318e-07;4.601247999817133e-06
2.4473340000258758e-08;9.131084000109695e-08;1.3928945000225212e-07;4.669485999911558e-06
2.5643754999327938e-08;8.56481199967675e-08;1.149308000021847e-07;4.2915939999511465e-06
2.605815999850165e-08;9.810087999794632e-08;1.1236184999870602e-07;4.385379999876022e-06
2.0839509999495932e-08;8.845322000561282e-08;1.5803444999619387e-07;4.810453999671154e-06
2.5034080000477842e-08;5.7563320000190285e-08;1.466445499972906e-07;4.419764000340365e-06
2.6027239998802543e-08;9.544804000179283e-08;1.501342499977909e-07;4.537017999973614e-06
2.6094009997905233e-08;6.37689600000158e-08;1.3413684999977704e-07;4.107285999925807e-06
2.531808000057936e-08;6.954048000043258e-08;1.0077234999334905e-07;4.364437999902293e-06
2.0517849999305328e-08;8.37837400031276e-08;1.0341265000170096e-07;4.781148000038229e-06
2.440430999849923e-08;9.78951999975834e-08;1.1877744999947027e-07;4.747404000372626e-06
1.9101059999957214e-08;7.759289999958128e-08;1.480368000047747e-07;4.844965999945998e-06
2.6074560001143255e-08;9.129825999843888e-08;1.08922999992501e-07;4.843532000086271e-06
2.4966329999733717e-08;9.126346000120975e-08;1.1806779999460559e-07;4.759202999994159e-06
2.2666269999172074e-08;9.195902000064961e-08;1.2842115000239572e-07;4.2666300002019855e-06
2.2756259999005122e-08;8.959803999750875e-08;1.3120420000632294e-07;6.169495999929495e-06
2.5068495000596158e-08;1.0014994999801274e-07;1.3553344999672846e-07;6.150379999889992e-06
2.326360000006389e-08;9.146733999950811e-08;1.6056545000174084e-07;6.325483999680728e-06
2.4472770001739263e-08;6.708766000228934e-08;1.6857364999304992e-07;4.744242000160739e-06
2.6206019998062402e-08;1.0011469999153633e-07;1.6118120000464841e-07;6.319929999881424e-06
2.613675000029616e-08;8.857205999665893e-08;1.6107724999892526e-07;6.161448000348173e-06
2.60556599998381e-08;8.052726000314578e-08;1.8062030000146477e-07;6.062976000248455e-06
2.6072399999247863e-08;7.877381999860517e-08;1.613635499961674e-07;5.2681860001757744e-06
2.090477000165265e-08;8.650133999763056e-08;1.350858500081813e-07;6.259672000305727e-06
2.6068140001734717e-08;9.130196000332944e-08;1.6179869999177754e-07;6.316236000275239e-06
2.143001000076765e-08;9.061497999937273e-08;1.6096330000436864e-07;6.2271879997570065e-06
2.354508000134956e-08;8.116093999706208e-08;1.3009590000729077e-07;5.812394000240601e-06
1.742309500114061e-08;6.219489999930374e-08;1.1806439999782015e-07;5.237353999982588e-06
1.4825560001190752e-08;6.318848000373691e-08;1.0977224999805912e-07;4.952979999943636e-06
1.9214405000093395e-08;6.971190000185743e-08;1.227173000079347e-07;5.3143959998851646e-06
1.637262500007637e-08;7.194126000395044e-08;1.1828830000013113e-07;5.333019999670796e-06
1.9417880001128652e-08;5.839092000387609e-08;1.1044189998938236e-07;5.018808000022546e-06
2.101045999734197e-08;6.974120000377298e-08;1.1110199999529869e-07;4.727325999992899e-06
2.002387499960605e-08;7.046131999813951e-08;1.257624499994563e-07;5.132581999641843e-06
1.768757999961963e-08;6.90379599982407e-08;1.0555710000335239e-07;5.318657999741845e-06
2.0288389999768695e-08;6.846260000020265e-08;1.3851555000292137e-07;5.147234000032768e-06
2.0528739999281244e-08;6.763126000296325e-08;1.3733095000497998e-07;5.44255799963139e-06
2.028042000019923e-08;7.108466000063345e-08;1.111024499987252e-07;4.566586000146344e-06
1.828605999908177e-08;6.951317999628372e-08;1.225261999934446e-07;4.752664000261575e-06
1.9096589999389836e-08;7.110426000435837e-08;1.195425000041723e-07;4.608808000339195e-06
1.544709000008879e-08;6.97171600011643e-08;1.2522469999385065e-07;6.006912000011653e-06
1.7508020000241232e-08;6.839109999709763e-08;1.2008690000220667e-07;6.141479999641888e-06
2.198705000046175e-08;8.97707599971909e-08;1.3014691999997012e-07;5.551812000339851e-06
2.4626770000031683e-08;7.200097999884747e-08;1.2378914999135305e-07;5.127992000197992e-06
1.9654434999392834e-08;7.155964000266977e-08;1.1623109999345615e-07;5.012305999989621e-06
2.19916000001831e-08;8.092755999532528e-08;1.1645879999559838e-07;5.139446000102907e-06
2.411370000045281e-08;7.345493999891915e-08;1.411206500051776e-07;5.298764000181109e-06
2.043267000117339e-08;8.024150000419468e-08;1.253078000008827e-07;5.418840000056661e-06
2.3751259999698958e-08;7.752481999923476e-08;1.2898900000436698e-07;5.317137999809347e-06
2.129617999889888e-08;7.24621000001207e-08;1.3264300000446382e-07;5.3377499995986e-06
2.0244155000546014e-08;7.836096000391989e-08;1.2987089999660384e-07;5.124874000321143e-06
2.266275500005577e-08;8.444913999992423e-08;1.3712015000055543e-07;5.792605999740772e-06
2.2731139999814333e-08;6.296944000059739e-08;1.5129330000490883e-07;5.734175999532453e-06
2.133999999932712e-08;7.643401999957859e-08;1.3809834999847227e-07;6.4373020001221445e-06
1.9697664999694097e-08;7.909531999612227e-08;1.3257450000674e-07;5.36608399997931e-06
1.9898934999946505e-08;7.348610000335611e-08;1.5826625000045168e-07;5.6935780000640076e-06
1.8534370000998024e-08;7.113828000146896e-08;1.200410000019474e-07;5.388298000325449e-06
1.8751704999885988e-08;7.242714000167326e-08;1.2696480000158773e-07;5.378658000263386e-06
1.9098444998962804e-08;7.179250000044703e-08;1.2504549999721348e-07;5.379864000133239e-06
1.9176129999686963e-08;7.091999999829568e-08;1.425974000012502e-07;4.899044000194408e-06
2.0070769998710602e-08;7.85238999989815e-08;1.154992000083439e-07;5.2835979999508705e-06
1.777354999940144e-08;6.376189999864437e-08;1.283123499888461e-07;5.456615999573842e-06
2.406534999900032e-08;7.131850000005215e-08;1.4259540000057313e-07;5.814798000501469e-06
1.88568600002327e-08;8.08844199986197e-08;1.381456000090111e-07;5.491941999644041e-06
2.0499405000009573e-08;6.829629999701865e-08;1.2590734999685083e-07;5.118369999690913e-06
1.941610499925446e-08;7.152405999950133e-08;1.4599520000047052e-07;5.748148000566289e-06
1.9098629998916293e-08;7.797566000372171e-08;1.3786965000326746e-07;5.421408000402152e-06
2.1072950001689606e-08;8.220703999977559e-08;1.3047429999278393e-07;5.787279999931343e-06
2.1594809999805875e-08;7.12560800020583e-08;1.5314894999028183e-07;5.399284000159241e-06
2.19422800000757e-08;7.109760000021197e-08;1.2920500000473113e-07;5.2103740000166e-06
1.969989000062924e-08;7.966581999789923e-08;1.4507705000869465e-07;5.398850000347011e-06
1.8274694999854547e-08;7.470331999938936e-08;1.2038765000761486e-07;4.673169999732636e-06
1.8973865000589285e-08;8.743413999909535e-08;1.296062999899732e-07;5.0979540002299476e-06
2.108938000019407e-08;7.151981999631971e-08;1.3440385001013054e-07;5.109739999752492e-06
1.81249300003401e-08;7.315646000206471e-08;1.2153684999793768e-07;5.974445999599993e-06
2.209741999977268e-08;7.718165999976918e-08;1.2334754999028518e-07;5.353938000043854e-06
2.1353024999552873e-08;8.149320000084117e-08;1.4463275000161957e-07;5.559151999768801e-06
2.1986749999632593e-08;7.531093999859877e-08;1.3915444999292957e-07;5.193501999601722e-06
2.022197500045877e-08;6.485280000488274e-08;1.4602580000064335e-07;5.855681999819353e-06
1.768086999945808e-08;8.757769999792799e-08;1.543581500009168e-07;5.673314000014216e-06
2.3301740002352745e-08;7.167626000009478e-08;1.276310000102967e-07;5.255402000038885e-06
2.3715610000363086e-08;8.39088200009428e-08;1.3947300000290852e-07;5.305389999994077e-06
2.1980220000841656e-08;7.258074000128545e-08;1.2035544999525882e-07;4.962289999821224e-06
2.0192140000290236e-08;8.088143999921157e-08;1.1958949999825563e-07;4.989170000189915e-06
2.0160225000290667e-08;7.455590000026859e-08;1.3218614998913837e-07;5.323271999950521e-06
1.9381939999584575e-08;6.474440000019967e-08;1.2889064999762922e-07;4.723832000163384e-06
2.1240479999687522e-08;7.053752000210807e-08;1.4905375000671483e-07;5.436006000381894e-06
1.939078499999596e-08;7.211653999984265e-08;1.2081559999205639e-07;5.718698000418954e-06
2.1200460000545716e-08;8.503329999512062e-08;1.1831520000123419e-07;5.5243400001199916e-06
2.1081950000370852e-08;7.49496000004001e-08;1.3260250000166707e-07;5.520160000305623e-06
1.997630000114441e-08;7.856143999961205e-08;1.3877750000392553e-07;5.124008000129834e-06
1.9111049998900853e-08;7.748150000115856e-08;1.3124309999693652e-07;5.540581999812275e-06
2.2162560001015662e-08;6.802515999879688e-08;1.166755500016734e-07;5.293848000001163e-06
2.117461000016192e-08;6.691552000120282e-08;1.1825874999340158e-07;4.719949999707751e-06
1.6638209999655374e-08;7.263175999978557e-08;1.1868060000415425e-07;5.0164400000358e-06
2.247324000054505e-08;6.710288000176661e-08;1.1279339999891817e-07;5.361241999780759e-06
1.834076999948593e-08;6.827677999972366e-08;1.335232499986887e-07;5.625881999731064e-06
1.7800839999108574e-08;5.9160460002021864e-08;1.522298000054434e-07;5.040900000021793e-06
2.1745339999324643e-08;7.010190000291914e-08;1.2078389999805949e-07;4.855232000118122e-06
1.8736905000696424e-08;7.383350000018253e-08;1.3512690000061412e-07;5.455584000446834e-06
1.9551619999401737e-08;7.492826000088826e-08;1.398930499999551e-07;5.010502000222914e-06
2.1976680000079796e-08;6.433086000033654e-08;1.3015354999515693e-07;5.40106599975843e-06
1.7280445000506006e-08;8.431797999655827e-08;1.1681664999923669e-07;5.407345999847166e-06
2.209329000033904e-08;8.052701999549754e-08;1.2256329999945593e-07;5.293351999716833e-06
2.4144389998400583e-08;6.761758000357076e-08;1.2584310000238473e-07;5.337466000346467e-06
1.8650480000360402e-08;8.055744000012055e-08;1.167120000027353e-07;5.533009999780916e-06
2.0321614999556914e-08;6.929073999635876e-08;1.2517240000306628e-07;5.005171999800951e-06
1.9241085000976454e-08;6.556189999682828e-08;1.3089395000133663e-07;5.6339500000467525e-06
1.7613785000867212e-08;6.561356000020169e-08;1.1827434999577236e-07;4.887465999927372e-06
2.0270259998505935e-08;6.574102000449784e-08;1.0780749999685213e-07;5.451061999774538e-06
2.0192349998978897e-08;8.00370600016322e-08;1.3448274999973365e-07;4.653863999992609e-06
2.385235000110697e-08;7.360153999761678e-08;1.1668229999486357e-07;5.383910000091419e-06
2.063301999878604e-08;6.263119999784976e-08;1.1040194999077358e-07;4.751459999824874e-06
2.6052999999956227e-08;6.729416000307537e-08;1.2839415000053122e-07;4.935919999843463e-06
2.1125270001357422e-08;7.429956000414677e-08;1.3337984999816398e-07;5.60102800023742e-06
2.2029580001253633e-08;6.942679999629036e-08;1.5663990000030026e-07;6.073220000253059e-06
2.376265999919269e-08;7.030200000153855e-08;1.3767310000548606e-07;6.634216000093147e-06
1.6370720000122672e-08;6.456235999939963e-08;1.2815779999073128e-07;6.315324000315741e-06
2.307157999894116e-08;7.324703999911435e-08;1.3974440000311005e-07;6.186409999500029e-06
1.8911040000966752e-08;7.171420000377111e-08;1.5449890001036694e-07;6.204577999887988e-06
2.0047370000975206e-08;7.064597999560647e-08;1.4623480000591372e-07;6.499627999728546e-06
1.8017710000276566e-08;6.680846000090242e-08;1.2560499999381136e-07;6.107090000296011e-06
2.182031999982428e-08;7.020075999898836e-08;1.233090499881655e-07;6.857814000104554e-06
1.8867395000415853e-08;8.158946000039578e-08;1.2527884999872186e-07;5.701207999954931e-06
2.2075119998771696e-08;6.336131999851204e-08;1.408965499867918e-07;7.104614000418223e-06
1.8498120000003838e-08;7.76784999994561e-08;1.4038609999988694e-07;6.620844000135549e-06
2.0143300000927412e-08;6.455216000322253e-08;1.4394794999680016e-07;5.557957999990322e-06
2.3510689998511225e-08;7.15120000008028e-08;1.3812010000401643e-07;6.6295099997660144e-06
1.6261179999855813e-08;6.290947999805212e-08;1.293017999996664e-07;5.685420000227168e-06
1.8811835000815336e-08;6.261170000070706e-08;1.5876720000233037e-07;6.504929999937303e-06
2.0751095000014173e-08;7.099516000016592e-08;1.3224219999392517e-07;6.088822000310756e-06
2.1540259997709656e-08;6.726102000102401e-08;1.1318025000218768e-07;6.3965779996942725e-06
2.1243929999764077e-08;7.268936000182294e-08;1.1332954998943024e-07;6.6632560000289235e-06
1.8242435000138356e-08;6.036730000050739e-08;1.291961499955505e-07;6.587194000021555e-06
1.6890049999346958e-08;7.331450000056066e-08;1.4351144999091047e-07;6.193791999830864e-06
2.0172979999915695e-08;6.972356000333093e-08;1.3849694999225902e-07;6.74646399973426e-06
2.0861069999227767e-08;7.531998000340536e-08;1.4300315000582488e-07;6.2983980000717565e-06
1.9495764999010135e-08;6.6938040003879e-08;1.4866725000320003e-07;6.322636000113562e-06
2.2538150000036695e-08;7.01255600026343e-08;1.42962850004551e-07;6.082981999497861e-06
2.047652499895776e-08;6.656179999699815e-08;1.3999129999137948e-07;6.556544000050053e-06
2.045749000099022e-08;6.26073399966117e-08;1.3884494999365416e-07;6.546994000091217e-06
1.8774690000282136e-08;6.814508000388741e-08;1.4209539999137633e-07;7.295066000078805e-06
1.8685145000927152e-08;6.279318000306375e-08;1.4072514999134001e-07;6.419377999845892e-06
1.951458499970613e-08;6.460341999772936e-08;1.337647499894956e-07;5.998402000404894e-06
1.896256999898469e-08;6.640896000317298e-08;1.4338959999440704e-07;5.8921220002230255e-06
1.89022449994809e-08;6.781847999664023e-08;1.2494029999652413e-07;5.905671999789774e-06
1.77667099997052e-08;6.14681200007908e-08;1.342712500045309e-07;5.9568040003068745e-06
2.041431999823544e-08;6.464343999978154e-08;1.3978145000874066e-07;5.874484000378288e-06
1.530050999863306e-08;5.607169999857433e-08;1.161555500002578e-07;6.184401999926195e-06
1.6850724999676458e-08;6.681553999660536e-08;1.262630499986699e-07;5.749938000226394e-06
1.572182999952929e-08;6.734810000052676e-08;1.1946205000276676e-07;5.781190000125207e-06
1.8422850000206382e-08;6.513600000180304e-08;1.27835999999661e-07;6.065404000109993e-06
2.191595000040252e-08;6.341625999775716e-08;1.2866365000081714e-07;6.185912000364624e-06
2.0115315000293778e-08;6.288814000436105e-08;1.3306110000121408e-07;5.818845999892801e-06
1.7989119999401738e-08;6.936476000119e-08;1.3809469999978318e-07;6.037498000077903e-06
1.743055499973707e-08;6.196006000391207e-08;1.2068239999643994e-07;5.8752639999147505e-06
1.823652500024764e-08;6.670561999781058e-08;1.237233499996364e-07;5.763615999603644e-06
1.839190499886172e-08;6.308257999480702e-08;1.2643424999259877e-07;6.35091400006786e-06
1.6601074999198318e-08;6.174343999591655e-08;1.2484540000150446e-07;6.6532359999837355e-06
1.8153059999167452e-08;6.533020000206307e-08;1.400407499895664e-07;6.122360000154004e-06
1.9835439999587832e-08;6.461346000432969e-08;1.1583310000423807e-07;6.091953999712132e-06
1.812032000016188e-08;5.948070000158623e-08;1.1592424999980721e-07;5.508514000102878e-06
1.7482085000665392e-08;6.958435999695212e-08;1.3097014999948442e-07;6.139109999639914e-06
2.0373509998898953e-08;6.55453400046099e-08;1.3102275000710506e-07;6.215454000048339e-06
1.8392409999796654e-08;6.292036000522785e-08;1.2678064999636263e-07;6.192767999600619e-06
1.8484270000772086e-08;6.919707999913953e-08;1.2461239998810925e-07;5.899224000168033e-06
1.7623845000343862e-08;6.103234000038355e-08;1.2822930001129863e-07;5.826690000249073e-06
1.7463050001242665e-08;6.404620000394061e-08;1.2569580000126735e-07;5.823817999917082e-06
1.9988184999965595e-08;7.088430000003427e-08;1.2427985000249463e-07;6.104808000382036e-06
1.6702074999921024e-08;6.495494000264443e-08;1.3017629999376368e-07;6.42524799972307e-06
1.7617074999725444e-08;6.07201399980113e-08;1.237567000061972e-07;6.075663999654353e-06
2.0673125000030268e-08;6.447711999644525e-08;1.4167334999365265e-07;5.85298599966336e-06
1.7281745000218508e-08;6.909109999542124e-08;1.227721500035841e-07;5.890379999764264e-06
1.768156500038458e-08;6.213121999753638e-08;1.3780905000749045e-07;5.990735999657773e-06
1.7880045001220425e-08;6.193949999869801e-08;1.252140500000678e-07;6.301423999830149e-06
1.7984085000352933e-08;6.431977999745868e-08;1.1905695000314154e-07;5.848692000145093e-06
1.7779595000320113e-08;6.364242000272498e-08;1.306207000016002e-07;5.87762399984058e-06
1.7452719999710097e-08;6.979500000015833e-08;1.2910259999625852e-07;6.236942000105046e-06
1.8832005000149367e-08;6.69830999977421e-08;1.3303584999812301e-07;5.837535999598913e-06
1.7332909999822733e-08;6.19631199981086e-08;1.197983500023838e-07;5.884637999697588e-06
1.7435004998696967e-08;6.19265399989672e-08;1.2059885000053328e-07;5.780701999901794e-06
1.8419595000159463e-08;6.473186000366695e-08;1.4069800000288524e-07;6.171910000266507e-06
1.8392265000147746e-08;6.887706000125036e-08;1.2826929999573622e-07;6.177580000367015e-06
2.068552999990061e-08;6.332235999871046e-08;1.32861749996664e-07;5.822881999774836e-06
1.7808685000636614e-08;6.681133999954909e-08;1.1979034999967552e-07;6.40434600005392e-06
1.8022760000894776e-08;6.423130000475795e-08;1.2152955000055953e-07;6.0783120000269266e-06
1.7850514999008736e-08;6.450411999830976e-08;1.1870669999916571e-07;5.933380000060424e-06
1.8031159999372904e-08;6.539685999741778e-08;1.2971459999971558e-07;6.36956200003624e-06
1.8473555000673515e-08;6.32030000037048e-08;1.2780114999623037e-07;5.864093999844045e-06
1.7856274999212474e-08;6.523049999959767e-08;1.2995394998870323e-07;5.746868000132963e-06
1.8903979999595322e-08;6.443579999613575e-08;1.247029000078328e-07;6.217195999925025e-06
1.8784455000422895e-08;6.713878000155092e-08;1.2314145000709686e-07;6.624787999899126e-06
1.8990350000967738e-08;6.510810000472702e-08;1.2152055000478868e-07;5.841154000372626e-06
1.9349540000257548e-08;6.752811999758706e-08;1.1541790000046603e-07;6.267863999819383e-06
1.801663000078406e-08;7.358101999852806e-08;1.3671575000626035e-07;6.006945999688469e-06
1.8740619999880436e-08;6.123740000184626e-08;1.2531899999885355e-07;6.063954000128433e-06
1.923109000053955e-08;6.217803999898024e-08;1.2193770000885707e-07;6.074623999884352e-06
1.707089499977883e-08;6.406915999832563e-08;1.3339479999558534e-07;6.31182599987369e-06
1.7604540000320413e-08;7.092866000020876e-08;1.2770594999892638e-07;6.263154000043869e-06
1.9423009999445638e-08;6.638391999877058e-08;1.360685999970883e-07;5.685341999633238e-06
1.9444945000577718e-08;6.134598000207915e-08;1.2446479999925941e-07;6.212570000207051e-06
1.863936500012642e-08;6.818587999441661e-08;1.502201499970397e-07;6.693838000064716e-06
2.4082149998866953e-08;7.746934000169859e-08;1.2779269999009557e-07;6.766137999948114e-06
2.078258000256028e-08;6.631394000141881e-08;1.5028810000512748e-07;6.304158000275493e-06
2.1473760000662877e-08;7.842862000106834e-08;1.4789885000209324e-07;7.180589999770746e-06
2.4570255000435282e-08;7.928428000304848e-08;1.422741499991389e-07;6.424798000371084e-06
2.1075169998221098e-08;6.705630000215024e-08;1.347591000085231e-07;6.32433199963998e-06
2.3690150000038557e-08;6.990442000096664e-08;1.4363069999672007e-07;7.009416000219062e-06
1.9190370000433175e-08;6.793725999887101e-08;1.5539369999896735e-07;6.634705999749713e-06
2.1056159998988733e-08;7.719771999982186e-08;1.2958765000803396e-07;6.4670940005453305e-06
2.0043305000581314e-08;6.939716000342742e-08;1.3115560000005643e-07;6.852777999592945e-06
2.2880860001896507e-08;7.48300199978985e-08;1.2712799999280832e-07;5.9457419998943805e-06
1.7456939999829048e-08;6.294095999910496e-08;1.229309999907855e-07;6.00571199960541e-06
1.5626045000681188e-08;5.580271999933757e-08;1.1205455000163055e-07;6.047536000260152e-06
1.6071749999537133e-08;5.750372000038624e-08;1.1489255000196863e-07;5.732070000376552e-06
1.3299219998589251e-08;4.450192000367679e-08;8.085808000178076e-08;5.696315999957733e-07
1.3428644998930394e-08;4.4660140003543346e-08;8.275483999750577e-08;5.765471999766305e-07
1.381820999959018e-08;4.502107999869622e-08;8.187786000198684e-08;5.69684199988842e-07
1.3558210000337568e-08;4.514228000189178e-08;8.129288000054657e-08;5.792445999686606e-07
1.4003135000530165e-08;4.532058000331745e-08;8.388090000371448e-08;5.834620000096038e-07
1.4115635000052862e-08;4.6146340004634115e-08;8.347219999996014e-08;5.828327999915928e-07
1.3699429998814594e-08;4.402396000223234e-08;8.435454000136815e-08;5.766162000363693e-07
1.3981594999495429e-08;4.3727799999760464e-08;8.200437999912537e-08;5.794471999979578e-07
1.408598499983782e-08;4.4282100000418723e-08;8.39172600011807e-08;5.784369999892079e-07
1.3697984999453184e-08;4.3443879997357724e-08;8.256966000190004e-08;5.706287999637425e-07
1.4221869999892078e-08;4.4330359995365144e-08;8.460510000004432e-08;5.900440000114031e-07
1.4045579999219627e-08;4.557649999624118e-08;8.446140000014566e-08;5.802926000324078e-07
1.4159150001069066e-08;4.381409999914467e-08;8.789493999793194e-08;5.817426000139676e-07
1.44853450008668e-08;4.454597999574617e-08;9.677451999741607e-08;6.025849999859929e-07
1.4015854999888688e-08;4.70400599995628e-08;8.59351399994921e-08;5.834394000121392e-07
1.4499450000585057e-08;4.7175139997852966e-08;8.414027999970131e-08;5.838563999859617e-07
1.4347834998625331e-08;4.578185999998823e-08;8.34932999976445e-08;5.832343999645673e-07
1.4355374999286142e-08;4.760795999900438e-08;8.583919999655336e-08;5.92999599990435e-07
1.388635500043165e-08;4.6534019999671727e-08;8.427887999569066e-08;5.888005999731831e-07
1.4407339999161195e-08;4.7212799999397246e-08;8.63277599972207e-08;5.859458000049926e-07
1.4454764999391045e-08;4.575370000093244e-08;8.530759999994189e-08;5.933250000234693e-07
1.457121499988716e-08;4.866928000119515e-08;8.646245999843814e-08;5.895626000128687e-07
1.4435674999549519e-08;4.7194959997432306e-08;8.636911999783478e-08;5.891431999625638e-07
1.4856269999290816e-08;4.652642000000924e-08;8.631632000324317e-08;5.90976600011345e-07
1.4025655000295955e-08;4.7308639995753766e-08;8.845297999796458e-08;6.137071999837644e-07
1.4753859999473206e-08;4.7326880000764506e-08;8.630493999808095e-08;5.918867999571376e-07
1.4364940000814386e-08;4.7612459998345e-08;8.548089999821969e-08;6.019567999755964e-07
1.4625240000896157e-08;5.0388479995308445e-08;8.563670000294223e-08;5.918373999884352e-07
1.4180204999865965e-08;4.845482000382617e-08;8.904621999827214e-08;6.190280000446365e-07
1.450448499963386e-08;4.8014419997343795e-08;8.798287999816239e-08;5.938974000164308e-07
1.4273199999297503e-08;4.9627719999989494e-08;8.818630000459961e-08;5.969258000259288e-07
1.509593000082532e-08;4.8526859999401495e-08;8.787626000121236e-08;6.04384200007189e-07
1.501826500025345e-08;4.86639800015837e-08;8.757580000092275e-08;6.193583999993279e-07
1.4743265000288375e-08;4.7601880005095154e-08;8.58620000013616e-08;6.023259999928996e-07
1.479185500065796e-08;4.8347999999532475e-08;8.699289999785833e-08;6.02759400033392e-07
1.4719865001097787e-08;4.8798819998046386e-08;8.968675999785774e-08;5.86650200013537e-07
1.4507490000687539e-08;4.6524459996726365e-08;8.764464000123554e-08;6.080897999927402e-07
1.4837624999927357e-08;4.866047999821603e-08;8.611537999822759e-08;5.993451999966055e-07
1.4869310001085978e-08;4.7535060002701355e-08;9.051105999969878e-08;6.081125999917276e-07
1.5061200001218823e-08;4.9249799997778607e-08;9.093158000032417e-08;6.146972000133246e-07
1.5237530000740664e-08;4.826644000131637e-08;8.909479999565519e-08;6.049826000235043e-07
1.505503999942448e-08;4.904950000345707e-08;8.75705000013113e-08;6.058369999518618e-07
1.5304000000469388e-08;4.989261999726295e-08;9.042385999928228e-08;6.218744000070729e-07
1.4746960000775288e-08;4.7662000003037977e-08;8.877062000101433e-08;6.129804000374861e-07
1.5125194999563974e-08;4.742093999520876e-08;8.71772599988617e-08;6.179796000360512e-07
1.4540064999891911e-08;4.6610039996448905e-08;8.8644720002776e-08;5.889213999616914e-07
1.4688125000975561e-08;4.667104000109248e-08;8.835480000125245e-08;6.085369999636896e-07
1.4497209999535698e-08;4.9193379998905585e-08;9.142388000036589e-08;6.204118000459857e-07
1.4776069999788887e-08;4.9556080001639204e-08;9.067826000391506e-08;6.028947999584489e-07
1.4649590000044554e-08;4.882627999759279e-08;8.816740000038408e-08;6.149208000279032e-07
1.538381999998819e-08;4.942629999713972e-08;9.093122000340372e-08;5.93356799974572e-07
1.5292444999795407e-08;4.9651280004763974e-08;9.115814000251703e-08;6.181976000079885e-07
1.4299180000671185e-08;4.9410559999523686e-08;8.622098000487312e-08;6.241395999677479e-07
1.5356515000166836e-08;5.0088020000839606e-08;8.971844000043347e-08;6.116261999704875e-07
1.4279910000914242e-08;4.933210000162944e-08;8.842701999819837e-08;6.13001199963037e-07
1.5033709999988788e-08;4.926316000055522e-08;9.032091999542899e-08;6.168760000145994e-07
1.4702234999276697e-08;4.968136000097729e-08;9.102958000148646e-08;6.248909999849275e-07
1.4711279999755788e-08;4.994574000011198e-08;9.286798000102863e-08;6.145830000168644e-07
1.4908339999965393e-08;4.9174219998531044e-08;8.680081999627874e-08;6.203460000106133e-07
1.5185665000171865e-08;4.922354000154883e-08;8.742406000383199e-08;6.13526000001002e-07
1.4866464999795425e-08;4.980838000192307e-08;8.920800000196322e-08;6.060926000354811e-07
1.4943345000210684e-08;4.911616000463255e-08;8.996577999787405e-08;6.091697999509052e-07
1.4777434999996331e-08;4.983081999816932e-08;8.880818000179715e-08;6.156299999565818e-07
1.52886750001926e-08;4.878529999987222e-08;8.79791000043042e-08;6.093561999732629e-07
1.4617219999490771e-08;4.8781439999584107e-08;8.635943999979645e-08;6.223944000084884e-07
1.499150000017835e-08;4.739407999441028e-08;8.743259999901056e-08;6.003942000097595e-07
1.492788500036113e-08;4.967161999666132e-08;9.287915999884717e-08;6.383822000352666e-07
1.4612595000653527e-08;4.9769180000294e-08;8.773527999874204e-08;6.252659999881872e-07
1.4668510000046808e-08;4.9000099999830124e-08;8.710541999898851e-08;6.101416000165046e-07
1.5341919999627862e-08;4.875278000254184e-08;8.747643999522552e-08;6.262996000004933e-07
1.5135544999793636e-08;5.036126000341028e-08;8.807507999590598e-08;5.987363999593072e-07
1.5047140000388028e-08;5.0681920000351966e-08;8.802114000427537e-08;6.112507999641821e-07
1.4814854999713135e-08;4.8697160003939643e-08;8.530363999889232e-08;6.076471999986097e-07
1.5425555000547318e-08;4.850418000132777e-08;8.737837999942712e-08;6.266319999704138e-07
1.5573324999422768e-08;4.864066000445746e-08;9.056624000077136e-08;6.10930799972266e-07
1.5292625001166017e-08;4.800006000441499e-08;8.956704000011087e-08;5.971858000266366e-07
1.4899524999782443e-08;4.8192940000444653e-08;8.740522000007332e-08;6.021272000507451e-07
1.5510565000295174e-08;4.917172000277787e-08;9.308327999897301e-08;6.162524000392295e-07
1.4699130000371952e-08;4.912811999674886e-08;8.823594000423328e-08;5.944149999995716e-07
1.4388160000089556e-08;4.789913999848068e-08;8.994468000018969e-08;6.269296000245958e-07
1.5421234999666923e-08;4.919836000190116e-08;8.969739999738522e-08;6.211199999670498e-07
1.4587809999648017e-08;4.815835999906995e-08;8.954633999965154e-08;6.159422000055201e-07
1.5655030000198166e-08;4.993636000435799e-08;9.005328000057489e-08;6.235020000021904e-07
1.5297204999660608e-08;4.871156000299379e-08;8.78778800019063e-08;6.164288000436499e-07
1.524945499986643e-08;4.761945999925956e-08;8.701447999919764e-08;6.130080000148155e-07
1.5501859999494626e-08;4.94446600030642e-08;9.022178000304848e-08;6.227334000286647e-07
1.5064709998841864e-08;4.994224000256509e-08;8.795727999531664e-08;6.173811999615282e-07
1.535464999906253e-08;4.777200000244193e-08;9.141909999889322e-08;6.173891999642365e-07
1.5529314999002964e-08;4.7473959997296336e-08;9.187876000069082e-08;6.074401999940165e-07
1.5143929999612738e-08;4.8512080003274606e-08;9.040021999971941e-08;6.213201999780722e-07
1.4503435000369792e-08;5.019138000207022e-08;8.653998000081629e-08;6.247194000170566e-07
1.5476799999305512e-08;4.928452000021934e-08;8.851600000052713e-08;6.08370800036937e-07
1.5273990000423508e-08;5.012059999862686e-08;8.662550000008196e-08;6.215082000126131e-07
1.4435635000700131e-08;5.005544000305235e-08;9.266735999844968e-08;6.054501999751664e-07
1.5378310000232888e-08;4.891696000122465e-08;8.96048399969004e-08;6.028674000408501e-07
1.5340044999902603e-08;4.7524120000889525e-08;8.811991999973543e-08;6.237385999993421e-07
1.508027999952901e-08;4.8062900005606934e-08;9.018903999822214e-08;6.064523999812081e-07
1.46760549992905e-08;5.019097999902442e-08;8.85193000023719e-08;6.087077999836765e-07
1.4861819999350701e-08;4.732795999734662e-08;9.013658000039868e-08;6.003242000006139e-07
1.484605500008911e-08;4.768472000141628e-08;8.535530000226572e-08;6.12790999992285e-07
1.4943145000142977e-08;4.79486399970483e-08;1.0613079999166075e-07;4.6779660001629965e-06
1.4577444999304134e-08;4.7790679999161515e-08;1.0872345000097994e-07;4.559884000336751e-06
1.4895679999608547e-08;4.609462000080384e-08;1.0642895000637508e-07;4.661164000281133e-06
1.562831500050379e-08;4.7721660003298895e-08;1.0161704999336507e-07;4.673403999768198e-06
1.5212595000048167e-08;4.8445480002556e-08;1.1618435000127647e-07;5.098494000267237e-06
1.539697999978671e-08;4.5915660000173374e-08;1.1487884999951348e-07;4.800283999647945e-06
1.486486500070896e-08;4.708466000156477e-08;1.0884909999731463e-07;4.7192260000156235e-06
1.5095650000148452e-08;4.890214000479318e-08;1.0514379999949597e-07;4.837356000207365e-06
1.50612600002205e-08;4.8382119997404514e-08;1.0421910000150092e-07;4.6033580001676456e-06
1.537236000003759e-08;4.63562999968417e-08;1.0623355000279844e-07;4.555641999468207e-06
1.514811999950325e-08;4.778123999712989e-08;1.043853000010131e-07;4.5674540003528814e-06
1.558526500011794e-08;4.816665999824181e-08;1.0457859998859931e-07;4.632137999869883e-06
1.4801155000168364e-08;4.569508000276983e-08;1.0893619999114889e-07;4.609294000547379e-06
1.4754104999883566e-08;4.558077999972738e-08;1.0404945000482258e-07;4.5748780004214496e-06
1.4820854998833966e-08;4.73894199996721e-08;1.0603624999930617e-07;4.568747999728658e-06
1.481978999945568e-08;4.644297999911942e-08;1.041321499942569e-07;4.413495999760926e-06
1.4854115000343881e-08;4.5686019997810945e-08;1.0520960000576451e-07;4.683425999828614e-06
1.4724814999499359e-08;4.6325339999748394e-08;1.0161985000013374e-07;4.605646000127308e-06
1.4742280000064056e-08;4.661647999892011e-08;1.0740059999807272e-07;4.699896000092849e-06
1.5245979999599512e-08;4.672656000475399e-08;1.0503444999631029e-07;4.580625999951735e-06
1.5687065001111477e-08;4.9411539995344355e-08;1.0975319999852218e-07;4.648075999575667e-06
1.5295160000096076e-08;4.863123999675736e-08;1.0488470000564121e-07;4.602368000196293e-06
1.4899124999647029e-08;4.859424000023864e-08;1.0824755000066943e-07;4.664603999699466e-06
1.4652249999926425e-08;4.628064000280574e-08;1.0548209999979008e-07;4.7490899998229e-06
1.4447929999732877e-08;4.8277239996241404e-08;1.0472985000524205e-07;4.580777999944985e-06
1.4770054999098648e-08;4.6825679996982216e-08;1.0448434999852907e-07;4.639553999877535e-06
1.520334500091849e-08;4.573380000074394e-08;1.1467835000075865e-07;4.611263999831862e-06
1.5614505000121426e-08;4.680048000300303e-08;1.0704015000374056e-07;4.6879740001168105e-06
1.518854000023566e-08;4.587941999780014e-08;1.0807684999599587e-07;4.714024000568315e-06
1.4854434999870136e-08;4.630309999920428e-08;1.050505500024883e-07;4.668486000155099e-06
1.5058694999606813e-08;4.836815999587998e-08;1.0766295000212267e-07;4.701602000277489e-06
1.4898764999816195e-08;4.7295419999863954e-08;1.0539805000007618e-07;4.536645999760367e-06
1.5102989999286365e-08;4.6231480001006275e-08;1.0754294999060221e-07;4.701494000037201e-06
1.5710154999396763e-08;4.6445999998832125e-08;1.0596010000153911e-07;4.6612299996195364e-06
1.4758230000734329e-08;4.8366580001311376e-08;1.0405160000664183e-07;4.721859999699518e-06
1.481874499877449e-08;4.540920000290498e-08;1.0546605000854469e-07;4.622224000049755e-06
1.4857005000521895e-08;4.673562000389211e-08;1.0198418000363745e-07;4.7074339998653155e-06
1.4965929999016225e-08;4.673116000485607e-08;1.0606059999554417e-07;4.495543999946676e-06
1.5007165000133682e-08;4.6172660001320766e-08;1.0788350000802893e-07;4.564059999538585e-06
1.4725194999482483e-08;4.6552620001602915e-08;1.0986455000238493e-07;4.763958000112325e-06
1.4888875000178813e-08;4.592853999929502e-08;1.0374824999598786e-07;4.7443960001692174e-06
1.5565574998618104e-08;4.545561999548227e-08;1.1036310000054072e-07;4.702363999676891e-06
1.5309634999721312e-08;4.5126499998150395e-08;1.0349365000729449e-07;4.727505999617279e-06
1.535559000039939e-08;4.8507440002867954e-08;1.0453574999701231e-07;4.850488000083715e-06
1.490771499957191e-08;4.779147999943234e-08;1.0021409999171737e-07;4.654065999784507e-06
1.448087500029942e-08;4.525331999757327e-08;1.060023499885574e-07;4.614846000331454e-06
1.570958499942208e-08;4.846801999956369e-08;1.0463080000772606e-07;4.669995999429375e-06
1.4499975000217091e-08;4.6125240001128984e-08;1.0393675000523217e-07;4.833417999907397e-06
1.5661725000245497e-08;4.66007000009995e-08;1.0554969999066088e-07;4.671340000350029e-06
1.4918009999382776e-08;4.7217179997824134e-08;1.094961500057252e-07;4.582693999982439e-06
1.476808000006713e-08;4.6748059999663386e-08;1.0564730000623968e-07;4.66270400036592e-06
1.471618500072509e-08;4.7610359999816865e-08;1.0464844999660273e-07;4.574233999592252e-06
1.5610730000480542e-08;4.879708000225946e-08;1.0573734999343288e-07;4.653350000153296e-06
1.558311499975389e-08;4.600801999913528e-08;1.0814944999583531e-07;4.624717999831773e-06
1.514580999937607e-08;4.713023999938741e-08;1.0379430001194123e-07;4.628108000033535e-06
1.4639840000018012e-08;4.869013999705203e-08;1.110008500108961e-07;4.626341999974102e-06
1.4336444999207743e-08;4.649820000049658e-08;1.0269939999852796e-07;4.64412999979686e-06
1.526785499881953e-08;4.6859240002231674e-08;1.1085690000618343e-07;4.68719000054989e-06
1.5502289999858475e-08;4.840918000554666e-08;1.1182330000156071e-07;4.715522000333294e-06
1.4754905000154395e-08;4.6403119998285546e-08;1.0827419999986887e-07;4.78887599951122e-06
1.526140500063775e-08;4.508180000120774e-08;1.0512419999577105e-07;4.6004560001892965e-06
1.542374000127893e-08;4.818485999712721e-08;1.0873654999886639e-07;4.871833999641239e-06
1.5354184999887367e-08;4.7857859998475763e-08;1.0557515000982675e-07;4.6588380000321195e-06
1.493194000067888e-08;4.787056000204757e-08;1.0768044998985715e-07;4.784947999869473e-06
1.5105179999954998e-08;4.830095999641344e-08;1.0697090000030585e-07;4.773155999719165e-06
1.5025779999268707e-08;4.8405000002821906e-08;1.0965964999923017e-07;4.718981999903918e-06
1.5067825000733137e-08;4.592981999740004e-08;1.0511330000008457e-07;4.5639680000022055e-06
1.4876720000756905e-08;4.6047419996466486e-08;1.0934209999686573e-07;4.7443620004924015e-06
1.5353009999671485e-08;4.607741999789141e-08;1.1014135000004899e-07;4.663865999900736e-06
1.4802765000786167e-08;4.701945999986492e-08;1.0159829999611247e-07;4.6515559998806566e-06
1.4702495001256466e-08;4.657772000064142e-08;1.0611464999965392e-07;4.7193200001493095e-06
1.519018499966478e-08;4.5625180000206455e-08;1.0973144999297801e-07;4.457383999833837e-06
1.561770499974955e-08;4.718423999729566e-08;1.0290105000603944e-07;4.561707999673672e-06
1.56578800000716e-08;4.8552660003770146e-08;1.0228269999788608e-07;4.618053999729454e-06
1.4835319999838248e-08;4.854512000456452e-08;1.0961200000019744e-07;4.78235200047493e-06
1.547835500095971e-08;4.7806900000432503e-08;1.0949385000276379e-07;4.714797999477014e-06
1.5385595000407194e-08;4.69141999958083e-08;1.0966799999005161e-07;4.844710000324994e-06
1.4948330000333955e-08;4.661045999964699e-08;1.12215949993697e-07;4.702703999937512e-06
1.5491209999890998e-08;4.959895999636501e-08;1.13312550005503e-07;4.74860800022725e-06
1.5957935000187716e-08;4.85318000020925e-08;1.1169289999816101e-07;4.818524000002071e-06
1.613985500007402e-08;4.8290639999322595e-08;1.1024009999528062e-07;4.647275999886915e-06
1.586976000107825e-08;4.7612200002186e-08;1.1414225000771694e-07;4.679873999557458e-06
1.6223380000155885e-08;4.844819999998435e-08;1.076580999942962e-07;4.808119999943301e-06
1.6098559999954888e-08;4.922048000153154e-08;1.1142110000946559e-07;4.831121999886818e-06
1.5896605000307317e-08;5.0522619998082516e-08;1.1323980000452139e-07;4.6586980001302435e-06
1.6209329999401233e-08;5.006694000330753e-08;1.1120785000093746e-07;4.8391560005256905e-06
1.5560055000241847e-08;4.778761999914423e-08;1.0910960000182968e-07;4.673691999632865e-06
1.5216440000222065e-08;4.844762000138871e-08;1.1018020000483375e-07;4.861794000025839e-06
1.583524000016041e-08;4.882438000058755e-08;1.0493629999109544e-07;4.677812000154517e-06
1.5209774998947978e-08;4.9243840004783125e-08;1.1146709999593441e-07;4.609216000535525e-06
1.563428500085138e-08;4.5797659998061137e-08;1.0635440000623931e-07;4.7569360001944e-06
1.509209500072757e-08;4.920007999753579e-08;1.0936074999335688e-07;4.667106000124477e-06
1.4881610000156797e-08;4.884987999685109e-08;1.026304999977583e-07;4.693595999851823e-06
1.5419879999535624e-08;4.532442000345327e-08;1.0954844999650959e-07;4.6691039996221666e-06
1.5897405000578146e-08;4.893160000210628e-08;1.0390459999325686e-07;4.645812000380829e-06
1.577188999945065e-08;4.882623999728821e-08;1.0845235000306275e-07;4.677368000266142e-06
1.4830269999220036e-08;4.692305999924429e-08;1.1838365001312923e-07;4.588057999499142e-06
1.5859624999575316e-08;5.096030000131577e-08;1.1160170000221115e-07;4.676986000267789e-06
1.4798685000278056e-08;4.7984019998693837e-08;1.0469489998649806e-07;4.695554000209085e-06
1.587126999947941e-08;4.8611080000409855e-08;1.073469999973895e-07;4.682842000038363e-06
1.5394049999304114e-08;5.691795999882743e-08;1.592168000061065e-07;6.952994000166654e-06
1.502613499906147e-08;5.626504000392743e-08;1.4933879999443889e-07;6.935932000051252e-06
1.5537394999410027e-08;5.483816000050865e-08;1.4731775000109338e-07;7.1804000000702215e-06
1.5338894999877083e-08;5.6173640000633893e-08;1.5515414999390486e-07;7.200483999913558e-06
1.5241090000199618e-08;5.760928000090644e-08;1.5493289999722037e-07;7.167199999676086e-06
1.5525099998922088e-08;5.5673359998036175e-08;1.5183089999482035e-07;6.969336000038311e-06
1.5122825000435113e-08;5.564248000155203e-08;1.5869914999348113e-07;7.162265999941155e-06
1.5677889999642504e-08;5.647675999789499e-08;2.2667289999662898e-07;6.987513999920339e-06
1.535345000011148e-08;5.3960020001977684e-08;1.5456209999683778e-07;6.865980000002309e-06
1.5114914999867323e-08;5.7017960003577174e-08;1.5564855000411626e-07;7.04511400021147e-06
1.5855520000332036e-08;5.541322000208311e-08;1.5442765000625514e-07;7.190547999925911e-06
1.4446569999563507e-08;5.5891540000448e-08;1.5095315000507982e-07;7.17948199948296e-06
1.583243999921251e-08;5.776121999952011e-08;1.6017920000012963e-07;7.2825879999436436e-06
1.5835284999047873e-08;5.705491999979131e-08;1.5952694999577942e-07;7.271965999971144e-06
1.57512650010176e-08;5.7467639999231324e-08;1.4848565000283997e-07;6.94576199981384e-06
1.4880570000968873e-08;5.441010000067763e-08;1.56045699986862e-07;6.945348000153899e-06
1.5761720000591595e-08;5.724019999615848e-08;1.5762909999466502e-07;6.946201999671757e-06
1.5004695000243373e-08;5.420499999891035e-08;1.4330179999524262e-07;7.138385999714956e-06
1.4935105000040494e-08;5.4874140000902114e-08;2.2888830001465977e-07;7.1238719997927545e-06
1.5628034999826925e-08;5.902461999794468e-08;1.549902499973541e-07;7.056976000312716e-06
1.5930104999279137e-08;5.4327040002681316e-08;1.5401509999355766e-07;6.98904599994421e-06
1.519653499999549e-08;5.521543999784626e-08;1.554725000023609e-07;6.8719660001806915e-06
1.5094479999970645e-08;5.566351999877952e-08;1.5443135000532494e-07;7.201477999915369e-06
1.5772514999844135e-08;5.965781999984756e-08;1.6213644998788368e-07;7.0189800002845e-06
1.5201769999112004e-08;5.773838000022806e-08;1.557139000069583e-07;7.062421999871731e-06
1.5059900000051128e-08;5.6046280002919955e-08;1.558156999963103e-07;7.268530000001192e-06
1.5541269999812356e-08;5.4994040000019596e-08;1.5444459998980165e-07;7.045961999683641e-06
1.4753424999071286e-08;5.6955780001590026e-08;1.4786529999400956e-07;7.02030599990394e-06
1.5357080000103453e-08;5.776256000390276e-08;1.5116814999782946e-07;7.005441999644973e-06
1.4911234998726287e-08;6.077459999942221e-08;1.5430875000311062e-07;6.943882000050507e-06
1.496023499930743e-08;5.461272000102326e-08;1.6063640000356826e-07;7.126072000246495e-06
1.4970704998995645e-08;5.503004000056535e-08;1.5154994999466e-07;7.218207999831065e-06
1.4970280000125057e-08;6.092007999541238e-08;1.5478349999466446e-07;7.028191999997944e-06
1.5762560001167002e-08;6.157799999928103e-08;1.5316729999904056e-07;7.106408000108786e-06
1.4780500000051688e-08;5.637007999466732e-08;1.5274639999552164e-07;6.9859619997441765e-06
1.4860570000018924e-08;5.9230319998459893e-08;1.4877734999754467e-07;6.9057099998462945e-06
1.4945175001048483e-08;5.6168220000108706e-08;1.5576144999067764e-07;7.118870000122115e-06
1.5264179999940097e-08;5.671132000279613e-08;1.519733499881113e-07;7.241581999696791e-06
1.4972924999892712e-08;5.76472399989143e-08;1.499033000000054e-07;7.1186199999647215e-06
1.4843364999978803e-08;6.168429999961518e-08;1.5563190000830218e-07;7.131632000091486e-06
1.4366099999460857e-08;6.314161999616771e-08;1.4301369999884627e-07;7.306765999528579e-06
1.480728500027908e-08;5.772024000179954e-08;1.5530045000195968e-07;7.078532000305131e-06
1.5780255000572652e-08;5.4652779997559264e-08;1.5313789999345316e-07;6.98130399978254e-06
1.5177694999147207e-08;5.452329999534413e-08;1.5484719999949447e-07;7.007810000213794e-06
1.4871285000117496e-08;5.70311599993147e-08;1.5050514999893493e-07;7.004395999829285e-06
1.5308785000524948e-08;5.681606000289321e-08;1.5877650000038556e-07;7.0298040000488985e-06
1.5666280000004916e-08;6.078922000015155e-08;1.6093640000326558e-07;7.172893999959342e-06
1.5457964999950492e-08;5.689591999980621e-08;1.5057600000000094e-07;7.182283999864012e-06
1.4289874999667517e-08;5.492719999747351e-08;1.5527654999459628e-07;6.8786500004353e-06
1.529291999904672e-08;5.9341159998439256e-08;1.6012860000773799e-07;7.087304000160657e-06
1.5870904999610504e-08;5.599942000117153e-08;1.5407999999297316e-07;7.04467800038401e-06
1.5201094999792985e-08;5.548438000259921e-08;2.2031309999874794e-07;7.2392100002616645e-06
1.5913664999243337e-08;5.585773999919184e-08;1.6146920000028332e-07;7.064117999980226e-06
1.522201500047231e-08;5.581625999766402e-08;1.5124414999445436e-07;6.9208960002288225e-06
1.4863120000518393e-08;5.612278000335209e-08;1.58941199988476e-07;7.097901999950409e-06
1.5687185000570026e-08;5.4901999997673555e-08;1.5004735000547953e-07;7.162185999914073e-06
1.4855584999895655e-08;5.623124000267126e-08;1.499261499993736e-07;7.278280000318773e-06
1.5889249999599996e-08;6.183841999736614e-08;1.4834154999698512e-07;7.152116000070237e-06
1.4371269999537618e-08;5.3729359997669236e-08;1.5608155001245905e-07;7.005276000127196e-06
1.5607825000188313e-08;5.492707999655977e-08;1.5494754999235738e-07;6.885024000075646e-06
1.5747395000653342e-08;5.476363999769091e-08;1.4822745000128634e-07;7.264050000230782e-06
1.480541000055382e-08;5.7813340000575405e-08;1.5158039999369067e-07;6.987593999947421e-06
1.5142355000716634e-08;5.428626000066288e-08;1.5361940000730102e-07;6.9872280000709e-06
1.5124705000198447e-08;6.110894000157714e-08;1.5085330000147223e-07;7.093710000044666e-06
1.519695999886608e-08;5.586326000047847e-08;1.5029520000098274e-07;7.3047400003997605e-06
1.49300699995365e-08;5.4794920003041625e-08;1.546175499970559e-07;6.817583999945782e-06
1.5760869999940042e-08;5.520966000040062e-08;1.4807209999707993e-07;6.990947999875061e-06
1.518618500122102e-08;5.776474000304006e-08;1.4444940000248606e-07;7.1456140000373124e-06
1.4342654999927617e-08;5.6806379999034106e-08;1.526651499880245e-07;7.1153440000489355e-06
1.531667499948526e-08;5.543366000056267e-08;1.5567629999713973e-07;7.148916000151076e-06
1.5513619998819194e-08;5.499389999895357e-08;1.519216000015149e-07;7.1977079997304825e-06
1.535306500009028e-08;5.543091999716125e-08;1.5485484999953768e-07;7.289630000013858e-06
1.5021935000550002e-08;5.497052000137046e-08;1.5946604999771807e-07;7.102596000186168e-06
1.5378405000956264e-08;5.428073999937624e-08;2.332909999822732e-07;7.194868000224233e-06
1.5192234999267383e-08;5.52935800049454e-08;1.5432039998995606e-07;6.827942000236362e-06
1.4673345000483096e-08;5.690269999904558e-08;1.5638885000953452e-07;7.0069280004827306e-06
1.5875570000207518e-08;5.74497000023257e-08;1.5356990000873339e-07;7.346785999834538e-06
1.5516669998760334e-08;5.718931999872439e-08;1.5498570000636392e-07;7.227892000228167e-06
1.4673565000703093e-08;5.504429999855347e-08;1.5541775000747294e-07;7.174442000105046e-06
1.4705310000863392e-08;5.530515999998897e-08;1.5852040000027046e-07;6.932954000076279e-06
1.4870039999368601e-08;5.4816639999626205e-08;1.4672940000309608e-07;7.116231999825686e-06
1.4841714999056422e-08;5.335378000163473e-08;1.5852905000792817e-07;7.147047999897041e-06
1.5420259999518748e-08;5.790695999749005e-08;1.5072800000780263e-07;7.003908000187948e-06
1.4842070000304375e-08;5.373280000058003e-08;1.4787410000280943e-07;7.024213999975473e-06
1.5612495000823402e-08;5.559374000295065e-08;1.5693610000016632e-07;6.846360000199638e-06
1.567190500063589e-08;5.58580000011716e-08;1.5609604999190196e-07;6.878771999618038e-06
1.4861205000488553e-08;5.48385199974291e-08;1.5678630000911652e-07;6.877912000054493e-06
1.5220029999909456e-08;5.8330860000569375e-08;1.6788794999592938e-07;7.212079999735579e-06
1.5829600000870414e-08;5.9249339997768405e-08;1.4963249998982064e-07;7.175156000303105e-06
1.4805240000714548e-08;5.962635999894701e-08;1.524028999992879e-07;6.9965860003139825e-06
1.495870999933686e-08;5.697112000198104e-08;1.5006139999604783e-07;6.924132000422105e-06
1.543400499940617e-08;6.213305999990553e-08;1.5198535000672565e-07;7.1518619998823855e-06
1.5204415000334848e-08;5.7888000004459174e-08;1.5779919999476987e-07;7.257698000175878e-06
1.5284580001025462e-08;5.457670000032522e-08;1.4908009998907801e-07;7.189266000059433e-06
1.5425140000297688e-08;5.924774000304751e-08;1.5372029998979998e-07;7.068340000114404e-06
1.5694025000266266e-08;5.48516999988351e-08;1.532930499961367e-07;7.251952000078745e-06
1.5412054999615067e-08;5.70075600000564e-08;1.52677499994752e-07;7.17917000001762e-06
1.4663139999902342e-08;5.4246460000285876e-08;1.5477900000405497e-07;6.9341959996381775e-06
1.4361970000027213e-08;5.709916000487283e-08;1.4994255000783597e-07;7.146241999580525e-06
1.5833289999864064e-08;6.133754000184127e-08;1.5356925000378396e-07;7.008960000239313e-06
1.439177499996731e-08;6.18584199983161e-08;1.6561024999828078e-07;9.504703999846243e-06
1.5552045000367798e-08;5.9503140003653245e-08;1.6106779999972788e-07;9.284972000168636e-06
1.4970749999338294e-08;5.736106000258587e-08;1.6770809999434277e-07;9.433888000203296e-06
1.4751364999392535e-08;6.08847199997399e-08;1.692355499981204e-07;9.333643999998457e-06
1.5730249999614897e-08;5.3729639999801294e-08;1.6111079999245702e-07;9.54864599974826e-06
1.4886280000791885e-08;5.6751600001007317e-08;1.617947000049753e-07;9.711647999938578e-06
1.5643714999896473e-08;5.579976000008173e-08;1.703552499966463e-07;9.476766000152565e-06
1.5214609999384266e-08;5.752026000409387e-08;1.7111614999885206e-07;1.0021975000563543e-05
1.5107279999938326e-08;5.487120000179857e-08;1.7278905000421218e-07;9.874743999680503e-06
1.5531090000877156e-08;6.101751999813132e-08;1.6297274999669753e-07;9.433046000194736e-06
1.569286000012653e-08;5.5110419995617124e-08;1.6473770000447985e-07;9.605024000047706e-06
1.5140669999527746e-08;5.998393999761901e-08;1.6611590000684372e-07;9.490551999770106e-06
1.548878499888815e-08;6.032207999960519e-08;1.6604384999664034e-07;9.535113999736496e-06
1.449622499931138e-08;5.576046000351198e-08;1.7163215001346544e-07;9.464659999939613e-06
1.5297715000633615e-08;6.019743999931961e-08;1.6878495000128168e-07;9.572634000214748e-06
1.5610790000937413e-08;5.6379779998678717e-08;1.7017635000229347e-07;9.459898000350221e-06
1.5292570000747217e-08;5.4822039999999106e-08;1.6681544999300967e-07;9.53386600012891e-06
1.5063945000292733e-08;5.628102000337094e-08;1.622582000127295e-07;9.507964000222273e-06
1.4809170000080485e-08;5.685999999986962e-08;1.7192375000740867e-07;9.7858619998442e-06
1.5536449999490287e-08;6.090468000038527e-08;1.677423499932047e-07;9.189036000170745e-06
1.4308910000545438e-08;5.59277199965436e-08;1.7086689999268857e-07;9.361028000130318e-06
1.517392999958247e-08;5.983895999961533e-08;1.68682550007361e-07;9.45867000031285e-06
1.55028349996428e-08;5.447415999951772e-08;1.6307709999091458e-07;9.447523999842816e-06
1.5128135000122712e-08;5.953997999895364e-08;1.6300409998802935e-07;9.658166000153869e-06
1.5643014998931903e-08;5.501925999997184e-08;1.6338290000567214e-07;9.269117999938317e-06
1.4697320001141634e-08;5.5021399998804554e-08;1.6429870000865777e-07;9.534064000472426e-06
1.4697549999982584e-08;6.166057999944314e-08;1.6893260000506417e-07;9.525263999821618e-06
1.459014499996556e-08;5.338099999935366e-08;1.709909500059439e-07;9.41774200007785e-06
1.500549000047613e-08;5.4920280002988876e-08;1.6275460000906604e-07;9.292309999582358e-06
1.4922054999624378e-08;6.060724000562913e-08;1.596123999916017e-07;9.3178840004839e-06
1.4654435000556987e-08;5.973988000187092e-08;1.672783999965759e-07;9.408917999826372e-06
1.5711759999976493e-08;6.089020000072196e-08;1.6598720000183676e-07;9.172088000341319e-06
1.525761000084458e-08;5.56309399951715e-08;1.6736235001008026e-07;9.589514000108466e-06
1.5184690000023694e-08;5.77087199955713e-08;1.5924819999781903e-07;9.680913999909534e-06
1.5074660000391305e-08;6.241643999819644e-08;1.636700499948347e-07;9.12938599998597e-06
1.4936200001102407e-08;6.275063999928534e-08;1.710291499912273e-07;9.606432000291534e-06
1.4676210000470746e-08;5.5127779999747874e-08;1.64849900000263e-07;9.287385999923572e-06
1.5191675000824034e-08;6.071830000146292e-08;1.633090999966953e-07;9.605137999751605e-06
1.5527064999332652e-08;5.969646000303329e-08;1.6930429999774787e-07;9.646657999837772e-06
1.4844309999898541e-08;5.913830000208691e-08;1.7064480000408367e-07;9.477659999975004e-06
1.4445760000671726e-08;6.047403999837116e-08;1.7449994999333286e-07;9.473658000351861e-06
1.4476804999867454e-08;5.705498000024818e-08;1.721160499873804e-07;9.271210000151769e-06
1.4912295000976883e-08;5.5139139998937026e-08;1.642569999967236e-07;9.380619999719784e-06
1.5093170000182e-08;5.625582000357099e-08;1.7161945000407287e-07;9.318664000020362e-06
1.4578964999236633e-08;5.956870000227354e-08;1.6731950000394135e-07;9.55365800007712e-06
1.516364999988582e-08;5.272497999831103e-08;1.6861175000667573e-07;9.1678079997655e-06
1.507221999927424e-08;6.22614199994132e-08;1.708483999973396e-07;9.590124000096694e-06
1.4940685000328814e-08;6.017971999826842e-08;1.6839469999831635e-07;9.52661800023634e-06
1.5200370000093242e-08;6.181329999817535e-08;1.687406500132056e-07;9.599549999693408e-06
1.4977935000206344e-08;5.615877999807708e-08;1.6313514999637846e-07;9.198884000070392e-06
1.4613599999574944e-08;5.391693999990821e-08;1.648034999961965e-07;9.357134000165389e-06
1.4851695000834298e-08;6.055787999648601e-08;1.6078689999994823e-07;9.27008000027854e-06
1.5588484999898355e-08;5.8922060002805667e-08;1.7034794999926818e-07;9.452542000217363e-06
1.4798955000878778e-08;5.982355999876745e-08;1.624160499923164e-07;9.549245999660342e-06
1.4707380000618287e-08;5.327833999763243e-08;1.6728254999907222e-07;9.620627999538556e-06
1.4383889999589883e-08;5.4633179999655113e-08;1.749030000064522e-07;9.306052000029012e-06
1.574621500039939e-08;5.568904000101611e-08;1.6446744999848307e-07;9.5511500001885e-06
1.511189500015462e-08;5.735730000305921e-08;1.6299899999285116e-07;9.169975999975576e-06
1.5518160001374783e-08;6.057427999912762e-08;1.710441500035813e-07;9.239831999875605e-06
1.5787619999900927e-08;5.3834679996361956e-08;1.6464190000260715e-07;9.351304000010714e-06
1.454216499987524e-08;5.915414000046439e-08;1.6037680000590625e-07;9.602118000038899e-06
1.547117000009166e-08;5.794372000382282e-08;1.689775999984704e-07;9.574399999692105e-06
1.4734879999014082e-08;5.972793999826535e-08;1.6686359999584965e-07;9.534788000164554e-06
1.580155999981798e-08;5.977336000069045e-08;1.6791854999610224e-07;9.41754400031641e-06
1.510715500044171e-08;5.6847980001475665e-08;1.6753420000895857e-07;9.351438000448979e-06
1.573220500140451e-08;5.555996000184677e-08;1.740159000037238e-07;9.642981999786571e-06
1.490205000009155e-08;6.05727200047113e-08;1.723185500013642e-07;9.42756200034637e-06
1.4752270000462886e-08;5.576942000188865e-08;1.6713760000129697e-07;9.533336000167764e-06
1.4559364999877288e-08;5.6622300000162795e-08;1.6353415000776295e-07;9.562041999888606e-06
1.4866305000032298e-08;5.8667160000186417e-08;1.629263000068022e-07;9.377488000318408e-06
1.4876099998946302e-08;5.6340839999029416e-08;1.7065304999414365e-07;9.436862000147813e-06
1.5052869998908136e-08;5.4663460003212093e-08;1.7069240000273568e-07;9.277614000020548e-06
1.520524000079604e-08;6.267403999809176e-08;1.6842334999819285e-07;9.285198000143282e-06
1.557409499946516e-08;6.01524600002449e-08;1.6843279999739024e-07;9.497249999549239e-06
1.4523404999636114e-08;6.234212000272237e-08;1.6718634999415372e-07;9.479007999761962e-06
1.5554204999352805e-08;5.7638500002212824e-08;1.7081055000016932e-07;9.316427999874577e-06
1.5185275000112597e-08;5.461969999596477e-08;1.7440699999860952e-07;9.426057999953628e-06
1.4814799999294337e-08;5.970743999932893e-08;1.730736000026809e-07;9.5645619998686e-06
1.5528474999882747e-08;5.3468560002511366e-08;1.8481264999718404e-07;9.476386000169442e-06
1.4196870000159834e-08;6.134137999615632e-08;1.7612454999471084e-07;9.671247999649496e-06
1.4703625001129694e-08;6.383923999965191e-08;1.616756000003079e-07;9.711968000046909e-06
1.506587500043679e-08;5.9543500002473594e-08;1.6796454999712296e-07;9.503261999925599e-06
1.52404899999965e-08;5.587296000448987e-08;1.6905785001290496e-07;9.344337999937125e-06
1.4901300000201444e-08;6.125258000101894e-08;1.6461064999748486e-07;9.309893999597989e-06
1.4227089998894372e-08;6.175104000139981e-08;1.6771940000762697e-07;9.565919999731705e-06
1.5697174999513662e-08;5.717841999721713e-08;1.7347730000619776e-07;9.634776000166312e-06
1.5049139999609908e-08;6.14246400014963e-08;1.6561450000153853e-07;9.549538000137546e-06
1.4786259998800233e-08;5.485257999971509e-08;1.638132499938365e-07;9.335644000093453e-06
1.5452994999941437e-08;6.014393999939785e-08;1.7319484999461565e-07;9.537559999735094e-06
1.4480285000172443e-08;6.074209999642334e-08;1.6328285000054166e-07;9.535573999746703e-06
1.4946595000219532e-08;5.7900420000078156e-08;1.664335000095889e-07;9.59489000029862e-06
1.4889949999633245e-08;5.440307999961078e-08;1.6499749998911284e-07;9.624000000185334e-06
1.528099499992095e-08;5.4205879999790343e-08;1.6750120000506284e-07;9.294232000247575e-06
1.4816904999315739e-08;5.3694900003029036e-08;1.6642839999985882e-07;9.377579999854788e-06
1.51870149988099e-08;5.334516000002623e-08;1.6732445001252927e-07;9.25770600035321e-06
1.559482000011485e-08;5.4749640001682566e-08;1.752089500078e-07;9.391748000052758e-06
1.4835799999127631e-08;5.6713280000258235e-08;1.714405000093393e-07;9.267394000198693e-06
1.5645485000277405e-08;6.245506000122987e-08;1.734677000058582e-07;9.465831999550574e-06
1.552174999960698e-08;6.129937999648974e-08;1.637048499978846e-07;9.636628000298515e-06
1.5504040000087116e-08;6.079851999529638e-08;1.6804774999036454e-07;9.949003999936395e-06
1.5880579999065958e-08;5.452242000028491e-08;1.853837999951793e-07;1.1099440000543836e-05
1.5455914998892695e-08;5.34116199996788e-08;1.8305310000141617e-07;1.1736155000107829e-05
1.4602679999370594e-08;5.547046000137925e-08;1.8405974999768658e-07;1.1596445000031963e-05
1.4259060000767931e-08;5.7156820001546294e-08;1.8003974999010097e-07;1.1664934999134857e-05
1.5102414999273605e-08;5.4830540000693874e-08;1.8744494998827577e-07;1.1238320000120438e-05
1.5466445000492967e-08;5.370415999786928e-08;1.894202999974368e-07;1.1664059999748133e-05
1.5155624999897555e-08;5.5518000002484766e-08;1.790280499990331e-07;1.137515500013251e-05
1.4400729999761096e-08;5.635669999755919e-08;1.7800040000292938e-07;1.1366499999712687e-05
1.5333519999694545e-08;5.617494000471197e-08;1.9157500000437722e-07;1.1587405001046135e-05
1.563536499888869e-08;5.5257040000287815e-08;1.7672474999562837e-07;1.1268609999387991e-05
1.4835060000768862e-08;5.475009999936446e-08;1.842298999981722e-07;1.1334535000787582e-05
1.5667514999222476e-08;5.4491580004105345e-08;1.8741954999859446e-07;1.1091050000686664e-05
1.5132504999928642e-08;5.7300540001597256e-08;1.8364115001168102e-07;1.1634500000218396e-05
1.5124915000342298e-08;5.545021999860182e-08;1.9028840000100899e-07;1.1312424999778159e-05
1.5600684999662918e-08;5.47543200023938e-08;1.881015999970259e-07;1.1175029999867547e-05
1.457121000130428e-08;5.375783999916166e-08;1.8799125000077764e-07;1.153220000123838e-05
1.5129214999615214e-08;5.747535999980755e-08;1.8925265000143554e-07;1.1651350000465754e-05
1.528097999980673e-08;5.661691999994218e-08;1.8526899999415035e-07;1.1365159999695607e-05
1.501122000045143e-08;5.538159999996424e-08;1.7943545000161975e-07;1.1451489999308252e-05
1.456476500025019e-08;5.277882000082172e-08;1.8765725000412204e-07;1.142494999949122e-05
1.5383440000005066e-08;5.6849940004758535e-08;1.7768639999849256e-07;1.1403894999239128e-05
1.4451534999534488e-08;5.314247999922372e-08;1.840643000032287e-07;1.1682135000592098e-05
1.5238834999036045e-08;5.6332320004003125e-08;1.823443000030238e-07;1.1658085000817665e-05
1.4585274999262765e-08;5.625713999615982e-08;1.7607425000460352e-07;1.1095775000285357e-05
1.4570090000052005e-08;5.3093840001383795e-08;1.8869545000779908e-07;1.1600234999787063e-05
1.4843050000490621e-08;5.6404840003233406e-08;1.8302325000695418e-07;1.1489014999824577e-05
1.5093880001222716e-08;5.5759300000499934e-08;1.8911164999008178e-07;1.1557600001106038e-05
1.5109169999777804e-08;5.430022000218742e-08;1.729300000006333e-07;1.147268500062637e-05
1.4769829998840579e-08;5.470783999771811e-08;1.8965005000063684e-07;1.1294024999369867e-05
1.477314999938244e-08;5.685827999841422e-08;1.8605004998971707e-07;1.1521054999320768e-05
1.5437904999998864e-08;5.4386480001267044e-08;1.869569499976933e-07;1.1479205000796355e-05
1.4723825000692159e-08;5.501854000031017e-08;1.8622504999802912e-07;1.153995000058785e-05
1.5653670000028796e-08;5.388449999736622e-08;1.7674659998738206e-07;1.1690429999725893e-05
1.4610730001004413e-08;5.7393439998850223e-08;1.7725914999027736e-07;1.149444000038784e-05
1.4666944999771659e-08;5.6981280003674325e-08;1.872103500063531e-07;1.1612925000372342e-05
1.4690520000294782e-08;5.411240000394173e-08;1.7932690000452568e-07;1.1436064999725204e-05
1.5557615000579972e-08;5.404829999897629e-08;1.8505600000207778e-07;1.1738250000053086e-05
1.4436965000641066e-08;5.645817999611609e-08;1.8176859999948646e-07;1.1481900000944734e-05
1.4648404999752529e-08;5.6030260003171863e-08;1.90337450010702e-07;1.145583499892382e-05
1.540692999988096e-08;5.4025159997399894e-08;1.7549010000948329e-07;1.1122730000352022e-05
1.5559229999780656e-08;5.6133620004402476e-08;1.904420500068227e-07;1.149753000063356e-05
1.4583700000366661e-08;5.4028220003237945e-08;1.7844324999896343e-07;1.1799314999370836e-05
1.466060499951709e-08;5.675859999610111e-08;1.854635500058066e-07;1.1574714999005663e-05
1.5051199999288656e-08;5.568937999778427e-08;1.7890869999246207e-07;1.176320500089787e-05
1.5639584999007638e-08;5.5173619999550285e-08;1.9198340000002644e-07;1.1204094999993686e-05
1.500017500075046e-08;5.5371080001350494e-08;1.841197000030661e-07;1.1746280000079423e-05
1.4327450000564568e-08;5.686926000053063e-08;1.8015924999781418e-07;1.1450245000014548e-05
1.5611869998974726e-08;5.634999999892898e-08;1.9128520000958814e-07;1.1414569999033119e-05
1.4731235000363086e-08;5.381256000255235e-08;1.818931499874452e-07;1.1541230000148062e-05
1.5482260000135283e-08;5.629581999965012e-08;1.8028495000908152e-07;1.1466644999745768e-05
1.4851820000330917e-08;5.2935460000298915e-08;1.8909109999367502e-07;1.1594125001283829e-05
1.4359020000847522e-08;5.508875999948941e-08;1.7264605000673327e-07;1.158793000067817e-05
1.5042900000116787e-08;5.4609640000853685e-08;1.8479249998927115e-07;1.157334500021534e-05
1.4874804999271874e-08;5.35314200038556e-08;1.804046500037657e-07;1.17669350001961e-05
1.477479999884963e-08;5.346798000391573e-08;1.8662434999714604e-07;1.1288734999834559e-05
1.5079645000514575e-08;5.6985019997227936e-08;1.8506599999091123e-07;1.122806000057608e-05
1.4968524999858344e-08;5.6007459998363626e-08;1.907177500106627e-07;1.1447225000301841e-05
1.517903999920236e-08;5.692218000185676e-08;1.875160500057973e-07;1.1228129999653901e-05
1.4587229999597184e-08;5.7260359998326746e-08;1.8613644999277313e-07;1.128053499996895e-05
1.4707060001092032e-08;5.698874000227079e-08;1.8492884999432135e-07;1.1527709999063517e-05
1.4681545000348706e-08;5.544616000261158e-08;1.878127499949187e-07;1.1184845000389032e-05
1.489795499946922e-08;5.511149999802001e-08;1.868751500005601e-07;1.1528404999990017e-05
1.4764089998789131e-08;5.647134000319056e-08;1.8768834999355022e-07;1.1705904999689665e-05
1.5051735000452027e-08;5.49215400009416e-08;1.8037760000152048e-07;1.1379020000458696e-05
1.4566825001384132e-08;5.454028000240214e-08;1.7792904999805614e-07;1.1712910000642297e-05
1.4552439999533817e-08;5.549303999869153e-08;1.9182379999256228e-07;1.1310109999612905e-05
1.563633000041591e-08;5.5084380001062524e-08;1.8971249999594876e-07;1.1506999999983236e-05
1.509770499978913e-08;5.3743479994591325e-08;1.9109054999717044e-07;1.1350445001153275e-05
1.4437824999913573e-08;5.481084000202827e-08;2.0036060000711585e-07;1.1305850000644568e-05
1.5556549999746493e-08;5.6405240000458435e-08;1.820247499999823e-07;1.1580115000833757e-05
1.4804169999842997e-08;5.589869999676011e-08;1.8497349999961443e-07;1.1259715000051074e-05
1.542380500031868e-08;5.6940159999066964e-08;1.8632829999842217e-07;1.1236184999870602e-05
1.5004100000078323e-08;5.7373780000489205e-08;1.8397270000423305e-07;1.14295650011627e-05
1.4867875000345521e-08;5.6716899998718875e-08;1.8253659999754746e-07;1.164491499948781e-05
1.5502519998699426e-08;5.516491999733262e-08;1.8507905000296886e-07;1.1613130000478122e-05
1.4845834999869112e-08;5.611795999575406e-08;1.7528369999490678e-07;1.1632164999900851e-05
1.4450570000917651e-08;5.663779999595136e-08;1.8753924999327864e-07;1.1466160000418313e-05
1.4620210000430234e-08;5.70598800026346e-08;1.8226765000144951e-07;1.1305839999113232e-05
1.5355930000077933e-08;5.392364000435919e-08;1.8947035000019242e-07;1.1519050000060815e-05
1.570096000068588e-08;5.642898000078276e-08;1.828786499972921e-07;1.1593970000103581e-05
1.4497204999497627e-08;5.518392000230961e-08;1.830067999981111e-07;1.1389750000671484e-05
1.486672499886481e-08;5.612714000162668e-08;1.8214260000968352e-07;1.1406130000250415e-05
1.4472020001267084e-08;5.5738820001715794e-08;1.85745599999791e-07;1.1285389999102336e-05
1.4879500000097324e-08;5.3637019998859615e-08;1.880861000099685e-07;1.174695499939844e-05
1.5534350000962148e-08;5.478946000221185e-08;1.8598405001102946e-07;1.1630535000585951e-05
1.5282225000555627e-08;5.558422000030987e-08;1.8646725000871812e-07;1.1605969999800436e-05
1.4952330000232904e-08;5.595774000394158e-08;1.900310999917565e-07;1.160818499920424e-05
1.5483845000562723e-08;5.466745999874547e-08;1.8199669999012257e-07;1.1237219999020453e-05
1.5571505000116305e-08;5.296159999561496e-08;1.869437999994261e-07;1.1479375000635628e-05
1.4709764999861363e-08;5.6781499995850026e-08;1.820692500041332e-07;1.118222500081174e-05
1.5183909999905155e-08;5.6546219997107984e-08;1.773274000006495e-07;1.175056000065524e-05
1.5682594999088906e-08;5.717652000021189e-08;1.908432500058552e-07;1.091902000043774e-05
1.506128000037279e-08;5.640963999903761e-08;1.8274984999152367e-07;1.1160804999235551e-05
1.4875699998810887e-08;5.546491999994032e-08;1.8334410000534263e-07;1.1331144999712705e-05
1.4398779999464751e-08;5.650210000458174e-08;1.924837499973364e-07;1.1104669999622274e-05
1.4248795001185499e-08;5.6172480003442616e-08;1.8483764999837148e-07;1.1469640000723302e-05
1.542347500071628e-08;5.353838000446558e-08;1.9054465000226628e-07;1.1472954999771901e-05
1.4867880000383593e-08;5.5909180000890045e-08;1.8231145000027027e-07;1.1274989999947137e-05
1.4487239999289159e-08;5.670052000205033e-08;1.8659794999985025e-07;1.1451130000932609e-05
1.4918930000567344e-08;5.3262780001387e-08;1.8372834999172482e-07;1.1465765000320972e-05
1.5206849999958648e-08;4.507209999719635e-08;1.4254005000111647e-07;8.754473999724723e-07
1.5372904999821912e-08;4.481617999845184e-08;1.5201440000964794e-07;8.620138000114821e-07
1.4696934999665245e-08;4.8054700001375746e-08;1.4700019999872894e-07;8.828900000080466e-07
1.4570020000974183e-08;4.7618240001611414e-08;1.443085500068264e-07;8.52995200024452e-07
1.4571670000441372e-08;4.483617999940179e-08;1.4989429998968262e-07;9.007004000013694e-07
1.4523814999847674e-08;4.80449199967552e-08;1.515094000060344e-07;9.184489999897778e-07
1.5029314999992492e-08;4.622914000065066e-08;1.467792999901576e-07;8.528997999965213e-07
1.5614019999338778e-08;4.6016020001843573e-08;1.528235500009032e-07;8.922158000059426e-07
1.5181809999921824e-08;4.79419199982658e-08;1.4572084999235812e-07;8.781157999765128e-07
1.4782410000043455e-08;4.7590279998257754e-08;1.514321499998914e-07;8.569711999734863e-07
1.521721499884734e-08;4.628956000087783e-08;1.492006000044057e-07;8.508803999866359e-07
1.5302290000545327e-08;4.839093999471516e-08;1.465100000059465e-07;8.610237999819219e-07
1.4675820000411477e-08;4.611432000529021e-08;1.5053509999415837e-07;8.730031999875791e-07
1.4492050000990275e-08;5.032726000063121e-08;1.4550235000206157e-07;8.842222000239417e-07
1.4812660000461619e-08;4.6943759999703614e-08;1.4935490000061692e-07;8.977711999905296e-07
1.56476649994147e-08;4.640074000344612e-08;1.4887959999032318e-07;8.526247999980114e-07
1.5648684999905528e-08;4.862971999682486e-08;1.5374355000676587e-07;8.564217999810353e-07
1.5574514999752865e-08;4.5250799995847046e-08;1.5026709999074227e-07;8.484102000365965e-07
1.5328305000730326e-08;4.5445980003569273e-08;1.496175500069512e-07;8.714429999818094e-07
1.5222084999550132e-08;4.780036000302061e-08;1.5015699999639763e-07;8.736814000294544e-07
1.4580389999900944e-08;4.5733639999525624e-08;1.4384494999831076e-07;8.59459200000856e-07
1.4548784999351483e-08;4.5374760002596305e-08;1.4719264999439475e-07;8.494854000164196e-07
1.4640275000419934e-08;4.81415799993556e-08;1.4835109999694395e-07;8.767607999616303e-07
1.4837929999339395e-08;4.852958000265062e-08;1.4454804999695624e-07;8.696202000137419e-07
1.4780310000060126e-08;4.599839999573305e-08;1.5127180000126827e-07;8.747866000048816e-07
1.5608760000031907e-08;4.835368000203743e-08;1.388647999992827e-07;8.421144000021741e-07
1.533175999938976e-08;4.828770000021905e-08;1.4906499999051447e-07;8.540504000266082e-07
1.514247000013711e-08;4.669542000046931e-08;1.4890995000314432e-07;8.457391999545508e-07
1.4446769999631214e-08;4.557757999864407e-08;1.4268854999681934e-07;8.552426000242122e-07
1.4621620000980328e-08;4.590142000233754e-08;1.465234499919461e-07;8.643758000107482e-07
1.475642000004882e-08;4.483200000249781e-08;1.4543330000014975e-07;8.485473999753594e-07
1.5603625000221656e-08;4.7299500001827255e-08;1.4897364999342244e-07;8.615911999950186e-07
1.4745964999019634e-08;4.732700000167824e-08;1.5451279999979305e-07;8.504989999928512e-07
1.542322500026785e-08;4.61317399982363e-08;1.5053695000824517e-07;8.530279999831691e-07
1.4860000000044238e-08;4.550233999616466e-08;1.448231499962276e-07;8.918068000348285e-07
1.4824700000463053e-08;4.8261439998168496e-08;1.4266110000608024e-07;8.764359999913723e-07
1.4631930000905413e-08;4.7434620000422e-08;1.4406170000438578e-07;8.494374000001698e-07
1.4801789999182802e-08;4.535788000212051e-08;1.4091580000240357e-07;8.605878000380471e-07
1.4920459999120795e-08;4.562778000254184e-08;1.501782999985153e-07;8.898919999483041e-07
1.4825625000230502e-08;4.861374000320211e-08;1.4963825000450014e-07;8.737687999964692e-07
1.5471709999837914e-08;4.501068000099622e-08;1.5302800000063145e-07;8.534943999839015e-07
1.4360945000953507e-08;4.60136000008788e-08;1.470005999872228e-07;8.571383999660612e-07
1.508451999980025e-08;4.556983999791555e-08;1.5073059999849647e-07;8.651876000221819e-07
1.5441454999381678e-08;4.594123999704607e-08;1.4687705000687856e-07;8.748111999593676e-07
1.4460795000195503e-08;4.611815999960527e-08;1.4846055000089108e-07;8.516647999640555e-07
1.4897309998923446e-08;4.9403659999370576e-08;1.4099694999458733e-07;8.543323999620042e-07
1.498130999971181e-08;4.785609999671578e-08;1.5142550000746269e-07;8.807164000463672e-07
1.4857415000733453e-08;4.978053999948315e-08;1.440491499961354e-07;8.821081999922171e-07
1.5230534999864177e-08;4.783112000441179e-08;1.462829999945825e-07;8.357010000036098e-07
1.4698390000557992e-08;4.513200000510551e-08;1.4648989999841432e-07;8.402657999540679e-07
1.4387499999429565e-08;4.509158000000753e-08;1.4581400000315624e-07;8.639281999785453e-07
1.4854234999802429e-08;4.614818000118248e-08;1.3991909999458586e-07;8.892812000121921e-07
1.5481875000114087e-08;4.636456000152975e-08;1.513746499986155e-07;8.40567400038708e-07
1.4951629999268334e-08;4.5172119996277615e-08;1.5064984999480658e-07;8.506336000282318e-07
1.4549194999563041e-08;4.632973999832757e-08;1.4552910000202245e-07;8.747416000114754e-07
1.464867500035325e-08;4.632650000276044e-08;1.5393849999236408e-07;8.689133999869227e-07
1.4672274999611545e-08;4.4451579998712985e-08;1.4945309999166056e-07;8.427948000025935e-07
1.507796500081895e-08;4.522033999674022e-08;1.4824164999299682e-07;8.87812800006941e-07
1.5288985001097898e-08;4.4945960002951326e-08;1.6094869999506044e-07;8.596546000335365e-07
1.4640230000077281e-08;4.885673999669962e-08;1.4513884999905712e-07;8.459045999916271e-07
1.522363500116626e-08;5.064963999902829e-08;1.442578999995021e-07;8.639638000167906e-07
1.4579164999304338e-08;4.816120000323281e-08;1.4054009999381378e-07;8.738567999680527e-07
1.5541989999474027e-08;4.4831180002074685e-08;1.4074170000094455e-07;8.570438000024297e-07
1.5350765000039246e-08;4.820182000403292e-08;1.450419500033604e-07;8.702938000205904e-07
1.4692835000460036e-08;4.824353999574669e-08;1.4402624999638648e-07;8.772201999672689e-07
1.538617000041995e-08;4.562092000269331e-08;1.444140499952482e-07;8.472290000063367e-07
1.5401715000916737e-08;4.670099999639206e-08;1.506680000020424e-07;8.563966000219807e-07
1.4653870000620372e-08;4.70004600007087e-08;1.460143500007689e-07;8.600363999721594e-07
1.5382820001104847e-08;4.890006000059657e-08;1.485778000060236e-07;8.825797999743373e-07
1.5114650000759866e-08;4.737608000286855e-08;1.5292834999854676e-07;8.604457999463194e-07
1.4957575000880753e-08;4.669018000131473e-08;1.4775244999327697e-07;8.667604000074789e-07
1.563109999988228e-08;4.80180400016252e-08;1.409291000018129e-07;8.640638000215404e-07
1.514039000030607e-08;4.607094000093639e-08;1.407753999956185e-07;8.875123999896459e-07
1.5178864999325014e-08;4.557734000263736e-08;1.4697404998878483e-07;8.528753999853507e-07
1.4833854998869356e-08;4.8317500000121075e-08;1.4385355000558774e-07;8.656579999951645e-07
1.460404999961611e-08;4.458786000031978e-08;1.4951484999619424e-07;8.454624000005424e-07
1.517829499935033e-08;4.548536000074819e-08;1.415821499977028e-07;8.453205999685452e-07
1.553282500099158e-08;4.577311999746598e-08;1.5140565000183414e-07;8.682993999682366e-07
1.516857499955222e-08;4.611281999968924e-08;1.48940400002175e-07;8.460321999737061e-07
1.4693650000845082e-08;4.8431600001640615e-08;1.4346424999530426e-07;8.74277200025972e-07
1.5485450001142453e-08;4.7466219996567816e-08;1.3937459999579005e-07;8.467020000098273e-07
1.5387809999810997e-08;4.5396299997810276e-08;1.478181999991648e-07;8.500405999948271e-07
1.4738444999966305e-08;4.757357999915257e-08;1.5317869999853428e-07;8.414679999696091e-07
1.498505999916233e-08;4.7053579997736964e-08;1.4231704999110662e-07;8.807794000022113e-07
1.5181399999710266e-08;4.6197180001763626e-08;1.4606949999870266e-07;8.518451999989338e-07
1.5394619999278802e-08;4.815774000016972e-08;1.4742165000643582e-07;8.817380000255071e-07
1.4719784999033436e-08;4.757129999925382e-08;1.438944499968784e-07;8.494261999730952e-07
1.4399959999718703e-08;4.7510179999517275e-08;1.4906204999715554e-07;8.602640000171959e-07
1.5335375000722706e-08;4.595649999682791e-08;1.4746149998973125e-07;8.700403999537229e-07
1.472986500011757e-08;4.7033320000628007e-08;1.4586405000591185e-07;8.726882000337355e-07
1.543621000018902e-08;4.719977999920957e-08;1.4475124998716637e-07;8.400360000086948e-07
1.4334470000176225e-08;4.7560959996189925e-08;1.4550480000616518e-07;8.821044000214897e-07
1.4890840000589379e-08;4.421874000108801e-08;1.396340500068618e-07;8.502792000072077e-07
1.5448679999099113e-08;4.488982000038959e-08;1.443464500043774e-07;8.761737999739126e-07
1.543651500105625e-08;4.50803600018844e-08;1.5181455000129064e-07;8.399025999824516e-07
1.5362670000467914e-08;4.448799999663606e-08;1.5079255000455304e-07;8.768008000333793e-07
1.47477450009319e-08;4.7575420001521704e-08;1.4502779999747874e-07;8.499612000305206e-07
1.4428849999967497e-08;4.7289720003027467e-08;1.4555255000595934e-07;8.430117999669164e-07
1.525099999998929e-08;4.7963240003446115e-08;1.5227009999216533e-07;8.726922000059858e-07
1.493940000073053e-08;4.640570000046864e-08;1.4958899999328422e-07;8.487382000312209e-07
1.4369354999507778e-08;4.6801779995439575e-08;1.7875410000851843e-07;1.0612664998916443e-05
1.5544084999419284e-08;4.671737999888137e-08;1.8125670000154058e-07;1.0757799999555573e-05
1.54518850002205e-08;4.5027019997360185e-08;1.774437500134809e-07;1.0308465000707656e-05
1.5229095000540838e-08;4.7715240000979975e-08;1.8298460000369232e-07;1.0682115000963676e-05
1.5410470000642817e-08;4.695509999874048e-08;1.7482524999650195e-07;1.0349600001063663e-05
1.5038019999337847e-08;4.528428000048734e-08;1.7332460000761785e-07;1.0855044999334495e-05
1.446396000101231e-08;4.496297999867238e-08;1.77675150000141e-07;1.046208000043407e-05
1.5504469998995775e-08;4.561484000296332e-08;1.7838995000056458e-07;1.0799044999293984e-05
1.5113914999528787e-08;4.812441999674775e-08;1.8272574999718926e-07;1.0609694999584463e-05
1.4652439999917987e-08;4.655564000131562e-08;1.7642434999288526e-07;1.0691729999962263e-05
1.4391769999929238e-08;4.7667380003258583e-08;1.7608499999914784e-07;1.026119500020286e-05
1.4912090000871104e-08;4.798046000069007e-08;1.8249135000223758e-07;1.039524999941932e-05
1.473031999921659e-08;4.687058000126853e-08;1.7801889999827836e-07;1.0430059999634977e-05
1.5604824999172707e-08;4.569702000007965e-08;1.8261674999666867e-07;1.055214999942109e-05
1.5421224999590776e-08;4.71323800040409e-08;1.8256275000749157e-07;1.07699500003946e-05
1.5568024999811316e-08;4.761602000216954e-08;1.755706999974791e-07;1.077810499991756e-05
1.501727499999106e-08;4.79449599981308e-08;1.855078500084346e-07;1.0290109999186825e-05
1.536645500018494e-08;4.761307999724522e-08;1.842544499959331e-07;1.0598649999883491e-05
1.545744500035653e-08;4.642710000043735e-08;1.7484049999620766e-07;1.0811714999726974e-05
1.4939125000091737e-08;4.5511899999110025e-08;1.8500340000900904e-07;1.0407474999374244e-05
1.5153399998962413e-08;4.673664000001736e-08;1.8526990000100341e-07;1.06415600006585e-05
1.5489809999417047e-08;4.441027999855578e-08;1.7506404999585357e-07;1.0453475000394974e-05
1.5080940000189003e-08;4.656447999877855e-08;1.8258909998985473e-07;1.0485494999738876e-05
1.5075899999646936e-08;4.634345999802463e-08;1.8247845000587403e-07;1.0553904999687802e-05
1.4696935001120438e-08;4.5726019999710846e-08;1.7472570000973066e-07;1.0353209999448155e-05
1.524364000069909e-08;4.535948000266217e-08;1.8051759999070782e-07;1.0791210000752472e-05
1.501231000002008e-08;4.510365999885835e-08;1.775109500013059e-07;1.0820825000701006e-05
1.505757499980973e-08;4.499538000090979e-08;1.7570895000244491e-07;1.0454074999142905e-05
1.4676634999341332e-08;4.7130979999201374e-08;1.7561140000179875e-07;1.0825419999309815e-05
1.491927500028396e-08;4.7582620003959166e-08;1.8262740000500343e-07;1.0647174999758135e-05
1.4997449998918454e-08;4.8006859997985884e-08;1.7347784999583381e-07;1.0576185000536498e-05
1.573830999986967e-08;4.807869999785908e-08;1.765558500046609e-07;1.0542234999593347e-05
1.5614180000557097e-08;4.4530560000566767e-08;1.8444019999878947e-07;1.0103445001004729e-05
1.4540525000484195e-08;4.559785999590531e-08;1.8111799999314827e-07;1.0290359999635257e-05
1.4391435000288766e-08;4.479343999992125e-08;1.7471565000596456e-07;1.03928550001001e-05
1.4899630000581965e-08;4.511764000053518e-08;1.7057860000932124e-07;1.041943500022171e-05
1.5569145001063587e-08;4.9126219999743624e-08;1.821700000000419e-07;1.0593920000246725e-05
1.4662590000079944e-08;5.051095999660902e-08;1.8274094999651423e-07;1.0290319999330676e-05
1.45927199992002e-08;5.026856000185944e-08;1.739471000037156e-07;1.0428910001064651e-05
1.4279299999179784e-08;4.749459999729879e-08;1.7750649999652525e-07;1.033793499955209e-05
1.4630259999830742e-08;4.562904000049457e-08;1.7357699999411123e-07;1.0364149999804794e-05
1.436833000043407e-08;4.4914979999884965e-08;1.7741960000421387e-07;1.032890999922529e-05
1.5024245000677184e-08;4.6627839998109265e-08;1.8493170000147074e-07;1.0469279999961145e-05
1.472903999965638e-08;4.635236000176519e-08;1.704085500095971e-07;1.0608899999351706e-05
1.545654000074137e-08;4.5160060003399846e-08;1.7894514999352396e-07;1.0021445000893437e-05
1.4498080000339542e-08;4.664034000015818e-08;1.7708485000184736e-07;1.045398499991279e-05
1.449546000076225e-08;4.7016680001979695e-08;1.6926570000941866e-07;1.0406249998777639e-05
1.480885000055423e-08;4.48283200035803e-08;1.782080999983009e-07;1.0630529999616556e-05
1.464300500083482e-08;4.6285340003669264e-08;1.852655499969842e-07;1.050439499958884e-05
1.4636934999725781e-08;4.842846000101417e-08;1.8502610000723506e-07;1.0338185000000521e-05
1.4842969999881461e-08;4.9699720001081004e-08;1.7222034999576864e-07;1.0900115000549704e-05
1.5549219999229534e-08;4.9310600000899286e-08;1.733805500116432e-07;1.0623960000521038e-05
1.4687435000087134e-08;4.583765999996103e-08;1.754752999986522e-07;1.0433985000418034e-05
1.5660324999771546e-08;4.6214379998855296e-08;1.8098535000171977e-07;1.0377394998795353e-05
1.482914499938488e-08;4.732013999600895e-08;1.7032574999029748e-07;1.0195050000038464e-05
1.4810215000761674e-08;4.5548659999622035e-08;1.7491964998771438e-07;1.0312444998999127e-05
1.4793829999689478e-08;4.8459420003928247e-08;1.8148734999704175e-07;1.0387569999147673e-05
1.4538585000263993e-08;4.611148000112735e-08;1.854981499927817e-07;1.0941499999898951e-05
1.5221055000438355e-08;4.8456020001322033e-08;1.8055985000682995e-07;1.0373120001167991e-05
1.512782999925548e-08;4.6421980002196506e-08;1.7955664999317379e-07;1.0628120000183117e-05
1.4427759998943657e-08;4.528941999888048e-08;1.7348330000822897e-07;1.0284180000599007e-05
1.521310999960406e-08;4.576579999993555e-08;1.8072565000329634e-07;1.0634959999879357e-05
1.4403075000154786e-08;4.6322640002472325e-08;1.763315499993041e-07;1.0849020000023302e-05
1.4867775001039262e-08;4.753710000077262e-08;1.7308159999083727e-07;1.0298345000774135e-05
1.483672500035027e-08;4.486123999813572e-08;1.7884769999363924e-07;1.0300060000736267e-05
1.508104000095045e-08;4.514169999747537e-08;1.792991499969503e-07;1.0380500000610482e-05
1.5124455001205205e-08;4.834497999981977e-08;1.8318784999428316e-07;1.0796449999907054e-05
1.4911809998739046e-08;4.797220000182279e-08;1.7529369999829215e-07;1.066724999982398e-05
1.5172214999620338e-08;4.610306000104174e-08;1.829140500049107e-07;1.0685034999914933e-05
1.4765405000071042e-08;4.53618599975016e-08;1.8413214999600313e-07;1.0599380001076497e-05
1.4779714999895078e-08;4.786516000167467e-08;1.8518985000264366e-07;1.063659499923233e-05
1.4661569999589119e-08;4.5816259999992325e-08;1.816454499930842e-07;1.0250264999922364e-05
1.5370954999525567e-08;4.554253999958746e-08;1.7773340000712777e-07;1.0590909999154974e-05
1.549537999962922e-08;4.678445999743417e-08;1.8066004999855067e-07;1.0614950000308455e-05
1.5500754999811762e-08;4.537460000137798e-08;1.8564265000168233e-07;1.0335694999957922e-05
1.541502500040224e-08;4.5621719997143375e-08;1.7776299999968615e-07;1.0537410000688396e-05
1.5504245000192895e-08;4.6296040003653616e-08;1.864969000016572e-07;1.0252390000096057e-05
1.4718835000530816e-08;4.497517999843694e-08;1.7551020000246354e-07;1.0776749999786261e-05
1.5084685001056642e-08;4.691292000352405e-08;1.7735800000082236e-07;1.067044000083115e-05
1.5128684999945106e-08;4.9163019994739444e-08;1.9127080000180287e-07;1.0593220000737347e-05
1.4817835000576452e-08;4.661468000267632e-08;1.7887269999482668e-07;1.0575279999466148e-05
1.4708290000271519e-08;4.845298000145703e-08;1.7897334998997393e-07;1.0552349999488798e-05
1.4938019998953677e-08;4.607422000262886e-08;1.8249930000456517e-07;1.0319514998991508e-05
1.5146165000624023e-08;4.548359999898821e-08;1.8023030000040308e-07;1.0459684999659657e-05
1.4722184999845922e-08;4.710425999946892e-08;1.862694999872474e-07;1.0607305000303314e-05
1.5111759999126662e-08;4.8644260002765806e-08;1.8098459999600892e-07;1.048344500013627e-05
1.48856749990955e-08;4.8725539998849856e-08;1.8322864999936428e-07;1.0379140000441112e-05
1.516259500058368e-08;4.5085399999516084e-08;1.8573969999852126e-07;1.0570369999913964e-05
1.521094999916386e-08;4.56298400007654e-08;1.7390644999977666e-07;1.0801809999975376e-05
1.4659054999356157e-08;4.631817999761552e-08;1.771693999908166e-07;1.0304060000635218e-05
1.4588650000223425e-08;4.59110600000713e-08;1.8058700000983662e-07;1.0636579999118113e-05
1.49062700002105e-08;4.764603999792598e-08;1.74168550001923e-07;1.0236770000483376e-05
1.5580384999339e-08;4.862161999917589e-08;1.7975295000360348e-07;1.0507945000426843e-05
1.4862525000353343e-08;4.547187999705784e-08;1.7696510000678245e-07;1.051039000012679e-05
1.53897500000312e-08;4.5810419996269044e-08;1.8823604998760856e-07;1.0236319999967235e-05
1.510026000032667e-08;4.5194339996669443e-08;1.8182240000169258e-07;1.059557499975199e-05
1.5690709999762475e-08;4.60047599975951e-08;1.8354234998696484e-07;1.0366624999733176e-05
1.4660910000384319e-08;4.6249619999434796e-08;1.846386999968672e-07;1.0388044999854174e-05
1.5253559999109713e-08;4.7564919997239484e-08;1.8242230000032578e-07;1.0762965001049451e-05
1.574474000080954e-08;4.66721199976746e-08;1.790955999895232e-07;1.0471509999479167e-05
1.4546909999626222e-08;4.57734800002072e-08;2.128077000088524e-07;1.7552859999705107e-05
1.559247499972116e-08;4.5512379996944216e-08;2.1891590001177975e-07;1.7637180000019725e-05
1.5059450000990182e-08;4.656881999690086e-08;2.075579999946058e-07;1.7480545000580607e-05
1.4774214998760726e-08;4.608731999760494e-08;2.1296879998408258e-07;1.7540685000130906e-05
1.5373510000063106e-08;4.581792000099085e-08;2.0767169998725875e-07;1.7485904999193735e-05
1.47635099987383e-08;4.6930340002290906e-08;2.1125469999969937e-07;1.7235549999168144e-05
1.5180464999866672e-08;4.60839000006672e-08;2.0822369999950753e-07;1.7434524999407584e-05
1.4883205000660382e-08;4.8517659999197346e-08;2.1792439999990165e-07;1.785548500047298e-05
1.4911189999838827e-08;4.901848000008613e-08;2.158445999957621e-07;1.766720000014175e-05
1.545285000029253e-08;4.712580000050366e-08;2.093575999897439e-07;1.765684000129113e-05
1.5728225000202655e-08;4.667671999777667e-08;2.0959049998782575e-07;1.777414999960456e-05
1.4953265000076498e-08;4.903534000040963e-08;2.14754599990556e-07;1.781166000000667e-05
1.4829275000374764e-08;4.550622000242584e-08;2.1011949999956414e-07;1.756080000050133e-05
1.4888505000271834e-08;4.6367099997587504e-08;2.1513909997884183e-07;1.721361999952933e-05
1.5246309999201912e-08;4.8903500003507363e-08;2.1876650000922382e-07;1.726922999951057e-05
1.5835514999344014e-08;4.7796659998130054e-08;2.1504340000683441e-07;1.7456749999837483e-05
1.5288379999401515e-08;4.7764479997567835e-08;2.108367999899201e-07;1.775875500024995e-05
1.4631295000435784e-08;4.734474000288173e-08;2.1396669998648577e-07;1.7666120000649242e-05
1.503046500001801e-08;4.673715999815613e-08;2.1854490000987424e-07;1.7846009999630042e-05
1.4880629999970551e-08;4.531981999753043e-08;2.240307999891229e-07;1.7627014999743552e-05
1.4773174999572803e-08;4.607819999800995e-08;2.1603400001185945e-07;1.7406725000182633e-05
1.588826999941375e-08;4.524303999496624e-08;2.0835349999833852e-07;1.7347330000484362e-05
1.5419270000711548e-08;4.894635999808088e-08;2.1975840002414771e-07;1.766834000009112e-05
1.492524999921443e-08;4.667650000192225e-08;2.194813000096474e-07;1.7864025000017136e-05
1.568567499925848e-08;4.6397380001144484e-08;2.2200909999082796e-07;1.7419800000789108e-05
1.5586524999525863e-08;4.637736000004225e-08;2.0682349998969586e-07;1.7985804998897946e-05
1.5623920000507498e-08;4.9087500001769513e-08;2.077927000063937e-07;1.791195499972673e-05
1.45343350013718e-08;5.065686000161804e-08;2.1171299999696202e-07;1.7309374999604187e-05
1.4978390000760555e-08;4.767981999902986e-08;2.0651920000091195e-07;1.7310055000416468e-05
1.470158000010997e-08;5.057076000375673e-08;2.1519330001319758e-07;1.765256000071531e-05
1.5678299999854062e-08;4.9171740002930167e-08;2.1011000001453794e-07;1.7559369999798946e-05
1.5213819999189583e-08;4.890886000357568e-08;2.1768290002364666e-07;1.7344004999904427e-05
1.5308244999323504e-08;5.161521999980323e-08;2.1582650000345894e-07;1.7586909999954514e-05
1.4816725000855513e-08;5.139255999820307e-08;2.1531179998419246e-07;1.7580264998832717e-05
1.5891180001199244e-08;4.818626000196673e-08;2.1386519999941812e-07;1.7016085000068413e-05
1.5325840000878088e-08;5.029407999827527e-08;2.2449680001591333e-07;1.7561489999934565e-05
1.519235000014305e-08;4.862040000152774e-08;2.220206999918446e-07;1.744250500050839e-05
1.4979174999461976e-08;4.9809820001246405e-08;2.158491000009235e-07;1.7737059999490158e-05
1.5202115000283812e-08;5.1506479998352004e-08;2.15979900007369e-07;1.7508194998663385e-05
1.4822980000462849e-08;5.1203159999568017e-08;2.2876870000618509e-07;1.743140000035055e-05
1.5094999999564606e-08;4.850529999821447e-08;2.2251719998894258e-07;1.7471799999475478e-05
1.5169384999899195e-08;5.135946000227705e-08;2.136019000026863e-07;1.7932149999251122e-05
1.443552999990061e-08;4.932056000106968e-08;2.2301799998967908e-07;1.752297500061104e-05
1.4763320000201929e-08;4.9134379997849467e-08;2.2432130001834593e-07;1.7432744998950512e-05
1.5498394999303856e-08;4.7389319998910654e-08;2.074731000175234e-07;1.736963500006823e-05
1.5289805000065824e-08;5.0314679997973144e-08;2.0820130000356585e-07;1.765733999927761e-05
1.491894499922637e-08;4.87884399946779e-08;2.069859000039287e-07;1.7561534998822025e-05
1.5702800000144635e-08;4.802159999962896e-08;2.1853689997806214e-07;1.7538164999859872e-05
1.546838999929605e-08;4.787518000230193e-08;2.070526999887079e-07;1.7124080000212415e-05
1.4790465000260156e-08;4.804191999719478e-08;2.255144999944605e-07;1.7418294999515638e-05
1.5002240000467282e-08;4.829624000121839e-08;2.1372780000092462e-07;1.7349349999858532e-05
1.5202759999374394e-08;4.774765999754891e-08;2.1545899999910034e-07;1.785951999918325e-05
1.58235800001421e-08;4.779531999956817e-08;2.2648469998966903e-07;1.7304984999645967e-05
1.560417000000598e-08;5.063489999738522e-08;2.1026930000516586e-07;1.7779619999055284e-05
1.578066000074614e-08;4.762633999926038e-08;2.1754260000307114e-07;1.7572939999809023e-05
1.470493500091834e-08;4.7788180003408343e-08;2.1501799998804927e-07;1.7382815000019035e-05
1.4573795000615065e-08;5.0560139998560774e-08;2.0939229999203236e-07;1.7292884999187662e-05
1.490314499969827e-08;5.1281139999628066e-08;2.116884000133723e-07;1.77948299999116e-05
1.547944500052836e-08;4.9212140002055096e-08;2.0695469999918715e-07;1.743117499863729e-05
1.4799725000921172e-08;4.918433999991976e-08;2.0354230000521056e-07;1.785485000000335e-05
1.4956650001113303e-08;4.717835999908857e-08;2.0065830001840367e-07;1.7326884999056345e-05
1.510578000015812e-08;4.82601199997589e-08;2.247001000214368e-07;1.7559220000111965e-05
1.4568759998655879e-08;5.061441999860108e-08;2.1397670000442303e-07;1.761951500084251e-05
1.5352824999717997e-08;4.8567119997460396e-08;2.1087579999584705e-07;1.741726500040386e-05
1.526210999873001e-08;4.946227999753319e-08;2.1786480001173912e-07;1.7914934999134857e-05
1.4386965001176577e-08;5.141907999641262e-08;2.2690829998464323e-07;1.7343295000318905e-05
1.4548259999719448e-08;4.916475999634713e-08;2.1723540002130904e-07;1.7690869999933056e-05
1.4550514999427833e-08;4.772937999805436e-08;2.1615530000417494e-07;1.761174999992363e-05
1.4592529999208637e-08;4.790700000012293e-08;2.1890790000907146e-07;1.7958665000332985e-05
1.526116000022739e-08;4.892294000019319e-08;2.1160629999940284e-07;1.7753950000042097e-05
1.5283389999240172e-08;4.7968799999216574e-08;2.171684000059031e-07;1.721699999907287e-05
1.562586499931058e-08;4.7995219996664673e-08;2.173437999736052e-07;1.7486379999900238e-05
1.4804240000376012e-08;4.8637060000328344e-08;2.2567830001935364e-07;1.7478565000055823e-05
1.5206584999396e-08;4.7279760002857075e-08;2.1663180002360606e-07;1.7527130000235047e-05
1.4991249999729918e-08;5.039914000080898e-08;2.1723219999694264e-07;1.731805500021437e-05
1.511346500046784e-08;4.765389999956824e-08;2.151200999796856e-07;1.7676904999825637e-05
1.4843755000038072e-08;5.09704599971883e-08;2.2333000000799075e-07;1.7332099999475757e-05
1.4583900000434369e-08;4.823867999948561e-08;2.2202950000064448e-07;1.7557514998770786e-05
1.5314480000233743e-08;4.892410000320524e-08;2.102378999989014e-07;1.771375999960583e-05
1.4439380000112577e-08;4.892155999550596e-08;2.1181979999528268e-07;1.7174145000171848e-05
1.4739759999793022e-08;4.771639999817125e-08;2.0922990000690333e-07;1.7321564999292603e-05
1.5865534999466037e-08;5.1210079999873414e-08;2.1615980000933633e-07;1.724588499928359e-05
1.5048004999698607e-08;4.888140000402927e-08;2.114440999866929e-07;1.7550090000440832e-05
1.531038999964949e-08;4.829502000357025e-08;2.179296000103932e-07;1.774442000023555e-05
1.4837024999724235e-08;4.897724000038579e-08;2.083973000117112e-07;1.7661444999976083e-05
1.4681175000441726e-08;4.929992000106722e-08;2.226533999782987e-07;1.7550354999548288e-05
1.504407500033267e-08;4.8612180002965035e-08;2.2427129998686724e-07;1.751666500058491e-05
1.5146419999655337e-08;5.077630000305362e-08;2.137922000256367e-07;1.754825000098208e-05
1.496973000030266e-08;4.865505999769084e-08;2.1229210001183673e-07;1.7407275000005028e-05
1.5618165000341832e-08;5.0885020004352553e-08;2.0380930000101215e-07;1.78021700005047e-05
1.5146090000052937e-08;4.856995999580249e-08;2.0442100000218487e-07;1.741316999978153e-05
1.5513354999711736e-08;5.0404379999963566e-08;2.2108590000425465e-07;1.7651570000452922e-05
1.438934000034351e-08;4.740579999634065e-08;2.2344180001528e-07;1.751481500105001e-05
1.5085885000007693e-08;4.787917999783531e-08;2.1361559999058955e-07;1.759287500026403e-05
1.50241149996873e-08;4.796840000199154e-08;2.1393969998462126e-07;1.749258999916492e-05
1.595004999981029e-08;5.150803999858908e-08;2.1296750000328756e-07;1.7977019998943434e-05
1.6065494999929796e-08;5.049815999809652e-08;2.1040899999206885e-07;1.7684290000761393e-05
1.5422530000796543e-08;4.807341999839991e-08;2.063313999969978e-07;1.763556499936385e-05
1.4901939999253953e-08;4.954997999593616e-08;2.2464179998496548e-07;1.7392680000921246e-05
1.5187929999956395e-08;4.897122000111267e-08;2.1395740000298247e-07;1.7491650000738447e-05
1.4665894999052398e-08;5.90667599986773e-08;2.5297919998411087e-07;2.350287000008393e-05
1.5807849999691826e-08;5.882728000287898e-08;2.551812999881804e-07;2.3527720000129193e-05
1.5305459999945014e-08;5.7280420005554335e-08;2.543561999918893e-07;2.3966099999961444e-05
1.4903295000840445e-08;6.25229400000535e-08;2.7403709999634886e-07;2.4744940001983196e-05
1.4745319999929051e-08;6.000171999912709e-08;2.664987000171095e-07;2.4877640002523548e-05
1.566535500023747e-08;5.8706059999531136e-08;2.629544000083115e-07;2.4360580000211484e-05
1.6141079999215437e-08;5.9040480002295226e-08;2.526281999889761e-07;2.389071000216063e-05
1.5197834999707994e-08;5.68504800030496e-08;2.589365000021644e-07;2.385995000076946e-05
1.5741805000288878e-08;5.857123999739997e-08;2.555123000056483e-07;2.3877109997556543e-05
1.5809830000216608e-08;6.114371999865398e-08;2.4844260001555086e-07;2.404755000025034e-05
1.577878500102088e-08;5.9123540000291544e-08;2.41042000008747e-07;2.3770840000361204e-05
1.4909724998869933e-08;5.832137999823317e-08;2.502878000086639e-07;2.369485000090208e-05
1.560318000119878e-08;6.20013200037647e-08;2.53517400007695e-07;2.3504400000092572e-05
1.4508980000391602e-08;5.849163999664597e-08;2.5258380000013857e-07;2.3259189998498185e-05
1.488581500016153e-08;5.7153380004456265e-08;2.5354899998637846e-07;2.3906120000174268e-05
1.492821500141872e-08;5.650050000404008e-08;2.48783299990464e-07;2.359848000050988e-05
1.5345055000216235e-08;5.858337999670766e-08;2.515582000196446e-07;2.385872000013478e-05
1.48205900011817e-08;5.6003659998532384e-08;2.3928959999466316e-07;2.3572199998307043e-05
1.483497500012163e-08;5.933134000515565e-08;2.4059040000429375e-07;2.3591099999612196e-05
1.4697484999487643e-08;5.7678499998291954e-08;2.5321739999344574e-07;2.3604769998928533e-05
1.5509470000688454e-08;6.099711999995634e-08;2.4710390000836926e-07;2.4001450001378543e-05
1.4506835000065621e-08;6.414269999950192e-08;2.4919190001673995e-07;2.4000960000557825e-05
1.4501675000065007e-08;5.7317180000245574e-08;2.5696920001064425e-07;2.321081999980379e-05
1.4577824999287259e-08;5.803434000117704e-08;2.4973690000479107e-07;2.3675530002219602e-05
1.4740529999835416e-08;5.7775280001806095e-08;2.5434859999222683e-07;2.366522999946028e-05
1.4735610000207088e-08;5.9040879999520256e-08;2.556834999995772e-07;2.394671000074595e-05
1.4696564999758266e-08;5.753677999600768e-08;2.43370899988804e-07;2.346567999920808e-05
1.4713064998795744e-08;5.927063999697566e-08;2.4324959999648856e-07;2.3752709999098443e-05
1.4855185001215432e-08;5.626479999627918e-08;2.4854259999119677e-07;2.3521319997962563e-05
1.4607600000454113e-08;5.591142000048421e-08;2.453968999907374e-07;2.3689639999065547e-05
1.5750859999388924e-08;5.719445999711752e-08;2.603763999941293e-07;2.326191000174731e-05
1.479249499971047e-08;5.68509400007315e-08;2.4730920000001786e-07;2.3932920000515878e-05
1.4987145000486634e-08;5.6368639995343983e-08;2.383726999978535e-07;2.3865150002529843e-05
1.4820569999574218e-08;5.8627000002888964e-08;2.3564420000184328e-07;2.4123999997391367e-05
1.573819000041112e-08;5.7126579998293895e-08;2.484203999920283e-07;2.3373049998190255e-05
1.4618714999232908e-08;5.71135200036224e-08;2.5744200000190176e-07;2.3665639999671838e-05
1.4673365000635386e-08;5.9180019999621433e-08;2.5749409999116323e-07;2.4109309999039397e-05
1.5056614999775775e-08;6.131390000227838e-08;2.5991439999779684e-07;2.4871869999333286e-05
1.5229779999936e-08;5.661000000545755e-08;2.551306000095792e-07;2.3836430002120323e-05
1.4878459999454208e-08;6.316303999628872e-08;2.525860000168905e-07;2.340725999965798e-05
1.4497905000462197e-08;5.4735579999396575e-08;2.5530829999479467e-07;2.4212229999830014e-05
1.5809420000005047e-08;5.930517999804579e-08;2.548550000065006e-07;2.330145000014454e-05
1.4618684999004472e-08;6.268935999833048e-08;2.5285380001878366e-07;2.3532939999131485e-05
1.5252350000082515e-08;5.638230000040494e-08;2.584886999975424e-07;2.3999309999635444e-05
1.534633999981452e-08;5.941969999694266e-08;2.434924000117462e-07;2.382404999807477e-05
1.4853569999104366e-08;5.7537660002708434e-08;2.5006989997928033e-07;2.345725999912247e-05
1.5641215001232923e-08;5.845047999755479e-08;2.466821000271011e-07;2.341469000093639e-05
1.514420000021346e-08;5.9419460000935944e-08;2.382983000134118e-07;2.364428000000771e-05
1.5222155000083147e-08;5.8630399999674407e-08;2.4601729999994857e-07;2.383339999942109e-05
1.5578410000307487e-08;5.712414000299759e-08;2.4887050001416355e-07;2.4139500001911074e-05
1.4373594999779016e-08;5.586790000088513e-08;2.606462000112515e-07;2.3500960000092165e-05
1.5387809999810997e-08;5.595791999949142e-08;2.3795500001870097e-07;2.3861380000016653e-05
1.5497185000276658e-08;5.5970859999069945e-08;2.4539589998312294e-07;2.3762850000639444e-05
1.5523185000347438e-08;5.922420000424609e-08;2.593981999962125e-07;2.3713010002393277e-05
1.499420499894768e-08;5.643481999868527e-08;2.408750999893527e-07;2.3814310002489946e-05
1.5018700000655373e-08;6.0611739999149e-08;2.4492779999854974e-07;2.3475810000672938e-05
1.4905130000261123e-08;5.593035999918357e-08;2.545079999836162e-07;2.3006219998933374e-05
1.444614499923773e-08;5.687813999829814e-08;2.3533389999647625e-07;2.3602759998175316e-05
1.4365845000429545e-08;5.7543680001981554e-08;2.3702420000336132e-07;2.3730459998478183e-05
1.4647780000814236e-08;5.767874000011943e-08;2.43215099995723e-07;2.3480710000148974e-05
1.4807335000659805e-08;6.318808000069112e-08;2.4708130001090467e-07;2.334268999984488e-05
1.492106999940006e-08;5.778843999723904e-08;2.4016410001786424e-07;2.3425730000599286e-05
1.5157825000642332e-08;5.682288000243716e-08;2.4321720001171344e-07;2.3256999999284743e-05
1.5213429999130312e-08;6.153158000088296e-08;2.414432000077795e-07;2.322013000084553e-05
1.5341529999568594e-08;5.678520000074059e-08;2.4198799999430774e-07;2.3986870000953786e-05
1.5114220000396017e-08;5.6159639998804776e-08;2.513043000071775e-07;2.3219750000862406e-05
1.481043999956455e-08;5.772063999902457e-08;2.531630000157747e-07;2.325641999777872e-05
1.52919150001253e-08;5.732361999689601e-08;2.537315999798011e-07;2.3959889999241567e-05
1.5091900000697934e-08;5.7763059996068475e-08;2.480691999953706e-07;2.35106399981305e-05
1.5261015000578482e-08;5.6986879999749365e-08;2.6076289999764414e-07;2.3761799998464993e-05
1.5150020000874065e-08;5.813779999734834e-08;2.510379000159446e-07;2.330954000062775e-05
1.5475235000485555e-08;5.8416139998007564e-08;2.4878170000738465e-07;2.3394639999605714e-05
1.4826575000188314e-08;5.86144000000786e-08;2.534444000048097e-07;2.353222999954596e-05
1.5094814999611117e-08;6.078025999595412e-08;2.4577820001286453e-07;2.372056000167504e-05
1.4757190000091214e-08;5.56557200034149e-08;2.4476859997957946e-07;2.3513570000068284e-05
1.5314529999159278e-08;5.924092000350356e-08;2.5553490000311285e-07;2.342761000036262e-05
1.5624120000575205e-08;5.672673999797553e-08;2.379209000209812e-07;2.3444860000745393e-05
1.5078739999444223e-08;5.802177999867126e-08;2.5356219999957827e-07;2.3200819999328816e-05
1.479535999969812e-08;5.6113980000372975e-08;2.429826000006869e-07;2.3296839999966325e-05
1.4765139999508392e-08;5.934069999493659e-08;2.4174589998438024e-07;2.3276959999930115e-05
1.496177500084741e-08;6.276593999937177e-08;2.5254800001857805e-07;2.3504060000414028e-05
1.616879499924835e-08;5.585494000115432e-08;2.4936270000762304e-07;2.3630459999549203e-05
1.5234699999564328e-08;5.60453400015831e-08;2.5269550000666643e-07;2.395977000123821e-05
1.5052900000591762e-08;5.5974719999358055e-08;2.5274520000675693e-07;2.397775999852456e-05
1.5086915000574663e-08;5.720777999958955e-08;2.5122209999244663e-07;2.3277459997916593e-05
1.45424100002856e-08;5.716035999939777e-08;2.5455569999758155e-07;2.394460000214167e-05
1.4835640000819694e-08;5.7816599996294825e-08;2.504086999979336e-07;2.347909999953117e-05
1.4876150000782219e-08;5.7126979995518924e-08;2.426743999822065e-07;2.4203639998449942e-05
1.490374499990139e-08;5.8403739996720104e-08;2.444705999805592e-07;2.383834000211209e-05
1.5312444999290165e-08;5.634299999801442e-08;2.462840000225697e-07;2.3597360000712798e-05
1.4508415000454989e-08;5.5428600002778696e-08;2.4583349999738856e-07;2.337542999885045e-05
1.5457785000035075e-08;5.706724000046961e-08;2.52285499998834e-07;2.280860000173561e-05
1.5853990000323392e-08;5.8526139997411516e-08;2.410047999874223e-07;2.3584549999213778e-05
1.4867080000112765e-08;5.674377999966964e-08;2.4879280000459403e-07;2.3739510000450536e-05
1.5211024999734946e-08;6.093285999959335e-08;2.4876420001965016e-07;2.365577000018675e-05
1.5102634999493602e-08;5.584631999954581e-08;2.622086000046693e-07;2.328740000084508e-05
1.4674184999603313e-08;6.070590000017546e-08;2.4017299999832175e-07;2.3710389999905602e-05
1.4841465000063181e-08;6.360149999964052e-08;2.5575169999501666e-07;2.3508339998079464e-05
1.5429994999431073e-08;5.7528220000676814e-08;2.464736999827437e-07;2.40536900004372e-05
1.5317215000686702e-08;5.7576500001596286e-08;2.515758000081405e-07;2.3789059999398887e-05
1.507104500051355e-08;5.63557600020431e-08;2.785592000000179e-07;2.8482819997589103e-05
1.5364809999300633e-08;5.635541999945417e-08;2.892922000028193e-07;2.834055999992415e-05
1.5382574999239295e-08;5.697001999942586e-08;2.675422999891452e-07;2.861599999887403e-05
1.55006749992026e-08;5.964670000248588e-08;2.9050859998096715e-07;2.8886749999946914e-05
1.5256119999685324e-08;5.554251999710686e-08;2.7785640000365674e-07;2.8584419999970122e-05
1.493709499918623e-08;5.933762000058778e-08;2.7834840002469717e-07;2.992843000101857e-05
1.4804845000617207e-08;5.8961580001050606e-08;2.8568350002751686e-07;2.9010970002855174e-05
1.529417999990983e-08;5.8166139997774736e-08;2.8637820002040824e-07;2.927897999761626e-05
1.5226740000071003e-08;5.947768000187352e-08;2.9035699999076314e-07;2.8640539999469182e-05
1.5469244999985676e-08;5.994849999551662e-08;2.8227579998201693e-07;2.884327000065241e-05
1.428555000020424e-08;5.4831880005076526e-08;2.774822000064887e-07;2.915688000211958e-05
1.4961844999925235e-08;5.7982560002710673e-08;2.8734750000876375e-07;2.916114999970887e-05
1.567356000014115e-08;5.624166000052355e-08;2.817290000093635e-07;2.9233480000402777e-05
1.5324040000268723e-08;5.643734000041149e-08;2.808804000087548e-07;2.887990000017453e-05
1.4980805000232068e-08;5.707024000003003e-08;2.9500300000654535e-07;2.9307200000039302e-05
1.4827274999697693e-08;5.6497900001704695e-08;2.8905069999746045e-07;2.970369000104256e-05
1.4786774999811313e-08;5.753871999913826e-08;2.7643060000264084e-07;2.920172000012826e-05
1.5552754999953322e-08;5.859702000161633e-08;2.6614150000386873e-07;2.902997999917716e-05
1.4906179999525194e-08;5.683110000099987e-08;2.7487230001133865e-07;2.8495870000915603e-05
1.5481375000672414e-08;5.9068100003059955e-08;2.796528000035323e-07;2.908160999941174e-05
1.5111165000416805e-08;5.9236999996937813e-08;2.98089699994307e-07;2.922491999925114e-05
1.5329104999545962e-08;5.6020599999465046e-08;2.8095339998253623e-07;2.870355000195559e-05
1.4717310000560246e-08;5.784765999997035e-08;2.856370999943465e-07;2.906920999812428e-05
1.5509865000785793e-08;5.9511100000236185e-08;2.759812000149395e-07;2.8778709998005068e-05
1.522776000056183e-08;5.770575999631546e-08;2.819468000088818e-07;2.9317959997570144e-05
1.4859265000268352e-08;5.631448000203818e-08;2.774652999942191e-07;2.867119000002276e-05
1.4748534999671392e-08;5.604345999890938e-08;2.86649599991506e-07;2.844013999856543e-05
1.4715109999815468e-08;5.5507240002043545e-08;2.795759000000544e-07;2.8163219999987633e-05
1.4773805000004359e-08;5.751713999779895e-08;2.857701000175439e-07;2.8703769997810012e-05
1.5298250000341797e-08;5.806991999852471e-08;2.843591000128072e-07;2.8472130000591277e-05
1.55263599997852e-08;5.596455999766477e-08;2.7934629999799655e-07;2.9604099999414758e-05
1.4648515000590122e-08;5.708224000409246e-08;2.720434000075329e-07;2.8902180001023227e-05
1.4949350000824778e-08;5.7267540000611914e-08;2.864158000156749e-07;2.9198639999958686e-05
1.5412819999619387e-08;5.9494520002044734e-08;2.847963999956846e-07;2.916155999992043e-05
1.5199445000325796e-08;5.7531839999137446e-08;2.7284570000483654e-07;2.8406410000752657e-05
1.5617304999614135e-08;5.995460000121966e-08;2.8327320000971667e-07;2.980739999911748e-05
1.5797385000041686e-08;5.779986000270583e-08;2.829899000062142e-07;2.9728659999091177e-05
1.5777024999260902e-08;5.717738000093959e-08;2.817776999727357e-07;2.90446900005918e-05
1.4986574999056757e-08;5.969420000328682e-08;2.8081520000705494e-07;2.971694000007119e-05
1.581098999886308e-08;5.864968000096269e-08;2.885891999758314e-07;2.9149090001010335e-05
1.5597345000423958e-08;5.805739999632351e-08;2.843408999906387e-07;2.9541550000431016e-05
1.516750500013586e-08;5.628669999423437e-08;2.8082960000028835e-07;2.9312109999591484e-05
1.580872500053374e-08;5.648698000004515e-08;2.762102999840863e-07;2.8833000001031906e-05
1.498079000011785e-08;5.672856000019237e-08;2.848269999958575e-07;2.8909120001480914e-05
1.516895999957342e-08;5.894209999823943e-08;2.783057000197005e-07;2.909161999996286e-05
1.4846445000148379e-08;5.8081279997713864e-08;2.70877200004179e-07;2.8377049998380242e-05
1.5103029999590945e-08;5.630056000081822e-08;2.8749180000158957e-07;2.8504260000772773e-05
1.5479355001298247e-08;5.95071799994912e-08;2.8619630000321193e-07;2.8987539999070577e-05
1.4899365000019315e-08;5.719927999889478e-08;2.738509000046179e-07;2.8617720000329428e-05
1.5777035000792238e-08;5.747560000163503e-08;2.848643000179436e-07;2.8808609998668543e-05
1.51587100001052e-08;5.650819999864325e-08;2.93203800014453e-07;2.916630000108853e-05
1.4686819999769796e-08;5.912841999670491e-08;2.8558359999442475e-07;2.8649239998776467e-05
1.509012000024086e-08;5.604082000209019e-08;2.889400999993086e-07;2.8949070000089706e-05
1.4722579999943264e-08;5.752226000186056e-08;2.869432999868877e-07;2.8653549999580718e-05
1.4624829999229406e-08;5.6232520000776276e-08;2.826678000274114e-07;2.9069579998031257e-05
1.4766830000735353e-08;5.926224000286311e-08;2.91437899984885e-07;3.0064999999012798e-05
1.5633305000665132e-08;5.859468000126071e-08;2.7827249999972993e-07;2.8474489998188802e-05
1.5226789998996538e-08;5.905510000302456e-08;2.738679999893066e-07;2.8769549998105502e-05
1.584999000042444e-08;5.5687779997242615e-08;2.8938129998277873e-07;2.877528000099119e-05
1.4774325001053512e-08;5.876534000271931e-08;2.779200000222772e-07;2.906510999891907e-05
1.4904615000705234e-08;5.7703059999039395e-08;2.7443059999495746e-07;2.9021649999776854e-05
1.549063999991631e-08;5.8890560001600535e-08;2.8420970001025127e-07;2.8677939999033696e-05
1.461647499963874e-08;5.70012999989558e-08;2.7633829999831507e-07;2.894195000117179e-05
1.5065720000711737e-08;5.439204000285827e-08;2.76934000023175e-07;2.8696490000584163e-05
1.4830435000476427e-08;5.8220879995496945e-08;2.885807999991812e-07;2.858876000100281e-05
1.5309269999852403e-08;5.757291999761946e-08;2.774528999871109e-07;2.8684340001200326e-05
1.4580459998978768e-08;5.747757999924943e-08;2.8168949999962933e-07;2.889257000060752e-05
1.535464499902446e-08;5.87682000012137e-08;2.7540750001207926e-07;2.9003229999216273e-05
1.4558284998929594e-08;5.737618000130169e-08;2.8009689997998065e-07;2.902763000165578e-05
1.4848930000152905e-08;5.940812000189908e-08;2.7466239998466333e-07;2.926966000231914e-05
1.4805460000934546e-08;5.64515600039158e-08;2.805629000067711e-07;2.884135999775026e-05
1.5175859999726526e-08;5.592657999950461e-08;2.828125999949407e-07;2.8625299999839625e-05
1.5831909999542404e-08;5.624381999950856e-08;2.7165560002322306e-07;2.897172000084538e-05
1.4920954999979586e-08;5.607466000365093e-08;2.806544000050053e-07;2.9478530000778848e-05
1.4842490000592078e-08;5.7891419995576146e-08;2.667061999964062e-07;2.925188000081107e-05
1.4285310001287144e-08;5.987434000126086e-08;2.8191980000701734e-07;2.925369000004139e-05
1.5696710000338497e-08;5.6390780000947414e-08;2.7350789998308753e-07;2.8913360001752153e-05
1.5452754999569152e-08;5.734503999701701e-08;2.7799050000612625e-07;2.8394970000954345e-05
1.5449484999408014e-08;5.7337940001161766e-08;2.7674930001376194e-07;2.942631000187248e-05
1.562996499997098e-08;5.854056000243873e-08;2.8105479999794625e-07;2.900958999816794e-05
1.5218415000708772e-08;5.717199999489821e-08;2.704491000040434e-07;2.8352289999020287e-05
1.4776044999598525e-08;5.778600000194274e-08;2.7684629999566824e-07;2.891638999863062e-05
1.480615000036778e-08;5.6041659996844826e-08;2.766168999951333e-07;2.909624000021722e-05
1.4696475000528154e-08;5.86403000052087e-08;2.840653999883216e-07;2.8606400001444853e-05
1.5315565001219512e-08;5.595148000284098e-08;2.723251999996137e-07;2.8918439999688417e-05
1.5517764999822247e-08;5.575739999767393e-08;2.9066779999993743e-07;2.868364999885671e-05
1.4710979998926633e-08;5.701199999894016e-08;2.850388000078965e-07;2.9873570002382622e-05
1.4747280000301543e-08;5.711017999565229e-08;2.756404000101611e-07;2.839869000017643e-05
1.4529504999518395e-08;5.651164000155404e-08;2.7850499999476596e-07;2.94759200012777e-05
1.4446189999580383e-08;5.615871999762021e-08;2.7292040002066645e-07;2.884873000148218e-05
1.4394280000124126e-08;5.569206000072882e-08;2.783752999966964e-07;2.9303700002492407e-05
1.483363500010455e-08;5.856898000347428e-08;2.947042000014335e-07;2.953708999848459e-05
1.5595694999501576e-08;5.8937120001064613e-08;2.857412000012118e-07;2.88228599994909e-05
1.4321909999125637e-08;5.905391999986023e-08;2.729346000123769e-07;2.8676210000412538e-05
1.4740665000863373e-08;5.823423999827355e-08;2.776374999957625e-07;2.9179079999448732e-05
1.5233020001323894e-08;5.8340200001839546e-08;3.019515000050887e-07;2.9779679997591303e-05
1.4846009999746457e-08;5.7494179997593165e-08;2.8581149998353795e-07;2.8292329999385402e-05
1.4598624999052845e-08;5.966851999983191e-08;2.980336000036914e-07;3.0091399999218993e-05
1.523291500052437e-08;5.935047999955714e-08;2.700621000258252e-07;2.8534110001055524e-05
1.4841465000063181e-08;5.68615399999544e-08;2.763375999929849e-07;2.8904159998637623e-05
1.5450660001079085e-08;4.985954000148922e-08;2.0015009999042376e-07;1.205976500059478e-06
1.4583529999072199e-08;5.151358000002802e-08;2.1486400000867434e-07;1.2294090000796131e-06
1.519475499953842e-08;4.977305999491364e-08;2.1441939999931491e-07;1.1877304999507033e-06
1.521385999949416e-08;5.0997800001641735e-08;2.0501890001469292e-07;1.1941169999772684e-06
1.4858145000471268e-08;4.791390000027604e-08;2.104008999885991e-07;1.2110069999471307e-06
1.4686454999900888e-08;5.0768480001715946e-08;2.0665145000384654e-07;1.2083814998914023e-06
1.514071999990847e-08;4.8685059999115765e-08;2.1438610000768676e-07;1.1850945001060609e-06
1.5524039999581874e-08;4.586119999876246e-08;2.0658900000853465e-07;1.2183350000123027e-06
1.4983684998878743e-08;4.5889619999798016e-08;2.0614880000357516e-07;1.2074914999539032e-06
1.4858059999824036e-08;4.7180979995755476e-08;2.1455979999154807e-07;1.1977259999548551e-06
1.4712444999895525e-08;4.7473139996873214e-08;2.0901039999444038e-07;1.2192755000432952e-06
1.547705999983009e-08;4.841255999635905e-08;2.177539000113029e-07;1.1724600000889041e-06
1.4560585000435822e-08;4.851227999897674e-08;2.1239100000821054e-07;1.2084580000373536e-06
1.517048500099918e-08;4.8620099999243394e-08;2.0992870000191032e-07;1.1746004999440629e-06
1.4915119999204762e-08;5.0056459999177607e-08;2.0525719999568538e-07;1.177950499986764e-06
1.4865489999647252e-08;4.704206000315025e-08;2.0133529999293386e-07;1.2032950000138954e-06
1.538607999973465e-08;4.984977999702096e-08;2.0163519997731784e-07;1.1813210000400432e-06
1.4550230000168085e-08;4.637857999769039e-08;2.0874090000870637e-07;1.186265500000445e-06
1.509914500056766e-08;4.9620160000631584e-08;2.0651319998432883e-07;1.2012894998770206e-06
1.4788244999363088e-08;5.219371999846771e-08;2.0432419999269768e-07;1.1767190000682603e-06
1.5590295000583864e-08;5.013544000103138e-08;2.0248010000796056e-07;1.184845500101801e-06
1.5669500001240523e-08;4.7397779999300835e-08;2.1401689999038354e-07;1.1840615000983235e-06
1.5368669999588747e-08;4.7842939995462075e-08;1.986454500001855e-07;1.183556000032695e-06
1.5323815000010653e-08;4.6918580000055954e-08;2.0192370002041572e-07;1.1842764999892098e-06
1.5730844999779947e-08;4.818063999991864e-08;2.2116090002236888e-07;1.197196499997517e-06
1.4854219999688212e-08;4.5377099997131154e-08;2.124242999998387e-07;1.2273809999169317e-06
1.4912360000016633e-08;4.664588000159711e-08;2.163418999989517e-07;1.1884004999592434e-06
1.5647840000747236e-08;4.851326000061818e-08;2.0851374999620021e-07;1.1771990000852383e-06
1.490843999927165e-08;4.663413999951444e-08;2.139104999951087e-07;1.2210994999622926e-06
1.4955115001066587e-08;4.655724000185728e-08;2.0801099998061546e-07;1.1869849999493453e-06
1.576467499980936e-08;4.6552559995325283e-08;2.006314000173006e-07;1.2196654999570456e-06
1.572029999952065e-08;4.827250000089407e-08;2.0987970000714996e-07;1.2226420000661165e-06
1.4719930000137538e-08;4.856576000456698e-08;2.055409000022337e-07;1.223026999941794e-06
1.5067084999463986e-08;4.609702000161633e-08;2.1303460001945495e-07;1.1785070000041742e-06
1.5187945000070614e-08;4.633973999880254e-08;2.064896000083536e-07;1.177503000071738e-06
1.500049000023864e-08;4.6906079998007046e-08;2.0923529998981394e-07;1.2223985001037363e-06
1.5604840000742115e-08;4.7707900003297255e-08;2.0021640000049956e-07;1.1634004999359604e-06
1.5285790000052656e-08;4.868041999870911e-08;2.0579760000691749e-07;1.1802644999988844e-06
1.50433749993681e-08;4.5151399995666e-08;2.1193819999461992e-07;1.1803255000268108e-06
1.5636840001388917e-08;4.855361999943853e-08;2.0457689999602736e-07;1.1860889999661594e-06
1.4861595000547823e-08;4.585996000096202e-08;2.114356000092812e-07;1.2191429999074898e-06
1.4687379999668337e-08;4.8364600003696976e-08;2.0340090000536293e-07;1.2051230001088697e-06
1.4825605000078213e-08;4.674774000304751e-08;2.0053870000992902e-07;1.213621999922907e-06
1.500501499976963e-08;4.8477919999277216e-08;2.0315789998858235e-07;1.220929499977501e-06
1.5583915000024718e-08;4.633141999947839e-08;2.0753079999121838e-07;1.2186975000076927e-06
1.5347650001058355e-08;4.5858739997493104e-08;2.0620190000045114e-07;1.222309500008123e-06
1.4719450000848155e-08;4.6810380002716556e-08;2.1160569999483415e-07;1.2210475000028964e-06
1.512609000055818e-08;4.722448000102304e-08;2.0612469999468886e-07;1.1769760001334362e-06
1.5299569998751394e-08;4.7802239999873564e-08;2.075839999888558e-07;1.226528500119457e-06
1.5476985000714193e-08;4.787197999539785e-08;2.102067999949213e-07;1.221409499994479e-06
1.5141590000712314e-08;4.8525399999925866e-08;2.0959400001447647e-07;1.1854270000185352e-06
1.5693224999995437e-08;4.593845999916084e-08;2.053138999908697e-07;1.1921664999681524e-06
1.50560050009517e-08;4.805514000472613e-08;2.093696999945678e-07;1.1750410000968259e-06
1.4775935000216123e-08;4.619003999978304e-08;2.093829000077676e-07;1.2056379999557975e-06
1.492516500002239e-08;4.557535999920219e-08;2.0725070001208224e-07;1.1932850000448526e-06
1.5447544999187812e-08;4.598494000383653e-08;2.0801150001352652e-07;1.215041000104975e-06
1.5416999999433757e-08;4.634612000081688e-08;2.1087139999144712e-07;1.1788895000063348e-06
1.53084100005799e-08;4.605268000159413e-08;2.0024190002004615e-07;1.1877894999634009e-06
1.5437840000959114e-08;4.876036000205204e-08;2.083926499908557e-07;1.2158589999307879e-06
1.4952849999826868e-08;4.690065999748185e-08;2.1460440001101233e-07;1.2161425000522286e-06
1.5152454999042676e-08;4.844969999976456e-08;2.0928229999844917e-07;1.2164200001279823e-06
1.497718500031624e-08;4.651196000049822e-08;2.0522319999872706e-07;1.1813849999452942e-06
1.4671760000055656e-08;4.787631999934092e-08;2.166232999879867e-07;1.2243585000396707e-06
1.5252104999672155e-08;4.6138380002230404e-08;2.0181590001448058e-07;1.1813240000628865e-06
1.488390000013169e-08;4.762063999660313e-08;2.0852889999514445e-07;1.1809825000818819e-06
1.4916990000347142e-08;4.497200000332668e-08;2.0456539999577217e-07;1.2209915000130423e-06
1.4471810001123231e-08;4.651361999567598e-08;2.059941999905277e-07;1.1909134998859372e-06
1.4445974999398459e-08;4.588904000120238e-08;2.014284999895608e-07;1.1771349998889491e-06
1.5313615000923164e-08;4.545759999891743e-08;2.0685560000129044e-07;1.2240115000167861e-06
1.4722204999998212e-08;4.8577720002504064e-08;2.0119829999748617e-07;1.1961750000773464e-06
1.474669500021264e-08;4.568102000048384e-08;2.1077169998898172e-07;1.2073490000329912e-06
1.5282755000225734e-08;4.825950000085868e-08;2.1151649998500944e-07;1.2099029999808409e-06
1.5058554999995976e-08;4.8741360002895816e-08;2.0828249998157844e-07;1.2195174999942538e-06
1.4841069999965839e-08;4.756726000341587e-08;2.1239450000575744e-07;1.1788679999881424e-06
1.492288000008557e-08;4.607297999900766e-08;2.0573549999971873e-07;1.2112450000131503e-06
1.46094700001413e-08;4.8175020003691316e-08;2.1635200001765042e-07;1.1816754999745171e-06
1.4421189999848138e-08;4.834662000066601e-08;2.0186020000255666e-07;1.2193875000230036e-06
1.4536054999916815e-08;4.836473999894224e-08;2.0381059998180716e-07;1.1792819999391212e-06
1.4782240000204183e-08;4.8355639999499547e-08;2.086694999889005e-07;1.1708579999685753e-06
1.4656834999914281e-08;4.7880419995635746e-08;2.0289129999582655e-07;1.2202365000848657e-06
1.552862499956973e-08;4.5931879995623605e-08;2.0818359999975654e-07;1.1920364999969024e-06
1.4685319999989587e-08;4.762101999949664e-08;2.0370849999017082e-07;1.2221319999662228e-06
1.5045375000045168e-08;4.742485999595374e-08;2.087337000120897e-07;1.1905389999446924e-06
1.526791999931447e-08;4.7925000003306195e-08;2.158634999941569e-07;1.2162925000302495e-06
1.4928660000441597e-08;4.6654080000007525e-08;2.0749390000128188e-07;1.2040675000753255e-06
1.483215000043856e-08;4.5592980005312713e-08;2.0755150000331922e-07;1.2047759999404661e-06
1.567683000030229e-08;4.668970000348054e-08;2.0482169999741017e-07;1.1979969999811147e-06
1.5088255000591743e-08;4.701099999947474e-08;2.01367300003767e-07;1.1879200000839774e-06
1.4514319998852444e-08;4.6403119998285546e-08;2.0375839999178424e-07;1.1993805000383872e-06
1.4626924999174662e-08;4.82363199989777e-08;2.083911999943666e-07;1.218181000003824e-06
1.5152449999004604e-08;4.901135999825783e-08;2.044338499981677e-07;1.1702430000877939e-06
1.482473500072956e-08;4.813982000341639e-08;2.043353999906685e-07;1.2251225000363775e-06
1.4915490000566932e-08;4.877250000135973e-08;2.1467539999866857e-07;1.1853335000341757e-06
1.4730384999711533e-08;4.871439999551512e-08;2.2020630000042728e-07;1.1972935000085272e-06
1.4584744999592658e-08;4.8169540002709254e-08;2.1704290001071057e-07;1.2226995000673923e-06
1.4696724999521393e-08;4.631324000074528e-08;2.0131839998066425e-07;1.183644999982789e-06
1.4744500000961124e-08;4.8137059999862684e-08;2.0834389998344705e-07;1.1934340000152588e-06
1.4481339999474585e-08;4.462315999553539e-08;2.0669580000685528e-07;1.1864864999370184e-06
1.490438000037102e-08;4.8258819995680825e-08;2.0439070000429638e-07;1.1754059999657328e-06
1.4538309999625198e-08;4.560339999734424e-08;2.030873000039719e-07;1.19324349987437e-06
1.5273154999886174e-08;4.891519999946468e-08;2.7206370001658797e-07;2.849306000280194e-05
1.533095999911893e-08;4.5866500004194675e-08;2.8058349998900666e-07;2.915060000086669e-05
1.4724910000222736e-08;4.994935999857262e-08;2.713244000042323e-07;2.8466550001758152e-05
1.4671349999844097e-08;4.8192759999074044e-08;2.7451730001484976e-07;2.8796700001112186e-05
1.5026345000660513e-08;5.071650000172667e-08;2.755555000039749e-07;2.870083000161685e-05
1.5084094999474474e-08;4.936844000476413e-08;2.7317349999793805e-07;2.8518690000055357e-05
1.5041230000497307e-08;4.851439999765716e-08;2.6579770000535063e-07;2.9037679999601095e-05
1.4749434999248478e-08;4.8717060004128145e-08;2.7061930001946167e-07;2.9179359998670407e-05
1.522774000040954e-08;5.080896000145003e-08;2.8329849999863656e-07;2.9186460000346416e-05
1.5014075000362936e-08;5.0033759995130824e-08;2.861657000030391e-07;2.9295279999496414e-05
1.512743499915814e-08;4.8931939998874444e-08;2.7654120000079274e-07;2.851471000176389e-05
1.5343180000490973e-08;4.7943540004780516e-08;2.67990499996813e-07;2.8534740000031888e-05
1.4471545000560581e-08;4.829744000453502e-08;2.6413090000278314e-07;2.8505939999013207e-05
1.4795694999338594e-08;4.8540319997118784e-08;3.5901479999301953e-07;2.8929519999655894e-05
1.525340999942273e-08;5.0860140001168474e-08;2.7765470001031644e-07;2.9206340000382623e-05
1.5077255001233424e-08;4.918529999558814e-08;2.7267639999627136e-07;2.854180000140332e-05
1.4409524999791756e-08;4.771547999698669e-08;2.7218859997810796e-07;2.9020359998685308e-05
1.4491999999154358e-08;4.890515999868512e-08;2.750044999993406e-07;2.85903000010876e-05
1.5020750000257977e-08;5.042056000092998e-08;2.687978000030853e-07;2.8683840000303462e-05
1.5125560000888072e-08;4.9705120001453905e-08;2.75084799999604e-07;2.924541000102181e-05
1.5558464999776332e-08;4.8268559999996796e-08;2.6463270001113415e-07;2.9250939999474214e-05
1.4428604999557137e-08;5.089045999920927e-08;2.836735000018962e-07;2.8504219997557813e-05
1.4972744999977295e-08;4.9679679999826473e-08;2.777323999907821e-07;2.9102030000649392e-05
1.4508259999274741e-08;4.840363999828696e-08;2.716301000036765e-07;2.869588999892585e-05
1.51240549996146e-08;4.7966160002397373e-08;2.760112000105437e-07;2.8871729999082164e-05
1.4914814999792724e-08;4.828674000455067e-08;2.6820689998567103e-07;2.86549099982949e-05
1.4777045001392253e-08;4.6944860002258795e-08;2.690798999974504e-07;2.8442939999513326e-05
1.5022300000418908e-08;4.901552000083029e-08;2.6955530000850557e-07;2.8721489998861217e-05
1.5652920000138694e-08;4.7695759998168796e-08;2.826671000220813e-07;2.8932690000510775e-05
1.486937999870861e-08;4.8645820003002884e-08;2.665821999835316e-07;2.830381999956444e-05
1.434399999998277e-08;4.800323999952525e-08;2.6318199999514037e-07;2.8533310000784695e-05
1.5403935000358615e-08;4.693864000146277e-08;2.7930009999545293e-07;2.9080240000621417e-05
1.4666355001099873e-08;5.070217999746092e-08;2.830174999835435e-07;2.910248000116553e-05
1.454867499996908e-08;4.863035999587737e-08;2.667006999836303e-07;2.8338139998959378e-05
1.5243580000242218e-08;5.010069999843836e-08;2.728636999963783e-07;2.8895139999804088e-05
1.478233999951044e-08;4.861410000012256e-08;2.647521999897435e-07;2.8776100001414305e-05
1.555899999948451e-08;5.013751999940723e-08;2.705071000091266e-07;2.9299279997940176e-05
1.585373499983689e-08;5.089482000330463e-08;2.855715999903623e-07;2.975219000072684e-05
1.4916645000630523e-08;4.871711999876425e-08;2.6496130001032725e-07;2.8486279997741804e-05
1.4873089999309742e-08;4.8976600001333283e-08;2.6677300001028926e-07;2.884005999949295e-05
1.4930674999777692e-08;4.696743999957107e-08;2.7232389998971485e-07;2.8681660001166165e-05
1.5643490001093596e-08;4.831908000051044e-08;2.810884999926202e-07;2.8280220000306144e-05
1.492819999984931e-08;4.9178859998937696e-08;2.7122600001166573e-07;2.9096449998905882e-05
1.5787989999807904e-08;4.869992000167258e-08;2.620401000021957e-07;2.8830300000845455e-05
1.4970979999634438e-08;5.002014000201598e-08;2.698874000052456e-07;2.930636999954004e-05
1.4624535001348704e-08;4.814354000263847e-08;2.7864630002295596e-07;2.862756999966223e-05
1.564164499868639e-08;4.90700599970296e-08;2.756527999881655e-07;2.8526559998863376e-05
1.4524339999479707e-08;5.025484000216238e-08;2.750852000026498e-07;2.9327749999356455e-05
1.4776999999594409e-08;4.852190000237897e-08;2.6570650000940077e-07;2.8628099997877144e-05
1.4818155000102707e-08;4.951839999994263e-08;2.730643000104465e-07;2.8574209997896105e-05
1.5551130000676495e-08;4.830462000099942e-08;2.79225399979623e-07;2.8657749999547378e-05
1.5129004999471363e-08;5.076199999894016e-08;2.7237170000444165e-07;2.8924060001736506e-05
1.4971610000065994e-08;4.8882499994942917e-08;2.749086999974679e-07;2.8744509999523872e-05
1.4575355000852142e-08;4.754207999794744e-08;2.626510999980383e-07;2.8913430002285168e-05
1.4806795000913552e-08;4.80658000044059e-08;2.804089999990538e-07;2.8959100000793113e-05
1.4551610000489745e-08;4.91855799977202e-08;2.712661000259686e-07;2.906799000047613e-05
1.535326500015799e-08;4.8033499997109174e-08;2.6554170000599695e-07;2.902356999984477e-05
1.4532215001236181e-08;4.861161999870092e-08;2.717232999857515e-07;2.9156039998633786e-05
1.5164095000363887e-08;4.945187999983318e-08;2.6587560001644305e-07;2.865414999832865e-05
1.5696485000080428e-08;5.110339999664575e-08;2.734282999881543e-07;2.952068999875337e-05
1.5500100000645034e-08;5.1112799998372795e-08;2.7919609998934904e-07;2.8825380001217128e-05
1.4989630000491162e-08;4.811340000014752e-08;2.5816450000274925e-07;2.8243279998423533e-05
1.4724660001229495e-08;4.747930000303313e-08;2.700995999912266e-07;2.836321999784559e-05
1.5020609999191948e-08;4.886720000067726e-08;2.7902290000929497e-07;2.8971259997342714e-05
1.5233455000270625e-08;4.9832519999472424e-08;2.742126999946777e-07;2.9051950000575744e-05
1.5583770000375807e-08;4.7743339999578894e-08;2.73506700003054e-07;2.9263460001675413e-05
1.5170414999010973e-08;4.76972000033129e-08;2.684303999994881e-07;2.9216460001771337e-05
1.5470045000256505e-08;5.006128000095487e-08;2.787593999819364e-07;2.9359109999495557e-05
1.4426914999785367e-08;5.05293799971696e-08;2.7280390000669285e-07;2.9366299998946488e-05
1.439609999943059e-08;5.0760700000682845e-08;2.796488999738358e-07;2.8345060002175158e-05
1.4659725000092294e-08;5.030545999761671e-08;2.6964899999438783e-07;2.8451959998346865e-05
1.4978744999098124e-08;4.899722000118345e-08;2.7353649999713524e-07;2.835176000080537e-05
1.568348500004504e-08;4.7916820005048065e-08;2.606432000175118e-07;2.9092480000690557e-05
1.491604000038933e-08;4.9065100000007076e-08;2.8075999999418854e-07;2.9146509998827242e-05
1.5698400000110268e-08;4.9302779999561605e-08;2.796465999854263e-07;2.8874449999420903e-05
1.4890010000090114e-08;5.0286459998460483e-08;2.7364999998826533e-07;2.9169939999701454e-05
1.510549499944318e-08;4.8725720000220466e-08;2.6596739998785777e-07;2.9152100000646898e-05
1.5053815000283065e-08;5.012559999595396e-08;2.6448240000172516e-07;2.8880879998905585e-05
1.5375954999763053e-08;4.8520039999857546e-08;2.7740779999294316e-07;2.8484619999653658e-05
1.4708265000081155e-08;4.942939999746159e-08;2.774956000212114e-07;2.8938959998777138e-05
1.4616899999964516e-08;5.009897999698296e-08;2.684098999889102e-07;2.814599999983329e-05
1.4755159999185707e-08;4.811910000280477e-08;2.6056809999863617e-07;2.8680549998534844e-05
1.4810859999852255e-08;5.075206000474282e-08;2.8466239999397657e-07;2.852572000119835e-05
1.4451739999640267e-08;5.0592259998666126e-08;2.801857000158634e-07;2.8264779999153688e-05
1.5515374999085907e-08;4.977000000071712e-08;2.7315380002255554e-07;2.9021259999717586e-05
1.5573665000556504e-08;5.0753840000834315e-08;2.7327589999185877e-07;2.9603289999067784e-05
1.5633949999755714e-08;4.803414000198245e-08;2.6382429999648595e-07;3.0342760001076387e-05
1.4570895000360905e-08;5.264196000061929e-08;2.83299899980193e-07;2.9077930000494234e-05
1.532076000003144e-08;4.884342000004835e-08;2.827934000233654e-07;2.8804340001079253e-05
1.480751000053715e-08;4.901300000492483e-08;2.680349000147544e-07;2.8786049998598173e-05
1.5615369999432005e-08;4.943464000243694e-08;2.777395000157412e-07;2.9275749999214894e-05
1.4886139999725856e-08;4.697083999635652e-08;2.9014500000630506e-07;2.923253000190016e-05
1.4878249999310356e-08;4.866741999867372e-08;2.73640700004762e-07;2.8521790000377222e-05
1.484165000001667e-08;5.120746000320651e-08;2.781648999953177e-07;2.8586360000190323e-05
1.494949500047369e-08;4.7394759999588135e-08;2.5901239999802785e-07;2.89444399997592e-05
1.5582529999664986e-08;5.107835999806412e-08;2.758979999925941e-07;2.9400409999652765e-05
1.4511710000806488e-08;4.998242000001483e-08;2.700994000188075e-07;2.8878259999328294e-05
1.515261000022292e-08;4.8355699999956414e-08;2.677393000049051e-07;2.911784999887459e-05
1.4845264999894425e-08;4.909563999972306e-08;2.740207999886479e-07;2.814074000052642e-05
1.4910200001031627e-08;4.912989999866113e-08;2.836943000147585e-07;2.8313720002188348e-05
1.4653394999913871e-08;5.023919999948703e-08;3.355062000046019e-07;4.874644000083208e-05
1.5312669999548234e-08;4.935422000125982e-08;3.5006450000219044e-07;5.046773999929428e-05
1.5862539999943692e-08;4.884678000234999e-08;3.478880999900866e-07;4.9827360000927e-05
1.5328694999334404e-08;4.698630000348203e-08;3.323726000089664e-07;4.998960000229999e-05
1.4657549999537877e-08;4.772208000067622e-08;3.392900000035297e-07;4.932822000118904e-05
1.4977899999939836e-08;4.8322240001289175e-08;3.446860999974888e-07;5.024806000292301e-05
1.4492320000135806e-08;4.679273999645375e-08;3.273761000018567e-07;4.989454000024125e-05
1.508493000001181e-08;4.895111999940127e-08;3.459350000193808e-07;5.026680000009947e-05
1.52636300001177e-08;4.651206000125967e-08;3.4878840000601484e-07;4.968633999815211e-05
1.48986549989786e-08;4.6875620004720985e-08;3.5690459999023004e-07;4.916113999788649e-05
1.4840074999665376e-08;4.8874820000492035e-08;3.431371000187937e-07;4.984171999967657e-05
1.4548915000341367e-08;4.626898000133224e-08;3.427844000107143e-07;5.0017159996787085e-05
1.4997240000229793e-08;4.601502000004984e-08;3.4255709999706596e-07;4.9838000000454484e-05
1.558822500082897e-08;4.768836000002921e-08;3.4871759999077766e-07;5.052111999830231e-05
1.56220349992509e-08;4.685608000145294e-08;3.503610000188928e-07;5.035495999618433e-05
1.5006610000273213e-08;4.532747999764979e-08;3.4829229998285884e-07;4.955095999757759e-05
1.4988549999543464e-08;4.627613999764435e-08;3.4759659998235293e-07;4.9537119996966794e-05
1.4398374999291263e-08;4.6675580000737685e-08;3.5612359998049217e-07;5.1375879999250175e-05
1.490715999971144e-08;4.8971740005072205e-08;3.2600040000397714e-07;5.040189999854192e-05
1.4898969999921974e-08;4.7990680002840234e-08;3.358668999862857e-07;5.074034000281244e-05
1.4846359999501146e-08;4.762264000019059e-08;3.5084860000642946e-07;5.003477999707684e-05
1.5754220000235363e-08;4.685717999818735e-08;3.3812159998342393e-07;4.9463700002525004e-05
1.5147459998843262e-08;4.81900000013411e-08;3.518603999982588e-07;5.001035999739542e-05
1.4882829999260139e-08;4.525768000166863e-08;3.426876999728847e-07;5.016370000084862e-05
1.4720239999587648e-08;4.6508719999110324e-08;3.305282999936026e-07;4.949478000053204e-05
1.5227419999428093e-08;4.598244000226259e-08;3.433394000167027e-07;4.9758319999091326e-05
1.4931030001025647e-08;4.688890000106767e-08;3.371108999999706e-07;5.099860000191256e-05
1.4909895000164396e-08;4.691429999656975e-08;3.4153299999888985e-07;4.987214000429958e-05
1.5266544999030886e-08;4.6272800001315776e-08;3.350403000076767e-07;4.9415220000082625e-05
1.5035825000086335e-08;4.833097999799065e-08;3.381541999988258e-07;4.9817879998590796e-05
1.5079949999926613e-08;4.679423999623396e-08;3.407975000154693e-07;4.97328799974639e-05
1.5699464999488554e-08;4.6708539995597676e-08;3.433991999772843e-07;5.03398799977731e-05
1.540625500056194e-08;4.727613999857567e-08;3.2854800001950935e-07;5.0383319996763024e-05
1.5007955000328364e-08;4.591693999827839e-08;3.3529110002564265e-07;4.9725580000085756e-05
1.4967289999185595e-08;4.501441999454982e-08;3.4438959998078644e-07;4.968696000287309e-05
1.501288500003284e-08;4.789290000335313e-08;3.370889999787323e-07;5.001580000389367e-05
1.517357999982778e-08;4.626010000356473e-08;3.485505999997258e-07;4.9680939997779205e-05
1.5305824999813923e-08;4.964318000129424e-08;3.49771499983035e-07;4.890679999953136e-05
1.4919944999564906e-08;4.7260679997270925e-08;3.308178999868687e-07;4.9022139998851344e-05
1.5350159999798052e-08;4.649366000085138e-08;3.526780999964103e-07;4.92026399995666e-05
1.494700500043109e-08;4.5858679997036236e-08;3.4063160000368955e-07;4.913105999585241e-05
1.5568774999701417e-08;4.572402000194415e-08;3.357966000039596e-07;4.9567279999610034e-05
1.4998750000086146e-08;4.8198959999717773e-08;3.364428000058979e-07;4.991980000049807e-05
1.4768435001315083e-08;4.5855779998237265e-08;3.3673799998359756e-07;5.0511719996575264e-05
1.5074125000683125e-08;4.7406039998168126e-08;3.361581999924965e-07;5.103009999729693e-05
1.4870479999808595e-08;4.956508000032045e-08;3.3450040000025184e-07;4.9863520002691074e-05
1.4706134999869391e-08;4.611060000024736e-08;3.4582360001513737e-07;4.970532000297681e-05
1.5661079999699723e-08;4.7445959999458866e-08;3.46507299982477e-07;5.054023999837227e-05
1.5295155000058004e-08;4.6925840002950283e-08;3.571941000118386e-07;5.016220000106841e-05
1.48634850003873e-08;4.831867999746464e-08;4.060792000382207e-07;5.60670199978631e-05
1.7166394999367184e-08;5.62679200025741e-08;4.3420980003429577e-07;6.106070000096224e-05
1.8097349999879952e-08;5.1105279999319465e-08;4.28801600006409e-07;5.546434000134468e-05
1.686006499949144e-08;5.158452000468969e-08;4.245809999993071e-07;5.848719999776222e-05
1.674992999905953e-08;5.57459999981802e-08;4.2335440003080295e-07;6.014334000064991e-05
1.6082389999064617e-08;5.213547999737784e-08;4.0359510001144373e-07;6.232469999813474e-05
1.5040605000103823e-08;5.073127999785356e-08;3.884986999910325e-07;5.7166199997300284e-05
1.666067999904044e-08;5.2430699998512867e-08;3.6236569998436605e-07;5.5556100001558664e-05
2.060283500031801e-08;5.439326000050641e-08;4.5800320000853387e-07;5.3517160000046716e-05
1.8117604999861216e-08;5.105694000376388e-08;4.37190200027544e-07;5.794870000099763e-05
1.57958449999569e-08;5.527490000240505e-08;4.0255539998179304e-07;5.87158799986355e-05
1.6326174999994692e-08;5.429739999817684e-08;4.302636000211351e-07;6.251203999854624e-05
1.642169999977341e-08;5.039140000008047e-08;4.6368859999347477e-07;5.8750880003208295e-05
1.699366499960888e-08;5.545299999648705e-08;4.612759000156075e-07;5.0219460000516846e-05
1.7117459999280983e-08;5.091394000337459e-08;3.797456000174861e-07;6.262674000463448e-05
1.8827640000381508e-08;4.9300560000119734e-08;4.64626400033012e-07;5.4569560004165394e-05
1.6236255000694656e-08;5.623500000219792e-08;4.5516279997536913e-07;5.5474999995203686e-05
1.772388000099454e-08;5.5231160001130774e-08;3.900840999849606e-07;5.300608000252396e-05
1.7336855000758076e-08;5.3693460003705694e-08;4.2064739996567366e-07;5.3491960000246764e-05
1.6899545000342188e-08;5.3055160003714265e-08;3.9913639999576846e-07;5.443448000005446e-05
1.730171500094002e-08;5.503656000364572e-08;4.048117999918759e-07;5.774466000148095e-05
1.7461220000404866e-08;5.89656800031662e-08;4.1187020001234485e-07;5.920345999766141e-05
1.78904850006802e-08;5.739438000018708e-08;4.037512000068091e-07;5.0007579999510195e-05
1.6765669999585953e-08;5.238639999879524e-08;3.887018999957945e-07;5.263512000092305e-05
1.8332890000601765e-08;5.6146900000749155e-08;3.6114700001780876e-07;5.731078000389971e-05
1.7541855000308716e-08;5.783769999979995e-08;3.9811499998904764e-07;5.474779999931343e-05
1.7719550000038e-08;5.133972000330687e-08;4.2101390002062546e-07;5.5025000002933664e-05
1.8558785000641365e-08;5.400492000044324e-08;4.4399040000280364e-07;6.476508000050672e-05
1.8047709998791106e-08;6.457392000011168e-08;4.260062000248581e-07;6.49541400023736e-05
1.958897500007879e-08;5.918628000072204e-08;3.8345809999736955e-07;5.694939999957569e-05
1.731401500001084e-08;5.305789999547414e-08;3.932110999885481e-07;5.424683999735862e-05
1.599662999942666e-08;5.533913999679498e-08;4.781910000019707e-07;5.81463199981954e-05
1.8937605000974145e-08;5.1206720003392546e-08;4.241025999945123e-07;5.1351179997436705e-05
2.0110390000627375e-08;6.24768799985759e-08;4.157027999754064e-07;5.308359999908134e-05
2.053169999853708e-08;5.7526940002571794e-08;3.494355999864638e-07;5.612578000291251e-05
1.7153530000359752e-08;5.545134000130929e-08;4.145765999564901e-07;5.926284000161104e-05
1.8191759999899658e-08;4.6687840000959115e-08;4.007020000135526e-07;5.2695440000388774e-05
1.6434740000113378e-08;5.3452079999260607e-08;4.2148160000215286e-07;5.637075999984518e-05
1.6092439999920317e-08;5.219806000241078e-08;4.095575000101235e-07;5.154817999573424e-05
1.5158545000304003e-08;5.296394000179134e-08;3.7873260001651943e-07;5.750503999879584e-05
1.8616559999645688e-08;6.024686000309885e-08;4.389452000032179e-07;5.6724560004659e-05
1.805366500047967e-08;5.146124000311829e-08;4.3170880002435297e-07;6.410859999596142e-05
1.8278380000265315e-08;5.3807819995563476e-08;4.008529999991879e-07;5.6259619997581464e-05
1.6672100000141654e-08;5.495177999837324e-08;3.733665999898221e-07;5.765537999686785e-05
1.7492914998729248e-08;5.298307999619283e-08;4.2280699999537317e-07;5.090277999988757e-05
1.679293500055792e-08;5.4082920000655573e-08;3.808470999938436e-07;6.045435999985784e-05
1.6819765001127962e-08;6.065038000233472e-08;4.298339000088163e-07;5.883308000047691e-05
1.7657845000212548e-08;5.680694000329822e-08;4.1014600000926294e-07;5.927684000344016e-05
1.926316500030225e-08;5.7005899999057877e-08;4.453030999866314e-07;5.451153999892995e-05
1.685711000027368e-08;5.629637999809347e-08;4.0855660001398065e-07;5.923944000387564e-05
1.7460165001102723e-08;5.8187239995459097e-08;3.935590000182856e-07;5.336604000185616e-05
1.7227310000453145e-08;5.23495199973695e-08;4.7594500001287087e-07;8.515863999491557e-05
1.6124324999691452e-08;5.1639060000889003e-08;4.5013700000708924e-07;7.448572000139393e-05
1.7860645000473597e-08;5.8808080002199856e-08;4.69688999990467e-07;8.175566000281833e-05
1.6557430000102612e-08;5.285384000162594e-08;4.600477999774739e-07;8.594142000074498e-05
1.816551000083564e-08;5.12576800014358e-08;4.456480000517331e-07;8.095384000334888e-05
1.9528269999136683e-08;5.8212400000775234e-08;5.092420000000857e-07;8.324760000105016e-05
1.7477699999290054e-08;5.5983339995145795e-08;4.5640759996604173e-07;7.438118000281974e-05
1.638255500001833e-08;5.470877999905497e-08;5.737466000136919e-07;7.306443999987096e-05
1.7753105000883807e-08;5.331975999870338e-08;4.58396400033962e-07;8.33972199994605e-05
1.7954505000670905e-08;6.440447999630124e-08;4.33327000006102e-07;9.438573999796063e-05
1.779868500016164e-08;5.576807999750599e-08;4.904026000294834e-07;8.06432000012137e-05
1.9108769999002108e-08;5.052803999860771e-08;4.809103999868967e-07;8.42878199997358e-05
1.959579499962274e-08;5.569612000253983e-08;4.5704780000960455e-07;8.262534000095911e-05
1.6931214999931397e-08;5.7537660002708434e-08;5.171203999780119e-07;8.122756000375375e-05
1.6303335000702645e-08;5.1091919996542854e-08;4.897039999486879e-07;8.047395999892615e-05
1.7921405000379308e-08;5.21731799992267e-08;5.269901999854483e-07;7.736002000165172e-05
1.8490145000396298e-08;5.672753999824636e-08;4.6826320001855494e-07;7.979321999591775e-05
2.0326000000932255e-08;6.0143760003848e-08;5.024786000140012e-07;8.123176000081003e-05
1.650921999971615e-08;5.267583999666385e-08;4.878722000285052e-07;7.808092000195756e-05
1.8892885000968816e-08;5.233016000129283e-08;4.836434000171721e-07;8.20724599994719e-05
1.629528500052402e-08;4.9287459999322894e-08;4.87660999991931e-07;8.054325999692082e-05
1.8888435000553728e-08;5.325632000458427e-08;5.123398000141606e-07;8.485962000559084e-05
1.9210164999822154e-08;4.978605999494903e-08;4.6784800000023097e-07;8.137047999771311e-05
1.6327404999174177e-08;5.0228700001025575e-08;4.511219999985769e-07;8.105388000258244e-05
1.8359255000541454e-08;5.303091999958269e-08;4.197576000005938e-07;7.788140000193379e-05
1.675748499983456e-08;5.5009479995351285e-08;4.962010000017471e-07;7.843546000076457e-05
1.7758769998908975e-08;5.335604000138119e-08;4.771076000179164e-07;8.041310000116936e-05
1.9226854998851196e-08;5.922136000008322e-08;4.881074000149965e-07;7.710589999915101e-05
1.9436655000026804e-08;4.9751439999090506e-08;4.800321999937296e-07;7.543545999797061e-05
1.841257000050973e-08;5.4434439999749885e-08;5.809665999840945e-07;7.930572000332176e-05
1.7738624999765306e-08;5.362199999508448e-08;4.916809999849647e-07;7.830566000193357e-05
2.0754080000915564e-08;5.691081999684684e-08;4.151388000464067e-07;7.700286000035703e-05
1.7795075000321958e-08;5.336628000368364e-08;4.540255999891087e-07;8.162852000095882e-05
1.7973190000338945e-08;5.399350000079721e-08;4.950032000197098e-07;8.607345999917016e-05
1.6925249999621884e-08;5.7433480001054705e-08;5.090758000151254e-07;8.402679999708198e-05
1.751471500028856e-08;6.09792799979914e-08;5.187511999974959e-07;8.128533999552019e-05
1.860102999926312e-08;5.8199259999673814e-08;4.6676139999181033e-07;7.514287999947556e-05
1.596172999998089e-08;5.502616000012495e-08;4.333426000084728e-07;7.8129940002691e-05
1.7149685000185854e-08;5.0246479996712876e-08;4.4445640000049023e-07;7.324420000077226e-05
1.6816250000556464e-08;5.0590280001051725e-08;4.557030000141822e-07;7.791807999601588e-05
1.854015499993693e-08;5.443171999650076e-08;5.17294800025411e-07;7.599632000201381e-05
1.8193394999252632e-08;6.199519999790937e-08;4.869793999823742e-07;6.897371999802999e-05
1.589234999992186e-08;5.2791320002870636e-08;4.3990480003412813e-07;7.976668000337668e-05
1.723290999943856e-08;5.052340000402182e-08;4.4832140003563836e-07;7.439350000349804e-05
1.9559750000189524e-08;5.6133320002118125e-08;5.236868000356481e-07;7.215586000238546e-05
1.6996754999854603e-08;5.33411199983675e-08;4.81177200039383e-07;8.029209999949672e-05
1.6349950000585523e-08;5.3250140004092825e-08;5.011724000214599e-07;8.219753999728709e-05
1.991213000001153e-08;5.4539399995701385e-08;4.609237999538891e-07;7.716066000284627e-05
2.174378999916371e-08;5.4056180000770835e-08;5.235487999743782e-07;8.30333200050518e-05
1.757630999927642e-08;5.4836680000880736e-08;5.26138599961996e-07;8.733631999930367e-05
1.6041164999478497e-08;5.790617999737151e-08;4.795701999682933e-07;7.857745999936014e-05
1.9644469999184365e-08;5.702622000244446e-08;4.7364039998501537e-07;7.979519999935291e-05
1.670711000042502e-08;5.770330000086687e-08;5.214405999868177e-07;7.780348000233062e-05
1.8325924999953712e-08;5.608878000057303e-08;5.494433999992907e-07;8.276556000346318e-05
1.7320180000388064e-08;5.518234000192024e-08;4.79784200026188e-07;8.710909999790602e-05
1.7353100000764244e-08;5.971395999658852e-08;5.144677999778651e-07;8.079501999891363e-05
1.8978070000594017e-08;5.566973999957554e-08;5.120798000134527e-07;8.760623999987729e-05
1.8861694999213797e-08;5.312736000050791e-08;4.635392000200227e-07;8.194894000189378e-05
1.8188365000241902e-08;5.6729300000006334e-08;4.89475800015498e-07;8.334710000199266e-05
1.965494000032777e-08;6.132398000336252e-08;4.5926660002442076e-07;8.08039799972903e-05
1.825957999972161e-08;5.2620200003730136e-08;4.5864719996461647e-07;7.617205999558791e-05
1.8416225000692065e-08;5.4937579995021224e-08;4.999535999959335e-07;8.017569999792613e-05
1.8587250000564382e-08;6.306675999658182e-08;5.182920000515878e-07;7.893778000143357e-05
1.622207000036724e-08;5.49059999990277e-08;4.921354000107385e-07;7.458368000225164e-05
1.7488510000112e-08;5.057313999859616e-08;4.82886600017082e-07;8.47765000013169e-05
2.0996850001392887e-08;5.610838000429794e-08;5.934020000277087e-07;8.287355999927967e-05
1.6630285000428558e-08;5.6807900004787373e-08;4.753158000530675e-07;7.853999999933876e-05
1.6365865000989287e-08;5.6581940001342445e-08;4.615225999732502e-07;7.875420000054874e-05
1.8477305000124033e-08;5.216750000254251e-08;4.611233999603428e-07;8.314476000377908e-05
1.882025499944575e-08;5.1797260000603273e-08;4.358487999998033e-07;8.476766000385396e-05
1.7541140000685117e-08;5.863487999886274e-08;5.385785999824293e-07;7.748271999880671e-05
1.783045000047423e-08;5.881482000113465e-08;4.891189999761991e-07;7.840305999852717e-05
1.8079940001189242e-08;5.127735999994911e-08;4.946691999793984e-07;8.98110399954021e-05
1.996720000024652e-08;5.9334259998286145e-08;4.576612000237219e-07;8.063605999923311e-05
1.6780295000353362e-08;6.12699999997858e-08;4.07457199995406e-07;8.00294600019697e-05
1.829188499978045e-08;6.0502479999559e-08;4.5982260000891984e-07;8.208363999729045e-05
1.8576710000343156e-08;5.739394000265747e-08;4.919664000044577e-07;7.673649999778718e-05
1.8364694999763742e-08;5.535299999755807e-08;5.293749999837018e-07;8.140105999773368e-05
1.7307889999938196e-08;5.668173999874852e-08;4.890160000068135e-07;8.01826200040523e-05
1.8800095000187866e-08;5.97379999991972e-08;4.913111999630928e-07;8.498044000007212e-05
2.1904260001610963e-08;5.600846000015736e-08;5.171755999908783e-07;8.102400000207126e-05
1.894819000008283e-08;5.012569999671541e-08;5.051125999889336e-07;8.692571999854409e-05
1.6616819999762812e-08;5.5296260002069174e-08;5.076754000037908e-07;8.847550000064075e-05
1.886633999965852e-08;5.283918000059202e-08;4.6634739998262374e-07;7.747810000437312e-05
1.8138510000426323e-08;5.505637999740429e-08;4.3291519995545967e-07;8.202621999662369e-05
1.760477999923751e-08;5.7725259999278936e-08;4.216006000060588e-07;8.326692000264302e-05
1.7076675000134854e-08;5.841006000409834e-08;4.428730000508949e-07;7.090190000017174e-05
1.579082000098424e-08;4.940553999622352e-08;4.432358000194654e-07;7.076138000120408e-05
1.6433374999905936e-08;5.5403279996244236e-08;4.4427919998997824e-07;7.025387999601663e-05
1.6165199999522883e-08;5.0452620000578464e-08;4.393814000068232e-07;6.849316000007093e-05
1.5508754999609665e-08;4.8838379996595906e-08;4.3757599999662487e-07;6.971981999813579e-05
1.6098119999514893e-08;5.04287599993404e-08;4.229259999701753e-07;6.90593599982094e-05
1.576781000039773e-08;4.5575940003618596e-08;4.2157499998575075e-07;6.971336000133305e-05
1.5953854999679605e-08;5.126649999874644e-08;4.060172000317834e-07;6.884985999786295e-05
1.4628659999289084e-08;4.886893999646418e-08;4.2849239998031407e-07;7.035628000157885e-05
1.603793499962194e-08;5.022747999755666e-08;4.1674600000260396e-07;7.133875999716111e-05
1.5269445000740233e-08;4.732014000182971e-08;4.164070000406355e-07;6.837053999770433e-05
1.4774664999276865e-08;5.377321999985725e-08;5.45582800055854e-07;8.005359999951906e-05
1.7672484999638982e-08;5.2630019997013734e-08;4.5065559999784453e-07;7.358945999876596e-05
2.134816000034334e-08;6.075430000200868e-08;5.060235999990254e-07;7.331131999962964e-05
1.5680474998953287e-08;5.706981999683194e-08;5.207977999816648e-07;0.00010746704999473877
2.0528180000837892e-08;7.867338000214659e-08;4.937989999889396e-07;0.000110296379995998
2.0448744999885093e-08;7.035798000288196e-08;4.938632000121288e-07;0.00014544045001093763
2.429450000054203e-08;7.201644000015221e-08;7.388186000171117e-07;0.00014366200000222307
2.424530499993125e-08;5.7135500002186744e-08;6.875550000113435e-07;0.00011831389999715611
2.6058645000739487e-08;8.104946000385098e-08;6.527210000203923e-07;0.0001412603999924613
2.612377000041306e-08;7.235970000037924e-08;6.407623999984935e-07;0.00011216920000151732
1.761773999896832e-08;5.896620000130497e-08;5.655208000098355e-07;8.766195999924094e-05
1.7526904999976976e-08;7.033537999959663e-08;6.025346000096761e-07;0.0001452685499971267
2.118047999974806e-08;7.167122000246309e-08;7.766450000344776e-07;0.00012041644999408164
2.5733980000950395e-08;8.478898000321351e-08;5.155519999680109e-07;0.000141761150007369
2.4378580000484362e-08;6.750151999876835e-08;4.730595999862999e-07;8.94166200014297e-05
1.6188829999009612e-08;5.8396799996262413e-08;5.100961999851279e-07;0.00010640583999920636
1.972398000070825e-08;6.254668000037782e-08;5.164715999853797e-07;0.00010561157999909483
1.8548489999375306e-08;5.662932000122965e-08;5.186819999944419e-07;8.797455999883823e-05
2.258468499931041e-08;6.053554000100121e-08;4.819450000068173e-07;0.00013507197999861092
2.0623870001873003e-08;8.624072000384331e-08;7.025084000197239e-07;0.00012119819999788888
1.6513824999856298e-08;6.234045999590308e-08;4.946750000235625e-07;0.00012047844000044279
1.5554380000685343e-08;5.869525999878533e-08;4.788576000137254e-07;8.910713999648578e-05
2.438817999791354e-08;5.680662000086158e-08;4.796906000119634e-07;0.00011976960000174586
2.6134930000989698e-08;5.89983600017149e-08;4.873814000166021e-07;8.23675199993886e-05
2.256018999905791e-08;6.987595999962651e-08;5.139783999766223e-07;0.00011483414999383967
1.6928770000231453e-08;6.77763799962122e-08;4.717219999874942e-07;9.429354000021704e-05
1.744839500024682e-08;6.021983999526128e-08;5.659356000251137e-07;8.417061999789439e-05
2.514066500007175e-08;6.4356959995348e-08;6.391635999898426e-07;0.00010984419999294915
2.434533000050578e-08;8.24769800005015e-08;5.213733999989927e-07;0.00013987990000168793
2.0499679999193177e-08;8.474816000089049e-08;6.047113999957219e-07;0.00011178369999106508
2.3293110000668095e-08;8.066559999715537e-08;7.263771999860183e-07;0.0001109598999901209
2.6049310000962577e-08;8.56961199955549e-08;5.68747999961488e-07;0.00011068764999799897
2.6029919998836703e-08;8.074472000007518e-08;4.814275999669917e-07;0.00014552454999648034
2.581855999887921e-08;6.650165999890305e-08;6.19023000006564e-07;0.00014442729999427685
2.4669704999541865e-08;6.629589999793097e-08;7.915373999858275e-07;0.00014498535000893753
2.6034950002213008e-08;8.746502000140027e-08;5.337034000549465e-07;0.0001192319400026463
2.6021000000764615e-08;5.586121999658644e-08;4.809892000048421e-07;0.00010897809999005404
1.6568489999917802e-08;8.567521999939345e-08;5.715306000201963e-07;0.00010962902000173927
2.5987110001733527e-08;9.076890000142156e-08;4.710717999842018e-07;0.00014145470000221394
2.6028809999115764e-08;9.082436000462622e-08;6.011449999641627e-07;0.00014071619999594985
1.4905794999503995e-08;7.746026000240818e-08;5.500950000132434e-07;9.679209999740123e-05
2.5993329999619162e-08;7.53871800028719e-08;7.73570200020913e-07;0.00010341490000428167
2.6601900000241586e-08;8.426699999836273e-08;4.895472000353039e-07;0.00014197620000049938
2.235982999991393e-08;5.7518519996665416e-08;5.325190000003204e-07;0.00014322484999138396
2.1816034999210386e-08;8.047420000075363e-08;6.889335999730975e-07;0.00013480099999287632
2.3206315000425092e-08;7.607350000180304e-08;7.720396000077017e-07;0.00013182460000098217
1.7458454999723473e-08;6.12358000013046e-08;5.097231999970973e-07;0.00011330099999904633
2.4710814999707508e-08;7.631741999648511e-08;7.653370000189171e-07;0.00014474319999862928
2.5990550000278746e-08;6.499871999840252e-08;4.551037999917753e-07;0.0001013795199978631
2.6071060000685976e-08;8.38108199997805e-08;6.587819999549538e-07;0.00014090360001137015
2.6077940000686796e-08;8.600946000078693e-08;7.609169999486767e-07;0.0001319573800021317
2.443178999965312e-08;6.920301999780349e-08;6.342297999653965e-07;0.00012046345999697224
2.1005149999109563e-08;7.272005999693647e-08;6.222351999604143e-07;0.0001413810500089312
2.5390159999369644e-08;8.070366000174545e-08;5.097744000377134e-07;0.00010585284999979195
2.4597970000468194e-08;6.597970000002533e-08;4.808446000097319e-07;8.224172000191174e-05
2.4417020000691992e-08;9.053495999542065e-08;4.786910000257194e-07;0.00014020460000028833
2.2121769998921082e-08;5.781197999604046e-08;4.4586400000844153e-07;9.962478000088595e-05
2.6102580002043395e-08;8.37528400006704e-08;4.712576000019908e-07;0.00011544074999983423
2.5291300000390036e-08;5.820560000138357e-08;5.408020000322722e-07;0.00012676230000215584
2.2927690000506118e-08;5.497791999951005e-08;6.295562000013888e-07;0.00013799279999511782
2.131884499976877e-08;5.730580000090413e-08;7.177015999914147e-07;0.00010915976000251249
1.61818199994741e-08;6.941462000249885e-08;5.749378000036813e-07;0.00013434368000016548
1.6665909999574068e-08;7.64838399947621e-08;5.003952000406571e-07;0.000140076149997185
2.6236639998387547e-08;8.275271999882534e-08;4.519575999584049e-07;0.0001040052000025753
1.6669189999811353e-08;8.175097999628634e-08;6.186683999840171e-07;0.00011735544999828563
2.062473999976646e-08;8.845350000192411e-08;7.137029999867082e-07;0.00014451400000252762
2.2521735000191257e-08;9.099649999989197e-08;7.640666000079364e-07;0.00014199785000528208
2.6010949999908915e-08;8.483300000079907e-08;4.946670000208542e-07;0.00011686726000043564
2.6128340000286697e-08;9.126517999684439e-08;7.022640000213869e-07;0.00011687367999693379
2.1730449999449774e-08;8.866744000115432e-08;6.918707999866456e-07;0.00011700959999870975
2.4498630000744014e-08;7.493017999804579e-08;6.91251199983526e-07;0.00012024454999482259
2.607207999972161e-08;9.070123999845236e-08;7.49576199974399e-07;8.257767999893985e-05
1.716543500078842e-08;8.247527999919839e-08;5.456471999641508e-07;0.00010560952000087127
2.6098790002288296e-08;7.353105999645777e-08;6.564831999712623e-07;0.0001401645999867469
2.1150579999084583e-08;8.884411999606528e-08;4.709260000381619e-07;0.00012984775000950323
2.6080560000264085e-08;5.253692000405863e-08;4.5311279996531083e-07;0.00013249530000030064
2.050265000143554e-08;6.953843999654055e-08;6.5683180000633e-07;0.00010909739999624435
2.426646999956574e-08;8.063155999989249e-08;7.775064000161365e-07;0.00014473815000383183
2.557751999993343e-08;8.926963999983854e-08;6.803240000153892e-07;0.00013930789999722039
2.6109769998583943e-08;8.634144000243395e-08;6.364185999846085e-07;0.00011956668000202626
2.0883359998697414e-08;9.128197999671101e-08;4.862227999838069e-07;0.00014308964999509044
1.4169115001277532e-08;9.041714000049979e-08;6.035096000414342e-07;0.00014098354999441653
2.1696180000435563e-08;5.5859480000799525e-08;5.938331999932416e-07;0.00014585715001157952
2.0422814998892135e-08;8.169356000144035e-08;7.66907799988985e-07;0.00011554444998910185
2.046799999952782e-08;6.448541999561712e-08;5.183053999789991e-07;0.00014469695001025683
2.616273000021465e-08;7.510659999679774e-08;7.717494000098668e-07;0.000128047999998671
1.601881999959005e-08;6.873067999840714e-08;7.705574000137858e-07;0.00012855720000516158
2.62001600000076e-08;8.097982000326737e-08;7.721431999816559e-07;0.00014362864999566228
2.070921999984421e-08;7.498087999993004e-08;7.346356000052765e-07;0.00010445099999778903
2.1417579997796565e-08;8.708403999917209e-08;4.711082000285387e-07;0.00014060590000008233
2.0447900000726804e-08;6.077795999590308e-08;7.668262000079267e-07;0.00014237934999982826
2.6081549999071285e-08;5.885973999975249e-08;4.6797640004660937e-07;0.0001274814999924274
2.605211000191048e-08;9.101904000272043e-08;7.51269600004889e-07;0.00013848874998802785
2.319607000099495e-08;8.623119999538176e-08;7.680738000199198e-07;0.00014155949999985752
2.514851999876555e-08;8.289581999997608e-08;7.421637999941595e-07;0.00013151015000767075
2.603182000166271e-08;7.273081999737769e-08;6.597282000002451e-07;0.00011296300000685733
2.603741000057198e-08;7.66059999994468e-08;7.273549999808893e-07;0.0001290448999934597
2.6216109999222682e-08;9.135437999502756e-08;6.53348800027743e-07;0.0001417132000060519
2.1939809998730197e-08;8.869940000004135e-08;7.669363999739289e-07;0.00014260420000937303
2.4068985000485556e-08;7.111641999799758e-08;7.440258000278845e-07;0.00013406885999720544
2.611589500011178e-08;6.105846000136808e-08;5.001517999917269e-07;0.00012189079999807291
2.238913499895716e-08;8.916824000189081e-08;6.196046000113711e-07;0.00014083899999968707
2.1295385000121314e-08;7.57218999962788e-08;7.674567999783903e-07;0.00010602273999829777
2.22687000001315e-08;7.745951999677345e-08;4.692335000145249e-07;2.1102019998943434e-06
2.5815930002136156e-08;4.6768939995672556e-08;5.182131999754347e-07;2.393738999962807e-06
2.4951044999761508e-08;7.43254600034561e-08;5.218712000059895e-07;2.077685999975074e-06
2.613885000027949e-08;4.5747359999222683e-08;4.026555999880657e-07;2.087632999755442e-06
2.6422700000694022e-08;7.762483999831602e-08;5.190965000074357e-07;2.39816699991934e-06
1.9413280001026577e-08;7.862654000055044e-08;4.77632199996151e-07;2.2115510000730865e-06
1.9368529999337626e-08;4.756599999964237e-08;4.058802000363357e-07;2.3892960001830943e-06
2.607637000037357e-08;7.444393999758177e-08;4.163513999665156e-07;2.161749500082806e-06
2.265270000207238e-08;4.66766000026837e-08;5.031972000142559e-07;2.2731344999920113e-06
2.6060680000227876e-08;7.366027999669314e-08;5.126646000426263e-07;2.2613410001213196e-06
2.351427999965381e-08;6.073713999940082e-08;4.96490299992729e-07;2.4079860001802445e-06
2.6201289999880827e-08;7.110678000026382e-08;5.240128000150434e-07;2.3898650001501665e-06
2.6031959999818356e-08;6.141998000093736e-08;4.4972959998995066e-07;2.9486890000407585e-06
2.9783940000925213e-08;9.524723999784328e-08;5.98885599989444e-07;2.6455789999454284e-06
1.7608440000913107e-08;5.1729019999038425e-08;5.203463999787346e-07;2.2788239998044446e-06
2.612055000208784e-08;4.699529999634251e-08;4.2134480000822806e-07;2.333402000076603e-06
2.4246324998966883e-08;5.013409999664873e-08;5.166153999743983e-07;1.9325075000233483e-06
2.0278919997508638e-08;7.826593999634497e-08;5.279502000194043e-07;2.407692999986466e-06
2.7274049998959525e-08;7.689703999785706e-08;3.5389420000137764e-07;2.133216500078561e-06
1.9854864999069834e-08;5.966935999458656e-08;5.165388000314124e-07;2.201422000071034e-06
2.5944300000264774e-08;4.7029919998021793e-08;4.478436000063084e-07;2.4558229997637683e-06
2.593364000204019e-08;6.681830000015907e-08;5.228313999832608e-07;2.026614999922458e-06
1.5745889999379868e-08;4.84167399990838e-08;4.11400799988769e-07;2.4030299999867567e-06
2.27589700021781e-08;6.10316000005696e-08;3.540333000128157e-07;2.0408840000163763e-06
2.196960500004934e-08;6.19535400008317e-08;3.604887000110466e-07;2.394577999948524e-06
2.1236284999758937e-08;5.97544000018388e-08;4.1311249998398127e-07;2.3979059999692253e-06
1.5174845000728963e-08;5.9184220002498476e-08;4.819136000005528e-07;2.3642370000015942e-06
2.4487914999190253e-08;5.962976000155322e-08;4.301281999796629e-07;2.0273680001264436e-06
2.5106979999691248e-08;6.477817999548279e-08;4.4800620002206413e-07;2.373966999875847e-06
1.5385329999844544e-08;5.966185999568552e-08;5.05239000020083e-07;2.2507290000794454e-06
1.6567225000471808e-08;5.056974000181072e-08;3.8612569999531845e-07;2.357038999907672e-06
1.721493999939412e-08;7.184195999871008e-08;4.121928000240587e-07;2.0837129998835734e-06
2.4992130001191982e-08;4.838659999659285e-08;4.4071610001265073e-07;2.0057810001890176e-06
1.583159000001615e-08;5.256595999817364e-08;4.1393899999093266e-07;2.1408140000130514e-06
2.5415499997325242e-08;7.055005999864079e-08;4.7518100001616406e-07;2.1026699998765253e-06
2.039872000023024e-08;7.600119999842718e-08;4.022019999683835e-07;2.2171879999223167e-06
2.0864029999938792e-08;6.572691999608651e-08;3.5012640000786633e-07;2.2148350000497885e-06
1.6584484999475535e-08;6.354017999838106e-08;5.210791999706999e-07;2.4101070000324397e-06
2.2282154999265914e-08;5.565179999684915e-08;5.200123999966308e-07;2.058353500033263e-06
2.122053499915637e-08;5.9479539998574185e-08;5.261484000366181e-07;2.4190419999649747e-06
2.522247500019148e-08;5.973187999916263e-08;5.212819000007585e-07;2.2084940000786444e-06
2.4249060000875035e-08;5.325689999735914e-08;5.22737999970559e-07;2.412301999866031e-06
2.610356000077445e-08;7.188147999695502e-08;5.144658000208437e-07;2.4090100001194515e-06
2.097924999834504e-08;6.478549999883399e-08;4.840991999953985e-07;2.1673400001600386e-06
2.0670150002115406e-08;7.085172000224701e-08;4.3018980001215824e-07;2.0563620000029914e-06
2.4621024999942164e-08;6.803395999595523e-08;5.044066000264138e-07;2.193692000000738e-06
2.487117999990005e-08;5.827934000408277e-08;5.197862000204623e-07;2.1821320001618005e-06
2.5445539999054745e-08;7.480238000280224e-08;4.239349999697879e-07;2.0901980000780895e-06
2.1804599999450147e-08;5.915106000029482e-08;3.9000129999476484e-07;2.2084594999614636e-06
2.334434000076726e-08;5.696923999930732e-08;5.276899999589659e-07;1.808389000070747e-06
1.7245464998995885e-08;5.566703999647871e-08;4.6118600000045264e-07;2.2423359999083915e-06
2.5005989999044685e-08;6.027623999980279e-08;5.066686000209302e-07;2.4119114999484737e-06
2.6204430000507272e-08;6.537099999841303e-08;5.250693999696523e-07;2.041190000018105e-06
2.5145185001019855e-08;5.865818000165746e-08;5.215993999736384e-07;2.09258899994893e-06
2.6290030000382103e-08;4.9298400001134724e-08;4.331473999773152e-07;2.174976999813225e-06
2.6131080000777728e-08;6.149440000299364e-08;3.229651000001468e-07;1.8710830000054557e-06
2.4748180000460705e-08;5.0577060005161914e-08;5.016727999900467e-07;2.2016954999708106e-06
2.0999110001139342e-08;7.428770000115037e-08;4.152262000134215e-07;2.326016000006348e-06
2.6121730002341792e-08;7.039337999885902e-08;4.2119399999501186e-07;2.2683065000455825e-06
1.5136675001122058e-08;5.6981919996906074e-08;3.365561999962665e-07;2.02979099994991e-06
2.610860999848228e-08;5.100040000397712e-08;5.239733999478631e-07;2.4139389999618288e-06
2.0810119999805465e-08;7.544218000257388e-08;4.92305799969472e-07;2.3991569998906926e-06
2.6166679998277687e-08;7.6843519997783e-08;3.2445270000607706e-07;2.140564000001177e-06
1.487984499981394e-08;5.0902080000378194e-08;3.504525999887846e-07;1.830653000070015e-06
1.933320999960415e-08;6.06614799995441e-08;5.086513999849558e-07;2.351695999968797e-06
2.6228909997735173e-08;5.276742000132799e-08;4.5006740000098944e-07;2.3962890001712368e-06
2.6003479998325928e-08;7.088929999736138e-08;4.6775459998752924e-07;2.4132959998678414e-06
2.6089149998733773e-08;5.254501999588683e-08;5.196876000263728e-07;2.4322589999064803e-06
2.4599299998953938e-08;5.58601800003089e-08;4.931084000272677e-07;2.398960000136867e-06
2.6053829997545108e-08;7.330345999798738e-08;5.217461999855004e-07;2.3946919999434613e-06
2.6122440001927316e-08;7.136427999939769e-08;5.193895999691449e-07;2.3922940000193193e-06
2.4714389999280684e-08;7.2267180000199e-08;4.948256999778096e-07;2.391430000134278e-06
2.2969420001027173e-08;5.228730000089854e-08;4.929175999714062e-07;2.1679540001787246e-06
2.400770499953069e-08;7.197484000353142e-08;5.220379999955185e-07;2.0186060000560247e-06
2.615916000213474e-08;7.332530000130646e-08;3.858790000085719e-07;2.207876999746077e-06
1.839696999959415e-08;7.621240000007674e-08;5.150467999628745e-07;2.391646000032779e-06
1.954970999940997e-08;7.921037999913097e-08;5.206658000242896e-07;2.3594479999155735e-06
2.5439909999840893e-08;5.840204000123776e-08;4.957089999807067e-07;2.340148000221234e-06
2.4811139999656007e-08;7.46381199976895e-08;4.061179999844171e-07;2.238667999918107e-06
2.6372650000848808e-08;7.75392199982889e-08;3.3651180000742896e-07;1.7913674999726935e-06
2.0454770000651477e-08;7.784904000000096e-08;5.119957999850157e-07;2.39541899994947e-06
2.0724025000527035e-08;5.490029999637045e-08;5.227280000108294e-07;2.29946250008652e-06
2.6180849998490885e-08;7.586262000259011e-08;5.17141999967862e-07;2.4027789998217484e-06
2.3006090000853875e-08;4.895942000439391e-08;4.254492000036407e-07;2.3215280001750216e-06
2.6047019998077303e-08;5.15138799964916e-08;4.559560000197962e-07;2.2946849997970276e-06
2.1196650000638327e-08;5.1511959999334065e-08;4.627287999901455e-07;2.3970920001738705e-06
2.59783299989067e-08;7.577881999895908e-08;4.056144000496715e-07;2.3246200001449323e-06
1.6764970000076572e-08;6.178415999747812e-08;5.207404000102542e-07;2.383807000005618e-06
2.2850120000657626e-08;6.042096000164748e-08;4.3505559995537625e-07;2.182528999983333e-06
2.506965000065975e-08;6.006751999957487e-08;4.798717999947258e-07;2.398261999769602e-06
2.60092699987581e-08;5.6898119999095795e-08;4.24769000033848e-07;2.1778639999683944e-06
2.32562200006214e-08;7.63407799997367e-08;5.19107400032226e-07;2.3910070001147688e-06
2.6839290000498296e-08;6.549866000423207e-08;4.595362000109162e-07;2.3972610000055285e-06
2.6199549998273143e-08;7.037883999873883e-08;4.338164000073448e-07;2.297796999919228e-06
2.6075350001337937e-08;7.757030000211671e-08;4.600586000015028e-07;2.2033849998842925e-06
2.6053939998382703e-08;7.751181999919936e-08;4.6578719999524767e-07;2.273278000066057e-06
2.2063309999066404e-08;4.715215999749489e-08;5.15129600011278e-07;2.3990880000928883e-06
2.438012000056915e-08;7.237244000425563e-08;4.0416639999602923e-07;2.3965879998286255e-06
2.6146529999095946e-08;6.721947999903933e-08;5.214755999913904e-07;2.391815000155475e-06
2.6133049998315982e-08;7.419672000105493e-08;5.211041999864392e-07;2.029789999942295e-06
1.8185244999767747e-08;6.29711400019005e-08;6.891277999966405e-07;0.00011986210000468418
1.4246300001104827e-08;6.689096000045537e-08;4.881922000204213e-07;8.973726000403985e-05
1.5281229998799973e-08;7.421512000146321e-08;7.347625999827869e-07;0.00011022331999847666
2.4762249999912455e-08;6.232227999716997e-08;7.372616000357084e-07;0.00012668484999448992
2.6190380001207813e-08;7.909083999693393e-08;7.370194000541232e-07;0.00012938435000251047
2.2677340000518597e-08;4.605172000010498e-08;5.414379999856465e-07;0.00011212454999622424
1.4660670000012033e-08;4.758646000409499e-08;6.666592000401579e-07;0.00010756769998988602
2.3709429998416454e-08;4.9657219997607175e-08;6.893367999582551e-07;0.00012698139999702107
2.0421804999932648e-08;5.983593999990262e-08;5.605454000178724e-07;8.919688000460156e-05
1.5418195001257118e-08;4.539007999701425e-08;7.317605999996885e-07;0.00011709949999931269
2.6053510000929237e-08;5.5033120000734926e-08;4.731449999962933e-07;0.00011513259999628644
2.6092359999893233e-08;4.53743000049144e-08;7.451048000366427e-07;9.102515999693423e-05
2.3177600000053643e-08;4.569286000332795e-08;7.227982000331394e-07;0.0001224027499993099
1.8496199999935926e-08;7.852247999981045e-08;7.357765999622643e-07;0.00010620952000026591
2.1902410000620877e-08;7.485184000106528e-08;7.07516000024043e-07;0.00012762904999544844
2.6188659999752416e-08;6.940123999956996e-08;7.253652000217699e-07;0.00011529805999598465
2.603356000036001e-08;4.8049919999903065e-08;6.392835999722592e-07;0.00010143145000620279
1.5228455000033135e-08;6.514925999799743e-08;4.383325999951921e-07;9.992374000139535e-05
1.9617989999824205e-08;4.6861559996614236e-08;4.6225560002494606e-07;0.00010575555000104942
2.473867000080645e-08;5.21074199990835e-08;5.020112000056543e-07;0.00010212877999874763
2.605535000038799e-08;4.612829999532551e-08;5.931875999667682e-07;0.00012134242000174709
2.6148539999849162e-08;5.588723999680951e-08;7.402372000506147e-07;0.00012777239999559243
2.6017439999850468e-08;6.67626200011e-08;5.030814000056125e-07;0.00011095900001237169
2.6038130000233652e-08;6.070557999773882e-08;6.456016000011005e-07;0.00011781390001124236
2.607103000045754e-08;7.292199999792502e-08;7.092736000195146e-07;0.00011619265000626911
2.156978999846615e-08;6.701254000072368e-08;7.363671999773941e-07;0.00012697685000603086
2.282847000169568e-08;7.885166000341997e-08;5.950750000192783e-07;0.0001268732999888016
2.3253340000519528e-08;7.579681999632157e-08;7.347814000095241e-07;0.00012825374999374616
2.2814194999227765e-08;7.468586000031792e-08;7.388366000377574e-07;0.00012959500000579282
2.4490540000260806e-08;5.116048000054434e-08;5.025584000395611e-07;0.0001158446999907028
2.2054799998295492e-08;4.758019999717362e-08;5.192490000044927e-07;0.00010461219999706373
2.2823390000849032e-08;7.53690599987749e-08;6.508312000078149e-07;0.00012738679999893066
2.4634369998238982e-08;7.747630000230856e-08;7.386517999693752e-07;0.00012754129999666475
2.606491000042297e-08;6.602143999771215e-08;7.496486000018194e-07;0.00012726549999206326
2.4022659999900497e-08;6.317018000409006e-08;7.36241600010544e-07;0.00011447829999087844
2.6079930001287722e-08;7.439363999874331e-08;7.474482000106946e-07;0.00012964289999217726
2.6527460000943394e-08;7.63505199982319e-08;7.283138000057079e-07;0.00012992700000177137
2.617059500043979e-08;5.797701999545097e-08;7.386605999781751e-07;0.00012930955000047106
2.608593000040855e-08;7.534689999883995e-08;4.4530120003037154e-07;0.00011233659999561496
1.4771915000164881e-08;7.864525999757462e-08;6.381896000239067e-07;0.00010577054999885149
2.285142000182532e-08;7.544027999974788e-08;4.938967999769375e-07;0.00010477910000190604
2.0920505000685806e-08;6.382746000308543e-08;4.528079999727197e-07;0.000107160099997418
2.6155749999452382e-08;7.67794799990952e-08;4.4852159998845306e-07;0.00011858736000140197
2.0130825000524056e-08;4.612401999766007e-08;6.262234000023454e-07;0.00010000700000091456
1.947251499950653e-08;4.921508000115864e-08;4.657334000221454e-07;9.2541019996861e-05
2.4615459999768062e-08;5.2749179996317255e-08;5.251775999786332e-07;0.00010895949999394361
2.58059299987508e-08;7.770906000514515e-08;7.365057999850251e-07;0.0001235242999973707
2.5649820000398903e-08;7.821080000139772e-08;7.264756000367924e-07;9.419941999949515e-05
2.320417000009911e-08;7.112382000195793e-08;6.555656000273302e-07;0.00012334224999358413
2.6062510001065676e-08;7.56610400043428e-08;6.719167999690398e-07;0.00012274745000468102
2.6239930000156165e-08;7.529818000039086e-08;4.4472940004197883e-07;0.0001243409000016982
2.6082870000391267e-08;7.681613999884575e-08;7.384042000048794e-07;0.00012540560000343247
2.45128599985037e-08;4.5213859999785197e-08;5.496253999881446e-07;0.0001275900000036927
2.499348999990616e-08;6.069577999878674e-08;5.016123999957927e-07;0.0001264933500060579
2.2396060000755825e-08;7.439178000204265e-08;4.909204000141472e-07;0.00011373730000341312
2.6175420000799933e-08;7.865505999652669e-08;7.487164000049234e-07;9.359395999927073e-05
2.2003460000269115e-08;7.016939999884926e-08;6.515551999909803e-07;0.00010300005000317469
1.833119000075385e-08;5.1842520001810045e-08;6.681941999704577e-07;0.00011875495000276715
1.7685879999771713e-08;6.986414000275545e-08;5.573828000342474e-07;0.00011630769999464974
2.6045659999363125e-08;7.746620000107214e-08;7.018203999614343e-07;0.00010875639998994302
2.614105000102427e-08;6.126032000174746e-08;6.945870000054128e-07;0.00012428805000672582
2.093555000028573e-08;6.948019999545067e-08;6.463354000006802e-07;0.00010897154999838676
2.196074000094086e-08;6.434862000169232e-08;5.806192000163719e-07;0.0001237352999887662
2.6192940000328234e-08;6.90608799981419e-08;7.386899999692105e-07;0.00012692989999777638
2.608773999963887e-08;7.615115999942646e-08;7.083028000197373e-07;0.00011968545000127052
2.385774499998661e-08;7.207696000114084e-08;6.124298000358976e-07;0.00010629969999718014
2.3869729999569245e-08;6.539052000152879e-08;5.587104000151157e-07;0.00012721269999747164
2.4661029997514562e-08;7.837071999674662e-08;7.425747999805025e-07;0.00010581890000321437
2.606985000020359e-08;7.848566000466235e-08;7.091331999981776e-07;0.000128771500007133
2.6184960000682622e-08;4.419909999705851e-08;4.439879999845289e-07;0.00012763664999511094
2.5517640000907703e-08;7.272553999791853e-08;7.217813999741338e-07;0.00010870964999776334
2.3649769998155536e-08;7.589062000042759e-08;6.966230000252835e-07;0.00010714249999728054
2.320414499990875e-08;7.594691999838688e-08;6.386213999940082e-07;0.00012774445000104606
2.6202080000075513e-08;6.25184000004083e-08;6.45037800015416e-07;0.00012756454999907874
2.17906599980779e-08;7.746137999929488e-08;7.37280200002715e-07;0.00011350449999736156
2.6108210001257247e-08;6.591412000125274e-08;7.356221999507397e-07;0.00012616800000250805
2.623297999962233e-08;7.357674000086263e-08;6.687159999855794e-07;0.00011570540000684559
2.6060000000870786e-08;6.158736000070349e-08;6.785666000214405e-07;0.0001153255499957595
2.6054519999888724e-08;6.455015999963506e-08;6.6885319998255e-07;0.000129435149996425
2.472976999997627e-08;7.633888000273146e-08;6.563524000230246e-07;0.00011682304998976179
2.489478999923449e-08;6.626287999679335e-08;7.379137999960222e-07;0.00012711484999454115
2.6055700000142678e-08;4.832859999733046e-08;5.745400000014342e-07;0.00012436385000182782
2.1413965000829193e-08;7.871281999978237e-08;6.578545999946073e-07;0.00010042029999021906
2.017630499904044e-08;7.790389999863691e-08;6.901355999871157e-07;0.00012748545000795274
2.3410850000800564e-08;7.842759999912233e-08;7.330910000018775e-07;0.0001286167999933241
2.604855000099633e-08;7.633163999998941e-08;7.356803999864496e-07;0.00011679119999462272
2.6282020000508054e-08;6.336256000213325e-08;7.388174000079743e-07;0.0001265455499960808
2.6036210000165737e-08;7.614617999643087e-08;6.182429999462329e-07;0.00012839350001013372
2.2032279999984894e-08;5.105374000268057e-08;5.833985999925062e-07;0.0001295401999959722
1.4492219999374356e-08;6.039638000074774e-08;6.371950000175275e-07;0.000127222700000857
2.496429999882821e-08;7.833786000264808e-08;7.377848000032828e-07;0.00010894264999660663
2.6101650000782684e-08;5.987698000390083e-08;5.866644000052474e-07;0.00011849210000946187
2.605358500004513e-08;5.389410000061616e-08;5.647574000176974e-07;0.00012837920000310988
2.6052539999363945e-08;4.512051999918185e-08;7.665415999945253e-07;0.00012692674998834264
2.616783999837935e-08;7.003723999951035e-08;7.395103999879211e-07;0.0001218226799974218
2.5831259999540635e-08;5.910545999649912e-08;5.889616000349633e-07;0.00012728329999663401
2.3396040000079667e-08;5.887261999887414e-08;6.530712000094354e-07;0.00012052460000268184
2.5870069999655243e-08;7.378423999762163e-08;7.413702000048943e-07;0.00013078664999920876
2.610938999860082e-08;7.656851999927312e-08;7.395844000275247e-07;0.000126703149988316
2.6041829999303446e-08;7.708453999948687e-08;7.382485999842174e-07;0.0001089722500037169
2.6146670000161975e-08;7.756946000154131e-08;9.62409999978263e-07;0.00021323589999519755
2.2175339999375863e-08;5.646032000076957e-08;7.150471999775618e-07;0.0001613507000001846
2.609906999859959e-08;7.827750000287779e-08;6.255463999696076e-07;0.00024197030000505039
2.1686635000514798e-08;7.538339999737218e-08;8.017662000493147e-07;0.00022915090000606142
2.615298999880906e-08;7.88583799963817e-08;9.55962800013367e-07;0.00024293054999725426
2.6688010001089424e-08;7.854845999972895e-08;9.530990000348538e-07;0.00024143740002182312
2.6056850000168197e-08;6.109769999748096e-08;9.643474000040442e-07;0.000239354799996363
2.3897979999310337e-08;5.910566000384279e-08;7.880815999815241e-07;0.0001948714000027394
2.6018480001948774e-08;6.589262000052258e-08;6.193001999636181e-07;0.00024058250000234693
2.194352000078652e-08;6.473883999860845e-08;6.235835999832488e-07;0.00017743424999935086
2.0692510000662877e-08;6.580274000298232e-08;7.938299999805168e-07;0.00024432830000296234
2.61991700012004e-08;5.350525999674574e-08;9.705640000174753e-07;0.00021408320000045934
2.5388099998235704e-08;7.480742000043392e-08;9.677988000330516e-07;0.00024436809998587707
2.186628000054043e-08;5.226875999942422e-08;8.477059999713674e-07;0.00021823549998225644
2.3013549999450334e-08;6.767461999552325e-08;5.81207400013227e-07;0.00021727769999415613
2.6125619999947957e-08;4.8633159999735654e-08;6.516937999986112e-07;0.00022153714999149088
2.1435439999913796e-08;5.391673999838531e-08;7.535652000224218e-07;0.0002196883999858983
2.45464349995018e-08;6.849531999905593e-08;9.60168200021144e-07;0.00024484389999997804
2.606684999918798e-08;6.14006599993445e-08;8.346098000183701e-07;0.0002020291999942856
2.6116470000124535e-08;7.499558000126854e-08;9.454460000270047e-07;0.00016653589998895767
2.0113539999874774e-08;7.858499999856576e-08;9.225334000075235e-07;0.0002270280999946408
2.0020560000557453e-08;7.58083800028544e-08;8.670001999707892e-07;0.00021361219999380408
2.6075099999434313e-08;4.440965999965556e-08;7.141818000236526e-07;0.00020107690000440925
2.6059869999880904e-08;6.038104000035674e-08;6.256090000388212e-07;0.00024042419999022969
2.603839999937918e-08;5.6842079997295516e-08;9.526686000172049e-07;0.00022772809999878517
2.5840639999660198e-08;5.104460000293329e-08;8.255557999946177e-07;0.0002408198000048287
2.6036210000165737e-08;7.621240000007674e-08;8.373710000305437e-07;0.00024088460000348276
2.6031740001053548e-08;6.326502000447363e-08;7.268232000060379e-07;0.0001650281000038376
2.6042919998872094e-08;4.780845999484882e-08;8.256120000150986e-07;0.00020309295000333805
2.2234069999831263e-08;7.085141999996267e-08;6.00051200017333e-07;0.00024036910000722856
2.0035105000715704e-08;7.662604000070132e-08;6.555911999894306e-07;0.0001743224499950884
2.6164979999884962e-08;6.923652000259608e-08;9.535926000098697e-07;0.00024048360000597312
1.4135679999890272e-08;5.9511679998831823e-08;5.847525999997743e-07;0.00016947384999366476
1.7876244999933987e-08;4.646458000061102e-08;5.996714000357315e-07;0.00023376249999273568
1.993975500081433e-08;5.252954000025056e-08;6.910363999777473e-07;0.0001748185500036925
2.0955539999704344e-08;7.806006000027992e-08;5.92644200020004e-07;0.00023949320000247098
2.0466599997598677e-08;7.682412000140175e-08;9.076796000008472e-07;0.00016724434999923688
2.5022109999554232e-08;4.57717599987518e-08;7.685947999707423e-07;0.0001931619000097271
1.7711535000125878e-08;5.6605119997402654e-08;9.173643999965862e-07;0.00024052120000123977
1.541589999978896e-08;4.9433680000947785e-08;8.050182000151836e-07;0.00022070744998927693
2.0786349999252706e-08;7.333134000073188e-08;6.161077999859117e-07;0.00021269350001239219
2.6016649999655782e-08;6.903637999785133e-08;7.133985999971628e-07;0.0002417880000139121
1.901427999982843e-08;5.61375199991744e-08;7.10064799990505e-07;0.0001933474999968894
2.058484999870416e-08;6.746847999747842e-08;9.511188000324182e-07;0.00020989440000266767
2.6189779999549502e-08;5.027609999524429e-08;6.035331999883056e-07;0.00017814600000565407
2.6742180000292137e-08;6.30088199977763e-08;9.63294000015594e-07;0.00021450570001616142
1.4810464999754914e-08;5.896293999976479e-08;6.028360000345856e-07;0.0002010844000033103
1.486997500032885e-08;6.803596000536345e-08;8.572374000214041e-07;0.00024219649998121894
2.6918770000338556e-08;7.730301999836228e-08;5.888023999868892e-07;0.00021588730000075883
1.7106519998924342e-08;4.972206000238657e-08;7.686131999944337e-07;0.00024124900001334026
2.6176379999378696e-08;4.634273999836296e-08;8.035568000050262e-07;0.0002074140499898931
2.6237599999876692e-08;7.191512000281364e-08;5.745777999982238e-07;0.00015855890000239015
2.305854000005638e-08;6.980042000068352e-08;5.953159999917261e-07;0.00023866080000880174
2.5949409999884666e-08;4.7532959998352455e-08;9.558238000026903e-07;0.0002022972999839112
2.3923190002096816e-08;4.6493539999937635e-08;7.414546000072732e-07;0.000245883399999002
2.6251590001629666e-08;7.64508599997498e-08;8.153473999700509e-07;0.00023147829998924863
2.4714019999373704e-08;4.443691999767907e-08;5.962074000271968e-07;0.0002069156999932602
2.599523999961093e-08;5.8058720000553874e-08;9.294643999892287e-07;0.00017968030000338332
2.27351900015492e-08;7.699234000174328e-08;6.361719999695196e-07;0.00024243479999131522
1.7140005000692325e-08;6.85392600018531e-08;6.08622399973683e-07;0.00024186954999458977
2.604971000109799e-08;5.0289679999696093e-08;8.413641999941319e-07;0.00020540089999849444
2.6059389999136328e-08;5.046654000179842e-08;6.771637999918311e-07;0.00024154789999010972
2.6036619998922106e-08;7.872214000090025e-08;6.282481999951414e-07;0.00022782130000996404
2.6110450000851415e-08;7.605029999976978e-08;6.164660000358708e-07;0.00024024110000755173
2.2752090000722092e-08;5.4974500002572314e-08;9.667543999967164e-07;0.0002007848500070395
2.6079349999781698e-08;6.344935999950394e-08;9.257193999947048e-07;0.0002458106999984011
2.47214700008044e-08;5.3345980000449345e-08;7.508389999857172e-07;0.00022427929998957552
2.618265000055544e-08;5.159889999777079e-08;8.456609999993816e-07;0.0002405670000007376
2.1079850001842716e-08;7.849481999874115e-08;9.05706999998074e-07;0.00024374030000763014
2.6081899998825975e-08;7.025249999715016e-08;6.308963999617844e-07;0.00018338924999989104
2.5004159999662078e-08;7.362243999959901e-08;7.493241999763995e-07;0.00023278510000091047
2.171807999839075e-08;7.801264000008813e-08;9.120844000135548e-07;0.00021362180000869557
2.323681000270881e-08;7.877125999657437e-08;9.365684000076726e-07;0.00024137369997333734
2.607064000039827e-08;7.614337999839336e-08;9.767120000324213e-07;0.00024257639999268577
2.2627620000275783e-08;7.876178000005893e-08;7.780541999964043e-07;0.00022248359999503008
2.4210869999660643e-08;6.383332000114023e-08;7.149257999844849e-07;0.0002052118999999948
1.9696025000303054e-08;6.798325999989175e-08;6.803141999989748e-07;0.00019897784999920985
2.6019290002295747e-08;7.227549999952316e-08;7.353078000014648e-07;0.00023717684998700861
2.3024259999510834e-08;5.763340000412427e-08;8.010939999949187e-07;0.0002273226999968756
2.40224950000993e-08;7.566228000214323e-08;9.672840000130236e-07;0.00022615150001365693
2.6332890000776388e-08;7.642487999983132e-08;6.014317999943159e-07;0.00022512094999547116
2.6131635000638198e-08;7.18858000007458e-08;8.956803999608383e-07;0.00017350449999503325
1.5286370000103488e-08;5.4523920000065116e-08;6.784500000067055e-07;0.00021401044999947772
2.6105899998219683e-08;7.674833999481052e-08;8.910850000102073e-07;0.0002397220999991987
2.6061890000710264e-08;7.806044000317343e-08;8.25310000043828e-07;0.0001783461999875726
2.618330999976024e-08;7.570001999847591e-08;7.276985999778844e-07;0.00022310940000170375
2.7025390000198967e-08;7.784558000275865e-08;8.387647999916225e-07;0.00024044070002855733
2.6161260000662878e-08;7.571887999656611e-08;8.674597999779507e-07;0.00023030130000552162
2.1332799999800046e-08;7.39179799973499e-08;8.02750000031665e-07;0.00024109619998489507
2.1184979999088683e-08;7.786684000166133e-08;5.70166599994991e-07;0.00016084250000130852
2.4441149999620392e-08;7.55262600025162e-08;7.571531999856234e-07;0.00022110999998403713
1.5727189999597613e-08;4.722146000131033e-08;7.019922000472434e-07;0.00024368390001473016
2.476858000154607e-08;7.718361999723128e-08;9.577907999628223e-07;0.0002424845000205096
2.3802164998778608e-08;4.856520000030286e-08;7.71474400011357e-07;0.00018239400000311435
2.6139889999467414e-08;7.686193999834359e-08;7.440588000463322e-07;0.0002351280000002589
2.4562555000011342e-08;7.518068000208587e-08;7.676273999968544e-07;0.00021078419999685138
1.5831359999720006e-08;6.658972000004724e-08;5.488907999824732e-07;0.00021546899998793379
2.6041660000919365e-08;7.33890799980145e-08;5.910620000213385e-07;0.0001770113999955356
1.7599659999541474e-08;4.625620000297204e-08;8.93509199959226e-07;0.00018131114999414422
1.4784589999180753e-08;5.2910099999280645e-08;8.504379999940283e-07;0.00023775200001546182
1.4458920000470244e-08;7.763518000137992e-08;8.616320000146515e-07;0.00023437530000228434
2.5829219998558982e-08;7.658132000360637e-08;7.365279999794439e-07;0.00021623819999513216
2.0381810000981204e-08;5.534128000144847e-08;8.245018000015989e-07;0.00029509090000647123
2.631659999897238e-08;5.441723999683745e-08;8.888690000167116e-07;0.00030769169999985026
2.5560284999664873e-08;6.938485999708064e-08;8.838033999782056e-07;0.0002689829999872018
1.7964965000282973e-08;4.726058000233024e-08;7.28716199984774e-07;0.00021659180001006462
2.513459000037983e-08;7.78485000017099e-08;1.0191735000989865e-06;0.00023912959999870508
2.1799239999381824e-08;7.595319999963976e-08;9.378325999714434e-07;0.0003504976999829523
2.6012989997980183e-08;4.684509999933653e-08;1.1877430000458844e-06;0.00035339160001603885
2.3542119999183343e-08;6.523516000015661e-08;1.227128000027733e-06;0.000354699299990898
2.4607670001569203e-08;7.134300000034272e-08;1.1985684999672231e-06;0.0002142757000110578
2.6053459997638128e-08;4.391127999988384e-08;1.197083000006387e-06;0.0003535919999994803
1.6895029999432153e-08;6.263088000123389e-08;1.1974955000914634e-06;0.00021767059998819606
2.6062249997630715e-08;5.188318000291474e-08;1.1927835999522359e-06;0.0003519369999994524
2.6045080000767483e-08;4.634325999650173e-08;8.800219999975525e-07;0.00021839120000367984
2.2556200000690297e-08;7.5695499998983e-08;1.1480634000035934e-06;0.0002858285999973305
2.63137200003257e-08;7.904113999684342e-08;1.2046080001164229e-06;0.00032149719999870284
2.607447000045795e-08;7.706007999950089e-08;1.0693506000097841e-06;0.0003549470999860205
2.6090550000662916e-08;7.489482000237331e-08;1.1930392000358553e-06;0.0003131850000063423
2.6219129998935385e-08;6.532506000366993e-08;9.56927600025665e-07;0.00028335350000998006
2.6096200000029056e-08;6.656106000300497e-08;1.131510499981232e-06;0.000244188300013775
2.6426910000736826e-08;6.847393999923953e-08;7.552719999803231e-07;0.0002604523999907542
2.1647459999076092e-08;7.861578000010923e-08;1.1970935000863392e-06;0.00021643659999244846
2.6234040001872927e-08;4.750238000415266e-08;1.0419072000076995e-06;0.00031316690001403913
2.609604000026593e-08;4.7533579997252674e-08;7.383274000021629e-07;0.00027944869999191725
2.11757850003778e-08;4.985581999644637e-08;7.610531999962404e-07;0.00021567199999117292
2.6058060000650584e-08;5.786285999929532e-08;1.1950625000463333e-06;0.00022793610001099296
2.475470000063069e-08;7.499478000099771e-08;1.1951204999058972e-06;0.00028716809998149983
2.6037434999307153e-08;7.871579999919049e-08;1.1901148000033572e-06;0.0003532076999836136
2.112689999921713e-08;4.599388000206091e-08;1.1877505001029932e-06;0.00034533640000154265
2.6165380000020377e-08;7.67541799985338e-08;1.186955000011949e-06;0.0002436187000130303
2.605512000154704e-08;7.468251999816857e-08;1.0661186000215822e-06;0.00027212919999146834
2.6101240000571126e-08;7.067212000256405e-08;1.1965730000520125e-06;0.0003409144000033848
2.6063849998172374e-08;7.419139999547043e-08;1.2082815000030677e-06;0.0003567242000135593
2.5359245001163798e-08;5.2425179997226224e-08;1.139720000064699e-06;0.0003411148999875877
2.623582000087481e-08;7.793942000134849e-08;1.0503384999174158e-06;0.00021178779998444952
2.4223605000588578e-08;6.257498000049964e-08;1.1911514999519569e-06;0.0002098079000134021
2.0664925000164658e-08;6.653231999953277e-08;8.219475999940187e-07;0.00020732329998281784
1.9992505000845994e-08;7.591970000066794e-08;1.1939685000106692e-06;0.0003087404000107199
2.3339849998592398e-08;7.889425999601371e-08;1.1965975000930484e-06;0.00023514069998054765
2.6144030000432396e-08;4.9422039999626575e-08;1.1909544999070932e-06;0.0002640133000095375
2.4679120001383126e-08;7.868706000153906e-08;1.2035679999098647e-06;0.0002963550999993458
2.496228499949211e-08;7.874620000366121e-08;1.1996100000396837e-06;0.00023351039999397472
2.608497999899555e-08;7.592987999669277e-08;1.188803499971982e-06;0.00021581529997638426
2.615541499981191e-08;7.86350800015498e-08;8.878267999971286e-07;0.0002405772000201978
2.6007170000229963e-08;4.4764180004131047e-08;8.128875999827869e-07;0.0003534516000072472
2.1890620001067872e-08;4.635123999905772e-08;1.2035260000266134e-06;0.0003058908999955747
2.6152830000501127e-08;7.563367999973707e-08;1.189174999948591e-06;0.0003531364999944344
1.7497464999905788e-08;6.314794000354596e-08;1.1993580000125804e-06;0.0003405161999980919
2.6035339999361893e-08;7.332175999763421e-08;1.1973414999374654e-06;0.0002251901999989059
2.6937039999756962e-08;6.46078999969177e-08;1.193397499882849e-06;0.00035262959997635335
2.2742939999443477e-08;7.834978000028059e-08;1.1438500000804197e-06;0.0003528723000199534
2.6217260002158583e-08;7.001108000404202e-08;1.0684459999902174e-06;0.0002590310999948997
2.0565889999852515e-08;7.576617999584413e-08;1.1687970000202768e-06;0.0002970177999814041
2.5369894999312237e-08;7.871536000166088e-08;1.1925823999918066e-06;0.00034470709998277014
2.5475429999642075e-08;5.1700559997698293e-08;1.1997329999576322e-06;0.00023980939999455585
2.4363635000190697e-08;6.202145999995992e-08;1.0472395000397227e-06;0.00035571239999262615
2.6201579999178646e-08;6.788104000152088e-08;1.072800500114681e-06;0.0003064838999998756
1.9554424998932518e-08;5.875526000163518e-08;1.1824529999285006e-06;0.00035443749997648413
2.6140719998511484e-08;7.79605799994897e-08;1.1893784999847413e-06;0.0003262529000057839
2.6108349999412894e-08;7.859260000404902e-08;8.180760000250303e-07;0.00021160219999728726
2.6038429999607615e-08;7.56935200013686e-08;1.1971190001349896e-06;0.0003518899999908172
2.6219270000001414e-08;6.54575200052932e-08;9.024062000098638e-07;0.0002933195999939926
2.3801490000914782e-08;7.627518000081182e-08;1.1860504999640398e-06;0.00024254130001645534
1.848941000062041e-08;5.161701999604702e-08;1.1895925000135321e-06;0.0003123794000130147
2.6113659999100493e-08;7.478142000036314e-08;7.703335999976844e-07;0.00033326869999291374
2.6039769998169505e-08;7.570338000077754e-08;1.218543499999214e-06;0.00029000360000645744
2.6314140000613406e-08;6.732201999984681e-08;1.2042055001074913e-06;0.0003550169999944046
2.420409999904223e-08;7.157855999539606e-08;1.1893075000261889e-06;0.0003540489000151865
2.3528009999427013e-08;7.457444000174291e-08;9.717027999577112e-07;0.0003206623999867588
1.8873059999896214e-08;7.562332000234165e-08;1.1315379998995922e-06;0.00035197150000021795
2.5815009999496396e-08;4.635347999865189e-08;1.2027220000163652e-06;0.0003349789000058081
2.121368999942206e-08;7.065654000034556e-08;1.1937590000161436e-06;0.0003551054999988992
2.606742000207305e-08;4.534120000316761e-08;1.2008489998697768e-06;0.0003549607000022661
2.367839000071399e-08;5.702965999953449e-08;1.1410380000597797e-06;0.0002526681000017561
2.6001840000390074e-08;4.870265999925323e-08;1.1981815000763162e-06;0.0002327845999971032
2.6080319998436608e-08;6.625566000002436e-08;1.056409500015434e-06;0.0002851492000045255
2.1838369997567496e-08;6.92038799985312e-08;1.20031749989721e-06;0.00031009210000047463
2.3706624998885673e-08;7.066386000369675e-08;1.0865961999516002e-06;0.00025612769997678696
2.6117290000547654e-08;4.87178799987305e-08;1.1911625000357163e-06;0.000343170200008899
2.6158739998936652e-08;4.309338000020944e-08;9.023824000032619e-07;0.0002664634000102524
2.6104070001747458e-08;7.776535999728366e-08;1.143847800034564e-06;0.00020390949997818098
2.112096499913605e-08;5.367088000057265e-08;1.010257200046908e-06;0.0002707216000126209
2.1519970000372268e-08;7.836234000278637e-08;1.0998500000278e-06;0.00029982360001304186
2.60470900015207e-08;7.603971999487839e-08;1.1964160000206902e-06;0.0002674926999898162
2.6247580000199377e-08;7.247993999626488e-08;1.2045760000182782e-06;0.0003526368000020739
2.3267660001874902e-08;5.0286100001540035e-08;1.1878504999913275e-06;0.0002593048999842722
2.6013410001178274e-08;7.546720000100323e-08;1.185570999950869e-06;0.0003545962999924086
2.104776999913156e-08;7.585160000016913e-08;1.1925595000502653e-06;0.00021338930001365953
2.0549360002041796e-08;7.62308600009419e-08;1.1121435000677594e-06;0.0002756891000026371
2.574490500119282e-08;7.887444000225514e-08;9.005978000350296e-07;0.000330363999994006
2.4755890000960788e-08;7.303240000037477e-08;1.17699339997489e-06;0.00020663619998958894
2.602385000209324e-08;7.869347999803722e-08;1.1935295000148472e-06;0.00020628369998303242
2.5966099998913705e-08;7.86296600010246e-08;1.1356709999381565e-06;0.00035199520000605845
2.6123239999287763e-08;7.601507999934257e-08;1.1890619999030605e-06;0.0002910846000013407
2.61052700021537e-08;7.67383600003086e-08;1.0664830000314396e-06;0.00032597559998976067
1.946013499982655e-08;7.176335999974981e-08;1.0692299999645911e-06;0.00028762960000312885
2.3754734999965875e-08;4.278041999787092e-08;1.0127557999803686e-06;0.00022167519998038187
2.0042914999066853e-08;4.699140000157058e-08;1.1957000000984407e-06;0.00025773419998586177
2.6077659998554738e-08;7.861955999978818e-08;1.0676220000023022e-06;0.00035544579999987035
2.0741579998866657e-08;6.344215999706648e-08;1.4515214999846647e-06;0.00044685239999671465
1.802031499973964e-08;9.1425580001669e-08;1.4312360000621992e-06;0.000461215200019069
2.1104760002344848e-08;5.5913859995780514e-08;1.20332349993987e-06;0.00047999080002773554
2.6071180000144522e-08;7.564287999994121e-08;1.1097124998923391e-06;0.0004244943000085186
2.471926000143867e-08;8.58509799989406e-08;1.0994150000624359e-06;0.00047729060001438486
2.6682410002104005e-08;9.055225999909453e-08;1.48731699999189e-06;0.00031883770000422373
2.3763210000470282e-08;5.6515660003060474e-08;1.2204182000132278e-06;0.00046279419999336826
2.163476999849081e-08;9.126278000185266e-08;1.0216660000151024e-06;0.0003320936000091024
2.6078250000136906e-08;6.1229799996363e-08;1.1485561999725178e-06;0.00042595299996901303
2.6045780000276864e-08;5.671161999925971e-08;1.4617865000036546e-06;0.0002807446999941021
2.3390409999410622e-08;8.889250000356696e-08;1.4457499999844003e-06;0.0004752399999997579
2.6191000000108033e-08;8.903766000294126e-08;1.0648035000485834e-06;0.00047274659998947755
2.6045980001799764e-08;8.929582000127994e-08;1.4497989999654237e-06;0.00046333700005197896
2.1894199999223928e-08;7.592479999875649e-08;1.3658600000781008e-06;0.00030314269999507813
2.1717180000268853e-08;8.912930000224151e-08;1.3971334999951068e-06;0.0004703547999961302
2.268157000071369e-08;8.871519999811426e-08;1.424981000018306e-06;0.0003578414999938104
2.5617360000615008e-08;8.658569999970496e-08;1.1869234000332653e-06;0.0004765137999784201
2.607397999963723e-08;9.141809999709949e-08;1.4417445000435692e-06;0.00046305439999559894
2.606755000015255e-08;9.043689999962226e-08;1.4400361999869347e-06;0.0004624834000132978
2.6216820001718588e-08;8.50864999985788e-08;1.4469484999426642e-06;0.00047405700001399966
1.9811524999386166e-08;8.92749199992977e-08;1.1657485000614542e-06;0.0004589877999969758
2.6036679997923784e-08;7.142925999942235e-08;1.4707340000313708e-06;0.0004602584000094794
2.6052419998450203e-08;8.918001999845728e-08;1.098710500082234e-06;0.00046270480001112444
2.4713959998916836e-08;5.6754879996879024e-08;1.209714199998416e-06;0.0003675655999977607
2.3724819999188186e-08;8.867584000108764e-08;1.0500219999812544e-06;0.0002539820999954827
1.5161929999885615e-08;8.86690599960275e-08;1.4416004999657161e-06;0.0004550581999938004
2.2541899999487213e-08;8.401323999860324e-08;1.255805499968119e-06;0.000440327399992384
2.2654159998637624e-08;9.137865999946371e-08;1.1256799999973737e-06;0.00043279180000536146
1.6266704999725334e-08;9.169618000159971e-08;1.4409980000345968e-06;0.0004758246000274085
2.606247999938205e-08;9.139648000127636e-08;1.3855749998765533e-06;0.00047517419996438546
2.366442999918945e-08;8.582994000171311e-08;1.2845195000409148e-06;0.00046114520000992344
2.4597560000256636e-08;6.335905999876559e-08;1.0748709999606944e-06;0.00025740860000951217
2.4937730000237935e-08;8.590045999735594e-08;1.117577999975765e-06;0.0004091142000106629
2.0660050000878982e-08;8.05971399997361e-08;1.1673919999739154e-06;0.00043456910000531934
2.1982060000300406e-08;8.589671999798157e-08;1.0124122000415809e-06;0.00045667300000786783
2.1862710002460517e-08;8.900029999786056e-08;1.208970000006957e-06;0.0002570428999897558
2.3982390001765453e-08;7.894739999901503e-08;1.1521711999666878e-06;0.00032575799999176526
2.08452099992428e-08;5.667528000194579e-08;1.4387798000243493e-06;0.0004180322000174783
2.6043749999371357e-08;8.911504000425339e-08;1.4419400000770111e-06;0.00045024480001302434
2.0482430000265594e-08;7.020497999619692e-08;1.26596400004928e-06;0.00035875439998926597
2.379804499942111e-08;5.778227999689989e-08;1.4430580000043846e-06;0.0004772897999500856
2.6090470000053755e-08;9.150752000277862e-08;1.0894104999897535e-06;0.00046030519995838404
2.2069005000230392e-08;9.09315400000196e-08;1.437088499951642e-06;0.0003448812999995425
2.529169999761507e-08;8.839355999953114e-08;1.434000500012189e-06;0.00038762409999617376
2.6251739999861456e-08;7.893585999845527e-08;9.807633999735118e-07;0.00045225919998483733
2.2475560000748374e-08;6.203253999701701e-08;1.1571440000261645e-06;0.0002749788999790326
2.0005179999861865e-08;5.5337559996405617e-08;1.2800970001262612e-06;0.0004495722000137903
2.2725359999458305e-08;8.711087999981828e-08;1.4329675000044517e-06;0.00046080229998915457
2.6044730001012796e-08;5.387677999678999e-08;1.0633154000388458e-06;0.00046352240000851455
2.5048350001452492e-08;9.145856000250206e-08;1.4237519999733195e-06;0.0004387420000275597
2.6175530001637524e-08;7.13562400022056e-08;1.3129049999988638e-06;0.00035890250001102686
2.1339340001577512e-08;7.543477999861352e-08;1.4152849999663885e-06;0.0002556656000087969
2.6016249999520367e-08;5.606432000058703e-08;1.4422995000495576e-06;0.00028151849997811953
2.630986999720335e-08;7.591565999900922e-08;1.390356000047177e-06;0.0004764894000254571
2.111735999933444e-08;5.3253839997341855e-08;1.4313319999200757e-06;0.0004735655999975279
1.573781499901088e-08;6.893254000460729e-08;1.3779205000901129e-06;0.00047529420000500975
2.4237525000353344e-08;7.483911999734119e-08;1.3725244998931884e-06;0.00047432879998814316
2.124418500025058e-08;8.821086000534706e-08;1.005538500030525e-06;0.00046064080001087857
2.4188430001959203e-08;9.21661000000313e-08;1.152056499995524e-06;0.00045940480002900583
1.7347595001047013e-08;6.192212000023574e-08;9.076158000389114e-07;0.00043158540001604704
2.605799000011757e-08;8.48247799964156e-08;1.4244234999932815e-06;0.00046241819998249414
2.6199839997570963e-08;6.34379600000102e-08;1.3370524998754264e-06;0.0004785730000003241
1.4877764999982901e-08;6.930947999935597e-08;1.0799444999429397e-06;0.0002582434000214562
2.6021410000976176e-08;8.425066000199876e-08;1.0491209999599959e-06;0.0004498501000052784
2.0996364999155047e-08;7.185235999641009e-08;1.0800762000144458e-06;0.00046495360002154487
1.9963975000428037e-08;5.9241199999814856e-08;1.4351176000200212e-06;0.00041557000001193954
2.1065729999099857e-08;9.128143999841996e-08;1.4358354998694268e-06;0.0004387856000103056
2.6026179999462328e-08;7.325377999804914e-08;1.4278700000431855e-06;0.00035245040000882
2.2731089999433605e-08;7.475395999499596e-08;1.0417439999582712e-06;0.00041802219999954106
2.6073780001024716e-08;8.570744000026025e-08;1.2675535000744275e-06;0.0004007616000017151
2.508685999782756e-08;6.650568000040948e-08;1.3921514000394382e-06;0.00043782739999005573
2.6126400000066496e-08;8.837760000023991e-08;1.4332619999186136e-06;0.0004747041999944486
1.7444645000796298e-08;6.671822000062093e-08;1.2578803999931552e-06;0.00041293099999893456
2.284071999893058e-08;7.453265999793075e-08;1.435600999975577e-06;0.0004005491999851074
2.3860024999885354e-08;6.07588200015016e-08;1.4286894998804201e-06;0.0002559111999871675
2.6031730000977404e-08;5.4992020002100615e-08;1.1675400000240188e-06;0.0004100173999904655
2.3922320001292973e-08;9.117332000168971e-08;9.633865999639965e-07;0.0004637569999904372
2.4478355000610462e-08;8.611071999766863e-08;1.4315779999014922e-06;0.0004291782000218518
2.0832509998581373e-08;9.130388000048697e-08;1.2053839999134653e-06;0.0004746323999715969
2.628541000012774e-08;9.147849999717437e-08;1.3516135000099894e-06;0.000460029800015036
2.3328980000223964e-08;8.403052000212483e-08;1.4152399999147746e-06;0.00044694840000011025
1.491342999943299e-08;8.529903999879025e-08;1.1472830000275281e-06;0.0003402958000078797
2.220624500041595e-08;5.6303160003153606e-08;1.1125144000397996e-06;0.00047833339998032897
1.7769099998986347e-08;8.480683999950998e-08;1.4225259999511764e-06;0.00046066670000436717
1.9060945000092032e-08;9.179515999858267e-08;8.532321999664419e-07;0.00031862590002128857
2.6039250000030734e-08;9.112408000510185e-08;1.1765985000238289e-06;0.0002564236999896821
2.5048339999921153e-08;7.056007999926806e-08;1.4011664999998175e-06;0.00025539730000309646
1.945372500049416e-08;9.130383999436163e-08;1.1961290000181179e-06;0.0003512435000156984
2.6936350000323728e-08;8.230077999760397e-08;1.4244564999535214e-06;0.00030758560000685977
1.755420499976026e-08;5.1604680001037194e-08;1.1448274000431412e-06;0.0004072264000133146
2.2529349999967963e-08;5.2738260000478477e-08;1.1578816000255757e-06;0.0003520822999998927
2.332925999944564e-08;8.838649999815971e-08;1.4458350000495558e-06;0.0004766949000186287
2.4455740000121295e-08;8.265740000060759e-08;1.1237899999832735e-06;0.0004741303999908268
2.6171354998950848e-08;6.822963999584317e-08;1.0410380001121667e-06;0.00028733700001612304
1.4728449999529403e-08;6.492321999976411e-08;1.1028829999850133e-06;0.00047404860000824553
2.6056450000032783e-08;9.139862000010908e-08;1.0370546000194735e-06;0.00047557410001172686
2.6083169999765234e-08;5.3827700001420455e-08;1.3590379999368452e-06;0.000347015300008934
2.6073350000660868e-08;9.165098000084981e-08;1.4193262000335381e-06;0.0003647118000080809
2.116342000081204e-08;8.300716000376269e-08;1.190482000092743e-06;0.0003139811000146437
2.602963999961503e-08;8.798971999785863e-08;1.451264000061201e-06;0.00046185140003217383
2.608755999826826e-08;6.66354599990882e-08;8.523523999610915e-07;3.5726119999890214e-06
2.4509090001811274e-08;4.566720000002533e-08;8.63082800002303e-07;4.065309999859892e-06
2.3363790000439623e-08;7.659502000315115e-08;7.707523999852128e-07;3.927445999870543e-06
2.1961040000314825e-08;4.830850000143982e-08;8.173283999785781e-07;3.0488219999824653e-06
1.925296499975957e-08;7.54131400026381e-08;6.021043999935501e-07;3.821438000013586e-06
2.6279159999103285e-08;7.123315999633633e-08;8.155231999699026e-07;4.060676000081003e-06
2.4766419999650678e-08;7.267964000348001e-08;8.806767999776639e-07;4.069799999706447e-06
2.3443134999251925e-08;7.604614000301808e-08;8.949156000162475e-07;4.0788080001948405e-06
2.602467000251636e-08;4.794410000322387e-08;7.449938000063412e-07;4.067994000506588e-06
2.6028660000883973e-08;7.139978000195696e-08;9.065773999900557e-07;4.083569999784231e-06
2.3555290000513197e-08;4.7529480000957844e-08;8.668163999682293e-07;3.4607840000535362e-06
2.6117020001402125e-08;4.6349619998363777e-08;6.587647999986075e-07;4.02239799965173e-06
2.4421370000345632e-08;6.181335999863222e-08;7.89115599996876e-07;4.062605999642983e-06
2.3341590000200085e-08;6.504108000081032e-08;8.062299999874085e-07;4.086393999750726e-06
2.6044320000801235e-08;7.390891999821179e-08;5.5765039997641e-07;4.097687999892514e-06
2.313848999910988e-08;5.430297999992035e-08;6.976932000252418e-07;4.057620000094175e-06
2.5388239999301733e-08;4.692680000443943e-08;9.005518000340089e-07;4.0699920000042764e-06
2.6244200000655836e-08;6.150936000049114e-08;7.964116000221111e-07;3.6963860000832937e-06
2.157805000024382e-08;6.983286000322551e-08;9.072551999706775e-07;4.0741220000199975e-06
2.446258999989368e-08;5.746237999992445e-08;8.976489999913611e-07;4.055109999608248e-06
2.2141889997874386e-08;7.569057999644429e-08;8.452221999759786e-07;4.062857999815606e-06
1.8721784999070224e-08;6.680232000071556e-08;7.087520000059157e-07;4.055387999978848e-06
2.617368999926839e-08;6.149446000345052e-08;9.04629800003022e-07;4.054250000044703e-06
2.60253799991915e-08;6.650425999541767e-08;5.904487999505363e-07;4.022991999518126e-06
2.1400229999562726e-08;4.773081999737769e-08;8.520510000525973e-07;4.061057999497279e-06
2.6224060001550242e-08;7.132080000010319e-08;7.661319999606349e-07;4.069223999977112e-06
2.2611059999326244e-08;5.986037999973632e-08;8.39697800052818e-07;4.039976000203751e-06
2.6030794999678618e-08;5.9126700001070273e-08;9.027843999792821e-07;4.063914000289514e-06
2.492744000046514e-08;7.160885999910533e-08;8.999792000395246e-07;3.9243120001629e-06
2.3120799998287112e-08;7.843546000076458e-08;7.483288000221364e-07;4.058556000236422e-06
2.533875000081025e-08;5.374309999751858e-08;6.280723999952898e-07;3.125196000037249e-06
2.0178249999298714e-08;7.172123999916948e-08;8.166389999678359e-07;4.070745999924838e-06
2.6107300000148826e-08;7.847206000005827e-08;9.017860000021755e-07;4.097624000278301e-06
2.3054819999379107e-08;6.548657999956049e-08;7.721311999484897e-07;3.8124419999076052e-06
2.6048190001165495e-08;7.849549999809824e-08;5.652737999917008e-07;4.09793000028003e-06
2.5211189998663032e-08;4.678697999916039e-08;8.318455999833532e-07;4.033300999726635e-06
1.9101494998903945e-08;5.3102320001926276e-08;7.529902000096627e-07;3.6167240000213497e-06
2.6026709997677243e-08;7.605662000132725e-08;5.880927999969572e-07;4.063572000013665e-06
1.5061315000639298e-08;7.544848000397905e-08;8.091247999691404e-07;3.701782000134699e-06
2.6037629999336786e-08;6.522731999866664e-08;7.295324000297114e-07;3.0110040001454764e-06
2.5156659999629482e-08;5.889462000341155e-08;7.36994200036861e-07;4.081385000026785e-06
1.7347175000759308e-08;5.113631999702193e-08;5.885612000129186e-07;3.0366899998625742e-06
1.5565704999607986e-08;6.473838000092656e-08;8.877247999771499e-07;3.221466999966651e-06
1.6060220000508706e-08;6.452582000056281e-08;6.040219999849796e-07;3.380027999810409e-06
2.250703000026988e-08;5.985762000200338e-08;8.391823999700136e-07;3.954137999971863e-06
2.605883999785874e-08;7.587795999716036e-08;5.56964399991557e-07;3.296740000077989e-06
2.3551245000271592e-08;7.82240400032606e-08;8.528026000130922e-07;3.6486969998804854e-06
1.4401879999786616e-08;7.649897999945097e-08;9.186356000136584e-07;4.04582399991341e-06
2.6069840000127442e-08;7.407949999906122e-08;6.622721999883652e-07;3.6258850002195684e-06
2.5019390000670684e-08;4.563921999651939e-08;8.229309999733232e-07;2.960653999762144e-06
2.5242084999626967e-08;5.158588000340387e-08;5.87757800007239e-07;4.041165999951772e-06
2.686192000110168e-08;7.560235999990255e-08;9.019096000120043e-07;4.0646700002253055e-06
2.21747100003995e-08;5.333429999882355e-08;5.481976000010036e-07;4.051873999997042e-06
2.408194000017829e-08;4.574388000182807e-08;8.65783199958969e-07;4.0759120002621784e-06
2.6094529998954386e-08;7.550034000305458e-08;9.011727999895811e-07;4.059321999666281e-06
2.6040060000377707e-08;6.338427999871783e-08;6.033585999975912e-07;4.056410000193864e-06
2.103642000001855e-08;6.240955999819561e-08;6.976273999898695e-07;3.5512970000854693e-06
2.2670759999891743e-08;4.581559999496676e-08;6.066286000423133e-07;3.0160370000521653e-06
2.0411310000054074e-08;7.068732000188901e-08;5.57758399983868e-07;3.4541840001475064e-06
2.6028699998278172e-08;5.118319999892265e-08;7.172245999681763e-07;3.04895100009162e-06
2.3023499999544582e-08;7.566335999872535e-08;7.670647999620997e-07;4.068140000163112e-06
2.3327560001052916e-08;7.562996000051498e-08;7.330179999698885e-07;4.095871000026819e-06
2.149765999929514e-08;7.699865999748e-08;6.026804000139236e-07;3.936430999892764e-06
2.1617390000028537e-08;7.702909999643452e-08;6.142468000180088e-07;4.071314000175334e-06
2.6061769999796525e-08;5.0675020000198856e-08;9.040969999623485e-07;3.694983000168577e-06
2.4580770000466146e-08;6.511587999993936e-08;8.586798000033013e-07;4.097876999876462e-06
2.6026469998760147e-08;6.212503999704495e-08;6.271182000054978e-07;4.104149999911897e-06
2.503794999793172e-08;7.569331999984569e-08;8.990149999735877e-07;3.7750150001375006e-06
2.364048500021454e-08;7.768948000157253e-08;6.856387999723666e-07;4.0641779999714345e-06
2.6201469998341055e-08;5.4808979999506846e-08;8.142101999837906e-07;4.102190000121482e-06
2.6045150001300497e-08;7.453492000349797e-08;9.061411999864504e-07;3.2651240000268443e-06
2.280049500113819e-08;7.733254000195303e-08;9.107838000054471e-07;3.1086490000598133e-06
2.364551500068046e-08;7.629124000086449e-08;6.696540000266395e-07;4.070635000243783e-06
2.53097600012552e-08;6.769799999892712e-08;7.648300000000745e-07;3.228619000001345e-06
2.3318409999774305e-08;4.733111999812536e-08;5.942943999543786e-07;4.074378000223078e-06
2.606359999917913e-08;4.487745999940671e-08;8.977298000245355e-07;4.060967999976129e-06
2.618507999868598e-08;4.7940779995406046e-08;7.204531999886968e-07;4.060183999827132e-06
2.6193479998619296e-08;7.264457999845035e-08;8.678723999764771e-07;4.103956000180915e-06
2.246832000091672e-08;7.865486000082455e-08;7.78738200024236e-07;4.097428000532091e-06
2.6026350000756794e-08;7.830112000228837e-08;8.951947999885305e-07;4.094702000147663e-06
2.6024559998768383e-08;7.800941999885253e-08;5.979415999609046e-07;3.009338999981992e-06
2.2572700001182968e-08;5.1652899995679034e-08;7.521621999912895e-07;3.7339259998407216e-06
2.6025180000578984e-08;6.5369720000308e-08;5.612227999954484e-07;4.0622400000575e-06
1.757297999865841e-08;4.786772000370547e-08;7.631313999881968e-07;4.044817999820225e-06
1.975010000023758e-08;7.871528000105172e-08;8.847492000204511e-07;4.070593999931588e-06
2.006308000127319e-08;6.792869999771937e-08;8.945748000405729e-07;4.075385999749415e-06
2.6218210000661203e-08;7.544243999873288e-08;7.600480000255629e-07;4.098662000033073e-06
2.4217589999898337e-08;6.310190000222064e-08;6.853959999862127e-07;4.001769999740645e-06
1.7762045000563374e-08;7.770199999795295e-08;6.981872000033036e-07;4.0651500000967646e-06
2.2356709999439774e-08;7.176315999822691e-08;9.010978000005707e-07;2.9069259998505003e-06
2.597212999826297e-08;7.350141999777407e-08;7.350777999963611e-07;4.059712000307627e-06
1.945247499970719e-08;7.818018000107259e-08;8.420384000055492e-07;3.652869999932591e-06
2.602639000106137e-08;4.64693600020837e-08;6.303520000074059e-07;4.0729460000875404e-06
2.6881460001459344e-08;6.863160000066273e-08;9.018144000438042e-07;4.0680980001343416e-06
2.60679800005164e-08;5.0254100002348425e-08;7.856603999971412e-07;4.077551999944262e-06
1.6174779999710153e-08;5.4177099996013567e-08;7.606927999877371e-07;4.0516899997601286e-06
1.7109144999994896e-08;5.16550800006371e-08;8.99773399985861e-07;4.066180000081659e-06
2.3731439997209235e-08;5.3647520003141835e-08;9.035592000000179e-07;3.1522179997409694e-06
2.6051679998636245e-08;7.622597999870778e-08;7.506037999992259e-07;4.064383999793791e-06
2.0333180000307038e-08;5.802481999853626e-08;5.894582000328228e-07;3.755574999959208e-06
2.4042560000088996e-08;4.6511140000075105e-08;1.0281764999672305e-06;0.0004031611999962479
2.4879610000061803e-08;7.563084000139497e-08;8.763534000026993e-07;0.0003734751000010874
2.184706499974709e-08;6.77079799992498e-08;1.0669119999511167e-06;0.0004055384999956004
2.380284500104608e-08;7.583306000451558e-08;1.2449575000209733e-06;0.0004381942000472918
2.598682999960147e-08;6.956754000275396e-08;1.3669790000130888e-06;0.00044103099999483674
2.603724999935366e-08;7.69966599997133e-08;1.3733724999474361e-06;0.00044185939995804803
2.436546999961138e-08;7.661850000149571e-08;1.2440549999882933e-06;0.0004384453999809921
2.6109259997610933e-08;5.2183979999972504e-08;1.2362220000068191e-06;0.0003852363000041805
2.352958999981638e-08;7.717691999860108e-08;1.0801080000237562e-06;0.00043926160002592953
2.607191999850329e-08;4.9533679999876766e-08;1.3618714999756777e-06;0.0003730905999836978
1.5389555000001566e-08;7.74591000052169e-08;1.3717500001075677e-06;0.0004387069999938831
1.924901000020327e-08;7.175177999888547e-08;1.3661924999905751e-06;0.00044089899997925387
2.6079800000297836e-08;7.658040000242181e-08;1.348792499920819e-06;0.0004359877999522723
2.6067660000990145e-08;6.264573999796994e-08;1.1849284000345507e-06;0.00040468269999837503
2.6239479999640026e-08;5.212158000213094e-08;1.0329077999922448e-06;0.0004371866000001319
2.6028439999208786e-08;5.190169999841601e-08;1.0193050000816583e-06;0.00040905760001624003
1.5173485000559593e-08;4.7201480000512674e-08;9.218226000084542e-07;0.0003481778000132181
1.545773500110954e-08;4.613625999772921e-08;1.2335648000007496e-06;0.0003644602999847848
2.3101250000763686e-08;4.699068000190891e-08;1.3676040001155344e-06;0.0004392674000118859
2.5175515000591988e-08;6.246134000248275e-08;1.1918428000062704e-06;0.00043674360000295565
2.4501349999627565e-08;6.010774000314995e-08;1.0834580000664573e-06;0.00042534459999296815
2.3497499999939463e-08;4.56402399984654e-08;1.0047224000445567e-06;0.000436831799976062
2.4696214999130462e-08;7.653465999756008e-08;1.3787535000301433e-06;0.000447379200020805
2.59487800009083e-08;7.213307999772952e-08;1.190534000052139e-06;0.00041360540001187475
2.0316050000838004e-08;7.853303999872878e-08;1.1863134999293833e-06;0.00039997920001042073
2.616373999917414e-08;5.012937999563292e-08;1.1741749999055174e-06;0.00040371340001001956
2.600704999931622e-08;7.8026760002831e-08;1.1339854999096133e-06;0.0004282224000198767
2.5905059999786318e-08;6.137525999802164e-08;1.2012125000183004e-06;0.0004010777999938
2.563701999897603e-08;5.54428800009191e-08;9.176399999996647e-07;0.0004345299999695271
2.3413544999493753e-08;6.381399999954737e-08;1.3677959999768063e-06;0.0003512940999935381
2.3955640001804568e-08;5.544964000000618e-08;1.3661210000282154e-06;0.00032984570000553503
2.6010340001084843e-08;6.571940000285395e-08;1.371699000010267e-06;0.00041152800002601
2.2238490000017918e-08;7.646055999794043e-08;1.0554905000026338e-06;0.0004237893000245094
1.963672999991104e-08;6.431919999886304e-08;8.194492000038736e-07;0.00044234010000946
1.7911694999202155e-08;6.313751999987289e-08;1.018181999970693e-06;0.0003351023999857716
2.6020449999487027e-08;5.411744000157341e-08;8.785974000347778e-07;0.0004393467999761924
2.676606000168249e-08;7.284998000250198e-08;1.3745439999911469e-06;0.00035615840001264586
2.60493999987375e-08;4.649421999929473e-08;8.586458000354469e-07;0.0003221105999837164
1.6565955000987743e-08;4.6673719998216256e-08;1.360495999979321e-06;0.0003491075999918394
2.460016999975778e-08;6.413752000080421e-08;1.2241297999862581e-06;0.00044201229998725464
2.1895135000522714e-08;5.018832000205293e-08;1.3531765001243911e-06;0.00041643939999630675
1.493938000057824e-08;4.7689300001366066e-08;1.0120745000313036e-06;0.00033910329997888765
2.115790999960154e-08;5.716388000291772e-08;1.2607420000131243e-06;0.00034008299998822625
1.692784000042593e-08;5.551100000157021e-08;1.3647204999870155e-06;0.0004212631999980658
1.9545040000230075e-08;4.976281999843195e-08;1.0914235000382177e-06;0.0003417438000033144
1.7725955000787507e-08;6.108785999822431e-08;1.0162839999247808e-06;0.0003821864999772515
1.617915999959223e-08;6.65463000012096e-08;1.3570459999027662e-06;0.00042604200000641865
2.6054459999431857e-08;4.6539700002176685e-08;9.581471999990754e-07;0.0003476838000060525
2.6032840000698343e-08;7.72231999959331e-08;1.3976339998771436e-06;0.00043598159996327014
2.2730219998629765e-08;4.4228059996385125e-08;9.929604000062682e-07;0.00036468490000697785
2.017498499917565e-08;6.339865999761969e-08;1.3388234999729321e-06;0.00043581420002738016
2.2895059999427757e-08;5.103244000347331e-08;1.0179272000095808e-06;0.00040124700003070756
2.60086099995533e-08;4.5641300000716e-08;1.009462999936659e-06;0.00043707360001280903
2.2064440001850015e-08;4.5987339998828245e-08;1.1927835000096821e-06;0.0004359436000231653
2.6037990002078005e-08;4.7350960003677756e-08;1.2952319999749307e-06;0.0003161977999843657
1.4827014999173116e-08;5.3796319995308295e-08;1.2092184000066482e-06;0.0004363717999949586
2.604742999828886e-08;4.50159200001508e-08;8.20423600031063e-07;0.00034467880000011065
2.26532499975292e-08;6.427840000251308e-08;1.0929291999782435e-06;0.0004131390000111423
1.836044000083348e-08;5.666600000113249e-08;1.214777999994112e-06;0.0004388939999626018
2.6172784999653232e-08;6.50246600038372e-08;1.3078479999967386e-06;0.00044012380001368003
2.4672875000396744e-08;7.481368000153452e-08;1.227945999999065e-06;0.000376439699990442
2.23113399988506e-08;7.719587999745272e-08;1.1527599999681115e-06;0.0004421550999977626
2.6285940001253038e-08;5.5854840000392866e-08;1.3729590000002644e-06;0.0004365797999780625
2.6162979999207893e-08;4.788890000199899e-08;1.305934999982128e-06;0.00044175539998104796
2.4656170001253487e-08;6.863492000265978e-08;1.351892999955453e-06;0.0004323885999910999
2.604167000099551e-08;5.784587999805808e-08;1.3642999999865423e-06;0.000415055499994196
2.3058429997763597e-08;6.544928000075742e-08;1.3677840000309515e-06;0.00044079899997450414
2.627476999768987e-08;5.75511600007303e-08;1.2052245000086258e-06;0.00041256219998467715
2.541886999970302e-08;4.608625999535434e-08;8.33213399979286e-07;0.0004386229999945499
2.024909000028856e-08;5.098195999744348e-08;8.515147999860347e-07;0.0003257994999876246
1.4235789999656844e-08;5.3933560004225e-08;1.3034730000072159e-06;0.0003750640000216663
2.5471090001519768e-08;5.8412440004758534e-08;1.288347500085365e-06;0.00043659460003254936
2.3303010000381618e-08;4.453419999917969e-08;1.041522800049279e-06;0.0004409383999882266
2.0152600000437814e-08;6.155183999799192e-08;1.3257159999920988e-06;0.0004418366000172682
2.0509920000040437e-08;7.586671999888495e-08;1.2434779999603051e-06;0.00034190850000595676
1.4730615000007674e-08;4.708055999944918e-08;8.630097999703139e-07;0.00041130179999163374
2.6105669999378734e-08;7.216929999995045e-08;1.3583786000381225e-06;0.00042589979997137564
1.6523409998626447e-08;7.324290000251494e-08;1.3549404998775573e-06;0.0004361917999922298
2.0135930000105872e-08;4.987209999817424e-08;1.0103875999921002e-06;0.00039617739999084735
2.6125700000557118e-08;4.823120000073686e-08;8.755863999831491e-07;0.00035149199998704716
1.6247835000103806e-08;5.749758000019938e-08;9.201248000026681e-07;0.00035442419999162666
1.6712899999401998e-08;5.5318579997401686e-08;8.95605199970305e-07;0.000363780499988934
1.806850499997381e-08;5.62389200029429e-08;1.0125605000939685e-06;0.000358812599995872
1.6367220001120586e-08;5.634282000246458e-08;9.132264000363648e-07;0.00031242460000794383
2.0039149999502116e-08;5.591142000048421e-08;9.594161999993958e-07;0.00032424769998760895
2.029591000173241e-08;5.433686000178568e-08;1.0136240000429098e-06;0.00035061240001232365
1.771706499857828e-08;5.769446000340395e-08;1.0572099999990315e-06;0.0003649332999775652
1.737552999984473e-08;5.849918000167236e-08;9.766813999740407e-07;0.000336596000008285
1.792544500058284e-08;5.506296000094153e-08;1.0817804999533109e-06;0.0003609464000037406
1.7788975000439676e-08;5.36186599987559e-08;1.0567079999600537e-06;0.00033217449998483063
2.029517000046326e-08;5.478010000078939e-08;9.644153999979608e-07;0.00036740079999435693
1.838865000026999e-08;5.081127999583259e-08;1.0858879999432248e-06;0.00035308530001202596
1.8651220000174363e-08;6.069008000195026e-08;1.0299669999512844e-06;0.00035283659998094663
1.761675000016112e-08;4.7970720002194864e-08;9.113545999862254e-07;0.0003539376999833621
1.607493500050623e-08;6.193212000071071e-08;9.795300000114367e-07;0.0003736288000072818
1.7046574999403673e-08;5.315352000179701e-08;9.585805999813601e-07;0.00035554719998617655
1.684775500034448e-08;5.237713999813422e-08;1.040379500045674e-06;0.0003508041999884881
1.8827384999895002e-08;6.136861999984831e-08;1.100711499893805e-06;0.0003569640000059735
1.776935000088997e-08;5.582005999749526e-08;1.0663399999612011e-06;0.0003842788999900222
1.7974550000508315e-08;6.083288000081666e-08;1.0525880000204778e-06;0.00036109619998023846
1.6364364999753888e-08;5.125193999847397e-08;1.3793199999781792e-06;0.0006430213999701664
1.7284499999368562e-08;5.690723999869078e-08;1.2540509999962524e-06;0.0006744848000234924
1.8831380001211072e-08;5.703598000109196e-08;1.416960999922594e-06;0.0006834668000228703
1.693580499995733e-08;5.615628000232391e-08;1.2530479999259115e-06;0.0006021322000306099
1.7090080000343732e-08;5.419195999857038e-08;1.3824479999311734e-06;0.0006100073999841698
1.613723500049673e-08;5.522127999574877e-08;1.2377595000725705e-06;0.0006360861999564804
1.645849499909673e-08;5.314135999651626e-08;1.3188260000606533e-06;0.0006334406000096351
1.7574570000579115e-08;5.8913079998455944e-08;1.233588500035694e-06;0.0006860495999571867
1.680853500001831e-08;5.472202000091784e-08;1.3414320000447333e-06;0.0006320831999764777
2.121330000227317e-08;5.849659999948926e-08;1.3496339999255723e-06;0.0006298438000376336
1.727130999934161e-08;5.361392000340857e-08;1.3739355000143406e-06;0.00062784059997648
1.7892925000342075e-08;5.79180600005202e-08;1.2802340000052937e-06;0.0006833465999807231
1.7155205000017304e-08;5.858780000125989e-08;1.3584980000450742e-06;0.0006461710000294261
1.6961475000425708e-08;5.750006000162102e-08;1.3764565000019501e-06;0.000622380000015255
1.836741000006441e-08;5.588605999946594e-08;1.2667489999148528e-06;0.0006765817999839783
1.819190000096569e-08;5.810308000072837e-08;1.5110054999240674e-06;0.0006186422000173479
1.759641500102589e-08;5.805897999671288e-08;1.261695499997586e-06;0.0007528355999966152
1.8605370000295805e-08;5.3048419998958706e-08;1.4923945000919048e-06;0.0006658761999569833
2.0109610000508836e-08;5.741191999986768e-08;1.412455499958014e-06;0.0006275056000449694
1.795962500036694e-08;5.99923400033731e-08;1.5095699999073987e-06;0.000699984000006225
1.9358944999112284e-08;5.586886000237428e-08;1.1179359999368898e-06;0.000706804999965243
2.0824720000382514e-08;5.147318000090309e-08;1.344569000066258e-06;0.0006661463999771513
1.8784089999098797e-08;6.141388000105507e-08;1.4381150000554045e-06;0.0007484228000394069
2.0703504999983125e-08;6.15626000042539e-08;1.4671575000102166e-06;0.0006847284000250511
2.002306999929715e-08;6.073477999889292e-08;1.4083234999270644e-06;0.0007122595999971964
2.00422099995194e-08;6.907280000159516e-08;1.4895849999447818e-06;0.0007480204000021332
2.095444000151474e-08;6.453058000188321e-08;1.1960749998979736e-06;0.0006615518000326119
2.217790999857243e-08;5.3168620000360534e-08;1.4357625000411645e-06;0.0006055137999937869
1.6780324999126606e-08;6.304369999561458e-08;1.2589720000687522e-06;0.0005756792000029236
1.8321155000012367e-08;6.135052000172436e-08;1.5408824999758509e-06;0.0006803667999920435
2.0009344999562016e-08;5.1672419998794794e-08;1.3075519999256357e-06;0.000696633199986536
1.8214685001294128e-08;5.318714000168256e-08;1.350460999965435e-06;0.0006050492000067607
1.9851285000913775e-08;5.358707999694161e-08;1.4562739999382757e-06;0.0006786539999884553
1.913098500081105e-08;5.544380000210367e-08;1.6683349999948404e-06;0.0006216099999728612
1.9474484999955165e-08;5.2649499999824913e-08;1.3945074999355711e-06;0.0007184205999947153
2.1874535000824834e-08;7.046065999893472e-08;1.4503995000268332e-06;0.0006989130000001751
2.609681999892928e-08;5.8793679997324945e-08;1.7093444999773056e-06;0.0007361822000239045
1.8803705000027548e-08;5.8004420000361275e-08;1.6287159999774304e-06;0.0006738679999834858
1.9803769999998623e-08;6.610855999751948e-08;1.441789500095183e-06;0.0007297029999899678
2.1623049999470823e-08;5.4241759999422356e-08;1.487774000124773e-06;0.0006476084000314586
1.957183499907842e-08;6.408336000167764e-08;1.5352434999658726e-06;0.0007253711999510414
2.1373369998764246e-08;6.101014000014402e-08;1.3376670000434387e-06;0.0006996092000044882
2.1404500000062397e-08;6.074074000352994e-08;1.2505899999814575e-06;0.0006813730000285431
2.3043190001044422e-08;6.292727999971249e-08;1.4260750000539701e-06;0.0006906210000161082
2.193699000054039e-08;6.006198000395671e-08;1.5197320000152105e-06;0.0005869073999929242
1.8548364999878685e-08;6.11893399967812e-08;1.3389095000457018e-06;0.0006909832000383176
2.1760055000777357e-08;6.776059999829159e-08;1.2775384999986273e-06;0.0008088882000301964
2.0891409998876043e-08;6.154881999827921e-08;1.1176020000129939e-06;0.000673826200014446
2.252299499959918e-08;6.549247999791987e-08;1.295094500092091e-06;0.0006811055999714881
2.0009319999371654e-08;6.035696000326424e-08;1.4841739999246783e-06;0.0006972839999943971
2.0932969999557826e-08;5.2991300000576304e-08;1.6117175000545103e-06;0.0006609084000228904
2.3201120001613163e-08;5.792479999945499e-08;1.2583454999548849e-06;0.0007012012000195682
2.5112529998295942e-08;5.799004000145942e-08;1.4724494999973103e-06;0.0006774036000133492
2.086608000099659e-08;6.930943999905139e-08;1.5025954999146051e-06;0.0007624684000038542
2.00333300002967e-08;5.8907059999182824e-08;1.3313304999610409e-06;0.0007659192000282929
1.9367539999075233e-08;6.240680000046268e-08;1.8080854999425356e-06;0.0007457220000214875
2.007207999995444e-08;6.129258000291884e-08;1.5175799999269656e-06;0.0005959285999997519
2.1994865000306162e-08;6.094093999709003e-08;1.4078059999155811e-06;0.0006511852000257932
2.0158289998653344e-08;6.148230000399053e-08;1.6870419999759178e-06;0.0007137035999912768
2.346456999948714e-08;5.66772399994079e-08;1.4496050000889228e-06;0.0007113447999581694
1.7761959999916145e-08;6.103195999749004e-08;1.3674380000156816e-06;0.0007999777999939397
2.381630000018049e-08;5.6668940000236034e-08;1.4746725000441074e-06;0.0007377733999746852
2.0898540000780484e-08;5.787732000462711e-08;1.3351514999521896e-06;0.0007109057999914512
1.8185690000245814e-08;6.02558600017801e-08;1.56646350005758e-06;0.0007911787999910303
2.1121860001585448e-08;6.27875000005588e-08;1.5568465000251308e-06;0.0007158861999632791
2.0947919999889562e-08;5.762766000116244e-08;1.5334470001107547e-06;0.0006375189999816939
2.0617520000087098e-08;6.253533999552019e-08;1.578593500016723e-06;0.000733371599984821
2.0750150000094436e-08;6.836377999861724e-08;1.4850855000258888e-06;0.0007670954000204801
2.128711500117788e-08;5.928767999866977e-08;1.5078440000070259e-06;0.0006812710000085644
2.1006529999431224e-08;6.087849999894388e-08;1.4711494999937713e-06;0.0007789288000203669
2.242872999922838e-08;6.318159999791533e-08;1.3084945001173765e-06;0.0007935908000217751
2.2754574999271427e-08;6.123664000188e-08;1.709223500074586e-06;0.0006213598000467755
2.5061590000404976e-08;6.548645999864675e-08;1.7645384999923408e-06;0.0008413048000074923
2.1416150000004562e-08;6.934151999885217e-08;1.6075530000671278e-06;0.0007243707999587059
1.7321149999042973e-08;6.979778000386432e-08;1.810715000028722e-06;0.0007024053999921307
1.7296199999691454e-08;6.161404000013135e-08;1.3737865000439341e-06;0.0006491757999756374
1.8095515000459273e-08;5.5742880003526807e-08;1.406445500033442e-06;0.0006160397999919951
1.8045704999531154e-08;5.8374319999711585e-08;1.365549999900395e-06;0.0007482385999755934
1.823692000034498e-08;6.512067999574356e-08;1.3223445000767241e-06;0.000742768399999477
1.960671499982709e-08;5.984674000064842e-08;1.3613554999756162e-06;0.0006420959999668412
2.353851000079885e-08;5.5540959996869784e-08;1.6179379999812228e-06;0.0007253385999938473
1.7473870000685564e-08;6.138844000524842e-08;1.5445400000317022e-06;0.0007012450000038371
2.166492999822367e-08;5.5601399997249245e-08;1.1279679999279323e-06;0.0006371723999618553
1.883211500098696e-08;5.560988000361249e-08;1.4519614999881014e-06;0.0006226762000005692
1.6326070000650362e-08;5.7062340003903956e-08;1.4743919999455102e-06;0.0006339787999750115
1.644055500073591e-08;5.1657539996085686e-08;1.2118445000669453e-06;0.00059705700003542
1.8865179999556858e-08;6.237328000133857e-08;1.27993800007971e-06;0.0006739556000102311
2.004313000070397e-08;6.311712000169791e-08;1.3190629999735394e-06;0.0006742261999752372
2.2128349999547936e-08;5.5128800001693887e-08;1.4528764999704436e-06;0.000655426399956923
1.7904790000466166e-08;5.5619859998114405e-08;1.2690419999125878e-06;0.0006753069999977015
2.120776000083424e-08;6.178840000065975e-08;1.4344489999348298e-06;0.0005939155999803915
2.1434550001868047e-08;5.719463999848813e-08;1.2569129999610595e-06;0.0006340533999609761
1.975079999974696e-08;5.586767999920994e-08;1.3863850000780075e-06;0.0006681127999909223
1.541678499925183e-08;5.616147999535315e-08;1.4544380000734236e-06;0.0006757636000402272
1.7612489999737592e-08;5.4250360000878573e-08;1.266808999935165e-06;0.0006561774000292644
1.8782195000676437e-08;5.506149999564514e-08;1.3363690000551287e-06;0.000650664999964647
2.1394904999760912e-08;5.697799999616109e-08;1.4548359999025706e-06;0.0006408398000057787
1.879361499886727e-08;5.7882840000092987e-08;1.416954500018619e-06;0.0007092204000218772
1.910779000027105e-08;5.727961999946274e-08;1.4080305000243242e-06;0.0006317087999777868
2.1109829997294584e-08;5.5422820005333053e-08;1.4025519999268e-06;0.0006440305999713019
2.138795999926515e-08;5.3412299999035896e-08;1.6037300000607502e-06;0.0010373844999412541
2.0956879999721424e-08;6.132914000190794e-08;1.8652155000017956e-06;0.0009508145999861881
1.9137299999420065e-08;6.455792000051587e-08;1.691399499977706e-06;0.0008873330000205897
1.9139569999242666e-08;5.8227159996749836e-08;1.5618925000308082e-06;0.0009051997999777086
1.7958414999884553e-08;5.5151100002694876e-08;1.8623590000788682e-06;0.0009428894000011496
1.9687664999219125e-08;5.903084000456147e-08;1.817855500121368e-06;0.0009912679999833926
2.02467200011597e-08;6.009811999974773e-08;2.06817600002978e-06;0.0009501164000248536
2.0993589999852703e-08;6.304446000140161e-08;1.8133035000937524e-06;0.0010279560000344646
1.7958529999305027e-08;6.095680000144058e-08;1.8684419999772217e-06;0.0010259327999665403
2.3515754999243654e-08;6.20117600017693e-08;2.1218489998136646e-06;0.0008584170000394807
2.1008410000649747e-08;5.7138420001138e-08;2.1242255000106524e-06;0.001209468500019284
2.181560999888461e-08;5.7065700000384824e-08;1.9200949999503792e-06;0.0008587885999586433
1.827301500015892e-08;5.149803999811411e-08;1.5856949999579228e-06;0.000850836600002367
1.6976114999852143e-08;5.443817999912426e-08;1.8978520001110155e-06;0.0010848004999570548
2.1017564999056048e-08;6.259733999613673e-08;2.092796999932034e-06;0.0010878144999151118
1.7849474999820812e-08;5.7006659999024125e-08;1.539463499939302e-06;0.0011321609999868087
2.3390474999905565e-08;6.523010000237263e-08;1.8741729999601374e-06;0.0010171770000306423
1.6960889998881612e-08;6.625932000461034e-08;2.0982099999673663e-06;0.001174678999959724
2.1028960001422092e-08;5.9336840000469236e-08;1.909923500061268e-06;0.0009544691999908536
2.1938569999474566e-08;6.866780000273138e-08;2.240367000049446e-06;0.0011938960000406952
1.6694660000212025e-08;5.642405999824405e-08;1.850206000090111e-06;0.0011564100001123733
2.0539540000027045e-08;5.3622020001057536e-08;2.2141085000475868e-06;0.0009279825999983587
1.608392000052845e-08;5.404252000153065e-08;1.7187109999940731e-06;0.000946075199986808
2.1734259999357163e-08;5.6521979998797175e-08;1.8104984999808949e-06;0.0010103125000023284
2.129475999972783e-08;5.765308000263758e-08;1.8307020000065676e-06;0.0008828534000203945
1.9486035000591075e-08;7.092235999880358e-08;1.8448135000653566e-06;0.0009696475999662653
2.438784999831114e-08;5.9392419998766854e-08;1.794415500044124e-06;0.0011121400000411086
2.1391580000636167e-08;5.2041639998788016e-08;1.865560500009451e-06;0.0008627089999499731
1.7930085000989493e-08;5.894145999918692e-08;1.6820455000561196e-06;0.0009234516000142321
2.147181000036653e-08;4.96267800044734e-08;2.3751005000667645e-06;0.000869421000010334
1.7358235000574495e-08;5.35678599961102e-08;1.870877500041388e-06;0.000851146599976346
1.5199284999107476e-08;5.383636000333354e-08;1.6318470000987873e-06;0.0008885924000060185
1.8504950001079123e-08;5.362577999476343e-08;1.788988500047708e-06;0.0009081938000163063
1.8870309999329037e-08;5.719824000261724e-08;1.7459239999880082e-06;0.0009332725999993272
1.9802159999380818e-08;5.892495999578387e-08;1.7743275000248104e-06;0.0010377017999999225
1.8836605000251438e-08;6.812959999660961e-08;2.011493500031065e-06;0.0010037184999964666
1.8280399999639486e-08;5.9523839998291805e-08;1.7212259999359959e-06;0.001059765499958303
1.7320489999838173e-08;5.066612000227906e-08;2.0619445000193083e-06;0.0011023155000293627
2.4195049999980256e-08;5.5495339998742564e-08;2.0339579999563283e-06;0.0009587045999942347
1.924276499921689e-08;5.934287999989465e-08;2.2304199999780394e-06;0.0011518735000572633
2.0394880000094417e-08;6.199410000117495e-08;2.190547000209335e-06;0.0009449402000172995
2.083115999994334e-08;6.571142000029794e-08;2.217910000181291e-06;0.0010729605999658816
2.2114429998327977e-08;6.838685999973677e-08;1.9800974999088793e-06;0.001093951200018637
2.0591204999072944e-08;5.3707999998005105e-08;1.997446999885142e-06;0.0011344884999562055
1.809503500116989e-08;5.777474000351504e-08;1.8412764999084175e-06;0.0010384635000082198
1.8176965000748168e-08;6.911042000283488e-08;1.7922554998949636e-06;0.0008486479999846779
1.8483345001004636e-08;4.89698400022462e-08;1.6709555000124964e-06;0.000882826599990949
2.0632040000054986e-08;5.6430120003642515e-08;1.6651505000481847e-06;0.0010522669999627396
2.0611649999045768e-08;5.774640000308864e-08;1.6261290000693406e-06;0.0009684094000258483
1.895022999960929e-08;5.48742399958428e-08;2.100655999965966e-06;0.0010052839999843855
1.982257499912521e-08;5.060394000029191e-08;1.96917149994988e-06;0.0009597517999936826
1.9573500000115018e-08;5.5806459998711945e-08;1.7826965000131168e-06;0.0008105086000286974
1.6678769999998623e-08;5.6964860000880434e-08;1.6132095000648406e-06;0.0009688452000264078
2.1197859998210333e-08;5.953582000220194e-08;1.986557000054745e-06;0.0010410579999734183
1.686652499920456e-08;5.965813999646343e-08;1.74178250003024e-06;0.0010424929999862797
2.1763579998514616e-08;5.653271999908611e-08;1.953452000016114e-06;0.0010010135999764316
2.0871695000096223e-08;5.870911999954842e-08;1.6723664999881294e-06;0.0008821970000280998
1.9244349999644328e-08;6.306703999871388e-08;2.0081715000560508e-06;0.0010100804999819957
2.0172399999864864e-08;6.313313999562524e-08;1.8004694998671766e-06;0.0010064989999227691
1.966219500027364e-08;5.7389259996125475e-08;1.8844615000125486e-06;0.0009395412000012584
2.1217059998889454e-08;6.070727999904193e-08;2.0084700000006704e-06;0.0010086160000355449
1.7560560000129043e-08;5.959741999977268e-08;1.9810965000942815e-06;0.0009339419999741949
1.714534999919124e-08;5.3064500004984437e-08;2.107477999816183e-06;0.0009694593999884091
1.7664989999320825e-08;5.673016000073403e-08;2.051355000003241e-06;0.0008654930000193417
1.956600499979686e-08;6.226341999717988e-08;1.784038499899907e-06;0.0009699146000202746
2.1514739999838638e-08;6.326641999767162e-08;1.7652069999894593e-06;0.0008622019999893382
1.8090005000703967e-08;6.157382000237703e-08;2.2030549999908545e-06;0.0010116679999919143
1.8219870000029913e-08;5.368911999976262e-08;1.808887999941362e-06;0.0009641435999656096
1.770276000024751e-08;4.685651999898255e-08;1.660816499934299e-06;0.0009331466000294312
1.9258309999713675e-08;5.683212000294588e-08;1.8568414999754167e-06;0.0010052135000296403
1.7188624999835155e-08;5.551746000419371e-08;1.7093699998804368e-06;0.0009791142000467516
2.057683999883011e-08;5.212852000258863e-08;1.7666460000327789e-06;0.0009192848000093364
2.2746490000281484e-08;6.404183999984525e-08;1.8737699999473988e-06;0.001014910800033249
1.9415029999800026e-08;6.62674600025639e-08;1.7966575000900776e-06;0.0008819141999701969
2.1089089999441058e-08;5.9108139999443665e-08;1.7796425000415183e-06;0.0010344228000030854
2.0179610000923277e-08;6.048630000441335e-08;2.0771409998997114e-06;0.0010351896000211128
2.116692999989027e-08;6.320292000309564e-08;1.947743500059005e-06;0.001019628999987617
1.9301304999680725e-08;5.909955999813974e-08;1.8040859999018721e-06;0.0010788080000202172
1.7985734999820126e-08;5.809531999984756e-08;1.9408514999668113e-06;0.001029934799997136
1.8941580000682735e-08;6.200932000065222e-08;2.1074140000564513e-06;0.0010107510001398624
2.0794130000285803e-08;6.344316000468097e-08;1.7124589999730233e-06;0.0009651420000009238
1.8798545000026935e-08;6.134967999532818e-08;2.101315500040073e-06;0.000978759200021159
2.153911000059452e-08;6.898812000290491e-08;2.0642830000724646e-06;0.0008795550000504591
1.9834579998860136e-08;5.7558760000392794e-08;1.7615545001171994e-06;0.0010842309999861755
2.1786390000488608e-08;5.835919999517501e-08;2.0438724999257828e-06;0.001104347000073176
2.104029000038281e-08;5.247197999851778e-08;1.8750134999572766e-06;0.00109879550000187
2.3046149998845065e-08;6.114587999763899e-08;1.961149499984458e-06;0.0010673613999970257
2.0074770000064744e-08;5.684923999942839e-08;1.8841425000573508e-06;0.0011294878000044264
1.949466499936534e-08;6.236264000181108e-08;2.14138350012945e-06;0.001036681999976281
1.726293999963673e-08;5.7688020000932735e-08;1.8541350000305102e-06;0.001016388599993661
1.9923889999336097e-08;6.203657999867573e-08;1.8945644999621436e-06;0.0011081933999666945
1.9545020000077785e-08;6.13325399986934e-08;2.0394030000898056e-06;0.0009945397999836132
1.8531744999927468e-08;5.431231999536976e-08;2.064045000006445e-06;0.0010078681999584659
2.015456999943126e-08;6.220741999568418e-08;1.9679199998790864e-06;0.001022468199953437
2.149669999780599e-08;6.086824000230991e-08;2.2668600000906736e-06;0.0009857329999795183
1.8146969999361318e-08;6.024521999643185e-08;2.020353999978397e-06;0.001015872499992838
2.228216000075918e-08;6.236244000028818e-08;1.966854000056628e-06;0.0010589209999307058
2.2849770000902936e-08;5.7224080001469704e-08;1.8671295000240207e-06;0.001078813000000082
2.2027779999189078e-08;6.52053400001023e-08;1.964686999999685e-06;0.0009889144000480882
2.2234335000393913e-08;6.315791999804787e-08;1.921118500031298e-06;0.0011510740000812802
2.0288490000530147e-08;8.151881999801844e-08;2.483166999882087e-06;0.0013906575000146404
2.0673490001354366e-08;7.167728000204079e-08;2.290779000031762e-06;0.0013610153999761678
1.773282000067411e-08;7.255274000344798e-08;2.4520029997802338e-06;0.0010378135000064504
2.123513000115054e-08;8.344593999790959e-08;2.0952180001768282e-06;0.0012758999998914078
2.284788000106346e-08;6.768554000300355e-08;2.190950999793131e-06;0.0015808730000571813
2.287349000107497e-08;7.396362000145018e-08;2.2925830000895077e-06;0.0011273480000090785
2.0789240000885913e-08;7.38000400015153e-08;2.386951000080444e-06;0.0013681409999844619
2.130110500002047e-08;6.858021999942138e-08;2.5082829999155364e-06;0.0014543284999672323
2.08281100000022e-08;8.952882000012323e-08;2.4833904999832157e-06;0.0014276849999441765
2.1163439998053945e-08;8.183845999883488e-08;2.183241999882739e-06;0.001492102999909548
2.204780000029132e-08;6.196440000203438e-08;2.4288475001230835e-06;0.0013477019999118057
2.0337140001356603e-08;6.548123999964446e-08;2.3303870001109317e-06;0.001271893499942962
2.115724500035867e-08;7.402322000125424e-08;2.1890269999857993e-06;0.0011975760001223534
2.0273205000557938e-08;6.975524000008591e-08;2.312374000030104e-06;0.001021545999974478
2.4135759999626318e-08;7.532200000132434e-08;2.47198600001866e-06;0.0013718089999747462
2.019894999975804e-08;7.012524000019766e-08;2.349533999804407e-06;0.0013280404999386518
2.0841390000714455e-08;7.109628000180237e-08;2.589754999789875e-06;0.0015686499999719673
1.9408405000285712e-08;7.084665999864228e-08;2.0657629999914206e-06;0.001232917500019539
1.7070249999233055e-08;6.557896000449545e-08;2.222580499947071e-06;0.0011915554999723098
2.1219719998771323e-08;6.355447999667376e-08;2.238624999881722e-06;0.0011720680000144056
2.032603000116069e-08;6.443849999923259e-08;2.2830090002389624e-06;0.0013933545000327286
2.014713499956997e-08;7.21263799990993e-08;2.2374509999644944e-06;0.0011824519999790936
1.797585500025889e-08;6.047910000197589e-08;2.2866459999931977e-06;0.0015107850001368206
1.644749499973841e-08;7.453692000126466e-08;2.318140999996103e-06;0.001381122000020696
2.0811780000803994e-08;6.60626000026241e-08;2.8305660001933573e-06;0.001479555999976583
2.222790000087116e-08;7.565111999865621e-08;2.195915499905823e-06;0.0013161069998750463
2.0240229999762958e-08;6.410232000052929e-08;2.456772000005003e-06;0.001468027999944752
2.1911579999141396e-08;7.265744000324048e-08;2.3653490000288003e-06;0.0010526817999780178
2.0270640001399442e-08;6.48044400033541e-08;2.122994000092149e-06;0.0012851984999724664
2.1471240001847036e-08;6.334812000277453e-08;2.3962239999673327e-06;0.0012623685000289697
2.0122550000087357e-08;6.964265999849885e-08;2.0639840001240374e-06;0.0012397559999953955
1.974377500009723e-08;7.150757999625057e-08;1.7024030000902711e-06;0.001020053200016264
2.0749589998740702e-08;6.014755999785848e-08;2.0183955000538846e-06;0.0011190960000385531
1.668651000072714e-08;7.777341999462806e-08;2.1363499999279157e-06;0.0010843130000284874
2.2217740002088248e-08;5.8958440000424164e-08;2.27054400020279e-06;0.001137968000024557
2.1403179998742415e-08;6.442936000530608e-08;2.4626060001901353e-06;0.0010737240000162273
2.1352590000606142e-08;5.8236639999086037e-08;2.0020279999880585e-06;0.001114547599980142
1.9903984999109526e-08;6.815990000031889e-08;2.357503999955952e-06;0.0013002289998985362
2.2222930000862108e-08;8.00998599966988e-08;2.0938500002375803e-06;0.0011398990001180208
2.1798169999965466e-08;6.216168000246398e-08;2.0046239998191594e-06;0.001408089500037022
1.994424500007881e-08;6.791003999533132e-08;2.699484000040684e-06;0.001169662500033155
2.261628000123892e-08;7.603541999706067e-08;2.299495999905048e-06;0.0011363669999991544
1.91590600006748e-08;6.766565999714657e-08;2.358001999964472e-06;0.0011789384999428875
2.3789445000875275e-08;6.906440000166185e-08;2.0124650001525878e-06;0.0011700790000031703
2.0773059999919495e-08;6.169845999684185e-08;2.24361400003545e-06;0.0010216500000096859
1.778665000019828e-08;6.75197200034745e-08;2.2515019999991636e-06;0.0014248380000935867
1.9628080000984482e-08;7.147574000409805e-08;2.7577629999723284e-06;0.0012341090000700205
1.6053829999873413e-08;7.983557999832556e-08;2.1730799999204465e-06;0.0012820419999479782
2.2158300000592134e-08;6.722272000042722e-08;1.8543190001219046e-06;0.001097191200009547
1.8646179999632297e-08;7.364017999498173e-08;2.1204680000664665e-06;0.0013961819998803548
2.032383000041591e-08;7.110881999833509e-08;2.1210059997974895e-06;0.0012539954998646863
1.5604219998931514e-08;6.617817999795079e-08;2.3805509999510833e-06;0.0010848539999278727
2.0526600000448524e-08;7.268972000456415e-08;2.420239999773912e-06;0.0010460274000070058
1.7634995000844357e-08;6.160175999975763e-08;2.0424709998769686e-06;0.0012173009999969508
1.9725225000001957e-08;6.856366000138223e-08;2.693282999971416e-06;0.0012471350000123494
2.3794560000533238e-08;7.703826000215486e-08;2.1348584999213927e-06;0.001304359600006137
2.3699979999219066e-08;8.315097999875434e-08;2.3066879998077637e-06;0.0010701685000094586
1.682693000038853e-08;7.444801999954506e-08;2.2020270000211893e-06;0.0012353755999938586
1.969186499918578e-08;6.673853999818675e-08;2.051947999862023e-06;0.0011453289999917614
2.117718500085175e-08;6.353527999599465e-08;2.4965750001138077e-06;0.0013150930000119842
1.800848999992013e-08;6.168455999577418e-08;2.0051970001077278e-06;0.001176536999992095
1.8373395000526215e-08;6.725258000078611e-08;2.1480015000270216e-06;0.0012330420000944288
2.1354939999582713e-08;8.255371999694035e-08;2.41255100001581e-06;0.0011740534999989906
2.0684369999798946e-08;6.560249999747611e-08;2.321639999863692e-06;0.001343607000017073
2.2099529998376964e-08;6.758175999857486e-08;2.0840609999140724e-06;0.0012793339999916497
1.9302239999524318e-08;8.730280000017956e-08;2.4623479999718257e-06;0.0011361770000075922
2.0562400000926572e-08;7.85163399996236e-08;2.803151000116486e-06;0.0012905470000987406
2.008305999916047e-08;8.03583599976264e-08;2.2942190000321715e-06;0.0011001745000248774
1.8671259999973698e-08;7.254301999928429e-08;2.330399999918882e-06;0.00115939850002178
2.2112410000409e-08;7.625084000173956e-08;2.3489419999532404e-06;0.0013135005001095124
2.214131999935489e-08;6.769257999840192e-08;2.0133919999352658e-06;0.0013117264999891632
2.0214575000863986e-08;8.403373999753967e-08;2.23425700009102e-06;0.0010306244999810587
2.0213760001934135e-08;6.864172000205144e-08;2.2335990000283344e-06;0.0012790774999302812
2.245792000030633e-08;7.300711999996565e-08;2.4414429999887943e-06;0.001300131500029238
2.262102499953471e-08;7.533349999575875e-08;2.5475360002019444e-06;0.001445456500077853
2.2523109999019653e-08;8.358768000034616e-08;2.5649679999332877e-06;0.0013210340000223367
2.4245230000815355e-08;8.207919999840669e-08;2.3184620001120495e-06;0.0011509049999585842
2.4251800001366062e-08;8.056373999570496e-08;2.4602299998514352e-06;0.0016155245000845752
2.0499349999590777e-08;7.740859999903477e-08;2.0792239997535945e-06;0.0012126324999553618
2.3349820000294132e-08;8.31650800013449e-08;2.675745000015013e-06;0.0010324294999008998
2.070852000033483e-08;8.09585400042124e-08;2.133678999962285e-06;0.0015202095000131522
2.426456999965012e-08;7.86424599995371e-08;2.8930609999224544e-06;0.0010391759999038186
2.2476309997728094e-08;8.258529999875463e-08;2.5340370001504197e-06;0.0012026424999930895
1.9706730000325478e-08;8.246955999638885e-08;2.1114769999985584e-06;0.0010714089999964926
2.360474000161048e-08;8.10453400015831e-08;2.7163940001628364e-06;0.001389049999997951
2.3484980000648647e-08;7.372834000270814e-08;2.4056189999100754e-06;0.0013035540000419133
2.323992999881739e-08;7.895428000483661e-08;2.2775170000386425e-06;0.001360139500029618
2.4892839998938144e-08;5.984152000164614e-08;2.3868919999222273e-06;0.0012755329998617526
1.9531635000021198e-08;6.817731999908575e-08;2.4247159998049028e-06;0.0013037244998849928
2.0752809999976306e-08;6.587010000366718e-08;2.225138999929186e-06;0.0014832804999605287
2.1886610001092776e-08;7.567464000312612e-08;2.1319469998707065e-06;0.001004469499894185
2.1411679999437184e-08;6.282264000037685e-08;2.3726184999395626e-06;0.0012355094999657013
2.0519589999457822e-08;8.332102000131272e-08;2.7913059998536484e-06;0.0011979250000149478
2.4064600000565407e-08;6.803063999977894e-08;2.6179759998922235e-06;0.0013570340001024307
1.9605490000685676e-08;7.362753999768756e-08;2.0935770001960917e-06;0.0013475384999765082
2.0842030001222155e-08;8.38746200024616e-08;2.6010409998707472e-06;0.0012623267999733799
1.7417215000023133e-08;7.216685999883339e-08;2.193769000004977e-06;0.0013004580000415445
2.4778830001014284e-08;6.946486000088044e-08;2.569120000116527e-06;0.0011895640000875573
1.6711095000209754e-08;6.626124000176787e-08;2.2164499999780675e-06;0.001220611999888206
2.3292000000947156e-08;8.221598000382073e-08;2.5958469999022782e-06;0.0015078180001000874
2.337522000016179e-08;6.265312000177801e-08;1.2185350000800099e-06;6.501962000038475e-06
2.0303460001014174e-08;6.563466000370682e-08;1.35257450005156e-06;6.983929999987595e-06
2.4452930002007635e-08;6.124205999658443e-08;1.6132554999785498e-06;6.860368000343442e-06
2.4190530000487342e-08;6.189039999735542e-08;1.5589715000533033e-06;6.0241579997818915e-06
2.0855409999785478e-08;5.4412139998748895e-08;1.0687410000537056e-06;6.7545099998824294e-06
2.145399000000907e-08;5.30410600011237e-08;1.2714135000715032e-06;6.531708000111394e-06
1.8189210000855383e-08;6.190772000118159e-08;1.7036805000680033e-06;6.9292660005157814e-06
2.399542999919504e-08;6.651214000303299e-08;1.5052319999085738e-06;6.648842000286095e-06
1.9919534999644385e-08;6.693579999846406e-08;1.348190999997314e-06;6.391815999522805e-06
2.451831000216771e-08;5.446204000036232e-08;1.3343925001390743e-06;6.695588000002317e-06
2.100223999877926e-08;6.810992000391707e-08;1.5613420000590849e-06;6.321463999920525e-06
2.1331160000409e-08;6.568658000323921e-08;1.4887769999040757e-06;7.096468000090681e-06
1.882624499994563e-08;6.310883999685756e-08;1.348230000003241e-06;6.499089999706485e-06
2.0254189999832306e-08;5.660371999838389e-08;1.2604135001311079e-06;6.597483999794349e-06
2.4187139997957276e-08;5.352879999554716e-08;1.2700239999685437e-06;6.553381999838166e-06
1.9041029999789315e-08;5.7613760000094774e-08;1.2529180001001805e-06;6.330938000464812e-06
2.015520999848377e-08;6.109399999841117e-08;1.1729569999442901e-06;6.447932000155561e-06
1.8338045000564306e-08;5.991645999602042e-08;1.6194760000507812e-06;6.994755999767222e-06
1.849969000031706e-08;6.209687999798916e-08;1.2008105000131764e-06;6.570307999500073e-06
2.1533539998927155e-08;5.7090039999457075e-08;1.2380885001039132e-06;6.779665999929421e-06
2.11935250001261e-08;5.6188579997979105e-08;1.413635999924736e-06;6.508911999990232e-06
2.0088759998907336e-08;5.010669999755919e-08;1.2995149999915157e-06;6.796712000505067e-06
2.1068270000978373e-08;6.102358000352979e-08;1.4766129999770784e-06;6.418416000087746e-06
1.723621999990428e-08;6.153698000125587e-08;1.3472085000830703e-06;6.421293999883346e-06
1.693366999970749e-08;5.637113999691792e-08;1.274151499965228e-06;6.279243999742903e-06
1.832767000014428e-08;5.460911999689415e-08;1.1764409999886992e-06;6.849677999853156e-06
2.127946999971755e-08;5.0980259996140376e-08;1.3666595000540837e-06;6.33838800014928e-06
1.810960000002524e-08;5.681715999962762e-08;1.1756564999814146e-06;6.404295999673195e-06
1.8038520000118296e-08;5.7824379997327926e-08;1.2160255000344478e-06;6.474444000050425e-06
1.7883454999537207e-08;5.8408340002642946e-08;1.4526380000461358e-06;6.718246000236832e-06
2.0394625001063104e-08;6.335262000211514e-08;1.3776275000418536e-06;6.660637999884784e-06
1.6557720000855624e-08;5.338666000170633e-08;1.1753064999356866e-06;6.184555999934673e-06
1.90772800007835e-08;5.964734000153839e-08;1.3288649999594781e-06;6.7028959997696804e-06
2.1419095000601372e-08;5.660753999836743e-08;1.1248830000113231e-06;6.197512000217103e-06
2.0082325000839772e-08;6.323954000254162e-08;1.3511504999769386e-06;6.451023999834433e-06
1.7628810000314842e-08;5.4653180000605064e-08;1.320852500066394e-06;6.785154000390321e-06
1.8395890000101643e-08;5.351971999625675e-08;1.4489275000232737e-06;6.57046799955424e-06
2.1871055000519845e-08;5.192391999880783e-08;1.350829500006512e-06;6.189250000170432e-06
1.7268084999523127e-08;4.7627400001510976e-08;1.124271000007866e-06;6.105113999801688e-06
2.0213910000165925e-08;6.009666000027209e-08;1.115379499970004e-06;5.987025999929756e-06
1.6701789999206084e-08;5.2444419998209926e-08;1.168475500016939e-06;6.310476000071503e-06
1.6267374999006278e-08;5.2671900001587344e-08;1.280581000028178e-06;6.393798000062816e-06
1.7969499999890105e-08;6.058143999543972e-08;1.2358010000025387e-06;6.517574000172317e-06
1.7644455000117888e-08;5.977684000390582e-08;1.3282584999979007e-06;6.618531999993138e-06
2.03340499982005e-08;5.102269999915734e-08;1.2307799998961855e-06;5.940847999881953e-06
2.1021099999779836e-08;6.544071999960579e-08;1.3317649999225977e-06;6.062465999857523e-06
2.0470199998817408e-08;5.563422000268474e-08;1.2584090000018477e-06;6.134897999581881e-06
1.8666105000011157e-08;5.824515999993309e-08;1.3681695000559556e-06;6.53891600028146e-06
2.007551999995485e-08;6.170194000005721e-08;1.5275879998807796e-06;6.764219999895431e-06
1.9157589999667834e-08;6.156816000002436e-08;1.1730654998973477e-06;6.545804000343196e-06
2.2417199998744762e-08;5.53723200049717e-08;1.2161110001034104e-06;6.82251800026279e-06
2.2378599998774005e-08;7.007334000081756e-08;1.1881529999664053e-06;6.673935999860987e-06
1.8244795000646263e-08;6.485269999830052e-08;1.547876999975415e-06;7.410292000276968e-06
1.920596999989357e-08;7.116768000414594e-08;1.244437499990454e-06;7.162021999829449e-06
1.6405060001125094e-08;6.075861999997868e-08;1.3362575000792277e-06;6.273940000100993e-06
2.174107000173535e-08;5.7732419995591047e-08;1.3914554999792016e-06;6.529884000192396e-06
2.096686000004411e-08;5.409575999947265e-08;1.5070374999777415e-06;6.738971999729983e-06
2.0920949999708683e-08;6.265154000138864e-08;1.338071500067599e-06;6.379956000018865e-06
2.0174109999788925e-08;5.288699999800883e-08;1.347990999929607e-06;6.7853900004411115e-06
1.8944465000822674e-08;5.703622000291944e-08;1.2883359999977983e-06;6.3931220001541075e-06
1.9440899998880924e-08;6.583372000022791e-08;1.2067585000477265e-06;6.915746000013314e-06
2.1245064999675378e-08;6.071805999963544e-08;1.4203925000037999e-06;7.144599999883212e-06
2.201344999775756e-08;5.721377999871038e-08;1.4455604999966454e-06;6.312449999968521e-06
2.2903829999268054e-08;6.106608000118285e-08;1.4431329999933951e-06;6.157635999843478e-06
1.862315000034869e-08;5.993642000248656e-08;1.1723535000055562e-06;6.517539999913424e-06
1.9588670000666752e-08;6.352655999944545e-08;1.27249249999295e-06;6.5903199999593195e-06
2.019348999892827e-08;5.599994000513107e-08;1.4887124999950174e-06;6.557361999875866e-06
2.1165969999856315e-08;5.77229599992279e-08;1.2682879999920261e-06;6.777418000274338e-06
1.6924575000302865e-08;5.7097120000980795e-08;1.4281210000626744e-06;6.810205999645404e-06
2.0142359999590554e-08;5.5788820004090666e-08;1.3297225000860635e-06;7.1146720001706855e-06
1.989760500000557e-08;6.017190000275149e-08;1.243830000021262e-06;6.3023339997744185e-06
1.894124499958707e-08;6.460289999959059e-08;1.125021499901777e-06;6.445225999923423e-06
1.6447180000250228e-08;5.9361699997680264e-08;1.055906999972649e-06;6.484445999958552e-06
2.033483000122942e-08;6.426480000372977e-08;1.4518730000418145e-06;6.442374000325799e-06
2.0185169999604114e-08;6.970461999881082e-08;1.258316500025103e-06;6.547547999653034e-06
1.8332279998867307e-08;6.056573999812827e-08;1.456923999940045e-06;6.286609999951906e-06
2.2858699999051168e-08;5.976792000001297e-08;1.3506929999857676e-06;6.448653999832459e-06
1.8396355000732e-08;5.716559999855235e-08;1.5427364999777638e-06;7.151576000032947e-06
1.6942395000660326e-08;5.352354000206105e-08;1.117476999934297e-06;6.055341999744997e-06
2.0432830000936518e-08;6.236168000032194e-08;1.4652769999520388e-06;6.389567999867722e-06
1.7464655000367202e-08;5.34879999991972e-08;1.2519760000577662e-06;6.108402000390925e-06
1.9008704999578184e-08;6.224837999907322e-08;1.501630500133615e-06;6.919697999837808e-06
2.0556719999876803e-08;7.24140600010287e-08;1.2921174999792128e-06;6.166618000133894e-06
1.5969259999110363e-08;5.461130000185221e-08;1.2494709999009502e-06;6.42387600033544e-06
1.8095324999012517e-08;5.132888000225648e-08;1.157324499945389e-06;6.210619999910705e-06
1.8178810000244994e-08;5.743654000107199e-08;1.2942704999295529e-06;6.360920000006445e-06
1.9393010000931098e-08;5.9054599999217315e-08;1.1666005000006407e-06;6.450941999792121e-06
1.8025674999807963e-08;5.412627999903634e-08;1.1982525000348686e-06;6.33112000010442e-06
1.8198224999650848e-08;5.5824079999001695e-08;1.1891325000033247e-06;6.148857999942265e-06
1.7367960000410676e-08;5.34605199994985e-08;1.2959450000198559e-06;6.40252600016538e-06
1.765900500031421e-08;5.252331999945454e-08;1.3995825000165497e-06;6.136003999854438e-06
1.8059015000471845e-08;5.50623600021936e-08;1.1390989999927115e-06;6.284042000188492e-06
1.783697999926517e-08;5.897335999761708e-08;1.1891024999204091e-06;6.419512000284158e-06
1.720189500047127e-08;5.620856000459753e-08;1.246450499893399e-06;6.228696000180207e-06
1.8243829999119043e-08;5.395884000463411e-08;1.280040999990888e-06;6.304587999475189e-06
1.961188499990385e-08;5.475732000195421e-08;1.2011490001168568e-06;6.394334000069648e-06
1.7717219999758526e-08;5.7533180003520104e-08;1.2134690000675618e-06;6.609140000073239e-06
1.852826499962248e-08;6.07856799964793e-08;1.2187610000546555e-06;6.4520380005706105e-06
2.0950290001928805e-08;5.904093999997713e-08;1.3599059999978636e-06;6.401368000078946e-06
1.728315000073053e-08;6.053808000287972e-08;1.2713125000300352e-06;6.156360000022687e-06
1.6922789999807718e-08;6.013180000009016e-08;2.289099000045098e-06;0.0013444170000730083
1.841343499982031e-08;5.336246000370011e-08;2.219117000058759e-06;0.0013183279999066143
1.7208704999939074e-08;5.75799599988386e-08;2.10292700008722e-06;0.0013403509999625385
1.7979745000775436e-08;5.601901999907568e-08;2.3293440000270494e-06;0.0012557930000184569
1.9606745000055527e-08;6.113354000262916e-08;2.1865350000734908e-06;0.0012937044999853243
2.0726180000929163e-08;6.029007999459281e-08;2.18545699986862e-06;0.0012915895000332966
1.853976499987766e-08;5.5457279999973254e-08;2.251512999937404e-06;0.0013747199998761061
1.953053000033833e-08;5.3345220000483096e-08;2.069642999849748e-06;0.0013284930000372697
1.8646480000461452e-08;5.84270799998194e-08;2.0468180000898428e-06;0.0012636024999665096
1.8217729999742004e-08;5.605204000021331e-08;2.2289470001123845e-06;0.0012772314999892841
1.9611639999493492e-08;5.2351239998824894e-08;2.1321820002049206e-06;0.0014388775000406895
2.104332000017166e-08;5.5627679999452086e-08;1.992664999997942e-06;0.0013779214999522082
1.776207999937469e-08;5.810634000226855e-08;2.210950999869965e-06;0.0014188404999731575
1.8542690000322183e-08;5.562838000478223e-08;2.0900245000666473e-06;0.0013346724999428261
1.787709000054747e-08;5.397512000054121e-08;2.164267000043765e-06;0.0012931284999649507
1.9700420000299346e-08;6.108255999861285e-08;2.107601499883458e-06;0.0013332285000069533
1.8452670000260695e-08;5.383447999483906e-08;2.0325969999248626e-06;0.0012425160000566393
1.803193499945337e-08;5.3748280002037064e-08;2.341243000118993e-06;0.001352321500016842
1.7009679999318905e-08;5.409304000204429e-08;2.302688999916427e-06;0.0012938430000212974
2.012189000088256e-08;5.371070000110194e-08;1.8882189999567345e-06;0.0014513135000015609
1.800278000009712e-08;5.202914000255987e-08;1.9336150000162886e-06;0.0012909790000412613
1.8520524998893962e-08;5.3429079998750237e-08;2.022784999862779e-06;0.0012619974999688566
1.6014565000659787e-08;5.6003659998532384e-08;2.0577929998398757e-06;0.0013724209999782034
1.7146394999872426e-08;5.227882000035606e-08;2.1726760000456125e-06;0.0012964855000609531
1.9138185000338127e-08;6.209149999776856e-08;2.216937999764923e-06;0.0013108319998718799
1.8929814999864904e-08;5.336734000011347e-08;2.1529110000119544e-06;0.0013140610000118612
1.751279500022065e-08;5.095117999590002e-08;1.8944989998999516e-06;0.0013572459999704734
1.8213415000354873e-08;5.5839479999849574e-08;2.1184160000120757e-06;0.001252688500098884
1.8139879999216647e-08;4.9825699999928475e-08;1.8965330001083203e-06;0.0013209115000790916
1.7719995000516066e-08;5.2154759998666124e-08;2.2724594999453985e-06;0.0012984055001288653
2.0318909999332392e-08;5.862191999913193e-08;2.1297839999897406e-06;0.0014053955000417773
1.8415304999507498e-08;5.849852000246756e-08;2.0276349999767263e-06;0.0013728290000290144
1.8281674999161623e-08;5.009359999676235e-08;2.066952999739442e-06;0.0013541130001249258
1.9114140000601764e-08;5.058061999734491e-08;1.9190484999853653e-06;0.0012916989999939687
2.2287459997460245e-08;6.06709800020326e-08;2.0701730001019315e-06;0.0012275075000070502
1.8555589999596123e-08;5.5668739997781816e-08;2.135951000091154e-06;0.0013689559999329503
1.772567000007257e-08;6.569355999818072e-08;2.0137434999924154e-06;0.001408614999963902
1.9597835000604393e-08;5.568249999778345e-08;1.7592074999993202e-06;0.0013690919999498874
1.7889875000400934e-08;6.178332000272349e-08;2.0899139999528415e-06;0.0012815150000096765
2.1535359998233615e-08;5.4801199998473746e-08;2.171787999977823e-06;0.0013889604998985306
1.809396500029834e-08;5.892056000302546e-08;2.31267499999376e-06;0.0013393055000051391
2.0753089999197982e-08;5.961520000128076e-08;2.2187300000223333e-06;0.0013150210000458173
2.163421000004746e-08;5.3429140005027875e-08;2.0328749998589046e-06;0.0012774755001009907
1.8298074998892842e-08;5.646486000041477e-08;2.3164760001236574e-06;0.0014686419999634381
2.0979809999698773e-08;5.799492000369355e-08;1.993244499899447e-06;0.001348963999917032
2.0395260000077542e-08;6.969011999899522e-08;2.3306980000052134e-06;0.0015134759999637026
1.9661169999744743e-08;5.3548080002656206e-08;2.0456499999272636e-06;0.0012506649999704678
1.772035999892978e-08;6.642531999968924e-08;2.1014730000752026e-06;0.0013593284999660683
1.66919549999875e-08;6.049604000290855e-08;2.2107379999943076e-06;0.0014783025000360795
2.0611314999405293e-08;7.206960000330583e-08;2.0839749999868217e-06;0.0012799725000513717
2.2310035000555217e-08;5.644031999981962e-08;1.7609454999910668e-06;0.0014237565000075848
2.1873570000752807e-08;6.740288000437432e-08;2.1824119999655524e-06;0.0013761705000069923
2.0040385000174866e-08;5.8232739998493346e-08;2.282532999961404e-06;0.001464131999964593
1.7381534999003635e-08;5.972795999841764e-08;2.158449499984272e-06;0.0014049274999706541
1.874592499952996e-08;6.854929999681189e-08;2.2139910000259987e-06;0.0014580490000662394
2.1568534999096302e-08;6.096542000304907e-08;2.1556830001645723e-06;0.0012541464999958408
2.0944454999698792e-08;6.741223999997601e-08;2.3373810001066884e-06;0.0012886840000282973
2.2279050000361167e-08;5.772985999938101e-08;2.0481630001449957e-06;0.0013908100000116974
2.0034779998240994e-08;5.2496119996067134e-08;2.1617430000333114e-06;0.0013446975000260862
2.094177999824751e-08;5.578701999620535e-08;1.8785094999475405e-06;0.001386536000063643
1.8967744999099524e-08;5.8469899999909104e-08;1.9764779999968595e-06;0.0013554330001352354
1.8930504999298138e-08;5.0423540000338106e-08;1.8553969998902175e-06;0.0014078620000509544
2.005125000141561e-08;5.434865999850445e-08;2.504107000131626e-06;0.0012228270000196062
1.876882999931695e-08;5.4603259998839346e-08;2.3116339999251067e-06;0.001276059000083478
2.1681419998640193e-08;5.224937999737449e-08;2.1983430002001114e-06;0.0013223310001194478
1.7289875001006293e-08;5.439317999989726e-08;2.5122239999473096e-06;0.0014428890000272076
1.8617074999201577e-08;5.9501859999727455e-08;2.217380000074627e-06;0.0014779825000732672
1.6792315000202507e-08;5.964241999899968e-08;2.3310299997683612e-06;0.0013441755001258571
2.2294909998890943e-08;6.138987999875098e-08;2.1592590000363997e-06;0.0014224439999088645
1.8209909999859518e-08;5.536370000336319e-08;2.3958439999842083e-06;0.0013824020000174641
1.94380299988552e-08;5.809647999703884e-08;2.068479500012472e-06;0.0013377115000912454
1.7886195000028238e-08;5.5018400005064905e-08;2.0714790000056383e-06;0.0013046314999519382
1.8812389999220612e-08;5.303693999885581e-08;2.1405529999174177e-06;0.0013622625000425615
2.0273319999978412e-08;5.961448000161909e-08;2.8746989998035133e-06;0.0013254049999522977
1.9627070000569802e-08;6.399275999865495e-08;2.3479330001282504e-06;0.0012697290000505746
1.775105499982601e-08;6.035448000184261e-08;2.062724999850616e-06;0.0013310869999986607
2.0965649999561718e-08;6.405657999566756e-08;2.269574000092689e-06;0.0013192379999964032
2.081882999918889e-08;5.967016000067816e-08;2.2244439998758027e-06;0.0013416524999774993
1.9649574998766185e-08;6.12345399975311e-08;2.1004299999913203e-06;0.0014243809999607037
2.1927669999422506e-08;5.5263160000322383e-08;2.137990000192076e-06;0.0014151760000095236
1.905625500075985e-08;5.8646339998813344e-08;2.2136049999971872e-06;0.0014533215000119527
2.0370325000840238e-08;5.762651999830268e-08;2.176420000032522e-06;0.0013927444998989814
2.1675960000720807e-08;5.837460000184364e-08;2.1589324998785744e-06;0.0013342845000443048
2.2322770001483148e-08;6.350779999629594e-08;1.8530630000168457e-06;0.0013829279999481513
2.0576910002273507e-08;5.660636000102386e-08;2.1734319999814032e-06;0.0012951165001140908
2.0097960002021864e-08;4.9872340000001715e-08;2.380706999974791e-06;0.0014285380000364967
2.0385264999640638e-08;6.03787400003057e-08;2.134506999864243e-06;0.0014327260000573006
1.8999389999953564e-08;6.267478000372649e-08;2.114825999888126e-06;0.0013238985001225957
1.7652525000448805e-08;6.556394000072032e-08;2.100229000207037e-06;0.0012531555000168738
1.8808749999152497e-08;5.639595999964513e-08;1.8417925000539981e-06;0.0012607634998857975
1.6604305000510068e-08;5.691485999850556e-08;2.041698999964865e-06;0.0012902239999675658
2.0573690001037903e-08;5.378235999960452e-08;2.049206500087166e-06;0.0012905054999282585
1.891269000043394e-08;5.5746340000769123e-08;2.1790960000362245e-06;0.0012872009999409784
2.0715909998398273e-08;5.0295120000373575e-08;2.5774500000989065e-06;0.0013364084999193436
2.0824135000293608e-08;5.620964000117965e-08;2.583448000077624e-06;0.0012916290000430308
2.1766629998455757e-08;5.450579999596812e-08;2.4709530000109224e-06;0.0013746684999205172
2.0186280000780243e-08;6.548990000155754e-08;2.432783000112977e-06;0.0013168510000105015
1.9331824999244418e-08;5.922605999512598e-08;2.11756200005766e-06;0.001471507499954896
1.738307500054361e-08;6.591460000490769e-08;2.4709160000202245e-06;0.001433588000072632
1.8769659999816213e-08;5.24965799995698e-08;2.0472040001186542e-06;0.0014652944999397732
2.089671499998076e-08;5.839609999675304e-08;3.012612999882549e-06;0.0026352109998697415
2.0589710000785998e-08;5.860158000141382e-08;2.732841999968514e-06;0.0022806069999933244
2.235565000155475e-08;5.7722480001393706e-08;2.5340539999888276e-06;0.0026245000000926664
1.8887894999352284e-08;5.533388000330888e-08;2.9289449998759666e-06;0.00253283800004283
1.787694999948144e-08;5.4961300001014025e-08;2.754193000146188e-06;0.0024441259997547604
1.774330500047654e-08;5.440796000184491e-08;2.8499690000899134e-06;0.0022816600001533517
1.884165999945253e-08;5.8165619999635965e-08;2.943795000028331e-06;0.0025724109998554925
1.7154219999792986e-08;5.366071999887936e-08;2.434658000129275e-06;0.002208253999997396
1.756794499960961e-08;5.027142000035383e-08;2.8762359998654575e-06;0.0023160199998528697
1.767398000083631e-08;5.788623999687843e-08;2.7667510000173934e-06;0.0023699520001537167
1.765740000118967e-08;5.476815999718383e-08;2.699960999889299e-06;0.002400144999846816
1.638074500078801e-08;5.6172960001276806e-08;2.759102999989409e-06;0.002265385999926366
1.8003294999653008e-08;5.736208000453189e-08;2.761752000078559e-06;0.002433540000056382
1.8774815001233947e-08;5.776791999815032e-08;3.221357000002172e-06;0.002313428999914322
1.862782999960473e-08;5.183164000045508e-08;2.809616000158712e-06;0.0024556169999414125
1.989707500033546e-08;6.020267999847419e-08;3.263098000024911e-06;0.0025584060000255703
2.0484220000798816e-08;5.0018279999494554e-08;3.3201919999555687e-06;0.002715815999836195
2.005881000077352e-08;6.089653999661096e-08;3.141075999883469e-06;0.002639537999930326
2.051398000039626e-08;6.04230800003279e-08;2.9102179998881186e-06;0.0022355520000564865
1.8276714999228714e-08;5.424079999793321e-08;3.229418999981135e-06;0.0025513479998335244
1.8763749999925496e-08;5.3608220000751315e-08;3.1212250000680798e-06;0.0027332889998797328
2.0767040000646375e-08;6.08120399992913e-08;3.2865860001766123e-06;0.002588365999981761
2.1672124999167863e-08;5.9260319999884815e-08;3.382473999809008e-06;0.0025997700000880285
2.0951449999120086e-08;5.9293420001631606e-08;2.613184999790974e-06;0.002459521999990102
2.0308960000693333e-08;6.36009199952241e-08;3.4752040001330895e-06;0.0026006329999654553
1.997168500092812e-08;5.8017380000092086e-08;2.942525999969803e-06;0.0022795299999415876
2.0804900000803174e-08;5.772971999831498e-08;3.4154059999855235e-06;0.0023248790000798183
2.051565000147093e-08;5.525337999570184e-08;3.291232000046875e-06;0.0030155599999125114
1.6116129999863914e-08;5.104801999987103e-08;3.287979000015184e-06;0.0028241240000352265
1.8448575001093558e-08;5.446394000318833e-08;2.8478899999754505e-06;0.0024504830001387747
1.8598690000362693e-08;6.138049999717623e-08;2.9451300000073386e-06;0.002627619999984745
2.0468359999358654e-08;5.954715999541804e-08;3.2347780000418423e-06;0.00251957600004971
2.1424000000115485e-08;5.9523879998596386e-08;2.6179839999531398e-06;0.0023964580000028946
2.0327379999798723e-08;5.8818780002184215e-08;3.2435439998516815e-06;0.0028097580000758173
1.9353335000050718e-08;5.8177699998486786e-08;2.9292290000012146e-06;0.002699950999813154
2.2798679998959415e-08;6.157996000256389e-08;2.7428140002302826e-06;0.002348776999861002
2.2077260000514797e-08;5.954499999643303e-08;3.5218580000218935e-06;0.002370101000124123
1.7882744999951683e-08;6.894348000059835e-08;3.51179300021613e-06;0.0026265520000015386
2.1773030000622383e-08;4.7743739996803923e-08;3.3347859999048522e-06;0.0022252499999012797
1.987811500002863e-08;6.963189999805764e-08;3.0615140000008976e-06;0.002756426999985706
2.1235149999847636e-08;5.436976000200957e-08;2.7956570000969807e-06;0.002357635999796912
2.155989999882877e-08;5.875193999963813e-08;2.956650999840349e-06;0.0027578260001610033
2.0088425000722053e-08;6.160950000048615e-08;3.1940199999371543e-06;0.002376968000025954
1.9837529999495017e-08;5.319123999797739e-08;2.8461969998897986e-06;0.002662361999973655
2.1238565001112875e-08;6.384564000181853e-08;3.219952000072226e-06;0.0028491810002014973
1.740094999986468e-08;6.071974000078626e-08;2.791795000084676e-06;0.0022523109999019655
1.796911999990698e-08;6.03765400010161e-08;3.5871380000025967e-06;0.0028762299998197705
2.2303870000177993e-08;6.227186000323855e-08;2.632889999949839e-06;0.0029107539998949506
2.1368539999821223e-08;6.579149999888614e-08;3.2675020000897348e-06;0.002639488000131678
2.0042259999900125e-08;6.047212000121363e-08;2.7214859999367035e-06;0.002497791000059806
2.1519639997859486e-08;6.241779999691062e-08;3.1869159999769183e-06;0.0026054000001749953
1.892898500082083e-08;5.18506399996113e-08;2.764497000025585e-06;0.0024420899999677203
1.8278180000197608e-08;5.7889399997657165e-08;2.4499119998654352e-06;0.00262756400014041
1.8398465000791476e-08;6.146867999923416e-08;3.0167980000260285e-06;0.002388951000175439
2.2785440000006928e-08;6.546121999854221e-08;2.7269390001310967e-06;0.0025172659999225288
2.095046500035096e-08;5.6240360002266245e-08;3.315422000014223e-06;0.0025506169997970576
1.7499475000659004e-08;6.363457999541424e-08;3.168110999977216e-06;0.0026232660000096077
2.080300000088755e-08;5.815016000415198e-08;2.930585999856703e-06;0.002266001000243705
1.754771999985678e-08;6.210529999807478e-08;3.2689460000256077e-06;0.0024435179997817614
1.7813990000286138e-08;5.421451999573037e-08;3.356842999928631e-06;0.0025108780001755803
1.9351200001256074e-08;5.837062000064179e-08;2.7722920000087468e-06;0.002397073000029195
2.2148409998044372e-08;5.435719999950379e-08;3.171186000108719e-06;0.0025673330001882277
2.5953840001602656e-08;6.437258000369183e-08;2.86165900004562e-06;0.0025129340001149103
1.919488999992609e-08;6.411454000044614e-08;2.765345000079833e-06;0.0027422190000652336
2.2335389998625034e-08;5.748049999820069e-08;2.842457999940962e-06;0.002608579999941867
2.24949249997735e-08;6.108198000001722e-08;3.172574999916833e-06;0.002694271999935154
2.498141000105534e-08;6.234009999898263e-08;3.5643580000032672e-06;0.003067729999893345
2.125582000007853e-08;6.71156800002791e-08;3.1083939998643473e-06;0.002565745000028983
2.0273965000524187e-08;7.144370000460185e-08;3.4213710000040008e-06;0.002861982999893371
2.0245390001218767e-08;6.219845999730751e-08;2.9366709999158045e-06;0.002587184000003617
2.3601369999232703e-08;7.045984000433236e-08;3.6128179999650455e-06;0.00234327200014377
2.138347000000067e-08;6.005470000091009e-08;3.341218999994453e-06;0.0025694880000082776
2.4725479999324308e-08;6.725227999850177e-08;3.4110550000332296e-06;0.002658375999890268
1.884758999949554e-08;5.217485999455675e-08;3.354424000135623e-06;0.0026471739998669363
2.2255239999503827e-08;6.187476000050083e-08;2.9022019999683836e-06;0.002830772000015713
1.9664605001162272e-08;5.603337999782525e-08;3.129002999921795e-06;0.0025117110001156105
2.0230820000870154e-08;5.3385680000064894e-08;3.260178999917116e-06;0.00269297800026834
2.0374414999969303e-08;6.33445399987977e-08;3.1141319999005647e-06;0.002373558999970555
2.042734999995446e-08;5.814469999750145e-08;2.9865059998701328e-06;0.002467342000163626
1.8958575000579005e-08;6.3845999998739e-08;2.9257339998730457e-06;0.0026495849998900665
2.0318959999713116e-08;6.521744000492617e-08;3.024564000079408e-06;0.002618245999910869
1.7151030000241006e-08;6.770306000253186e-08;3.101050999830477e-06;0.0026964949999819508
1.814905499923043e-08;5.9102880000136794e-08;2.8068210001219993e-06;0.0023927620000904425
2.006455999799073e-08;6.032513999962249e-08;2.8729330000351183e-06;0.00249212200025795
2.398786999983713e-08;5.889627999858931e-08;3.0310129999998027e-06;0.0027597180000157096
1.840331999992486e-08;5.8033440000144765e-08;3.027540000039153e-06;0.0025473769998643546
2.1290905000932982e-08;5.180848000454716e-08;2.797056999988854e-06;0.002513954000023659
2.0996480000030714e-08;5.7235759997274724e-08;2.9386530001647772e-06;0.002335107999970205
1.7232764999789652e-08;6.392700000433251e-08;2.443937999778427e-06;0.0024366180002107283
1.799903499922948e-08;5.468819999950938e-08;2.654501000070013e-06;0.002527851000195369
2.05757400020957e-08;6.072904000175185e-08;2.8721719997702168e-06;0.002528374000103213
2.1039860000018962e-08;5.677572000422515e-08;3.0309090000810103e-06;0.0026734660001238807
1.7269110000052022e-08;5.5377180001232775e-08;2.9304520000005142e-06;0.002849630999844521
2.21896499991999e-08;6.343422000063583e-08;3.0591220001224427e-06;0.00252431400003843
1.8043025000952184e-08;5.5185779999010266e-08;2.9601089999778195e-06;0.0024811710001085884
1.8880020000506192e-08;5.746718000154942e-08;2.6779710000846536e-06;0.002554903000127524
2.165829000005033e-08;5.937233999720775e-08;2.963659999950323e-06;0.0024781179998535664
1.9121380000433418e-08;5.537451999844052e-08;3.0543419998139145e-06;0.002756676000135485
2.059226999990642e-08;6.568555999547243e-08;2.7069860001211055e-06;0.002473079999908805
1.645604999939678e-08;6.039710000040941e-08;2.81785699975444e-06;0.002478379000094719
1.6465425000933465e-08;5.395530000096187e-08;3.700544000021182e-06;0.003632371000130661
1.8928630001028068e-08;5.3889079997316003e-08;3.649394999956712e-06;0.003391418000101112
1.8444004999764728e-08;5.522910000290722e-08;3.7787199998274446e-06;0.003405536999925971
1.8611920000694225e-08;5.7933919999049975e-08;4.219696000218392e-06;0.0038723730001947844
1.8770634999964387e-08;5.5777479999233036e-08;3.5640459999558515e-06;0.0032750600000144912
1.8431064998731018e-08;5.6991000002017246e-08;3.4148539998568596e-06;0.0038517470000078904
1.8761115000233985e-08;5.366665999754332e-08;4.117362999822944e-06;0.003659511999867391
2.0806470001116395e-08;5.577002000063658e-08;3.346111999999266e-06;0.0038670310002635235
1.9709570000122768e-08;5.113770000170916e-08;3.686850999947637e-06;0.004083577999845147
2.2131180000724272e-08;5.6026840000413357e-08;3.779867999837734e-06;0.003889888999983668
1.932323500077473e-08;6.001080000423826e-08;3.825210999930278e-06;0.003800039000052493
1.8738514999859036e-08;6.02554599987343e-08;4.339320000144653e-06;0.003188031000026967
2.198954500054242e-08;5.278502000146545e-08;3.96606399997836e-06;0.003354533999809064
1.760451500013005e-08;6.428257999941706e-08;4.322765999822878e-06;0.0029319830000167713
1.8815495001035742e-08;5.8335100003751e-08;3.2281839998904615e-06;0.00371095200011041
1.8841005000285805e-08;5.646342000109144e-08;3.7033160001737995e-06;0.004071455999801401
1.6047489999618847e-08;6.024021999910473e-08;4.1777140001067895e-06;0.003269107000087388
2.0923839998431505e-08;5.035896000335924e-08;4.0767250000499185e-06;0.003616549999860581
2.0547509999596514e-08;6.271204000222497e-08;3.991263000061736e-06;0.003426698000112083
1.772187999886228e-08;5.845932000083849e-08;3.52928400010569e-06;0.0033048530001542533
2.1810500000719914e-08;6.079881999758072e-08;3.997400999942329e-06;0.0032528990000719204
1.939472000085516e-08;5.177409999887459e-08;4.096569999819621e-06;0.003576431999972556
2.2160569997504354e-08;5.7070179999573154e-08;3.727434999891557e-06;0.00318219400011003
2.077883500023745e-08;5.509631999884732e-08;4.257874000177253e-06;0.003304519999946933
2.0981464999204034e-08;6.810722000082024e-08;3.872383999987505e-06;0.003689608999993652
2.2288000001572074e-08;5.4527679999591784e-08;4.36724500003038e-06;0.00342255199997453
1.809100499958731e-08;5.908512000460178e-08;3.8243860000511635e-06;0.0041266259999247264
1.9562734999635722e-08;5.8162679994711656e-08;4.080423999694176e-06;0.004103676999802701
1.7837839999992866e-08;7.04312999965623e-08;4.262164999963715e-06;0.0039029340000706725
2.110557999985758e-08;6.175794000155293e-08;4.074184000201058e-06;0.003849587000149768
2.094844999955967e-08;5.6293240003287795e-08;3.624398999963887e-06;0.004355089999735356
2.0504225000331645e-08;6.087657999596559e-08;4.074874999932945e-06;0.0037112950001028364
2.0616279999376273e-08;5.574955999618396e-08;4.349640000145882e-06;0.004082924000103958
2.025372500065714e-08;5.201103999861516e-08;3.94095900002867e-06;0.004253885999787599
2.236672000144608e-08;6.728525999933481e-08;4.318225000170059e-06;0.0032662760000675916
2.0950929998070933e-08;6.276599999982864e-08;3.811823999858461e-06;0.0037270369997713716
2.2097359999315814e-08;5.596592000219971e-08;4.376084000105038e-06;0.0034127710000029766
2.1384280000347646e-08;6.239739999873564e-08;4.132528000045568e-06;0.0035140909999608993
1.911102000012761e-08;6.075547999935224e-08;4.320111999986693e-06;0.004073996000224725
2.1943670001928696e-08;6.535779999685474e-08;3.284377000236418e-06;0.0033321569999679923
1.872042000031797e-08;6.327961999922991e-08;4.030666000035126e-06;0.004253725000016857
2.1567649999633432e-08;6.287055999855511e-08;3.6010510000051e-06;0.0032591379998484628
1.834709499962628e-08;5.538646000204608e-08;3.560118000023067e-06;0.003602121000003535
2.2032289998605848e-08;6.588896000175737e-08;4.1147859999909994e-06;0.004488643999793567
2.222046999959275e-08;7.284411999862642e-08;4.32394999981625e-06;0.004390414000372402
2.128575499955332e-08;5.879862000001594e-08;4.1431740002008155e-06;0.0038392399999429474
2.5336760000209323e-08;6.299757999950089e-08;4.677971999626607e-06;0.004213216000352986
2.2014950000448153e-08;5.4722840001340954e-08;3.820504000177607e-06;0.003825943999981973
2.224362000124529e-08;6.239772000117227e-08;4.322570999793242e-06;0.004134366000071168
2.1432410000124945e-08;5.8169080002699046e-08;3.5730940001667477e-06;0.003677183999971021
2.114970000111498e-08;5.98167199990712e-08;4.448029999621213e-06;0.00460095199989155
2.2090620000381023e-08;6.93989599996712e-08;4.4165540000540206e-06;0.0041057659999933094
2.198966500000097e-08;6.242238000268117e-08;3.935035000031348e-06;0.004128210000053514
1.8495290000282695e-08;6.238033999688923e-08;3.898063000233378e-06;0.0035552610000013376
2.23618100018939e-08;5.999132000142709e-08;4.415034999838099e-06;0.00420237599988468
2.3038009999436327e-08;5.5403120000846684e-08;3.3103669999400155e-06;0.0034315239998977632
2.0237800001632422e-08;6.37198000040371e-08;4.667393999989144e-06;0.003311231999832671
1.7811990001064258e-08;6.064702000003308e-08;4.392933000053744e-06;0.004176474000269081
2.1130690001882613e-08;6.467393999919296e-08;3.4522120002657177e-06;0.0036795589997200297
2.0085580000886695e-08;5.710710000130348e-08;4.311211000022013e-06;0.0042370840001967735
2.3601210000924766e-08;7.445842000306584e-08;4.423119999701157e-06;0.004044480000156909
1.99656299999333e-08;6.287731999764219e-08;4.1063870000652965e-06;0.003099876999913249
1.8617850000737236e-08;6.187713999534026e-08;4.595277999760583e-06;0.003666044999845326
2.451361999846995e-08;6.698188000009395e-08;4.451874000369571e-06;0.003850467999873217
2.1728009999787902e-08;6.223947999533266e-08;4.031770000001416e-06;0.0038976299998466856
2.0928729997831395e-08;7.080634000012651e-08;4.006712000118569e-06;0.003785304000193719
1.9724579999456183e-08;6.218393999733962e-08;4.817899999907241e-06;0.003301173999789171
2.198334000131581e-08;5.993840000010095e-08;3.990100999944843e-06;0.003519038999802433
2.0265459999791346e-08;6.166465999558568e-08;4.183004999940749e-06;0.0036008950002724303
2.219596999930218e-08;6.832767999731004e-08;4.678855999954976e-06;0.003652033999969717
2.3905970001942478e-08;7.279420000268146e-08;4.21530999999959e-06;0.0040971469998476095
2.1287560000200757e-08;6.320946000050754e-08;4.49809399957303e-06;0.004387254000175744
1.7610034999961498e-08;6.272829999797978e-08;4.004788000020198e-06;0.002927741000021342
2.172965000208933e-08;5.510364000219852e-08;4.207493999856524e-06;0.0037653800001135095
1.9079209999472367e-08;6.727297999896109e-08;4.911940000019968e-06;0.003958425000018906
1.7477455000334883e-08;5.897319999639876e-08;3.7244209999334997e-06;0.0036918060001335106
2.294365999987349e-08;5.9557740000309425e-08;4.000477000081446e-06;0.0036595169999054634
2.000897499965504e-08;7.089418000541628e-08;4.091842999914661e-06;0.004061562999850139
2.2276920001604594e-08;6.759249999886379e-08;4.1785910000908185e-06;0.003937207999988459
2.0011560001876204e-08;5.643062000162899e-08;4.154050000361167e-06;0.0031931429999531246
2.3231970000779257e-08;6.479393999907188e-08;3.7373150000348685e-06;0.0044157239998457954
2.013368000043556e-08;5.986381999682635e-08;4.468830000259914e-06;0.003240038999938406
2.1483470001840032e-08;6.83346599980723e-08;3.347895999904722e-06;0.004460921999998391
2.038417000148911e-08;5.7368080003652724e-08;4.272044000099413e-06;0.0035616440000012517
2.1337149999453686e-08;6.265419999836013e-08;4.120013999927323e-06;0.004422574000200257
2.2981269998126663e-08;6.644701999612152e-08;3.975535000208765e-06;0.003686625999980606
2.2080779998213985e-08;5.884799999766983e-08;3.8270289998035876e-06;0.004205600999994203
2.2398419998353346e-08;6.57193000020925e-08;3.4704169997712597e-06;0.00434973000024911
2.2396000000298954e-08;6.460199999855831e-08;4.4870380000793375e-06;0.003794603999995161
2.475884000014048e-08;6.311428000335581e-08;4.147537999670021e-06;0.0037553570000454783
2.1156100000371225e-08;7.188331999932415e-08;3.381766999955289e-06;0.003697993000096176
1.94778299992322e-08;6.365807999973186e-08;3.897236000047997e-06;0.0033544020002591424
2.022614000015892e-08;6.61011399992276e-08;4.070825999951921e-06;0.0043735879997257145
1.8267580000974704e-08;6.490022000507452e-08;4.395452999742701e-06;0.003363109999918379
1.9022565000341273e-08;5.711952000274323e-08;4.4032640004297715e-06;0.0033400870001059958
1.7992465000133963e-08;6.464093999820761e-08;3.92569799994817e-06;0.0034626659998320975
1.8559074999939184e-08;5.352328000008129e-08;3.542883000045549e-06;0.0031797499998356214
2.184541000169702e-08;5.705166000407189e-08;3.4179609999409878e-06;0.003708298000274226
2.0310349999635945e-08;6.574428000021726e-08;4.245842000236735e-06;0.004112126000109129
2.0876750000752508e-08;6.299290000461042e-08;3.67439200024819e-06;0.0033826219997718
2.0823730001575314e-08;7.22741000005044e-08;5.360099999816157e-06;0.004076333999983035
1.9227650000539143e-08;7.608739999704994e-08;4.558426000003237e-06;0.004381448000203818
1.8501704999653158e-08;7.630894000176341e-08;4.095097999670543e-06;0.0038754529997822827
1.7819649999728428e-08;6.883960000122897e-08;4.5389040000736715e-06;0.004130991999991238
2.2051369998371227e-08;6.554597999784164e-08;5.0039359997026624e-06;0.004236005999846384
1.6904545000579674e-08;6.855567999882624e-08;4.8179640003945676e-06;0.00405770399956964
1.9210235000355168e-08;6.904252000385895e-08;4.866176000214182e-06;0.005129155999748036
2.1613225000328383e-08;6.674914000323043e-08;4.294261999893934e-06;0.004264560999872629
2.07865899981698e-08;6.626042000134476e-08;4.990292000002228e-06;0.004701210000202991
2.0439700002316387e-08;6.554360000300221e-08;4.676158000365831e-06;0.004851071999873966
2.0911329999216832e-08;6.207436000113375e-08;4.65697999985423e-06;0.00457778199983295
2.278119999973569e-08;6.217748000053688e-08;4.238490000134334e-06;0.004564989999635145
2.1986505000677426e-08;6.59793000028003e-08;4.101231999811716e-06;0.004206726999836974
1.9758480000018606e-08;6.537093999795615e-08;4.109240999969188e-06;0.0046235659997910265
1.6955500000040048e-08;6.653001999948174e-08;4.358418000047095e-06;0.004300643999595195
1.9010849999904165e-08;6.673292000195943e-08;4.428760000155307e-06;0.0046331019996432585
1.7604980000760405e-08;6.42028999980539e-08;4.008488999970723e-06;0.004204509999835864
2.0402120001381264e-08;5.833328000153415e-08;4.451965999905952e-06;0.004996976000256836
1.9060334999812767e-08;7.94813400018029e-08;4.175609999801964e-06;0.0045964980003191155
2.278408000129275e-08;7.596849999972619e-08;4.825041999574751e-06;0.004049050000030547
2.1592259997851216e-08;7.321107999887317e-08;4.018303999910131e-06;0.0036959429999114946
1.9438620000437368e-08;7.152740000165068e-08;4.416477999766358e-06;0.004088323999894783
1.8800759999430738e-08;6.34749400021974e-08;4.146197999943979e-06;0.0040080419997684654
1.7058950000500773e-08;6.624029999948107e-08;4.407321999897249e-06;0.0040378530000452885
1.771014000114519e-08;6.331264000036754e-08;4.097689999907744e-06;0.004282849000010174
1.8640350000350737e-08;6.803523999988102e-08;4.14323000004515e-06;0.003968187999853399
1.7749250000633765e-08;7.014121999964119e-08;4.439092000247911e-06;0.004046252999978605
1.7577870000968687e-08;6.888760000001639e-08;3.981634999800008e-06;0.0038834700000006704
1.868747000116855e-08;6.505094000021927e-08;4.236347999540158e-06;0.004459898000350222
1.8637820000003557e-08;6.669952000374906e-08;4.586998999875505e-06;0.004407194000086747
1.765843000030145e-08;6.365064000128769e-08;4.758984000072814e-06;0.00459121200023219
1.7334730000584386e-08;6.144034000462852e-08;4.611807999899611e-06;0.004045774000114761
1.9614655000623317e-08;6.442660000175238e-08;4.254815999884158e-06;0.004662133999518119
2.1879419998731464e-08;7.095790000166744e-08;4.433436000254006e-06;0.0044056959997396915
2.027646999922581e-08;7.885840000235475e-08;4.923178000026383e-06;0.004589282000088133
2.360538000066299e-08;6.681582000455819e-08;4.668164000031538e-06;0.004461571999709122
2.036690500099212e-08;6.708852000301704e-08;4.186264000018127e-06;0.004267211999977007
2.163577000028454e-08;6.391717999940738e-08;5.898444000049494e-06;0.004932795999920927
2.0034574999590404e-08;7.094361999770626e-08;4.42029999976512e-06;0.0046388200001092625
1.9481074999202973e-08;7.006280000205151e-08;4.270906000165269e-06;0.004950533999945037
1.9680669999797827e-08;7.020142000401393e-08;4.297209999640473e-06;0.004238404000061564
1.792079000006197e-08;6.87115199980326e-08;4.163514000247233e-06;0.004016642000060529
2.1573690000514035e-08;7.003291999571956e-08;4.121499999891966e-06;0.004803875999641605
2.0196129998657853e-08;7.852974000270479e-08;4.748193999985233e-06;0.004651234000339173
2.3483189998660236e-08;8.008923999732361e-08;4.264145999914035e-06;0.004615280999860261
1.8346144999668467e-08;6.867784000351094e-08;4.184064999863039e-06;0.004116988000459969
2.0203029998810963e-08;8.040386000066064e-08;4.448221999919042e-06;0.0037600439999368974
2.140556999947876e-08;7.123283999972045e-08;4.385836000437848e-06;0.004466995999682695
2.038587999995798e-08;6.84743600024376e-08;4.584936000173911e-06;0.004504328000475653
1.779073500074446e-08;6.434773999499157e-08;4.39533400000073e-06;0.004192375999991782
1.9906724999600557e-08;6.310181999579072e-08;4.3887579999864105e-06;0.004234654000028968
1.6316559999540913e-08;6.761259999475442e-08;4.346985999727621e-06;0.0045747979998122905
1.518978999956744e-08;7.219777999562212e-08;4.9741339997854085e-06;0.004377176999987568
1.662780000042403e-08;7.659751999890431e-08;4.2099660000531e-06;0.004859030000516213
2.0325150000280702e-08;7.034802000271156e-08;4.462684000027366e-06;0.004089716000016778
2.1122739999555053e-08;7.300110000069253e-08;4.14113599981647e-06;0.004627223999705166
2.1498910000082107e-08;6.416961999493651e-08;5.285751999472268e-06;0.005922699999646283
2.2926404999452644e-08;7.361747999675572e-08;5.4159280000021684e-06;0.0051479299995116886
2.2707199997967108e-08;8.057278000051155e-08;4.1887980001047254e-06;0.0050760140002239496
2.179271000204608e-08;7.886658000061288e-08;5.016334000392817e-06;0.005182578999956604
2.223468999727629e-08;7.965188000234776e-08;5.225653999950736e-06;0.004570812999736518
2.0999404999020044e-08;7.397424000082538e-08;4.640825999667868e-06;0.004670764000038617
2.169006000040099e-08;7.335791999939829e-08;4.452487999806181e-06;0.0049326479999581355
2.004449500091141e-08;7.753559999982827e-08;4.697438000002876e-06;0.004295149999670685
1.751149500050815e-08;7.092796000069938e-08;4.692597999819554e-06;0.004861371999722906
1.8153329999768174e-08;7.774717999855056e-08;4.803679999895394e-06;0.00435148200020194
2.3205229997984133e-08;7.87207200017292e-08;5.0262640003347766e-06;0.005223316000192426
2.0298649999313056e-08;6.992463999777101e-08;4.322449999745004e-06;0.004745947999763303
2.2281034999468828e-08;8.643111999845132e-08;4.162040000082925e-06;0.005499306000419892
2.2157525000511667e-08;8.246523999841884e-08;5.055493999971077e-06;0.0052825299999676644
2.16831199999433e-08;7.141777999931947e-08;4.951485999627039e-06;0.004863145999843254
1.982667999982368e-08;7.313559999456629e-08;4.8950460000196475e-06;0.005456709999707527
2.1321980000357144e-08;7.432973999530077e-08;4.284377999720164e-06;0.004157996000139974
2.1784630001639016e-08;7.28508799977135e-08;4.445898000267334e-06;0.005053225999581627
2.343510999926366e-08;7.473224000423215e-08;5.363682000315748e-06;0.005143714000005275
2.0136259999708273e-08;7.4227940000128e-08;4.774531000002753e-06;0.0049446240003453565
2.10106899990933e-08;7.518083999748342e-08;5.071981999790296e-06;0.005313315999810584
2.1282030001748353e-08;7.455470000277273e-08;4.583086000056937e-06;0.005068711999920197
2.2992515000805724e-08;7.142126000253483e-08;4.422433999716304e-06;0.0042621700000017885
2.1189780000713654e-08;7.566996000241488e-08;4.035195999895223e-06;0.004672425999888219
2.0211164999636822e-08;8.7229120003758e-08;4.3496199999935926e-06;0.00433372600004077
2.465203999890946e-08;7.420629999833182e-08;4.812894000206143e-06;0.0050949899997795
2.125127000035718e-08;8.350312000256964e-08;4.927290999912657e-06;0.005265500999812502
2.1510449999186676e-08;7.99951599969063e-08;5.447621999774128e-06;0.004645153999445028
2.052306999976281e-08;7.632586000254377e-08;4.99474200012628e-06;0.005382252000272274
2.1624489998794162e-08;7.356148000108079e-08;4.350535999983549e-06;0.004414422000118066
2.2339389999979176e-08;5.578680000035092e-08;5.069469000154641e-06;0.005734507999732159
2.19975300016813e-08;8.655951999826356e-08;4.726114000077359e-06;0.004271559999906458
2.343222000054084e-08;7.683795999619178e-08;5.021077999845147e-06;0.005223209999967366
2.0678860000043643e-08;7.340540000004694e-08;4.9933439999585975e-06;0.005400473999907262
2.204288499924587e-08;7.27619200013578e-08;4.676457999739796e-06;0.00513318800018169
2.312740500055952e-08;6.855425999965519e-08;5.266799999517389e-06;0.005409268000512384
2.2230650001438335e-08;7.960301999701187e-08;4.2173780000302944e-06;0.0053641240001888945
2.171604000031948e-08;8.028666000464e-08;5.121361999772489e-06;0.005374930000398308
2.19907399994554e-08;8.712868000147864e-08;5.607754000229761e-06;0.00518473400035873
2.4912979998043737e-08;7.423756000353023e-08;5.600484000169672e-06;0.004792358000413515
2.0524969999678432e-08;6.321026000077837e-08;4.728784000035375e-06;0.004908308000303805
1.89995299995644e-08;7.478076000115835e-08;5.903336000046693e-06;0.004796816000016406
1.9453759999305476e-08;7.156442000414245e-08;5.022651999606751e-06;0.0050637379998806865
2.0661970000946894e-08;8.656626000301913e-08;5.048654000274837e-06;0.0041794719995232295
1.863517000019783e-08;6.028309999965132e-08;3.1138470000587404e-06;1.4258845000586007e-05
2.0212160001392476e-08;6.507719999644906e-08;2.5930890001473017e-06;1.4061865000985563e-05
2.134009999863338e-08;5.219642000156455e-08;3.043617999937851e-06;1.3169335000566206e-05
2.193350999732502e-08;7.25667999999132e-08;2.6694279999355786e-06;1.3335899999947288e-05
2.327415000181645e-08;5.3179460001410916e-08;2.3152259999187663e-06;1.3379724998958409e-05
1.802882000047248e-08;6.705558000248857e-08;3.064689000020735e-06;1.3963700000022072e-05
2.2622499999124558e-08;6.335513999802061e-08;2.541268999921158e-06;1.2984379999397788e-05
1.8003439999301916e-08;6.346512000309304e-08;3.0187540000770243e-06;1.1939444999734405e-05
2.067914500075858e-08;5.776767999632284e-08;2.5288049998925998e-06;1.2793750000128057e-05
2.0453055000689345e-08;6.197899999679066e-08;2.934385999978986e-06;1.2365794999641367e-05
2.1051699999952688e-08;6.879780000308529e-08;2.7273470000363885e-06;1.377294499980053e-05
1.713146999973105e-08;6.275957999750972e-08;3.0413739997311496e-06;1.2359134999860544e-05
2.3648655001306907e-08;6.224815999739803e-08;2.6492070002132096e-06;1.226782499870751e-05
2.1559519998845645e-08;5.394197999848984e-08;2.8551190000143833e-06;1.3593494999804534e-05
2.0557120000012218e-08;5.9364939999068155e-08;3.0792559997644274e-06;1.2629559999913908e-05
2.6174539999919942e-08;6.37763399980031e-08;3.168784999870695e-06;1.3779749999230262e-05
2.139849000086542e-08;5.181874000118114e-08;3.521515000029467e-06;1.364173500041943e-05
2.188501000055112e-08;6.79431399970781e-08;2.9875290000927636e-06;1.2964515000930988e-05
2.2353359998669474e-08;5.7354040001519026e-08;3.230125000118278e-06;1.2389334999897983e-05
1.8420920000062324e-08;7.515686000115239e-08;3.256282999936957e-06;1.3043969999125693e-05
2.1360129999811763e-08;7.275338000035845e-08;2.803094999981113e-06;1.2781059999542776e-05
1.847833000065293e-08;5.4450680001173167e-08;2.7662349998718128e-06;1.3032994999957737e-05
2.133973000018159e-08;6.173048000200652e-08;2.7142429997911677e-06;1.3789964999887161e-05
2.1515994999208488e-08;7.353297999943607e-08;3.1980540000949985e-06;1.2584290000086184e-05
1.7897670000093058e-08;6.777804000303149e-08;3.2009170000674204e-06;1.3519494999491145e-05
2.243008999794256e-08;6.63996200019028e-08;3.1045979997725228e-06;1.383452500012936e-05
2.1621780001441947e-08;6.044376000063494e-08;3.265022000123281e-06;1.258964000007836e-05
2.1973290000460112e-08;6.249948000186123e-08;3.443782999820542e-06;1.291602499986766e-05
1.9965760000923184e-08;6.398145999992267e-08;2.4513520000618883e-06;1.3194914998894092e-05
2.0077244999993128e-08;5.803293999633752e-08;2.9644700000062585e-06;1.3452320000214968e-05
2.447948000044562e-08;5.8955440000863744e-08;3.521069999842439e-06;1.3585219999367837e-05
2.3811180001939648e-08;6.93712999986019e-08;3.180763999989722e-06;1.3770710000244434e-05
2.0948769999085926e-08;6.833857999881729e-08;2.621983000135515e-06;1.3893134999671019e-05
2.1300829999381678e-08;7.445502000045963e-08;3.386731999926269e-06;1.2946675000421237e-05
2.4395249999361114e-08;6.295389999868348e-08;3.423676999809686e-06;1.2448284999118186e-05
2.452493000018876e-08;6.568708000122569e-08;3.203813000000082e-06;1.262519500014605e-05
2.1495959997992032e-08;5.417710000183433e-08;2.540364000014961e-06;1.234318000060739e-05
1.8949025000620168e-08;6.265785999712534e-08;2.8045010002097116e-06;1.340693999954965e-05
2.0288139997865074e-08;5.379157999996096e-08;3.283633000100963e-06;1.3718335000157822e-05
1.896936999983154e-08;6.15079200011678e-08;2.670576999953482e-06;1.3895240001147613e-05
1.7770435000420548e-08;5.866891999612563e-08;2.464724000019487e-06;1.1976439999125432e-05
1.899491499934811e-08;5.381285999901593e-08;2.4870120000559838e-06;1.268269499996677e-05
2.077636000176426e-08;5.989683999796398e-08;2.811871999874711e-06;1.1439914999937174e-05
1.9992684999306222e-08;6.589709999971091e-08;2.7327409997815267e-06;1.2703260000853333e-05
1.9811494999157732e-08;5.520760000217706e-08;3.130300999910105e-06;1.2287305000063497e-05
2.001894999993965e-08;5.194588000304066e-08;2.8312790000927636e-06;1.3837294999393635e-05
2.085091999906581e-08;5.913325999863446e-08;3.1020460001309404e-06;1.3708329999644776e-05
1.7879604999325237e-08;5.959636000334285e-08;2.621323999774177e-06;1.1985025000467431e-05
2.1756814999389463e-08;6.119492000434548e-08;3.0658009997569026e-06;1.2538204999873414e-05
1.800848999992013e-08;6.028212000383064e-08;3.5607619999791495e-06;1.2225670000771061e-05
2.1525429998291658e-08;6.780197999905795e-08;2.4942710000323133e-06;1.257424999930663e-05
2.0125514999381268e-08;5.576823999872431e-08;2.610589000105392e-06;1.3029795000329614e-05
1.8554915000277105e-08;5.006949999951757e-08;2.7729779999936e-06;1.3176400000520517e-05
2.022237000055611e-08;5.731048000161536e-08;2.48358900018502e-06;1.1695424999925309e-05
1.5880325000034644e-08;5.823252000263892e-08;2.2978040002635682e-06;1.2097369998809881e-05
2.023953000025358e-08;5.718456000322476e-08;2.8405869999551215e-06;1.1898810000275261e-05
1.9878935000451748e-08;6.418231999850832e-08;3.062947999860626e-06;1.3543149999168237e-05
2.1445050000329503e-08;6.379681999678724e-08;2.7461429999675603e-06;1.211092000012286e-05
2.1404604999406728e-08;5.597849999903701e-08;3.035115999809932e-06;1.2642990000313148e-05
2.0151759998407214e-08;6.02902400016319e-08;2.8182200001901946e-06;1.1564329999964685e-05
1.6027625001152047e-08;5.60583200014662e-08;2.595564000075683e-06;1.2293464998947456e-05
1.852260000014212e-08;5.405748000484891e-08;2.360088000132237e-06;1.3112180000462104e-05
1.601362499932293e-08;5.483419999945909e-08;2.9355829997803085e-06;1.3274854999326635e-05
1.8742570000176785e-08;5.063409999711439e-08;2.4793350000982173e-06;1.2746820000756998e-05
1.8673129999660885e-08;5.791670000180602e-08;2.449532999889925e-06;1.2277234999055508e-05
2.0170005000545644e-08;5.6901980005204676e-08;2.4877949999063277e-06;1.2255530001129956e-05
1.8561030000273604e-08;5.7336340000620115e-08;2.4076030001742765e-06;1.1847655000747182e-05
1.7425824998645112e-08;5.604684000136331e-08;2.7968010000768118e-06;1.2351900000066962e-05
1.8063074999372476e-08;5.1855219999561085e-08;2.62709900009213e-06;1.1961660000088159e-05
1.8765599999460393e-08;5.6679920002352445e-08;2.7176270002382807e-06;1.242703000025358e-05
2.0372260001022368e-08;5.692091999808326e-08;2.445716999936849e-06;1.2783324999327305e-05
1.8119684999692254e-08;5.634196000173688e-08;2.596532999887131e-06;1.2160889999358915e-05
1.8342044999008066e-08;5.718565999995917e-08;2.7759849998983556e-06;1.2709345000621397e-05
1.7358829999284352e-08;5.640824000001885e-08;2.6355629999306986e-06;1.2185799999861047e-05
1.722548500110861e-08;5.580171999754384e-08;2.4923610000405462e-06;1.22629199991934e-05
1.957579000008991e-08;5.524812000221573e-08;2.4019959999714045e-06;1.2311864999355747e-05
1.815243000019109e-08;5.177317999769002e-08;2.388836000172887e-06;1.2693835000391119e-05
1.9424949999665843e-08;5.324529999634251e-08;2.3512890000711196e-06;1.2490579999575857e-05
1.964468499936629e-08;4.986597999813966e-08;2.425177999830339e-06;1.239460000069812e-05
1.6752199998882133e-08;5.785780000151135e-08;2.697210000187624e-06;1.3295275000564288e-05
1.7729890000191517e-08;5.751557999756187e-08;2.6071780000347644e-06;1.2022075000277255e-05
2.0399840001482515e-08;5.639545999583788e-08;2.612234999833163e-06;1.2266844999976456e-05
1.9339040000340902e-08;5.4433920001611113e-08;2.437060000083875e-06;1.2547060000360944e-05
1.7442570001003332e-08;5.1670859998557716e-08;2.77171299996553e-06;1.2447819999943021e-05
2.076420999947004e-08;5.355206000385806e-08;2.3870590000296943e-06;1.1666310000873636e-05
1.7863594999653286e-08;5.898215999477543e-08;2.6227040000958367e-06;1.2757194999721833e-05
1.7471640001167543e-08;5.8502099994802846e-08;2.5984070001868533e-06;1.1884465000184718e-05
1.589696000010008e-08;6.454952000058256e-08;2.369284000014886e-06;1.272737999970559e-05
1.8968414999835657e-08;5.438649999559857e-08;2.5517470002523623e-06;1.3101140000799204e-05
1.8197459999646524e-08;5.418114000349306e-08;2.8144210000755266e-06;1.2491460000455846e-05
1.7324084999563637e-08;5.234067999990657e-08;2.8289659999427387e-06;1.2184005000744946e-05
1.6557695000665262e-08;5.2482039999449626e-08;2.3903370002517477e-06;1.2394494999898598e-05
2.1135090000461788e-08;5.453799999668263e-08;2.7011990000028162e-06;1.4022145001217722e-05
1.9512184998893645e-08;6.13917600014247e-08;2.7639019998605364e-06;1.268013999942923e-05
1.971804500062717e-08;5.535855999914929e-08;2.882050999905914e-06;1.3512160000391305e-05
2.0026644998870323e-08;6.253613999579102e-08;2.8990540001541375e-06;1.2874670000746846e-05
2.2971719998167827e-08;6.365933999768459e-08;2.6902040001004935e-06;1.3129744998877868e-05
2.0323449998977595e-08;6.505422000191174e-08;2.4825540001620537e-06;1.3308305000828113e-05
2.2401479998370634e-08;5.973267999943345e-08;2.6429429999552668e-06;1.2861605000216514e-05
1.8229764999705368e-08;4.9706540000624953e-08;2.9636909998953343e-06;1.30422100002761e-05
2.0870745000138414e-08;6.798125999630428e-08;4.405914000235498e-06;0.005631159999757074
2.1558434999315068e-08;6.349435999873094e-08;4.450851999572478e-06;0.004781416000332684
2.155780000030063e-08;6.55085600039456e-08;4.6938060002867135e-06;0.004959410000010394
2.0475839998107404e-08;6.592003999976442e-08;4.178220999892801e-06;0.005608760000322946
1.8944790000387003e-08;5.267632000031881e-08;4.008493000001181e-06;0.005149321999633685
1.7826284999318888e-08;6.119813999976031e-08;4.087502000038512e-06;0.005138904000050388
2.1862860000692307e-08;5.232913999934681e-08;4.072454000124708e-06;0.005430028000264428
1.75731449999148e-08;6.385728000313975e-08;4.6528960001887755e-06;0.0051261199999134985
2.0258719997946173e-08;6.274291999870912e-08;4.0887400001520295e-06;0.005593530000187457
2.0495049998862668e-08;5.39933199994266e-08;4.9215780000668015e-06;0.005242586000240408
1.854855999990832e-08;5.409442000091076e-08;4.478052000049501e-06;0.005173452000017278
1.891013999993447e-08;6.018254000227898e-08;4.5092119998298585e-06;0.004637703999760561
2.364577999978792e-08;6.22540400014259e-08;4.9138679995667186e-06;0.005324428000021726
1.598877500073286e-08;5.338217999669723e-08;4.375618000049144e-06;0.005098107999656349
2.0816419999755453e-08;6.951405999716371e-08;4.026438000146299e-06;0.005146885999711231
1.8019009999989065e-08;5.712035999749787e-08;4.368298000190407e-06;0.004738095999928191
1.7461155001365112e-08;5.4792119999183345e-08;4.2482100002234804e-06;0.005717984000220895
1.855391499993857e-08;5.541489999741316e-08;4.592779999948106e-06;0.00534816800034605
2.1810369999730028e-08;5.668286000145599e-08;4.04774599999655e-06;0.00517489799996838
1.8656464999367016e-08;4.888804000220262e-08;3.951989999914076e-06;0.005266952000092715
1.9110369999543763e-08;6.147652000072413e-08;4.090818999975454e-06;0.005396140000084415
2.142790000070818e-08;5.491879999754019e-08;3.952015000104438e-06;0.005442304000025615
1.6482014999201056e-08;5.489657999714837e-08;4.1419400001177566e-06;0.005146930000046268
1.8261179998808074e-08;5.8012380002764986e-08;3.909485999902244e-06;0.00483189599995967
1.969699000037508e-08;5.4616139997961e-08;4.337040999962483e-06;0.004856042000465095
1.9468269999197217e-08;6.275232000043616e-08;4.054596000351012e-06;0.0051077419996727255
1.983705500024371e-08;6.832647999981419e-08;4.5185419998597355e-06;0.00492640400014352
1.9596284998988266e-08;6.26514000003226e-08;5.066723999916576e-06;0.005043180000502617
2.079446999996435e-08;6.700652000145055e-08;4.631601000146475e-06;0.005300495999981649
1.907578999962425e-08;6.038681999780238e-08;4.365881999838166e-06;0.004922445999691263
1.760422500083223e-08;6.391150000272318e-08;4.8511000000871716e-06;0.005956827999907546
2.3577639998984522e-08;5.5151939997449515e-08;4.527710000402294e-06;0.005324820000096224
1.8402904999675228e-08;5.4995820001931864e-08;4.194789000030142e-06;0.0048909359995741395
2.315676000143867e-08;6.739756000461057e-08;4.861755000019912e-06;0.0047709020000183955
2.1997880001435987e-08;5.820472000050358e-08;4.572456000023522e-06;0.005176442000083626
1.8096014999900944e-08;5.2627420000499114e-08;4.030109999876003e-06;0.00493142599996645
2.221494999830611e-08;5.0206219998653976e-08;4.281386000220664e-06;0.004573949999758043
1.92886049990193e-08;5.821109999669716e-08;4.059728000138421e-06;0.005098149999976158
2.0520144999318292e-08;6.163195999688469e-08;4.727438000263646e-06;0.005132882000179961
1.6849684999033344e-08;5.409407999832183e-08;4.354148000129499e-06;0.004742489999625832
1.789445500035072e-08;5.6593839998822656e-08;4.230269999825396e-06;0.005221795999677852
1.696650999947451e-08;5.30678800016176e-08;4.774327999912203e-06;0.005636155999964103
2.3677310001221485e-08;5.781457999837585e-08;4.1304279997712005e-06;0.005119764000410214
1.7535674999817274e-08;5.660367999807931e-08;4.80808899999829e-06;0.005872848000144586
1.8306910000683275e-08;5.218860000022687e-08;4.1134759999113155e-06;0.0049152239999966695
2.180934000061825e-08;6.632249999674969e-08;4.205111000046599e-06;0.0054687119997106496
2.0927980000851676e-08;5.460079999756999e-08;4.066835999838077e-06;0.005383929999661632
2.092057000263594e-08;5.976315999869257e-08;4.252394000068307e-06;0.004776650000130758
1.6281090000120458e-08;5.8316959999501706e-08;4.930887999944389e-06;0.005646089999936521
2.0152829999278765e-08;5.2947100001620126e-08;4.358455000037793e-06;0.005116862000431865
2.0925360001274384e-08;5.091559999855235e-08;4.310636000009254e-06;0.005041080000228249
2.110808999859728e-08;5.951746000209823e-08;4.613694000290707e-06;0.005452612000517547
1.6934395000862423e-08;5.3171579999616367e-08;4.047365000005811e-06;0.005679444000124931
2.330278000154067e-08;6.429642000002787e-08;4.530092000495642e-06;0.0057384500000625845
2.0767884999804664e-08;6.188513999804855e-08;4.0130779996979984e-06;0.004619991999934427
1.971536000055494e-08;7.373366000247188e-08;4.946676999970805e-06;0.005107215999742038
2.17896699992707e-08;6.452438000123948e-08;5.4895780002698306e-06;0.005260925999609753
2.0647644999553448e-08;5.328250000020489e-08;4.7513039998011665e-06;0.004717607999918982
1.8409434999921358e-08;6.688059999723918e-08;4.045873999712057e-06;0.005904274000204168
2.477630999928806e-08;6.611202000058256e-08;4.968847999698483e-06;0.005623452000436373
2.2021445000427774e-08;6.782816000049934e-08;5.012258000206202e-06;0.00522618799994234
2.076836999913212e-08;6.572249999735505e-08;4.881222999829333e-06;0.005530655999900773
2.153223499917658e-08;6.536634000367485e-08;4.4684079999569805e-06;0.005202194000012241
1.8400544999167325e-08;5.7915599999250844e-08;4.096189999836497e-06;0.005015511999954469
2.113855999923544e-08;5.701274000457488e-08;4.226225999882445e-06;0.005605931999743916
2.079158000124153e-08;6.052185999578797e-08;4.1361249997862615e-06;0.004650366000132636
2.2306140000000595e-08;5.568370000110008e-08;4.015428000129759e-06;0.005256081999978051
1.8733749999955763e-08;5.595139999641105e-08;4.9189279999700374e-06;0.005912682000198402
2.1012380000320263e-08;6.385529999970459e-08;4.29155499994522e-06;0.005071344000170939
2.0419530000071974e-08;5.7249340001726526e-08;3.877189999911934e-06;0.005473812000127509
1.8615485000191255e-08;6.200358000351117e-08;4.2812530000810515e-06;0.005442129999864847
2.3854429999482818e-08;5.921009999583475e-08;4.108450000057928e-06;0.0053672540001571175
1.9621754999388942e-08;6.424696000176481e-08;4.319171000097413e-06;0.005439664000296034
2.0090719999279828e-08;5.9452019998570905e-08;4.320442000171169e-06;0.005446647999924607
2.4619520001579075e-08;5.8692959998734297e-08;4.619490000186488e-06;0.0055585539998719465
2.3499180001090282e-08;6.740844000014476e-08;4.953563999733888e-06;0.005593030000454746
2.0997259998694063e-08;6.442839999799617e-08;4.251738000311889e-06;0.005625163999502547
1.966083500010427e-08;6.722459999728016e-08;4.678237999905832e-06;0.005436163999838754
1.8683580000652e-08;6.140394000103697e-08;4.884589999564923e-06;0.004862385999877006
2.014158999954816e-08;6.795323999831453e-08;4.394913999713026e-06;0.0055429559998447075
1.7938025000330528e-08;6.043347999802791e-08;4.540861999848857e-06;0.004876033999607898
2.1169120000558904e-08;5.984386000200175e-08;4.554268000065349e-06;0.004994920000317506
1.997745999979088e-08;5.4658779996680097e-08;4.00569399993401e-06;0.0047892800002591685
2.053614500036929e-08;5.435336000518873e-08;4.619965999736451e-06;0.005423820000141859
1.7770739999832586e-08;5.6383160001132636e-08;4.155221999972127e-06;0.005346025999751873
1.7157415000838228e-08;5.698227999964729e-08;4.30685999977868e-06;0.005223841999541037
1.903320999990683e-08;6.21876000019256e-08;4.000913000199944e-06;0.005083884000196121
1.9993805000558497e-08;5.920856000157073e-08;4.273855999927036e-06;0.0050976339995395395
1.7439430000376886e-08;5.483183999895118e-08;4.007589999819174e-06;0.005053512000013143
1.8513260000327135e-08;5.390421999618411e-08;4.175473999930546e-06;0.005467961999820545
1.8909985000209416e-08;6.008205999969504e-08;4.160201999766287e-06;0.004910905999713578
1.6402764999656938e-08;5.8655259996885435e-08;4.089876000070945e-06;0.004926867999602109
1.7348250000213738e-08;5.743879999499768e-08;4.203402000130154e-06;0.004924301999853924
1.848947499966016e-08;6.321116000181065e-08;4.290169999585487e-06;0.005847007999545894
1.9782919999852312e-08;5.6307360000209884e-08;4.326926000067033e-06;0.0051140279998071496
2.123008999915328e-08;6.434018000145443e-08;5.139531999593601e-06;0.005572689999826253
2.0133174999500626e-08;5.428326000110246e-08;4.431253999937326e-06;0.0053238260000944134
2.1925590001046657e-08;6.930485999910161e-08;4.0767899999627846e-06;0.005118231999804265
1.7512875000829807e-08;6.61465400015004e-08;4.093127999803983e-06;0.005129799999995157
2.152912000019569e-08;6.217887999955564e-08;4.545371999847702e-06;0.005127372000133619
2.123646000109147e-08;5.4303359996993095e-08;4.913121999707073e-06;0.010917519999202341
1.8289759999606758e-08;6.01645999995526e-08;5.89562599954661e-06;0.010453519999864512
1.8027675000485032e-08;4.9981619999744e-08;6.0800539999036115e-06;0.009345811999519355
2.2167869997792876e-08;5.7001559995114805e-08;5.249524000100791e-06;0.01041345799982082
2.1272020001197235e-08;6.038360000238753e-08;5.9054000000469386e-06;0.010748459999740589
2.0423919998575002e-08;5.696294000372291e-08;6.003159999963828e-06;0.010790105001069606
1.8378094999934548e-08;6.073494000011124e-08;6.30571800051257e-06;0.01114214200002607
2.083068999927491e-08;6.127289999858476e-08;6.1687480000546205e-06;0.009497745999833569
2.036511999904178e-08;5.62692400009837e-08;4.862174000008963e-06;0.009123211999540217
2.0083069999236613e-08;5.823452000040561e-08;5.080183999962174e-06;0.008997591999941506
1.8079840000427794e-08;5.5938300001434984e-08;5.619257999933325e-06;0.009010922000161372
1.6825600000447594e-08;5.6964100000914185e-08;5.137486000312492e-06;0.008544332000310533
1.7498369999520948e-08;5.400592000223696e-08;5.28669599967543e-06;0.009389244000194594
1.819452000054298e-08;6.055660000420176e-08;5.7008840003982185e-06;0.009037918000249192
1.994762500107754e-08;6.496919999481179e-08;5.916966000222601e-06;0.008596715999883599
1.6594599999370984e-08;6.17623600002844e-08;5.679617999703623e-06;0.010061885000322946
2.3913420000462793e-08;6.074005999835208e-08;5.299202000023797e-06;0.009886720000067725
2.1259490001830272e-08;5.87824999995064e-08;5.243652000208385e-06;0.010315784999693278
2.0889619999798014e-08;5.898771999636665e-08;5.805340000079013e-06;0.010242120000475552
1.672744999959832e-08;5.9030039998469874e-08;6.271439999691211e-06;0.009649895999464206
2.1731209999416022e-08;5.518567999824882e-08;6.287240000092425e-06;0.010769489999802317
2.365231000003405e-08;6.817852000240237e-08;5.789620000286959e-06;0.010128374998748768
1.7291789999580943e-08;5.326309999800287e-08;5.381723999744281e-06;0.008935936000198126
2.0191869999689514e-08;5.62792000011541e-08;5.634773999918252e-06;0.008856566000031308
1.6541964998759794e-08;5.499558000010438e-08;5.0869040004909035e-06;0.008928049999522045
1.6759989999991377e-08;5.4659780004294587e-08;5.443879999802448e-06;0.009089147999766282
1.801203000068199e-08;5.873136000009254e-08;5.167056000209413e-06;0.009509164000046439
1.577649999962887e-08;5.58528599969577e-08;5.33166799985338e-06;0.009658700000145473
1.7657670000335202e-08;5.6596899998839944e-08;5.259564000298269e-06;0.00920907800027635
2.2167800000170246e-08;5.850623999722302e-08;4.941863999702037e-06;0.008962223999551497
2.151902000186965e-08;5.612381999962963e-08;5.600238000042736e-06;0.009319649999961257
1.8209654999373015e-08;5.798852000152692e-08;5.603694000164978e-06;0.008530852000112644
1.8949004999012685e-08;5.8170540002174675e-08;5.330833999905735e-06;0.008769346000044607
1.7672124999808148e-08;5.6273579999106006e-08;5.680346000008285e-06;0.009198795999982395
1.8823020000127143e-08;5.974610000266694e-08;5.74466600024607e-06;0.010048485000152142
1.89463100003195e-08;5.812012000242248e-08;4.995569999446161e-06;0.009333441999624483
1.6711739999300335e-08;5.8436139998957514e-08;5.281671999837272e-06;0.010010670000337996
1.917983000021195e-08;5.8360059995902704e-08;5.842236000462435e-06;0.009944959999993444
1.8473660000017845e-08;5.773815999855287e-08;5.128992000245489e-06;0.00912341200048104
2.0546170001034626e-08;5.860654000425711e-08;5.918855999480001e-06;0.009340515999938362
1.8639819999225437e-08;5.032969999592751e-08;5.682502000126988e-06;0.009594281999743543
1.8370675000187474e-08;5.651983999996446e-08;5.680758000235074e-06;0.009621550000156276
1.8048470000212547e-08;5.51936800009571e-08;5.533719999948516e-06;0.0088359019998461
1.9061834999592973e-08;5.682574000093154e-08;5.473832000279799e-06;0.009445499999565073
2.3238529998343438e-08;5.464878000202589e-08;6.124579999595881e-06;0.010171610000543296
1.877152499946533e-08;6.769286000053398e-08;5.949982000165619e-06;0.009952390000107699
2.153587999928277e-08;5.916202000225894e-08;5.801602000137791e-06;0.009628702000482008
1.5871689999767114e-08;5.113805999862962e-08;5.009450000361539e-06;0.01018798400007654
1.8081494999933055e-08;5.566115999827161e-08;5.895679999957793e-06;0.0106247219996294
1.8725130001257638e-08;5.8736260002478955e-08;4.942082000197843e-06;0.010531299999274778
1.975922999990871e-08;6.1623879999388e-08;6.281834000255913e-06;0.010072835000755731
2.151010000088718e-08;6.375890000490472e-08;6.426623999723233e-06;0.010245047999778762
2.0817389999865556e-08;6.798558000009508e-08;6.225969999795779e-06;0.0106095049995929
2.0222040000953713e-08;6.940494000446051e-08;6.9388939999043946e-06;0.009747402000357397
1.905772500031162e-08;5.716987999621779e-08;6.2725319998571645e-06;0.009682241999544204
2.0391240000026302e-08;6.13199400017038e-08;6.267012000316754e-06;0.010252390000096057
2.1212690000538713e-08;6.38102800003253e-08;6.248582000262104e-06;0.01014735000062501
2.238065999990795e-08;6.103334000217729e-08;7.1034940000390636e-06;0.010400949999166187
2.2532220001448877e-08;6.142044000444003e-08;6.4605819998541845e-06;0.01023795799992513
2.1397160002379677e-08;6.662473999895156e-08;5.148979999939911e-06;0.0102915600000415
2.2350284999993164e-08;6.188184000202454e-08;6.508583999820985e-06;0.01026475999969989
1.9130700000096113e-08;6.609147999552078e-08;5.705083999782801e-06;0.011526530000264757
1.920053499925416e-08;6.372499999706634e-08;6.7033459997037424e-06;0.010796082000015304
2.1547160000773148e-08;7.034899999853224e-08;6.793382000178099e-06;0.010573290000320413
2.0080310001503677e-08;6.686592000187374e-08;7.516503999941051e-06;0.010257659999479075
2.2430520001216793e-08;6.320038000121713e-08;6.470182000193745e-06;0.009455311999772675
1.7914685000141617e-08;5.727935999748297e-08;5.951276000123471e-06;0.009314182000234723
1.6214929999841844e-08;6.257561999955215e-08;6.337941999663599e-06;0.01041395600012038
2.2125970001798125e-08;5.816381999757141e-08;5.731635999982245e-06;0.011112045000481885
2.01068349997513e-08;5.799632000271231e-08;6.1516439996194095e-06;0.011226385000918526
2.210925999970641e-08;5.858191999723204e-08;5.935557999764569e-06;0.01057122500060359
2.3956630000611768e-08;5.713048000470735e-08;6.3374239997938274e-06;0.00970328800030984
1.8764745000225957e-08;5.682186000049114e-08;6.666800000239163e-06;0.010344131999881939
2.0011545000306796e-08;6.880787999834865e-08;5.275838000234217e-06;0.009466594000114128
2.111758000100963e-08;5.894677999895066e-08;5.150852000224404e-06;0.010186807999853045
2.197120999917388e-08;6.429255999973975e-08;6.306259999983013e-06;0.011545545000990387
2.1052580000832678e-08;7.08016199991107e-08;6.3265859999228266e-06;0.010029555000073742
1.8884419999085367e-08;6.779398000217043e-08;5.567959999898449e-06;0.010594054000102915
2.103373999998439e-08;5.767943999962881e-08;6.266579999937676e-06;0.010766226000268943
2.1630510000977664e-08;5.49738600035198e-08;5.409567999886349e-06;0.009339669999899342
2.133316000108607e-08;5.294869999634102e-08;5.647418000153266e-06;0.010597014999075328
1.8798914999933913e-08;6.102110000210814e-08;5.881358000333421e-06;0.009590958000044338
1.7605325000477024e-08;5.7774620002601295e-08;5.582972000120207e-06;0.009507125999662094
1.970234499895014e-08;5.979322000057437e-08;5.926695999805815e-06;0.009304376000072808
1.809295999992173e-08;6.113328000064939e-08;5.101399999693968e-06;0.00903980600007344
1.906787999905646e-08;5.155390000436455e-08;5.357371999998577e-06;0.009158514000009745
1.6448930000478866e-08;5.3959800000302494e-08;5.40376599994488e-06;0.009746920000179671
1.6032594999705906e-08;5.8802020002622155e-08;4.997435999684967e-06;0.009902607999974862
1.7258764999860432e-08;6.208960000076331e-08;5.183472000062466e-06;0.009482144000357948
1.9866305000323337e-08;5.6761420000111685e-08;4.757051999913528e-06;0.00890852599986829
2.0019969998975286e-08;5.534197999513708e-08;6.499306000187062e-06;0.009229407999664546
1.650532499916153e-08;6.413826000061818e-08;6.780897999997251e-06;0.010039859999960755
1.8296239999472164e-08;5.496095999842509e-08;5.139255999820307e-06;0.00927596999972593
2.0547079999232665e-08;5.86215200019069e-08;5.482590000028722e-06;0.008942198000149802
1.7775935000099707e-08;5.7413439999800174e-08;5.495366000104695e-06;0.008997595999971963
1.8414070000289938e-08;6.157696000300348e-08;5.181226000422612e-06;0.00884541800012812
1.7994734999956565e-08;5.512279999675229e-08;5.641251999768429e-06;0.009179181999643333
1.8952289999288042e-08;5.709291999810375e-08;5.703505999990739e-06;0.008987123999977484
2.11616500018863e-08;6.146014000405557e-08;5.916449999785982e-06;0.009146483999793419
1.7518500000005587e-08;5.4882399999769405e-08;5.4564460000256075e-06;0.008980121999629774
1.6974004999792667e-08;5.872200000449084e-08;8.093867999850773e-06;0.01205527499987511
1.8867629999294877e-08;5.727682000142522e-08;7.189432000159286e-06;0.01296238000068115
1.855622500006575e-08;5.6988079997245223e-08;7.277347999624908e-06;0.013853174999530893
1.822233499988215e-08;5.948420000495389e-08;8.138690000050702e-06;0.012630254999385216
2.0027819999086205e-08;5.432565999799408e-08;7.245770000154152e-06;0.012310810000053607
1.7659114999696613e-08;5.52166200010106e-08;7.3711240000557156e-06;0.01224169999914011
1.7023254999367056e-08;5.759926000027917e-08;6.799457999877632e-06;0.012252370000351221
1.7842519999248906e-08;5.675546000129543e-08;6.996367999818176e-06;0.012288194999564439
1.816151499951957e-08;5.777763999649324e-08;7.606528000324033e-06;0.01177053999999771
1.8429070001002402e-08;5.7028699998045343e-08;7.208224000059999e-06;0.011942899999849033
1.7818225000519304e-08;5.691744000068866e-08;8.015248000156134e-06;0.012788739999814424
2.0624309999402613e-08;5.826789999846369e-08;7.062768000178039e-06;0.014481504999275785
1.7923619999783113e-08;6.373776000109502e-08;8.529363999841735e-06;0.014656145000481046
2.1515284999622964e-08;5.593142000143416e-08;7.090633999905549e-06;0.012245110000367276
1.8058519999613054e-08;6.11579799966421e-08;7.585001999977976e-06;0.011534964999009389
2.0443569999770262e-08;6.577714000013657e-08;7.029502000077628e-06;0.01452930999948876
1.808627999998862e-08;6.142977999988943e-08;7.860378000186755e-06;0.012654990000010002
1.9537859999400097e-08;6.094694000203163e-08;7.725349999964237e-06;0.012761959999625105
2.3279290000209584e-08;6.01957000035327e-08;1.003255999967223e-05;0.012787414999911562
2.1510985000350048e-08;6.909204000257886e-08;8.02213600021787e-06;0.013842595000460279
2.2595180000644178e-08;5.879989999812096e-08;1.0399585000413935e-05;0.012233430000196676
2.131152000220027e-08;6.090521999867633e-08;8.858322000014596e-06;0.013085724999837112
2.01275400002487e-08;5.4048480000346896e-08;8.217344000004232e-06;0.012404875000356697
1.743000499991467e-08;6.873054000316188e-08;7.15583199984394e-06;0.011346120000234805
2.6264719999744557e-08;6.016712000127882e-08;7.723400000249968e-06;0.012469419999979437
2.1851770000648684e-08;6.075057999696582e-08;8.45642600033898e-06;0.013610319999861531
2.176406000216957e-08;5.700447999988683e-08;7.76441399997566e-06;0.01526229000010062
2.2027829999569802e-08;6.726712000090629e-08;1.0087310000380966e-05;0.015762974999961443
2.0930039999075234e-08;6.567693999968469e-08;7.804900000337511e-06;0.014785524999024347
2.3390479999943636e-08;5.634596000309102e-08;8.37299200007692e-06;0.015408889998798258
2.4071370001183824e-08;6.326203999924474e-08;7.708544000051916e-06;0.011957404999702704
2.3625689998152667e-08;6.524829999543726e-08;8.390074000344612e-06;0.012438125000335276
2.544974999909755e-08;6.434367999900132e-08;6.854045999934897e-06;0.015301129998988472
2.1787540000514128e-08;5.2311839995672926e-08;6.9279900001129134e-06;0.015444090000528377
2.0228769999812357e-08;5.96274400013499e-08;7.412726000184193e-06;0.01341015499929199
2.2665520000737162e-08;4.892201999900863e-08;9.378343999851495e-06;0.011615494999568909
2.1489699999801814e-08;6.123633999959566e-08;7.286734000081196e-06;0.013042945000051986
2.6221680000890045e-08;6.589434000197798e-08;7.143716000136919e-06;0.012651430000551045
2.3428389997570774e-08;6.276408000267111e-08;7.007192000164651e-06;0.01633583499933593
2.449932000017725e-08;5.0856099999509754e-08;9.357791999937035e-06;0.014802369999233633
1.9288365000102204e-08;7.227188000106253e-08;9.010580000467598e-06;0.013776085000426975
2.0358869998017326e-08;5.813085999689065e-08;7.63981199997943e-06;0.012039874999027233
1.8114749999949708e-08;6.065987999900244e-08;8.649167999974453e-06;0.01289618500013603
1.759580500074662e-08;6.748266000067815e-08;7.990109999664128e-06;0.014283815000089817
2.1089965000282973e-08;5.929058000328951e-08;8.004220000002533e-06;0.01546558499976527
1.9982964999508112e-08;5.68615399999544e-08;6.773879999527708e-06;0.012779405000037514
2.3602059998665937e-08;4.768845999496989e-08;8.673864000011235e-06;0.013451095001073554
2.05140099991695e-08;6.302530000102707e-08;7.156745999818668e-06;0.012813709999318235
1.746123000048101e-08;5.2618919999804346e-08;6.55938400013838e-06;0.014298295001208317
1.9391190000169445e-08;6.451536000240595e-08;8.132246000459418e-06;0.012411925000196788
1.8741894999402577e-08;5.713260000338778e-08;6.668593999929726e-06;0.01274804499989841
1.7972615000326185e-08;6.180791999795474e-08;8.262006000149996e-06;0.012814020000223535
2.045409000129439e-08;5.606571999960579e-08;7.483354000141844e-06;0.013413280001259409
1.8221625000296626e-08;5.8846419997280466e-08;7.519915999728255e-06;0.013891330000478774
1.9924999999057035e-08;5.1367260003462435e-08;7.593846000381745e-06;0.012599385000066831
1.5945819999615197e-08;5.2601800003321844e-08;6.621716000372544e-06;0.01173339999950258
1.9041734999336768e-08;5.469407999771647e-08;7.695203999755903e-06;0.012834324999130332
2.0985210000071673e-08;6.262753999908455e-08;8.101232000044548e-06;0.012840015000256244
1.7564079999283423e-08;6.406169999972917e-08;7.1154500002739955e-06;0.012557030000607483
1.6534340000362137e-08;5.332797999726608e-08;6.423170000198297e-06;0.012639325000054668
2.4747419997584075e-08;6.179787999717518e-08;6.661637999932282e-06;0.012568855000426992
2.142605499975616e-08;5.780005999840796e-08;7.424305999884382e-06;0.011302419999265113
2.002067999856081e-08;6.16111200011801e-08;7.632256000069902e-06;0.0136159649991896
2.267883000022266e-08;6.248151999898255e-08;7.389445999870077e-06;0.014842114999191835
1.94500199999311e-08;5.187070000101812e-08;7.0050139998784286e-06;0.012114200000360143
2.1462010001414456e-08;5.33389599993825e-08;7.619725999538787e-06;0.014294995000818744
1.8316300000878982e-08;4.9585460004163906e-08;8.547290000133216e-06;0.012667745001090224
1.957198000018252e-08;6.055988000007346e-08;7.214611999806948e-06;0.012801869999384508
1.6900249999889637e-08;6.225170000107027e-08;6.995483999489806e-06;0.013628230000904296
1.560274999937974e-08;5.483140000142157e-08;7.75311800010968e-06;0.014030215000093448
2.119734000007156e-08;5.958487999741919e-08;6.77938400011044e-06;0.011443134999717585
1.717239999998128e-08;6.731986000086181e-08;7.627204000018537e-06;0.012838505000399892
1.6378434999205638e-08;6.429032000014558e-08;7.874101999914274e-06;0.013927205000072718
2.255338999966625e-08;5.7287680002627894e-08;7.839581999578512e-06;0.010951265000039711
1.841373999923235e-08;5.702201999956742e-08;7.497215999756008e-06;0.012613504999899305
1.8709880000096745e-08;6.515052000177093e-08;8.031922000227496e-06;0.013468945000204258
1.874375500046881e-08;5.899368000100367e-08;7.840009999927133e-06;0.015140059999248478
2.023500000068452e-08;6.099827999714761e-08;7.43631599994842e-06;0.013184684999578167
1.949866000068141e-08;6.25893399992492e-08;8.517218000488356e-06;0.015493555000284686
2.015181000024313e-08;5.952009999891743e-08;9.412624000106007e-06;0.013396899998770095
1.898919999948703e-08;6.977639999822713e-08;8.056573999929241e-06;0.015638200000103096
2.2438259999034927e-08;6.534324000240303e-08;8.342428000178189e-06;0.01455361999978777
2.245441999984905e-08;6.816992000094614e-08;7.112678000121378e-06;0.01355038999899989
2.4099439999554306e-08;6.940969999996014e-08;9.286354000214488e-06;0.01626647499942919
2.4464049999369307e-08;7.359832000220195e-08;9.210643999977037e-06;0.01295310999994399
2.1583049999026115e-08;6.279516000067815e-08;7.425784000079147e-06;0.01426237499981653
2.3267590001341887e-08;6.066469999495894e-08;9.318420000490732e-06;0.016016094999213238
1.9814125000266357e-08;6.694557999726385e-08;8.324813999934121e-06;0.016236444999231027
2.139830000232905e-08;6.229623999679462e-08;1.0381964998668992e-05;0.013606104999780655
1.9385330000659452e-08;6.039231999893673e-08;8.026102000148967e-06;0.012694400000327732
1.866372499935096e-08;5.5763340002158654e-08;7.804122000234202e-06;0.013444465000065974
2.0727300000726245e-08;5.4189860000042245e-08;7.70153199962806e-06;0.016830220000701956
2.145807000051718e-08;5.675941999652423e-08;8.0471860000398e-06;0.012537875000271015
2.0569679999607614e-08;5.749743999913335e-08;7.358655999996699e-06;0.013665184999990743
2.0105329999933018e-08;5.6007139995926994e-08;7.3922099999617785e-06;0.012913750000006986
1.9548574999498668e-08;5.541182000306435e-08;9.15547400014475e-06;0.016065545000310523
2.0383995000156573e-08;6.83396200009156e-08;7.073068000026979e-06;0.012949510000180454
1.9587295000383163e-08;6.168498000479303e-08;8.907181999529711e-06;0.013258575000509153
2.1816399999079295e-08;6.428808000055142e-08;7.992561999708414e-06;0.01266839500021888
1.7369999999937137e-08;5.987607999704778e-08;8.117360000032931e-06;0.014084860000002664
1.743609999975888e-08;6.475694000255317e-08;1.2435379999806173e-05;0.016929225000785662
1.952251500042621e-08;6.791467999573797e-08;1.3184899999760091e-05;0.018300965000526047
2.1980350001831538e-08;6.464056000113487e-08;1.296757499949308e-05;0.015300525000202469
2.1865540000726467e-08;5.843825999763794e-08;1.3134480000007897e-05;0.015313750000495929
1.70118950001779e-08;7.052905999589712e-08;1.1792869999771938e-05;0.014828345000569242
1.843236999993678e-08;7.426805999712088e-08;1.2986885001009795e-05;0.014899299999524374
1.8142530000477563e-08;6.171683999709785e-08;1.2329899999895133e-05;0.017700325000623705
1.914528000052087e-08;6.289894000510685e-08;1.3317354999890085e-05;0.016065320000052452
1.660291000007419e-08;7.610133999842219e-08;1.2162065001029986e-05;0.0151452549995156
1.8993649999902117e-08;6.871431999607012e-08;1.1229296000092291e-05;0.016891945000679698
1.8251810000219847e-08;6.446940000168979e-08;1.2410315001034178e-05;0.014157130000239704
2.067582499876153e-08;6.049184000003151e-08;1.3201065000612289e-05;0.0166497199999867
2.1619819998159073e-08;6.99858000036329e-08;1.2898125000356231e-05;0.015357544999278615
1.8228510000335518e-08;6.441158000379801e-08;1.2407895000069402e-05;0.01611187499947846
2.0281489999615588e-08;7.350961999618449e-08;1.2522844999330118e-05;0.015516685000329744
1.9873514999926557e-08;6.614363999688066e-08;1.292198499868391e-05;0.01792388000030769
1.795171499979915e-08;6.672794000478462e-08;1.2020625000877772e-05;0.016329604999918958
1.7185684999276417e-08;6.696124000009149e-08;1.0364709999703337e-05;0.014131044999521692
1.8157544999849053e-08;6.484073999454267e-08;1.254384000058053e-05;0.013954720000037923
1.5810470000724307e-08;5.854268000111915e-08;1.0971375000372064e-05;0.01522835500072688
2.4855180000304245e-08;6.273117999662645e-08;1.3714469999831635e-05;0.013921285000105855
2.0592550002038477e-08;6.319545999867842e-08;1.0748340000282041e-05;0.01562300000077812
1.8991980000282637e-08;6.038783999974839e-08;1.0481794999213889e-05;0.014277839999704157
1.7105809999338818e-08;6.331418000045233e-08;1.184569500037469e-05;0.015686099999584258
1.9822989999374842e-08;6.51051599998027e-08;1.1010170000372455e-05;0.01654950999945868
1.9371685000078286e-08;6.659123999997974e-08;1.4605304998985957e-05;0.0174574799995753
1.7925499999546448e-08;7.056648000143468e-08;1.2050274999637623e-05;0.01487794999993639
1.6642560000764207e-08;7.082385999965482e-08;1.300434500008123e-05;0.015518220000376459
1.8310465000104158e-08;5.543912000139244e-08;1.3388105000194628e-05;0.017435040000418667
1.9630909999250435e-08;8.730660000001081e-08;1.1668510000163224e-05;0.016653369998675772
2.0128399999521206e-08;5.942812000284903e-08;1.1433289998967665e-05;0.016592749999836086
1.7298450000816955e-08;7.789340000017546e-08;1.354556500009494e-05;0.015032095000788104
2.21959299989976e-08;6.631417999742552e-08;1.009067499981029e-05;0.016516335000051185
1.8827704999421258e-08;5.590823999955319e-08;1.3338039998780004e-05;0.01780635000031907
1.8427260000316893e-08;6.425738000543788e-08;1.018028999969829e-05;0.015959540000767446
1.9945724999706725e-08;6.860739999683574e-08;1.0633880000386852e-05;0.01648041500011459
1.91339249999146e-08;6.074533999781125e-08;1.1482380000234116e-05;0.014237765000143555
1.650991500064265e-08;6.540724000078625e-08;1.303413499990711e-05;0.020387899997876956
2.2663679998368026e-08;6.754076000070199e-08;1.1971560000092723e-05;0.01789365500007989
1.9152739999117328e-08;7.493071999633685e-08;1.308164000074612e-05;0.016359044999990146
1.8954089999897404e-08;5.9513760003028436e-08;1.2904894999519457e-05;0.017133695000666194
1.8579999999201392e-08;5.995564000331796e-08;9.795429999940098e-06;0.01668088500009617
1.872189499990782e-08;6.020374000072479e-08;1.326734500034945e-05;0.01704242499981774
2.148641499952646e-08;7.200400000438095e-08;1.391027500067139e-05;0.015485425000952091
2.1497359999921172e-08;8.151991999475285e-08;1.3949765000143088e-05;0.015461889999278356
2.205159999721218e-08;8.271197999711149e-08;1.279983499989612e-05;0.0207070600008592
2.2568679999676532e-08;7.41641000029631e-08;1.3145714999700431e-05;0.015789555000083055
2.294705999956932e-08;7.542160000302829e-08;1.1378045000310522e-05;0.016915460000745952
1.8604105000849812e-08;7.846959999878891e-08;1.017198999907123e-05;0.015833639999618752
2.227456999971764e-08;7.514975999947637e-08;1.3379185000667348e-05;0.01576228500052821
2.1043109998572618e-08;7.372598000220024e-08;1.4466900000115856e-05;0.01650787999969907
2.013883000036003e-08;6.798547999933361e-08;1.2706904999504332e-05;0.015527260000817477
1.8865949999599253e-08;6.699718000018038e-08;1.0321640000620391e-05;0.017028259999642616
2.1055594999052117e-08;6.735093999886885e-08;1.2450125000032131e-05;0.017857309999817515
1.85691599996062e-08;7.125280000036582e-08;1.3366574999236036e-05;0.014254839999193792
1.967748000024585e-08;7.683850000030361e-08;1.151485500013223e-05;0.01580493500077864
2.0859799999743702e-08;7.583923999918624e-08;1.3637309998739511e-05;0.015912139999272767
1.848885999934282e-08;7.303638000157661e-08;1.466151000058744e-05;0.012947210000129416
1.744905499945162e-08;6.909720000112429e-08;1.0147734999191016e-05;0.018888459999288898
1.9217270000081043e-08;7.878040000214241e-08;1.5758104999258647e-05;0.01765527999959886
2.4378770001931115e-08;7.775392000330613e-08;1.4568464999319985e-05;0.015873389999615028
2.0825860000331887e-08;7.150875999941491e-08;1.176116999995429e-05;0.01557152000023052
2.120338999957312e-08;6.690919999964535e-08;1.3048239999625367e-05;0.015399500000057742
1.8503444999805652e-08;6.549843999673612e-08;1.2143154999648686e-05;0.015556189999915659
2.0766179999918678e-08;6.596220000064932e-08;1.3373679999494925e-05;0.015096659999107942
1.8154649999632967e-08;7.086965999915265e-08;1.0504095000214875e-05;0.01728373000078136
2.0079139999870678e-08;6.934701999998651e-08;1.2585604999912902e-05;0.01608302999957232
2.126255999901332e-08;8.200126000447199e-08;1.3903590000700206e-05;0.019613895000657067
1.8893360000220127e-08;5.928122000186704e-08;1.2832235000678337e-05;0.014990100001159589
1.7796700001053978e-08;7.327802000218071e-08;1.109100000030594e-05;0.017768140000407585
2.035370000230614e-08;7.834058000007644e-08;1.1991940000734758e-05;0.01616622500005178
1.6969704999064562e-08;6.984993999940344e-08;1.1592430000018794e-05;0.015974574998836033
1.8236365000484512e-08;7.530896000098437e-08;1.1551457999739796e-05;0.013243174999661277
1.8399225000757724e-08;6.397365999873727e-08;1.2434749999374617e-05;0.015396329999202863
2.303356999764219e-08;6.867900000070222e-08;1.0138990000996273e-05;0.015391095000086352
2.131336000165902e-08;7.14151399966795e-08;1.1255390000587795e-05;0.017488599999342113
1.8196739999984857e-08;8.089798000291921e-08;1.3825449999421836e-05;0.01999501499958569
2.2611079999478534e-08;6.633273999905214e-08;1.2764014999265783e-05;0.016530649999913292
2.1805349999340252e-08;7.015231999685056e-08;1.2142289998882916e-05;0.020964929999900052
2.1345184999518097e-08;5.8417240000562744e-08;1.4675314999476541e-05;0.015907405001053122
2.0845510000071954e-08;6.860926000517793e-08;1.22933649996412e-05;0.01662868999992497
1.696659000008367e-08;5.859347999794409e-08;1.1696846000268124e-05;0.014158999999926892
1.942568499944173e-08;6.712788000004365e-08;1.2047904999053572e-05;0.02003481000137981
2.0288780002738348e-08;7.408595999586396e-08;1.2777835001179482e-05;0.017644374999508727
2.1943189998273738e-08;7.00308999978006e-08;1.1504935000266414e-05;0.01818603499996243
1.8641175000811928e-08;7.262572000036016e-08;1.1724199999298435e-05;0.015362349999486468
1.9404539999959524e-08;6.735489999991841e-08;1.2365000000863802e-05;0.014182395000534597
1.896662999934051e-08;7.298412000527605e-08;1.2899460000335238e-05;0.015179489999718498
2.112904000096023e-08;6.644031999749131e-08;1.2734145000285935e-05;0.015032775000145193
2.38387799996417e-08;7.467986000119708e-08;1.1611300001095515e-05;0.016633570000703913
1.972797999915201e-08;8.020341999945231e-08;1.1721199999738018e-05;0.018405545000860002
2.1037619998969602e-08;8.499230000306852e-08;1.3605014998756815e-05;0.016876754999975672
2.166880000149831e-08;7.623974000453018e-08;1.33167650012183e-05;0.0157803750000312
1.7617584999243265e-08;6.697458000271581e-08;1.1221269999805372e-05;0.01571506999898702
1.9513910000387114e-08;6.20846200035885e-08;1.180758000118658e-05;0.015878530000918545
1.7587629999616184e-08;7.504559999797493e-08;1.312937500042608e-05;0.015052285000274423
2.065981999912765e-08;6.04765399999451e-08;1.0552689999167342e-05;0.019442124999477527
2.1005569997942075e-08;6.627582000219264e-08;1.1762730000191369e-05;0.0151964050004608
1.8222969998896588e-08;6.807383999694138e-08;1.3058270000328775e-05;0.01519782500108704
2.0960780000314118e-08;6.058304000180215e-08;1.2902659999963362e-05;0.01731632000009995
