0.00000000000000E+00;0.00000000000000E+00;0.00000000000000E+00;0
0.00000000000000E+00;0.00000000000000E+00;0.00000000000000E+00;0
0.00000000000000E+00;0.00000000000000E+00;0.00000000000000E+00;0
0.00000000000000E+00;0.00000000000000E+00;0.00000000000000E+00;0
0.00000000000000E+00;0.00000000000000E+00;0.00000000000000E+00;0
0.00000000000000E+00;0.00000000000000E+00;0.00000000000000E+00;0
0.00000000000000E+00;0.00000000000000E+00;0.00000000000000E+00;0
0.00000000000000E+00;0.00000000000000E+00;0.00000000000000E+00;0
0.00000000000000E+00;0.00000000000000E+00;0.00000000000000E+00;0
0.00000000000000E+00;0.00000000000000E+00;0.00000000000000E+00;0
0.00000000000000E+00;0.00000000000000E+00;0.00000000000000E+00;0
0.00000000000000E+00;0.00000000000000E+00;0.00000000000000E+00;0
0.00000000000000E+00;0.00000000000000E+00;0.00000000000000E+00;0
0.00000000000000E+00;0.00000000000000E+00;0.00000000000000E+00;0
0.00000000000000E+00;0.00000000000000E+00;0.00000000000000E+00;0
0.00000000000000E+00;0.00000000000000E+00;0.00000000000000E+00;0
0.00000000000000E+00;0.00000000000000E+00;0.00000000000000E+00;0
0.00000000000000E+00;0.00000000000000E+00;0.00000000000000E+00;0
0.00000000000000E+00;0.00000000000000E+00;0.00000000000000E+00;0
0.00000000000000E+00;0.00000000000000E+00;0.00000000000000E+00;0
0.00000000000000E+00;0.00000000000000E+00;0.00000000000000E+00;0
0.00000000000000E+00;0.00000000000000E+00;0.00000000000000E+00;0
0.00000000000000E+00;0.00000000000000E+00;0.00000000000000E+00;0
0.00000000000000E+00;0.00000000000000E+00;0.00000000000000E+00;0
0.00000000000000E+00;0.00000000000000E+00;0.00000000000000E+00;0
0.00000000000000E+00;0.00000000000000E+00;0.00000000000000E+00;0
0.00000000000000E+00;0.00000000000000E+00;0.00000000000000E+00;0
0.00000000000000E+00;0.00000000000000E+00;0.00000000000000E+00;0
0.00000000000000E+00;0.00000000000000E+00;0.00000000000000E+00;0
0.00000000000000E+00;0.00000000000000E+00;0.00000000000000E+00;0
0.00000000000000E+00;0.00000000000000E+00;0.00000000000000E+00;0
0.00000000000000E+00;0.00000000000000E+00;0.00000000000000E+00;0
0.00000000000000E+00;0.00000000000000E+00;0.00000000000000E+00;0
0.00000000000000E+00;0.00000000000000E+00;0.00000000000000E+00;0
0.00000000000000E+00;0.00000000000000E+00;0.00000000000000E+00;0
0.00000000000000E+00;0.00000000000000E+00;0.00000000000000E+00;0
0.00000000000000E+00;0.00000000000000E+00;0.00000000000000E+00;0
0.00000000000000E+00;0.00000000000000E+00;0.00000000000000E+00;0
0.00000000000000E+00;0.00000000000000E+00;0.00000000000000E+00;0
0.00000000000000E+00;0.00000000000000E+00;0.00000000000000E+00;0
0.00000000000000E+00;0.00000000000000E+00;0.00000000000000E+00;0
0.00000000000000E+00;0.00000000000000E+00;0.00000000000000E+00;0
0.00000000000000E+00;0.00000000000000E+00;0.00000000000000E+00;0
0.00000000000000E+00;0.00000000000000E+00;0.00000000000000E+00;0
0.00000000000000E+00;0.00000000000000E+00;0.00000000000000E+00;0
0.00000000000000E+00;0.00000000000000E+00;0.00000000000000E+00;0
0.00000000000000E+00;0.00000000000000E+00;0.00000000000000E+00;0
0.00000000000000E+00;0.00000000000000E+00;0.00000000000000E+00;0
0.00000000000000E+00;0.00000000000000E+00;0.00000000000000E+00;0
0.00000000000000E+00;0.00000000000000E+00;0.00000000000000E+00;0
0.00000000000000E+00;0.00000000000000E+00;0.00000000000000E+00;0
0.00000000000000E+00;0.00000000000000E+00;0.00000000000000E+00;0
0.00000000000000E+00;0.00000000000000E+00;0.00000000000000E+00;0
0.00000000000000E+00;0.00000000000000E+00;0.00000000000000E+00;0
0.00000000000000E+00;0.00000000000000E+00;0.00000000000000E+00;0
0.00000000000000E+00;0.00000000000000E+00;0.00000000000000E+00;0
0.00000000000000E+00;0.00000000000000E+00;0.00000000000000E+00;0
0.00000000000000E+00;0.00000000000000E+00;0.00000000000000E+00;0
0.00000000000000E+00;0.00000000000000E+00;0.00000000000000E+00;0
0.00000000000000E+00;0.00000000000000E+00;0.00000000000000E+00;0
0.00000000000000E+00;0.00000000000000E+00;0.00000000000000E+00;0
0.00000000000000E+00;0.00000000000000E+00;0.00000000000000E+00;0
0.00000000000000E+00;0.00000000000000E+00;0.00000000000000E+00;0
0.00000000000000E+00;0.00000000000000E+00;0.00000000000000E+00;0
0.00000000000000E+00;0.00000000000000E+00;0.00000000000000E+00;0
0.00000000000000E+00;0.00000000000000E+00;0.00000000000000E+00;0
0.00000000000000E+00;0.00000000000000E+00;0.00000000000000E+00;0
0.00000000000000E+00;0.00000000000000E+00;0.00000000000000E+00;0
0.00000000000000E+00;0.00000000000000E+00;0.00000000000000E+00;0
0.00000000000000E+00;0.00000000000000E+00;0.00000000000000E+00;0
0.00000000000000E+00;0.00000000000000E+00;0.00000000000000E+00;0
0.00000000000000E+00;0.00000000000000E+00;0.00000000000000E+00;0
0.00000000000000E+00;0.00000000000000E+00;0.00000000000000E+00;0
0.00000000000000E+00;0.00000000000000E+00;0.00000000000000E+00;0
0.00000000000000E+00;0.00000000000000E+00;0.00000000000000E+00;0
0.00000000000000E+00;0.00000000000000E+00;0.00000000000000E+00;0
0.00000000000000E+00;0.00000000000000E+00;0.00000000000000E+00;0
0.00000000000000E+00;0.00000000000000E+00;0.00000000000000E+00;0
0.00000000000000E+00;0.00000000000000E+00;0.00000000000000E+00;0
0.00000000000000E+00;0.00000000000000E+00;0.00000000000000E+00;0
0.00000000000000E+00;0.00000000000000E+00;0.00000000000000E+00;0
0.00000000000000E+00;0.00000000000000E+00;0.00000000000000E+00;0
0.00000000000000E+00;0.00000000000000E+00;0.00000000000000E+00;0
0.00000000000000E+00;0.00000000000000E+00;0.00000000000000E+00;0
0.00000000000000E+00;0.00000000000000E+00;0.00000000000000E+00;0
0.00000000000000E+00;0.00000000000000E+00;0.00000000000000E+00;0
0.00000000000000E+00;0.00000000000000E+00;0.00000000000000E+00;0
0.00000000000000E+00;0.00000000000000E+00;0.00000000000000E+00;0
0.00000000000000E+00;0.00000000000000E+00;0.00000000000000E+00;0
0.00000000000000E+00;0.00000000000000E+00;0.00000000000000E+00;0
0.00000000000000E+00;0.00000000000000E+00;0.00000000000000E+00;0
0.00000000000000E+00;0.00000000000000E+00;0.00000000000000E+00;0
0.00000000000000E+00;0.00000000000000E+00;0.00000000000000E+00;0
0.00000000000000E+00;0.00000000000000E+00;0.00000000000000E+00;0
0.00000000000000E+00;0.00000000000000E+00;0.00000000000000E+00;0
0.00000000000000E+00;0.00000000000000E+00;0.00000000000000E+00;0
0.00000000000000E+00;0.00000000000000E+00;0.00000000000000E+00;0
0.00000000000000E+00;0.00000000000000E+00;0.00000000000000E+00;0
0.00000000000000E+00;0.00000000000000E+00;0.00000000000000E+00;0
0.00000000000000E+00;0.00000000000000E+00;0.00000000000000E+00;0
0.00000000000000E+00;0.00000000000000E+00;0.00000000000000E+00;0
0.00000000000000E+00;0.00000000000000E+00;0.00000000000000E+00;0
0.00000000000000E+00;0.00000000000000E+00;0.00000000000000E+00;0
0.00000000000000E+00;0.00000000000000E+00;0.00000000000000E+00;0
0.00000000000000E+00;0.00000000000000E+00;0.00000000000000E+00;0
0.00000000000000E+00;0.00000000000000E+00;0.00000000000000E+00;0
0.00000000000000E+00;0.00000000000000E+00;0.00000000000000E+00;0
0.00000000000000E+00;0.00000000000000E+00;0.00000000000000E+00;0
0.00000000000000E+00;0.00000000000000E+00;0.00000000000000E+00;0
0.00000000000000E+00;0.00000000000000E+00;0.00000000000000E+00;0
0.00000000000000E+00;0.00000000000000E+00;0.00000000000000E+00;0
0.00000000000000E+00;0.00000000000000E+00;0.00000000000000E+00;0
0.00000000000000E+00;0.00000000000000E+00;0.00000000000000E+00;0
0.00000000000000E+00;0.00000000000000E+00;0.00000000000000E+00;0
0.00000000000000E+00;0.00000000000000E+00;0.00000000000000E+00;0
0.00000000000000E+00;0.00000000000000E+00;0.00000000000000E+00;0
0.00000000000000E+00;0.00000000000000E+00;0.00000000000000E+00;0
0.00000000000000E+00;0.00000000000000E+00;0.00000000000000E+00;0
0.00000000000000E+00;0.00000000000000E+00;0.00000000000000E+00;0
0.00000000000000E+00;0.00000000000000E+00;0.00000000000000E+00;0
0.00000000000000E+00;0.00000000000000E+00;0.00000000000000E+00;0
0.00000000000000E+00;0.00000000000000E+00;0.00000000000000E+00;0
0.00000000000000E+00;0.00000000000000E+00;0.00000000000000E+00;0
0.00000000000000E+00;0.00000000000000E+00;0.00000000000000E+00;0
0.00000000000000E+00;0.00000000000000E+00;0.00000000000000E+00;0
0.00000000000000E+00;0.00000000000000E+00;0.00000000000000E+00;0
0.00000000000000E+00;0.00000000000000E+00;0.00000000000000E+00;0
0.00000000000000E+00;0.00000000000000E+00;0.00000000000000E+00;0
0.00000000000000E+00;0.00000000000000E+00;0.00000000000000E+00;0
0.00000000000000E+00;0.00000000000000E+00;0.00000000000000E+00;0
0.00000000000000E+00;0.00000000000000E+00;0.00000000000000E+00;0
0.00000000000000E+00;0.00000000000000E+00;0.00000000000000E+00;0
0.00000000000000E+00;0.00000000000000E+00;0.00000000000000E+00;0
0.00000000000000E+00;0.00000000000000E+00;0.00000000000000E+00;0
0.00000000000000E+00;0.00000000000000E+00;0.00000000000000E+00;0
0.00000000000000E+00;0.00000000000000E+00;0.00000000000000E+00;0
0.00000000000000E+00;0.00000000000000E+00;0.00000000000000E+00;0
0.00000000000000E+00;0.00000000000000E+00;0.00000000000000E+00;0
0.00000000000000E+00;0.00000000000000E+00;0.00000000000000E+00;0
0.00000000000000E+00;0.00000000000000E+00;0.00000000000000E+00;0
0.00000000000000E+00;0.00000000000000E+00;0.00000000000000E+00;0
0.00000000000000E+00;0.00000000000000E+00;0.00000000000000E+00;0
0.00000000000000E+00;0.00000000000000E+00;0.00000000000000E+00;0
0.00000000000000E+00;0.00000000000000E+00;0.00000000000000E+00;0
0.00000000000000E+00;0.00000000000000E+00;0.00000000000000E+00;0
0.00000000000000E+00;0.00000000000000E+00;0.00000000000000E+00;0
0.00000000000000E+00;0.00000000000000E+00;0.00000000000000E+00;0
0.00000000000000E+00;0.00000000000000E+00;0.00000000000000E+00;0
0.00000000000000E+00;0.00000000000000E+00;0.00000000000000E+00;0
0.00000000000000E+00;0.00000000000000E+00;0.00000000000000E+00;0
0.00000000000000E+00;0.00000000000000E+00;0.00000000000000E+00;0
0.00000000000000E+00;0.00000000000000E+00;0.00000000000000E+00;0
0.00000000000000E+00;0.00000000000000E+00;0.00000000000000E+00;0
0.00000000000000E+00;0.00000000000000E+00;0.00000000000000E+00;0
0.00000000000000E+00;0.00000000000000E+00;0.00000000000000E+00;0
0.00000000000000E+00;0.00000000000000E+00;0.00000000000000E+00;0
0.00000000000000E+00;0.00000000000000E+00;0.00000000000000E+00;0
0.00000000000000E+00;0.00000000000000E+00;0.00000000000000E+00;0
0.00000000000000E+00;0.00000000000000E+00;0.00000000000000E+00;0
0.00000000000000E+00;0.00000000000000E+00;0.00000000000000E+00;0
0.00000000000000E+00;0.00000000000000E+00;0.00000000000000E+00;0
0.00000000000000E+00;0.00000000000000E+00;0.00000000000000E+00;0
0.00000000000000E+00;0.00000000000000E+00;0.00000000000000E+00;0
0.00000000000000E+00;0.00000000000000E+00;0.00000000000000E+00;0
0.00000000000000E+00;0.00000000000000E+00;0.00000000000000E+00;0
0.00000000000000E+00;0.00000000000000E+00;0.00000000000000E+00;0
0.00000000000000E+00;0.00000000000000E+00;0.00000000000000E+00;0
0.00000000000000E+00;0.00000000000000E+00;0.00000000000000E+00;0
0.00000000000000E+00;0.00000000000000E+00;0.00000000000000E+00;0
0.00000000000000E+00;0.00000000000000E+00;0.00000000000000E+00;0
0.00000000000000E+00;0.00000000000000E+00;0.00000000000000E+00;0
0.00000000000000E+00;0.00000000000000E+00;0.00000000000000E+00;0
0.00000000000000E+00;0.00000000000000E+00;0.00000000000000E+00;0
0.00000000000000E+00;0.00000000000000E+00;0.00000000000000E+00;0
0.00000000000000E+00;0.00000000000000E+00;0.00000000000000E+00;0
0.00000000000000E+00;0.00000000000000E+00;0.00000000000000E+00;0
0.00000000000000E+00;0.00000000000000E+00;0.00000000000000E+00;0
0.00000000000000E+00;0.00000000000000E+00;0.00000000000000E+00;0
0.00000000000000E+00;0.00000000000000E+00;0.00000000000000E+00;0
0.00000000000000E+00;0.00000000000000E+00;0.00000000000000E+00;0
0.00000000000000E+00;0.00000000000000E+00;0.00000000000000E+00;0
0.00000000000000E+00;0.00000000000000E+00;0.00000000000000E+00;0
0.00000000000000E+00;0.00000000000000E+00;0.00000000000000E+00;0
0.00000000000000E+00;0.00000000000000E+00;0.00000000000000E+00;0
0.00000000000000E+00;0.00000000000000E+00;0.00000000000000E+00;0
0.00000000000000E+00;0.00000000000000E+00;0.00000000000000E+00;0
0.00000000000000E+00;0.00000000000000E+00;0.00000000000000E+00;0
0.00000000000000E+00;0.00000000000000E+00;0.00000000000000E+00;0
0.00000000000000E+00;0.00000000000000E+00;0.00000000000000E+00;0
0.00000000000000E+00;0.00000000000000E+00;0.00000000000000E+00;0
0.00000000000000E+00;0.00000000000000E+00;0.00000000000000E+00;0
0.00000000000000E+00;0.00000000000000E+00;0.00000000000000E+00;0
0.00000000000000E+00;0.00000000000000E+00;0.00000000000000E+00;0
0.00000000000000E+00;0.00000000000000E+00;0.00000000000000E+00;0
0.00000000000000E+00;0.00000000000000E+00;0.00000000000000E+00;0
0.00000000000000E+00;0.00000000000000E+00;0.00000000000000E+00;0
0.00000000000000E+00;0.00000000000000E+00;0.00000000000000E+00;0
0.00000000000000E+00;0.00000000000000E+00;0.00000000000000E+00;0
0.00000000000000E+00;0.00000000000000E+00;0.00000000000000E+00;0
0.00000000000000E+00;0.00000000000000E+00;0.00000000000000E+00;0
0.00000000000000E+00;0.00000000000000E+00;0.00000000000000E+00;0
0.00000000000000E+00;0.00000000000000E+00;0.00000000000000E+00;0
0.00000000000000E+00;0.00000000000000E+00;0.00000000000000E+00;0
0.00000000000000E+00;0.00000000000000E+00;0.00000000000000E+00;0
0.00000000000000E+00;0.00000000000000E+00;0.00000000000000E+00;0
0.00000000000000E+00;0.00000000000000E+00;0.00000000000000E+00;0
0.00000000000000E+00;0.00000000000000E+00;0.00000000000000E+00;0
0.00000000000000E+00;0.00000000000000E+00;0.00000000000000E+00;0
0.00000000000000E+00;0.00000000000000E+00;0.00000000000000E+00;0
0.00000000000000E+00;0.00000000000000E+00;0.00000000000000E+00;0
0.00000000000000E+00;0.00000000000000E+00;0.00000000000000E+00;0
0.00000000000000E+00;0.00000000000000E+00;0.00000000000000E+00;0
0.00000000000000E+00;0.00000000000000E+00;0.00000000000000E+00;0
0.00000000000000E+00;0.00000000000000E+00;0.00000000000000E+00;0
0.00000000000000E+00;0.00000000000000E+00;0.00000000000000E+00;0
0.00000000000000E+00;0.00000000000000E+00;0.00000000000000E+00;0
0.00000000000000E+00;0.00000000000000E+00;0.00000000000000E+00;0
0.00000000000000E+00;0.00000000000000E+00;0.00000000000000E+00;0
0.00000000000000E+00;0.00000000000000E+00;0.00000000000000E+00;0
0.00000000000000E+00;0.00000000000000E+00;0.00000000000000E+00;0
0.00000000000000E+00;0.00000000000000E+00;0.00000000000000E+00;0
0.00000000000000E+00;0.00000000000000E+00;0.00000000000000E+00;0
0.00000000000000E+00;0.00000000000000E+00;0.00000000000000E+00;0
0.00000000000000E+00;0.00000000000000E+00;0.00000000000000E+00;0
0.00000000000000E+00;0.00000000000000E+00;0.00000000000000E+00;0
0.00000000000000E+00;0.00000000000000E+00;0.00000000000000E+00;0
0.00000000000000E+00;0.00000000000000E+00;0.00000000000000E+00;0
0.00000000000000E+00;0.00000000000000E+00;0.00000000000000E+00;0
0.00000000000000E+00;0.00000000000000E+00;0.00000000000000E+00;0
0.00000000000000E+00;0.00000000000000E+00;0.00000000000000E+00;0
0.00000000000000E+00;0.00000000000000E+00;0.00000000000000E+00;0
0.00000000000000E+00;0.00000000000000E+00;0.00000000000000E+00;0
0.00000000000000E+00;0.00000000000000E+00;0.00000000000000E+00;0
0.00000000000000E+00;0.00000000000000E+00;0.00000000000000E+00;0
0.00000000000000E+00;0.00000000000000E+00;0.00000000000000E+00;0
0.00000000000000E+00;0.00000000000000E+00;0.00000000000000E+00;0
0.00000000000000E+00;0.00000000000000E+00;0.00000000000000E+00;0
0.00000000000000E+00;0.00000000000000E+00;0.00000000000000E+00;0
0.00000000000000E+00;0.00000000000000E+00;0.00000000000000E+00;0
0.00000000000000E+00;0.00000000000000E+00;0.00000000000000E+00;0
0.00000000000000E+00;0.00000000000000E+00;0.00000000000000E+00;0
0.00000000000000E+00;0.00000000000000E+00;0.00000000000000E+00;0
0.00000000000000E+00;0.00000000000000E+00;0.00000000000000E+00;0
0.00000000000000E+00;0.00000000000000E+00;0.00000000000000E+00;0
0.00000000000000E+00;0.00000000000000E+00;0.00000000000000E+00;0
0.00000000000000E+00;0.00000000000000E+00;0.00000000000000E+00;0
0.00000000000000E+00;0.00000000000000E+00;0.00000000000000E+00;0
0.00000000000000E+00;0.00000000000000E+00;0.00000000000000E+00;0
0.00000000000000E+00;0.00000000000000E+00;0.00000000000000E+00;0
0.00000000000000E+00;0.00000000000000E+00;0.00000000000000E+00;0
0.00000000000000E+00;0.00000000000000E+00;0.00000000000000E+00;0
0.00000000000000E+00;0.00000000000000E+00;0.00000000000000E+00;0
0.00000000000000E+00;0.00000000000000E+00;0.00000000000000E+00;0
0.00000000000000E+00;0.00000000000000E+00;0.00000000000000E+00;0
0.00000000000000E+00;0.00000000000000E+00;0.00000000000000E+00;0
0.00000000000000E+00;0.00000000000000E+00;0.00000000000000E+00;0
0.00000000000000E+00;0.00000000000000E+00;0.00000000000000E+00;0
0.00000000000000E+00;0.00000000000000E+00;0.00000000000000E+00;0
0.00000000000000E+00;0.00000000000000E+00;0.00000000000000E+00;0
0.00000000000000E+00;0.00000000000000E+00;0.00000000000000E+00;0
0.00000000000000E+00;0.00000000000000E+00;0.00000000000000E+00;0
0.00000000000000E+00;0.00000000000000E+00;0.00000000000000E+00;0
0.00000000000000E+00;0.00000000000000E+00;0.00000000000000E+00;0
0.00000000000000E+00;0.00000000000000E+00;0.00000000000000E+00;0
0.00000000000000E+00;0.00000000000000E+00;0.00000000000000E+00;0
0.00000000000000E+00;0.00000000000000E+00;0.00000000000000E+00;0
0.00000000000000E+00;0.00000000000000E+00;0.00000000000000E+00;0
0.00000000000000E+00;0.00000000000000E+00;0.00000000000000E+00;0
0.00000000000000E+00;0.00000000000000E+00;0.00000000000000E+00;0
0.00000000000000E+00;0.00000000000000E+00;0.00000000000000E+00;0
0.00000000000000E+00;0.00000000000000E+00;0.00000000000000E+00;0
0.00000000000000E+00;0.00000000000000E+00;0.00000000000000E+00;0
0.00000000000000E+00;0.00000000000000E+00;0.00000000000000E+00;0
0.00000000000000E+00;0.00000000000000E+00;0.00000000000000E+00;0
0.00000000000000E+00;0.00000000000000E+00;0.00000000000000E+00;0
0.00000000000000E+00;0.00000000000000E+00;0.00000000000000E+00;0
0.00000000000000E+00;0.00000000000000E+00;0.00000000000000E+00;0
0.00000000000000E+00;0.00000000000000E+00;0.00000000000000E+00;0
0.00000000000000E+00;0.00000000000000E+00;0.00000000000000E+00;0
0.00000000000000E+00;0.00000000000000E+00;0.00000000000000E+00;0
0.00000000000000E+00;0.00000000000000E+00;0.00000000000000E+00;0
0.00000000000000E+00;0.00000000000000E+00;0.00000000000000E+00;0
0.00000000000000E+00;0.00000000000000E+00;0.00000000000000E+00;0
0.00000000000000E+00;0.00000000000000E+00;0.00000000000000E+00;0
0.00000000000000E+00;0.00000000000000E+00;0.00000000000000E+00;0
0.00000000000000E+00;0.00000000000000E+00;0.00000000000000E+00;0
0.00000000000000E+00;0.00000000000000E+00;0.00000000000000E+00;0
0.00000000000000E+00;0.00000000000000E+00;0.00000000000000E+00;0
0.00000000000000E+00;0.00000000000000E+00;0.00000000000000E+00;0
0.00000000000000E+00;0.00000000000000E+00;0.00000000000000E+00;0
0.00000000000000E+00;0.00000000000000E+00;0.00000000000000E+00;0
0.00000000000000E+00;0.00000000000000E+00;0.00000000000000E+00;0
0.00000000000000E+00;0.00000000000000E+00;0.00000000000000E+00;0
0.00000000000000E+00;0.00000000000000E+00;0.00000000000000E+00;0
0.00000000000000E+00;0.00000000000000E+00;0.00000000000000E+00;0
0.00000000000000E+00;0.00000000000000E+00;0.00000000000000E+00;0
0.00000000000000E+00;0.00000000000000E+00;0.00000000000000E+00;0
0.00000000000000E+00;0.00000000000000E+00;0.00000000000000E+00;0
0.00000000000000E+00;0.00000000000000E+00;0.00000000000000E+00;0
0.00000000000000E+00;0.00000000000000E+00;0.00000000000000E+00;0
0.00000000000000E+00;0.00000000000000E+00;0.00000000000000E+00;0
0.00000000000000E+00;0.00000000000000E+00;0.00000000000000E+00;0
0.00000000000000E+00;0.00000000000000E+00;0.00000000000000E+00;0
0.00000000000000E+00;0.00000000000000E+00;0.00000000000000E+00;0
0.00000000000000E+00;0.00000000000000E+00;0.00000000000000E+00;0
0.00000000000000E+00;0.00000000000000E+00;0.00000000000000E+00;0
0.00000000000000E+00;0.00000000000000E+00;0.00000000000000E+00;0
0.00000000000000E+00;0.00000000000000E+00;0.00000000000000E+00;0
0.00000000000000E+00;0.00000000000000E+00;0.00000000000000E+00;0
0.00000000000000E+00;0.00000000000000E+00;0.00000000000000E+00;0
0.00000000000000E+00;0.00000000000000E+00;0.00000000000000E+00;0
0.00000000000000E+00;0.00000000000000E+00;0.00000000000000E+00;0
0.00000000000000E+00;0.00000000000000E+00;0.00000000000000E+00;0
0.00000000000000E+00;0.00000000000000E+00;0.00000000000000E+00;0
0.00000000000000E+00;0.00000000000000E+00;0.00000000000000E+00;0
0.00000000000000E+00;0.00000000000000E+00;0.00000000000000E+00;0
0.00000000000000E+00;0.00000000000000E+00;0.00000000000000E+00;0
0.00000000000000E+00;0.00000000000000E+00;0.00000000000000E+00;0
0.00000000000000E+00;0.00000000000000E+00;0.00000000000000E+00;0
0.00000000000000E+00;0.00000000000000E+00;0.00000000000000E+00;0
0.00000000000000E+00;0.00000000000000E+00;0.00000000000000E+00;0
0.00000000000000E+00;0.00000000000000E+00;0.00000000000000E+00;0
0.00000000000000E+00;0.00000000000000E+00;0.00000000000000E+00;0
0.00000000000000E+00;0.00000000000000E+00;0.00000000000000E+00;0
0.00000000000000E+00;0.00000000000000E+00;0.00000000000000E+00;0
0.00000000000000E+00;0.00000000000000E+00;0.00000000000000E+00;0
0.00000000000000E+00;0.00000000000000E+00;0.00000000000000E+00;0
0.00000000000000E+00;0.00000000000000E+00;0.00000000000000E+00;0
0.00000000000000E+00;0.00000000000000E+00;0.00000000000000E+00;0
0.00000000000000E+00;0.00000000000000E+00;0.00000000000000E+00;0
0.00000000000000E+00;0.00000000000000E+00;0.00000000000000E+00;0
0.00000000000000E+00;0.00000000000000E+00;0.00000000000000E+00;0
0.00000000000000E+00;0.00000000000000E+00;0.00000000000000E+00;0
0.00000000000000E+00;0.00000000000000E+00;0.00000000000000E+00;0
0.00000000000000E+00;0.00000000000000E+00;0.00000000000000E+00;0
0.00000000000000E+00;0.00000000000000E+00;0.00000000000000E+00;0
0.00000000000000E+00;0.00000000000000E+00;0.00000000000000E+00;0
0.00000000000000E+00;0.00000000000000E+00;0.00000000000000E+00;0
0.00000000000000E+00;0.00000000000000E+00;0.00000000000000E+00;0
0.00000000000000E+00;0.00000000000000E+00;0.00000000000000E+00;0
0.00000000000000E+00;0.00000000000000E+00;0.00000000000000E+00;0
0.00000000000000E+00;0.00000000000000E+00;0.00000000000000E+00;0
0.00000000000000E+00;0.00000000000000E+00;0.00000000000000E+00;0
0.00000000000000E+00;0.00000000000000E+00;0.00000000000000E+00;0
0.00000000000000E+00;0.00000000000000E+00;0.00000000000000E+00;0
0.00000000000000E+00;0.00000000000000E+00;0.00000000000000E+00;0
0.00000000000000E+00;0.00000000000000E+00;0.00000000000000E+00;0
0.00000000000000E+00;0.00000000000000E+00;0.00000000000000E+00;0
0.00000000000000E+00;0.00000000000000E+00;0.00000000000000E+00;0
0.00000000000000E+00;0.00000000000000E+00;0.00000000000000E+00;0
0.00000000000000E+00;0.00000000000000E+00;0.00000000000000E+00;0
0.00000000000000E+00;0.00000000000000E+00;0.00000000000000E+00;0
0.00000000000000E+00;0.00000000000000E+00;0.00000000000000E+00;0
0.00000000000000E+00;0.00000000000000E+00;0.00000000000000E+00;0
0.00000000000000E+00;0.00000000000000E+00;0.00000000000000E+00;0
0.00000000000000E+00;0.00000000000000E+00;0.00000000000000E+00;0
0.00000000000000E+00;0.00000000000000E+00;0.00000000000000E+00;0
0.00000000000000E+00;0.00000000000000E+00;0.00000000000000E+00;0
0.00000000000000E+00;0.00000000000000E+00;0.00000000000000E+00;0
0.00000000000000E+00;0.00000000000000E+00;0.00000000000000E+00;0
0.00000000000000E+00;0.00000000000000E+00;0.00000000000000E+00;0
0.00000000000000E+00;0.00000000000000E+00;0.00000000000000E+00;0
0.00000000000000E+00;0.00000000000000E+00;0.00000000000000E+00;0
0.00000000000000E+00;0.00000000000000E+00;0.00000000000000E+00;0
0.00000000000000E+00;0.00000000000000E+00;0.00000000000000E+00;0
0.00000000000000E+00;0.00000000000000E+00;0.00000000000000E+00;0
0.00000000000000E+00;0.00000000000000E+00;0.00000000000000E+00;0
0.00000000000000E+00;0.00000000000000E+00;0.00000000000000E+00;0
0.00000000000000E+00;0.00000000000000E+00;0.00000000000000E+00;0
0.00000000000000E+00;0.00000000000000E+00;0.00000000000000E+00;0
0.00000000000000E+00;0.00000000000000E+00;0.00000000000000E+00;0
0.00000000000000E+00;0.00000000000000E+00;0.00000000000000E+00;0
0.00000000000000E+00;0.00000000000000E+00;0.00000000000000E+00;0
0.00000000000000E+00;0.00000000000000E+00;0.00000000000000E+00;0
0.00000000000000E+00;0.00000000000000E+00;0.00000000000000E+00;0
0.00000000000000E+00;0.00000000000000E+00;0.00000000000000E+00;0
0.00000000000000E+00;0.00000000000000E+00;0.00000000000000E+00;0
0.00000000000000E+00;0.00000000000000E+00;0.00000000000000E+00;0
0.00000000000000E+00;0.00000000000000E+00;0.00000000000000E+00;0
0.00000000000000E+00;0.00000000000000E+00;0.00000000000000E+00;0
0.00000000000000E+00;0.00000000000000E+00;0.00000000000000E+00;0
0.00000000000000E+00;0.00000000000000E+00;0.00000000000000E+00;0
0.00000000000000E+00;0.00000000000000E+00;0.00000000000000E+00;0
0.00000000000000E+00;0.00000000000000E+00;0.00000000000000E+00;0
0.00000000000000E+00;0.00000000000000E+00;0.00000000000000E+00;0
0.00000000000000E+00;0.00000000000000E+00;0.00000000000000E+00;0
0.00000000000000E+00;0.00000000000000E+00;0.00000000000000E+00;0
0.00000000000000E+00;0.00000000000000E+00;0.00000000000000E+00;0
0.00000000000000E+00;0.00000000000000E+00;0.00000000000000E+00;0
0.00000000000000E+00;0.00000000000000E+00;0.00000000000000E+00;0
0.00000000000000E+00;0.00000000000000E+00;0.00000000000000E+00;0
0.00000000000000E+00;0.00000000000000E+00;0.00000000000000E+00;0
0.00000000000000E+00;0.00000000000000E+00;0.00000000000000E+00;0
0.00000000000000E+00;0.00000000000000E+00;0.00000000000000E+00;0
0.00000000000000E+00;0.00000000000000E+00;0.00000000000000E+00;0
0.00000000000000E+00;0.00000000000000E+00;0.00000000000000E+00;0
0.00000000000000E+00;0.00000000000000E+00;0.00000000000000E+00;0
0.00000000000000E+00;0.00000000000000E+00;0.00000000000000E+00;0
0.00000000000000E+00;0.00000000000000E+00;0.00000000000000E+00;0
0.00000000000000E+00;0.00000000000000E+00;0.00000000000000E+00;0
0.00000000000000E+00;0.00000000000000E+00;0.00000000000000E+00;0
0.00000000000000E+00;0.00000000000000E+00;0.00000000000000E+00;0
0.00000000000000E+00;0.00000000000000E+00;0.00000000000000E+00;0
0.00000000000000E+00;0.00000000000000E+00;0.00000000000000E+00;0
0.00000000000000E+00;0.00000000000000E+00;0.00000000000000E+00;0
0.00000000000000E+00;0.00000000000000E+00;0.00000000000000E+00;0
0.00000000000000E+00;0.00000000000000E+00;0.00000000000000E+00;0
0.00000000000000E+00;0.00000000000000E+00;0.00000000000000E+00;0
0.00000000000000E+00;0.00000000000000E+00;0.00000000000000E+00;0
0.00000000000000E+00;0.00000000000000E+00;0.00000000000000E+00;0
0.00000000000000E+00;0.00000000000000E+00;0.00000000000000E+00;0
0.00000000000000E+00;0.00000000000000E+00;0.00000000000000E+00;0
0.00000000000000E+00;0.00000000000000E+00;0.00000000000000E+00;0
0.00000000000000E+00;0.00000000000000E+00;0.00000000000000E+00;0
0.00000000000000E+00;0.00000000000000E+00;0.00000000000000E+00;0
0.00000000000000E+00;0.00000000000000E+00;0.00000000000000E+00;0
0.00000000000000E+00;0.00000000000000E+00;0.00000000000000E+00;0
0.00000000000000E+00;0.00000000000000E+00;0.00000000000000E+00;0
0.00000000000000E+00;0.00000000000000E+00;0.00000000000000E+00;0
0.00000000000000E+00;0.00000000000000E+00;0.00000000000000E+00;0
0.00000000000000E+00;0.00000000000000E+00;0.00000000000000E+00;0
0.00000000000000E+00;0.00000000000000E+00;0.00000000000000E+00;0
0.00000000000000E+00;0.00000000000000E+00;0.00000000000000E+00;0
0.00000000000000E+00;0.00000000000000E+00;0.00000000000000E+00;0
0.00000000000000E+00;0.00000000000000E+00;0.00000000000000E+00;0
0.00000000000000E+00;0.00000000000000E+00;0.00000000000000E+00;0
0.00000000000000E+00;0.00000000000000E+00;0.00000000000000E+00;0
0.00000000000000E+00;0.00000000000000E+00;0.00000000000000E+00;0
0.00000000000000E+00;0.00000000000000E+00;0.00000000000000E+00;0
0.00000000000000E+00;0.00000000000000E+00;0.00000000000000E+00;0
0.00000000000000E+00;0.00000000000000E+00;0.00000000000000E+00;0
0.00000000000000E+00;0.00000000000000E+00;0.00000000000000E+00;0
0.00000000000000E+00;0.00000000000000E+00;0.00000000000000E+00;0
0.00000000000000E+00;0.00000000000000E+00;0.00000000000000E+00;0
0.00000000000000E+00;0.00000000000000E+00;0.00000000000000E+00;0
0.00000000000000E+00;0.00000000000000E+00;0.00000000000000E+00;0
0.00000000000000E+00;0.00000000000000E+00;0.00000000000000E+00;0
0.00000000000000E+00;0.00000000000000E+00;0.00000000000000E+00;0
0.00000000000000E+00;0.00000000000000E+00;0.00000000000000E+00;0
0.00000000000000E+00;0.00000000000000E+00;0.00000000000000E+00;0
0.00000000000000E+00;0.00000000000000E+00;0.00000000000000E+00;0
0.00000000000000E+00;0.00000000000000E+00;0.00000000000000E+00;0
0.00000000000000E+00;0.00000000000000E+00;0.00000000000000E+00;0
0.00000000000000E+00;0.00000000000000E+00;0.00000000000000E+00;0
0.00000000000000E+00;0.00000000000000E+00;0.00000000000000E+00;0
0.00000000000000E+00;0.00000000000000E+00;0.00000000000000E+00;0
0.00000000000000E+00;0.00000000000000E+00;0.00000000000000E+00;0
0.00000000000000E+00;0.00000000000000E+00;0.00000000000000E+00;0
0.00000000000000E+00;0.00000000000000E+00;0.00000000000000E+00;0
0.00000000000000E+00;0.00000000000000E+00;0.00000000000000E+00;0
0.00000000000000E+00;0.00000000000000E+00;0.00000000000000E+00;0
0.00000000000000E+00;0.00000000000000E+00;0.00000000000000E+00;0
0.00000000000000E+00;0.00000000000000E+00;0.00000000000000E+00;0
0.00000000000000E+00;0.00000000000000E+00;0.00000000000000E+00;0
0.00000000000000E+00;0.00000000000000E+00;0.00000000000000E+00;0
0.00000000000000E+00;0.00000000000000E+00;0.00000000000000E+00;0
0.00000000000000E+00;0.00000000000000E+00;0.00000000000000E+00;0
0.00000000000000E+00;0.00000000000000E+00;0.00000000000000E+00;0
0.00000000000000E+00;0.00000000000000E+00;0.00000000000000E+00;0
0.00000000000000E+00;0.00000000000000E+00;0.00000000000000E+00;0
0.00000000000000E+00;0.00000000000000E+00;0.00000000000000E+00;0
0.00000000000000E+00;0.00000000000000E+00;0.00000000000000E+00;0
0.00000000000000E+00;0.00000000000000E+00;0.00000000000000E+00;0
0.00000000000000E+00;0.00000000000000E+00;0.00000000000000E+00;0
0.00000000000000E+00;0.00000000000000E+00;0.00000000000000E+00;0
0.00000000000000E+00;0.00000000000000E+00;0.00000000000000E+00;0
0.00000000000000E+00;0.00000000000000E+00;0.00000000000000E+00;0
0.00000000000000E+00;0.00000000000000E+00;0.00000000000000E+00;0
0.00000000000000E+00;0.00000000000000E+00;0.00000000000000E+00;0
0.00000000000000E+00;0.00000000000000E+00;0.00000000000000E+00;0
0.00000000000000E+00;0.00000000000000E+00;0.00000000000000E+00;0
0.00000000000000E+00;0.00000000000000E+00;0.00000000000000E+00;0
0.00000000000000E+00;0.00000000000000E+00;0.00000000000000E+00;0
0.00000000000000E+00;0.00000000000000E+00;0.00000000000000E+00;0
0.00000000000000E+00;0.00000000000000E+00;0.00000000000000E+00;0
0.00000000000000E+00;0.00000000000000E+00;0.00000000000000E+00;0
0.00000000000000E+00;0.00000000000000E+00;0.00000000000000E+00;0
0.00000000000000E+00;0.00000000000000E+00;0.00000000000000E+00;0
0.00000000000000E+00;0.00000000000000E+00;0.00000000000000E+00;0
0.00000000000000E+00;0.00000000000000E+00;0.00000000000000E+00;0
0.00000000000000E+00;0.00000000000000E+00;0.00000000000000E+00;0
0.00000000000000E+00;0.00000000000000E+00;0.00000000000000E+00;0
0.00000000000000E+00;0.00000000000000E+00;0.00000000000000E+00;0
0.00000000000000E+00;0.00000000000000E+00;0.00000000000000E+00;0
0.00000000000000E+00;0.00000000000000E+00;0.00000000000000E+00;0
0.00000000000000E+00;0.00000000000000E+00;0.00000000000000E+00;0
0.00000000000000E+00;0.00000000000000E+00;0.00000000000000E+00;0
0.00000000000000E+00;0.00000000000000E+00;0.00000000000000E+00;0
0.00000000000000E+00;0.00000000000000E+00;0.00000000000000E+00;0
0.00000000000000E+00;0.00000000000000E+00;0.00000000000000E+00;0
0.00000000000000E+00;0.00000000000000E+00;0.00000000000000E+00;0
0.00000000000000E+00;0.00000000000000E+00;0.00000000000000E+00;0
0.00000000000000E+00;0.00000000000000E+00;0.00000000000000E+00;0
0.00000000000000E+00;0.00000000000000E+00;0.00000000000000E+00;0
0.00000000000000E+00;0.00000000000000E+00;0.00000000000000E+00;0
0.00000000000000E+00;0.00000000000000E+00;0.00000000000000E+00;0
0.00000000000000E+00;0.00000000000000E+00;0.00000000000000E+00;0
0.00000000000000E+00;0.00000000000000E+00;0.00000000000000E+00;0
0.00000000000000E+00;0.00000000000000E+00;0.00000000000000E+00;0
0.00000000000000E+00;0.00000000000000E+00;0.00000000000000E+00;0
0.00000000000000E+00;0.00000000000000E+00;0.00000000000000E+00;0
0.00000000000000E+00;0.00000000000000E+00;0.00000000000000E+00;0
0.00000000000000E+00;0.00000000000000E+00;0.00000000000000E+00;0
0.00000000000000E+00;0.00000000000000E+00;0.00000000000000E+00;0
0.00000000000000E+00;0.00000000000000E+00;0.00000000000000E+00;0
0.00000000000000E+00;0.00000000000000E+00;0.00000000000000E+00;0
0.00000000000000E+00;0.00000000000000E+00;0.00000000000000E+00;0
0.00000000000000E+00;0.00000000000000E+00;0.00000000000000E+00;0
0.00000000000000E+00;0.00000000000000E+00;0.00000000000000E+00;0
0.00000000000000E+00;0.00000000000000E+00;0.00000000000000E+00;0
0.00000000000000E+00;0.00000000000000E+00;0.00000000000000E+00;0
0.00000000000000E+00;0.00000000000000E+00;0.00000000000000E+00;0
0.00000000000000E+00;0.00000000000000E+00;0.00000000000000E+00;0
0.00000000000000E+00;0.00000000000000E+00;0.00000000000000E+00;0
0.00000000000000E+00;0.00000000000000E+00;0.00000000000000E+00;0
0.00000000000000E+00;0.00000000000000E+00;0.00000000000000E+00;0
0.00000000000000E+00;0.00000000000000E+00;0.00000000000000E+00;0
0.00000000000000E+00;0.00000000000000E+00;0.00000000000000E+00;0
0.00000000000000E+00;0.00000000000000E+00;0.00000000000000E+00;0
0.00000000000000E+00;0.00000000000000E+00;0.00000000000000E+00;0
0.00000000000000E+00;0.00000000000000E+00;0.00000000000000E+00;0
0.00000000000000E+00;0.00000000000000E+00;0.00000000000000E+00;0
0.00000000000000E+00;0.00000000000000E+00;0.00000000000000E+00;0
0.00000000000000E+00;0.00000000000000E+00;0.00000000000000E+00;0
0.00000000000000E+00;0.00000000000000E+00;0.00000000000000E+00;0
0.00000000000000E+00;0.00000000000000E+00;0.00000000000000E+00;0
0.00000000000000E+00;0.00000000000000E+00;0.00000000000000E+00;0
0.00000000000000E+00;0.00000000000000E+00;0.00000000000000E+00;0
0.00000000000000E+00;0.00000000000000E+00;0.00000000000000E+00;0
0.00000000000000E+00;0.00000000000000E+00;0.00000000000000E+00;0
0.00000000000000E+00;0.00000000000000E+00;0.00000000000000E+00;0
0.00000000000000E+00;0.00000000000000E+00;0.00000000000000E+00;0
0.00000000000000E+00;0.00000000000000E+00;0.00000000000000E+00;0
0.00000000000000E+00;0.00000000000000E+00;0.00000000000000E+00;0
0.00000000000000E+00;0.00000000000000E+00;0.00000000000000E+00;0
0.00000000000000E+00;0.00000000000000E+00;0.00000000000000E+00;0
0.00000000000000E+00;0.00000000000000E+00;0.00000000000000E+00;0
0.00000000000000E+00;0.00000000000000E+00;0.00000000000000E+00;0
0.00000000000000E+00;0.00000000000000E+00;0.00000000000000E+00;0
0.00000000000000E+00;0.00000000000000E+00;0.00000000000000E+00;0
0.00000000000000E+00;0.00000000000000E+00;0.00000000000000E+00;0
0.00000000000000E+00;0.00000000000000E+00;0.00000000000000E+00;0
0.00000000000000E+00;0.00000000000000E+00;0.00000000000000E+00;0
0.00000000000000E+00;0.00000000000000E+00;0.00000000000000E+00;0
0.00000000000000E+00;0.00000000000000E+00;0.00000000000000E+00;0
0.00000000000000E+00;0.00000000000000E+00;0.00000000000000E+00;0
0.00000000000000E+00;0.00000000000000E+00;0.00000000000000E+00;0
0.00000000000000E+00;0.00000000000000E+00;0.00000000000000E+00;0
0.00000000000000E+00;0.00000000000000E+00;0.00000000000000E+00;0
0.00000000000000E+00;0.00000000000000E+00;0.00000000000000E+00;0
0.00000000000000E+00;0.00000000000000E+00;0.00000000000000E+00;0
0.00000000000000E+00;0.00000000000000E+00;0.00000000000000E+00;0
0.00000000000000E+00;0.00000000000000E+00;0.00000000000000E+00;0
0.00000000000000E+00;0.00000000000000E+00;0.00000000000000E+00;0
0.00000000000000E+00;0.00000000000000E+00;0.00000000000000E+00;0
0.00000000000000E+00;0.00000000000000E+00;0.00000000000000E+00;0
0.00000000000000E+00;0.00000000000000E+00;0.00000000000000E+00;0
0.00000000000000E+00;0.00000000000000E+00;0.00000000000000E+00;0
0.00000000000000E+00;0.00000000000000E+00;0.00000000000000E+00;0
0.00000000000000E+00;0.00000000000000E+00;0.00000000000000E+00;0
0.00000000000000E+00;0.00000000000000E+00;0.00000000000000E+00;0
0.00000000000000E+00;0.00000000000000E+00;0.00000000000000E+00;0
0.00000000000000E+00;0.00000000000000E+00;0.00000000000000E+00;0
0.00000000000000E+00;0.00000000000000E+00;0.00000000000000E+00;0
0.00000000000000E+00;0.00000000000000E+00;0.00000000000000E+00;0
0.00000000000000E+00;0.00000000000000E+00;0.00000000000000E+00;0
0.00000000000000E+00;0.00000000000000E+00;0.00000000000000E+00;0
0.00000000000000E+00;0.00000000000000E+00;0.00000000000000E+00;0
0.00000000000000E+00;0.00000000000000E+00;0.00000000000000E+00;0
0.00000000000000E+00;0.00000000000000E+00;0.00000000000000E+00;0
0.00000000000000E+00;0.00000000000000E+00;0.00000000000000E+00;0
0.00000000000000E+00;0.00000000000000E+00;0.00000000000000E+00;0
0.00000000000000E+00;0.00000000000000E+00;0.00000000000000E+00;0
0.00000000000000E+00;0.00000000000000E+00;0.00000000000000E+00;0
0.00000000000000E+00;0.00000000000000E+00;0.00000000000000E+00;0
0.00000000000000E+00;0.00000000000000E+00;0.00000000000000E+00;0
0.00000000000000E+00;0.00000000000000E+00;0.00000000000000E+00;0
0.00000000000000E+00;0.00000000000000E+00;0.00000000000000E+00;0
0.00000000000000E+00;0.00000000000000E+00;0.00000000000000E+00;0
0.00000000000000E+00;0.00000000000000E+00;0.00000000000000E+00;0
0.00000000000000E+00;0.00000000000000E+00;0.00000000000000E+00;0
0.00000000000000E+00;0.00000000000000E+00;0.00000000000000E+00;0
0.00000000000000E+00;0.00000000000000E+00;0.00000000000000E+00;0
0.00000000000000E+00;0.00000000000000E+00;0.00000000000000E+00;0
0.00000000000000E+00;0.00000000000000E+00;0.00000000000000E+00;0
0.00000000000000E+00;0.00000000000000E+00;0.00000000000000E+00;0
0.00000000000000E+00;0.00000000000000E+00;0.00000000000000E+00;0
0.00000000000000E+00;0.00000000000000E+00;0.00000000000000E+00;0
0.00000000000000E+00;0.00000000000000E+00;0.00000000000000E+00;0
0.00000000000000E+00;0.00000000000000E+00;0.00000000000000E+00;0
0.00000000000000E+00;0.00000000000000E+00;0.00000000000000E+00;0
0.00000000000000E+00;0.00000000000000E+00;0.00000000000000E+00;0
0.00000000000000E+00;0.00000000000000E+00;0.00000000000000E+00;0
0.00000000000000E+00;0.00000000000000E+00;0.00000000000000E+00;0
0.00000000000000E+00;0.00000000000000E+00;0.00000000000000E+00;0
0.00000000000000E+00;0.00000000000000E+00;0.00000000000000E+00;0
0.00000000000000E+00;0.00000000000000E+00;0.00000000000000E+00;0
0.00000000000000E+00;0.00000000000000E+00;0.00000000000000E+00;0
0.00000000000000E+00;0.00000000000000E+00;0.00000000000000E+00;0
0.00000000000000E+00;0.00000000000000E+00;0.00000000000000E+00;0
0.00000000000000E+00;0.00000000000000E+00;0.00000000000000E+00;0
0.00000000000000E+00;0.00000000000000E+00;0.00000000000000E+00;0
0.00000000000000E+00;0.00000000000000E+00;0.00000000000000E+00;0
0.00000000000000E+00;0.00000000000000E+00;0.00000000000000E+00;0
0.00000000000000E+00;0.00000000000000E+00;0.00000000000000E+00;0
0.00000000000000E+00;0.00000000000000E+00;0.00000000000000E+00;0
0.00000000000000E+00;0.00000000000000E+00;0.00000000000000E+00;0
0.00000000000000E+00;0.00000000000000E+00;0.00000000000000E+00;0
0.00000000000000E+00;0.00000000000000E+00;0.00000000000000E+00;0
0.00000000000000E+00;0.00000000000000E+00;0.00000000000000E+00;0
0.00000000000000E+00;0.00000000000000E+00;0.00000000000000E+00;0
0.00000000000000E+00;0.00000000000000E+00;0.00000000000000E+00;0
0.00000000000000E+00;0.00000000000000E+00;0.00000000000000E+00;0
0.00000000000000E+00;0.00000000000000E+00;0.00000000000000E+00;0
0.00000000000000E+00;0.00000000000000E+00;0.00000000000000E+00;0
0.00000000000000E+00;0.00000000000000E+00;0.00000000000000E+00;0
0.00000000000000E+00;0.00000000000000E+00;0.00000000000000E+00;0
0.00000000000000E+00;0.00000000000000E+00;0.00000000000000E+00;0
0.00000000000000E+00;0.00000000000000E+00;0.00000000000000E+00;0
0.00000000000000E+00;0.00000000000000E+00;0.00000000000000E+00;0
0.00000000000000E+00;0.00000000000000E+00;0.00000000000000E+00;0
0.00000000000000E+00;0.00000000000000E+00;0.00000000000000E+00;0
0.00000000000000E+00;0.00000000000000E+00;0.00000000000000E+00;0
0.00000000000000E+00;0.00000000000000E+00;0.00000000000000E+00;0
0.00000000000000E+00;0.00000000000000E+00;0.00000000000000E+00;0
0.00000000000000E+00;0.00000000000000E+00;0.00000000000000E+00;0
0.00000000000000E+00;0.00000000000000E+00;0.00000000000000E+00;0
0.00000000000000E+00;0.00000000000000E+00;0.00000000000000E+00;0
0.00000000000000E+00;0.00000000000000E+00;0.00000000000000E+00;0
0.00000000000000E+00;0.00000000000000E+00;0.00000000000000E+00;0
0.00000000000000E+00;0.00000000000000E+00;0.00000000000000E+00;0
0.00000000000000E+00;0.00000000000000E+00;0.00000000000000E+00;0
0.00000000000000E+00;0.00000000000000E+00;0.00000000000000E+00;0
0.00000000000000E+00;0.00000000000000E+00;0.00000000000000E+00;0
0.00000000000000E+00;0.00000000000000E+00;0.00000000000000E+00;0
0.00000000000000E+00;0.00000000000000E+00;0.00000000000000E+00;0
0.00000000000000E+00;0.00000000000000E+00;0.00000000000000E+00;0
0.00000000000000E+00;0.00000000000000E+00;0.00000000000000E+00;0
0.00000000000000E+00;0.00000000000000E+00;0.00000000000000E+00;0
0.00000000000000E+00;0.00000000000000E+00;0.00000000000000E+00;0
0.00000000000000E+00;0.00000000000000E+00;0.00000000000000E+00;0
0.00000000000000E+00;0.00000000000000E+00;0.00000000000000E+00;0
0.00000000000000E+00;0.00000000000000E+00;0.00000000000000E+00;0
0.00000000000000E+00;0.00000000000000E+00;0.00000000000000E+00;0
0.00000000000000E+00;0.00000000000000E+00;0.00000000000000E+00;0
0.00000000000000E+00;0.00000000000000E+00;0.00000000000000E+00;0
0.00000000000000E+00;0.00000000000000E+00;0.00000000000000E+00;0
0.00000000000000E+00;0.00000000000000E+00;0.00000000000000E+00;0
0.00000000000000E+00;0.00000000000000E+00;0.00000000000000E+00;0
0.00000000000000E+00;0.00000000000000E+00;0.00000000000000E+00;0
0.00000000000000E+00;0.00000000000000E+00;0.00000000000000E+00;0
0.00000000000000E+00;0.00000000000000E+00;0.00000000000000E+00;0
0.00000000000000E+00;0.00000000000000E+00;0.00000000000000E+00;0
0.00000000000000E+00;0.00000000000000E+00;0.00000000000000E+00;0
0.00000000000000E+00;0.00000000000000E+00;0.00000000000000E+00;0
0.00000000000000E+00;0.00000000000000E+00;0.00000000000000E+00;0
0.00000000000000E+00;0.00000000000000E+00;0.00000000000000E+00;0
0.00000000000000E+00;0.00000000000000E+00;0.00000000000000E+00;0
0.00000000000000E+00;0.00000000000000E+00;0.00000000000000E+00;0
0.00000000000000E+00;0.00000000000000E+00;0.00000000000000E+00;0
0.00000000000000E+00;0.00000000000000E+00;0.00000000000000E+00;0
0.00000000000000E+00;0.00000000000000E+00;0.00000000000000E+00;0
0.00000000000000E+00;0.00000000000000E+00;0.00000000000000E+00;0
0.00000000000000E+00;0.00000000000000E+00;0.00000000000000E+00;0
0.00000000000000E+00;0.00000000000000E+00;0.00000000000000E+00;0
0.00000000000000E+00;0.00000000000000E+00;0.00000000000000E+00;0
0.00000000000000E+00;0.00000000000000E+00;0.00000000000000E+00;0
0.00000000000000E+00;0.00000000000000E+00;0.00000000000000E+00;0
0.00000000000000E+00;0.00000000000000E+00;0.00000000000000E+00;0
0.00000000000000E+00;0.00000000000000E+00;0.00000000000000E+00;0
0.00000000000000E+00;0.00000000000000E+00;0.00000000000000E+00;0
0.00000000000000E+00;0.00000000000000E+00;0.00000000000000E+00;0
0.00000000000000E+00;0.00000000000000E+00;0.00000000000000E+00;0
0.00000000000000E+00;0.00000000000000E+00;0.00000000000000E+00;0
0.00000000000000E+00;0.00000000000000E+00;0.00000000000000E+00;0
0.00000000000000E+00;0.00000000000000E+00;0.00000000000000E+00;0
0.00000000000000E+00;0.00000000000000E+00;0.00000000000000E+00;0
0.00000000000000E+00;0.00000000000000E+00;0.00000000000000E+00;0
0.00000000000000E+00;0.00000000000000E+00;0.00000000000000E+00;0
0.00000000000000E+00;0.00000000000000E+00;0.00000000000000E+00;0
0.00000000000000E+00;0.00000000000000E+00;0.00000000000000E+00;0
0.00000000000000E+00;0.00000000000000E+00;0.00000000000000E+00;0
0.00000000000000E+00;0.00000000000000E+00;0.00000000000000E+00;0
0.00000000000000E+00;0.00000000000000E+00;0.00000000000000E+00;0
0.00000000000000E+00;0.00000000000000E+00;0.00000000000000E+00;0
0.00000000000000E+00;0.00000000000000E+00;0.00000000000000E+00;0
0.00000000000000E+00;0.00000000000000E+00;0.00000000000000E+00;0
0.00000000000000E+00;0.00000000000000E+00;0.00000000000000E+00;0
0.00000000000000E+00;0.00000000000000E+00;0.00000000000000E+00;0
0.00000000000000E+00;0.00000000000000E+00;0.00000000000000E+00;0
0.00000000000000E+00;0.00000000000000E+00;0.00000000000000E+00;0
0.00000000000000E+00;0.00000000000000E+00;0.00000000000000E+00;0
0.00000000000000E+00;0.00000000000000E+00;0.00000000000000E+00;0
0.00000000000000E+00;0.00000000000000E+00;0.00000000000000E+00;0
0.00000000000000E+00;0.00000000000000E+00;0.00000000000000E+00;0
0.00000000000000E+00;0.00000000000000E+00;0.00000000000000E+00;0
0.00000000000000E+00;0.00000000000000E+00;0.00000000000000E+00;0
0.00000000000000E+00;0.00000000000000E+00;0.00000000000000E+00;0
0.00000000000000E+00;0.00000000000000E+00;0.00000000000000E+00;0
0.00000000000000E+00;0.00000000000000E+00;0.00000000000000E+00;0
0.00000000000000E+00;0.00000000000000E+00;0.00000000000000E+00;0
0.00000000000000E+00;0.00000000000000E+00;0.00000000000000E+00;0
0.00000000000000E+00;0.00000000000000E+00;0.00000000000000E+00;0
0.00000000000000E+00;0.00000000000000E+00;0.00000000000000E+00;0
0.00000000000000E+00;0.00000000000000E+00;0.00000000000000E+00;0
0.00000000000000E+00;0.00000000000000E+00;0.00000000000000E+00;0
0.00000000000000E+00;0.00000000000000E+00;0.00000000000000E+00;0
0.00000000000000E+00;0.00000000000000E+00;0.00000000000000E+00;0
0.00000000000000E+00;0.00000000000000E+00;0.00000000000000E+00;0
0.00000000000000E+00;0.00000000000000E+00;0.00000000000000E+00;0
0.00000000000000E+00;0.00000000000000E+00;0.00000000000000E+00;0
0.00000000000000E+00;0.00000000000000E+00;0.00000000000000E+00;0
0.00000000000000E+00;0.00000000000000E+00;0.00000000000000E+00;0
0.00000000000000E+00;0.00000000000000E+00;0.00000000000000E+00;0
0.00000000000000E+00;0.00000000000000E+00;0.00000000000000E+00;0
0.00000000000000E+00;0.00000000000000E+00;0.00000000000000E+00;0
0.00000000000000E+00;0.00000000000000E+00;0.00000000000000E+00;0
0.00000000000000E+00;0.00000000000000E+00;0.00000000000000E+00;0
0.00000000000000E+00;0.00000000000000E+00;0.00000000000000E+00;0
0.00000000000000E+00;0.00000000000000E+00;0.00000000000000E+00;0
0.00000000000000E+00;0.00000000000000E+00;0.00000000000000E+00;0
0.00000000000000E+00;0.00000000000000E+00;0.00000000000000E+00;0
0.00000000000000E+00;0.00000000000000E+00;0.00000000000000E+00;0
0.00000000000000E+00;0.00000000000000E+00;0.00000000000000E+00;0
0.00000000000000E+00;0.00000000000000E+00;0.00000000000000E+00;0
0.00000000000000E+00;0.00000000000000E+00;0.00000000000000E+00;0
0.00000000000000E+00;0.00000000000000E+00;0.00000000000000E+00;0
0.00000000000000E+00;0.00000000000000E+00;0.00000000000000E+00;0
0.00000000000000E+00;0.00000000000000E+00;0.00000000000000E+00;0
0.00000000000000E+00;0.00000000000000E+00;0.00000000000000E+00;0
0.00000000000000E+00;0.00000000000000E+00;0.00000000000000E+00;0
0.00000000000000E+00;0.00000000000000E+00;0.00000000000000E+00;0
0.00000000000000E+00;0.00000000000000E+00;0.00000000000000E+00;0
0.00000000000000E+00;0.00000000000000E+00;0.00000000000000E+00;0
0.00000000000000E+00;0.00000000000000E+00;0.00000000000000E+00;0
0.00000000000000E+00;0.00000000000000E+00;0.00000000000000E+00;0
0.00000000000000E+00;0.00000000000000E+00;0.00000000000000E+00;0
0.00000000000000E+00;0.00000000000000E+00;0.00000000000000E+00;0
0.00000000000000E+00;0.00000000000000E+00;0.00000000000000E+00;0
0.00000000000000E+00;0.00000000000000E+00;0.00000000000000E+00;0
0.00000000000000E+00;0.00000000000000E+00;0.00000000000000E+00;0
0.00000000000000E+00;0.00000000000000E+00;0.00000000000000E+00;0
0.00000000000000E+00;0.00000000000000E+00;0.00000000000000E+00;0
0.00000000000000E+00;0.00000000000000E+00;0.00000000000000E+00;0
0.00000000000000E+00;0.00000000000000E+00;0.00000000000000E+00;0
0.00000000000000E+00;0.00000000000000E+00;0.00000000000000E+00;0
0.00000000000000E+00;0.00000000000000E+00;0.00000000000000E+00;0
0.00000000000000E+00;0.00000000000000E+00;0.00000000000000E+00;0
0.00000000000000E+00;0.00000000000000E+00;0.00000000000000E+00;0
0.00000000000000E+00;0.00000000000000E+00;0.00000000000000E+00;0
0.00000000000000E+00;0.00000000000000E+00;0.00000000000000E+00;0
0.00000000000000E+00;0.00000000000000E+00;0.00000000000000E+00;0
0.00000000000000E+00;0.00000000000000E+00;0.00000000000000E+00;0
0.00000000000000E+00;0.00000000000000E+00;0.00000000000000E+00;0
0.00000000000000E+00;0.00000000000000E+00;0.00000000000000E+00;0
0.00000000000000E+00;0.00000000000000E+00;0.00000000000000E+00;0
0.00000000000000E+00;0.00000000000000E+00;0.00000000000000E+00;0
0.00000000000000E+00;0.00000000000000E+00;0.00000000000000E+00;0
0.00000000000000E+00;0.00000000000000E+00;0.00000000000000E+00;0
0.00000000000000E+00;0.00000000000000E+00;0.00000000000000E+00;0
0.00000000000000E+00;0.00000000000000E+00;0.00000000000000E+00;0
0.00000000000000E+00;0.00000000000000E+00;0.00000000000000E+00;0
0.00000000000000E+00;0.00000000000000E+00;0.00000000000000E+00;0
0.00000000000000E+00;0.00000000000000E+00;0.00000000000000E+00;0
0.00000000000000E+00;0.00000000000000E+00;0.00000000000000E+00;0
0.00000000000000E+00;0.00000000000000E+00;0.00000000000000E+00;0
0.00000000000000E+00;0.00000000000000E+00;0.00000000000000E+00;0
0.00000000000000E+00;0.00000000000000E+00;0.00000000000000E+00;0
0.00000000000000E+00;0.00000000000000E+00;0.00000000000000E+00;0
0.00000000000000E+00;0.00000000000000E+00;0.00000000000000E+00;0
0.00000000000000E+00;0.00000000000000E+00;0.00000000000000E+00;0
0.00000000000000E+00;0.00000000000000E+00;0.00000000000000E+00;0
0.00000000000000E+00;0.00000000000000E+00;0.00000000000000E+00;0
0.00000000000000E+00;0.00000000000000E+00;0.00000000000000E+00;0
0.00000000000000E+00;0.00000000000000E+00;0.00000000000000E+00;0
0.00000000000000E+00;0.00000000000000E+00;0.00000000000000E+00;0
0.00000000000000E+00;0.00000000000000E+00;0.00000000000000E+00;0
0.00000000000000E+00;0.00000000000000E+00;0.00000000000000E+00;0
0.00000000000000E+00;0.00000000000000E+00;0.00000000000000E+00;0
0.00000000000000E+00;0.00000000000000E+00;0.00000000000000E+00;0
0.00000000000000E+00;0.00000000000000E+00;0.00000000000000E+00;0
0.00000000000000E+00;0.00000000000000E+00;0.00000000000000E+00;0
0.00000000000000E+00;0.00000000000000E+00;0.00000000000000E+00;0
0.00000000000000E+00;0.00000000000000E+00;0.00000000000000E+00;0
0.00000000000000E+00;0.00000000000000E+00;0.00000000000000E+00;0
0.00000000000000E+00;0.00000000000000E+00;0.00000000000000E+00;0
0.00000000000000E+00;0.00000000000000E+00;0.00000000000000E+00;0
0.00000000000000E+00;0.00000000000000E+00;0.00000000000000E+00;0
0.00000000000000E+00;0.00000000000000E+00;0.00000000000000E+00;0
0.00000000000000E+00;0.00000000000000E+00;0.00000000000000E+00;0
0.00000000000000E+00;0.00000000000000E+00;0.00000000000000E+00;0
0.00000000000000E+00;0.00000000000000E+00;0.00000000000000E+00;0
0.00000000000000E+00;0.00000000000000E+00;0.00000000000000E+00;0
0.00000000000000E+00;0.00000000000000E+00;0.00000000000000E+00;0
0.00000000000000E+00;0.00000000000000E+00;0.00000000000000E+00;0
0.00000000000000E+00;0.00000000000000E+00;0.00000000000000E+00;0
0.00000000000000E+00;0.00000000000000E+00;0.00000000000000E+00;0
0.00000000000000E+00;0.00000000000000E+00;0.00000000000000E+00;0
0.00000000000000E+00;0.00000000000000E+00;0.00000000000000E+00;0
0.00000000000000E+00;0.00000000000000E+00;0.00000000000000E+00;0
0.00000000000000E+00;0.00000000000000E+00;0.00000000000000E+00;0
0.00000000000000E+00;0.00000000000000E+00;0.00000000000000E+00;0
0.00000000000000E+00;0.00000000000000E+00;0.00000000000000E+00;0
0.00000000000000E+00;0.00000000000000E+00;0.00000000000000E+00;0
0.00000000000000E+00;0.00000000000000E+00;0.00000000000000E+00;0
0.00000000000000E+00;0.00000000000000E+00;0.00000000000000E+00;0
0.00000000000000E+00;0.00000000000000E+00;0.00000000000000E+00;0
0.00000000000000E+00;0.00000000000000E+00;0.00000000000000E+00;0
0.00000000000000E+00;0.00000000000000E+00;0.00000000000000E+00;0
0.00000000000000E+00;0.00000000000000E+00;0.00000000000000E+00;0
0.00000000000000E+00;0.00000000000000E+00;0.00000000000000E+00;0
0.00000000000000E+00;0.00000000000000E+00;0.00000000000000E+00;0
0.00000000000000E+00;0.00000000000000E+00;0.00000000000000E+00;0
0.00000000000000E+00;0.00000000000000E+00;0.00000000000000E+00;0
0.00000000000000E+00;0.00000000000000E+00;0.00000000000000E+00;0
0.00000000000000E+00;0.00000000000000E+00;0.00000000000000E+00;0
0.00000000000000E+00;0.00000000000000E+00;0.00000000000000E+00;0
0.00000000000000E+00;0.00000000000000E+00;0.00000000000000E+00;0
0.00000000000000E+00;0.00000000000000E+00;0.00000000000000E+00;0
0.00000000000000E+00;0.00000000000000E+00;0.00000000000000E+00;0
0.00000000000000E+00;0.00000000000000E+00;0.00000000000000E+00;0
0.00000000000000E+00;0.00000000000000E+00;0.00000000000000E+00;0
0.00000000000000E+00;0.00000000000000E+00;0.00000000000000E+00;0
0.00000000000000E+00;0.00000000000000E+00;0.00000000000000E+00;0
0.00000000000000E+00;0.00000000000000E+00;0.00000000000000E+00;0
0.00000000000000E+00;0.00000000000000E+00;0.00000000000000E+00;0
0.00000000000000E+00;0.00000000000000E+00;0.00000000000000E+00;0
0.00000000000000E+00;0.00000000000000E+00;0.00000000000000E+00;0
0.00000000000000E+00;0.00000000000000E+00;0.00000000000000E+00;0
0.00000000000000E+00;0.00000000000000E+00;0.00000000000000E+00;0
0.00000000000000E+00;0.00000000000000E+00;0.00000000000000E+00;0
0.00000000000000E+00;0.00000000000000E+00;0.00000000000000E+00;0
0.00000000000000E+00;0.00000000000000E+00;0.00000000000000E+00;0
0.00000000000000E+00;0.00000000000000E+00;0.00000000000000E+00;0
0.00000000000000E+00;0.00000000000000E+00;0.00000000000000E+00;0
0.00000000000000E+00;0.00000000000000E+00;0.00000000000000E+00;0
0.00000000000000E+00;0.00000000000000E+00;0.00000000000000E+00;0
0.00000000000000E+00;0.00000000000000E+00;0.00000000000000E+00;0
0.00000000000000E+00;0.00000000000000E+00;0.00000000000000E+00;0
0.00000000000000E+00;0.00000000000000E+00;0.00000000000000E+00;0
0.00000000000000E+00;0.00000000000000E+00;0.00000000000000E+00;0
0.00000000000000E+00;0.00000000000000E+00;0.00000000000000E+00;0
0.00000000000000E+00;0.00000000000000E+00;0.00000000000000E+00;0
0.00000000000000E+00;0.00000000000000E+00;0.00000000000000E+00;0
0.00000000000000E+00;0.00000000000000E+00;0.00000000000000E+00;0
0.00000000000000E+00;0.00000000000000E+00;0.00000000000000E+00;0
0.00000000000000E+00;0.00000000000000E+00;0.00000000000000E+00;0
0.00000000000000E+00;0.00000000000000E+00;0.00000000000000E+00;0
0.00000000000000E+00;0.00000000000000E+00;0.00000000000000E+00;0
0.00000000000000E+00;0.00000000000000E+00;0.00000000000000E+00;0
0.00000000000000E+00;0.00000000000000E+00;0.00000000000000E+00;0
0.00000000000000E+00;0.00000000000000E+00;0.00000000000000E+00;0
0.00000000000000E+00;0.00000000000000E+00;0.00000000000000E+00;0
0.00000000000000E+00;0.00000000000000E+00;0.00000000000000E+00;0
0.00000000000000E+00;0.00000000000000E+00;0.00000000000000E+00;0
0.00000000000000E+00;0.00000000000000E+00;0.00000000000000E+00;0
0.00000000000000E+00;0.00000000000000E+00;0.00000000000000E+00;0
0.00000000000000E+00;0.00000000000000E+00;0.00000000000000E+00;0
0.00000000000000E+00;0.00000000000000E+00;0.00000000000000E+00;0
0.00000000000000E+00;0.00000000000000E+00;0.00000000000000E+00;0
0.00000000000000E+00;0.00000000000000E+00;0.00000000000000E+00;0
0.00000000000000E+00;0.00000000000000E+00;0.00000000000000E+00;0
0.00000000000000E+00;0.00000000000000E+00;0.00000000000000E+00;0
0.00000000000000E+00;0.00000000000000E+00;0.00000000000000E+00;0
0.00000000000000E+00;0.00000000000000E+00;0.00000000000000E+00;0
0.00000000000000E+00;0.00000000000000E+00;0.00000000000000E+00;0
0.00000000000000E+00;0.00000000000000E+00;0.00000000000000E+00;0
0.00000000000000E+00;0.00000000000000E+00;0.00000000000000E+00;0
0.00000000000000E+00;0.00000000000000E+00;0.00000000000000E+00;0
0.00000000000000E+00;0.00000000000000E+00;0.00000000000000E+00;0
0.00000000000000E+00;0.00000000000000E+00;0.00000000000000E+00;0
0.00000000000000E+00;0.00000000000000E+00;0.00000000000000E+00;0
0.00000000000000E+00;0.00000000000000E+00;0.00000000000000E+00;0
0.00000000000000E+00;0.00000000000000E+00;0.00000000000000E+00;0
0.00000000000000E+00;0.00000000000000E+00;0.00000000000000E+00;0
0.00000000000000E+00;0.00000000000000E+00;0.00000000000000E+00;0
0.00000000000000E+00;0.00000000000000E+00;0.00000000000000E+00;0
0.00000000000000E+00;0.00000000000000E+00;0.00000000000000E+00;0
0.00000000000000E+00;0.00000000000000E+00;0.00000000000000E+00;0
0.00000000000000E+00;0.00000000000000E+00;0.00000000000000E+00;0
0.00000000000000E+00;0.00000000000000E+00;0.00000000000000E+00;0
0.00000000000000E+00;0.00000000000000E+00;0.00000000000000E+00;0
0.00000000000000E+00;0.00000000000000E+00;0.00000000000000E+00;0
0.00000000000000E+00;0.00000000000000E+00;0.00000000000000E+00;0
0.00000000000000E+00;0.00000000000000E+00;0.00000000000000E+00;0
0.00000000000000E+00;0.00000000000000E+00;0.00000000000000E+00;0
0.00000000000000E+00;0.00000000000000E+00;0.00000000000000E+00;0
0.00000000000000E+00;0.00000000000000E+00;0.00000000000000E+00;0
0.00000000000000E+00;0.00000000000000E+00;0.00000000000000E+00;0
0.00000000000000E+00;0.00000000000000E+00;0.00000000000000E+00;0
0.00000000000000E+00;0.00000000000000E+00;0.00000000000000E+00;0
0.00000000000000E+00;0.00000000000000E+00;0.00000000000000E+00;0
0.00000000000000E+00;0.00000000000000E+00;0.00000000000000E+00;0
0.00000000000000E+00;0.00000000000000E+00;0.00000000000000E+00;0
0.00000000000000E+00;0.00000000000000E+00;0.00000000000000E+00;0
0.00000000000000E+00;0.00000000000000E+00;0.00000000000000E+00;0
0.00000000000000E+00;0.00000000000000E+00;0.00000000000000E+00;0
0.00000000000000E+00;0.00000000000000E+00;0.00000000000000E+00;0
0.00000000000000E+00;0.00000000000000E+00;0.00000000000000E+00;0
0.00000000000000E+00;0.00000000000000E+00;0.00000000000000E+00;0
0.00000000000000E+00;0.00000000000000E+00;0.00000000000000E+00;0
0.00000000000000E+00;0.00000000000000E+00;0.00000000000000E+00;0
0.00000000000000E+00;0.00000000000000E+00;0.00000000000000E+00;0
0.00000000000000E+00;0.00000000000000E+00;0.00000000000000E+00;0
0.00000000000000E+00;0.00000000000000E+00;0.00000000000000E+00;0
0.00000000000000E+00;0.00000000000000E+00;0.00000000000000E+00;0
0.00000000000000E+00;0.00000000000000E+00;0.00000000000000E+00;0
0.00000000000000E+00;0.00000000000000E+00;0.00000000000000E+00;0
0.00000000000000E+00;0.00000000000000E+00;0.00000000000000E+00;0
0.00000000000000E+00;0.00000000000000E+00;0.00000000000000E+00;0
0.00000000000000E+00;0.00000000000000E+00;0.00000000000000E+00;0
0.00000000000000E+00;0.00000000000000E+00;0.00000000000000E+00;0
0.00000000000000E+00;0.00000000000000E+00;0.00000000000000E+00;0
0.00000000000000E+00;0.00000000000000E+00;0.00000000000000E+00;0
0.00000000000000E+00;0.00000000000000E+00;0.00000000000000E+00;0
0.00000000000000E+00;0.00000000000000E+00;0.00000000000000E+00;0
0.00000000000000E+00;0.00000000000000E+00;0.00000000000000E+00;0
0.00000000000000E+00;0.00000000000000E+00;0.00000000000000E+00;0
0.00000000000000E+00;0.00000000000000E+00;0.00000000000000E+00;0
0.00000000000000E+00;0.00000000000000E+00;0.00000000000000E+00;0
0.00000000000000E+00;0.00000000000000E+00;0.00000000000000E+00;0
0.00000000000000E+00;0.00000000000000E+00;0.00000000000000E+00;0
0.00000000000000E+00;0.00000000000000E+00;0.00000000000000E+00;0
0.00000000000000E+00;0.00000000000000E+00;0.00000000000000E+00;0
0.00000000000000E+00;0.00000000000000E+00;0.00000000000000E+00;0
0.00000000000000E+00;0.00000000000000E+00;0.00000000000000E+00;0
0.00000000000000E+00;0.00000000000000E+00;0.00000000000000E+00;0
0.00000000000000E+00;0.00000000000000E+00;0.00000000000000E+00;0
0.00000000000000E+00;0.00000000000000E+00;0.00000000000000E+00;0
0.00000000000000E+00;0.00000000000000E+00;0.00000000000000E+00;0
0.00000000000000E+00;0.00000000000000E+00;0.00000000000000E+00;0
0.00000000000000E+00;0.00000000000000E+00;0.00000000000000E+00;0
0.00000000000000E+00;0.00000000000000E+00;0.00000000000000E+00;0
0.00000000000000E+00;0.00000000000000E+00;0.00000000000000E+00;0
0.00000000000000E+00;0.00000000000000E+00;0.00000000000000E+00;0
0.00000000000000E+00;0.00000000000000E+00;0.00000000000000E+00;0
0.00000000000000E+00;0.00000000000000E+00;0.00000000000000E+00;0
0.00000000000000E+00;0.00000000000000E+00;0.00000000000000E+00;0
0.00000000000000E+00;0.00000000000000E+00;0.00000000000000E+00;0
0.00000000000000E+00;0.00000000000000E+00;0.00000000000000E+00;0
0.00000000000000E+00;0.00000000000000E+00;0.00000000000000E+00;0
0.00000000000000E+00;0.00000000000000E+00;0.00000000000000E+00;0
0.00000000000000E+00;0.00000000000000E+00;0.00000000000000E+00;0
0.00000000000000E+00;0.00000000000000E+00;0.00000000000000E+00;0
0.00000000000000E+00;0.00000000000000E+00;0.00000000000000E+00;0
0.00000000000000E+00;0.00000000000000E+00;0.00000000000000E+00;0
0.00000000000000E+00;0.00000000000000E+00;0.00000000000000E+00;0
0.00000000000000E+00;0.00000000000000E+00;0.00000000000000E+00;0
0.00000000000000E+00;0.00000000000000E+00;0.00000000000000E+00;0
0.00000000000000E+00;0.00000000000000E+00;0.00000000000000E+00;0
0.00000000000000E+00;0.00000000000000E+00;0.00000000000000E+00;0
0.00000000000000E+00;0.00000000000000E+00;0.00000000000000E+00;0
0.00000000000000E+00;0.00000000000000E+00;0.00000000000000E+00;0
0.00000000000000E+00;0.00000000000000E+00;0.00000000000000E+00;0
0.00000000000000E+00;0.00000000000000E+00;0.00000000000000E+00;0
0.00000000000000E+00;0.00000000000000E+00;0.00000000000000E+00;0
0.00000000000000E+00;0.00000000000000E+00;0.00000000000000E+00;0
0.00000000000000E+00;0.00000000000000E+00;0.00000000000000E+00;0
0.00000000000000E+00;0.00000000000000E+00;0.00000000000000E+00;0
0.00000000000000E+00;0.00000000000000E+00;0.00000000000000E+00;0
0.00000000000000E+00;0.00000000000000E+00;0.00000000000000E+00;0
0.00000000000000E+00;0.00000000000000E+00;0.00000000000000E+00;0
0.00000000000000E+00;0.00000000000000E+00;0.00000000000000E+00;0
0.00000000000000E+00;0.00000000000000E+00;0.00000000000000E+00;0
0.00000000000000E+00;0.00000000000000E+00;0.00000000000000E+00;0
0.00000000000000E+00;0.00000000000000E+00;0.00000000000000E+00;0
0.00000000000000E+00;0.00000000000000E+00;0.00000000000000E+00;0
0.00000000000000E+00;0.00000000000000E+00;0.00000000000000E+00;0
0.00000000000000E+00;0.00000000000000E+00;0.00000000000000E+00;0
0.00000000000000E+00;0.00000000000000E+00;0.00000000000000E+00;0
0.00000000000000E+00;0.00000000000000E+00;0.00000000000000E+00;0
0.00000000000000E+00;0.00000000000000E+00;0.00000000000000E+00;0
0.00000000000000E+00;0.00000000000000E+00;0.00000000000000E+00;0
0.00000000000000E+00;0.00000000000000E+00;0.00000000000000E+00;0
0.00000000000000E+00;0.00000000000000E+00;0.00000000000000E+00;0
0.00000000000000E+00;0.00000000000000E+00;0.00000000000000E+00;0
0.00000000000000E+00;0.00000000000000E+00;0.00000000000000E+00;0
0.00000000000000E+00;0.00000000000000E+00;0.00000000000000E+00;0
0.00000000000000E+00;0.00000000000000E+00;0.00000000000000E+00;0
0.00000000000000E+00;0.00000000000000E+00;0.00000000000000E+00;0
0.00000000000000E+00;0.00000000000000E+00;0.00000000000000E+00;0
0.00000000000000E+00;0.00000000000000E+00;0.00000000000000E+00;0
0.00000000000000E+00;0.00000000000000E+00;0.00000000000000E+00;0
0.00000000000000E+00;0.00000000000000E+00;0.00000000000000E+00;0
0.00000000000000E+00;0.00000000000000E+00;0.00000000000000E+00;0
0.00000000000000E+00;0.00000000000000E+00;0.00000000000000E+00;0
0.00000000000000E+00;0.00000000000000E+00;0.00000000000000E+00;0
0.00000000000000E+00;0.00000000000000E+00;0.00000000000000E+00;0
0.00000000000000E+00;0.00000000000000E+00;0.00000000000000E+00;0
0.00000000000000E+00;0.00000000000000E+00;0.00000000000000E+00;0
0.00000000000000E+00;0.00000000000000E+00;0.00000000000000E+00;0
0.00000000000000E+00;0.00000000000000E+00;0.00000000000000E+00;0
0.00000000000000E+00;0.00000000000000E+00;0.00000000000000E+00;0
0.00000000000000E+00;0.00000000000000E+00;0.00000000000000E+00;0
0.00000000000000E+00;0.00000000000000E+00;0.00000000000000E+00;0
0.00000000000000E+00;0.00000000000000E+00;0.00000000000000E+00;0
0.00000000000000E+00;0.00000000000000E+00;0.00000000000000E+00;0
0.00000000000000E+00;0.00000000000000E+00;0.00000000000000E+00;0
0.00000000000000E+00;0.00000000000000E+00;0.00000000000000E+00;0
0.00000000000000E+00;0.00000000000000E+00;0.00000000000000E+00;0
0.00000000000000E+00;0.00000000000000E+00;0.00000000000000E+00;0
0.00000000000000E+00;0.00000000000000E+00;0.00000000000000E+00;0
0.00000000000000E+00;0.00000000000000E+00;0.00000000000000E+00;0
0.00000000000000E+00;0.00000000000000E+00;0.00000000000000E+00;0
0.00000000000000E+00;0.00000000000000E+00;0.00000000000000E+00;0
0.00000000000000E+00;0.00000000000000E+00;0.00000000000000E+00;0
0.00000000000000E+00;0.00000000000000E+00;0.00000000000000E+00;0
0.00000000000000E+00;0.00000000000000E+00;0.00000000000000E+00;0
0.00000000000000E+00;0.00000000000000E+00;0.00000000000000E+00;0
0.00000000000000E+00;0.00000000000000E+00;0.00000000000000E+00;0
0.00000000000000E+00;0.00000000000000E+00;0.00000000000000E+00;0
0.00000000000000E+00;0.00000000000000E+00;0.00000000000000E+00;0
0.00000000000000E+00;0.00000000000000E+00;0.00000000000000E+00;0
0.00000000000000E+00;0.00000000000000E+00;0.00000000000000E+00;0
0.00000000000000E+00;0.00000000000000E+00;0.00000000000000E+00;0
0.00000000000000E+00;0.00000000000000E+00;0.00000000000000E+00;0
0.00000000000000E+00;0.00000000000000E+00;0.00000000000000E+00;0
0.00000000000000E+00;0.00000000000000E+00;0.00000000000000E+00;0
0.00000000000000E+00;0.00000000000000E+00;0.00000000000000E+00;0
0.00000000000000E+00;0.00000000000000E+00;0.00000000000000E+00;0
0.00000000000000E+00;0.00000000000000E+00;0.00000000000000E+00;0
0.00000000000000E+00;0.00000000000000E+00;0.00000000000000E+00;0
0.00000000000000E+00;0.00000000000000E+00;0.00000000000000E+00;0
0.00000000000000E+00;0.00000000000000E+00;0.00000000000000E+00;0
0.00000000000000E+00;0.00000000000000E+00;0.00000000000000E+00;0
0.00000000000000E+00;0.00000000000000E+00;0.00000000000000E+00;0
0.00000000000000E+00;0.00000000000000E+00;0.00000000000000E+00;0
0.00000000000000E+00;0.00000000000000E+00;0.00000000000000E+00;0
0.00000000000000E+00;0.00000000000000E+00;0.00000000000000E+00;0
0.00000000000000E+00;0.00000000000000E+00;0.00000000000000E+00;0
0.00000000000000E+00;0.00000000000000E+00;0.00000000000000E+00;0
0.00000000000000E+00;0.00000000000000E+00;0.00000000000000E+00;0
0.00000000000000E+00;0.00000000000000E+00;0.00000000000000E+00;0
0.00000000000000E+00;0.00000000000000E+00;0.00000000000000E+00;0
0.00000000000000E+00;0.00000000000000E+00;0.00000000000000E+00;0
0.00000000000000E+00;0.00000000000000E+00;0.00000000000000E+00;0
0.00000000000000E+00;0.00000000000000E+00;0.00000000000000E+00;0
0.00000000000000E+00;0.00000000000000E+00;0.00000000000000E+00;0
0.00000000000000E+00;0.00000000000000E+00;0.00000000000000E+00;0
0.00000000000000E+00;0.00000000000000E+00;0.00000000000000E+00;0
0.00000000000000E+00;0.00000000000000E+00;0.00000000000000E+00;0
0.00000000000000E+00;0.00000000000000E+00;0.00000000000000E+00;0
0.00000000000000E+00;0.00000000000000E+00;0.00000000000000E+00;0
0.00000000000000E+00;0.00000000000000E+00;0.00000000000000E+00;0
0.00000000000000E+00;0.00000000000000E+00;0.00000000000000E+00;0
0.00000000000000E+00;0.00000000000000E+00;0.00000000000000E+00;0
0.00000000000000E+00;0.00000000000000E+00;0.00000000000000E+00;0
0.00000000000000E+00;0.00000000000000E+00;0.00000000000000E+00;0
0.00000000000000E+00;0.00000000000000E+00;0.00000000000000E+00;0
0.00000000000000E+00;0.00000000000000E+00;0.00000000000000E+00;0
0.00000000000000E+00;0.00000000000000E+00;0.00000000000000E+00;0
0.00000000000000E+00;0.00000000000000E+00;0.00000000000000E+00;0
0.00000000000000E+00;0.00000000000000E+00;0.00000000000000E+00;0
0.00000000000000E+00;0.00000000000000E+00;0.00000000000000E+00;0
0.00000000000000E+00;0.00000000000000E+00;0.00000000000000E+00;0
0.00000000000000E+00;0.00000000000000E+00;0.00000000000000E+00;0
0.00000000000000E+00;0.00000000000000E+00;0.00000000000000E+00;0
0.00000000000000E+00;0.00000000000000E+00;0.00000000000000E+00;0
0.00000000000000E+00;0.00000000000000E+00;0.00000000000000E+00;0
0.00000000000000E+00;0.00000000000000E+00;0.00000000000000E+00;0
0.00000000000000E+00;0.00000000000000E+00;0.00000000000000E+00;0
0.00000000000000E+00;0.00000000000000E+00;0.00000000000000E+00;0
0.00000000000000E+00;0.00000000000000E+00;0.00000000000000E+00;0
0.00000000000000E+00;0.00000000000000E+00;0.00000000000000E+00;0
0.00000000000000E+00;0.00000000000000E+00;0.00000000000000E+00;0
0.00000000000000E+00;0.00000000000000E+00;0.00000000000000E+00;0
0.00000000000000E+00;0.00000000000000E+00;0.00000000000000E+00;0
0.00000000000000E+00;0.00000000000000E+00;0.00000000000000E+00;0
0.00000000000000E+00;0.00000000000000E+00;0.00000000000000E+00;0
0.00000000000000E+00;0.00000000000000E+00;0.00000000000000E+00;0
0.00000000000000E+00;0.00000000000000E+00;0.00000000000000E+00;0
0.00000000000000E+00;0.00000000000000E+00;0.00000000000000E+00;0
0.00000000000000E+00;0.00000000000000E+00;0.00000000000000E+00;0
0.00000000000000E+00;0.00000000000000E+00;0.00000000000000E+00;0
0.00000000000000E+00;0.00000000000000E+00;0.00000000000000E+00;0
0.00000000000000E+00;0.00000000000000E+00;0.00000000000000E+00;0
0.00000000000000E+00;0.00000000000000E+00;0.00000000000000E+00;0
0.00000000000000E+00;0.00000000000000E+00;0.00000000000000E+00;0
0.00000000000000E+00;0.00000000000000E+00;0.00000000000000E+00;0
0.00000000000000E+00;0.00000000000000E+00;0.00000000000000E+00;0
0.00000000000000E+00;0.00000000000000E+00;0.00000000000000E+00;0
0.00000000000000E+00;0.00000000000000E+00;0.00000000000000E+00;0
0.00000000000000E+00;0.00000000000000E+00;0.00000000000000E+00;0
0.00000000000000E+00;0.00000000000000E+00;0.00000000000000E+00;0
0.00000000000000E+00;0.00000000000000E+00;0.00000000000000E+00;0
0.00000000000000E+00;0.00000000000000E+00;0.00000000000000E+00;0
0.00000000000000E+00;0.00000000000000E+00;0.00000000000000E+00;0
0.00000000000000E+00;0.00000000000000E+00;0.00000000000000E+00;0
0.00000000000000E+00;0.00000000000000E+00;0.00000000000000E+00;0
0.00000000000000E+00;0.00000000000000E+00;0.00000000000000E+00;0
0.00000000000000E+00;0.00000000000000E+00;0.00000000000000E+00;0
0.00000000000000E+00;0.00000000000000E+00;0.00000000000000E+00;0
0.00000000000000E+00;0.00000000000000E+00;0.00000000000000E+00;0
0.00000000000000E+00;0.00000000000000E+00;0.00000000000000E+00;0
0.00000000000000E+00;0.00000000000000E+00;0.00000000000000E+00;0
0.00000000000000E+00;0.00000000000000E+00;0.00000000000000E+00;0
0.00000000000000E+00;0.00000000000000E+00;0.00000000000000E+00;0
0.00000000000000E+00;0.00000000000000E+00;0.00000000000000E+00;0
0.00000000000000E+00;0.00000000000000E+00;0.00000000000000E+00;0
0.00000000000000E+00;0.00000000000000E+00;0.00000000000000E+00;0
0.00000000000000E+00;0.00000000000000E+00;0.00000000000000E+00;0
0.00000000000000E+00;0.00000000000000E+00;0.00000000000000E+00;0
0.00000000000000E+00;0.00000000000000E+00;0.00000000000000E+00;0
0.00000000000000E+00;0.00000000000000E+00;0.00000000000000E+00;0
0.00000000000000E+00;0.00000000000000E+00;0.00000000000000E+00;0
0.00000000000000E+00;0.00000000000000E+00;0.00000000000000E+00;0
0.00000000000000E+00;0.00000000000000E+00;0.00000000000000E+00;0
0.00000000000000E+00;0.00000000000000E+00;0.00000000000000E+00;0
0.00000000000000E+00;0.00000000000000E+00;0.00000000000000E+00;0
0.00000000000000E+00;0.00000000000000E+00;0.00000000000000E+00;0
0.00000000000000E+00;0.00000000000000E+00;0.00000000000000E+00;0
0.00000000000000E+00;0.00000000000000E+00;0.00000000000000E+00;0
0.00000000000000E+00;0.00000000000000E+00;0.00000000000000E+00;0
0.00000000000000E+00;0.00000000000000E+00;0.00000000000000E+00;0
0.00000000000000E+00;0.00000000000000E+00;0.00000000000000E+00;0
0.00000000000000E+00;0.00000000000000E+00;0.00000000000000E+00;0
0.00000000000000E+00;0.00000000000000E+00;0.00000000000000E+00;0
0.00000000000000E+00;0.00000000000000E+00;0.00000000000000E+00;0
0.00000000000000E+00;0.00000000000000E+00;0.00000000000000E+00;0
0.00000000000000E+00;0.00000000000000E+00;0.00000000000000E+00;0
0.00000000000000E+00;0.00000000000000E+00;0.00000000000000E+00;0
0.00000000000000E+00;0.00000000000000E+00;0.00000000000000E+00;0
0.00000000000000E+00;0.00000000000000E+00;0.00000000000000E+00;0
0.00000000000000E+00;0.00000000000000E+00;0.00000000000000E+00;0
0.00000000000000E+00;0.00000000000000E+00;0.00000000000000E+00;0
0.00000000000000E+00;0.00000000000000E+00;0.00000000000000E+00;0
0.00000000000000E+00;0.00000000000000E+00;0.00000000000000E+00;0
0.00000000000000E+00;0.00000000000000E+00;0.00000000000000E+00;0
0.00000000000000E+00;0.00000000000000E+00;0.00000000000000E+00;0
0.00000000000000E+00;0.00000000000000E+00;0.00000000000000E+00;0
0.00000000000000E+00;0.00000000000000E+00;0.00000000000000E+00;0
0.00000000000000E+00;0.00000000000000E+00;0.00000000000000E+00;0
0.00000000000000E+00;0.00000000000000E+00;0.00000000000000E+00;0
0.00000000000000E+00;0.00000000000000E+00;0.00000000000000E+00;0
0.00000000000000E+00;0.00000000000000E+00;0.00000000000000E+00;0
0.00000000000000E+00;0.00000000000000E+00;0.00000000000000E+00;0
0.00000000000000E+00;0.00000000000000E+00;0.00000000000000E+00;0
0.00000000000000E+00;0.00000000000000E+00;0.00000000000000E+00;0
0.00000000000000E+00;0.00000000000000E+00;0.00000000000000E+00;0
0.00000000000000E+00;0.00000000000000E+00;0.00000000000000E+00;0
0.00000000000000E+00;0.00000000000000E+00;0.00000000000000E+00;0
0.00000000000000E+00;0.00000000000000E+00;0.00000000000000E+00;0
0.00000000000000E+00;0.00000000000000E+00;0.00000000000000E+00;0
0.00000000000000E+00;0.00000000000000E+00;0.00000000000000E+00;0
0.00000000000000E+00;0.00000000000000E+00;0.00000000000000E+00;0
0.00000000000000E+00;0.00000000000000E+00;0.00000000000000E+00;0
0.00000000000000E+00;0.00000000000000E+00;0.00000000000000E+00;0
0.00000000000000E+00;0.00000000000000E+00;0.00000000000000E+00;0
0.00000000000000E+00;0.00000000000000E+00;0.00000000000000E+00;0
0.00000000000000E+00;0.00000000000000E+00;0.00000000000000E+00;0
0.00000000000000E+00;0.00000000000000E+00;0.00000000000000E+00;0
0.00000000000000E+00;0.00000000000000E+00;0.00000000000000E+00;0
0.00000000000000E+00;0.00000000000000E+00;0.00000000000000E+00;0
0.00000000000000E+00;0.00000000000000E+00;0.00000000000000E+00;0
0.00000000000000E+00;0.00000000000000E+00;0.00000000000000E+00;0
0.00000000000000E+00;0.00000000000000E+00;0.00000000000000E+00;0
0.00000000000000E+00;0.00000000000000E+00;0.00000000000000E+00;0
0.00000000000000E+00;0.00000000000000E+00;0.00000000000000E+00;0
0.00000000000000E+00;0.00000000000000E+00;0.00000000000000E+00;0
0.00000000000000E+00;0.00000000000000E+00;0.00000000000000E+00;0
0.00000000000000E+00;0.00000000000000E+00;0.00000000000000E+00;0
0.00000000000000E+00;0.00000000000000E+00;0.00000000000000E+00;0
0.00000000000000E+00;0.00000000000000E+00;0.00000000000000E+00;0
0.00000000000000E+00;0.00000000000000E+00;0.00000000000000E+00;0
0.00000000000000E+00;0.00000000000000E+00;0.00000000000000E+00;0
0.00000000000000E+00;0.00000000000000E+00;0.00000000000000E+00;0
0.00000000000000E+00;0.00000000000000E+00;0.00000000000000E+00;0
0.00000000000000E+00;0.00000000000000E+00;0.00000000000000E+00;0
0.00000000000000E+00;0.00000000000000E+00;0.00000000000000E+00;0
0.00000000000000E+00;0.00000000000000E+00;0.00000000000000E+00;0
0.00000000000000E+00;0.00000000000000E+00;0.00000000000000E+00;0
0.00000000000000E+00;0.00000000000000E+00;0.00000000000000E+00;0
0.00000000000000E+00;0.00000000000000E+00;0.00000000000000E+00;0
0.00000000000000E+00;0.00000000000000E+00;0.00000000000000E+00;0
0.00000000000000E+00;0.00000000000000E+00;0.00000000000000E+00;0
0.00000000000000E+00;0.00000000000000E+00;0.00000000000000E+00;0
0.00000000000000E+00;0.00000000000000E+00;0.00000000000000E+00;0
0.00000000000000E+00;0.00000000000000E+00;0.00000000000000E+00;0
0.00000000000000E+00;0.00000000000000E+00;0.00000000000000E+00;0
0.00000000000000E+00;0.00000000000000E+00;0.00000000000000E+00;0
0.00000000000000E+00;0.00000000000000E+00;0.00000000000000E+00;0
0.00000000000000E+00;0.00000000000000E+00;0.00000000000000E+00;0
0.00000000000000E+00;0.00000000000000E+00;0.00000000000000E+00;0
0.00000000000000E+00;0.00000000000000E+00;0.00000000000000E+00;0
0.00000000000000E+00;0.00000000000000E+00;0.00000000000000E+00;0
0.00000000000000E+00;0.00000000000000E+00;0.00000000000000E+00;0
0.00000000000000E+00;0.00000000000000E+00;0.00000000000000E+00;0
0.00000000000000E+00;0.00000000000000E+00;0.00000000000000E+00;0
0.00000000000000E+00;0.00000000000000E+00;0.00000000000000E+00;0
0.00000000000000E+00;0.00000000000000E+00;0.00000000000000E+00;0
0.00000000000000E+00;0.00000000000000E+00;0.00000000000000E+00;0
0.00000000000000E+00;0.00000000000000E+00;0.00000000000000E+00;0
0.00000000000000E+00;0.00000000000000E+00;0.00000000000000E+00;0
0.00000000000000E+00;0.00000000000000E+00;0.00000000000000E+00;0
0.00000000000000E+00;0.00000000000000E+00;0.00000000000000E+00;0
0.00000000000000E+00;0.00000000000000E+00;0.00000000000000E+00;0
0.00000000000000E+00;0.00000000000000E+00;0.00000000000000E+00;0
0.00000000000000E+00;0.00000000000000E+00;0.00000000000000E+00;0
0.00000000000000E+00;0.00000000000000E+00;0.00000000000000E+00;0
0.00000000000000E+00;0.00000000000000E+00;0.00000000000000E+00;0
0.00000000000000E+00;0.00000000000000E+00;0.00000000000000E+00;0
0.00000000000000E+00;0.00000000000000E+00;0.00000000000000E+00;0
0.00000000000000E+00;0.00000000000000E+00;0.00000000000000E+00;0
0.00000000000000E+00;0.00000000000000E+00;0.00000000000000E+00;0
0.00000000000000E+00;0.00000000000000E+00;0.00000000000000E+00;0
0.00000000000000E+00;0.00000000000000E+00;0.00000000000000E+00;0
0.00000000000000E+00;0.00000000000000E+00;0.00000000000000E+00;0
0.00000000000000E+00;0.00000000000000E+00;0.00000000000000E+00;0
0.00000000000000E+00;0.00000000000000E+00;0.00000000000000E+00;0
0.00000000000000E+00;0.00000000000000E+00;0.00000000000000E+00;0
0.00000000000000E+00;0.00000000000000E+00;0.00000000000000E+00;0
0.00000000000000E+00;0.00000000000000E+00;0.00000000000000E+00;0
0.00000000000000E+00;0.00000000000000E+00;0.00000000000000E+00;0
0.00000000000000E+00;0.00000000000000E+00;0.00000000000000E+00;0
0.00000000000000E+00;0.00000000000000E+00;0.00000000000000E+00;0
0.00000000000000E+00;0.00000000000000E+00;0.00000000000000E+00;0
0.00000000000000E+00;0.00000000000000E+00;0.00000000000000E+00;0
0.00000000000000E+00;0.00000000000000E+00;0.00000000000000E+00;0
0.00000000000000E+00;0.00000000000000E+00;0.00000000000000E+00;0
0.00000000000000E+00;0.00000000000000E+00;0.00000000000000E+00;0
0.00000000000000E+00;0.00000000000000E+00;0.00000000000000E+00;0
0.00000000000000E+00;0.00000000000000E+00;0.00000000000000E+00;0
0.00000000000000E+00;0.00000000000000E+00;0.00000000000000E+00;0
0.00000000000000E+00;0.00000000000000E+00;0.00000000000000E+00;0
0.00000000000000E+00;0.00000000000000E+00;0.00000000000000E+00;0
0.00000000000000E+00;0.00000000000000E+00;0.00000000000000E+00;0
0.00000000000000E+00;0.00000000000000E+00;0.00000000000000E+00;0
0.00000000000000E+00;0.00000000000000E+00;0.00000000000000E+00;0
0.00000000000000E+00;0.00000000000000E+00;0.00000000000000E+00;0
0.00000000000000E+00;0.00000000000000E+00;0.00000000000000E+00;0
0.00000000000000E+00;0.00000000000000E+00;0.00000000000000E+00;0
0.00000000000000E+00;0.00000000000000E+00;0.00000000000000E+00;0
0.00000000000000E+00;0.00000000000000E+00;0.00000000000000E+00;0
0.00000000000000E+00;0.00000000000000E+00;0.00000000000000E+00;0
0.00000000000000E+00;0.00000000000000E+00;0.00000000000000E+00;0
0.00000000000000E+00;0.00000000000000E+00;0.00000000000000E+00;0
0.00000000000000E+00;0.00000000000000E+00;0.00000000000000E+00;0
0.00000000000000E+00;0.00000000000000E+00;0.00000000000000E+00;0
0.00000000000000E+00;0.00000000000000E+00;0.00000000000000E+00;0
0.00000000000000E+00;0.00000000000000E+00;0.00000000000000E+00;0
0.00000000000000E+00;0.00000000000000E+00;0.00000000000000E+00;0
0.00000000000000E+00;0.00000000000000E+00;0.00000000000000E+00;0
0.00000000000000E+00;0.00000000000000E+00;0.00000000000000E+00;0
0.00000000000000E+00;0.00000000000000E+00;0.00000000000000E+00;0
0.00000000000000E+00;0.00000000000000E+00;0.00000000000000E+00;0
0.00000000000000E+00;0.00000000000000E+00;0.00000000000000E+00;0
0.00000000000000E+00;0.00000000000000E+00;0.00000000000000E+00;0
0.00000000000000E+00;0.00000000000000E+00;0.00000000000000E+00;0
0.00000000000000E+00;0.00000000000000E+00;0.00000000000000E+00;0
0.00000000000000E+00;0.00000000000000E+00;0.00000000000000E+00;0
0.00000000000000E+00;0.00000000000000E+00;0.00000000000000E+00;0
0.00000000000000E+00;0.00000000000000E+00;0.00000000000000E+00;0
0.00000000000000E+00;0.00000000000000E+00;0.00000000000000E+00;0
0.00000000000000E+00;0.00000000000000E+00;0.00000000000000E+00;0
0.00000000000000E+00;0.00000000000000E+00;0.00000000000000E+00;0
0.00000000000000E+00;0.00000000000000E+00;0.00000000000000E+00;0
0.00000000000000E+00;0.00000000000000E+00;0.00000000000000E+00;0
0.00000000000000E+00;0.00000000000000E+00;0.00000000000000E+00;0
0.00000000000000E+00;0.00000000000000E+00;0.00000000000000E+00;0
0.00000000000000E+00;0.00000000000000E+00;0.00000000000000E+00;0
0.00000000000000E+00;0.00000000000000E+00;0.00000000000000E+00;0
0.00000000000000E+00;0.00000000000000E+00;0.00000000000000E+00;0
0.00000000000000E+00;0.00000000000000E+00;0.00000000000000E+00;0
0.00000000000000E+00;0.00000000000000E+00;0.00000000000000E+00;0
0.00000000000000E+00;0.00000000000000E+00;0.00000000000000E+00;0
0.00000000000000E+00;0.00000000000000E+00;0.00000000000000E+00;0
0.00000000000000E+00;0.00000000000000E+00;0.00000000000000E+00;0
0.00000000000000E+00;0.00000000000000E+00;0.00000000000000E+00;0
0.00000000000000E+00;0.00000000000000E+00;0.00000000000000E+00;0
0.00000000000000E+00;0.00000000000000E+00;0.00000000000000E+00;0
0.00000000000000E+00;0.00000000000000E+00;0.00000000000000E+00;0
0.00000000000000E+00;0.00000000000000E+00;0.00000000000000E+00;0
0.00000000000000E+00;0.00000000000000E+00;0.00000000000000E+00;0
0.00000000000000E+00;0.00000000000000E+00;0.00000000000000E+00;0
0.00000000000000E+00;0.00000000000000E+00;0.00000000000000E+00;0
0.00000000000000E+00;0.00000000000000E+00;0.00000000000000E+00;0
0.00000000000000E+00;0.00000000000000E+00;0.00000000000000E+00;0
0.00000000000000E+00;0.00000000000000E+00;0.00000000000000E+00;0
0.00000000000000E+00;0.00000000000000E+00;0.00000000000000E+00;0
0.00000000000000E+00;0.00000000000000E+00;0.00000000000000E+00;0
0.00000000000000E+00;0.00000000000000E+00;0.00000000000000E+00;0
0.00000000000000E+00;0.00000000000000E+00;0.00000000000000E+00;0
0.00000000000000E+00;0.00000000000000E+00;0.00000000000000E+00;0
0.00000000000000E+00;0.00000000000000E+00;0.00000000000000E+00;0
0.00000000000000E+00;0.00000000000000E+00;0.00000000000000E+00;0
0.00000000000000E+00;0.00000000000000E+00;0.00000000000000E+00;0
0.00000000000000E+00;0.00000000000000E+00;0.00000000000000E+00;0
0.00000000000000E+00;0.00000000000000E+00;0.00000000000000E+00;0
0.00000000000000E+00;0.00000000000000E+00;0.00000000000000E+00;0
0.00000000000000E+00;0.00000000000000E+00;0.00000000000000E+00;0
0.00000000000000E+00;0.00000000000000E+00;0.00000000000000E+00;0
0.00000000000000E+00;0.00000000000000E+00;0.00000000000000E+00;0
0.00000000000000E+00;0.00000000000000E+00;0.00000000000000E+00;0
0.00000000000000E+00;0.00000000000000E+00;0.00000000000000E+00;0
0.00000000000000E+00;0.00000000000000E+00;0.00000000000000E+00;0
0.00000000000000E+00;0.00000000000000E+00;0.00000000000000E+00;0
0.00000000000000E+00;0.00000000000000E+00;0.00000000000000E+00;0
0.00000000000000E+00;0.00000000000000E+00;0.00000000000000E+00;0
0.00000000000000E+00;0.00000000000000E+00;0.00000000000000E+00;0
0.00000000000000E+00;0.00000000000000E+00;0.00000000000000E+00;0
0.00000000000000E+00;0.00000000000000E+00;0.00000000000000E+00;0
0.00000000000000E+00;0.00000000000000E+00;0.00000000000000E+00;0
0.00000000000000E+00;0.00000000000000E+00;0.00000000000000E+00;0
0.00000000000000E+00;0.00000000000000E+00;0.00000000000000E+00;0
0.00000000000000E+00;0.00000000000000E+00;0.00000000000000E+00;0
0.00000000000000E+00;0.00000000000000E+00;0.00000000000000E+00;0
0.00000000000000E+00;0.00000000000000E+00;0.00000000000000E+00;0
0.00000000000000E+00;0.00000000000000E+00;0.00000000000000E+00;0
0.00000000000000E+00;0.00000000000000E+00;0.00000000000000E+00;0
0.00000000000000E+00;0.00000000000000E+00;0.00000000000000E+00;0
0.00000000000000E+00;0.00000000000000E+00;0.00000000000000E+00;0
0.00000000000000E+00;0.00000000000000E+00;0.00000000000000E+00;0
0.00000000000000E+00;0.00000000000000E+00;0.00000000000000E+00;0
0.00000000000000E+00;0.00000000000000E+00;0.00000000000000E+00;0
0.00000000000000E+00;0.00000000000000E+00;0.00000000000000E+00;0
0.00000000000000E+00;0.00000000000000E+00;0.00000000000000E+00;0
0.00000000000000E+00;0.00000000000000E+00;0.00000000000000E+00;0
0.00000000000000E+00;0.00000000000000E+00;0.00000000000000E+00;0
0.00000000000000E+00;0.00000000000000E+00;0.00000000000000E+00;0
0.00000000000000E+00;0.00000000000000E+00;0.00000000000000E+00;0
0.00000000000000E+00;0.00000000000000E+00;0.00000000000000E+00;0
0.00000000000000E+00;0.00000000000000E+00;0.00000000000000E+00;0
0.00000000000000E+00;0.00000000000000E+00;0.00000000000000E+00;0
0.00000000000000E+00;0.00000000000000E+00;0.00000000000000E+00;0
0.00000000000000E+00;0.00000000000000E+00;0.00000000000000E+00;0
0.00000000000000E+00;0.00000000000000E+00;0.00000000000000E+00;0
0.00000000000000E+00;0.00000000000000E+00;0.00000000000000E+00;0
0.00000000000000E+00;0.00000000000000E+00;0.00000000000000E+00;0
0.00000000000000E+00;0.00000000000000E+00;0.00000000000000E+00;0
0.00000000000000E+00;0.00000000000000E+00;0.00000000000000E+00;0
0.00000000000000E+00;0.00000000000000E+00;0.00000000000000E+00;0
0.00000000000000E+00;0.00000000000000E+00;0.00000000000000E+00;0
0.00000000000000E+00;0.00000000000000E+00;0.00000000000000E+00;0
0.00000000000000E+00;0.00000000000000E+00;0.00000000000000E+00;0
0.00000000000000E+00;0.00000000000000E+00;0.00000000000000E+00;0
0.00000000000000E+00;0.00000000000000E+00;0.00000000000000E+00;0
0.00000000000000E+00;0.00000000000000E+00;0.00000000000000E+00;0
0.00000000000000E+00;0.00000000000000E+00;0.00000000000000E+00;0
0.00000000000000E+00;0.00000000000000E+00;0.00000000000000E+00;0
0.00000000000000E+00;0.00000000000000E+00;0.00000000000000E+00;0
0.00000000000000E+00;0.00000000000000E+00;0.00000000000000E+00;0
0.00000000000000E+00;0.00000000000000E+00;0.00000000000000E+00;0
0.00000000000000E+00;0.00000000000000E+00;0.00000000000000E+00;0
0.00000000000000E+00;0.00000000000000E+00;0.00000000000000E+00;0
0.00000000000000E+00;0.00000000000000E+00;0.00000000000000E+00;0
0.00000000000000E+00;0.00000000000000E+00;0.00000000000000E+00;0
0.00000000000000E+00;0.00000000000000E+00;0.00000000000000E+00;0
0.00000000000000E+00;0.00000000000000E+00;0.00000000000000E+00;0
0.00000000000000E+00;0.00000000000000E+00;0.00000000000000E+00;0
0.00000000000000E+00;0.00000000000000E+00;0.00000000000000E+00;0
0.00000000000000E+00;0.00000000000000E+00;0.00000000000000E+00;0
0.00000000000000E+00;0.00000000000000E+00;0.00000000000000E+00;0
0.00000000000000E+00;0.00000000000000E+00;0.00000000000000E+00;0
0.00000000000000E+00;0.00000000000000E+00;0.00000000000000E+00;0
0.00000000000000E+00;0.00000000000000E+00;0.00000000000000E+00;0
0.00000000000000E+00;0.00000000000000E+00;0.00000000000000E+00;0
0.00000000000000E+00;0.00000000000000E+00;0.00000000000000E+00;0
0.00000000000000E+00;0.00000000000000E+00;0.00000000000000E+00;0
0.00000000000000E+00;0.00000000000000E+00;0.00000000000000E+00;0
0.00000000000000E+00;0.00000000000000E+00;0.00000000000000E+00;0
0.00000000000000E+00;0.00000000000000E+00;0.00000000000000E+00;0
0.00000000000000E+00;0.00000000000000E+00;0.00000000000000E+00;0
0.00000000000000E+00;0.00000000000000E+00;0.00000000000000E+00;0
0.00000000000000E+00;0.00000000000000E+00;0.00000000000000E+00;0
0.00000000000000E+00;0.00000000000000E+00;0.00000000000000E+00;0
0.00000000000000E+00;0.00000000000000E+00;0.00000000000000E+00;0
0.00000000000000E+00;0.00000000000000E+00;0.00000000000000E+00;0
0.00000000000000E+00;0.00000000000000E+00;0.00000000000000E+00;0
0.00000000000000E+00;0.00000000000000E+00;0.00000000000000E+00;0
0.00000000000000E+00;0.00000000000000E+00;0.00000000000000E+00;0
0.00000000000000E+00;0.00000000000000E+00;0.00000000000000E+00;0
0.00000000000000E+00;0.00000000000000E+00;0.00000000000000E+00;0
0.00000000000000E+00;0.00000000000000E+00;0.00000000000000E+00;0
0.00000000000000E+00;0.00000000000000E+00;0.00000000000000E+00;0
0.00000000000000E+00;0.00000000000000E+00;0.00000000000000E+00;0
0.00000000000000E+00;0.00000000000000E+00;0.00000000000000E+00;0
0.00000000000000E+00;0.00000000000000E+00;0.00000000000000E+00;0
0.00000000000000E+00;0.00000000000000E+00;0.00000000000000E+00;0
0.00000000000000E+00;0.00000000000000E+00;0.00000000000000E+00;0
0.00000000000000E+00;0.00000000000000E+00;0.00000000000000E+00;0
0.00000000000000E+00;0.00000000000000E+00;0.00000000000000E+00;0
0.00000000000000E+00;0.00000000000000E+00;0.00000000000000E+00;0
0.00000000000000E+00;0.00000000000000E+00;0.00000000000000E+00;0
0.00000000000000E+00;0.00000000000000E+00;0.00000000000000E+00;0
0.00000000000000E+00;0.00000000000000E+00;0.00000000000000E+00;0
0.00000000000000E+00;0.00000000000000E+00;0.00000000000000E+00;0
0.00000000000000E+00;0.00000000000000E+00;0.00000000000000E+00;0
0.00000000000000E+00;0.00000000000000E+00;0.00000000000000E+00;0
0.00000000000000E+00;0.00000000000000E+00;0.00000000000000E+00;0
0.00000000000000E+00;0.00000000000000E+00;0.00000000000000E+00;0
0.00000000000000E+00;0.00000000000000E+00;0.00000000000000E+00;0
0.00000000000000E+00;0.00000000000000E+00;0.00000000000000E+00;0
0.00000000000000E+00;0.00000000000000E+00;0.00000000000000E+00;0
0.00000000000000E+00;0.00000000000000E+00;0.00000000000000E+00;0
0.00000000000000E+00;0.00000000000000E+00;0.00000000000000E+00;0
0.00000000000000E+00;0.00000000000000E+00;0.00000000000000E+00;0
0.00000000000000E+00;0.00000000000000E+00;0.00000000000000E+00;0
0.00000000000000E+00;0.00000000000000E+00;0.00000000000000E+00;0
0.00000000000000E+00;0.00000000000000E+00;0.00000000000000E+00;0
0.00000000000000E+00;0.00000000000000E+00;0.00000000000000E+00;0
0.00000000000000E+00;0.00000000000000E+00;0.00000000000000E+00;0
0.00000000000000E+00;0.00000000000000E+00;0.00000000000000E+00;0
0.00000000000000E+00;0.00000000000000E+00;0.00000000000000E+00;0
0.00000000000000E+00;0.00000000000000E+00;0.00000000000000E+00;0
0.00000000000000E+00;0.00000000000000E+00;0.00000000000000E+00;0
0.00000000000000E+00;0.00000000000000E+00;0.00000000000000E+00;0
0.00000000000000E+00;0.00000000000000E+00;0.00000000000000E+00;0
0.00000000000000E+00;0.00000000000000E+00;0.00000000000000E+00;0
0.00000000000000E+00;0.00000000000000E+00;0.00000000000000E+00;0
0.00000000000000E+00;0.00000000000000E+00;0.00000000000000E+00;0
0.00000000000000E+00;0.00000000000000E+00;0.00000000000000E+00;0
0.00000000000000E+00;0.00000000000000E+00;0.00000000000000E+00;0
0.00000000000000E+00;0.00000000000000E+00;0.00000000000000E+00;0
0.00000000000000E+00;0.00000000000000E+00;0.00000000000000E+00;0
0.00000000000000E+00;0.00000000000000E+00;0.00000000000000E+00;0
0.00000000000000E+00;0.00000000000000E+00;0.00000000000000E+00;0
0.00000000000000E+00;0.00000000000000E+00;0.00000000000000E+00;0
0.00000000000000E+00;0.00000000000000E+00;0.00000000000000E+00;0
0.00000000000000E+00;0.00000000000000E+00;0.00000000000000E+00;0
0.00000000000000E+00;0.00000000000000E+00;0.00000000000000E+00;0
0.00000000000000E+00;0.00000000000000E+00;0.00000000000000E+00;0
0.00000000000000E+00;0.00000000000000E+00;0.00000000000000E+00;0
0.00000000000000E+00;0.00000000000000E+00;0.00000000000000E+00;0
0.00000000000000E+00;0.00000000000000E+00;0.00000000000000E+00;0
0.00000000000000E+00;0.00000000000000E+00;0.00000000000000E+00;0
0.00000000000000E+00;0.00000000000000E+00;0.00000000000000E+00;0
0.00000000000000E+00;0.00000000000000E+00;0.00000000000000E+00;0
0.00000000000000E+00;0.00000000000000E+00;0.00000000000000E+00;0
0.00000000000000E+00;0.00000000000000E+00;0.00000000000000E+00;0
0.00000000000000E+00;0.00000000000000E+00;0.00000000000000E+00;0
0.00000000000000E+00;0.00000000000000E+00;0.00000000000000E+00;0
0.00000000000000E+00;0.00000000000000E+00;0.00000000000000E+00;0
0.00000000000000E+00;0.00000000000000E+00;0.00000000000000E+00;0
0.00000000000000E+00;0.00000000000000E+00;0.00000000000000E+00;0
0.00000000000000E+00;0.00000000000000E+00;0.00000000000000E+00;0
0.00000000000000E+00;0.00000000000000E+00;0.00000000000000E+00;0
0.00000000000000E+00;0.00000000000000E+00;0.00000000000000E+00;0
0.00000000000000E+00;0.00000000000000E+00;0.00000000000000E+00;0
0.00000000000000E+00;0.00000000000000E+00;0.00000000000000E+00;0
0.00000000000000E+00;0.00000000000000E+00;0.00000000000000E+00;0
0.00000000000000E+00;0.00000000000000E+00;0.00000000000000E+00;0
0.00000000000000E+00;0.00000000000000E+00;0.00000000000000E+00;0
0.00000000000000E+00;0.00000000000000E+00;0.00000000000000E+00;0
0.00000000000000E+00;0.00000000000000E+00;0.00000000000000E+00;0
0.00000000000000E+00;0.00000000000000E+00;0.00000000000000E+00;0
0.00000000000000E+00;0.00000000000000E+00;0.00000000000000E+00;0
0.00000000000000E+00;0.00000000000000E+00;0.00000000000000E+00;0
0.00000000000000E+00;0.00000000000000E+00;0.00000000000000E+00;0
0.00000000000000E+00;0.00000000000000E+00;0.00000000000000E+00;0
0.00000000000000E+00;0.00000000000000E+00;0.00000000000000E+00;0
0.00000000000000E+00;0.00000000000000E+00;0.00000000000000E+00;0
0.00000000000000E+00;0.00000000000000E+00;0.00000000000000E+00;0
0.00000000000000E+00;0.00000000000000E+00;0.00000000000000E+00;0
0.00000000000000E+00;0.00000000000000E+00;0.00000000000000E+00;0
0.00000000000000E+00;0.00000000000000E+00;0.00000000000000E+00;0
0.00000000000000E+00;0.00000000000000E+00;0.00000000000000E+00;0
0.00000000000000E+00;0.00000000000000E+00;0.00000000000000E+00;0
0.00000000000000E+00;0.00000000000000E+00;0.00000000000000E+00;0
0.00000000000000E+00;0.00000000000000E+00;0.00000000000000E+00;0
0.00000000000000E+00;0.00000000000000E+00;0.00000000000000E+00;0
0.00000000000000E+00;0.00000000000000E+00;0.00000000000000E+00;0
0.00000000000000E+00;0.00000000000000E+00;0.00000000000000E+00;0
0.00000000000000E+00;0.00000000000000E+00;0.00000000000000E+00;0
0.00000000000000E+00;0.00000000000000E+00;0.00000000000000E+00;0
0.00000000000000E+00;0.00000000000000E+00;0.00000000000000E+00;0
0.00000000000000E+00;0.00000000000000E+00;0.00000000000000E+00;0
0.00000000000000E+00;0.00000000000000E+00;0.00000000000000E+00;0
0.00000000000000E+00;0.00000000000000E+00;0.00000000000000E+00;0
0.00000000000000E+00;0.00000000000000E+00;0.00000000000000E+00;0
0.00000000000000E+00;0.00000000000000E+00;0.00000000000000E+00;0
0.00000000000000E+00;0.00000000000000E+00;0.00000000000000E+00;0
0.00000000000000E+00;0.00000000000000E+00;0.00000000000000E+00;0
0.00000000000000E+00;0.00000000000000E+00;0.00000000000000E+00;0
0.00000000000000E+00;0.00000000000000E+00;0.00000000000000E+00;0
0.00000000000000E+00;0.00000000000000E+00;0.00000000000000E+00;0
0.00000000000000E+00;0.00000000000000E+00;0.00000000000000E+00;0
0.00000000000000E+00;0.00000000000000E+00;0.00000000000000E+00;0
0.00000000000000E+00;0.00000000000000E+00;0.00000000000000E+00;0
0.00000000000000E+00;0.00000000000000E+00;0.00000000000000E+00;0
0.00000000000000E+00;0.00000000000000E+00;0.00000000000000E+00;0
0.00000000000000E+00;0.00000000000000E+00;0.00000000000000E+00;0
0.00000000000000E+00;0.00000000000000E+00;0.00000000000000E+00;0
0.00000000000000E+00;0.00000000000000E+00;0.00000000000000E+00;0
0.00000000000000E+00;0.00000000000000E+00;0.00000000000000E+00;0
0.00000000000000E+00;0.00000000000000E+00;0.00000000000000E+00;0
0.00000000000000E+00;0.00000000000000E+00;0.00000000000000E+00;0
0.00000000000000E+00;0.00000000000000E+00;0.00000000000000E+00;0
0.00000000000000E+00;0.00000000000000E+00;0.00000000000000E+00;0
0.00000000000000E+00;0.00000000000000E+00;0.00000000000000E+00;0
0.00000000000000E+00;0.00000000000000E+00;0.00000000000000E+00;0
0.00000000000000E+00;0.00000000000000E+00;0.00000000000000E+00;0
0.00000000000000E+00;0.00000000000000E+00;0.00000000000000E+00;0
0.00000000000000E+00;0.00000000000000E+00;0.00000000000000E+00;0
0.00000000000000E+00;0.00000000000000E+00;0.00000000000000E+00;0
0.00000000000000E+00;0.00000000000000E+00;0.00000000000000E+00;0
0.00000000000000E+00;0.00000000000000E+00;0.00000000000000E+00;0
0.00000000000000E+00;0.00000000000000E+00;0.00000000000000E+00;0
0.00000000000000E+00;0.00000000000000E+00;0.00000000000000E+00;0
0.00000000000000E+00;0.00000000000000E+00;0.00000000000000E+00;0
0.00000000000000E+00;0.00000000000000E+00;0.00000000000000E+00;0
0.00000000000000E+00;0.00000000000000E+00;0.00000000000000E+00;0
0.00000000000000E+00;0.00000000000000E+00;0.00000000000000E+00;0
0.00000000000000E+00;0.00000000000000E+00;0.00000000000000E+00;0
0.00000000000000E+00;0.00000000000000E+00;0.00000000000000E+00;0
0.00000000000000E+00;0.00000000000000E+00;0.00000000000000E+00;0
0.00000000000000E+00;0.00000000000000E+00;0.00000000000000E+00;0
0.00000000000000E+00;0.00000000000000E+00;0.00000000000000E+00;0
0.00000000000000E+00;0.00000000000000E+00;0.00000000000000E+00;0
0.00000000000000E+00;0.00000000000000E+00;0.00000000000000E+00;0
0.00000000000000E+00;0.00000000000000E+00;0.00000000000000E+00;0
0.00000000000000E+00;0.00000000000000E+00;0.00000000000000E+00;0
0.00000000000000E+00;0.00000000000000E+00;0.00000000000000E+00;0
0.00000000000000E+00;0.00000000000000E+00;0.00000000000000E+00;0
0.00000000000000E+00;0.00000000000000E+00;0.00000000000000E+00;0
0.00000000000000E+00;0.00000000000000E+00;0.00000000000000E+00;0
0.00000000000000E+00;0.00000000000000E+00;0.00000000000000E+00;0
0.00000000000000E+00;0.00000000000000E+00;0.00000000000000E+00;0
0.00000000000000E+00;0.00000000000000E+00;0.00000000000000E+00;0
0.00000000000000E+00;0.00000000000000E+00;0.00000000000000E+00;0
0.00000000000000E+00;0.00000000000000E+00;0.00000000000000E+00;0
0.00000000000000E+00;0.00000000000000E+00;0.00000000000000E+00;0
0.00000000000000E+00;0.00000000000000E+00;0.00000000000000E+00;0
0.00000000000000E+00;0.00000000000000E+00;0.00000000000000E+00;0
0.00000000000000E+00;0.00000000000000E+00;0.00000000000000E+00;0
0.00000000000000E+00;0.00000000000000E+00;0.00000000000000E+00;0
0.00000000000000E+00;0.00000000000000E+00;0.00000000000000E+00;0
0.00000000000000E+00;0.00000000000000E+00;0.00000000000000E+00;0
0.00000000000000E+00;0.00000000000000E+00;0.00000000000000E+00;0
0.00000000000000E+00;0.00000000000000E+00;0.00000000000000E+00;0
0.00000000000000E+00;0.00000000000000E+00;0.00000000000000E+00;0
0.00000000000000E+00;0.00000000000000E+00;0.00000000000000E+00;0
0.00000000000000E+00;0.00000000000000E+00;0.00000000000000E+00;0
0.00000000000000E+00;0.00000000000000E+00;0.00000000000000E+00;0
0.00000000000000E+00;0.00000000000000E+00;0.00000000000000E+00;0
0.00000000000000E+00;0.00000000000000E+00;0.00000000000000E+00;0
0.00000000000000E+00;0.00000000000000E+00;0.00000000000000E+00;0
0.00000000000000E+00;0.00000000000000E+00;0.00000000000000E+00;0
0.00000000000000E+00;0.00000000000000E+00;0.00000000000000E+00;0
0.00000000000000E+00;0.00000000000000E+00;0.00000000000000E+00;0
0.00000000000000E+00;0.00000000000000E+00;0.00000000000000E+00;0
0.00000000000000E+00;0.00000000000000E+00;0.00000000000000E+00;0
0.00000000000000E+00;0.00000000000000E+00;0.00000000000000E+00;0
0.00000000000000E+00;0.00000000000000E+00;0.00000000000000E+00;0
0.00000000000000E+00;0.00000000000000E+00;0.00000000000000E+00;0
0.00000000000000E+00;0.00000000000000E+00;0.00000000000000E+00;0
0.00000000000000E+00;0.00000000000000E+00;0.00000000000000E+00;0
0.00000000000000E+00;0.00000000000000E+00;0.00000000000000E+00;0
0.00000000000000E+00;0.00000000000000E+00;0.00000000000000E+00;0
0.00000000000000E+00;0.00000000000000E+00;0.00000000000000E+00;0
0.00000000000000E+00;0.00000000000000E+00;0.00000000000000E+00;0
0.00000000000000E+00;0.00000000000000E+00;0.00000000000000E+00;0
0.00000000000000E+00;0.00000000000000E+00;0.00000000000000E+00;0
0.00000000000000E+00;0.00000000000000E+00;0.00000000000000E+00;0
0.00000000000000E+00;0.00000000000000E+00;0.00000000000000E+00;0
0.00000000000000E+00;0.00000000000000E+00;0.00000000000000E+00;0
0.00000000000000E+00;0.00000000000000E+00;0.00000000000000E+00;0
0.00000000000000E+00;0.00000000000000E+00;0.00000000000000E+00;0
0.00000000000000E+00;0.00000000000000E+00;0.00000000000000E+00;0
0.00000000000000E+00;0.00000000000000E+00;0.00000000000000E+00;0
0.00000000000000E+00;0.00000000000000E+00;0.00000000000000E+00;0
0.00000000000000E+00;0.00000000000000E+00;0.00000000000000E+00;0
0.00000000000000E+00;0.00000000000000E+00;0.00000000000000E+00;0
0.00000000000000E+00;0.00000000000000E+00;0.00000000000000E+00;0
0.00000000000000E+00;0.00000000000000E+00;0.00000000000000E+00;0
0.00000000000000E+00;0.00000000000000E+00;0.00000000000000E+00;0
0.00000000000000E+00;0.00000000000000E+00;0.00000000000000E+00;0
0.00000000000000E+00;0.00000000000000E+00;0.00000000000000E+00;0
0.00000000000000E+00;0.00000000000000E+00;0.00000000000000E+00;0
0.00000000000000E+00;0.00000000000000E+00;0.00000000000000E+00;0
0.00000000000000E+00;0.00000000000000E+00;0.00000000000000E+00;0
0.00000000000000E+00;0.00000000000000E+00;0.00000000000000E+00;0
0.00000000000000E+00;0.00000000000000E+00;0.00000000000000E+00;0
0.00000000000000E+00;0.00000000000000E+00;0.00000000000000E+00;0
0.00000000000000E+00;0.00000000000000E+00;0.00000000000000E+00;0
0.00000000000000E+00;0.00000000000000E+00;0.00000000000000E+00;0
0.00000000000000E+00;0.00000000000000E+00;0.00000000000000E+00;0
0.00000000000000E+00;0.00000000000000E+00;0.00000000000000E+00;0
0.00000000000000E+00;0.00000000000000E+00;0.00000000000000E+00;0
0.00000000000000E+00;0.00000000000000E+00;0.00000000000000E+00;0
0.00000000000000E+00;0.00000000000000E+00;0.00000000000000E+00;0
0.00000000000000E+00;0.00000000000000E+00;0.00000000000000E+00;0
0.00000000000000E+00;0.00000000000000E+00;0.00000000000000E+00;0
0.00000000000000E+00;0.00000000000000E+00;0.00000000000000E+00;0
0.00000000000000E+00;0.00000000000000E+00;0.00000000000000E+00;0
0.00000000000000E+00;0.00000000000000E+00;0.00000000000000E+00;0
0.00000000000000E+00;0.00000000000000E+00;0.00000000000000E+00;0
0.00000000000000E+00;0.00000000000000E+00;0.00000000000000E+00;0
0.00000000000000E+00;0.00000000000000E+00;0.00000000000000E+00;0
0.00000000000000E+00;0.00000000000000E+00;0.00000000000000E+00;0
0.00000000000000E+00;0.00000000000000E+00;0.00000000000000E+00;0
0.00000000000000E+00;0.00000000000000E+00;0.00000000000000E+00;0
0.00000000000000E+00;0.00000000000000E+00;0.00000000000000E+00;0
0.00000000000000E+00;0.00000000000000E+00;0.00000000000000E+00;0
0.00000000000000E+00;0.00000000000000E+00;0.00000000000000E+00;0
0.00000000000000E+00;0.00000000000000E+00;0.00000000000000E+00;0
0.00000000000000E+00;0.00000000000000E+00;0.00000000000000E+00;0
0.00000000000000E+00;0.00000000000000E+00;0.00000000000000E+00;0
0.00000000000000E+00;0.00000000000000E+00;0.00000000000000E+00;0
0.00000000000000E+00;0.00000000000000E+00;0.00000000000000E+00;0
0.00000000000000E+00;0.00000000000000E+00;0.00000000000000E+00;0
0.00000000000000E+00;0.00000000000000E+00;0.00000000000000E+00;0
0.00000000000000E+00;0.00000000000000E+00;0.00000000000000E+00;0
0.00000000000000E+00;0.00000000000000E+00;0.00000000000000E+00;0
0.00000000000000E+00;0.00000000000000E+00;0.00000000000000E+00;0
0.00000000000000E+00;0.00000000000000E+00;0.00000000000000E+00;0
0.00000000000000E+00;0.00000000000000E+00;0.00000000000000E+00;0
0.00000000000000E+00;0.00000000000000E+00;0.00000000000000E+00;0
0.00000000000000E+00;0.00000000000000E+00;0.00000000000000E+00;0
0.00000000000000E+00;0.00000000000000E+00;0.00000000000000E+00;0
0.00000000000000E+00;0.00000000000000E+00;0.00000000000000E+00;0
0.00000000000000E+00;0.00000000000000E+00;0.00000000000000E+00;0
0.00000000000000E+00;0.00000000000000E+00;0.00000000000000E+00;0
0.00000000000000E+00;0.00000000000000E+00;0.00000000000000E+00;0
0.00000000000000E+00;0.00000000000000E+00;0.00000000000000E+00;0
0.00000000000000E+00;0.00000000000000E+00;0.00000000000000E+00;0
0.00000000000000E+00;0.00000000000000E+00;0.00000000000000E+00;0
0.00000000000000E+00;0.00000000000000E+00;0.00000000000000E+00;0
0.00000000000000E+00;0.00000000000000E+00;0.00000000000000E+00;0
0.00000000000000E+00;0.00000000000000E+00;0.00000000000000E+00;0
0.00000000000000E+00;0.00000000000000E+00;0.00000000000000E+00;0
0.00000000000000E+00;0.00000000000000E+00;0.00000000000000E+00;0
0.00000000000000E+00;0.00000000000000E+00;0.00000000000000E+00;0
0.00000000000000E+00;0.00000000000000E+00;0.00000000000000E+00;0
0.00000000000000E+00;0.00000000000000E+00;0.00000000000000E+00;0
0.00000000000000E+00;0.00000000000000E+00;0.00000000000000E+00;0
0.00000000000000E+00;0.00000000000000E+00;0.00000000000000E+00;0
0.00000000000000E+00;0.00000000000000E+00;0.00000000000000E+00;0
0.00000000000000E+00;0.00000000000000E+00;0.00000000000000E+00;0
0.00000000000000E+00;0.00000000000000E+00;0.00000000000000E+00;0
0.00000000000000E+00;0.00000000000000E+00;0.00000000000000E+00;0
0.00000000000000E+00;0.00000000000000E+00;0.00000000000000E+00;0
0.00000000000000E+00;0.00000000000000E+00;0.00000000000000E+00;0
0.00000000000000E+00;0.00000000000000E+00;0.00000000000000E+00;0
0.00000000000000E+00;0.00000000000000E+00;0.00000000000000E+00;0
0.00000000000000E+00;0.00000000000000E+00;0.00000000000000E+00;0
0.00000000000000E+00;0.00000000000000E+00;0.00000000000000E+00;0
0.00000000000000E+00;0.00000000000000E+00;0.00000000000000E+00;0
0.00000000000000E+00;0.00000000000000E+00;0.00000000000000E+00;0
0.00000000000000E+00;0.00000000000000E+00;0.00000000000000E+00;0
0.00000000000000E+00;0.00000000000000E+00;0.00000000000000E+00;0
0.00000000000000E+00;0.00000000000000E+00;0.00000000000000E+00;0
0.00000000000000E+00;0.00000000000000E+00;0.00000000000000E+00;0
0.00000000000000E+00;0.00000000000000E+00;0.00000000000000E+00;0
0.00000000000000E+00;0.00000000000000E+00;0.00000000000000E+00;0
0.00000000000000E+00;0.00000000000000E+00;0.00000000000000E+00;0
0.00000000000000E+00;0.00000000000000E+00;0.00000000000000E+00;0
0.00000000000000E+00;0.00000000000000E+00;0.00000000000000E+00;0
0.00000000000000E+00;0.00000000000000E+00;0.00000000000000E+00;0
0.00000000000000E+00;0.00000000000000E+00;0.00000000000000E+00;0
0.00000000000000E+00;0.00000000000000E+00;0.00000000000000E+00;0
0.00000000000000E+00;0.00000000000000E+00;0.00000000000000E+00;0
0.00000000000000E+00;0.00000000000000E+00;0.00000000000000E+00;0
0.00000000000000E+00;0.00000000000000E+00;0.00000000000000E+00;0
0.00000000000000E+00;0.00000000000000E+00;0.00000000000000E+00;0
0.00000000000000E+00;0.00000000000000E+00;0.00000000000000E+00;0
0.00000000000000E+00;0.00000000000000E+00;0.00000000000000E+00;0
0.00000000000000E+00;0.00000000000000E+00;0.00000000000000E+00;0
0.00000000000000E+00;0.00000000000000E+00;0.00000000000000E+00;0
0.00000000000000E+00;0.00000000000000E+00;0.00000000000000E+00;0
0.00000000000000E+00;0.00000000000000E+00;0.00000000000000E+00;0
0.00000000000000E+00;0.00000000000000E+00;0.00000000000000E+00;0
0.00000000000000E+00;0.00000000000000E+00;0.00000000000000E+00;0
0.00000000000000E+00;0.00000000000000E+00;0.00000000000000E+00;0
0.00000000000000E+00;0.00000000000000E+00;0.00000000000000E+00;0
0.00000000000000E+00;0.00000000000000E+00;0.00000000000000E+00;0
0.00000000000000E+00;0.00000000000000E+00;0.00000000000000E+00;0
0.00000000000000E+00;0.00000000000000E+00;0.00000000000000E+00;0
0.00000000000000E+00;0.00000000000000E+00;0.00000000000000E+00;0
0.00000000000000E+00;0.00000000000000E+00;0.00000000000000E+00;0
0.00000000000000E+00;0.00000000000000E+00;0.00000000000000E+00;0
0.00000000000000E+00;0.00000000000000E+00;0.00000000000000E+00;0
0.00000000000000E+00;0.00000000000000E+00;0.00000000000000E+00;0
0.00000000000000E+00;0.00000000000000E+00;0.00000000000000E+00;0
0.00000000000000E+00;0.00000000000000E+00;0.00000000000000E+00;0
0.00000000000000E+00;0.00000000000000E+00;0.00000000000000E+00;0
0.00000000000000E+00;0.00000000000000E+00;0.00000000000000E+00;0
0.00000000000000E+00;0.00000000000000E+00;0.00000000000000E+00;0
0.00000000000000E+00;0.00000000000000E+00;0.00000000000000E+00;0
0.00000000000000E+00;0.00000000000000E+00;0.00000000000000E+00;0
0.00000000000000E+00;0.00000000000000E+00;0.00000000000000E+00;0
0.00000000000000E+00;0.00000000000000E+00;0.00000000000000E+00;0
0.00000000000000E+00;0.00000000000000E+00;0.00000000000000E+00;0
0.00000000000000E+00;0.00000000000000E+00;0.00000000000000E+00;0
0.00000000000000E+00;0.00000000000000E+00;0.00000000000000E+00;0
0.00000000000000E+00;0.00000000000000E+00;0.00000000000000E+00;0
0.00000000000000E+00;0.00000000000000E+00;0.00000000000000E+00;0
0.00000000000000E+00;0.00000000000000E+00;0.00000000000000E+00;0
0.00000000000000E+00;0.00000000000000E+00;0.00000000000000E+00;0
0.00000000000000E+00;0.00000000000000E+00;0.00000000000000E+00;0
0.00000000000000E+00;0.00000000000000E+00;0.00000000000000E+00;0
0.00000000000000E+00;0.00000000000000E+00;0.00000000000000E+00;0
0.00000000000000E+00;0.00000000000000E+00;0.00000000000000E+00;0
0.00000000000000E+00;0.00000000000000E+00;0.00000000000000E+00;0
0.00000000000000E+00;0.00000000000000E+00;0.00000000000000E+00;0
0.00000000000000E+00;0.00000000000000E+00;0.00000000000000E+00;0
0.00000000000000E+00;0.00000000000000E+00;0.00000000000000E+00;0
0.00000000000000E+00;0.00000000000000E+00;0.00000000000000E+00;0
0.00000000000000E+00;0.00000000000000E+00;0.00000000000000E+00;0
0.00000000000000E+00;0.00000000000000E+00;0.00000000000000E+00;0
0.00000000000000E+00;0.00000000000000E+00;0.00000000000000E+00;0
0.00000000000000E+00;3.38218947973884E-16;0.00000000000000E+00;0
0.00000000000000E+00;2.15253325958440E-17;0.00000000000000E+00;0
0.00000000000000E+00;4.49165064979063E-17;0.00000000000000E+00;0
0.00000000000000E+00;7.11709304803700E-17;0.00000000000000E+00;0
0.00000000000000E+00;1.22700204102563E-16;0.00000000000000E+00;0
0.00000000000000E+00;1.74971036547942E-17;0.00000000000000E+00;0
0.00000000000000E+00;2.31309191860781E-17;0.00000000000000E+00;0
0.00000000000000E+00;2.86576392420132E-16;0.00000000000000E+00;0
0.00000000000000E+00;1.91991843166546E-17;0.00000000000000E+00;0
0.00000000000000E+00;6.16274292878887E-17;0.00000000000000E+00;0
0.00000000000000E+00;4.86029075740859E-17;0.00000000000000E+00;0
0.00000000000000E+00;1.74006148293141E-16;0.00000000000000E+00;0
0.00000000000000E+00;4.67494666253371E-16;0.00000000000000E+00;0
0.00000000000000E+00;2.67737733690838E-17;0.00000000000000E+00;0
0.00000000000000E+00;8.03134988276549E-17;0.00000000000000E+00;0
0.00000000000000E+00;2.96415442095692E-16;0.00000000000000E+00;0
0.00000000000000E+00;8.57134579866776E-17;0.00000000000000E+00;0
0.00000000000000E+00;1.31588157305117E-17;0.00000000000000E+00;0
0.00000000000000E+00;3.42934419033161E-17;0.00000000000000E+00;0
0.00000000000000E+00;5.39188855501333E-17;0.00000000000000E+00;0
0.00000000000000E+00;6.62069015671823E-18;0.00000000000000E+00;0
0.00000000000000E+00;1.14616706739589E-16;0.00000000000000E+00;0
0.00000000000000E+00;2.71095685007707E-17;0.00000000000000E+00;0
0.00000000000000E+00;7.27547665020614E-17;0.00000000000000E+00;0
0.00000000000000E+00;8.77313822570744E-17;0.00000000000000E+00;0
0.00000000000000E+00;9.01885984645691E-18;0.00000000000000E+00;0
0.00000000000000E+00;7.82818976244930E-18;0.00000000000000E+00;0
0.00000000000000E+00;4.02493945668906E-16;0.00000000000000E+00;0
0.00000000000000E+00;6.83570106870555E-18;0.00000000000000E+00;0
0.00000000000000E+00;6.70819324343374E-17;0.00000000000000E+00;0
0.00000000000000E+00;3.98637715558454E-17;0.00000000000000E+00;0
0.00000000000000E+00;5.64851862190574E-17;0.00000000000000E+00;0
0.00000000000000E+00;4.91758598911751E-16;0.00000000000000E+00;0
0.00000000000000E+00;8.50768572128727E-17;0.00000000000000E+00;0
0.00000000000000E+00;0.00000000000000E+00;0.00000000000000E+00;0
0.00000000000000E+00;2.97589206444132E-17;0.00000000000000E+00;0
0.00000000000000E+00;7.90640111023064E-17;0.00000000000000E+00;0
0.00000000000000E+00;2.78645719603295E-16;0.00000000000000E+00;0
0.00000000000000E+00;1.85989426773533E-16;0.00000000000000E+00;0
0.00000000000000E+00;3.48530175921321E-16;0.00000000000000E+00;0
0.00000000000000E+00;4.05945404240047E-17;0.00000000000000E+00;0
0.00000000000000E+00;2.31528809536566E-17;0.00000000000000E+00;0
0.00000000000000E+00;7.42503536490324E-17;0.00000000000000E+00;0
0.00000000000000E+00;3.74895919034679E-16;0.00000000000000E+00;0
0.00000000000000E+00;1.31665278689830E-17;0.00000000000000E+00;0
0.00000000000000E+00;2.39078414164021E-16;0.00000000000000E+00;0
0.00000000000000E+00;7.16523594503056E-17;0.00000000000000E+00;0
0.00000000000000E+00;3.19360927546489E-17;0.00000000000000E+00;0
0.00000000000000E+00;2.29801367036717E-16;0.00000000000000E+00;0
0.00000000000000E+00;1.48828615444859E-16;0.00000000000000E+00;0
0.00000000000000E+00;4.24521603226563E-16;0.00000000000000E+00;0
0.00000000000000E+00;4.55200321337524E-16;0.00000000000000E+00;0
0.00000000000000E+00;3.38506073848367E-17;0.00000000000000E+00;0
0.00000000000000E+00;1.98194411811462E-17;0.00000000000000E+00;0
0.00000000000000E+00;7.58565155666189E-17;0.00000000000000E+00;0
0.00000000000000E+00;5.12536121019774E-17;0.00000000000000E+00;0
0.00000000000000E+00;1.50859176267102E-17;0.00000000000000E+00;0
0.00000000000000E+00;8.44216561033631E-17;0.00000000000000E+00;0
0.00000000000000E+00;2.83133769855100E-17;0.00000000000000E+00;0
0.00000000000000E+00;3.06403082198370E-17;0.00000000000000E+00;0
0.00000000000000E+00;3.88446802704828E-16;0.00000000000000E+00;0
0.00000000000000E+00;3.00461325355416E-17;0.00000000000000E+00;0
0.00000000000000E+00;4.43821292024392E-17;0.00000000000000E+00;0
0.00000000000000E+00;8.32140301242465E-17;0.00000000000000E+00;0
0.00000000000000E+00;1.94649772973042E-16;0.00000000000000E+00;0
0.00000000000000E+00;1.29160455431496E-17;0.00000000000000E+00;0
0.00000000000000E+00;5.03446698607098E-17;0.00000000000000E+00;0
0.00000000000000E+00;3.11571464738842E-16;0.00000000000000E+00;0
0.00000000000000E+00;5.55623650501590E-17;0.00000000000000E+00;0
0.00000000000000E+00;1.02370644910460E-16;0.00000000000000E+00;0
0.00000000000000E+00;2.11620181041871E-17;0.00000000000000E+00;0
0.00000000000000E+00;6.94785303458743E-18;0.00000000000000E+00;0
0.00000000000000E+00;4.64120134668627E-16;0.00000000000000E+00;0
0.00000000000000E+00;1.86348910925676E-16;0.00000000000000E+00;0
0.00000000000000E+00;3.23546641543379E-17;0.00000000000000E+00;0
0.00000000000000E+00;2.74977796449236E-17;0.00000000000000E+00;0
0.00000000000000E+00;1.90718086415379E-17;0.00000000000000E+00;0
0.00000000000000E+00;6.04303990919519E-17;0.00000000000000E+00;0
0.00000000000000E+00;8.23546661932296E-17;0.00000000000000E+00;0
0.00000000000000E+00;5.34472910770728E-17;0.00000000000000E+00;0
0.00000000000000E+00;4.01679001449200E-16;0.00000000000000E+00;0
0.00000000000000E+00;3.27738134032900E-17;0.00000000000000E+00;0
0.00000000000000E+00;6.19080535482536E-17;0.00000000000000E+00;0
0.00000000000000E+00;6.24634676782082E-17;0.00000000000000E+00;0
0.00000000000000E+00;2.17820555078216E-16;0.00000000000000E+00;0
0.00000000000000E+00;8.26464493973567E-17;0.00000000000000E+00;0
0.00000000000000E+00;3.31595556245442E-16;0.00000000000000E+00;0
0.00000000000000E+00;4.59599851274565E-16;0.00000000000000E+00;0
0.00000000000000E+00;2.47456087980770E-16;0.00000000000000E+00;0
0.00000000000000E+00;7.95793982659401E-17;0.00000000000000E+00;0
0.00000000000000E+00;1.99831335160535E-16;0.00000000000000E+00;0
0.00000000000000E+00;5.34338559696872E-17;0.00000000000000E+00;0
0.00000000000000E+00;0.00000000000000E+00;0.00000000000000E+00;0
0.00000000000000E+00;3.06708479878298E-17;0.00000000000000E+00;0
0.00000000000000E+00;3.15295418274468E-16;0.00000000000000E+00;0
0.00000000000000E+00;7.19832039846799E-17;0.00000000000000E+00;0
0.00000000000000E+00;1.02437905200499E-16;0.00000000000000E+00;0
0.00000000000000E+00;2.11808727493810E-16;0.00000000000000E+00;0
0.00000000000000E+00;2.65545026189879E-16;0.00000000000000E+00;0
0.00000000000000E+00;4.01725330524926E-17;0.00000000000000E+00;0
0.00000000000000E+00;1.07397557730704E-16;0.00000000000000E+00;0
0.00000000000000E+00;9.82397328832599E-17;0.00000000000000E+00;0
0.00000000000000E+00;1.13921535492718E-16;0.00000000000000E+00;0
0.00000000000000E+00;1.69114497061457E-16;0.00000000000000E+00;0
0.00000000000000E+00;1.50269558126568E-16;0.00000000000000E+00;0
0.00000000000000E+00;1.02052224097210E-17;0.00000000000000E+00;0
0.00000000000000E+00;3.99750789214127E-17;0.00000000000000E+00;0
0.00000000000000E+00;4.25224556899901E-17;0.00000000000000E+00;0
0.00000000000000E+00;1.46786914032727E-16;0.00000000000000E+00;0
0.00000000000000E+00;4.63649598217497E-17;0.00000000000000E+00;0
0.00000000000000E+00;8.76081729270971E-17;0.00000000000000E+00;0
0.00000000000000E+00;1.29969353018021E-17;0.00000000000000E+00;0
0.00000000000000E+00;1.52192405902839E-17;0.00000000000000E+00;0
0.00000000000000E+00;1.74035684090380E-17;0.00000000000000E+00;0
0.00000000000000E+00;7.88911238421744E-17;0.00000000000000E+00;0
0.00000000000000E+00;6.63833229229099E-17;0.00000000000000E+00;0
0.00000000000000E+00;1.11288090785484E-16;0.00000000000000E+00;0
0.00000000000000E+00;1.90148238727284E-16;0.00000000000000E+00;0
0.00000000000000E+00;1.62023060374521E-16;0.00000000000000E+00;0
0.00000000000000E+00;8.25063244131000E-17;0.00000000000000E+00;0
0.00000000000000E+00;2.41216009194174E-17;0.00000000000000E+00;0
0.00000000000000E+00;5.46505133563202E-17;0.00000000000000E+00;0
0.00000000000000E+00;1.20400369126812E-17;0.00000000000000E+00;0
0.00000000000000E+00;2.74635376205073E-16;0.00000000000000E+00;0
0.00000000000000E+00;7.98305946714967E-17;0.00000000000000E+00;0
0.00000000000000E+00;1.55294999384442E-16;0.00000000000000E+00;0
0.00000000000000E+00;4.52814192714714E-18;0.00000000000000E+00;0
0.00000000000000E+00;2.40720775065022E-16;0.00000000000000E+00;0
0.00000000000000E+00;7.03663570034909E-17;0.00000000000000E+00;0
0.00000000000000E+00;3.05453552087614E-17;0.00000000000000E+00;0
0.00000000000000E+00;8.40478905915327E-17;0.00000000000000E+00;0
0.00000000000000E+00;1.39071570848551E-16;0.00000000000000E+00;0
0.00000000000000E+00;1.81044534422091E-16;0.00000000000000E+00;0
0.00000000000000E+00;5.36664628511935E-18;0.00000000000000E+00;0
0.00000000000000E+00;8.60860305220328E-17;0.00000000000000E+00;0
0.00000000000000E+00;9.46180435384722E-18;0.00000000000000E+00;0
0.00000000000000E+00;3.91246841201860E-17;0.00000000000000E+00;0
0.00000000000000E+00;4.03433010709441E-18;0.00000000000000E+00;0
0.00000000000000E+00;2.62803419561107E-17;0.00000000000000E+00;0
0.00000000000000E+00;4.71156381768632E-17;0.00000000000000E+00;0
0.00000000000000E+00;1.69510457547721E-16;0.00000000000000E+00;0
0.00000000000000E+00;1.15727768866348E-16;0.00000000000000E+00;0
0.00000000000000E+00;1.42430516206385E-16;0.00000000000000E+00;0
0.00000000000000E+00;2.71596739844505E-17;0.00000000000000E+00;0
0.00000000000000E+00;1.23439504144081E-16;0.00000000000000E+00;0
0.00000000000000E+00;1.28532410272686E-17;0.00000000000000E+00;0
0.00000000000000E+00;3.31273232882493E-17;0.00000000000000E+00;0
0.00000000000000E+00;2.05996647509591E-16;0.00000000000000E+00;0
0.00000000000000E+00;6.02530836126308E-17;0.00000000000000E+00;0
0.00000000000000E+00;3.33893226921500E-17;0.00000000000000E+00;0
0.00000000000000E+00;1.64608470898982E-16;0.00000000000000E+00;0
0.00000000000000E+00;2.60607495235206E-17;0.00000000000000E+00;0
0.00000000000000E+00;1.59100512238798E-16;0.00000000000000E+00;0
0.00000000000000E+00;1.67782143189810E-16;0.00000000000000E+00;0
0.00000000000000E+00;1.54504558158197E-16;0.00000000000000E+00;0
0.00000000000000E+00;4.56428086624023E-17;0.00000000000000E+00;0
0.00000000000000E+00;1.66534033820919E-16;0.00000000000000E+00;0
0.00000000000000E+00;2.92041161785278E-17;0.00000000000000E+00;0
0.00000000000000E+00;6.77950052336097E-19;0.00000000000000E+00;0
0.00000000000000E+00;9.98615961126959E-17;0.00000000000000E+00;0
0.00000000000000E+00;9.91381176977368E-17;0.00000000000000E+00;0
0.00000000000000E+00;1.99307742213776E-16;0.00000000000000E+00;0
0.00000000000000E+00;1.89095821325315E-16;0.00000000000000E+00;0
0.00000000000000E+00;1.97539475006586E-16;0.00000000000000E+00;0
0.00000000000000E+00;9.32896362804781E-17;0.00000000000000E+00;0
0.00000000000000E+00;1.04835244529953E-16;0.00000000000000E+00;0
0.00000000000000E+00;1.68605640707945E-16;0.00000000000000E+00;0
0.00000000000000E+00;1.15973930408066E-16;0.00000000000000E+00;0
0.00000000000000E+00;2.08625466346773E-17;0.00000000000000E+00;0
0.00000000000000E+00;4.74653448799215E-17;0.00000000000000E+00;0
0.00000000000000E+00;4.04656525693560E-17;0.00000000000000E+00;0
0.00000000000000E+00;3.95417217685266E-18;0.00000000000000E+00;0
0.00000000000000E+00;1.29870602949803E-16;0.00000000000000E+00;0
0.00000000000000E+00;1.43552324040046E-16;0.00000000000000E+00;0
0.00000000000000E+00;1.21487670376675E-16;0.00000000000000E+00;0
0.00000000000000E+00;1.17320309385311E-16;0.00000000000000E+00;0
0.00000000000000E+00;1.68038001358129E-16;0.00000000000000E+00;0
0.00000000000000E+00;8.97140849698372E-17;0.00000000000000E+00;0
0.00000000000000E+00;9.87702303747318E-18;0.00000000000000E+00;0
0.00000000000000E+00;1.54605263174376E-16;0.00000000000000E+00;0
0.00000000000000E+00;2.47304339895610E-17;0.00000000000000E+00;0
0.00000000000000E+00;1.68601285506431E-16;0.00000000000000E+00;0
0.00000000000000E+00;1.68949615816912E-16;0.00000000000000E+00;0
0.00000000000000E+00;1.50632329506695E-17;0.00000000000000E+00;0
0.00000000000000E+00;6.41329257731389E-17;0.00000000000000E+00;0
0.00000000000000E+00;8.19556551703203E-17;0.00000000000000E+00;0
0.00000000000000E+00;1.09183140634154E-16;0.00000000000000E+00;0
0.00000000000000E+00;1.14578330933898E-17;0.00000000000000E+00;0
0.00000000000000E+00;1.87820924541678E-16;0.00000000000000E+00;0
0.00000000000000E+00;1.34744447124916E-17;0.00000000000000E+00;0
0.00000000000000E+00;2.50273357885258E-16;0.00000000000000E+00;0
0.00000000000000E+00;7.51428311413610E-17;0.00000000000000E+00;0
0.00000000000000E+00;1.25923793967658E-16;0.00000000000000E+00;0
0.00000000000000E+00;8.35553171712827E-17;0.00000000000000E+00;0
0.00000000000000E+00;6.59228074575630E-17;0.00000000000000E+00;0
0.00000000000000E+00;6.79929770954700E-18;0.00000000000000E+00;0
0.00000000000000E+00;3.82944672846426E-17;0.00000000000000E+00;0
0.00000000000000E+00;8.18223740712924E-17;0.00000000000000E+00;0
0.00000000000000E+00;1.12364103859301E-16;0.00000000000000E+00;0
0.00000000000000E+00;1.39362140248435E-17;0.00000000000000E+00;0
0.00000000000000E+00;3.15481706631776E-16;0.00000000000000E+00;0
0.00000000000000E+00;2.24750665131683E-16;0.00000000000000E+00;0
0.00000000000000E+00;1.11690272416165E-16;0.00000000000000E+00;0
0.00000000000000E+00;2.29625712434481E-16;0.00000000000000E+00;0
0.00000000000000E+00;1.55585322193645E-17;0.00000000000000E+00;0
0.00000000000000E+00;5.54336102822827E-17;0.00000000000000E+00;0
0.00000000000000E+00;2.81739577362597E-16;0.00000000000000E+00;0
0.00000000000000E+00;1.88075671748441E-16;0.00000000000000E+00;0
0.00000000000000E+00;2.90297624896517E-16;0.00000000000000E+00;0
0.00000000000000E+00;4.93482607025471E-17;0.00000000000000E+00;0
0.00000000000000E+00;2.84744273506099E-17;0.00000000000000E+00;0
0.00000000000000E+00;5.72987727769895E-17;0.00000000000000E+00;0
0.00000000000000E+00;8.16587767673310E-17;0.00000000000000E+00;0
0.00000000000000E+00;8.86751492850371E-17;0.00000000000000E+00;0
0.00000000000000E+00;2.10670573225364E-16;0.00000000000000E+00;0
0.00000000000000E+00;2.97898137883557E-16;0.00000000000000E+00;0
0.00000000000000E+00;3.50463596769855E-17;0.00000000000000E+00;0
0.00000000000000E+00;2.07746446851145E-16;0.00000000000000E+00;0
0.00000000000000E+00;8.20308091249098E-17;0.00000000000000E+00;0
0.00000000000000E+00;2.68087090814756E-16;0.00000000000000E+00;0
0.00000000000000E+00;1.98688800024963E-16;0.00000000000000E+00;0
0.00000000000000E+00;3.57550433575810E-16;0.00000000000000E+00;0
0.00000000000000E+00;1.82869133568982E-17;0.00000000000000E+00;0
0.00000000000000E+00;3.78246992474953E-16;0.00000000000000E+00;0
0.00000000000000E+00;7.43125432541359E-17;0.00000000000000E+00;0
0.00000000000000E+00;8.19904114006373E-17;0.00000000000000E+00;0
0.00000000000000E+00;1.25795143055057E-16;0.00000000000000E+00;0
0.00000000000000E+00;2.89790365784791E-16;0.00000000000000E+00;0
0.00000000000000E+00;8.01317301404603E-17;0.00000000000000E+00;0
0.00000000000000E+00;2.95628965660574E-16;0.00000000000000E+00;0
0.00000000000000E+00;1.83718149255751E-16;0.00000000000000E+00;0
0.00000000000000E+00;1.46788332043834E-16;0.00000000000000E+00;0
0.00000000000000E+00;2.85751565688357E-16;0.00000000000000E+00;0
0.00000000000000E+00;2.92550969050290E-16;0.00000000000000E+00;0
0.00000000000000E+00;1.00110130926969E-16;0.00000000000000E+00;0
0.00000000000000E+00;2.58516813808935E-16;0.00000000000000E+00;0
0.00000000000000E+00;8.71899976101379E-17;0.00000000000000E+00;0
0.00000000000000E+00;2.38582906074543E-16;0.00000000000000E+00;0
0.00000000000000E+00;8.53308379281894E-17;0.00000000000000E+00;0
0.00000000000000E+00;3.21487233517527E-17;0.00000000000000E+00;0
0.00000000000000E+00;1.91160450768161E-17;0.00000000000000E+00;0
0.00000000000000E+00;1.17112863011893E-16;0.00000000000000E+00;0
0.00000000000000E+00;1.48512011158075E-17;0.00000000000000E+00;0
0.00000000000000E+00;1.36104282808250E-16;0.00000000000000E+00;0
0.00000000000000E+00;2.44637935669092E-16;0.00000000000000E+00;0
0.00000000000000E+00;2.05268097371191E-16;0.00000000000000E+00;0
0.00000000000000E+00;2.82723040294601E-16;0.00000000000000E+00;0
0.00000000000000E+00;3.14677883302730E-17;0.00000000000000E+00;0
0.00000000000000E+00;1.76905390698003E-16;0.00000000000000E+00;0
0.00000000000000E+00;4.05578537784581E-16;0.00000000000000E+00;0
0.00000000000000E+00;4.13806420992321E-16;0.00000000000000E+00;0
0.00000000000000E+00;3.16488335714441E-16;0.00000000000000E+00;0
0.00000000000000E+00;7.68656856881183E-17;0.00000000000000E+00;0
0.00000000000000E+00;2.09355100325580E-16;0.00000000000000E+00;0
0.00000000000000E+00;5.81009728925226E-17;0.00000000000000E+00;0
0.00000000000000E+00;1.61075387911988E-16;0.00000000000000E+00;0
0.00000000000000E+00;1.83741759949701E-16;0.00000000000000E+00;0
0.00000000000000E+00;2.05026774940248E-17;0.00000000000000E+00;0
0.00000000000000E+00;3.06880936616459E-16;0.00000000000000E+00;0
0.00000000000000E+00;1.76834921083574E-16;0.00000000000000E+00;0
0.00000000000000E+00;7.30515843448321E-17;0.00000000000000E+00;0
0.00000000000000E+00;8.60598490407878E-17;0.00000000000000E+00;0
0.00000000000000E+00;1.55367661523786E-16;0.00000000000000E+00;0
0.00000000000000E+00;9.14331892336006E-17;0.00000000000000E+00;0
0.00000000000000E+00;2.87465088744035E-16;0.00000000000000E+00;0
0.00000000000000E+00;3.93095505761580E-16;0.00000000000000E+00;0
0.00000000000000E+00;1.08820395832418E-16;0.00000000000000E+00;0
0.00000000000000E+00;6.12303491421165E-17;0.00000000000000E+00;0
0.00000000000000E+00;1.50733043804437E-16;0.00000000000000E+00;0
0.00000000000000E+00;1.99154640980147E-16;0.00000000000000E+00;0
0.00000000000000E+00;1.14359939733344E-16;0.00000000000000E+00;0
0.00000000000000E+00;2.24832720188650E-17;0.00000000000000E+00;0
0.00000000000000E+00;1.98851935675744E-16;0.00000000000000E+00;0
0.00000000000000E+00;9.28399308158062E-17;0.00000000000000E+00;0
0.00000000000000E+00;1.43967428128739E-17;0.00000000000000E+00;0
0.00000000000000E+00;5.65752374090406E-17;0.00000000000000E+00;0
0.00000000000000E+00;2.47231974479506E-16;0.00000000000000E+00;0
0.00000000000000E+00;2.67011432183150E-16;0.00000000000000E+00;0
0.00000000000000E+00;1.54239694911482E-16;0.00000000000000E+00;0
0.00000000000000E+00;2.36508483920584E-17;0.00000000000000E+00;0
0.00000000000000E+00;2.41744289722570E-16;0.00000000000000E+00;0
0.00000000000000E+00;4.19732471101176E-16;0.00000000000000E+00;0
0.00000000000000E+00;3.34817694900564E-16;0.00000000000000E+00;0
0.00000000000000E+00;9.28633245959575E-17;0.00000000000000E+00;0
0.00000000000000E+00;3.67394760470570E-17;0.00000000000000E+00;0
0.00000000000000E+00;3.56983352967916E-16;0.00000000000000E+00;0
0.00000000000000E+00;2.70958372532697E-16;0.00000000000000E+00;0
0.00000000000000E+00;1.68448248032364E-17;0.00000000000000E+00;0
0.00000000000000E+00;2.70731570435292E-16;0.00000000000000E+00;0
0.00000000000000E+00;1.99388562338296E-16;0.00000000000000E+00;0
0.00000000000000E+00;6.99744720853708E-17;0.00000000000000E+00;0
0.00000000000000E+00;3.59672896207748E-16;0.00000000000000E+00;0
0.00000000000000E+00;2.48079941340046E-17;0.00000000000000E+00;0
0.00000000000000E+00;5.65938436436196E-17;0.00000000000000E+00;0
0.00000000000000E+00;1.41610034076183E-16;0.00000000000000E+00;0
0.00000000000000E+00;2.18699133639711E-16;0.00000000000000E+00;0
0.00000000000000E+00;1.40711540465047E-16;0.00000000000000E+00;0
0.00000000000000E+00;4.02552158342053E-16;0.00000000000000E+00;0
0.00000000000000E+00;2.90075894588940E-16;0.00000000000000E+00;0
0.00000000000000E+00;2.00827429570983E-16;0.00000000000000E+00;0
7.30437178269275E-17;1.07792087295211E-16;0.00000000000000E+00;0
2.02416684519069E-17;5.26605956139251E-17;0.00000000000000E+00;0
1.19871332457835E-17;8.39099327204846E-17;0.00000000000000E+00;0
9.30457553998173E-17;2.35042239663008E-16;0.00000000000000E+00;0
1.66748946086792E-17;2.87026874411691E-17;0.00000000000000E+00;0
9.97027576738768E-17;9.15339874767487E-17;0.00000000000000E+00;0
3.22066876113978E-17;1.13319826780844E-16;0.00000000000000E+00;0
1.48575320896483E-17;1.25355760696077E-16;0.00000000000000E+00;0
5.26295755275777E-17;9.44310565686203E-17;0.00000000000000E+00;0
6.00483012474249E-17;2.70021631033075E-16;0.00000000000000E+00;0
7.03613097752915E-17;1.48566365892172E-16;0.00000000000000E+00;0
6.20724912757010E-17;5.00705594278314E-17;0.00000000000000E+00;0
1.26823531514462E-17;1.62216144960358E-17;0.00000000000000E+00;0
1.08974801685331E-16;3.88518858182483E-17;0.00000000000000E+00;0
2.58603679127458E-17;2.82362321026094E-17;0.00000000000000E+00;0
3.61227947114608E-17;1.09658483945506E-16;0.00000000000000E+00;0
4.95191367969517E-17;1.38732813650340E-16;0.00000000000000E+00;0
1.26633406622180E-17;9.21753367930155E-18;0.00000000000000E+00;0
9.70045831312033E-18;1.38680626254239E-17;0.00000000000000E+00;0
7.58428895024287E-17;3.12690370441852E-16;0.00000000000000E+00;0
5.49358868483375E-17;1.56069972958306E-16;0.00000000000000E+00;0
4.10830058751284E-17;9.04842092303832E-17;0.00000000000000E+00;0
4.00703081252346E-17;2.58212400491657E-16;0.00000000000000E+00;0
5.69048464978579E-17;2.57032540415000E-16;0.00000000000000E+00;0
3.86767299300016E-17;6.78300439475907E-17;0.00000000000000E+00;0
3.16168336026761E-17;1.76624524805629E-16;0.00000000000000E+00;0
1.32377617405699E-16;4.93407483057605E-17;0.00000000000000E+00;0
6.86033924689552E-17;1.39758771091022E-16;0.00000000000000E+00;0
7.07891971114648E-17;2.17707588795414E-17;0.00000000000000E+00;0
4.38410911359064E-19;5.50936378607890E-17;0.00000000000000E+00;0
5.79161501032991E-17;2.80896829582023E-16;0.00000000000000E+00;0
5.01681968010933E-17;5.30891980704438E-17;0.00000000000000E+00;0
4.24838546734711E-17;4.18485820802229E-17;0.00000000000000E+00;0
4.89552804053820E-17;6.33762157185953E-17;0.00000000000000E+00;0
5.46077124853908E-17;1.30826136720319E-16;0.00000000000000E+00;0
4.52078316139777E-17;1.39947169314156E-16;0.00000000000000E+00;0
6.13552307749718E-17;5.20204100484892E-17;0.00000000000000E+00;0
2.00565817481091E-17;2.10753287575368E-17;0.00000000000000E+00;0
5.88301198665413E-17;2.95409745774559E-16;0.00000000000000E+00;0
4.11970474427164E-18;1.34972699503001E-16;0.00000000000000E+00;0
6.52495918674038E-17;1.88722897315392E-16;0.00000000000000E+00;0
5.02951755471734E-17;1.12155551888617E-16;0.00000000000000E+00;0
1.96087086733861E-17;2.50201579574548E-16;0.00000000000000E+00;0
1.27436971863395E-17;4.06584624516546E-17;0.00000000000000E+00;0
1.05409234040236E-16;2.86225992049578E-16;0.00000000000000E+00;0
2.71523149166393E-17;4.32646776144253E-17;0.00000000000000E+00;0
4.49815000139622E-17;5.88813626792209E-17;0.00000000000000E+00;0
7.44920966834469E-17;1.42835844813525E-16;0.00000000000000E+00;0
2.35105046946021E-17;1.56603870253875E-16;0.00000000000000E+00;0
4.04489763274764E-17;3.14160358011434E-17;0.00000000000000E+00;0
7.19019500147977E-17;3.57786401072302E-16;0.00000000000000E+00;0
1.11472497642798E-16;2.09699923609957E-16;0.00000000000000E+00;0
7.41003739518151E-17;1.13256104953273E-16;0.00000000000000E+00;0
1.09536913442401E-16;2.18742899653858E-16;0.00000000000000E+00;0
1.08810088508917E-16;3.80919921047545E-16;0.00000000000000E+00;0
2.39236669686978E-17;2.06275172974550E-16;0.00000000000000E+00;0
9.68394513790753E-17;2.16718431000945E-16;0.00000000000000E+00;0
8.70949592056659E-18;1.94288755151101E-16;0.00000000000000E+00;0
3.42208890995969E-18;9.98691253314768E-18;0.00000000000000E+00;0
7.46416267426922E-17;1.05305213945095E-16;0.00000000000000E+00;0
2.98311090590449E-17;1.12048555977876E-16;0.00000000000000E+00;0
6.74943482280829E-17;1.44023372990634E-16;0.00000000000000E+00;0
4.95002704137848E-17;1.64768505743537E-16;0.00000000000000E+00;0
2.36822869304033E-18;2.21284978610671E-16;0.00000000000000E+00;0
9.72480296933172E-17;2.36173786398056E-16;0.00000000000000E+00;0
2.40866293293487E-17;1.12610138830374E-16;0.00000000000000E+00;0
2.67882659554869E-17;4.77293469562228E-17;0.00000000000000E+00;0
8.89987313881516E-17;2.76790312929658E-17;0.00000000000000E+00;0
8.22432641762900E-17;9.56136247040044E-17;0.00000000000000E+00;0
5.83678206568962E-17;2.17317826726230E-16;0.00000000000000E+00;0
5.06439190226838E-18;1.96510910479377E-16;0.00000000000000E+00;0
2.92960323830430E-18;7.93486153693910E-17;0.00000000000000E+00;0
8.88986813154267E-17;6.09506009018812E-17;0.00000000000000E+00;0
1.42514984255183E-17;2.08692734369719E-16;0.00000000000000E+00;0
3.36092477945545E-17;1.01838547828613E-16;0.00000000000000E+00;0
8.69723379390459E-17;2.59046640958233E-16;0.00000000000000E+00;0
5.91863180125716E-17;2.94402227840311E-16;0.00000000000000E+00;0
1.97648910343488E-17;4.61771669457208E-17;0.00000000000000E+00;0
1.26113176879089E-17;7.80700618775314E-18;0.00000000000000E+00;0
7.02064567765226E-17;6.53474473456719E-17;0.00000000000000E+00;0
2.74455324165087E-17;2.20416605059291E-16;0.00000000000000E+00;0
7.27562137524580E-17;8.26126705174969E-17;0.00000000000000E+00;0
7.20584095894750E-17;4.79206172146755E-17;0.00000000000000E+00;0
7.18393590576942E-17;3.26542541171337E-17;0.00000000000000E+00;0
1.99568055544042E-17;2.99352083316062E-17;0.00000000000000E+00;0
9.03323978082953E-17;1.79716998060894E-16;0.00000000000000E+00;0
3.50820160852924E-17;3.89800178725471E-18;0.00000000000000E+00;0
2.66546367348895E-17;2.63035756656983E-16;0.00000000000000E+00;0
1.72965932731001E-17;2.06551550737021E-17;0.00000000000000E+00;0
5.14689057425873E-17;4.64475490847739E-17;0.00000000000000E+00;0
7.82970718016133E-17;1.08175954374183E-16;0.00000000000000E+00;0
4.99374375012732E-17;9.10706723401216E-17;0.00000000000000E+00;0
9.32665298024142E-17;2.46635046926864E-16;0.00000000000000E+00;0
8.26450225647382E-17;5.00157197077666E-18;0.00000000000000E+00;0
1.51127523548766E-17;7.78888005982104E-17;0.00000000000000E+00;0
4.71638506921914E-18;3.41601032870587E-16;0.00000000000000E+00;0
5.01715430855789E-17;1.72437276048188E-16;0.00000000000000E+00;0
1.33712805986026E-17;2.28920345285851E-16;0.00000000000000E+00;0
3.53114803301411E-18;6.06291454725064E-18;0.00000000000000E+00;0
3.25531236911695E-17;1.90737191405297E-16;0.00000000000000E+00;0
1.22116656235964E-16;7.85284722568218E-18;0.00000000000000E+00;0
8.71182961286894E-17;8.71182961286894E-17;0.00000000000000E+00;0
1.67157557518084E-17;1.67157557518084E-17;0.00000000000000E+00;0
5.09670475983801E-18;1.21075053072596E-16;0.00000000000000E+00;0
1.51512444853288E-17;7.18265845875268E-17;0.00000000000000E+00;0
1.20417407964370E-16;1.25889559836909E-16;0.00000000000000E+00;0
2.67175358476876E-17;2.67175358476876E-17;0.00000000000000E+00;0
3.56384971379151E-17;3.56384971379151E-17;0.00000000000000E+00;0
9.28022295794499E-17;9.28022295794499E-17;0.00000000000000E+00;0
4.26940325632498E-17;1.11245014425369E-16;0.00000000000000E+00;0
5.41909063450884E-18;8.45671062801461E-17;0.00000000000000E+00;0
8.04654285136611E-17;8.04654285136611E-17;0.00000000000000E+00;0
1.05786021595766E-16;4.64269331312565E-17;0.00000000000000E+00;0
5.18384176221318E-18;5.18384176221318E-18;0.00000000000000E+00;0
8.39235303565108E-17;8.39235303565108E-17;0.00000000000000E+00;0
3.06078717681678E-17;5.84060630680382E-17;0.00000000000000E+00;0
1.15850638256178E-17;6.66332132563555E-17;0.00000000000000E+00;0
7.10388193160709E-17;1.27855652783079E-17;0.00000000000000E+00;0
2.92132792673628E-17;4.05579113327061E-17;0.00000000000000E+00;0
4.32270528179480E-17;1.76775566646558E-17;0.00000000000000E+00;0
8.16210603939462E-17;1.84173165723272E-16;0.00000000000000E+00;0
4.07448122876843E-17;5.18008907420874E-17;0.00000000000000E+00;0
3.06256165233157E-17;2.60075777337954E-17;0.00000000000000E+00;0
8.82736962588139E-18;8.82736962588139E-18;0.00000000000000E+00;0
7.54612639577957E-17;4.32447749723617E-18;0.00000000000000E+00;0
6.90233692226558E-17;1.24567518601044E-16;0.00000000000000E+00;0
1.82909797360884E-17;3.91188693053048E-17;0.00000000000000E+00;0
1.62420570276508E-17;7.23833781966444E-17;0.00000000000000E+00;0
1.69331670794186E-17;1.24465341276781E-16;0.00000000000000E+00;0
4.78725844858115E-17;1.61033065595014E-17;0.00000000000000E+00;0
7.01943516806805E-18;9.59419293383982E-17;0.00000000000000E+00;0
6.81644816428540E-17;1.41080021057524E-17;0.00000000000000E+00;0
1.07070235473292E-16;4.62014381799396E-17;0.00000000000000E+00;0
3.83896942297583E-17;9.16215007267837E-18;0.00000000000000E+00;0
1.26666669741668E-16;1.26666669741668E-16;0.00000000000000E+00;0
2.52646372937795E-17;3.65168279929791E-17;0.00000000000000E+00;0
1.93723520049724E-17;1.32816207573185E-17;0.00000000000000E+00;0
1.35730910087453E-18;8.07792816320473E-17;0.00000000000000E+00;0
5.64081196971014E-17;5.64081196971014E-17;0.00000000000000E+00;0
1.30022820174435E-17;1.09395670512373E-16;0.00000000000000E+00;0
4.22547394683150E-17;1.04177964105960E-16;0.00000000000000E+00;0
1.17673045065444E-16;5.79470484622148E-17;0.00000000000000E+00;0
2.48224215543296E-18;2.48224215543296E-18;0.00000000000000E+00;0
4.98112116147064E-18;1.59556558494850E-16;0.00000000000000E+00;0
3.54859480804750E-17;8.53876014726440E-17;0.00000000000000E+00;0
1.73593773465800E-18;1.43943956957841E-16;0.00000000000000E+00;0
1.71003062584585E-17;1.71003062584585E-17;0.00000000000000E+00;0
1.01705736103384E-16;1.61218121114736E-16;0.00000000000000E+00;0
1.13085826334403E-16;2.20151256158918E-16;0.00000000000000E+00;0
9.99780949376276E-17;1.78221821410554E-16;0.00000000000000E+00;0
1.05219263200549E-16;1.05219263200549E-16;0.00000000000000E+00;0
2.41817780744129E-17;1.82169394827244E-16;0.00000000000000E+00;0
1.38243992871275E-16;6.94764682122304E-18;0.00000000000000E+00;0
7.54843641962657E-18;3.92976174815710E-17;0.00000000000000E+00;0
2.29801247539555E-17;1.29538529650788E-16;0.00000000000000E+00;0
7.87787466906115E-17;7.87787466906115E-17;0.00000000000000E+00;0
6.10518333721486E-17;4.32550244283720E-18;0.00000000000000E+00;0
9.54604776392389E-17;9.54604776392389E-17;0.00000000000000E+00;0
1.52204038298892E-17;6.35481356804522E-17;0.00000000000000E+00;0
3.97537385069517E-17;1.49584997451739E-16;0.00000000000000E+00;0
2.78076055119616E-17;7.79837958983030E-17;0.00000000000000E+00;0
3.27682785412012E-17;3.27682785412012E-17;0.00000000000000E+00;0
7.57798136785652E-17;3.30258030962783E-17;0.00000000000000E+00;0
1.89636231356125E-17;1.46302335084534E-16;0.00000000000000E+00;0
2.88748105343544E-17;2.88748105343544E-17;0.00000000000000E+00;0
2.78801246365686E-17;6.06446742094662E-17;0.00000000000000E+00;0
3.29052279914326E-17;3.29052279914326E-17;0.00000000000000E+00;0
1.16141935288044E-17;1.74941636643678E-16;0.00000000000000E+00;0
6.39255574443384E-17;1.02149762562338E-17;0.00000000000000E+00;0
1.90543865287709E-17;1.06211903616647E-17;0.00000000000000E+00;0
3.29554198667296E-17;1.04085595132381E-16;0.00000000000000E+00;0
3.01767886038250E-18;3.01767886038250E-18;0.00000000000000E+00;0
1.05868711406722E-16;1.10149117528287E-17;0.00000000000000E+00;0
5.30485985193661E-17;2.66603213071686E-18;0.00000000000000E+00;0
1.11739022499593E-16;1.11739022499593E-16;0.00000000000000E+00;0
3.82579460770417E-17;1.92483097510548E-17;0.00000000000000E+00;0
7.04209928296837E-17;1.26743688796568E-17;0.00000000000000E+00;0
1.39531091331212E-16;2.52995934831319E-16;0.00000000000000E+00;0
2.45375866005000E-17;7.49165112699977E-17;0.00000000000000E+00;0
4.23146457011645E-17;2.48639546058005E-17;0.00000000000000E+00;0
6.32223183640933E-17;6.32223183640933E-17;0.00000000000000E+00;0
8.56155632366675E-17;8.54273971636199E-18;0.00000000000000E+00;0
1.20474326046595E-16;4.29708308323934E-18;0.00000000000000E+00;0
9.79325035512483E-17;6.86189637667013E-19;0.00000000000000E+00;0
1.44658980930677E-17;4.20251160415352E-17;0.00000000000000E+00;0
7.88916642983287E-18;1.44535483082410E-16;0.00000000000000E+00;0
2.79607722412793E-17;6.57585686440120E-17;0.00000000000000E+00;0
3.37058431204002E-17;8.63455772458251E-17;0.00000000000000E+00;0
8.68928702039170E-17;1.64858285485027E-16;0.00000000000000E+00;0
2.37545114526063E-17;9.52650346145194E-17;0.00000000000000E+00;0
3.10507209453637E-17;3.10507209453637E-17;0.00000000000000E+00;0
6.28682136961252E-18;6.28682136961252E-18;0.00000000000000E+00;0
7.56351543423554E-19;1.41575257082645E-16;0.00000000000000E+00;0
1.17690400527795E-16;5.41778997950085E-17;0.00000000000000E+00;0
4.25637778058389E-17;6.83811512290526E-18;0.00000000000000E+00;0
1.16074469192961E-16;1.05834994431015E-16;0.00000000000000E+00;0
6.36186513119666E-17;1.10289447985831E-17;0.00000000000000E+00;0
1.23731747023273E-17;1.00879391958527E-16;0.00000000000000E+00;0
1.01901491587962E-16;3.97061452379218E-17;0.00000000000000E+00;0
4.77482488467885E-17;4.77482488467885E-17;0.00000000000000E+00;0
9.46871248497331E-17;6.33660652305428E-17;0.00000000000000E+00;0
3.83641611073895E-17;2.31417436749484E-17;0.00000000000000E+00;0
7.08617094561072E-17;2.30450205629203E-17;0.00000000000000E+00;0
2.83342696244776E-17;5.66557688739131E-18;0.00000000000000E+00;0
8.58316269289670E-17;1.59523462697877E-17;0.00000000000000E+00;0
8.30750235948875E-17;2.98143504603968E-18;0.00000000000000E+00;0
2.30917339357005E-17;1.68963820515072E-17;0.00000000000000E+00;0
1.12291128856524E-16;7.96360202277472E-17;0.00000000000000E+00;0
4.21352287671955E-17;8.26043592588859E-17;0.00000000000000E+00;0
4.31097900279216E-19;2.78265394558660E-17;0.00000000000000E+00;0
8.03368208896936E-17;1.00218220647774E-16;0.00000000000000E+00;0
7.46634499011849E-17;6.99421045593182E-17;0.00000000000000E+00;0
3.69490202004739E-17;2.01285639150331E-17;0.00000000000000E+00;0
3.01363402912466E-17;3.61281738367608E-17;0.00000000000000E+00;0
1.17445842306163E-16;4.88827793075173E-17;0.00000000000000E+00;0
3.82464522097446E-17;9.68765782736527E-17;0.00000000000000E+00;0
1.77842877558796E-17;1.14986597228657E-17;0.00000000000000E+00;0
4.67350238147589E-17;1.33929999077424E-16;0.00000000000000E+00;0
5.07625811033122E-17;1.13408341943135E-16;0.00000000000000E+00;0
4.63677053178385E-17;7.87130372869517E-17;0.00000000000000E+00;0
6.97117498247216E-17;1.03830182940749E-16;0.00000000000000E+00;0
4.79430905294646E-17;5.14289771833680E-17;0.00000000000000E+00;0
8.25889848270560E-17;1.43175502685838E-16;0.00000000000000E+00;0
2.83577138645061E-18;3.56580833908137E-17;0.00000000000000E+00;0
3.71698757460553E-17;2.14929863865628E-17;0.00000000000000E+00;0
1.50934595538161E-17;7.03479314248340E-18;0.00000000000000E+00;0
2.02520402924008E-17;8.69994552348049E-18;0.00000000000000E+00;0
3.50305281838882E-17;1.28118582000091E-16;0.00000000000000E+00;0
7.28200214923684E-17;2.26915667778165E-17;0.00000000000000E+00;0
4.08101413284722E-18;1.43724804609397E-16;0.00000000000000E+00;0
5.49924208229679E-17;4.28011124312137E-17;0.00000000000000E+00;0
9.45997189118043E-18;3.12439707618831E-17;0.00000000000000E+00;0
7.14631518109556E-18;4.03573059121530E-17;0.00000000000000E+00;0
4.99422402796268E-17;3.72347504159544E-17;0.00000000000000E+00;0
3.10930114585866E-17;8.49713222002345E-17;0.00000000000000E+00;0
4.73310276762870E-17;4.67923011669064E-17;0.00000000000000E+00;0
8.56807999871658E-17;2.34430161843543E-17;0.00000000000000E+00;0
1.51596390839437E-17;1.10641956009645E-17;0.00000000000000E+00;0
1.21920805920194E-16;3.83664218163326E-17;0.00000000000000E+00;0
8.77178785357840E-17;1.62612079860588E-17;0.00000000000000E+00;0
1.35560648333830E-16;4.22426893280926E-17;0.00000000000000E+00;0
1.32737466954806E-16;7.27101656759151E-17;0.00000000000000E+00;0
1.94027744441207E-17;4.12941203608182E-17;0.00000000000000E+00;0
2.06624884816646E-17;2.26128742744191E-17;0.00000000000000E+00;0
3.34027173115254E-17;7.29104079103330E-17;0.00000000000000E+00;0
3.89040269893217E-17;1.08039017840674E-16;0.00000000000000E+00;0
2.05905412899034E-17;2.42617621293945E-17;0.00000000000000E+00;0
5.03543039564902E-17;4.20871771145548E-17;0.00000000000000E+00;0
1.97648373957914E-17;1.31629430537220E-17;0.00000000000000E+00;0
4.10606443612571E-17;1.19968707628683E-17;0.00000000000000E+00;0
3.61124918769837E-17;1.49154392245965E-16;0.00000000000000E+00;0
8.17352990513600E-17;3.09983492610655E-17;0.00000000000000E+00;0
9.32959846489156E-17;1.07093116237596E-17;0.00000000000000E+00;0
7.15554422686100E-17;3.29558335205304E-17;0.00000000000000E+00;0
1.20259625962807E-16;2.65325867979491E-17;0.00000000000000E+00;0
2.74943215569088E-17;2.92306669469149E-17;0.00000000000000E+00;0
2.37349353891016E-17;4.83596435860120E-17;0.00000000000000E+00;0
1.68923595375936E-17;3.44288514695811E-17;0.00000000000000E+00;0
1.17088426828499E-16;5.20880038870544E-17;0.00000000000000E+00;0
1.94990231003332E-17;1.15375472933397E-16;0.00000000000000E+00;0
2.29520861154719E-17;3.43508814127155E-17;0.00000000000000E+00;0
1.91455300768839E-17;1.99627499745993E-17;0.00000000000000E+00;0
2.04384189410548E-17;6.32245921886479E-17;0.00000000000000E+00;0
5.53566175594927E-17;8.33366105803360E-17;0.00000000000000E+00;0
2.74275577080308E-17;6.21102966595362E-17;0.00000000000000E+00;0
1.34379111306228E-16;1.61523168274636E-17;0.00000000000000E+00;0
3.39360398208275E-17;4.34702880174052E-17;0.00000000000000E+00;0
1.45546667856435E-17;9.96704161251829E-17;0.00000000000000E+00;0
4.49378571489552E-17;1.94487605791770E-17;0.00000000000000E+00;0
1.14975718128484E-16;9.29983079477111E-17;0.00000000000000E+00;0
1.21612794830624E-16;7.97851224251360E-17;0.00000000000000E+00;0
6.96280708320245E-17;6.09899307540275E-17;0.00000000000000E+00;0
4.18469196520930E-17;2.21821666007358E-17;0.00000000000000E+00;0
5.50865621048073E-19;5.17428342265953E-17;0.00000000000000E+00;0
8.18922394911220E-17;4.77314979686467E-17;0.00000000000000E+00;0
7.00205454843850E-17;1.41071480644518E-17;0.00000000000000E+00;0
4.46626460779407E-18;6.56235804183156E-17;0.00000000000000E+00;0
2.29515701796706E-17;2.95576006689504E-17;0.00000000000000E+00;0
5.26141651517249E-17;5.70011732906610E-17;0.00000000000000E+00;0
3.75232463019971E-17;9.26555050634616E-17;0.00000000000000E+00;0
5.70603156575545E-17;2.97331301725068E-17;0.00000000000000E+00;0
6.99119019408906E-17;8.48088147481548E-17;0.00000000000000E+00;0
8.03440577828384E-17;6.84142929290787E-17;0.00000000000000E+00;0
5.27344284943471E-17;5.04044893176460E-17;0.00000000000000E+00;0
1.12740948597794E-16;1.46815787161716E-17;0.00000000000000E+00;0
4.58991165659201E-17;4.01236195335239E-17;0.00000000000000E+00;0
7.03542617886742E-17;1.00456275504053E-16;0.00000000000000E+00;0
7.15309899719521E-17;3.45929351278113E-19;0.00000000000000E+00;0
1.19529481874004E-16;6.02142857186264E-17;0.00000000000000E+00;0
8.74412776923480E-17;7.58276503562538E-17;0.00000000000000E+00;0
3.35143629681761E-17;2.03949883305417E-17;0.00000000000000E+00;0
1.63925342735840E-16;1.72631461020426E-17;0.00000000000000E+00;0
1.22195478993282E-16;1.88474006175545E-17;0.00000000000000E+00;0
1.03345004367095E-16;4.51815332034155E-17;0.00000000000000E+00;0
3.12926460309278E-17;7.84966331322976E-17;0.00000000000000E+00;0
1.40001313665688E-17;9.73821238337478E-17;0.00000000000000E+00;0
5.99110119694175E-17;4.56721981008400E-18;0.00000000000000E+00;0
8.77812897240383E-17;1.66912269196143E-18;0.00000000000000E+00;0
6.32000680893251E-19;5.50047392192654E-17;0.00000000000000E+00;0
1.32759434831200E-17;3.59656475639156E-18;0.00000000000000E+00;0
6.36364783081816E-18;1.09357665755216E-16;0.00000000000000E+00;0
4.39267706261137E-17;4.16027536599915E-16;0.00000000000000E+00;0
7.78743303407190E-17;6.32307995902723E-18;0.00000000000000E+00;0
5.07044967009859E-17;9.76396700710663E-17;0.00000000000000E+00;0
2.17351230359127E-17;3.24621864992473E-17;0.00000000000000E+00;0
2.64215209614455E-18;3.06516280843070E-17;0.00000000000000E+00;0
9.18589323452206E-17;1.75436016256384E-16;0.00000000000000E+00;0
1.31030087755144E-17;5.31869123280205E-18;0.00000000000000E+00;0
4.30777580230492E-17;2.98983514951428E-16;0.00000000000000E+00;0
1.44631338546291E-16;5.74387533144842E-17;0.00000000000000E+00;0
1.07091594729195E-16;4.42382858931649E-17;0.00000000000000E+00;0
3.08234961109337E-17;7.48486669434818E-17;0.00000000000000E+00;0
1.35149722373746E-16;2.43873961778184E-17;0.00000000000000E+00;0
1.12843508690212E-16;9.14584633138753E-17;0.00000000000000E+00;0
6.63101534558056E-17;2.16586836082955E-17;0.00000000000000E+00;0
1.09898508019811E-16;3.26662910183003E-17;0.00000000000000E+00;0
5.86132365032821E-17;6.85989571353451E-17;0.00000000000000E+00;0
8.51829159640739E-17;7.59409568706534E-17;0.00000000000000E+00;0
1.01141338792049E-16;5.60253472374275E-17;0.00000000000000E+00;0
1.51186867248916E-16;1.85797803970641E-17;0.00000000000000E+00;0
2.29383771657329E-17;3.50246415222800E-17;0.00000000000000E+00;0
2.72684796253039E-17;3.38226080483611E-17;0.00000000000000E+00;0
6.14957622517926E-17;1.67536388319672E-17;0.00000000000000E+00;0
4.79475278062896E-17;1.71413574453346E-16;0.00000000000000E+00;0
6.72943051100378E-18;1.22802375847964E-16;0.00000000000000E+00;0
4.76561525289412E-17;4.34733518546840E-16;0.00000000000000E+00;0
4.67501889973999E-17;7.53191192081452E-17;0.00000000000000E+00;0
3.91081763659713E-17;7.97804559823322E-17;0.00000000000000E+00;0
3.35353021050657E-17;1.10799553603637E-16;0.00000000000000E+00;0
2.66525288449357E-17;2.17193144812254E-17;0.00000000000000E+00;0
1.60799379427074E-16;2.67282164646420E-17;0.00000000000000E+00;0
1.00113104115246E-16;1.91462852181887E-17;0.00000000000000E+00;0
7.96497646575064E-17;5.78055156319361E-17;0.00000000000000E+00;0
3.59927796627122E-17;2.72298804611881E-16;0.00000000000000E+00;0
3.83456155098184E-17;3.79427692578369E-16;0.00000000000000E+00;0
2.24192805100170E-18;1.09855335246406E-16;0.00000000000000E+00;0
1.15391693938964E-16;2.04992390741729E-16;0.00000000000000E+00;0
4.62367319342523E-17;1.45897610330606E-17;0.00000000000000E+00;0
4.60075725789241E-17;4.44888572872138E-17;0.00000000000000E+00;0
2.20583452907699E-17;2.35742067377248E-17;0.00000000000000E+00;0
2.13467808680580E-17;2.31553548533259E-16;0.00000000000000E+00;0
1.08598877395590E-16;4.01419354629559E-16;0.00000000000000E+00;0
1.46318489055560E-17;2.95493191350455E-17;0.00000000000000E+00;0
4.07089123247359E-18;3.56328662987563E-17;0.00000000000000E+00;0
3.80170092708331E-17;2.20555381612946E-16;0.00000000000000E+00;0
2.45888200501769E-17;1.29807598002779E-17;0.00000000000000E+00;0
4.20797491151729E-17;4.32644926968119E-16;0.00000000000000E+00;0
1.57600179693330E-16;5.21974320369148E-17;0.00000000000000E+00;0
6.35971497057886E-17;3.24287343707950E-16;0.00000000000000E+00;0
1.23424413086251E-17;8.01913459932887E-17;0.00000000000000E+00;0
5.13109904236760E-18;5.14701481001361E-17;0.00000000000000E+00;0
1.50158939698553E-18;1.69755066614540E-16;0.00000000000000E+00;0
3.75261637459292E-17;1.75777383578490E-16;0.00000000000000E+00;0
3.18807604426977E-17;1.04524453107100E-17;0.00000000000000E+00;0
9.95384479777064E-17;8.03794629404614E-17;0.00000000000000E+00;0
1.38726486847321E-16;5.49555196210426E-17;0.00000000000000E+00;0
3.42198592850535E-17;1.41278112043618E-16;0.00000000000000E+00;0
1.52670280476524E-17;2.01740578563932E-17;0.00000000000000E+00;0
7.70461136403691E-18;1.06200609482708E-17;0.00000000000000E+00;0
2.65043493156617E-17;5.02269887900277E-17;0.00000000000000E+00;0
5.36526254238652E-17;3.13223855587311E-16;0.00000000000000E+00;0
9.12609861442983E-18;8.33336055999345E-17;0.00000000000000E+00;0
1.24528456530482E-17;6.53218673277367E-17;0.00000000000000E+00;0
6.71634141639267E-18;6.03881691582621E-17;0.00000000000000E+00;0
2.83328888124229E-17;3.57695410948346E-16;0.00000000000000E+00;0
4.18391125335533E-17;2.06894066911573E-18;0.00000000000000E+00;0
9.46380707276026E-17;1.57841495153161E-18;0.00000000000000E+00;0
1.10592813214325E-17;1.10051440643480E-16;0.00000000000000E+00;0
4.35453293079779E-17;4.76096594627060E-17;0.00000000000000E+00;0
1.06659146725583E-16;3.55688590234466E-17;0.00000000000000E+00;0
6.58335507792477E-18;1.47548111305117E-16;0.00000000000000E+00;0
4.74273351109540E-18;1.71415821176981E-17;0.00000000000000E+00;0
1.05621110376500E-16;1.39828746966724E-16;0.00000000000000E+00;0
5.24261660769394E-17;1.29667077542031E-17;0.00000000000000E+00;0
5.24089820117969E-18;1.25964491995349E-17;0.00000000000000E+00;0
4.11519789943100E-17;1.20037322635969E-17;0.00000000000000E+00;0
1.31424183519885E-17;9.82281246759163E-17;0.00000000000000E+00;0
8.53314413793444E-17;2.26092961416453E-17;0.00000000000000E+00;0
1.18206037298530E-16;9.24002970815454E-18;0.00000000000000E+00;0
1.72003098878213E-17;3.61148704219639E-16;0.00000000000000E+00;0
7.80267957520766E-17;2.86944861906058E-17;0.00000000000000E+00;0
4.91762900031335E-17;6.31516913972315E-17;0.00000000000000E+00;0
7.30626060602429E-17;6.41488363954409E-17;0.00000000000000E+00;0
1.80406801538843E-17;2.55708575173122E-17;0.00000000000000E+00;0
1.77202807731636E-17;9.26507062103342E-17;0.00000000000000E+00;0
8.60845879361417E-17;1.76632097074399E-16;0.00000000000000E+00;0
5.70888361029321E-17;3.56615087227695E-16;0.00000000000000E+00;0
8.22679978372445E-17;4.37166736675871E-16;0.00000000000000E+00;0
2.35721786159483E-17;1.19567932215948E-17;0.00000000000000E+00;0
1.22385594479413E-17;6.45465000367086E-17;0.00000000000000E+00;0
5.30975062237348E-17;1.45626850904945E-16;0.00000000000000E+00;0
6.72302921504777E-17;8.74381520742165E-18;0.00000000000000E+00;0
4.40103406207965E-17;6.90270461943427E-17;0.00000000000000E+00;0
4.94174575397109E-17;5.62171013541633E-17;0.00000000000000E+00;0
1.46760319027861E-16;3.56034409394169E-17;0.00000000000000E+00;0
4.77791043716198E-17;8.51104715637096E-17;0.00000000000000E+00;0
3.08052816555555E-17;2.97811649147352E-16;0.00000000000000E+00;0
8.12009407992481E-17;2.03504487648714E-16;0.00000000000000E+00;0
5.13295737100141E-17;1.23859663886608E-16;0.00000000000000E+00;0
2.24924991196327E-18;4.92242894683079E-17;0.00000000000000E+00;0
1.06974774569877E-16;4.28760097653976E-16;0.00000000000000E+00;0
1.01421112642969E-16;3.49686572698915E-16;0.00000000000000E+00;0
1.07982931357494E-16;8.50304069776566E-17;0.00000000000000E+00;0
1.45607173314974E-17;8.96042905002343E-17;0.00000000000000E+00;0
5.79822290340449E-17;1.80961005472464E-16;0.00000000000000E+00;0
5.46939035413982E-17;1.70732688682354E-17;0.00000000000000E+00;0
4.07420717960247E-17;2.01577187680252E-16;0.00000000000000E+00;0
6.03595883844842E-17;1.57823054561878E-16;0.00000000000000E+00;0
1.90063248430004E-17;1.25962642930493E-16;0.00000000000000E+00;0
1.45909692904129E-16;3.82678208513267E-17;0.00000000000000E+00;0
3.52800054040817E-17;2.24277592789474E-16;0.00000000000000E+00;0
7.37394467628795E-17;1.29958746819856E-16;0.00000000000000E+00;0
5.38629948900484E-17;3.69846749827529E-17;0.00000000000000E+00;0
3.10861428681795E-17;1.29437920402060E-16;0.00000000000000E+00;0
3.88476793591029E-19;2.98192239428926E-17;0.00000000000000E+00;0
7.75458995809311E-17;2.48807069055917E-16;0.00000000000000E+00;0
9.31610563198255E-17;2.85850233340685E-16;0.00000000000000E+00;0
1.29059401427405E-16;7.82141028249514E-17;0.00000000000000E+00;0
1.30723272324225E-18;2.85119411980330E-16;0.00000000000000E+00;0
5.77724996580742E-17;1.16328284699292E-16;0.00000000000000E+00;0
7.87054376092255E-17;1.30620955115239E-17;0.00000000000000E+00;0
1.07909515882615E-16;3.05319256964853E-16;0.00000000000000E+00;0
4.06648807651856E-17;1.03012961454096E-16;0.00000000000000E+00;0
5.30959793782206E-17;2.30803649571283E-16;0.00000000000000E+00;0
1.38192584757756E-17;1.35925699353267E-16;0.00000000000000E+00;0
1.14066751808582E-16;2.66868003734895E-16;0.00000000000000E+00;0
1.61826843311131E-17;2.19176387564662E-16;0.00000000000000E+00;0
8.71350898716706E-17;1.69815863900008E-17;0.00000000000000E+00;0
5.47030717642351E-17;1.86689864560146E-16;0.00000000000000E+00;0
5.16179896686646E-17;2.59689135948839E-16;0.00000000000000E+00;0
8.61913090030814E-17;3.24980876163342E-16;0.00000000000000E+00;0
5.19113027998464E-17;2.34807650753202E-16;0.00000000000000E+00;0
9.13128892722247E-18;2.97279809986486E-16;0.00000000000000E+00;0
7.58491920893914E-17;2.22744949524721E-17;0.00000000000000E+00;0
1.05830254982481E-17;1.72694768637327E-16;0.00000000000000E+00;0
7.15781817366941E-17;5.85377242679973E-18;0.00000000000000E+00;0
1.01828028064064E-17;2.77051575831469E-16;0.00000000000000E+00;0
4.08679310767299E-17;2.77595249333201E-16;0.00000000000000E+00;0
3.66406819422822E-17;2.22571210567087E-16;0.00000000000000E+00;0
3.91519869049394E-17;3.06554062881567E-16;0.00000000000000E+00;0
3.11817614690010E-19;9.81995159430960E-17;0.00000000000000E+00;0
6.81837676434075E-17;1.97530187046463E-16;0.00000000000000E+00;0
1.34083327729376E-17;2.34709464412789E-17;0.00000000000000E+00;0
1.05145574028471E-16;5.32057916463309E-17;0.00000000000000E+00;0
4.43222089970996E-18;2.06083882414457E-16;0.00000000000000E+00;0
3.03433252933409E-17;4.19302721012497E-16;0.00000000000000E+00;0
7.59902388496333E-17;7.88537572256447E-17;0.00000000000000E+00;0
4.53177331473130E-17;3.11714116918140E-16;0.00000000000000E+00;0
4.73104568248144E-17;1.62654973100710E-16;0.00000000000000E+00;0
7.96613471908569E-18;3.11070593293977E-16;0.00000000000000E+00;0
7.93599220993906E-17;3.05229239268941E-16;0.00000000000000E+00;0
1.13176314351289E-16;1.43159359948913E-16;0.00000000000000E+00;0
4.11252141892129E-17;6.41642005615539E-17;0.00000000000000E+00;0
1.80702686335239E-17;3.00127178240030E-16;0.00000000000000E+00;0
4.44739921682362E-17;1.53872519135092E-16;0.00000000000000E+00;0
2.14775037669519E-17;5.55662888071130E-17;0.00000000000000E+00;0
1.17685903448250E-16;3.65352667806973E-16;0.00000000000000E+00;0
6.23296566178894E-18;2.19362587957654E-16;0.00000000000000E+00;0
1.43244997387437E-17;1.67676871194467E-16;0.00000000000000E+00;0
5.42769761032517E-17;3.62295993304889E-16;0.00000000000000E+00;0
3.40805256399294E-17;3.53110550780183E-16;0.00000000000000E+00;0
7.10149007703457E-17;3.41056986004207E-18;0.00000000000000E+00;0
6.90959110859104E-17;2.02606107239899E-16;0.00000000000000E+00;0
1.95061712548343E-17;3.16780951351991E-16;0.00000000000000E+00;0
2.54489148100938E-17;1.56327397724481E-16;0.00000000000000E+00;0
1.85418431462395E-17;2.68075087544595E-16;0.00000000000000E+00;0
1.28633722307565E-18;2.98782249818429E-16;0.00000000000000E+00;0
3.20144808053256E-17;3.60372049765221E-16;0.00000000000000E+00;0
2.70923320194515E-17;2.21935230332822E-16;0.00000000000000E+00;0
9.76994948013296E-17;1.50948005164610E-16;0.00000000000000E+00;0
1.44346309885441E-17;1.02885386572672E-16;0.00000000000000E+00;0
1.63726423203065E-16;3.04681524518885E-16;0.00000000000000E+00;0
2.68520221416836E-17;2.66046420316542E-16;0.00000000000000E+00;0
3.50310928761221E-17;2.73214688341454E-16;0.00000000000000E+00;0
8.76292350465630E-17;1.33512602994443E-16;0.00000000000000E+00;0
3.27880828591777E-17;9.45143782924011E-17;0.00000000000000E+00;0
7.63141362921940E-17;2.20619012394917E-16;0.00000000000000E+00;0
7.49576997652315E-17;1.05776822402233E-16;0.00000000000000E+00;0
3.30850143000923E-17;1.24054424044559E-16;0.00000000000000E+00;0
3.33770676825463E-17;2.01745393921402E-16;0.00000000000000E+00;0
7.42579238789050E-17;3.79183379066417E-16;0.00000000000000E+00;0
9.00282699760456E-17;3.17171066285861E-16;0.00000000000000E+00;0
7.57008047634284E-17;2.38671668924027E-16;0.00000000000000E+00;0
4.52660432777781E-17;3.49253220479220E-17;0.00000000000000E+00;0
3.01814293320881E-17;7.13576540289504E-17;0.00000000000000E+00;0
1.62564724576551E-17;8.75285178992501E-17;0.00000000000000E+00;0
6.49374105297649E-17;6.85145707672128E-17;0.00000000000000E+00;0
3.88691125618622E-17;5.02088331232938E-16;0.00000000000000E+00;0
8.71018470743375E-17;2.01542972168359E-16;0.00000000000000E+00;0
1.20719854901851E-17;3.52869410676571E-17;0.00000000000000E+00;0
4.13188915673125E-17;2.13172327110765E-17;0.00000000000000E+00;0
1.10805380325574E-16;1.36697461806211E-16;0.00000000000000E+00;0
3.23688084638562E-17;2.20517546697569E-16;0.00000000000000E+00;0
4.29736752935179E-17;1.12542091042928E-16;0.00000000000000E+00;0
4.60233974348041E-17;4.55051736290644E-16;0.00000000000000E+00;0
1.02953143758659E-16;1.39925139975741E-16;0.00000000000000E+00;0
1.04792762119263E-17;3.19939008233406E-16;0.00000000000000E+00;0
2.06319165297826E-17;2.48092776614445E-16;0.00000000000000E+00;0
1.99246265731915E-18;1.60663516285178E-17;0.00000000000000E+00;0
3.35296161513462E-17;2.77084947897429E-16;0.00000000000000E+00;0
7.93658846773668E-17;1.11410928212326E-16;0.00000000000000E+00;0
3.86355883906169E-17;1.47925264179815E-17;0.00000000000000E+00;0
3.37788592354375E-17;1.30008902375185E-17;0.00000000000000E+00;0
8.93132670910361E-17;1.33245547008341E-16;0.00000000000000E+00;0
9.92096013469137E-17;3.04423437530926E-17;0.00000000000000E+00;0
3.13429309735103E-17;6.89347045064168E-17;0.00000000000000E+00;0
3.05530984853451E-17;8.20980931001207E-17;0.00000000000000E+00;0
1.15768995656159E-16;4.63561558125441E-17;0.00000000000000E+00;0
3.73053121806207E-17;9.63442977994924E-17;0.00000000000000E+00;0
4.55277301067813E-17;3.65205676712635E-17;0.00000000000000E+00;0
1.13652474257387E-16;1.75464708662360E-17;0.00000000000000E+00;0
2.58739001472379E-17;6.05815952807305E-17;0.00000000000000E+00;0
2.28843554271705E-18;1.66666329031617E-17;0.00000000000000E+00;0
1.00499274430590E-17;1.21532730237680E-16;0.00000000000000E+00;0
4.19132027283015E-17;9.33027134651012E-18;0.00000000000000E+00;0
3.06396635530620E-17;1.55133315559561E-17;0.00000000000000E+00;0
3.18161326199332E-17;8.11883397939034E-17;0.00000000000000E+00;0
3.00487938845192E-17;1.47465556978622E-17;0.00000000000000E+00;0
1.18326648519231E-16;1.74748131834822E-16;0.00000000000000E+00;0
9.78102885194987E-17;4.83942946549147E-17;0.00000000000000E+00;0
8.38348256235381E-17;9.70246384869742E-17;0.00000000000000E+00;0
4.10302510531618E-17;3.16809498573253E-18;0.00000000000000E+00;0
1.86224474746692E-17;7.77806517688351E-17;0.00000000000000E+00;0
2.24362130025280E-17;3.87182356635302E-17;0.00000000000000E+00;0
4.54677493756171E-17;6.01370301704603E-17;0.00000000000000E+00;0
5.78751467561038E-19;6.93250652750536E-18;0.00000000000000E+00;0
4.86759416885322E-17;7.31389440129894E-17;0.00000000000000E+00;0
1.63244178155286E-17;4.21767935421268E-17;0.00000000000000E+00;0
2.15902395772044E-17;9.85877327041219E-18;0.00000000000000E+00;0
3.88638220328688E-17;8.44595331884821E-17;0.00000000000000E+00;0
2.80298173760918E-18;7.35068472829241E-17;0.00000000000000E+00;0
6.19623046226181E-17;1.63181649871584E-18;0.00000000000000E+00;0
1.00906944104065E-16;6.29972469837022E-17;0.00000000000000E+00;0
7.44962358708407E-17;4.83797695435359E-17;0.00000000000000E+00;0
5.76467315231514E-17;2.53240785441656E-17;0.00000000000000E+00;0
9.85835732974177E-18;9.43165491082483E-17;0.00000000000000E+00;0
2.54263085892255E-17;1.17760218738414E-16;0.00000000000000E+00;0
1.39275962502714E-16;1.28282312493548E-16;0.00000000000000E+00;0
6.47882915204338E-17;2.60815134623768E-17;0.00000000000000E+00;0
3.56581818459731E-18;1.12226460683469E-16;0.00000000000000E+00;0
5.88245701037606E-17;3.43329816872547E-17;0.00000000000000E+00;0
4.19678314736857E-17;3.18107778017781E-17;0.00000000000000E+00;0
7.59112931983049E-17;4.68343292356312E-17;0.00000000000000E+00;0
1.69793767906456E-17;1.34402545278595E-16;0.00000000000000E+00;0
6.13959609202116E-17;5.34901942620326E-17;0.00000000000000E+00;0
3.65125846724509E-17;1.13667982578869E-17;0.00000000000000E+00;0
2.38261959945990E-17;1.69163936640621E-17;0.00000000000000E+00;0
1.18513577794044E-16;1.20607528869570E-17;0.00000000000000E+00;0
2.16302313549192E-17;1.12299405698520E-16;0.00000000000000E+00;0
1.21866747810273E-17;8.57389619523036E-17;0.00000000000000E+00;0
7.59798170031501E-17;1.04703102692844E-16;0.00000000000000E+00;0
4.66102655662991E-17;1.23531458834615E-17;0.00000000000000E+00;0
4.05176108967878E-17;1.94863185334821E-17;0.00000000000000E+00;0
1.24111891629051E-16;2.47178438929293E-17;0.00000000000000E+00;0
3.57521491720647E-17;8.06476316493086E-17;0.00000000000000E+00;0
5.27450951588808E-17;3.37502545355826E-17;0.00000000000000E+00;0
1.16331825029080E-16;3.20871202436841E-17;0.00000000000000E+00;0
5.23616121739622E-18;6.16043463396073E-17;0.00000000000000E+00;0
1.14946647327634E-17;1.06892090624987E-17;0.00000000000000E+00;0
3.61280198949400E-17;7.13077766535792E-17;0.00000000000000E+00;0
2.14728074766968E-18;1.15780351760290E-16;0.00000000000000E+00;0
4.96369736261856E-17;8.80390307898703E-17;0.00000000000000E+00;0
8.11071720587894E-17;3.38556250745939E-17;0.00000000000000E+00;0
2.16117110791741E-17;7.23185776279689E-17;0.00000000000000E+00;0
4.21982402706109E-17;1.22226500557295E-16;0.00000000000000E+00;0
4.37855718680340E-17;4.73686884539978E-17;0.00000000000000E+00;0
1.65443290113101E-16;3.26151165264490E-18;0.00000000000000E+00;0
6.59402475515032E-17;2.25465790399483E-17;0.00000000000000E+00;0
1.37733566749109E-16;1.24947111848780E-16;0.00000000000000E+00;0
5.24250014252719E-17;4.34639829443195E-17;0.00000000000000E+00;0
5.14557380842293E-17;6.14079536493341E-17;0.00000000000000E+00;0
4.53114270359009E-17;7.82902635458440E-17;0.00000000000000E+00;0
4.87310983559847E-17;5.74861171796648E-17;0.00000000000000E+00;0
5.68541933679772E-17;5.75904804337428E-17;0.00000000000000E+00;0
2.09487433573125E-17;6.58559771511407E-18;0.00000000000000E+00;0
1.21751207554749E-17;1.16695424610787E-17;0.00000000000000E+00;0
8.89996283435282E-18;4.95158443241261E-17;0.00000000000000E+00;0
4.29466837994285E-17;3.75573472231153E-17;0.00000000000000E+00;0
8.13110792570633E-18;2.94635093950352E-19;0.00000000000000E+00;0
2.96687466366092E-17;5.34664600260743E-17;0.00000000000000E+00;0
9.47108460207609E-19;9.28899379097370E-17;0.00000000000000E+00;0
2.30915166023824E-17;2.00124255902476E-17;0.00000000000000E+00;0
2.76253657615096E-17;7.85359679882651E-17;0.00000000000000E+00;0
3.58166653279524E-18;2.43484493595381E-17;0.00000000000000E+00;0
4.20438599733193E-17;1.10289215966797E-16;0.00000000000000E+00;0
9.33255349267791E-17;1.17954313226142E-16;0.00000000000000E+00;0
8.14441761149155E-19;1.37032450837067E-16;0.00000000000000E+00;0
5.95222294715965E-17;8.66281326581295E-17;0.00000000000000E+00;0
1.13267634945563E-18;1.30310840103968E-16;0.00000000000000E+00;0
7.05547779450321E-17;2.95724433263585E-17;0.00000000000000E+00;0
9.17025965543126E-17;3.33427569789123E-17;0.00000000000000E+00;0
5.43330403698249E-17;1.69981087095397E-17;0.00000000000000E+00;0
7.72393424682749E-18;3.49988711585112E-17;0.00000000000000E+00;0
8.28428585964822E-17;6.77108894802458E-17;0.00000000000000E+00;0
6.49306169970967E-17;2.74592718371871E-17;0.00000000000000E+00;0
4.14502879504245E-17;2.62569503839931E-17;0.00000000000000E+00;0
4.27173083157999E-18;1.73375317946988E-17;0.00000000000000E+00;0
1.33392317295494E-17;5.83574353972693E-17;0.00000000000000E+00;0
3.84475815274029E-17;5.85502657469474E-17;0.00000000000000E+00;0
1.07070348495214E-16;1.55525095887779E-16;0.00000000000000E+00;0
7.09474515886386E-17;6.99123654354900E-17;0.00000000000000E+00;0
2.23233876562925E-17;1.12311781588299E-16;0.00000000000000E+00;0
4.37709479901750E-17;1.26355315684812E-17;0.00000000000000E+00;0
1.24659247306946E-17;1.20413908538092E-16;0.00000000000000E+00;0
2.44791561175048E-17;1.80249095387412E-16;0.00000000000000E+00;0
6.22836068812774E-17;2.21938636038061E-16;0.00000000000000E+00;0
3.08019860670686E-18;1.40807643709859E-16;0.00000000000000E+00;0
6.32558922730551E-18;2.60876350545974E-16;0.00000000000000E+00;0
3.83574142955652E-17;2.87460269599701E-16;0.00000000000000E+00;0
1.12706827984966E-16;1.94358505225163E-16;0.00000000000000E+00;0
3.23592565648854E-17;2.46536721361099E-16;0.00000000000000E+00;0
5.20152383563092E-18;1.77480827623636E-16;0.00000000000000E+00;0
1.21112257985240E-16;2.38949733731042E-16;0.00000000000000E+00;0
6.57085150836102E-17;2.59731181052730E-16;0.00000000000000E+00;0
5.36214684139552E-17;1.08291043119009E-16;0.00000000000000E+00;0
4.33124801800849E-17;1.24261988999425E-17;0.00000000000000E+00;0
5.58328138592843E-18;3.91790965343025E-16;0.00000000000000E+00;0
6.36223786540683E-17;1.69069101964083E-16;0.00000000000000E+00;0
5.26105889811394E-17;1.93155640697852E-16;0.00000000000000E+00;0
4.01361315674012E-17;3.13549410478259E-16;0.00000000000000E+00;0
1.23933017526626E-16;7.43751304868323E-17;0.00000000000000E+00;0
6.30676166834970E-17;1.74040881514024E-16;0.00000000000000E+00;0
2.20520881345082E-17;1.40517866721523E-16;0.00000000000000E+00;0
8.59893169548302E-17;1.98287680203450E-16;0.00000000000000E+00;0
6.73367143530037E-17;2.98181710178347E-16;0.00000000000000E+00;0
9.65198347536627E-17;6.18870842595823E-17;0.00000000000000E+00;0
3.07293359992819E-17;2.88151278258627E-16;0.00000000000000E+00;0
8.89524034205261E-17;3.20524315701311E-16;0.00000000000000E+00;0
1.00216646621470E-16;3.19132304649730E-16;0.00000000000000E+00;0
1.21247255336974E-17;2.18900145020655E-16;0.00000000000000E+00;0
4.06605719769246E-18;1.41585783319641E-16;0.00000000000000E+00;0
1.44871595758585E-16;3.93789975123129E-17;0.00000000000000E+00;0
9.84872761860244E-17;6.27356657873464E-17;0.00000000000000E+00;0
2.80265324977244E-17;4.15851144201245E-16;0.00000000000000E+00;0
2.73742560866733E-17;4.26248162604358E-17;0.00000000000000E+00;0
2.72780894377935E-17;1.80834907288475E-16;0.00000000000000E+00;0
1.78776370164968E-17;2.36155563515470E-16;0.00000000000000E+00;0
7.16868480524364E-17;3.93886951132174E-16;0.00000000000000E+00;0
1.49367192887335E-17;1.41425081744118E-16;0.00000000000000E+00;0
7.95434989584105E-17;3.38195664154775E-17;0.00000000000000E+00;0
6.77221708374895E-17;2.26937397247844E-17;0.00000000000000E+00;0
3.73933372393488E-17;1.60174671156907E-16;0.00000000000000E+00;0
6.34622972048638E-17;2.12195208982583E-16;0.00000000000000E+00;0
2.51363031472559E-17;2.40293048120937E-16;0.00000000000000E+00;0
4.14437731478746E-17;1.45288786664698E-16;0.00000000000000E+00;0
6.16354843983453E-17;2.79732261668892E-16;0.00000000000000E+00;0
1.89739455851381E-17;3.21706397067573E-17;0.00000000000000E+00;0
1.48553528597667E-16;4.20044387823030E-17;0.00000000000000E+00;0
2.06203431116303E-17;3.19215834591031E-16;0.00000000000000E+00;0
8.71066722004716E-17;7.27587060276252E-17;0.00000000000000E+00;0
2.32568440454073E-17;6.76902811118234E-17;0.00000000000000E+00;0
1.14306144349923E-17;1.74875349608249E-16;0.00000000000000E+00;0
8.03748064551040E-17;3.76746407526566E-17;0.00000000000000E+00;0
2.82290868781995E-17;5.96796006938424E-17;0.00000000000000E+00;0
6.07748430314194E-18;2.43203727785385E-16;0.00000000000000E+00;0
7.74959890418138E-17;2.46210171169675E-17;0.00000000000000E+00;0
4.91851237238240E-17;3.21507972581928E-16;0.00000000000000E+00;0
2.20164546861188E-17;3.75394686809307E-16;0.00000000000000E+00;0
2.37954403967213E-18;2.65749516359752E-16;0.00000000000000E+00;0
7.51222159427889E-17;5.17178301590530E-16;0.00000000000000E+00;0
1.87610933843987E-17;2.57030472394795E-16;0.00000000000000E+00;0
6.20371641906624E-17;5.26163811873882E-17;0.00000000000000E+00;0
1.07118435021678E-18;2.63909224441986E-17;0.00000000000000E+00;0
1.59030130407584E-17;1.14033053474246E-18;0.00000000000000E+00;0
2.21892470845737E-17;8.11847529338071E-17;0.00000000000000E+00;0
9.19497585059835E-17;1.57425616697707E-16;0.00000000000000E+00;0
8.68593416505289E-18;2.60839755578689E-16;0.00000000000000E+00;0
1.07973112622601E-17;7.80438253458114E-17;0.00000000000000E+00;0
1.27070129440693E-16;2.65641965577447E-16;0.00000000000000E+00;0
1.44704683904206E-17;5.06280435501779E-17;0.00000000000000E+00;0
3.34429185883657E-17;7.48263482781792E-17;0.00000000000000E+00;0
7.20811615016136E-17;2.73217641218644E-16;0.00000000000000E+00;0
1.23199515269532E-17;3.02604406201367E-16;0.00000000000000E+00;0
3.03528949880912E-17;1.04216634955822E-16;0.00000000000000E+00;0
1.02540737215840E-17;3.38238625165668E-16;0.00000000000000E+00;0
9.41716180127664E-18;9.60864053003033E-19;0.00000000000000E+00;0
4.54969221145137E-17;1.52700717388378E-16;0.00000000000000E+00;0
7.17500118922278E-17;6.25925226135664E-17;0.00000000000000E+00;0
4.50769643359212E-18;6.03198565867667E-17;0.00000000000000E+00;0
2.13431081935245E-17;9.97314005063379E-19;0.00000000000000E+00;0
8.99020101975005E-19;2.39311890269244E-17;0.00000000000000E+00;0
2.69541969529759E-17;2.45368180899722E-16;0.00000000000000E+00;0
8.88974185683520E-17;2.96700007169412E-16;0.00000000000000E+00;0
3.31360231557826E-17;2.04046004782975E-16;0.00000000000000E+00;0
8.44524504726763E-17;2.94726995826497E-16;0.00000000000000E+00;0
6.84926662602590E-17;2.41368124806366E-16;0.00000000000000E+00;0
3.67426508263106E-17;2.32280138129989E-17;0.00000000000000E+00;0
7.13383155804113E-18;4.27296074741230E-16;0.00000000000000E+00;0
6.81303531268614E-17;7.51939032203085E-18;0.00000000000000E+00;0
5.99051404650549E-17;3.32586114875908E-16;0.00000000000000E+00;0
3.08591404109364E-17;2.98037954899709E-16;0.00000000000000E+00;0
1.27214378705951E-17;3.55528890194596E-16;0.00000000000000E+00;0
2.44291368132210E-17;3.63200260505386E-16;0.00000000000000E+00;0
1.69100491499401E-17;6.28866121964007E-17;0.00000000000000E+00;0
5.78824356100461E-17;1.30865573471240E-16;0.00000000000000E+00;0
9.70046982238183E-17;2.31707917082839E-16;0.00000000000000E+00;0
4.63591472247139E-18;9.79332734400860E-17;0.00000000000000E+00;0
2.14301963953191E-17;2.93530612218155E-16;0.00000000000000E+00;0
8.51790339535174E-18;7.56432103700181E-17;0.00000000000000E+00;0
3.17447107182574E-17;7.80696012060645E-17;0.00000000000000E+00;0
6.62015474471194E-17;5.62495763752365E-17;0.00000000000000E+00;0
1.15482543407291E-16;1.52674814696995E-16;0.00000000000000E+00;0
2.49355036417133E-17;1.33622016365073E-16;0.00000000000000E+00;0
1.02396748830522E-16;2.17232703947172E-17;0.00000000000000E+00;0
4.27015357746969E-17;3.64728219225781E-17;0.00000000000000E+00;0
3.79753507879476E-17;8.50058400399366E-17;0.00000000000000E+00;0
1.46144483962485E-17;3.17278859167605E-16;0.00000000000000E+00;0
1.62333565557977E-17;7.25621515519426E-17;0.00000000000000E+00;0
9.91125386895993E-19;1.54662361557964E-16;0.00000000000000E+00;0
4.68965832834355E-17;1.03297594701880E-16;0.00000000000000E+00;0
3.48938637939928E-17;1.81430309583893E-16;0.00000000000000E+00;0
7.34955910403976E-18;8.79738651342943E-17;0.00000000000000E+00;0
8.12209867948004E-17;8.55691030694213E-17;0.00000000000000E+00;0
8.94593904615325E-17;1.82302268123638E-16;0.00000000000000E+00;0
7.70799310755772E-17;1.41598058747579E-16;0.00000000000000E+00;0
5.18538671172978E-17;3.21437248560461E-16;0.00000000000000E+00;0
4.17908833656807E-17;1.34881850921186E-16;0.00000000000000E+00;0
7.21193518368382E-18;3.06547625127656E-17;0.00000000000000E+00;0
3.27344412505108E-17;4.91280372369375E-17;0.00000000000000E+00;0
2.56450321091460E-17;2.84730644883125E-16;0.00000000000000E+00;0
8.10968836572483E-17;1.00174019673477E-16;0.00000000000000E+00;0
1.03825748387232E-16;7.86048011712975E-17;0.00000000000000E+00;0
4.16544831125242E-17;2.25524673618109E-16;0.00000000000000E+00;0
3.39419121445350E-17;2.53822547815254E-16;0.00000000000000E+00;0
4.44887803524868E-17;1.26530118633528E-16;0.00000000000000E+00;0
1.06088015458501E-16;1.80373119839739E-16;0.00000000000000E+00;0
5.82940475330156E-17;3.06519342019937E-16;0.00000000000000E+00;0
3.39263301866490E-17;1.31136238142684E-16;0.00000000000000E+00;0
4.42626703194924E-17;7.04843837878162E-17;0.00000000000000E+00;0
2.00741345407938E-17;1.24684484677867E-17;0.00000000000000E+00;0
8.71428645928480E-18;2.70770288922076E-16;0.00000000000000E+00;0
3.28513777564407E-17;2.61663954885540E-16;0.00000000000000E+00;0
1.37330777344422E-16;2.55515019019771E-16;0.00000000000000E+00;0
5.76718805582048E-17;3.59585854998722E-17;0.00000000000000E+00;0
1.00689868913260E-16;1.84976599231513E-16;0.00000000000000E+00;0
6.39923274093184E-18;9.90659933716107E-17;0.00000000000000E+00;0
4.69823729127353E-17;8.80821208660083E-17;0.00000000000000E+00;0
1.29935993239193E-17;3.33148518007833E-16;0.00000000000000E+00;0
8.38475335474017E-17;4.76181097644550E-17;0.00000000000000E+00;0
5.75038612432888E-17;4.06417270030934E-16;0.00000000000000E+00;0
2.26778009370170E-17;2.96977438107806E-16;0.00000000000000E+00;0
2.70337588886107E-18;5.18904869349492E-17;0.00000000000000E+00;0
1.84656430711767E-17;1.50674675300808E-16;0.00000000000000E+00;0
7.62704802997943E-17;7.74470516693638E-17;0.00000000000000E+00;0
7.70738318437247E-18;1.05698921864051E-16;0.00000000000000E+00;0
4.19738143245124E-17;1.65744745492281E-17;0.00000000000000E+00;0
8.69004862022311E-17;3.73434271927545E-17;0.00000000000000E+00;0
9.62708411918163E-17;2.23981105004269E-17;0.00000000000000E+00;0
5.08998588438914E-18;6.36325711314352E-17;0.00000000000000E+00;0
3.71870211961317E-17;2.54814155164158E-16;0.00000000000000E+00;0
5.84247569573257E-17;1.19528855041201E-16;0.00000000000000E+00;0
3.00144749905094E-17;2.05004222181294E-16;0.00000000000000E+00;0
4.90743642520733E-17;1.02319991206700E-16;0.00000000000000E+00;0
2.84497631242803E-18;2.04044661468531E-16;0.00000000000000E+00;0
4.56097115084080E-17;5.22152692883951E-17;0.00000000000000E+00;0
1.34188741663817E-17;2.23745527658441E-17;0.00000000000000E+00;0
2.36570489088172E-19;2.56936230300292E-17;0.00000000000000E+00;0
9.76614510845914E-18;1.24415582979376E-17;0.00000000000000E+00;0
1.58532568494962E-17;7.18722687615385E-17;0.00000000000000E+00;0
1.19495670584230E-16;2.13309632754842E-16;0.00000000000000E+00;0
7.51272276730410E-17;1.71182195374874E-16;0.00000000000000E+00;0
1.85789002884573E-17;3.59777210698783E-16;0.00000000000000E+00;0
4.71575918399969E-19;1.16767592944015E-16;0.00000000000000E+00;0
7.59152775135173E-17;1.59967732991794E-16;0.00000000000000E+00;0
1.11352775670815E-17;1.09237899113414E-16;0.00000000000000E+00;0
2.73392592018327E-17;2.71131255957979E-16;0.00000000000000E+00;0
3.73638637605942E-18;1.06154309233649E-16;0.00000000000000E+00;0
7.07681186859346E-17;3.48462961581768E-17;0.00000000000000E+00;0
7.37515145364442E-17;6.39002526829184E-17;0.00000000000000E+00;0
8.68553225185969E-17;1.14983527756334E-17;0.00000000000000E+00;0
5.32616961729335E-17;9.34115463651844E-17;0.00000000000000E+00;0
3.38060768060916E-17;1.70342155189007E-16;0.00000000000000E+00;0
5.29803384556597E-17;2.62693756538878E-16;0.00000000000000E+00;0
1.36017968879779E-17;3.29124943865991E-17;0.00000000000000E+00;0
2.37625748470344E-17;2.48199091559470E-17;0.00000000000000E+00;0
1.05728630829709E-16;1.70552597748822E-17;0.00000000000000E+00;0
8.08707410763158E-17;3.36886419968449E-17;0.00000000000000E+00;0
9.61091615941098E-17;3.34337046515658E-17;0.00000000000000E+00;0
1.07309775405103E-17;3.38278063313940E-17;0.00000000000000E+00;0
8.88504496635970E-17;1.67245335158263E-16;0.00000000000000E+00;0
8.98716458710148E-18;1.44494352895872E-16;0.00000000000000E+00;0
8.70024879886965E-17;3.25824673456483E-17;0.00000000000000E+00;0
1.01846027844183E-16;1.98043011047646E-16;0.00000000000000E+00;0
4.52886796733021E-17;1.35977604807925E-16;0.00000000000000E+00;0
8.90788670553856E-17;6.63079498536015E-17;0.00000000000000E+00;0
9.79500288356909E-19;2.59388070342585E-18;0.00000000000000E+00;0
4.30541242536546E-17;1.14450408238056E-16;0.00000000000000E+00;0
7.36196870627174E-17;1.89453112041334E-16;0.00000000000000E+00;0
2.75314678975958E-18;2.81422452597666E-16;0.00000000000000E+00;0
2.79922362507560E-17;9.38773932868618E-17;0.00000000000000E+00;0
2.87183683662318E-17;1.84044135674453E-16;0.00000000000000E+00;0
2.59834740893948E-17;9.00057100469810E-17;0.00000000000000E+00;0
9.92226636564638E-18;8.40583044984645E-17;0.00000000000000E+00;0
3.30771020877107E-17;4.19350704165399E-16;0.00000000000000E+00;0
2.99562943643274E-17;1.91855474019825E-16;0.00000000000000E+00;0
8.65538319893848E-19;1.62509119745949E-16;0.00000000000000E+00;0
9.09464891824004E-18;1.17249465528770E-16;0.00000000000000E+00;0
2.16696654638841E-17;1.37179419672546E-16;0.00000000000000E+00;0
1.43342756369504E-16;4.16429169773864E-16;0.00000000000000E+00;0
3.30799840303583E-17;5.67647911483812E-17;0.00000000000000E+00;0
1.07932916589809E-17;2.61580313843055E-17;0.00000000000000E+00;0
3.74566266614953E-17;1.37340216314009E-16;0.00000000000000E+00;0
8.15644262006118E-17;3.16965429709915E-17;0.00000000000000E+00;0
2.23469342014472E-18;1.13670052921076E-17;0.00000000000000E+00;0
4.18466783513718E-17;2.38925152667187E-17;0.00000000000000E+00;0
8.49270770905654E-17;3.29502538722051E-17;0.00000000000000E+00;0
1.53499959600749E-16;6.37333948412251E-17;0.00000000000000E+00;0
1.32363470454423E-17;8.78195964279842E-17;0.00000000000000E+00;0
2.48720402626804E-17;1.02873896383315E-16;0.00000000000000E+00;0
1.62780736219734E-16;6.13046320658080E-17;0.00000000000000E+00;0
5.48590360611037E-17;8.69704236985840E-19;0.00000000000000E+00;0
3.95661077255886E-17;3.62096509105468E-17;0.00000000000000E+00;0
1.04138607882062E-16;3.55386447977159E-17;0.00000000000000E+00;0
2.00666731059755E-17;3.02836477793945E-17;0.00000000000000E+00;0
1.14473869612460E-16;5.24389206763875E-18;0.00000000000000E+00;0
4.11786175237265E-17;2.30397816390009E-17;0.00000000000000E+00;0
6.53751627617005E-17;3.74404061567711E-18;0.00000000000000E+00;0
3.14305714403585E-17;1.02234113483047E-16;0.00000000000000E+00;0
1.25316263924244E-16;1.25992705865687E-16;0.00000000000000E+00;0
7.52617902507209E-17;9.89027930765592E-17;0.00000000000000E+00;0
1.45558141729782E-16;2.35947361381823E-19;0.00000000000000E+00;0
5.54276939602371E-17;9.24510298388995E-18;0.00000000000000E+00;0
3.36008800866133E-18;3.74577639996886E-17;0.00000000000000E+00;0
1.15868603007510E-16;1.20542843920806E-17;0.00000000000000E+00;0
9.96660998805885E-18;3.55521925485828E-18;0.00000000000000E+00;0
2.70966394445294E-17;3.95170977667485E-17;0.00000000000000E+00;0
5.85259870396105E-17;3.17264064508652E-17;0.00000000000000E+00;0
1.65231769272927E-17;3.99707629411883E-18;0.00000000000000E+00;0
8.90888754350622E-17;4.99865386792437E-17;0.00000000000000E+00;0
1.76056823489331E-17;8.96106946831147E-17;0.00000000000000E+00;0
1.17902993516792E-16;6.63002798229581E-18;0.00000000000000E+00;0
2.78445088209929E-17;7.80145470801253E-17;0.00000000000000E+00;0
4.43664736634405E-18;1.32501019711954E-16;0.00000000000000E+00;0
3.35380552187553E-17;1.15870832394159E-17;0.00000000000000E+00;0
2.97045251915911E-17;4.60051852783475E-17;0.00000000000000E+00;0
2.14854589375797E-17;5.58217349201680E-17;0.00000000000000E+00;0
2.43173288291286E-17;4.79453402773524E-17;0.00000000000000E+00;0
6.62819353693504E-17;1.78474041837703E-17;0.00000000000000E+00;0
4.72133798852486E-18;6.30603512427898E-17;0.00000000000000E+00;0
9.74519328778079E-17;9.44322848637923E-17;0.00000000000000E+00;0
2.16951929214124E-17;2.34473294289972E-18;0.00000000000000E+00;0
4.34097704070082E-17;2.61595542624597E-18;0.00000000000000E+00;0
1.27446622438532E-16;1.18533869121158E-16;0.00000000000000E+00;0
1.37246359278183E-16;2.95065624296695E-18;0.00000000000000E+00;0
1.05991156954614E-16;6.20344352330179E-17;0.00000000000000E+00;0
1.33841009338946E-16;4.30874993694790E-17;0.00000000000000E+00;0
8.26699102642172E-17;2.99927247257926E-17;0.00000000000000E+00;0
1.17678599924966E-16;4.30624651083111E-17;0.00000000000000E+00;0
8.85994673640384E-17;6.98317634863472E-17;0.00000000000000E+00;0
1.66124264997616E-17;2.46673088195500E-17;0.00000000000000E+00;0
3.09310917520911E-17;3.26887060809513E-17;0.00000000000000E+00;0
1.79288759805565E-17;1.04198794171413E-16;0.00000000000000E+00;0
4.94339956265845E-18;9.19975953547356E-17;0.00000000000000E+00;0
4.59856329520002E-17;5.20237939332253E-17;0.00000000000000E+00;0
5.43930457485180E-17;3.53855857447229E-17;0.00000000000000E+00;0
9.52513716307615E-17;2.20035596946004E-17;0.00000000000000E+00;0
2.78955544283593E-17;3.89182743816940E-17;0.00000000000000E+00;0
4.25164857486114E-17;1.65065303571479E-16;0.00000000000000E+00;0
1.08713447203102E-16;9.57520372197737E-18;0.00000000000000E+00;0
2.79111177661777E-17;3.88061761372587E-17;0.00000000000000E+00;0
1.39351013978269E-17;5.39189520455102E-17;0.00000000000000E+00;0
1.59855117826129E-16;4.28452720599237E-17;0.00000000000000E+00;0
7.36552622623237E-17;9.56344959542440E-17;0.00000000000000E+00;0
1.35245971127055E-16;1.31877855085326E-16;0.00000000000000E+00;0
2.44093806271145E-17;6.24308411229492E-17;0.00000000000000E+00;0
8.77119309979739E-17;1.46837163666271E-16;0.00000000000000E+00;0
5.17713976769972E-17;1.06912355431594E-17;0.00000000000000E+00;0
2.59631416540964E-18;3.49960795523254E-18;0.00000000000000E+00;0
3.42154772238896E-17;8.90543578786658E-17;0.00000000000000E+00;0
9.05840811402299E-18;9.00254843543852E-17;0.00000000000000E+00;0
5.43208831730680E-17;4.36282498629840E-17;0.00000000000000E+00;0
6.11059269974150E-17;1.08317133532361E-16;0.00000000000000E+00;0
1.47646461953891E-16;6.92605393692114E-18;0.00000000000000E+00;0
1.12492038618845E-16;3.29641286253981E-17;0.00000000000000E+00;0
1.09021361437146E-16;2.67838784730558E-17;0.00000000000000E+00;0
2.50977363838102E-17;8.51254795178567E-17;0.00000000000000E+00;0
3.73237147075854E-17;9.72354242133425E-17;0.00000000000000E+00;0
1.34042504951537E-16;7.07103956084290E-18;0.00000000000000E+00;0
8.94064094298703E-17;1.58762125464005E-16;0.00000000000000E+00;0
5.00456267590711E-17;1.44426489382575E-16;0.00000000000000E+00;0
3.93862799171212E-17;8.99991319520737E-17;0.00000000000000E+00;0
1.30320584663917E-16;9.91882508155102E-17;0.00000000000000E+00;0
1.69476070438790E-17;6.89130235148023E-17;0.00000000000000E+00;0
1.89133635303809E-17;3.95998975112081E-17;0.00000000000000E+00;0
3.32469874886486E-17;1.43259816755018E-16;0.00000000000000E+00;0
2.28666604147029E-18;2.15693799605573E-17;0.00000000000000E+00;0
1.17772213288500E-16;8.15885261636012E-17;0.00000000000000E+00;0
4.63273012326651E-17;6.72579375079325E-18;0.00000000000000E+00;0
5.43055669344230E-17;1.41286100549050E-16;0.00000000000000E+00;0
5.33224345314673E-17;2.49019887597466E-17;0.00000000000000E+00;0
3.64982546943625E-17;2.51245816769574E-17;0.00000000000000E+00;0
7.17621588355419E-17;6.79768993805949E-17;0.00000000000000E+00;0
9.19921221484774E-19;4.64603593097464E-17;0.00000000000000E+00;0
4.84027193257050E-17;8.97265070988752E-17;0.00000000000000E+00;0
2.65332631107613E-17;9.77440288157238E-18;0.00000000000000E+00;0
5.74870798850527E-17;1.76703231787614E-17;0.00000000000000E+00;0
4.92118346102574E-18;5.72231369053369E-17;0.00000000000000E+00;0
1.32999424432956E-17;3.33830055350325E-17;0.00000000000000E+00;0
1.62633421263281E-17;9.23028617166497E-18;0.00000000000000E+00;0
6.55923466130868E-17;3.05397022522143E-17;0.00000000000000E+00;0
6.26236044199725E-17;2.33001378807078E-16;0.00000000000000E+00;0
2.91469392651160E-19;3.01206746055632E-16;0.00000000000000E+00;0
9.46379279292085E-17;2.80115251635411E-16;0.00000000000000E+00;0
9.37522148475224E-17;1.39596548281251E-16;0.00000000000000E+00;0
4.46943461929418E-17;4.02727074210025E-16;0.00000000000000E+00;0
6.24337551261427E-19;2.16715036562938E-16;0.00000000000000E+00;0
1.08184219684003E-16;1.93073680626859E-17;0.00000000000000E+00;0
1.46675890145627E-17;2.03388483363307E-16;0.00000000000000E+00;0
1.16768134677635E-16;2.42996646879598E-17;0.00000000000000E+00;0
1.24872520873866E-17;9.17897815503987E-17;0.00000000000000E+00;0
3.90881472178904E-17;1.73937859927087E-16;0.00000000000000E+00;0
1.03572486710896E-16;2.63023605977848E-16;0.00000000000000E+00;0
1.06227722852806E-16;3.98099128482804E-16;0.00000000000000E+00;0
3.71523485739228E-18;1.27912444777668E-16;0.00000000000000E+00;0
1.93209832540066E-17;1.86987854145201E-16;0.00000000000000E+00;0
1.22575032342894E-17;5.57536501043903E-17;0.00000000000000E+00;0
5.27428705077517E-18;1.83162744688374E-16;0.00000000000000E+00;0
7.72182697684653E-17;2.53397172297467E-16;0.00000000000000E+00;0
1.37239259179821E-16;3.31909690852048E-16;0.00000000000000E+00;0
2.30913145862462E-17;1.04724331290261E-16;0.00000000000000E+00;0
3.46948407290118E-17;2.82356527117289E-16;0.00000000000000E+00;0
2.18245202842334E-17;3.92554064046134E-17;0.00000000000000E+00;0
1.44478994642285E-17;1.24523456204213E-16;0.00000000000000E+00;0
1.34880377629959E-18;8.63310739152371E-17;0.00000000000000E+00;0
1.89443620480541E-17;6.66688380163858E-17;0.00000000000000E+00;0
7.45605003937842E-17;3.30635380033074E-16;0.00000000000000E+00;0
8.44512622680728E-17;8.18938416745574E-17;0.00000000000000E+00;0
9.05251540216153E-17;1.86885441077812E-16;0.00000000000000E+00;0
4.61089519357267E-18;4.01304034995097E-16;0.00000000000000E+00;0
8.86341649278625E-17;2.68273417310934E-16;0.00000000000000E+00;0
9.23825823388929E-18;3.03605739223895E-16;0.00000000000000E+00;0
1.35054666652742E-16;5.28612946294989E-17;0.00000000000000E+00;0
4.71841031276732E-17;4.97940880131365E-18;0.00000000000000E+00;0
6.62922776412002E-17;2.52573376282739E-16;0.00000000000000E+00;0
9.84657017188219E-17;1.41916253399701E-16;0.00000000000000E+00;0
8.82972131605922E-17;7.22966587107530E-17;0.00000000000000E+00;0
1.02304149221405E-16;9.99127073927931E-17;0.00000000000000E+00;0
4.14887324679226E-17;2.14348383208604E-16;0.00000000000000E+00;0
1.09787778742894E-16;1.03106971029151E-16;0.00000000000000E+00;0
1.16728969234021E-17;1.59143177099317E-16;0.00000000000000E+00;0
3.80107299964366E-17;2.87797071098446E-16;0.00000000000000E+00;0
7.88998896594011E-17;1.02536394206767E-16;0.00000000000000E+00;0
6.81369170799788E-17;9.89222024768418E-17;0.00000000000000E+00;0
6.54666119542675E-18;2.29447969913427E-16;0.00000000000000E+00;0
8.51085016627552E-17;2.36694479535404E-16;0.00000000000000E+00;0
3.30294155689625E-17;2.95765146276685E-16;0.00000000000000E+00;0
5.59991346036851E-17;1.50988636470173E-16;0.00000000000000E+00;0
2.54815987322309E-17;3.87664957269551E-18;0.00000000000000E+00;0
3.43299540012124E-17;1.94594833852069E-18;0.00000000000000E+00;0
1.18434815224327E-16;2.74574148444149E-16;0.00000000000000E+00;0
9.69049933734757E-17;7.75844370978813E-17;0.00000000000000E+00;0
3.93278082294591E-17;1.56733787326021E-16;0.00000000000000E+00;0
1.72928443752799E-17;1.19259398549313E-16;0.00000000000000E+00;0
5.36920669889418E-17;3.78422542156952E-17;0.00000000000000E+00;0
5.14299107565593E-17;9.34639064677998E-17;0.00000000000000E+00;0
6.56339148259001E-17;3.09547108787705E-17;0.00000000000000E+00;0
7.58026726714930E-17;1.92871358714186E-16;0.00000000000000E+00;0
2.61227403590285E-17;1.79289179722976E-16;0.00000000000000E+00;0
8.16867900925657E-17;1.95240613702194E-16;0.00000000000000E+00;0
6.62576587659476E-17;1.81427280321743E-16;0.00000000000000E+00;0
3.05686341508213E-17;8.49992052131996E-17;0.00000000000000E+00;0
1.91526321349779E-17;1.28422710470818E-16;0.00000000000000E+00;0
8.73659603637605E-17;8.81378447653889E-17;0.00000000000000E+00;0
6.06220633054262E-17;1.34167646522808E-16;0.00000000000000E+00;0
5.48833905057629E-17;2.26169164450403E-16;0.00000000000000E+00;0
1.44205593471359E-18;7.47444726078912E-17;0.00000000000000E+00;0
7.67186378092843E-17;6.25107599028240E-17;0.00000000000000E+00;0
5.80260465881061E-17;2.01717561799858E-17;0.00000000000000E+00;0
1.63019854992460E-17;3.48966565272963E-16;0.00000000000000E+00;0
1.26322672301056E-17;3.00563400173115E-16;0.00000000000000E+00;0
5.59771896914398E-17;1.93842818471153E-16;0.00000000000000E+00;0
1.02197912765981E-16;7.16489824397017E-17;0.00000000000000E+00;0
4.75556254453190E-17;2.13687335638600E-16;0.00000000000000E+00;0
1.01649397316268E-16;2.57643159335625E-16;0.00000000000000E+00;0
6.89254316519868E-17;5.73560321293659E-17;0.00000000000000E+00;0
6.03301335462240E-18;1.14590595372071E-16;0.00000000000000E+00;0
7.32231721526344E-17;1.77869425133756E-16;0.00000000000000E+00;0
7.09800428620525E-18;3.18872022958682E-16;0.00000000000000E+00;0
9.72765176420106E-17;4.57886595988082E-17;0.00000000000000E+00;0
1.80539388560883E-18;3.04125115974625E-16;0.00000000000000E+00;0
1.32896353462919E-16;2.42360449765509E-16;0.00000000000000E+00;0
3.88974656168629E-17;4.02884706124596E-16;0.00000000000000E+00;0
6.24424714445640E-17;1.85535234774331E-16;0.00000000000000E+00;0
1.14114671500707E-17;3.66461066742309E-16;0.00000000000000E+00;0
6.86134292024382E-17;2.40717955203529E-16;0.00000000000000E+00;0
2.30409924330691E-17;2.41292649124112E-16;0.00000000000000E+00;0
6.67996645064701E-17;2.07348020488432E-16;0.00000000000000E+00;0
7.69781262328129E-18;1.67915671020924E-16;0.00000000000000E+00;0
8.88670888395130E-17;6.04006923924603E-17;0.00000000000000E+00;0
8.87373823915434E-17;6.60762995642349E-17;0.00000000000000E+00;0
4.72386896531890E-17;6.22468393580621E-17;0.00000000000000E+00;0
1.56668470158477E-17;2.52139602962657E-16;0.00000000000000E+00;0
5.24662949988299E-17;2.53848700445948E-16;0.00000000000000E+00;0
2.84295080809832E-17;8.02398822344543E-17;0.00000000000000E+00;0
6.60133181727856E-17;1.41753659792843E-16;0.00000000000000E+00;0
6.01895737006481E-17;1.45329605951834E-17;0.00000000000000E+00;0
8.60144953424397E-18;9.25200687442327E-17;0.00000000000000E+00;0
9.15642448829583E-17;1.49001788846770E-16;0.00000000000000E+00;0
5.85937980793884E-17;1.75185480071851E-16;0.00000000000000E+00;0
5.39222763024767E-17;3.24546773286345E-16;0.00000000000000E+00;0
1.05166662811550E-16;2.78251560880907E-16;0.00000000000000E+00;0
4.43977930785509E-17;2.53046910400706E-16;0.00000000000000E+00;0
1.25578192116704E-16;2.47234878657559E-16;0.00000000000000E+00;0
3.05494970232097E-17;2.65244303567303E-16;0.00000000000000E+00;0
5.47273614261409E-17;1.53284090372970E-16;0.00000000000000E+00;0
3.38161758037748E-17;1.33458750983505E-16;0.00000000000000E+00;0
1.27271760927955E-17;2.18685039847539E-16;0.00000000000000E+00;0
3.60586349926960E-17;2.66682471201981E-16;0.00000000000000E+00;0
5.77272589628903E-17;2.52779225394865E-16;0.00000000000000E+00;0
5.47304690926443E-17;1.65491209026540E-16;0.00000000000000E+00;0
1.50069795275826E-17;4.06898422740793E-17;0.00000000000000E+00;0
4.55626519306009E-18;2.47794405968371E-16;0.00000000000000E+00;0
5.74602298121738E-17;1.48899029236964E-16;0.00000000000000E+00;0
1.42897285903429E-17;1.78753115145253E-16;0.00000000000000E+00;0
2.66859872965166E-17;8.12639620482706E-17;0.00000000000000E+00;0
1.24135483767163E-17;1.90322181090365E-16;0.00000000000000E+00;0
7.06475183075547E-17;1.60632316747800E-16;0.00000000000000E+00;0
8.73562736712949E-18;2.04722908421069E-16;0.00000000000000E+00;0
4.55121130108117E-17;8.12689665887537E-18;0.00000000000000E+00;0
6.72169442058099E-17;1.36892525123881E-16;0.00000000000000E+00;0
6.46270049716923E-18;5.47383037028102E-17;0.00000000000000E+00;0
8.24865132595509E-17;3.40953591161113E-16;0.00000000000000E+00;0
3.51425483767720E-17;3.31553935718847E-16;0.00000000000000E+00;0
9.55742960477133E-17;2.46168416973980E-16;0.00000000000000E+00;0
7.18670872326354E-17;3.12070983415651E-16;0.00000000000000E+00;0
7.18460857891232E-17;1.73170352121618E-16;0.00000000000000E+00;0
9.64457545228482E-17;1.91206917564928E-16;0.00000000000000E+00;0
5.02860637916847E-17;1.12858564189581E-16;0.00000000000000E+00;0
5.94287926165292E-17;4.14799778516800E-16;0.00000000000000E+00;0
4.96925905767719E-17;1.16190190673556E-17;0.00000000000000E+00;0
5.81265817582675E-17;2.45404852143115E-17;0.00000000000000E+00;0
8.08094040741573E-17;3.55586690787359E-16;0.00000000000000E+00;0
2.64947897533564E-17;6.23114403628793E-17;0.00000000000000E+00;0
2.76135141293039E-17;2.63504244601772E-16;0.00000000000000E+00;0
7.51797344865185E-17;1.20398650478085E-16;0.00000000000000E+00;0
2.28353925488399E-17;4.67828134507918E-17;0.00000000000000E+00;0
3.78507664722352E-17;4.63607573155591E-16;0.00000000000000E+00;0
6.86166001998410E-18;5.36132911605548E-17;0.00000000000000E+00;0
8.25770820898616E-17;1.54901289391052E-16;0.00000000000000E+00;0
4.78707855601630E-17;1.68483625041643E-17;0.00000000000000E+00;0
6.89201037006845E-17;2.81043510435670E-17;0.00000000000000E+00;0
3.77957205006267E-17;8.23001717666056E-17;0.00000000000000E+00;0
2.24478744883583E-17;2.14143492767744E-17;0.00000000000000E+00;0
2.17272632833758E-17;1.67372830493736E-16;0.00000000000000E+00;0
3.62818003991633E-17;3.45710502784785E-16;0.00000000000000E+00;0
5.25144327762861E-17;1.83526599521443E-16;0.00000000000000E+00;0
4.47015800831505E-17;4.84087161818745E-17;0.00000000000000E+00;0
3.98892273426844E-17;3.18314197716395E-16;0.00000000000000E+00;0
9.19347287258451E-18;3.21794843230952E-16;0.00000000000000E+00;0
6.29196867447461E-17;1.27563891378699E-16;0.00000000000000E+00;0
7.77127274276644E-17;2.12159566989009E-16;0.00000000000000E+00;0
2.18056234958745E-17;1.47845295026495E-16;0.00000000000000E+00;0
3.83090602909467E-17;1.24734457501924E-16;0.00000000000000E+00;0
1.71886026038064E-17;7.32910045038114E-17;0.00000000000000E+00;0
1.42618226721009E-17;1.54484436337194E-18;0.00000000000000E+00;0
5.97473696618115E-17;3.16125369731403E-17;0.00000000000000E+00;0
1.08860108749076E-16;1.73654217107772E-16;0.00000000000000E+00;0
4.96448656804742E-17;4.22076398001158E-17;0.00000000000000E+00;0
9.51628806107610E-17;2.21594203182156E-16;0.00000000000000E+00;0
3.02607481558345E-17;3.97033367333032E-17;0.00000000000000E+00;0
2.80826892079341E-17;2.22006567622448E-16;0.00000000000000E+00;0
1.05084676462734E-17;1.95480732696149E-16;0.00000000000000E+00;0
5.61497737526548E-18;6.09692403688965E-17;0.00000000000000E+00;0
6.15328269459837E-17;2.23806158720763E-16;0.00000000000000E+00;0
3.12915976651953E-17;1.56804038290962E-16;0.00000000000000E+00;0
5.56496757437782E-17;3.13154469687178E-16;0.00000000000000E+00;0
1.51428408101374E-17;2.20333313490655E-17;0.00000000000000E+00;0
3.96744038704910E-18;2.34801509089543E-17;0.00000000000000E+00;0
7.76402054925918E-17;1.79006704417979E-16;0.00000000000000E+00;0
1.11662690431769E-16;1.87247893495121E-16;0.00000000000000E+00;0
5.67994088177531E-17;1.35261283107739E-16;0.00000000000000E+00;0
7.97006475363465E-17;4.61654322666179E-17;0.00000000000000E+00;0
8.59670519783270E-17;2.79657541169236E-16;0.00000000000000E+00;0
5.60351271476707E-17;2.02758919988157E-16;0.00000000000000E+00;0
5.72021683188190E-17;3.62639793264679E-17;0.00000000000000E+00;0
6.85972672668856E-17;1.42617687167259E-16;0.00000000000000E+00;0
1.03690925294495E-16;3.71196972000214E-16;0.00000000000000E+00;0
5.73956823670530E-17;2.23633177268133E-16;0.00000000000000E+00;0
7.54010328933434E-17;1.16171055170038E-16;0.00000000000000E+00;0
7.81269444349030E-17;3.76326675055382E-16;0.00000000000000E+00;0
9.88305234736657E-17;1.16974418145775E-16;0.00000000000000E+00;0
1.10115321012407E-16;5.15324446531929E-17;0.00000000000000E+00;0
3.15701013762631E-17;2.12232687400805E-16;0.00000000000000E+00;0
1.06010912206722E-17;1.32450302601059E-16;0.00000000000000E+00;0
2.11196910534217E-17;2.34750916319824E-16;0.00000000000000E+00;0
8.83320090172121E-17;3.12796268419896E-17;0.00000000000000E+00;0
6.66176444792942E-17;2.52950005443518E-16;0.00000000000000E+00;0
6.58536390959795E-17;1.56111638147309E-16;0.00000000000000E+00;0
8.56237799491075E-17;3.95695858353370E-17;0.00000000000000E+00;0
7.85329709598309E-18;2.25132520067856E-17;0.00000000000000E+00;0
1.11788927102584E-16;2.35592609719741E-16;0.00000000000000E+00;0
9.65796669139378E-17;4.54581310504711E-17;0.00000000000000E+00;0
7.60875383633814E-18;2.45160107804940E-16;0.00000000000000E+00;0
7.68349560727640E-17;1.70391317361109E-16;0.00000000000000E+00;0
1.06052322817630E-17;2.00427305124251E-17;0.00000000000000E+00;0
1.02858620826516E-16;1.64031657517468E-16;0.00000000000000E+00;0
7.25919933857326E-17;1.79584878223091E-16;0.00000000000000E+00;0
1.34625562694534E-16;1.50068162393014E-16;0.00000000000000E+00;0
7.03973874782612E-17;1.04475422735647E-16;0.00000000000000E+00;0
2.06733974442995E-17;3.14198154155985E-16;0.00000000000000E+00;0
2.95067332732624E-17;1.25451425135260E-16;0.00000000000000E+00;0
4.68056428458552E-17;6.56839430684827E-17;0.00000000000000E+00;0
1.57534073125925E-17;1.40159108208568E-17;0.00000000000000E+00;0
6.19936738613915E-17;9.92910130836735E-17;0.00000000000000E+00;0
4.83543825962922E-17;2.46884936412403E-16;0.00000000000000E+00;0
6.25726391849923E-18;4.04172274196790E-16;0.00000000000000E+00;0
9.31524370817181E-17;4.15007741661465E-17;0.00000000000000E+00;0
1.69756907056253E-16;1.91429830713081E-18;0.00000000000000E+00;0
3.50794574562259E-17;4.70864638187006E-17;0.00000000000000E+00;0
8.60582549935462E-17;1.63351489240897E-16;0.00000000000000E+00;0
6.42197759652688E-17;3.26929832338064E-17;0.00000000000000E+00;0
1.05163647204672E-18;9.65622355278107E-17;0.00000000000000E+00;0
7.27926276295529E-17;6.91713119697143E-17;0.00000000000000E+00;0
1.58011019906906E-16;6.51955166801471E-17;0.00000000000000E+00;0
1.41510141257644E-17;7.96405223463495E-17;0.00000000000000E+00;0
6.97432286616169E-17;6.92814785026199E-17;0.00000000000000E+00;0
3.63025818692637E-17;5.92149640673207E-17;0.00000000000000E+00;0
7.73660154366803E-17;3.00045380356822E-16;0.00000000000000E+00;0
1.03458901186716E-16;2.15392597415559E-16;0.00000000000000E+00;0
9.82850837129580E-17;3.54797890984037E-16;0.00000000000000E+00;0
1.06109872200742E-16;2.19025093230286E-17;0.00000000000000E+00;0
6.86258456174088E-17;6.64667149518700E-17;0.00000000000000E+00;0
1.10099471804911E-16;2.70632003711528E-17;0.00000000000000E+00;0
5.02109638097043E-17;1.31741013652757E-17;0.00000000000000E+00;0
5.83642425956494E-17;4.83278020255931E-18;0.00000000000000E+00;0
2.93038420297054E-18;4.62442917000874E-17;0.00000000000000E+00;0
6.61461543775852E-17;3.72608118697469E-17;0.00000000000000E+00;0
7.87920496095680E-17;4.00403790524389E-16;0.00000000000000E+00;0
8.12119639343961E-17;1.47399667599501E-16;0.00000000000000E+00;0
4.12962220660990E-17;8.88740784505731E-17;0.00000000000000E+00;0
1.30636192303230E-17;5.44534382969055E-17;0.00000000000000E+00;0
6.13162515842065E-17;1.67817550155920E-16;0.00000000000000E+00;0
1.89620174026874E-18;3.41610443987558E-17;0.00000000000000E+00;0
6.53051284173507E-17;4.54960467889625E-17;0.00000000000000E+00;0
8.46806977900570E-18;1.11827806340870E-17;0.00000000000000E+00;0
3.12060021552105E-17;2.11080528898558E-17;0.00000000000000E+00;0
5.75402664750928E-17;4.62623421270068E-17;0.00000000000000E+00;0
9.84236388733176E-17;4.88492289396398E-17;0.00000000000000E+00;0
6.53352909254880E-17;8.17935081230158E-18;0.00000000000000E+00;0
5.44501027776527E-17;6.58053171165951E-17;0.00000000000000E+00;0
7.89222104247116E-17;3.70426380680906E-18;0.00000000000000E+00;0
6.92012384607808E-17;1.96847522036664E-17;0.00000000000000E+00;0
4.26414676372945E-17;4.62473170787622E-17;0.00000000000000E+00;0
1.59398230432724E-16;7.28669217448982E-17;0.00000000000000E+00;0
3.42015330108923E-17;4.89243624295246E-17;0.00000000000000E+00;0
1.39671347273299E-17;3.75302000052101E-16;0.00000000000000E+00;0
1.23293990209166E-17;1.98096786952638E-17;0.00000000000000E+00;0
5.50166125986423E-17;1.44728208184602E-16;0.00000000000000E+00;0
7.98007866950545E-17;5.40768305430982E-17;0.00000000000000E+00;0
1.75079978445879E-17;4.58635042112998E-16;0.00000000000000E+00;0
7.95817563572867E-17;3.47490027841492E-17;0.00000000000000E+00;0
1.11445517376869E-17;8.62740858627190E-18;0.00000000000000E+00;0
2.52364537681757E-18;2.19311272962790E-18;0.00000000000000E+00;0
2.04068368545175E-17;4.83626159912434E-17;0.00000000000000E+00;0
8.68596268563384E-17;9.18484171315123E-17;0.00000000000000E+00;0
5.11676912718877E-17;2.72101072774079E-17;0.00000000000000E+00;0
4.78270822697640E-17;4.46690484184757E-17;0.00000000000000E+00;0
1.08413908912334E-16;3.02838370112901E-17;0.00000000000000E+00;0
5.72333283476714E-17;8.31436933647190E-17;0.00000000000000E+00;0
4.90318631164013E-17;3.74174281843043E-16;0.00000000000000E+00;0
6.81458852303160E-17;1.07861718674962E-17;0.00000000000000E+00;0
3.36156807564133E-17;6.86471584440944E-17;0.00000000000000E+00;0
6.34541367933920E-17;5.64431586045820E-17;0.00000000000000E+00;0
4.00179952138633E-17;1.83624435045922E-16;0.00000000000000E+00;0
7.32742284415257E-17;2.67752765963738E-17;0.00000000000000E+00;0
7.30201714969099E-17;2.57160209387955E-17;0.00000000000000E+00;0
2.95834729407895E-17;8.80228036521369E-17;0.00000000000000E+00;0
2.48127649933737E-17;4.12446779823805E-17;0.00000000000000E+00;0
6.35657098733245E-18;2.07389451622863E-17;0.00000000000000E+00;0
5.89540630796709E-17;3.20177356741620E-17;0.00000000000000E+00;0
6.26105585009566E-18;2.24538667243476E-16;0.00000000000000E+00;0
1.28679020545359E-16;1.17427280549508E-16;0.00000000000000E+00;0
4.59162485322436E-17;3.54988595271810E-16;0.00000000000000E+00;0
1.26993377937753E-17;1.58416662551357E-17;0.00000000000000E+00;0
6.31038107867987E-17;8.47535007892996E-17;0.00000000000000E+00;0
6.65618901373298E-17;3.11388802669346E-16;0.00000000000000E+00;0
7.70674051281074E-18;1.59044045171669E-16;0.00000000000000E+00;0
1.30866438722983E-17;2.88299159593883E-16;0.00000000000000E+00;0
6.43717541239471E-18;1.66176106104138E-17;0.00000000000000E+00;0
7.46037056564704E-17;2.99692000622038E-17;0.00000000000000E+00;0
4.08486793357774E-17;2.44998972258527E-16;0.00000000000000E+00;0
1.05395008255984E-16;2.81775677226695E-16;0.00000000000000E+00;0
7.10604846244278E-17;3.91345370268632E-17;0.00000000000000E+00;0
5.46867772360154E-17;2.43597108406277E-17;0.00000000000000E+00;0
1.57567352755402E-17;5.38635661282584E-17;0.00000000000000E+00;0
5.01616857710449E-17;7.44587812732325E-17;0.00000000000000E+00;0
7.99372047779176E-17;1.14116108775309E-16;0.00000000000000E+00;0
6.64627435751527E-17;3.25927190571516E-17;0.00000000000000E+00;0
1.74056324276478E-17;4.81007967959338E-16;0.00000000000000E+00;0
7.22087308188861E-17;2.38319908439990E-17;0.00000000000000E+00;0
9.58106656163833E-17;6.82571661795705E-17;0.00000000000000E+00;0
2.97411195205637E-17;1.40554409512944E-16;0.00000000000000E+00;0
5.92519499038226E-17;4.77241745311909E-16;0.00000000000000E+00;0
3.76425006418699E-17;1.95954948784215E-17;0.00000000000000E+00;0
2.48788277821787E-17;1.70969154122770E-16;0.00000000000000E+00;0
4.86120426757575E-17;3.14789623114109E-16;0.00000000000000E+00;0
1.23889237862957E-17;4.30864713892571E-17;0.00000000000000E+00;0
8.59956962371568E-17;2.02595824379438E-17;0.00000000000000E+00;0
4.07630419681173E-17;1.84928082366317E-17;0.00000000000000E+00;0
5.48588542163243E-17;2.98601541518628E-17;0.00000000000000E+00;0
1.27578720349567E-16;9.16668378294771E-17;0.00000000000000E+00;0
5.49220412172651E-18;9.07164788679772E-17;0.00000000000000E+00;0
1.18050501754404E-16;3.89069481078929E-18;0.00000000000000E+00;0
1.27581474867669E-17;1.51852476104856E-18;0.00000000000000E+00;0
4.90152832777918E-18;3.05218919055424E-17;0.00000000000000E+00;0
1.78579517353454E-16;1.36306742420231E-16;0.00000000000000E+00;0
1.47233646590823E-17;1.13648402591919E-16;0.00000000000000E+00;0
9.89978259264136E-17;8.40406694450717E-17;0.00000000000000E+00;0
6.04217156903693E-17;7.77137976905666E-17;0.00000000000000E+00;0
4.13328797398297E-18;5.20525067354275E-17;0.00000000000000E+00;0
4.11618388226370E-17;2.64234799705931E-17;0.00000000000000E+00;0
3.42720305570774E-17;1.50849196779953E-17;0.00000000000000E+00;0
6.69189267883695E-17;1.68660509488863E-17;0.00000000000000E+00;0
8.82993349159986E-17;9.82423106308349E-17;0.00000000000000E+00;0
5.09357360824581E-17;5.62646095320148E-17;0.00000000000000E+00;0
4.06032473922946E-18;5.09260596656691E-17;0.00000000000000E+00;0
4.86124257648071E-17;4.96377812056646E-17;0.00000000000000E+00;0
4.20073714477963E-18;1.48885850577721E-16;0.00000000000000E+00;0
3.68662665795685E-17;3.56381463778774E-17;0.00000000000000E+00;0
3.63581702559084E-17;1.90857991941598E-16;0.00000000000000E+00;0
2.62132565780783E-17;6.60935487626136E-17;0.00000000000000E+00;0
1.01615049633238E-16;1.41468132356550E-17;0.00000000000000E+00;0
5.43471686822358E-17;1.74353440868753E-16;0.00000000000000E+00;0
6.47521610751022E-17;1.88562997107230E-17;0.00000000000000E+00;0
4.30074680926869E-18;1.28218799797528E-16;0.00000000000000E+00;0
3.56116832918755E-17;9.45996590469585E-17;0.00000000000000E+00;0
1.61249661824339E-17;1.41940760351662E-17;0.00000000000000E+00;0
8.60784955652359E-17;9.32077178689315E-17;0.00000000000000E+00;0
6.96497020290644E-17;5.64413748644789E-17;0.00000000000000E+00;0
5.31333647238772E-17;1.00868640706503E-16;0.00000000000000E+00;0
8.49038859634431E-18;5.01524867872027E-17;0.00000000000000E+00;0
9.80252197957243E-17;5.03620261879795E-17;0.00000000000000E+00;0
5.94208103492574E-17;1.08386063621975E-16;0.00000000000000E+00;0
1.01793773990637E-16;4.88819213012691E-17;0.00000000000000E+00;0
1.07189488513783E-16;4.63985038610306E-19;0.00000000000000E+00;0
3.30490304879563E-18;6.75890427295977E-17;0.00000000000000E+00;0
6.36179603020342E-17;3.87075206210790E-17;0.00000000000000E+00;0
1.12211518049038E-17;2.01633548085364E-17;0.00000000000000E+00;0
2.52982200577402E-17;1.00962541857269E-16;0.00000000000000E+00;0
8.91107620283494E-17;3.12857900075101E-17;0.00000000000000E+00;0
2.73293965010518E-17;1.05261356342401E-16;0.00000000000000E+00;0
3.17538873485389E-18;4.46623926135749E-17;0.00000000000000E+00;0
2.89233691243308E-17;1.62577370512724E-16;0.00000000000000E+00;0
5.08676982277842E-17;9.11254424361188E-19;0.00000000000000E+00;0
1.59162621969612E-18;4.41400537223594E-17;0.00000000000000E+00;0
3.95126422914544E-17;7.60092675363477E-17;0.00000000000000E+00;0
2.36780886337955E-17;6.63118777253428E-17;0.00000000000000E+00;0
7.87704399788462E-17;6.53892680279485E-17;0.00000000000000E+00;0
7.92852814184729E-17;1.72736673372984E-16;0.00000000000000E+00;0
6.04542154495301E-17;1.73601273580221E-16;0.00000000000000E+00;0
7.82969165045130E-17;9.70907511065236E-17;0.00000000000000E+00;0
2.28675117189347E-17;9.38759180085162E-17;0.00000000000000E+00;0
3.18507230896590E-17;1.92011125529322E-16;0.00000000000000E+00;0
7.40378483839338E-17;6.91055321057948E-17;0.00000000000000E+00;0
2.18586478789757E-17;3.22509051772321E-17;0.00000000000000E+00;0
5.19836563498831E-17;4.84777750612522E-18;0.00000000000000E+00;0
3.92206007683354E-18;1.61182501590772E-16;0.00000000000000E+00;0
1.07192112936782E-16;7.48321716299529E-17;0.00000000000000E+00;0
4.25276560685124E-19;3.32705983564056E-17;0.00000000000000E+00;0
4.64287328649701E-17;6.44683047776540E-17;0.00000000000000E+00;0
9.70587538742498E-17;1.17028543204982E-17;0.00000000000000E+00;0
5.82410505594743E-17;8.58027595608662E-17;0.00000000000000E+00;0
1.10807858066369E-16;6.02168242641710E-17;0.00000000000000E+00;0
6.11138236008465E-17;1.83434531306793E-16;0.00000000000000E+00;0
2.33358047815384E-17;1.44864096269885E-16;0.00000000000000E+00;0
4.13826251082013E-17;6.45589065936562E-17;0.00000000000000E+00;0
6.76841488667266E-17;1.12710940892585E-17;0.00000000000000E+00;0
9.72699083427947E-18;5.57007892769310E-18;0.00000000000000E+00;0
1.03152450480284E-16;5.39763694784053E-17;0.00000000000000E+00;0
2.59032552190581E-17;1.26528759204474E-16;0.00000000000000E+00;0
3.88917380851621E-18;4.00950731957574E-17;0.00000000000000E+00;0
1.24030705602568E-16;1.86667779157987E-16;0.00000000000000E+00;0
3.08222024665168E-19;3.15523922852904E-17;0.00000000000000E+00;0
1.05763900129162E-16;4.21134202328797E-17;0.00000000000000E+00;0
4.95129531236017E-17;1.04218265916242E-16;0.00000000000000E+00;0
8.74854019604133E-17;4.34757830921638E-18;0.00000000000000E+00;0
6.78048512111299E-17;1.41373115301525E-17;0.00000000000000E+00;0
7.20865437906623E-17;1.28163703503599E-16;0.00000000000000E+00;0
4.73835829631773E-17;2.67028043893310E-17;0.00000000000000E+00;0
1.06438647303950E-16;9.26281754077393E-17;0.00000000000000E+00;0
8.02773642387638E-17;1.60149302653060E-16;0.00000000000000E+00;0
7.03124829082885E-18;1.11852366118677E-16;0.00000000000000E+00;0
8.57089377775834E-17;7.18725970307734E-18;0.00000000000000E+00;0
3.70562956637656E-17;1.16418787623612E-16;0.00000000000000E+00;0
8.80495967161759E-17;1.59520189600807E-16;0.00000000000000E+00;0
8.39252810715343E-18;5.35426028780757E-17;0.00000000000000E+00;0
1.25499117121977E-16;9.78026535645820E-18;0.00000000000000E+00;0
8.01896679603304E-17;1.19319675984347E-16;0.00000000000000E+00;0
4.87430976867258E-17;2.00697631423519E-17;0.00000000000000E+00;0
1.84376714627593E-17;1.06563673335367E-16;0.00000000000000E+00;0
5.10678704658045E-17;1.09391322440633E-17;0.00000000000000E+00;0
5.65476467306131E-18;7.20046572037266E-17;0.00000000000000E+00;0
2.24680313653491E-17;2.94655044864230E-17;0.00000000000000E+00;0
1.32337497265599E-17;8.50699905441782E-17;0.00000000000000E+00;0
2.34687194651360E-18;1.52463428611780E-17;0.00000000000000E+00;0
5.07818239535098E-17;8.98637011165234E-17;0.00000000000000E+00;0
4.11350839080619E-17;5.87524250288577E-17;0.00000000000000E+00;0
5.21990244555661E-17;4.04521125722345E-17;0.00000000000000E+00;0
7.78589867893448E-17;1.56201686923330E-16;0.00000000000000E+00;0
7.52706964526860E-17;3.25667088590495E-17;0.00000000000000E+00;0
1.21108167962008E-16;1.35313159360528E-16;0.00000000000000E+00;0
4.25703415710732E-17;3.36896094520855E-17;0.00000000000000E+00;0
5.59058269010320E-17;2.28139905957037E-16;0.00000000000000E+00;0
2.51877118398664E-17;7.75424392602743E-17;0.00000000000000E+00;0
4.24266188531344E-17;9.81841808647669E-17;0.00000000000000E+00;0
7.40103772132388E-17;2.47480318887049E-16;0.00000000000000E+00;0
1.91538361211339E-17;1.41060609134471E-16;0.00000000000000E+00;0
4.40933783887567E-17;6.99683749807001E-17;0.00000000000000E+00;0
8.73884058224067E-17;6.29354379122176E-17;0.00000000000000E+00;0
1.23078479935301E-17;1.10560933771652E-16;0.00000000000000E+00;0
9.86161268745499E-17;2.93275700191830E-17;0.00000000000000E+00;0
4.98709410143128E-17;2.30389756831883E-16;0.00000000000000E+00;0
7.12292781943108E-17;1.68266092274897E-18;0.00000000000000E+00;0
7.56595622809894E-17;3.97781124960177E-17;0.00000000000000E+00;0
1.18171802163758E-16;1.71803631600136E-16;0.00000000000000E+00;0
1.06057516660247E-17;1.32457548482953E-17;0.00000000000000E+00;0
7.39847599774581E-19;2.17900330776236E-19;0.00000000000000E+00;0
2.11537646600694E-17;1.71618654847276E-17;0.00000000000000E+00;0
1.60375268311196E-16;3.59128027113868E-16;0.00000000000000E+00;0
5.41432394236878E-17;1.84688692430831E-16;0.00000000000000E+00;0
7.52391800857794E-17;8.86945740341455E-17;0.00000000000000E+00;0
1.80750330735766E-17;2.81017951750755E-16;0.00000000000000E+00;0
5.98818904808961E-17;3.43673796424738E-16;0.00000000000000E+00;0
4.06106546456702E-17;3.27589223609883E-17;0.00000000000000E+00;0
2.41265515790068E-17;2.38909403121920E-16;0.00000000000000E+00;0
2.30598145609204E-17;9.19622307773867E-17;0.00000000000000E+00;0
3.33347767079010E-17;1.06356125260906E-16;0.00000000000000E+00;0
5.98505669113511E-17;1.66140160427106E-16;0.00000000000000E+00;0
4.72292463142110E-17;1.30650903938210E-17;0.00000000000000E+00;0
1.96154390734330E-17;1.25776088825343E-16;0.00000000000000E+00;0
5.52717407827881E-17;3.45348674555929E-17;0.00000000000000E+00;0
7.98019650804032E-17;4.30039038687303E-17;0.00000000000000E+00;0
5.81939495912128E-17;1.92094092582542E-16;0.00000000000000E+00;0
9.03867563112938E-17;1.72130576567478E-16;0.00000000000000E+00;0
1.23574460947333E-16;1.01161716570616E-16;0.00000000000000E+00;0
5.96260337530664E-17;9.98973810309512E-18;0.00000000000000E+00;0
5.37135262913045E-17;3.44758762784078E-16;0.00000000000000E+00;0
4.24743426064335E-17;2.82204775112530E-16;0.00000000000000E+00;0
2.19949837604512E-17;2.86951887070127E-18;0.00000000000000E+00;0
1.15188689300995E-16;2.14849931677006E-16;0.00000000000000E+00;0
1.91730483991772E-17;2.67233183410637E-16;0.00000000000000E+00;0
4.72462087445628E-18;3.47311750745555E-17;0.00000000000000E+00;0
4.00016411817106E-17;9.34861075164374E-17;0.00000000000000E+00;0
7.92262416605598E-17;1.03384142685155E-16;0.00000000000000E+00;0
7.02425959986641E-18;9.92340227333912E-17;0.00000000000000E+00;0
7.76742266807550E-17;7.39790704759035E-17;0.00000000000000E+00;0
5.80049944287118E-17;1.76083807567284E-17;0.00000000000000E+00;0
4.85704517725607E-17;3.09745846111448E-17;0.00000000000000E+00;0
1.10635050506658E-16;3.25345611330526E-16;0.00000000000000E+00;0
5.41310594320483E-17;1.09622772494099E-16;0.00000000000000E+00;0
4.32297534048151E-17;2.89017606825006E-16;0.00000000000000E+00;0
4.89280133240141E-18;4.70853082850236E-17;0.00000000000000E+00;0
2.93040018989457E-17;1.65753105905668E-16;0.00000000000000E+00;0
2.43668750068271E-17;2.23984998830619E-16;0.00000000000000E+00;0
1.55780108801120E-17;6.23663764692824E-17;0.00000000000000E+00;0
2.51057981976277E-17;9.10996434317738E-17;0.00000000000000E+00;0
1.50477625790639E-17;9.32920345883132E-17;0.00000000000000E+00;0
1.45071132620505E-16;8.77819000298216E-17;0.00000000000000E+00;0
6.78358164989466E-17;1.40769108003447E-16;0.00000000000000E+00;0
1.55309657357113E-17;1.24386412805653E-17;0.00000000000000E+00;0
1.75065686232087E-17;5.52896438970442E-17;0.00000000000000E+00;0
2.17979631454758E-17;1.77969615761376E-16;0.00000000000000E+00;0
4.21621325508073E-17;1.38384542082958E-16;0.00000000000000E+00;0
9.45065747467009E-17;5.42349720456885E-17;0.00000000000000E+00;0
1.32046193948135E-17;8.37113747931740E-17;0.00000000000000E+00;0
7.55846667899072E-17;2.08378071561701E-16;0.00000000000000E+00;0
2.60655880358493E-17;2.35848002621032E-17;0.00000000000000E+00;0
8.18035743105448E-17;2.37468431385993E-16;0.00000000000000E+00;0
5.88043017884446E-17;2.19190927689156E-17;0.00000000000000E+00;0
3.08029824476793E-17;2.58362448865670E-17;0.00000000000000E+00;0
7.30286789537633E-19;3.33327561674920E-17;0.00000000000000E+00;0
7.70787666552496E-17;3.31499688042734E-16;0.00000000000000E+00;0
2.43440424887305E-18;3.03146339712307E-16;0.00000000000000E+00;0
3.59355812139508E-18;1.92570860128515E-16;0.00000000000000E+00;0
4.88792941674073E-17;3.70754782719796E-16;0.00000000000000E+00;0
4.48716537647371E-17;1.81278267327539E-16;0.00000000000000E+00;0
6.61208111895646E-18;1.18721810102834E-16;0.00000000000000E+00;0
2.50352675866218E-17;1.61355659360360E-16;0.00000000000000E+00;0
4.81661655010110E-17;9.04593209410048E-17;0.00000000000000E+00;0
9.02473174240089E-17;1.76310623480189E-16;0.00000000000000E+00;0
1.41296215849239E-17;1.45375873536666E-16;0.00000000000000E+00;0
1.18047924671097E-16;1.11527245755066E-17;0.00000000000000E+00;0
1.10860335708669E-16;2.27146108453285E-16;0.00000000000000E+00;0
3.85351434173288E-18;2.24688425345196E-16;0.00000000000000E+00;0
2.55501120903780E-17;1.81297939084180E-16;0.00000000000000E+00;0
9.00804060179275E-18;1.25924595543536E-16;0.00000000000000E+00;0
3.65407974055811E-17;8.32981735940951E-17;0.00000000000000E+00;0
6.57522898018353E-17;1.87559551654403E-16;0.00000000000000E+00;0
3.53624449883992E-17;8.36478454339071E-17;0.00000000000000E+00;0
9.16515743228589E-17;1.71583606652876E-16;0.00000000000000E+00;0
5.49205544507289E-17;3.35119075437253E-17;0.00000000000000E+00;0
6.93515359651061E-17;3.42382001665744E-18;0.00000000000000E+00;0
1.59426975707457E-16;8.18976860533808E-17;0.00000000000000E+00;0
1.51544156882331E-16;2.22216508424721E-17;0.00000000000000E+00;0
6.13251770160352E-18;3.24203655331331E-17;0.00000000000000E+00;0
2.95107838332806E-17;1.73928407419403E-16;0.00000000000000E+00;0
1.22078887024523E-16;1.14981034147346E-16;0.00000000000000E+00;0
4.02207404428244E-17;1.66785735702514E-17;0.00000000000000E+00;0
3.10939214874883E-17;2.47421038304877E-16;0.00000000000000E+00;0
6.83781294011838E-17;1.30130297880211E-16;0.00000000000000E+00;0
9.09266246692042E-17;1.15330466143169E-16;0.00000000000000E+00;0
2.79427593990384E-17;3.88957243331214E-17;0.00000000000000E+00;0
3.46810443170215E-18;1.78214976520689E-17;0.00000000000000E+00;0
3.57425519867655E-17;1.09481691671358E-16;0.00000000000000E+00;0
1.44966387919596E-17;1.28727930658794E-16;0.00000000000000E+00;0
7.16961250508148E-17;8.95075707328771E-17;0.00000000000000E+00;0
1.60147593048653E-17;1.36694464004624E-16;0.00000000000000E+00;0
9.78017495703099E-17;1.53913002701280E-16;0.00000000000000E+00;0
1.00486288678443E-17;3.63274134684249E-16;0.00000000000000E+00;0
7.35049127746475E-17;1.16516614704128E-16;0.00000000000000E+00;0
6.58168967672679E-17;9.52572798634865E-17;0.00000000000000E+00;0
7.74259929753565E-17;5.40206973262981E-17;0.00000000000000E+00;0
5.21527914449431E-17;5.21223917629712E-17;0.00000000000000E+00;0
3.73592150152770E-17;3.15492468364340E-16;0.00000000000000E+00;0
6.70156603046215E-17;2.74926960366982E-17;0.00000000000000E+00;0
4.36118617241865E-17;1.97462469949499E-16;0.00000000000000E+00;0
4.58693005573838E-17;2.38828462410267E-16;0.00000000000000E+00;0
9.93367034872677E-17;1.65634438590263E-16;0.00000000000000E+00;0
9.57247801886732E-17;1.38453646047972E-16;0.00000000000000E+00;0
2.34241092910011E-17;5.73027971737284E-17;0.00000000000000E+00;0
5.38021288408462E-18;2.24185889140482E-16;0.00000000000000E+00;0
4.85511794627176E-17;2.83977831263857E-16;0.00000000000000E+00;0
1.07029536567912E-16;1.11356159208490E-16;0.00000000000000E+00;0
3.58080353679534E-18;5.59829977211285E-18;0.00000000000000E+00;0
1.13926489597884E-16;1.33101560959931E-16;0.00000000000000E+00;0
5.77912657400851E-17;2.15835810737729E-16;0.00000000000000E+00;0
6.98293451238142E-18;1.17061490081138E-16;0.00000000000000E+00;0
5.82027824552178E-18;2.88907504636299E-16;0.00000000000000E+00;0
8.22302716811072E-17;1.04419070802757E-16;0.00000000000000E+00;0
1.25083728954615E-16;4.30627823532506E-16;0.00000000000000E+00;0
1.03041783712542E-16;1.17031703466888E-16;0.00000000000000E+00;0
7.95329700789013E-17;3.04394275043657E-16;0.00000000000000E+00;0
1.38099381749951E-16;2.19393416528702E-16;0.00000000000000E+00;0
1.05017210216270E-16;2.04587025403185E-16;0.00000000000000E+00;0
6.13543451180837E-17;4.08867928955359E-16;0.00000000000000E+00;0
7.22187351641143E-17;3.09198706592848E-16;0.00000000000000E+00;0
6.98013432355731E-17;1.79019590224177E-16;0.00000000000000E+00;0
2.52343178289291E-18;2.75287885667224E-16;0.00000000000000E+00;0
6.41203347712651E-17;2.33730973073666E-16;0.00000000000000E+00;0
4.65183517773473E-18;2.43284307152610E-16;0.00000000000000E+00;0
4.36422100468199E-17;2.42120853241099E-16;0.00000000000000E+00;0
5.47686094366718E-18;1.32771051740348E-16;0.00000000000000E+00;0
8.06045267627048E-17;2.31156056438560E-16;0.00000000000000E+00;0
1.29213933745427E-16;3.75009664932879E-16;0.00000000000000E+00;0
8.10835423121320E-17;2.84192965877291E-16;0.00000000000000E+00;0
5.53009032987105E-17;1.99349247402590E-16;0.00000000000000E+00;0
4.01325757282043E-17;1.05550157206440E-16;0.00000000000000E+00;0
1.66473940459385E-18;2.41648376926556E-16;0.00000000000000E+00;0
3.30114931738355E-17;1.90554755371994E-16;0.00000000000000E+00;0
7.56466018616299E-18;2.80390401091503E-16;0.00000000000000E+00;0
5.83684237644539E-17;3.28476846790747E-16;0.00000000000000E+00;0
1.36035597608235E-16;3.07046186425082E-17;0.00000000000000E+00;0
2.48544199665491E-17;2.22974976365742E-16;0.00000000000000E+00;0
5.89027948416426E-17;1.09035746328982E-16;0.00000000000000E+00;0
2.52042058169630E-17;1.03113146922209E-16;0.00000000000000E+00;0
9.67926874576600E-18;2.92061817885497E-16;0.00000000000000E+00;0
4.76633699025082E-17;1.59590526579398E-16;0.00000000000000E+00;0
4.35844105646015E-17;2.15767053602205E-16;0.00000000000000E+00;0
7.76078215804367E-18;4.40758866750267E-17;0.00000000000000E+00;0
6.03763365158171E-17;2.77629521885841E-16;0.00000000000000E+00;0
1.69082131053850E-18;1.38605238745712E-16;0.00000000000000E+00;0
6.95715014545582E-18;9.35710111083002E-17;0.00000000000000E+00;0
7.50110325293034E-19;2.45330009215083E-16;0.00000000000000E+00;0
3.67547069717120E-17;1.90276546875503E-16;0.00000000000000E+00;0
4.84173856197024E-17;1.24117169792554E-16;0.00000000000000E+00;0
1.14466061462889E-16;1.37331068751239E-16;0.00000000000000E+00;0
5.96085116716194E-18;1.14948630760050E-16;0.00000000000000E+00;0
9.77858435924743E-17;1.66916143618015E-16;0.00000000000000E+00;0
3.06842100217773E-17;1.87137583157409E-16;0.00000000000000E+00;0
5.37911318828078E-17;2.85137629077420E-16;0.00000000000000E+00;0
4.10459060819792E-17;2.35163178446783E-16;0.00000000000000E+00;0
9.11156691076033E-17;8.62409349589413E-17;0.00000000000000E+00;0
3.28833720309852E-17;1.34173167207330E-16;0.00000000000000E+00;0
1.22246224338585E-16;2.40835765185674E-16;0.00000000000000E+00;0
2.12836261375553E-17;1.84955063876240E-16;0.00000000000000E+00;0
1.40937965621869E-16;2.40577024384615E-16;0.00000000000000E+00;0
5.80191757991772E-17;1.02967449721689E-16;0.00000000000000E+00;0
4.09075957323787E-18;1.99479816090829E-16;0.00000000000000E+00;0
2.55621558129822E-17;2.23082171929901E-16;0.00000000000000E+00;0
5.49130696389090E-17;1.84575342169385E-17;0.00000000000000E+00;0
2.61946832930241E-18;1.19270202452786E-16;0.00000000000000E+00;0
6.70285972320519E-18;8.84925798866875E-17;0.00000000000000E+00;0
1.95897229836043E-17;8.27990184124046E-17;0.00000000000000E+00;0
9.15134368768169E-17;8.46271204922510E-17;0.00000000000000E+00;0
1.80868702174888E-17;1.00494353150751E-16;0.00000000000000E+00;0
4.61215469356646E-17;2.76240073131004E-16;0.00000000000000E+00;0
4.27364633762178E-18;1.87595965035058E-16;0.00000000000000E+00;0
5.98696124349605E-17;6.62107823526470E-17;0.00000000000000E+00;0
3.13762032176094E-17;2.81420544981702E-16;0.00000000000000E+00;0
1.89366621672807E-18;1.08355996610142E-16;0.00000000000000E+00;0
3.12322960907637E-17;1.24155706857134E-16;0.00000000000000E+00;0
5.47442034518528E-18;2.12067532348120E-16;0.00000000000000E+00;0
6.72847677038627E-17;2.12553769100002E-16;0.00000000000000E+00;0
5.94234294142822E-17;1.32790936168201E-16;0.00000000000000E+00;0
1.30950493340677E-17;1.05178943819189E-16;0.00000000000000E+00;0
4.43305480926863E-17;2.59738592582933E-16;0.00000000000000E+00;0
1.28463133729554E-17;6.09701955065756E-17;0.00000000000000E+00;0
1.90299698012240E-17;2.53735795871083E-16;0.00000000000000E+00;0
1.12221809337141E-17;2.32374389833920E-16;0.00000000000000E+00;0
6.55072022011366E-19;2.45905924171517E-16;0.00000000000000E+00;0
1.52536334376840E-17;2.11160649244516E-16;0.00000000000000E+00;0
1.03427458762336E-16;5.35005745366454E-17;0.00000000000000E+00;0
9.59807794324368E-18;4.07369075401755E-17;0.00000000000000E+00;0
4.80090859126420E-17;3.64661437831476E-16;0.00000000000000E+00;0
4.51183714445619E-18;3.38243667601493E-16;0.00000000000000E+00;0
9.22643381913735E-18;2.53368992507392E-16;0.00000000000000E+00;0
5.28898340615958E-17;3.26682348758790E-16;0.00000000000000E+00;0
1.17638380451886E-17;1.46342943961481E-16;0.00000000000000E+00;0
3.58707278106063E-17;3.32162506340228E-17;0.00000000000000E+00;0
1.73030580097638E-18;4.07526433558445E-17;0.00000000000000E+00;0
3.00994240482238E-17;1.90666342066882E-18;0.00000000000000E+00;0
7.69404124086112E-17;1.49726848382324E-16;0.00000000000000E+00;0
9.97882409420377E-17;4.01396472583545E-16;0.00000000000000E+00;0
6.44618279769046E-17;9.35348259667109E-18;0.00000000000000E+00;0
2.65146408876317E-17;1.66592549611001E-16;0.00000000000000E+00;0
9.67716247727200E-17;2.66482993862945E-16;0.00000000000000E+00;0
5.67371623140520E-17;2.60160590104579E-17;0.00000000000000E+00;0
1.52581594042313E-18;3.82629085015499E-17;0.00000000000000E+00;0
1.19868822411374E-16;1.67133146097954E-16;0.00000000000000E+00;0
9.34150150062316E-17;2.53177136637693E-18;0.00000000000000E+00;0
2.30649682985420E-17;3.39395165840737E-16;0.00000000000000E+00;0
2.00704489097359E-17;9.70168619862206E-17;0.00000000000000E+00;0
1.06920221070693E-16;4.52001039156203E-17;0.00000000000000E+00;0
1.11070755496039E-17;6.21987141190290E-17;0.00000000000000E+00;0
1.35940390554404E-17;2.24006745295421E-16;0.00000000000000E+00;0
2.63143911213579E-17;1.57443699125289E-17;0.00000000000000E+00;0
7.26737836937888E-17;1.87278033339430E-17;0.00000000000000E+00;0
1.35264402529332E-16;5.94407315083769E-17;0.00000000000000E+00;0
7.93014413075023E-18;7.34464014255050E-17;0.00000000000000E+00;0
5.63570065087363E-17;9.38959848923485E-18;0.00000000000000E+00;0
7.73184444079959E-18;2.75242112416948E-17;0.00000000000000E+00;0
2.39921958969923E-17;5.65763425708118E-17;0.00000000000000E+00;0
1.67358534786374E-17;2.56701958543824E-17;0.00000000000000E+00;0
2.75998392436140E-17;2.02853787749580E-18;0.00000000000000E+00;0
6.19864667614332E-18;2.10507788447154E-16;0.00000000000000E+00;0
3.38609984733075E-17;5.42459750924862E-17;0.00000000000000E+00;0
7.71058364045675E-17;1.32201570414387E-16;0.00000000000000E+00;0
7.51679973219860E-17;2.36748068802510E-16;0.00000000000000E+00;0
4.02398027802819E-17;1.45030300887184E-16;0.00000000000000E+00;0
5.96251408311157E-18;7.60306678975233E-17;0.00000000000000E+00;0
9.26207572754515E-17;4.04552622668687E-16;0.00000000000000E+00;0
7.19953712070641E-18;2.28685074481132E-16;0.00000000000000E+00;0
4.99950332975128E-17;2.84105627887878E-16;0.00000000000000E+00;0
3.05873965292701E-17;2.14291136852383E-16;0.00000000000000E+00;0
8.66693312806345E-18;1.08392451192351E-16;0.00000000000000E+00;0
3.81739568212299E-17;5.41305066114126E-17;0.00000000000000E+00;0
4.03488993516356E-17;2.85692664695257E-16;0.00000000000000E+00;0
1.05907847608204E-16;2.85499965407539E-16;0.00000000000000E+00;0
7.63491456091802E-17;1.63105814237512E-16;0.00000000000000E+00;0
5.28896906131009E-17;1.36145451318516E-17;0.00000000000000E+00;0
1.20978532469183E-16;1.11867176212356E-17;0.00000000000000E+00;0
1.91792676733223E-17;1.28897241870546E-16;0.00000000000000E+00;0
6.54240953410414E-17;3.03083501167947E-16;0.00000000000000E+00;0
2.61116104329299E-17;7.48729984023412E-18;0.00000000000000E+00;0
3.79466546744035E-17;2.40036234312229E-16;0.00000000000000E+00;0
6.24047040922472E-17;1.76623699821512E-16;0.00000000000000E+00;0
1.90624640885719E-17;1.69726292851027E-16;0.00000000000000E+00;0
1.11914032026410E-16;2.72029118529827E-16;0.00000000000000E+00;0
1.11614485810415E-16;8.11135105137950E-17;0.00000000000000E+00;0
2.65291565669431E-17;1.05726359563004E-16;0.00000000000000E+00;0
2.65629452147034E-17;1.11844302895821E-16;0.00000000000000E+00;0
5.85074288075458E-17;6.10713581075805E-17;0.00000000000000E+00;0
1.29771229788257E-17;2.22347210445705E-16;0.00000000000000E+00;0
9.52235485650187E-17;8.78844512276223E-17;0.00000000000000E+00;0
1.11834088106900E-17;1.66913568690249E-16;0.00000000000000E+00;0
1.00480488340274E-16;2.42026506763211E-16;0.00000000000000E+00;0
5.10573838674855E-17;1.69327967134467E-16;0.00000000000000E+00;0
3.66241628144737E-17;8.89232529636399E-17;0.00000000000000E+00;0
1.08721199089032E-17;6.57920229288029E-17;0.00000000000000E+00;0
9.78984697457698E-17;7.70149253617139E-18;0.00000000000000E+00;0
5.16416033605217E-17;1.15679769677588E-16;0.00000000000000E+00;0
6.86555077501165E-17;1.61732884594136E-16;0.00000000000000E+00;0
1.14038266635772E-17;1.62392928625445E-16;0.00000000000000E+00;0
3.61246368538219E-17;1.42120207034736E-16;0.00000000000000E+00;0
6.12081188973149E-17;3.46794241995563E-17;0.00000000000000E+00;0
3.92688360506696E-17;5.21596450184864E-17;0.00000000000000E+00;0
3.89949446105519E-17;1.52989110098402E-16;0.00000000000000E+00;0
4.95816848378505E-19;3.59891729194269E-16;0.00000000000000E+00;0
6.25260836842840E-17;5.72514230407599E-17;0.00000000000000E+00;0
1.84512014328546E-17;3.29277763280598E-18;0.00000000000000E+00;0
8.19290050900615E-17;1.58860013656877E-17;0.00000000000000E+00;0
1.43471922510594E-16;2.98450394861220E-16;0.00000000000000E+00;0
7.37621291260806E-17;2.43887388234799E-16;0.00000000000000E+00;0
1.05280951548023E-16;5.73837073159061E-17;0.00000000000000E+00;0
7.72992546523949E-17;9.36453132813750E-17;0.00000000000000E+00;0
4.90412608830299E-17;3.21506879100088E-16;0.00000000000000E+00;0
4.01107464954393E-17;1.51350021033051E-16;0.00000000000000E+00;0
2.48638270078809E-17;2.12736567000786E-16;0.00000000000000E+00;0
3.60927195837488E-17;3.89366837245491E-16;0.00000000000000E+00;0
7.34351509645766E-18;1.31589829117081E-16;0.00000000000000E+00;0
1.35813391917098E-17;2.29669096237328E-16;0.00000000000000E+00;0
6.68022691329965E-17;1.03592414537948E-16;0.00000000000000E+00;0
7.43708688688732E-17;2.10929584880684E-16;0.00000000000000E+00;0
4.74431334744234E-17;2.03189120145770E-16;0.00000000000000E+00;0
1.01452265284807E-18;5.42746843396048E-17;0.00000000000000E+00;0
6.98302574280289E-18;4.75730103910107E-17;0.00000000000000E+00;0
3.94996472953630E-18;1.07409739879818E-18;0.00000000000000E+00;0
7.80353435086166E-17;5.67698874993492E-17;0.00000000000000E+00;0
7.97707139835445E-17;3.19753244814854E-16;0.00000000000000E+00;0
4.71502020632368E-17;4.75397682445093E-17;0.00000000000000E+00;0
7.96825319054911E-17;1.61094812183480E-17;0.00000000000000E+00;0
5.37862254524501E-17;2.29350322553442E-17;0.00000000000000E+00;0
3.78264723406861E-18;2.68425356523961E-17;0.00000000000000E+00;0
6.17548240127629E-17;9.35744523216339E-17;0.00000000000000E+00;0
4.05138482915400E-17;4.32170865739374E-19;0.00000000000000E+00;0
2.92356155035248E-18;6.48328289097252E-17;0.00000000000000E+00;0
1.51124272268059E-17;1.00240910148350E-16;0.00000000000000E+00;0
3.75125405605485E-17;7.57661138605844E-17;0.00000000000000E+00;0
8.88176770117974E-17;1.02584710853928E-17;0.00000000000000E+00;0
6.35506576481629E-17;4.59578807862800E-17;0.00000000000000E+00;0
9.07446042839393E-17;5.55637716438167E-17;0.00000000000000E+00;0
1.73461583089617E-16;4.27072470849936E-17;0.00000000000000E+00;0
2.08662279167131E-17;1.78388281637341E-18;0.00000000000000E+00;0
1.63298834354975E-17;5.48507272595483E-17;0.00000000000000E+00;0
7.05431628213971E-17;8.04753231541981E-17;0.00000000000000E+00;0
3.48511833453279E-17;9.78054365103640E-18;0.00000000000000E+00;0
1.33025334881981E-16;1.05047311082098E-16;0.00000000000000E+00;0
5.88129112747490E-17;7.01555792886635E-17;0.00000000000000E+00;0
2.70481145554325E-17;6.62131974249377E-17;0.00000000000000E+00;0
7.09695323297872E-17;1.42699552385065E-16;0.00000000000000E+00;0
1.40887771194702E-17;2.05956053670106E-17;0.00000000000000E+00;0
1.56508658338042E-17;5.02530535997782E-17;0.00000000000000E+00;0
7.21029212768275E-17;1.13240469108958E-16;0.00000000000000E+00;0
5.83766500435777E-17;2.29567937152918E-17;0.00000000000000E+00;0
1.21423676843829E-17;1.49657489644427E-17;0.00000000000000E+00;0
8.01690635627778E-17;1.42400739747047E-16;0.00000000000000E+00;0
7.89451391634235E-17;1.13191991500953E-16;0.00000000000000E+00;0
6.75673316771096E-17;2.33177760774284E-17;0.00000000000000E+00;0
2.61216209196222E-17;8.18129182308251E-18;0.00000000000000E+00;0
8.04545025801804E-17;8.82286932964656E-18;0.00000000000000E+00;0
3.01960020237339E-17;1.08424102604212E-16;0.00000000000000E+00;0
5.25640137497005E-17;6.92673050839944E-18;0.00000000000000E+00;0
6.27255994008773E-19;3.33933890101814E-17;0.00000000000000E+00;0
1.48863226638143E-17;6.81534094691383E-17;0.00000000000000E+00;0
8.38658844774536E-17;6.28892077903141E-17;0.00000000000000E+00;0
7.35101024811491E-17;9.81900147630345E-17;0.00000000000000E+00;0
4.81084498740212E-17;4.99805491536654E-18;0.00000000000000E+00;0
1.09256782729845E-17;3.22274882497988E-17;0.00000000000000E+00;0
1.09397466757487E-16;9.30255155169151E-17;0.00000000000000E+00;0
1.61846402440476E-17;1.49901063545413E-16;0.00000000000000E+00;0
3.85012493738108E-17;1.57642886930697E-17;0.00000000000000E+00;0
5.29872412871512E-17;5.74196120214001E-17;0.00000000000000E+00;0
2.89475861922270E-17;8.68673447968513E-17;0.00000000000000E+00;0
4.24699025889200E-17;2.77060286845648E-17;0.00000000000000E+00;0
2.76895206954135E-17;2.56292532217596E-17;0.00000000000000E+00;0
2.34193445236204E-17;1.11273936263728E-16;0.00000000000000E+00;0
9.53508542760476E-17;6.55841387152605E-18;0.00000000000000E+00;0
8.18783748167630E-17;8.06124003615886E-17;0.00000000000000E+00;0
2.57604296902426E-17;9.79365725870060E-17;0.00000000000000E+00;0
1.04297616557360E-16;5.48324196947751E-17;0.00000000000000E+00;0
1.30657130586107E-17;9.05176874406126E-17;0.00000000000000E+00;0
1.34762973886958E-16;1.85779846633674E-17;0.00000000000000E+00;0
2.23615381765203E-17;8.67019516615476E-17;0.00000000000000E+00;0
6.80107854291453E-17;5.40542897235734E-17;0.00000000000000E+00;0
7.13642740194083E-17;7.56740117558860E-17;0.00000000000000E+00;0
1.39831618879572E-16;4.09925166558352E-17;0.00000000000000E+00;0
4.04592611257732E-17;5.92128744617549E-17;0.00000000000000E+00;0
1.73026711436186E-16;4.52157290636722E-17;0.00000000000000E+00;0
7.88886282798908E-17;7.81449698735918E-18;0.00000000000000E+00;0
5.58036715866415E-18;1.44108381226156E-17;0.00000000000000E+00;0
1.13973563988956E-16;6.02317996660811E-17;0.00000000000000E+00;0
2.09786849034984E-18;1.27145874039827E-16;0.00000000000000E+00;0
4.51860473332364E-17;6.83842015172529E-17;0.00000000000000E+00;0
3.92885209733500E-17;8.06647642880105E-18;0.00000000000000E+00;0
7.78138884143281E-17;7.33020600242576E-17;0.00000000000000E+00;0
4.45250361346253E-17;6.59674628604174E-17;0.00000000000000E+00;0
8.20125623556374E-17;2.25080781035415E-17;0.00000000000000E+00;0
6.45904243828372E-17;4.56405041225894E-17;0.00000000000000E+00;0
5.27356453878731E-18;4.59975364411437E-17;0.00000000000000E+00;0
1.08476907416110E-16;2.56424460876714E-17;0.00000000000000E+00;0
9.51639907579251E-17;6.09774668811729E-17;0.00000000000000E+00;0
9.27655189093130E-17;6.03498263697897E-17;0.00000000000000E+00;0
8.44176589052902E-17;1.27155013131762E-16;0.00000000000000E+00;0
8.35464271917490E-17;6.09013484523968E-17;0.00000000000000E+00;0
5.18162891674984E-17;3.19092942982109E-17;0.00000000000000E+00;0
1.39890021043186E-16;3.05153076390622E-17;0.00000000000000E+00;0
1.37297811613410E-17;8.39807780495251E-17;0.00000000000000E+00;0
1.06892016296408E-16;1.02271003086928E-16;0.00000000000000E+00;0
4.02222049808622E-17;7.24864007604310E-17;0.00000000000000E+00;0
1.14071296299295E-16;1.10074499968857E-16;0.00000000000000E+00;0
3.20422579939629E-17;7.80360680200292E-18;0.00000000000000E+00;0
2.87383545710653E-17;4.13419512091930E-17;0.00000000000000E+00;0
7.57257671298728E-17;8.99398270884593E-17;0.00000000000000E+00;0
2.68278603229382E-17;1.06483236528650E-16;0.00000000000000E+00;0
9.01168626726691E-17;5.09625255736285E-17;0.00000000000000E+00;0
1.74329442076153E-17;2.49681074293257E-17;0.00000000000000E+00;0
3.20714227034001E-17;5.66763746928866E-17;0.00000000000000E+00;0
3.22418004320739E-17;6.00766149126291E-17;0.00000000000000E+00;0
5.97846634714432E-17;3.92688489546099E-17;0.00000000000000E+00;0
1.01775230377315E-17;1.37463785843710E-16;0.00000000000000E+00;0
7.66835355186482E-17;1.05627382598558E-16;0.00000000000000E+00;0
5.66059167476979E-17;1.28116356206786E-16;0.00000000000000E+00;0
7.37661584169729E-17;1.05561158481010E-16;0.00000000000000E+00;0
7.43200173713876E-18;1.01900417602146E-18;0.00000000000000E+00;0
5.35186568698964E-17;4.54866923630809E-17;0.00000000000000E+00;0
6.84386930615097E-17;1.01749912068678E-16;0.00000000000000E+00;0
4.86467009844191E-17;4.81122526183091E-17;0.00000000000000E+00;0
7.12311169408195E-17;1.59896705793807E-17;0.00000000000000E+00;0
4.45053691643494E-17;5.41889995751938E-17;0.00000000000000E+00;0
6.63774480210193E-17;3.33122011176073E-17;0.00000000000000E+00;0
9.91796465799635E-17;8.95025102452011E-17;0.00000000000000E+00;0
4.55873560156448E-17;3.80939868837693E-16;0.00000000000000E+00;0
4.20695436181174E-17;2.02007036917510E-16;0.00000000000000E+00;0
3.56366069306259E-17;8.59045983510851E-17;0.00000000000000E+00;0
4.38161371715420E-17;8.12201822415067E-17;0.00000000000000E+00;0
5.53091795439509E-17;2.02219434951656E-16;0.00000000000000E+00;0
9.85499249346320E-19;1.24673274084448E-16;0.00000000000000E+00;0
4.90698746065721E-17;3.62135172045295E-17;0.00000000000000E+00;0
5.07696713048254E-18;1.86452456276462E-16;0.00000000000000E+00;0
3.44576277203286E-17;3.10437394606426E-16;0.00000000000000E+00;0
6.27653348351446E-17;6.07136162560730E-17;0.00000000000000E+00;0
2.12877891569784E-17;2.30981703884603E-17;0.00000000000000E+00;0
1.24051975339326E-16;2.84253294771771E-16;0.00000000000000E+00;0
2.96038953426986E-17;1.50701475761235E-16;0.00000000000000E+00;0
7.91789730104835E-17;2.90616940465551E-16;0.00000000000000E+00;0
6.31043443620994E-17;3.22281238421490E-16;0.00000000000000E+00;0
1.06105913228935E-16;2.06843680780565E-17;0.00000000000000E+00;0
9.48533893831435E-17;1.63929956532257E-16;0.00000000000000E+00;0
3.58709896710991E-17;3.70502844791775E-17;0.00000000000000E+00;0
1.23553066707404E-16;6.72914209797927E-17;0.00000000000000E+00;0
1.96080179142970E-17;2.59325200412171E-16;0.00000000000000E+00;0
9.57409159549385E-17;1.89646093222933E-16;0.00000000000000E+00;0
6.40190253545374E-18;6.67720746003834E-18;0.00000000000000E+00;0
1.07362219904864E-16;3.16932412390287E-17;0.00000000000000E+00;0
5.48772931483686E-17;2.81755698268271E-16;0.00000000000000E+00;0
1.54563017281774E-17;3.09888198976824E-16;0.00000000000000E+00;0
1.58030552160781E-17;4.60797004939003E-17;0.00000000000000E+00;0
1.21139869327197E-17;7.20005065226331E-18;0.00000000000000E+00;0
1.15331104420876E-16;1.16420981269433E-16;0.00000000000000E+00;0
3.30347843851332E-17;8.20859595871015E-17;0.00000000000000E+00;0
8.29077002403125E-17;6.77171660454558E-17;0.00000000000000E+00;0
7.68196087327011E-17;3.96185162160321E-17;0.00000000000000E+00;0
7.36557232694225E-17;1.00635124293793E-17;0.00000000000000E+00;0
1.35223790351279E-17;2.34673825771133E-16;0.00000000000000E+00;0
4.70061562547162E-17;1.31533304481920E-16;0.00000000000000E+00;0
2.04174851150534E-17;3.01892441388758E-16;0.00000000000000E+00;0
3.73864272777076E-17;1.18957888859932E-16;0.00000000000000E+00;0
8.89252054547499E-17;6.54428517747541E-17;0.00000000000000E+00;0
3.55896980760066E-17;3.46357653967680E-16;0.00000000000000E+00;0
4.05039647996349E-17;9.95219652475577E-17;0.00000000000000E+00;0
8.02858895737423E-17;1.19987069207962E-16;0.00000000000000E+00;0
7.83284078960715E-17;1.94518286978121E-16;0.00000000000000E+00;0
4.00876472005039E-17;1.46735232337227E-16;0.00000000000000E+00;0
7.43785916688726E-19;2.28711339764964E-16;0.00000000000000E+00;0
7.91869645257101E-17;3.07036667250794E-16;0.00000000000000E+00;0
5.02018777756204E-18;3.25886138677758E-16;0.00000000000000E+00;0
7.53030835243613E-17;1.94276456561505E-16;0.00000000000000E+00;0
3.68124614253064E-17;2.19656926395709E-16;0.00000000000000E+00;0
9.16062721337170E-18;1.05057143519991E-16;0.00000000000000E+00;0
2.79836832207245E-17;5.14357025070615E-17;0.00000000000000E+00;0
4.39718889081640E-17;3.99110592260631E-16;0.00000000000000E+00;0
2.59087416048362E-17;2.75230854910141E-16;0.00000000000000E+00;0
5.82500300641318E-17;1.82201681083915E-16;0.00000000000000E+00;0
1.43312363419212E-16;1.92895971724947E-16;0.00000000000000E+00;0
7.84080794501781E-18;2.29920501977189E-16;0.00000000000000E+00;0
8.95363891002870E-17;2.26789596511336E-17;0.00000000000000E+00;0
2.92950874960404E-17;2.78477347413027E-16;0.00000000000000E+00;0
8.90514011071521E-19;1.18238179391200E-16;0.00000000000000E+00;0
8.12565132296714E-17;3.48041047059746E-17;0.00000000000000E+00;0
7.79115922538802E-17;1.30944222509587E-16;0.00000000000000E+00;0
1.75499908044037E-17;1.70391342107545E-17;0.00000000000000E+00;0
5.63795550350960E-17;1.22376639097697E-16;0.00000000000000E+00;0
1.08559678786211E-16;3.21752375106134E-17;0.00000000000000E+00;0
1.43907836763031E-16;1.39384431039364E-16;0.00000000000000E+00;0
2.98630701740671E-17;2.41077485208226E-17;0.00000000000000E+00;0
1.42919348733583E-16;1.31696183233422E-17;0.00000000000000E+00;0
3.16551235444059E-17;1.70291979417924E-16;0.00000000000000E+00;0
3.71121412504300E-17;1.90077021667287E-16;0.00000000000000E+00;0
1.13283358584747E-17;1.40126288288096E-16;0.00000000000000E+00;0
2.94411433222269E-17;2.21534506373016E-16;0.00000000000000E+00;0
9.90896559307178E-17;4.46515503247748E-16;0.00000000000000E+00;0
4.15915914120282E-17;5.65968244935238E-17;0.00000000000000E+00;0
1.37391450207026E-16;7.22124051893981E-17;0.00000000000000E+00;0
3.45326614898228E-17;6.83475122581463E-17;0.00000000000000E+00;0
4.92316554750642E-17;5.34683183068783E-17;0.00000000000000E+00;0
4.43999139843117E-17;2.35908917375238E-16;0.00000000000000E+00;0
1.72944830167008E-17;8.87875546194292E-17;0.00000000000000E+00;0
1.24691847057861E-17;1.49156174896404E-16;0.00000000000000E+00;0
3.67630137416964E-17;1.89326556942868E-17;0.00000000000000E+00;0
6.80384991235452E-18;3.92408637990477E-17;0.00000000000000E+00;0
5.13883912091866E-17;1.40106683100947E-16;0.00000000000000E+00;0
1.95919769209629E-17;1.00020049000860E-16;0.00000000000000E+00;0
1.09237418472006E-17;6.40345069176059E-18;0.00000000000000E+00;0
2.77078521290048E-18;1.88090866862165E-16;0.00000000000000E+00;0
1.17700761421644E-16;8.22981287081738E-17;0.00000000000000E+00;0
1.32835808397402E-17;9.37842145805059E-17;0.00000000000000E+00;0
5.07480942477186E-17;8.62664064313616E-17;0.00000000000000E+00;0
2.70940130969551E-17;2.44815861793919E-16;0.00000000000000E+00;0
6.06234173654379E-17;3.31054173921870E-16;0.00000000000000E+00;0
6.21028283120925E-17;1.28213387794259E-16;0.00000000000000E+00;0
8.51361389738523E-17;2.48614691706498E-16;0.00000000000000E+00;0
4.37232437459554E-17;2.96516585160775E-16;0.00000000000000E+00;0
3.04941256315672E-17;7.62506034608357E-17;0.00000000000000E+00;0
3.08474140095774E-17;3.44664189218474E-16;0.00000000000000E+00;0
7.18015082496197E-17;5.78651326975357E-17;0.00000000000000E+00;0
6.14416247711507E-17;4.76004798734859E-17;0.00000000000000E+00;0
1.88212498820923E-17;5.68365024095575E-17;0.00000000000000E+00;0
1.10097425845272E-16;3.48407137356354E-17;0.00000000000000E+00;0
2.92309831823659E-17;2.38126454400506E-16;0.00000000000000E+00;0
1.88234170667010E-17;2.28322872985322E-16;0.00000000000000E+00;0
1.60248352402358E-17;1.02895644246579E-16;0.00000000000000E+00;0
1.80050267970069E-17;2.78002610062830E-17;0.00000000000000E+00;0
9.75256033534527E-17;1.07447545190287E-16;0.00000000000000E+00;0
3.44035727980941E-18;8.72202825610239E-17;0.00000000000000E+00;0
5.12813639936160E-17;9.29010931555376E-17;0.00000000000000E+00;0
3.58504543165460E-17;4.03416299262046E-17;0.00000000000000E+00;0
3.20182886145402E-17;5.30283473324717E-18;0.00000000000000E+00;0
5.58600087427835E-18;4.55137813978133E-17;0.00000000000000E+00;0
9.00229374121605E-18;4.93483227726704E-17;0.00000000000000E+00;0
1.07798624415199E-16;1.02608616764374E-16;0.00000000000000E+00;0
3.92794431309645E-17;1.67961306776875E-17;0.00000000000000E+00;0
9.20723887849639E-17;1.14903241368435E-16;0.00000000000000E+00;0
3.38462965759317E-18;8.78331127145300E-17;0.00000000000000E+00;0
5.83246457422046E-17;2.63105442186741E-17;0.00000000000000E+00;0
1.69258617671363E-18;1.35344203294632E-16;0.00000000000000E+00;0
1.83164660291373E-17;5.72831048857597E-17;0.00000000000000E+00;0
4.08404265853043E-17;5.68694617485638E-17;0.00000000000000E+00;0
1.29155969633354E-17;4.17830250465378E-17;0.00000000000000E+00;0
9.60594089501975E-17;6.95584794901991E-17;0.00000000000000E+00;0
8.01089112267227E-17;8.53102468548049E-17;0.00000000000000E+00;0
1.23959900036653E-16;1.53697208724159E-16;0.00000000000000E+00;0
2.60755713649679E-17;8.06391623433053E-17;0.00000000000000E+00;0
7.24109687669258E-17;1.10001092021051E-16;0.00000000000000E+00;0
5.50811588303651E-17;8.55097386441130E-17;0.00000000000000E+00;0
1.00632933509790E-18;1.11098311783077E-16;0.00000000000000E+00;0
6.40951277233427E-17;1.49029230042909E-16;0.00000000000000E+00;0
1.01083679632218E-16;1.78928559368097E-16;0.00000000000000E+00;0
1.64382570169672E-17;1.14551524716295E-17;0.00000000000000E+00;0
5.05829227274790E-17;1.52125157658957E-17;0.00000000000000E+00;0
1.20352886140105E-16;3.23217742734378E-17;0.00000000000000E+00;0
1.37161044380510E-17;1.24603333812375E-16;0.00000000000000E+00;0
1.72743686599809E-16;5.26475288869129E-17;0.00000000000000E+00;0
8.49269628588373E-17;1.62195374614500E-17;0.00000000000000E+00;0
6.58216801134849E-17;3.02000470350722E-17;0.00000000000000E+00;0
1.43244317812962E-16;4.78599378856412E-17;0.00000000000000E+00;0
9.44758141751893E-17;6.39150926994631E-17;0.00000000000000E+00;0
3.36704062583709E-17;5.28773515587571E-17;0.00000000000000E+00;0
2.11524282469530E-17;4.74549033971611E-17;0.00000000000000E+00;0
2.72070264291774E-18;4.98277950997065E-17;0.00000000000000E+00;0
7.66822132953245E-17;4.85708802157861E-17;0.00000000000000E+00;0
3.56694919368425E-17;1.49783054385979E-16;0.00000000000000E+00;0
1.32130911767982E-16;4.77768322108408E-17;0.00000000000000E+00;0
6.10117216100132E-17;1.03367955202946E-16;0.00000000000000E+00;0
1.32493080140950E-18;7.99231671435158E-18;0.00000000000000E+00;0
2.27237172708720E-17;4.70739382240625E-17;0.00000000000000E+00;0
8.15234365878593E-17;7.86046946291693E-18;0.00000000000000E+00;0
5.51780201052808E-17;1.60113213394915E-16;0.00000000000000E+00;0
6.24739378050286E-17;1.60286004289992E-16;0.00000000000000E+00;0
6.98940968468323E-17;6.39957257780643E-17;0.00000000000000E+00;0
1.67950035246068E-17;5.33290475208272E-18;0.00000000000000E+00;0
5.96173308893495E-17;4.61847887084746E-17;0.00000000000000E+00;0
1.99207466988056E-17;3.06837306917653E-19;0.00000000000000E+00;0
4.63431036824673E-17;7.25017757390477E-18;0.00000000000000E+00;0
1.32470479116046E-16;4.33640199144792E-17;0.00000000000000E+00;0
1.38362590994484E-16;2.04433156806809E-17;0.00000000000000E+00;0
1.60172192574500E-16;1.48925500586896E-16;0.00000000000000E+00;0
7.07104397839775E-17;3.82074506105181E-17;0.00000000000000E+00;0
3.77680308644871E-17;2.82189346963943E-17;0.00000000000000E+00;0
8.62013096429308E-18;4.98926075442366E-17;0.00000000000000E+00;0
8.72439782020781E-18;2.40766011320861E-17;0.00000000000000E+00;0
7.59657174984416E-17;7.42674087051798E-17;0.00000000000000E+00;0
3.65685178370798E-17;5.84384634538131E-17;0.00000000000000E+00;0
7.21819002531310E-17;1.74472605460099E-17;0.00000000000000E+00;0
4.38265322763779E-17;5.52459525609383E-17;0.00000000000000E+00;0
4.98497699598645E-17;5.25439065371630E-17;0.00000000000000E+00;0
8.52995816945577E-17;1.80011847849753E-16;0.00000000000000E+00;0
1.30159321110895E-17;7.80636269457784E-17;0.00000000000000E+00;0
6.44248147589475E-17;4.90827762194199E-17;0.00000000000000E+00;0
7.96829975024267E-17;3.33687731999514E-17;0.00000000000000E+00;0
8.12954854114952E-17;1.24872696192334E-16;0.00000000000000E+00;0
7.28052652461199E-18;1.23115993468254E-16;0.00000000000000E+00;0
5.67060269179833E-17;4.78574031176319E-17;0.00000000000000E+00;0
2.16217795920376E-17;2.83587832595592E-17;0.00000000000000E+00;0
1.05270609779033E-16;5.45860694978108E-17;0.00000000000000E+00;0
2.26369183954263E-17;7.86153354985916E-17;0.00000000000000E+00;0
1.10818864358038E-17;6.37661923587737E-17;0.00000000000000E+00;0
1.40194998819711E-17;4.52821065219059E-17;0.00000000000000E+00;0
3.75501257994687E-17;8.65421434632464E-17;0.00000000000000E+00;0
7.99858219182112E-17;3.09873383513551E-18;0.00000000000000E+00;0
7.95512908218701E-17;1.29288928293181E-16;0.00000000000000E+00;0
7.81450086016749E-17;4.87583286169737E-18;0.00000000000000E+00;0
3.73200064149415E-17;1.55804637249384E-16;0.00000000000000E+00;0
9.36909320745526E-17;2.92092354173522E-17;0.00000000000000E+00;0
5.84728002947778E-19;7.83703834041579E-17;0.00000000000000E+00;0
5.95025749277713E-17;1.51354270736110E-16;0.00000000000000E+00;0
2.80218834951602E-18;7.05421091422764E-17;0.00000000000000E+00;0
5.50470113659906E-17;4.62034711932180E-17;0.00000000000000E+00;0
2.37620942575746E-17;9.19319057367541E-17;0.00000000000000E+00;0
2.07996072322911E-17;3.59231065715777E-17;0.00000000000000E+00;0
7.01465638043157E-17;4.06443033793723E-18;0.00000000000000E+00;0
4.14480734882594E-17;6.67103316444341E-17;0.00000000000000E+00;0
6.44063395111553E-17;7.39968864476000E-18;0.00000000000000E+00;0
1.19438637859822E-16;6.78168140383923E-17;0.00000000000000E+00;0
4.52257786958707E-17;3.98892639517810E-17;0.00000000000000E+00;0
3.65391597478829E-17;4.99888393822134E-17;0.00000000000000E+00;0
1.56430205187196E-17;2.33703536226348E-17;0.00000000000000E+00;0
3.78801090199656E-17;1.26428234015699E-17;0.00000000000000E+00;0
3.78636888967239E-17;2.62746555801397E-17;0.00000000000000E+00;0
4.98184460258237E-17;1.03669095116861E-16;0.00000000000000E+00;0
3.98918055206226E-17;7.71732690103597E-17;0.00000000000000E+00;0
1.59532265730230E-16;4.20112487861622E-16;0.00000000000000E+00;0
1.15425803704054E-16;9.67117999334328E-17;0.00000000000000E+00;0
1.23206032600532E-16;1.67081699885972E-17;0.00000000000000E+00;0
1.28395689148034E-16;1.53224514962197E-16;0.00000000000000E+00;0
5.53959484981744E-17;8.18015589039124E-17;0.00000000000000E+00;0
4.10044416635284E-17;6.25093886737615E-17;0.00000000000000E+00;0
3.18777422870755E-17;4.42813203095316E-17;0.00000000000000E+00;0
8.55698510584276E-17;1.83112601818977E-16;0.00000000000000E+00;0
2.69878035334677E-18;1.53095131218538E-16;0.00000000000000E+00;0
9.83788590136579E-18;4.19574799675540E-17;0.00000000000000E+00;0
1.25587050435896E-17;1.95487093730441E-16;0.00000000000000E+00;0
1.08331251039771E-16;1.51913719870461E-16;0.00000000000000E+00;0
9.20902035128805E-18;1.92758145427449E-16;0.00000000000000E+00;0
2.59131414879871E-17;1.55053505561661E-16;0.00000000000000E+00;0
7.51038944701839E-17;1.09864918147700E-16;0.00000000000000E+00;0
2.35034529489322E-17;2.46987437442046E-17;0.00000000000000E+00;0
1.30818828891559E-17;1.78075516717318E-16;0.00000000000000E+00;0
4.73030434870249E-17;1.95149693891770E-18;0.00000000000000E+00;0
7.39262188277303E-18;5.02212930429366E-17;0.00000000000000E+00;0
3.19214406197324E-17;2.78707966914412E-16;0.00000000000000E+00;0
2.19179515643294E-18;2.52289058876874E-16;0.00000000000000E+00;0
1.40247830998109E-17;3.76288814951001E-16;0.00000000000000E+00;0
1.93214712260088E-17;2.33944802943319E-16;0.00000000000000E+00;0
3.30276336455692E-17;1.76543712942542E-16;0.00000000000000E+00;0
1.47489103001620E-16;4.53670888587743E-16;0.00000000000000E+00;0
4.05230748546926E-17;2.18247644912125E-16;0.00000000000000E+00;0
4.62556669710091E-17;2.35298784852010E-16;0.00000000000000E+00;0
3.21760756487398E-19;2.05579781092671E-16;0.00000000000000E+00;0
2.13214458742879E-17;3.62056138331803E-17;0.00000000000000E+00;0
1.07220501415750E-16;3.88180027982567E-16;0.00000000000000E+00;0
3.80198413672661E-17;3.69863082472716E-16;0.00000000000000E+00;0
9.80835410893416E-17;4.94326084723471E-17;0.00000000000000E+00;0
5.50075988379745E-17;7.03535427551168E-18;0.00000000000000E+00;0
6.09281821849565E-17;2.76569456114746E-16;0.00000000000000E+00;0
5.50675803011993E-17;3.64777340414623E-16;0.00000000000000E+00;0
1.55154214667654E-17;2.04098623801251E-16;0.00000000000000E+00;0
8.52125780596048E-17;1.85994925526809E-16;0.00000000000000E+00;0
6.48620915621433E-17;1.71768139189346E-16;0.00000000000000E+00;0
1.12470491343286E-17;5.96021572046736E-18;0.00000000000000E+00;0
1.54079132046707E-17;2.89332600173996E-16;0.00000000000000E+00;0
2.95447605289452E-17;5.85124119464356E-17;0.00000000000000E+00;0
1.93450754222216E-17;1.27384417629865E-16;0.00000000000000E+00;0
2.88158049066786E-17;2.76387415048095E-16;0.00000000000000E+00;0
2.08718542881388E-17;2.16197562217074E-16;0.00000000000000E+00;0
2.62477571852800E-17;2.93709175361194E-16;0.00000000000000E+00;0
8.76173345485773E-18;2.05553401694945E-16;0.00000000000000E+00;0
2.83217991672152E-17;3.95755988833484E-17;0.00000000000000E+00;0
1.24815404081715E-17;3.10988247540989E-16;0.00000000000000E+00;0
6.43241762594346E-17;1.64000690410968E-16;0.00000000000000E+00;0
5.71728664663164E-17;1.38452940326445E-16;0.00000000000000E+00;0
2.19256704503878E-17;2.83202447800922E-17;0.00000000000000E+00;0
4.93951619157606E-17;1.99587661053287E-16;0.00000000000000E+00;0
1.06753578061794E-16;9.65517346559752E-17;0.00000000000000E+00;0
6.76464265707126E-17;2.75414577781651E-16;0.00000000000000E+00;0
7.16256300570591E-17;1.58994407153217E-18;0.00000000000000E+00;0
6.76328267873821E-17;2.36396553356704E-16;0.00000000000000E+00;0
3.35580924443068E-17;2.33236834157951E-16;0.00000000000000E+00;0
9.28734115284599E-17;1.88040150054895E-16;0.00000000000000E+00;0
4.88281802430040E-17;2.35992403505361E-16;0.00000000000000E+00;0
3.06592744807386E-17;5.25156910978861E-17;0.00000000000000E+00;0
5.50396459303300E-17;2.24963055429925E-16;0.00000000000000E+00;0
5.40162095342997E-17;3.31934412806843E-16;0.00000000000000E+00;0
2.90064034550196E-17;1.40838845826813E-16;0.00000000000000E+00;0
7.11220431056684E-17;2.42620245846474E-16;0.00000000000000E+00;0
1.58880393316036E-17;6.26966677128129E-18;0.00000000000000E+00;0
7.35106175692239E-17;1.88406465007434E-16;0.00000000000000E+00;0
2.26840004122943E-17;2.54392658493934E-16;0.00000000000000E+00;0
8.53536035037212E-17;3.51741455121324E-16;0.00000000000000E+00;0
2.61310555727222E-17;1.77658825780993E-17;0.00000000000000E+00;0
7.28955437855242E-17;3.06844870585821E-16;0.00000000000000E+00;0
6.65646329385393E-17;5.32635460001289E-17;0.00000000000000E+00;0
4.19300879617212E-17;5.69659327899920E-17;0.00000000000000E+00;0
4.62327030651017E-17;9.87339806607131E-17;0.00000000000000E+00;0
4.13027484833823E-17;2.67698983124783E-16;0.00000000000000E+00;0
4.98887762871499E-18;1.94468549052268E-16;0.00000000000000E+00;0
5.37835529712315E-17;1.93321635981613E-16;0.00000000000000E+00;0
3.24452936703923E-17;2.45333248064738E-16;0.00000000000000E+00;0
2.38367392630645E-17;7.17930077224074E-17;0.00000000000000E+00;0
2.29130428269346E-17;5.55908161673597E-17;0.00000000000000E+00;0
4.71135099584870E-17;2.06178096464345E-16;0.00000000000000E+00;0
4.89336549965681E-17;8.40273825577093E-17;0.00000000000000E+00;0
1.34893928379533E-16;4.24652532370228E-16;0.00000000000000E+00;0
5.77201947913959E-17;1.86698077279641E-17;0.00000000000000E+00;0
7.81115120271504E-17;2.05332060271282E-16;0.00000000000000E+00;0
5.29989145651087E-17;2.98660612874087E-16;0.00000000000000E+00;0
8.58520260718185E-19;3.85375644168346E-16;0.00000000000000E+00;0
1.76688788791665E-17;6.78119948909775E-17;0.00000000000000E+00;0
1.39177462485001E-17;2.76116079451174E-16;0.00000000000000E+00;0
4.44134028473554E-17;1.47968623568993E-16;0.00000000000000E+00;0
5.28003970192524E-17;2.37657750214394E-16;0.00000000000000E+00;0
4.15631537785366E-17;7.59771646289542E-17;0.00000000000000E+00;0
6.71026284941288E-17;3.47604110915297E-17;0.00000000000000E+00;0
7.05492371218662E-17;2.67965554519395E-16;0.00000000000000E+00;0
6.17281054178411E-19;4.55730081919940E-16;0.00000000000000E+00;0
6.71303715733980E-17;7.16557112975679E-17;0.00000000000000E+00;0
1.25018638200181E-17;2.62539147739956E-17;0.00000000000000E+00;0
6.21657311211715E-17;4.19751105774354E-17;0.00000000000000E+00;0
4.50313764244450E-18;1.94842789120314E-16;0.00000000000000E+00;0
9.34254030485656E-17;1.53138570710155E-16;0.00000000000000E+00;0
8.73659156658344E-17;1.76504726935718E-16;0.00000000000000E+00;0
;;;0
;;;0
;;;0
;;;0
;;;0
;;;0
;;;0
;;;0
;;;0
;;;0
;;;0
;;;0
;;;0
;;;0
;;;0
;;;0
;;;0
;;;0
;;;0
;;;0
;;;0
;;;0
;;;0
;;;0
;;;0
;;;0
;;;0
;;;0
;;;0
;;;0
;;;0
;;;0
;;;0
;;;0
;;;0
;;;0
;;;0
;;;0
;;;0
;;;0
;;;0
;;;0
;;;0
;;;0
;;;0
;;;0
;;;0
;;;0
;;;0
;;;0
;;;0
;;;0
;;;0
;;;0
;;;0
;;;0
;;;0
;;;0
;;;0
;;;0
;;;0
;;;0
;;;0
;;;0
;;;0
;;;0
;;;0
;;;0
;;;0
;;;0
;;;0
;;;0
;;;0
;;;0
;;;0
;;;0
;;;0
;;;0
;;;0
;;;0
;;;0
;;;0
;;;0
;;;0
;;;0
;;;0
;;;0
;;;0
;;;0
;;;0
;;;0
;;;0
;;;0
;;;0
;;;0
;;;0
;;;0
;;;0
;;;0
;;;0
8.14830715105606E-17;1.06444122762594E-16;0.00000000000000E+00;0
9.45016932807821E-17;2.51402760952213E-17;0.00000000000000E+00;0
3.96906006468239E-17;9.11926162274220E-17;0.00000000000000E+00;0
6.56709997116237E-18;3.07347745353178E-16;0.00000000000000E+00;0
6.20903673952815E-17;1.52151313838742E-16;0.00000000000000E+00;0
2.35773410424209E-17;3.19971273163748E-16;0.00000000000000E+00;0
5.95130508354631E-17;1.06011281264006E-16;0.00000000000000E+00;0
8.42178548445214E-17;1.29149281360542E-17;0.00000000000000E+00;0
1.37870775014293E-17;2.01593266213242E-17;0.00000000000000E+00;0
1.14567858222223E-17;4.55767136134021E-17;0.00000000000000E+00;0
7.25475398390679E-17;4.80861142314143E-17;0.00000000000000E+00;0
9.31923141485422E-17;2.51078619732683E-16;0.00000000000000E+00;0
4.84614135010269E-17;3.63923280418534E-17;0.00000000000000E+00;0
6.98866128757023E-17;9.85147060808555E-18;0.00000000000000E+00;0
2.35624855034519E-17;8.93989618852207E-17;0.00000000000000E+00;0
1.32267681953984E-16;4.79278081161852E-17;0.00000000000000E+00;0
3.61465096310129E-17;9.90115759716684E-17;0.00000000000000E+00;0
1.36257526944905E-16;7.07885534721107E-17;0.00000000000000E+00;0
3.51341970473967E-17;2.09973394343275E-16;0.00000000000000E+00;0
5.77910034081425E-17;1.48029981111457E-17;0.00000000000000E+00;0
4.14201531143116E-17;3.09871376669575E-16;0.00000000000000E+00;0
6.58948255768936E-17;2.30314212231859E-16;0.00000000000000E+00;0
8.47747891915853E-17;4.78082607963141E-18;0.00000000000000E+00;0
1.24066467569700E-17;2.15191986353938E-16;0.00000000000000E+00;0
4.55700401743152E-17;2.88499124186799E-16;0.00000000000000E+00;0
2.10657114693820E-17;4.53668602038156E-17;0.00000000000000E+00;0
3.37256291401836E-17;6.99323347699707E-17;0.00000000000000E+00;0
2.93036955250671E-17;5.69396799968078E-17;0.00000000000000E+00;0
1.74968835264251E-17;1.10829289012093E-16;0.00000000000000E+00;0
8.38644906844669E-17;1.71990045037476E-16;0.00000000000000E+00;0
1.93862515193923E-17;1.20117346507947E-16;0.00000000000000E+00;0
5.44875692101763E-17;9.63855836551531E-17;0.00000000000000E+00;0
2.53244603594170E-17;1.76579530001462E-16;0.00000000000000E+00;0
4.17838860612557E-17;1.54379212413860E-16;0.00000000000000E+00;0
8.46204321740081E-18;3.03826068275294E-16;0.00000000000000E+00;0
2.07540115536955E-18;1.96089982215904E-16;0.00000000000000E+00;0
5.98816854218713E-17;6.06777877406699E-17;0.00000000000000E+00;0
6.89168667483419E-17;9.80681195241973E-17;0.00000000000000E+00;0
2.40814024878626E-17;2.47929548993247E-16;0.00000000000000E+00;0
7.94426326158799E-17;2.39422618630013E-17;0.00000000000000E+00;0
4.30834855185674E-17;1.97991944780406E-16;0.00000000000000E+00;0
4.54494155244373E-17;3.39758881903450E-17;0.00000000000000E+00;0
9.55835913897649E-17;1.45568303480094E-16;0.00000000000000E+00;0
1.13252254793859E-17;2.05906047922903E-16;0.00000000000000E+00;0
5.81719935608071E-17;2.94484123731156E-16;0.00000000000000E+00;0
7.51681283897523E-18;1.30881409889313E-16;0.00000000000000E+00;0
4.83742434893064E-17;1.70031613745390E-16;0.00000000000000E+00;0
3.16222646250555E-17;2.44173956728088E-16;0.00000000000000E+00;0
3.59924271899853E-18;5.00092185502460E-17;0.00000000000000E+00;0
9.12339933890198E-17;2.39926143505666E-17;0.00000000000000E+00;0
7.57784987352569E-17;5.57683385831842E-17;0.00000000000000E+00;0
6.30312563080954E-17;5.16638925287360E-17;0.00000000000000E+00;0
9.25527989234984E-17;2.18426337944940E-17;0.00000000000000E+00;0
1.24830467308729E-17;5.97093238807010E-19;0.00000000000000E+00;0
1.18686966142481E-17;2.31549215683157E-17;0.00000000000000E+00;0
9.78269330007541E-17;7.52256140318496E-17;0.00000000000000E+00;0
7.97117050378773E-17;7.19358304794346E-17;0.00000000000000E+00;0
9.69996045645023E-17;3.45835292241237E-17;0.00000000000000E+00;0
2.99282832117668E-17;9.36440727709693E-17;0.00000000000000E+00;0
6.13392492334711E-17;1.10844495593006E-16;0.00000000000000E+00;0
1.23850842681047E-17;1.08750469056734E-16;0.00000000000000E+00;0
8.89398498542105E-17;1.13155871577313E-16;0.00000000000000E+00;0
2.74304893021021E-17;5.50501634741001E-17;0.00000000000000E+00;0
2.34536070007207E-17;2.70316842229350E-16;0.00000000000000E+00;0
6.97548826635249E-18;7.30225567802908E-18;0.00000000000000E+00;0
9.92142066982476E-18;1.17851439132715E-16;0.00000000000000E+00;0
1.47189312300352E-16;2.97443161092754E-16;0.00000000000000E+00;0
1.51179215057219E-17;1.90282438574201E-16;0.00000000000000E+00;0
8.08929578973290E-17;2.30176925404231E-17;0.00000000000000E+00;0
4.00385880834915E-17;3.76565139222459E-17;0.00000000000000E+00;0
1.10243817866126E-17;3.59550520070652E-16;0.00000000000000E+00;0
2.65146857269976E-17;2.50608242753977E-16;0.00000000000000E+00;0
5.25190921545271E-18;1.69346426822545E-16;0.00000000000000E+00;0
2.10047261492475E-18;1.46245458987010E-16;0.00000000000000E+00;0
1.15699665952669E-16;4.54704828860813E-16;0.00000000000000E+00;0
3.75007919087924E-17;1.39724809759286E-16;0.00000000000000E+00;0
3.46334854677952E-17;2.55337974169911E-16;0.00000000000000E+00;0
6.36054119572166E-17;2.34419814282228E-16;0.00000000000000E+00;0
1.82707788663544E-17;9.70390127752678E-17;0.00000000000000E+00;0
4.83539119327929E-17;1.24937383965528E-16;0.00000000000000E+00;0
4.86497431032139E-17;3.18001322962707E-18;0.00000000000000E+00;0
8.69608611046657E-17;1.16684313820667E-16;0.00000000000000E+00;0
1.45577154940246E-16;3.16387925308917E-16;0.00000000000000E+00;0
1.43308288336983E-17;1.80113703911976E-17;0.00000000000000E+00;0
3.60812326941205E-17;3.65641240847150E-16;0.00000000000000E+00;0
9.63853203656570E-17;1.71455501730854E-16;0.00000000000000E+00;0
2.40748388471720E-17;2.87316857111662E-16;0.00000000000000E+00;0
6.11943686194324E-18;5.79710980285907E-17;0.00000000000000E+00;0
1.70496418318168E-17;2.00065874046741E-16;0.00000000000000E+00;0
5.65909062788345E-17;2.61919091721612E-16;0.00000000000000E+00;0
7.33145514881753E-17;1.80644011217058E-16;0.00000000000000E+00;0
8.37986301230486E-18;1.10145498431119E-16;0.00000000000000E+00;0
2.51390016881976E-17;2.49074806601857E-16;0.00000000000000E+00;0
6.22410212156574E-19;2.51027436663279E-16;0.00000000000000E+00;0
5.14300062725487E-17;1.90874599268022E-16;0.00000000000000E+00;0
7.94704305806675E-17;1.97454476640367E-16;0.00000000000000E+00;0
8.76851546381877E-17;1.63815414503554E-16;0.00000000000000E+00;0
4.50805588903411E-17;1.26925142222121E-16;0.00000000000000E+00;0
1.10066312333594E-16;2.60780608766005E-16;0.00000000000000E+00;0
8.91066095308833E-17;7.22912592476410E-17;0.00000000000000E+00;0
5.36458801244312E-17;7.18175494439508E-17;0.00000000000000E+00;0
2.11933776253459E-18;1.01453017960234E-16;0.00000000000000E+00;0
9.61931327648755E-18;9.21081818246714E-17;0.00000000000000E+00;0
8.50334279535437E-17;1.47441428350775E-16;0.00000000000000E+00;0
2.09071659991633E-17;7.56047890920331E-17;0.00000000000000E+00;0
1.40556266816580E-16;6.04762620051384E-17;0.00000000000000E+00;0
8.89048667470869E-17;3.60334095050016E-16;0.00000000000000E+00;0
1.38380887657886E-16;6.01613238689426E-17;0.00000000000000E+00;0
2.91971526964998E-17;3.07254147569956E-16;0.00000000000000E+00;0
3.92115960514127E-17;2.69081535426454E-16;0.00000000000000E+00;0
8.22002161807076E-18;3.05153034372105E-17;0.00000000000000E+00;0
4.79132839163108E-17;3.82503183124363E-17;0.00000000000000E+00;0
4.60252796050374E-18;1.58777045446788E-16;0.00000000000000E+00;0
1.70017360638273E-17;1.43123289082241E-16;0.00000000000000E+00;0
5.69019530405023E-17;2.78720785717072E-16;0.00000000000000E+00;0
5.32761547912883E-17;2.59932154240222E-16;0.00000000000000E+00;0
6.78203621062612E-17;1.79771974674238E-16;0.00000000000000E+00;0
4.66628012379787E-17;6.63107593090151E-17;0.00000000000000E+00;0
7.01025173438239E-17;2.35846093132229E-16;0.00000000000000E+00;0
6.14231411860626E-17;2.47944387573358E-16;0.00000000000000E+00;0
2.19312122647878E-17;6.14350360116142E-17;0.00000000000000E+00;0
2.22531765514921E-17;2.47059695228352E-16;0.00000000000000E+00;0
8.75776413940789E-17;1.36277964301360E-18;0.00000000000000E+00;0
2.83216304210514E-17;9.79226184229322E-17;0.00000000000000E+00;0
2.55188297203462E-17;1.91990577032239E-16;0.00000000000000E+00;0
1.13352771536647E-17;1.93409148057936E-16;0.00000000000000E+00;0
1.80296181826930E-17;3.86292207199589E-17;0.00000000000000E+00;0
6.62845743829428E-17;3.55134444589598E-16;0.00000000000000E+00;0
1.84127023656589E-18;2.45218827327489E-17;0.00000000000000E+00;0
3.60700602680277E-17;4.56764751062953E-17;0.00000000000000E+00;0
1.26413728861103E-18;8.81459369133277E-17;0.00000000000000E+00;0
1.26485277302367E-16;2.16451807825292E-16;0.00000000000000E+00;0
2.67444203431055E-17;2.43726002614698E-16;0.00000000000000E+00;0
1.77744526192288E-17;9.49398882251507E-17;0.00000000000000E+00;0
3.14285531670574E-17;1.63168776798359E-16;0.00000000000000E+00;0
3.74256054143478E-17;2.97744108488536E-16;0.00000000000000E+00;0
1.91367528473675E-17;5.84915445997546E-17;0.00000000000000E+00;0
1.58939878756792E-17;9.41853680041788E-17;0.00000000000000E+00;0
3.41205718835544E-17;4.24001112788743E-16;0.00000000000000E+00;0
2.13608108527457E-17;2.35396881543165E-16;0.00000000000000E+00;0
1.17656696547067E-17;1.60069955771878E-16;0.00000000000000E+00;0
8.50201917971726E-17;2.28091144594781E-16;0.00000000000000E+00;0
7.38083481091877E-17;3.31175973611913E-16;0.00000000000000E+00;0
4.77908667937049E-17;1.43255204210663E-17;0.00000000000000E+00;0
2.96142303876660E-17;2.10192635334578E-16;0.00000000000000E+00;0
2.67340124228641E-17;4.05955229620944E-16;0.00000000000000E+00;0
7.80692834724376E-17;3.09927936408065E-16;0.00000000000000E+00;0
2.99187411237424E-17;1.14242274465537E-16;0.00000000000000E+00;0
4.51277369903107E-17;2.10243254276565E-16;0.00000000000000E+00;0
7.67936097659479E-17;1.35301563400853E-16;0.00000000000000E+00;0
2.64696064403803E-17;4.63044682460830E-17;0.00000000000000E+00;0
5.41019632090031E-17;2.71784236804588E-17;0.00000000000000E+00;0
5.46118327864850E-17;1.06764383297314E-17;0.00000000000000E+00;0
3.68683731999848E-17;1.83676565062006E-16;0.00000000000000E+00;0
3.52298554296301E-17;4.46105330868289E-16;0.00000000000000E+00;0
1.51122610111986E-17;1.52489288997981E-16;0.00000000000000E+00;0
3.25881629278545E-17;1.64723714822752E-16;0.00000000000000E+00;0
2.09758701739652E-17;1.54829472325604E-16;0.00000000000000E+00;0
4.23857880937267E-17;3.14543357762442E-16;0.00000000000000E+00;0
9.57865157755009E-17;5.18839809670940E-17;0.00000000000000E+00;0
7.18226389688336E-17;5.51919092127516E-17;0.00000000000000E+00;0
1.26571123761930E-16;7.29225038064572E-17;0.00000000000000E+00;0
3.95123604985057E-17;1.98513507549053E-16;0.00000000000000E+00;0
2.41281563466520E-17;8.24503988435454E-17;0.00000000000000E+00;0
1.25545194369585E-16;5.92866434658177E-17;0.00000000000000E+00;0
6.18508624113068E-17;6.21821146849683E-18;0.00000000000000E+00;0
4.52028626948692E-17;1.26631194100967E-16;0.00000000000000E+00;0
1.21026235299443E-16;3.60441068828431E-18;0.00000000000000E+00;0
1.15692860088438E-16;9.19743267668383E-17;0.00000000000000E+00;0
7.05426622408367E-17;3.01573871942982E-16;0.00000000000000E+00;0
2.86306443464248E-17;1.39835027897255E-16;0.00000000000000E+00;0
4.29150507970661E-17;2.14774800369238E-16;0.00000000000000E+00;0
3.21360451295990E-17;5.22092797921006E-17;0.00000000000000E+00;0
6.33659945482545E-18;3.79701888522361E-16;0.00000000000000E+00;0
8.83383153381280E-17;9.20852035207467E-17;0.00000000000000E+00;0
2.82112727734442E-17;2.44204724675369E-16;0.00000000000000E+00;0
1.67134698566065E-17;2.56424288203580E-16;0.00000000000000E+00;0
8.22440795399695E-19;2.41714276425710E-16;0.00000000000000E+00;0
2.37907124070703E-17;1.39313781195407E-16;0.00000000000000E+00;0
3.80765959261011E-17;9.34654126152922E-17;0.00000000000000E+00;0
4.00159400211151E-17;2.43924858877879E-16;0.00000000000000E+00;0
1.08422642686237E-16;7.60773431453745E-17;0.00000000000000E+00;0
5.36724418992151E-17;8.83624968241492E-17;0.00000000000000E+00;0
9.58521576399563E-17;1.37004414038345E-16;0.00000000000000E+00;0
6.74337473336278E-18;2.61146057310770E-16;0.00000000000000E+00;0
9.11188174887347E-17;6.29498226145561E-17;0.00000000000000E+00;0
6.25256834691262E-17;1.37268817440022E-16;0.00000000000000E+00;0
6.90535002161942E-17;1.10116824412899E-16;0.00000000000000E+00;0
5.45464388098541E-17;9.09336472212080E-17;0.00000000000000E+00;0
5.03864257152882E-19;5.82928462128869E-17;0.00000000000000E+00;0
4.44550047637829E-17;9.40152176609492E-17;0.00000000000000E+00;0
6.69399717414115E-18;9.31852301790349E-17;0.00000000000000E+00;0
1.21713349339513E-16;4.15478601874826E-16;0.00000000000000E+00;0
7.78977380127990E-18;2.84078330705201E-16;0.00000000000000E+00;0
5.19505758553284E-17;3.18237802672990E-16;0.00000000000000E+00;0
3.95435038353750E-17;2.17278575811641E-16;0.00000000000000E+00;0
2.66456285761826E-17;1.81452671068656E-16;0.00000000000000E+00;0
4.75380605239180E-17;2.06475260124878E-17;0.00000000000000E+00;0
7.21685794060203E-18;1.50823072479240E-16;0.00000000000000E+00;0
9.64844096981925E-17;1.94692701265081E-16;0.00000000000000E+00;0
2.49106542088862E-17;2.98672748158516E-16;0.00000000000000E+00;0
9.02376409065454E-17;2.39467362167873E-17;0.00000000000000E+00;0
6.91933841859108E-17;1.70078716301597E-16;0.00000000000000E+00;0
5.62738191727065E-17;1.07134336267400E-16;0.00000000000000E+00;0
9.10538937069708E-17;9.29614548718658E-17;0.00000000000000E+00;0
4.71458301085158E-17;1.33920091543175E-16;0.00000000000000E+00;0
3.50886688222318E-17;3.62781059492348E-17;0.00000000000000E+00;0
3.96085343839313E-17;1.72777869034188E-16;0.00000000000000E+00;0
1.19513513555111E-16;3.87348486923836E-17;0.00000000000000E+00;0
5.68387225598845E-17;2.68688678392397E-16;0.00000000000000E+00;0
5.83373671057979E-17;7.17260808869449E-17;0.00000000000000E+00;0
9.76816874637457E-17;7.51462969781517E-17;0.00000000000000E+00;0
6.48786287620826E-17;2.25131958635085E-16;0.00000000000000E+00;0
9.43640088848910E-18;2.68238137444710E-16;0.00000000000000E+00;0
1.23903170557322E-16;1.80025252139100E-16;0.00000000000000E+00;0
3.18777231003138E-17;3.89630880340546E-17;0.00000000000000E+00;0
2.32459809949134E-17;2.59421844117011E-16;0.00000000000000E+00;0
7.45271639088579E-18;2.17304008050824E-16;0.00000000000000E+00;0
5.80422875317393E-17;6.00251573441662E-17;0.00000000000000E+00;0
8.60808579741751E-17;9.83727479794162E-17;0.00000000000000E+00;0
5.17191623427911E-17;2.38912167250819E-16;0.00000000000000E+00;0
8.68662365798269E-17;2.14936794920264E-16;0.00000000000000E+00;0
7.52566296752945E-18;1.03067989929265E-16;0.00000000000000E+00;0
5.57888314029014E-17;4.18107550837412E-16;0.00000000000000E+00;0
3.97086005422311E-17;1.45234533105608E-16;0.00000000000000E+00;0
1.21885630124324E-16;1.28162052936793E-16;0.00000000000000E+00;0
2.01491046146030E-17;1.52193450448570E-16;0.00000000000000E+00;0
4.46605734917507E-17;2.57222345590748E-16;0.00000000000000E+00;0
1.09579022715978E-16;3.30212057891892E-18;0.00000000000000E+00;0
3.11379457368314E-17;2.26801917161118E-16;0.00000000000000E+00;0
3.32270452269095E-17;8.24236768260867E-17;0.00000000000000E+00;0
7.52080783946321E-17;2.31682555344802E-16;0.00000000000000E+00;0
6.11009726125215E-17;3.44056708008253E-17;0.00000000000000E+00;0
8.60016811659236E-17;7.15614568585436E-18;0.00000000000000E+00;0
1.80847300893458E-17;3.26659183460488E-16;0.00000000000000E+00;0
9.15423555266762E-17;4.80898784919770E-17;0.00000000000000E+00;0
2.27333464117805E-17;1.41062282982332E-16;0.00000000000000E+00;0
9.60522781797716E-17;3.71971659717663E-16;0.00000000000000E+00;0
2.48358212892049E-17;2.78801257880794E-17;0.00000000000000E+00;0
3.03394363428401E-17;1.52366284504799E-16;0.00000000000000E+00;0
2.43486486565318E-17;2.74027713632929E-17;0.00000000000000E+00;0
4.20529776060436E-18;2.05435888000331E-16;0.00000000000000E+00;0
6.80797921074157E-17;8.02086237767046E-17;0.00000000000000E+00;0
2.23087704091902E-17;3.16935302918907E-16;0.00000000000000E+00;0
2.82020909374855E-17;3.18109369937021E-16;0.00000000000000E+00;0
4.76860763188534E-17;7.96759981841241E-17;0.00000000000000E+00;0
7.62483513950217E-17;1.93795040808920E-16;0.00000000000000E+00;0
1.12524283759579E-17;2.11762187400354E-16;0.00000000000000E+00;0
5.16232475736943E-17;3.73067586350163E-16;0.00000000000000E+00;0
8.59044357409605E-17;2.21902243317535E-16;0.00000000000000E+00;0
4.37008920813626E-17;1.72310636626067E-18;0.00000000000000E+00;0
8.58482170123445E-18;6.00567890139622E-17;0.00000000000000E+00;0
4.87771027895145E-17;3.34034376222238E-16;0.00000000000000E+00;0
7.20664520864339E-17;1.04877715059847E-16;0.00000000000000E+00;0
6.98703326269155E-18;1.96653806044074E-16;0.00000000000000E+00;0
3.05135557662114E-17;1.72321439597014E-16;0.00000000000000E+00;0
2.17485173729491E-17;1.00272654143666E-17;0.00000000000000E+00;0
4.46931862742408E-17;3.56656004187246E-16;0.00000000000000E+00;0
2.24153481119565E-17;4.64329954069178E-17;0.00000000000000E+00;0
5.04955369433516E-17;1.04546070823261E-16;0.00000000000000E+00;0
7.89827432892663E-17;1.53226408591028E-16;0.00000000000000E+00;0
7.35344759726595E-18;2.80477233051032E-16;0.00000000000000E+00;0
7.44822040998029E-17;5.07525903977513E-17;0.00000000000000E+00;0
8.60926353035358E-17;3.14456807730508E-16;0.00000000000000E+00;0
1.18457805029193E-16;2.02251895068301E-16;0.00000000000000E+00;0
3.52208186656391E-17;3.01493291900583E-16;0.00000000000000E+00;0
5.14537759043383E-18;2.65390240107610E-16;0.00000000000000E+00;0
1.59269095300495E-17;1.45325354144998E-16;0.00000000000000E+00;0
8.13074794448212E-17;6.28225015987597E-17;0.00000000000000E+00;0
2.04643619939987E-17;1.16187982328812E-16;0.00000000000000E+00;0
4.22534634720140E-17;2.27759843238547E-16;0.00000000000000E+00;0
7.45580174368672E-18;1.69454555189772E-16;0.00000000000000E+00;0
1.86148208670363E-17;3.23704850009464E-17;0.00000000000000E+00;0
1.17110854064077E-17;2.77998736442958E-16;0.00000000000000E+00;0
9.98497518096375E-17;2.06541611636196E-17;0.00000000000000E+00;0
6.58086887697736E-17;2.09091268123122E-16;0.00000000000000E+00;0
1.87575761916816E-18;1.16649916536055E-16;0.00000000000000E+00;0
1.02241463131523E-17;2.37419647856808E-16;0.00000000000000E+00;0
9.04848914863701E-17;2.48061550747926E-16;0.00000000000000E+00;0
1.06331610676323E-16;2.61912832820165E-16;0.00000000000000E+00;0
6.16639815094124E-17;7.12181340304654E-17;0.00000000000000E+00;0
5.05995413218203E-17;1.02979484718784E-16;0.00000000000000E+00;0
4.15390747612724E-17;2.62332954443306E-16;0.00000000000000E+00;0
1.66747945700529E-17;3.09321457326744E-16;0.00000000000000E+00;0
8.05756911694398E-18;3.08855793201815E-16;0.00000000000000E+00;0
4.27426841024802E-17;1.63561568285394E-16;0.00000000000000E+00;0
9.02786293601430E-17;7.95196284711545E-17;0.00000000000000E+00;0
2.47533150581729E-17;9.61128862605676E-17;0.00000000000000E+00;0
4.28045928215780E-17;2.68965704386173E-16;0.00000000000000E+00;0
3.30464756508772E-17;1.14097499349418E-16;0.00000000000000E+00;0
9.53716861002181E-17;4.45134438943071E-17;0.00000000000000E+00;0
3.35377266357790E-17;1.33124105976538E-16;0.00000000000000E+00;0
7.54719836295353E-17;3.88815164091095E-16;0.00000000000000E+00;0
5.48758235430603E-17;2.70784663327829E-16;0.00000000000000E+00;0
6.04655420189908E-17;1.21871851534156E-16;0.00000000000000E+00;0
6.64924843192169E-17;1.40893059987463E-16;0.00000000000000E+00;0
9.78974079083860E-18;1.68769094528159E-16;0.00000000000000E+00;0
1.12411701339571E-16;2.72060120655135E-16;0.00000000000000E+00;0
7.40426204884604E-19;7.10706079476066E-17;0.00000000000000E+00;0
1.43210956460026E-16;3.42980401952403E-17;0.00000000000000E+00;0
1.76583564054466E-17;2.69648383343231E-16;0.00000000000000E+00;0
2.59095436124367E-18;3.22139282674062E-16;0.00000000000000E+00;0
1.71276235950567E-17;2.20384576592104E-16;0.00000000000000E+00;0
3.98828172905670E-17;1.06843937742486E-16;0.00000000000000E+00;0
7.06487472422242E-17;1.41696845727995E-16;0.00000000000000E+00;0
4.39360916030147E-18;3.54488659186350E-17;0.00000000000000E+00;0
1.63295740725792E-16;2.54069223467354E-16;0.00000000000000E+00;0
2.15245130266892E-17;3.41112675287763E-18;0.00000000000000E+00;0
8.73746778727426E-17;3.93596202174087E-17;0.00000000000000E+00;0
3.94285213322720E-17;1.50166351252538E-16;0.00000000000000E+00;0
4.50887041823729E-17;1.38850136089128E-16;0.00000000000000E+00;0
1.47048515542092E-17;1.09702389409127E-16;0.00000000000000E+00;0
4.71472148171546E-18;4.37031795858233E-17;0.00000000000000E+00;0
8.01732836676487E-17;5.13202956745799E-17;0.00000000000000E+00;0
6.13255969820933E-17;1.90687515532368E-16;0.00000000000000E+00;0
5.56345069729294E-17;2.24220744006932E-16;0.00000000000000E+00;0
4.98053125956876E-17;1.00497713115056E-16;0.00000000000000E+00;0
1.21025491089641E-17;8.83367093461810E-17;0.00000000000000E+00;0
2.71107551839031E-17;3.27466253968188E-16;0.00000000000000E+00;0
8.11106798124492E-17;3.72318845063771E-16;0.00000000000000E+00;0
2.88677109236850E-17;1.61557365561040E-18;0.00000000000000E+00;0
6.56793096634896E-19;2.13353042670666E-16;0.00000000000000E+00;0
4.55959390743497E-18;3.29958675352182E-16;0.00000000000000E+00;0
3.37237871247339E-17;2.35690169627906E-16;0.00000000000000E+00;0
1.62406508204759E-17;2.32386828789194E-16;0.00000000000000E+00;0
1.04296722259962E-16;1.88796648763976E-16;0.00000000000000E+00;0
2.30443458989618E-17;1.89133393141743E-16;0.00000000000000E+00;0
3.23384116900772E-17;1.18103091594082E-16;0.00000000000000E+00;0
5.62335035518006E-17;1.54704153898009E-16;0.00000000000000E+00;0
1.34732080032655E-16;2.47828510163426E-16;0.00000000000000E+00;0
6.44017228620702E-17;2.08644123442277E-16;0.00000000000000E+00;0
6.97160451960000E-17;4.23883801177696E-16;0.00000000000000E+00;0
4.57355727129424E-17;2.80504543415994E-16;0.00000000000000E+00;0
8.18057817139849E-17;1.71064189407099E-16;0.00000000000000E+00;0
2.28052391213186E-17;1.72765789744461E-16;0.00000000000000E+00;0
1.20629183546809E-16;1.71129920883705E-16;0.00000000000000E+00;0
1.13610573995499E-16;2.31811669456796E-16;0.00000000000000E+00;0
9.57490484947052E-17;6.62914663946321E-17;0.00000000000000E+00;0
2.64005063685470E-17;1.18096239261033E-16;0.00000000000000E+00;0
1.12226342104556E-16;2.27468392597728E-16;0.00000000000000E+00;0
1.03526849284760E-16;9.82410430441126E-17;0.00000000000000E+00;0
3.73828736418796E-17;5.53699976724019E-18;0.00000000000000E+00;0
8.95528972382662E-18;5.66919592782685E-17;0.00000000000000E+00;0
1.47919049272181E-16;1.70233435613598E-16;0.00000000000000E+00;0
6.27216957277033E-17;2.36508118288108E-16;0.00000000000000E+00;0
3.10037805673072E-18;2.91716039268929E-16;0.00000000000000E+00;0
4.31732500112894E-17;3.51251737259862E-17;0.00000000000000E+00;0
1.99427480550129E-17;2.16155189039841E-16;0.00000000000000E+00;0
5.26079573637127E-17;9.42763684311448E-17;0.00000000000000E+00;0
1.30422956282006E-17;3.10238102921626E-16;0.00000000000000E+00;0
1.76946003593090E-17;3.15042418231405E-16;0.00000000000000E+00;0
8.57036484911732E-17;1.64443549604300E-16;0.00000000000000E+00;0
5.88030363065505E-17;2.68011549558925E-16;0.00000000000000E+00;0
1.32621117205055E-18;4.61270530286858E-17;0.00000000000000E+00;0
9.36028820698023E-17;3.55082014339371E-16;0.00000000000000E+00;0
6.08914627620867E-17;1.97857589596019E-16;0.00000000000000E+00;0
8.72967935465420E-17;1.91979690554681E-16;0.00000000000000E+00;0
8.90584637120686E-18;2.15268903188633E-16;0.00000000000000E+00;0
2.14145145115280E-17;4.68712199568027E-17;0.00000000000000E+00;0
3.97423418657476E-17;2.80393985688480E-16;0.00000000000000E+00;0
6.52433297352647E-17;3.87817225751542E-17;0.00000000000000E+00;0
4.28774358392482E-17;4.51735756735282E-17;0.00000000000000E+00;0
8.82777418873189E-17;5.42995376850517E-17;0.00000000000000E+00;0
3.20811371204967E-17;2.58986886567772E-16;0.00000000000000E+00;0
3.47072618404470E-17;2.05890503404604E-16;0.00000000000000E+00;0
2.64204362659788E-17;2.09941858454370E-16;0.00000000000000E+00;0
2.25758742577925E-17;6.09039610368245E-17;0.00000000000000E+00;0
1.19462515395144E-17;9.04052114793297E-17;0.00000000000000E+00;0
3.37925741607511E-17;4.86101602992654E-17;0.00000000000000E+00;0
1.86247780269758E-18;1.41465928013152E-16;0.00000000000000E+00;0
8.88306342392177E-17;4.37354272109833E-17;0.00000000000000E+00;0
8.28595970286724E-18;2.72083546245199E-17;0.00000000000000E+00;0
2.65462281941941E-17;1.26437135028281E-16;0.00000000000000E+00;0
4.34966294650052E-17;5.77190428357238E-17;0.00000000000000E+00;0
8.24956879285454E-17;1.28407141277201E-16;0.00000000000000E+00;0
7.12890053316627E-17;2.96748346075183E-16;0.00000000000000E+00;0
1.25004790244889E-16;1.20912037702364E-16;0.00000000000000E+00;0
1.62448041175783E-17;4.29926107320693E-17;0.00000000000000E+00;0
4.42293561542911E-17;2.10982949729612E-16;0.00000000000000E+00;0
5.05016727724126E-17;9.89243575046116E-17;0.00000000000000E+00;0
8.46346739430375E-17;2.53375505010119E-16;0.00000000000000E+00;0
2.33089605712627E-17;5.28908307111521E-17;0.00000000000000E+00;0
3.79926793951504E-17;2.97989791943786E-17;0.00000000000000E+00;0
9.11044155120740E-17;3.35430724929731E-16;0.00000000000000E+00;0
5.03847406944362E-17;7.27138396281290E-17;0.00000000000000E+00;0
1.16762571444976E-16;7.38517746637019E-17;0.00000000000000E+00;0
2.72828596802607E-18;2.52672214677053E-16;0.00000000000000E+00;0
1.62511990443478E-17;8.56545154197685E-17;0.00000000000000E+00;0
1.29566883720596E-16;5.78790562882722E-17;0.00000000000000E+00;0
5.01125370714579E-17;1.88535153664720E-16;0.00000000000000E+00;0
2.77741919091346E-17;2.33325979290617E-16;0.00000000000000E+00;0
3.23564996798508E-17;1.95835421410944E-16;0.00000000000000E+00;0
5.19398720265472E-17;2.21992723303484E-16;0.00000000000000E+00;0
7.94994131749292E-17;2.32518180333571E-16;0.00000000000000E+00;0
6.02660739171365E-17;2.37121616188033E-16;0.00000000000000E+00;0
1.65919094512313E-17;1.14679400337692E-16;0.00000000000000E+00;0
4.29495336845423E-17;1.98379010604553E-16;0.00000000000000E+00;0
8.12303252423890E-18;2.05923452830827E-16;0.00000000000000E+00;0
8.18321747290928E-17;1.73953026710683E-16;0.00000000000000E+00;0
4.03461876547447E-17;1.72907316426971E-16;0.00000000000000E+00;0
;;;0
;;;0
;;;0
;;;0
;;;0
;;;0
;;;0
;;;0
;;;0
;;;0
;;;0
;;;0
;;;0
;;;0
;;;0
;;;0
;;;0
;;;0
;;;0
;;;0
;;;0
;;;0
;;;0
;;;0
;;;0
;;;0
;;;0
;;;0
;;;0
;;;0
;;;0
;;;0
;;;0
;;;0
;;;0
;;;0
;;;0
;;;0
;;;0
;;;0
;;;0
;;;0
;;;0
;;;0
;;;0
;;;0
;;;0
;;;0
;;;0
;;;0
;;;0
;;;0
;;;0
;;;0
;;;0
;;;0
;;;0
;;;0
;;;0
;;;0
;;;0
;;;0
;;;0
;;;0
;;;0
;;;0
;;;0
;;;0
;;;0
;;;0
;;;0
;;;0
;;;0
;;;0
;;;0
;;;0
;;;0
;;;0
;;;0
;;;0
;;;0
;;;0
;;;0
;;;0
;;;0
;;;0
;;;0
;;;0
;;;0
;;;0
;;;0
;;;0
;;;0
;;;0
;;;0
;;;0
;;;0
;;;0
;;;0
;;;0
;;;0
;;;0
;;;0
;;;0
;;;0
;;;0
;;;0
;;;0
;;;0
;;;0
;;;0
;;;0
;;;0
;;;0
;;;0
;;;0
;;;0
;;;0
;;;0
;;;0
;;;0
;;;0
;;;0
;;;0
;;;0
;;;0
;;;0
;;;0
;;;0
;;;0
;;;0
;;;0
;;;0
;;;0
;;;0
;;;0
;;;0
;;;0
;;;0
;;;0
;;;0
;;;0
;;;0
;;;0
;;;0
;;;0
;;;0
;;;0
;;;0
;;;0
;;;0
;;;0
;;;0
;;;0
;;;0
;;;0
;;;0
;;;0
;;;0
;;;0
;;;0
;;;0
;;;0
;;;0
;;;0
;;;0
;;;0
;;;0
;;;0
;;;0
;;;0
;;;0
;;;0
;;;0
;;;0
;;;0
;;;0
;;;0
;;;0
;;;0
;;;0
;;;0
;;;0
;;;0
;;;0
;;;0
;;;0
;;;0
;;;0
;;;0
;;;0
;;;0
;;;0
;;;0
;;;0
;;;0
;;;0
;;;0
;;;0
;;;0
;;;0
;;;0
;;;0
;;;0
;;;0
;;;0
;;;0
;;;0
;;;0
;;;0
;;;0
;;;0
;;;0
;;;0
;;;0
;;;0
;;;0
;;;0
;;;0
;;;0
;;;0
;;;0
;;;0
;;;0
;;;0
;;;0
;;;0
;;;0
;;;0
;;;0
;;;0
;;;0
;;;0
;;;0
;;;0
;;;0
;;;0
;;;0
;;;0
;;;0
;;;0
;;;0
;;;0
;;;0
;;;0
;;;0
;;;0
;;;0
;;;0
;;;0
;;;0
;;;0
;;;0
;;;0
;;;0
;;;0
;;;0
;;;0
;;;0
;;;0
;;;0
;;;0
;;;0
;;;0
;;;0
;;;0
;;;0
;;;0
;;;0
;;;0
;;;0
;;;0
;;;0
;;;0
;;;0
;;;0
;;;0
;;;0
;;;0
;;;0
;;;0
;;;0
;;;0
;;;0
;;;0
;;;0
;;;0
;;;0
;;;0
;;;0
;;;0
;;;0
;;;0
;;;0
;;;0
;;;0
;;;0
;;;0
;;;0
;;;0
5.41925842405278E-17;1.54867748320984E-16;0.00000000000000E+00;0
7.05357021550255E-17;2.70555576333317E-16;0.00000000000000E+00;0
2.34368426774131E-17;9.21626023146486E-17;0.00000000000000E+00;0
6.18981058988023E-17;8.24392563783284E-17;0.00000000000000E+00;0
5.27580297724188E-18;8.24757003823637E-17;0.00000000000000E+00;0
3.22845931479976E-17;9.42379205514624E-17;0.00000000000000E+00;0
6.24875946960840E-17;1.97536897665422E-17;0.00000000000000E+00;0
7.15562490473263E-18;1.81888596861219E-16;0.00000000000000E+00;0
1.66038157065051E-17;3.34501427196949E-16;0.00000000000000E+00;0
3.61877214881723E-18;5.06820260138009E-17;0.00000000000000E+00;0
7.98580761804413E-17;3.07633324020316E-16;0.00000000000000E+00;0
2.01601320989723E-17;3.83523019070828E-16;0.00000000000000E+00;0
1.29355959528863E-16;2.21638893490532E-16;0.00000000000000E+00;0
8.96973342075005E-17;3.34335177299704E-16;0.00000000000000E+00;0
1.21479690954468E-18;1.18962348387942E-16;0.00000000000000E+00;0
1.99603832671603E-17;1.36077353122743E-16;0.00000000000000E+00;0
6.58923150383230E-17;1.36254631610234E-16;0.00000000000000E+00;0
1.61542745842676E-17;2.61467477355225E-16;0.00000000000000E+00;0
3.64596726037296E-17;2.75055277808566E-16;0.00000000000000E+00;0
8.24574892195795E-17;5.39775383235514E-17;0.00000000000000E+00;0
3.36413829680594E-17;2.79739355014381E-16;0.00000000000000E+00;0
3.76158475670414E-18;3.65379942028923E-18;0.00000000000000E+00;0
6.86875089338651E-17;1.59192444722595E-16;0.00000000000000E+00;0
2.75418803026532E-17;1.94934030538440E-16;0.00000000000000E+00;0
1.27313595178084E-17;4.18095443871340E-17;0.00000000000000E+00;0
3.28907531240325E-17;8.32924425552302E-17;0.00000000000000E+00;0
3.87377406808753E-17;2.89356647701430E-16;0.00000000000000E+00;0
4.02935073045358E-17;1.91410084499043E-16;0.00000000000000E+00;0
6.48503166429164E-17;6.60403616535490E-17;0.00000000000000E+00;0
5.05516751835808E-17;1.20299283302725E-16;0.00000000000000E+00;0
5.89080864254744E-17;2.61260927783996E-16;0.00000000000000E+00;0
2.89514393916146E-17;1.54599684069217E-16;0.00000000000000E+00;0
5.87752688985030E-17;3.95275992125120E-18;0.00000000000000E+00;0
2.39825896141113E-17;3.02785047298588E-16;0.00000000000000E+00;0
4.62159091940242E-17;2.92253723587729E-16;0.00000000000000E+00;0
6.31974183973290E-17;2.23212101265300E-16;0.00000000000000E+00;0
3.86687068758352E-17;9.11993045263664E-18;0.00000000000000E+00;0
7.77478550800541E-17;1.06369668288958E-16;0.00000000000000E+00;0
4.05022984041970E-17;3.85398004699139E-17;0.00000000000000E+00;0
3.39653302818698E-17;3.37343795145266E-16;0.00000000000000E+00;0
2.75159448883828E-17;3.27379369111382E-16;0.00000000000000E+00;0
5.82460759394357E-17;2.67784561447099E-17;0.00000000000000E+00;0
2.60081851466628E-17;3.50916376735818E-17;0.00000000000000E+00;0
1.12377448138473E-17;1.65507746045980E-16;0.00000000000000E+00;0
1.22692742601327E-16;2.19013372072791E-16;0.00000000000000E+00;0
1.00044106883246E-16;2.56879542761338E-16;0.00000000000000E+00;0
2.86327074139154E-17;1.27192374278428E-16;0.00000000000000E+00;0
3.20908173081472E-17;7.96688564424639E-17;0.00000000000000E+00;0
4.00575328033973E-17;2.34457201077816E-16;0.00000000000000E+00;0
2.08375463803391E-17;2.86362152557641E-17;0.00000000000000E+00;0
1.52461961282159E-16;8.11569467506537E-17;0.00000000000000E+00;0
7.91306580075582E-18;3.42177439143086E-16;0.00000000000000E+00;0
8.37879059092264E-17;4.79034219715026E-16;0.00000000000000E+00;0
1.20080834958385E-17;4.51672816427880E-17;0.00000000000000E+00;0
1.25308311440280E-16;1.52953747771714E-16;0.00000000000000E+00;0
2.63268591506363E-18;3.78787793848233E-17;0.00000000000000E+00;0
3.28495795339153E-17;6.77434156981239E-18;0.00000000000000E+00;0
1.19307553458834E-16;1.80789548044722E-16;0.00000000000000E+00;0
3.20004615991831E-17;4.56622244373204E-16;0.00000000000000E+00;0
7.47241581094994E-17;2.90716347896075E-16;0.00000000000000E+00;0
1.85319276127838E-17;6.05131235017402E-17;0.00000000000000E+00;0
4.38141442646533E-17;8.63183299838327E-17;0.00000000000000E+00;0
5.90776836760711E-17;3.05449337325766E-16;0.00000000000000E+00;0
1.25055294353036E-17;1.66203157051675E-16;0.00000000000000E+00;0
9.00422965199132E-18;1.89604390331967E-16;0.00000000000000E+00;0
3.21665079923571E-17;9.16310129639079E-17;0.00000000000000E+00;0
2.92291081025239E-17;1.79545672237173E-16;0.00000000000000E+00;0
6.94076824810785E-18;9.35991071987458E-17;0.00000000000000E+00;0
1.98519162677362E-17;6.78029999169653E-17;0.00000000000000E+00;0
6.04912818421857E-17;6.04551227930270E-17;0.00000000000000E+00;0
9.26353939930402E-17;1.36950023609738E-16;0.00000000000000E+00;0
1.12305992780658E-16;2.23437635477054E-16;0.00000000000000E+00;0
4.90169992370674E-17;2.40700700718986E-17;0.00000000000000E+00;0
2.57521339317828E-17;1.52331414396104E-16;0.00000000000000E+00;0
9.88503729983204E-17;7.95168952848935E-17;0.00000000000000E+00;0
4.00438655818306E-17;2.51278067135710E-17;0.00000000000000E+00;0
6.19342181459008E-17;5.88020846409494E-17;0.00000000000000E+00;0
4.07880643531726E-17;3.57555310001165E-17;0.00000000000000E+00;0
8.85238003933653E-17;6.30357965626280E-17;0.00000000000000E+00;0
1.18914576917624E-16;4.34652366245058E-16;0.00000000000000E+00;0
3.64259427356877E-17;2.04715750441408E-16;0.00000000000000E+00;0
1.02531423149640E-17;2.75832521742695E-17;0.00000000000000E+00;0
6.01796403051668E-18;6.17768437069974E-17;0.00000000000000E+00;0
4.73118987982308E-17;2.51737383192717E-16;0.00000000000000E+00;0
3.74887550945466E-17;1.14251691344013E-16;0.00000000000000E+00;0
4.06913354002378E-17;2.93350666926295E-18;0.00000000000000E+00;0
5.61035274739644E-18;1.71506517789615E-16;0.00000000000000E+00;0
8.86203348768695E-17;9.97000764485509E-17;0.00000000000000E+00;0
7.37714309681371E-17;6.33088996885352E-17;0.00000000000000E+00;0
7.41191647985662E-17;2.64212895863542E-16;0.00000000000000E+00;0
7.20251625518883E-18;2.45867515113552E-16;0.00000000000000E+00;0
8.06145438288081E-17;2.49456353797354E-16;0.00000000000000E+00;0
1.50099493127297E-17;2.14866840691374E-16;0.00000000000000E+00;0
6.41814691482246E-18;2.57112075260912E-16;0.00000000000000E+00;0
1.17657474166266E-17;2.87570431118848E-17;0.00000000000000E+00;0
5.46605403639716E-17;1.05372198477359E-16;0.00000000000000E+00;0
9.06290366926804E-17;2.49432163164174E-16;0.00000000000000E+00;0
1.63693681762543E-17;3.08505814031348E-16;0.00000000000000E+00;0
1.46820740766401E-16;1.65850824643306E-17;0.00000000000000E+00;0
6.13056669184212E-17;1.93759644315432E-16;0.00000000000000E+00;0
3.83204827167989E-17;1.15164396094262E-18;0.00000000000000E+00;0
2.30957860563409E-17;3.22885960978031E-16;0.00000000000000E+00;0
5.33669672168102E-17;1.95652975066224E-16;0.00000000000000E+00;0
3.67556376956951E-17;9.41417847997159E-17;0.00000000000000E+00;0
1.33057512412819E-17;1.06293154248227E-16;0.00000000000000E+00;0
6.41920413393685E-17;1.88140524952206E-16;0.00000000000000E+00;0
7.38267115370766E-17;4.97190776078411E-17;0.00000000000000E+00;0
1.15546925700488E-16;5.28534835622899E-17;0.00000000000000E+00;0
1.15378728586584E-16;3.35866957380191E-16;0.00000000000000E+00;0
1.91609144528690E-17;2.20573844980678E-16;0.00000000000000E+00;0
3.91644431385592E-17;5.47743188611353E-17;0.00000000000000E+00;0
4.35541152031167E-17;1.73188468783204E-16;0.00000000000000E+00;0
5.83868688276358E-17;1.24381924377242E-18;0.00000000000000E+00;0
9.89941473282903E-17;2.16241445180182E-16;0.00000000000000E+00;0
1.29362650579018E-16;5.86803137324688E-17;0.00000000000000E+00;0
4.09311182139073E-17;1.90279333659350E-16;0.00000000000000E+00;0
8.47263970431757E-17;2.14838819832919E-16;0.00000000000000E+00;0
3.65032796793029E-17;2.20712069938547E-16;0.00000000000000E+00;0
1.11268858225206E-16;1.87636745335747E-16;0.00000000000000E+00;0
2.39305612272293E-17;1.08650063959703E-16;0.00000000000000E+00;0
2.18104281947328E-17;2.23146798500489E-16;0.00000000000000E+00;0
1.80769217507923E-17;6.40635168957899E-17;0.00000000000000E+00;0
7.81273161252654E-17;2.19865323637997E-16;0.00000000000000E+00;0
4.44780423794409E-17;1.25973783728951E-16;0.00000000000000E+00;0
2.49757317518334E-17;2.13878668661704E-16;0.00000000000000E+00;0
1.01009805213604E-16;3.88438453034218E-17;0.00000000000000E+00;0
1.71684197772886E-16;2.51207111639137E-17;0.00000000000000E+00;0
9.46690611076605E-17;1.56487549670576E-16;0.00000000000000E+00;0
9.72026047088691E-17;2.86466518812876E-17;0.00000000000000E+00;0
1.69298535480723E-17;3.65054017878114E-16;0.00000000000000E+00;0
2.04910794511421E-17;2.74834765532403E-16;0.00000000000000E+00;0
1.24213894935170E-16;3.08473073390951E-16;0.00000000000000E+00;0
7.79220765928624E-17;1.43934197306035E-16;0.00000000000000E+00;0
1.05019847645973E-17;5.68865974203157E-17;0.00000000000000E+00;0
5.66849274030490E-17;1.68445100148624E-17;0.00000000000000E+00;0
6.60994373964506E-19;9.57488321139100E-17;0.00000000000000E+00;0
1.97129492677239E-17;2.87155661862011E-16;0.00000000000000E+00;0
1.72265824801943E-17;6.49348151439595E-17;0.00000000000000E+00;0
3.20614627796838E-17;2.77625315460337E-16;0.00000000000000E+00;0
2.41102155529126E-17;1.45341303445107E-16;0.00000000000000E+00;0
9.65099290787037E-17;1.52891320942067E-17;0.00000000000000E+00;0
6.24530702909560E-17;1.45444612500103E-16;0.00000000000000E+00;0
1.04961164028201E-16;9.17303699677521E-17;0.00000000000000E+00;0
7.57379130747694E-18;2.67556799960401E-16;0.00000000000000E+00;0
1.14411309088220E-16;2.32413435221111E-16;0.00000000000000E+00;0
8.67474340735541E-18;3.78128110244633E-16;0.00000000000000E+00;0
1.09436744136490E-16;4.80174526667387E-16;0.00000000000000E+00;0
4.21319303885820E-17;4.64530911538457E-17;0.00000000000000E+00;0
4.22658173981119E-18;2.09540431645403E-16;0.00000000000000E+00;0
3.40983999768202E-17;2.79000577530853E-16;0.00000000000000E+00;0
6.65642912421531E-18;3.22841596639312E-17;0.00000000000000E+00;0
2.50650601376809E-17;2.52535556739400E-16;0.00000000000000E+00;0
1.36744223632229E-16;1.61139634235954E-16;0.00000000000000E+00;0
2.38091876887055E-17;1.10230513636503E-16;0.00000000000000E+00;0
3.40213836538234E-17;2.09016528646198E-16;0.00000000000000E+00;0
1.15702960145102E-16;4.51755212208087E-16;0.00000000000000E+00;0
1.28298301308002E-16;6.44921932251249E-17;0.00000000000000E+00;0
2.56686316908537E-17;1.65742786423232E-16;0.00000000000000E+00;0
1.05235685788682E-16;2.07852245119540E-16;0.00000000000000E+00;0
6.68738694358266E-17;3.36024183017160E-16;0.00000000000000E+00;0
9.90522771234712E-17;2.41163260745445E-16;0.00000000000000E+00;0
4.24048831855348E-17;1.90274114482348E-16;0.00000000000000E+00;0
8.13169318554426E-17;2.10781077028645E-16;0.00000000000000E+00;0
2.46291479716537E-17;1.36368296342833E-17;0.00000000000000E+00;0
3.88416260869017E-17;2.51799328663987E-16;0.00000000000000E+00;0
1.05962098290596E-17;2.75615947281167E-16;0.00000000000000E+00;0
6.53785297385251E-18;2.50218017219663E-16;0.00000000000000E+00;0
4.29991186110928E-17;1.71602928217788E-16;0.00000000000000E+00;0
5.44127376405192E-17;2.48404688807667E-16;0.00000000000000E+00;0
6.92687879397845E-17;2.76532292065497E-16;0.00000000000000E+00;0
4.47616701400878E-17;1.39473767389816E-16;0.00000000000000E+00;0
3.88450278102186E-17;3.72583115093860E-16;0.00000000000000E+00;0
3.81089053637675E-18;3.42268126345924E-17;0.00000000000000E+00;0
1.24800949287824E-17;2.34397908031914E-16;0.00000000000000E+00;0
6.83937216627555E-17;1.13925848944637E-16;0.00000000000000E+00;0
3.42655497704751E-17;5.62599697478453E-18;0.00000000000000E+00;0
4.80402853887122E-17;1.19670523829403E-16;0.00000000000000E+00;0
9.36915021420949E-17;5.05725332798139E-17;0.00000000000000E+00;0
1.22245417948418E-16;1.64028967183426E-16;0.00000000000000E+00;0
1.03671712048685E-16;8.44290347167099E-17;0.00000000000000E+00;0
7.14160216456663E-17;1.93712177589024E-16;0.00000000000000E+00;0
8.71024001625534E-17;8.76104059466037E-17;0.00000000000000E+00;0
2.10551599441419E-17;7.07574067815043E-17;0.00000000000000E+00;0
7.03494204421640E-17;2.15136288904311E-16;0.00000000000000E+00;0
1.44658749580207E-16;1.70014705302461E-16;0.00000000000000E+00;0
1.11606496395933E-16;1.93391235940115E-16;0.00000000000000E+00;0
1.28360588537043E-17;1.04951202735412E-16;0.00000000000000E+00;0
6.24662727017319E-17;8.40986749583010E-18;0.00000000000000E+00;0
2.39348232732228E-17;7.41991525614425E-17;0.00000000000000E+00;0
4.59877988516216E-17;5.80360704717506E-17;0.00000000000000E+00;0
7.71645909909489E-17;1.13479435527384E-16;0.00000000000000E+00;0
6.73719503292410E-19;1.12578562105122E-16;0.00000000000000E+00;0
1.13537459135978E-16;1.06387543260205E-16;0.00000000000000E+00;0
1.05979663486328E-17;3.32660652010491E-16;0.00000000000000E+00;0
8.63484661762796E-19;9.54188098899635E-17;0.00000000000000E+00;0
3.47823849365097E-17;2.63372313821973E-16;0.00000000000000E+00;0
7.61794601794181E-17;1.90456422612594E-16;0.00000000000000E+00;0
4.00976928385957E-17;2.01786962378186E-16;0.00000000000000E+00;0
9.80703484552742E-18;2.26234779854091E-16;0.00000000000000E+00;0
4.43445641316446E-18;1.69129726174257E-16;0.00000000000000E+00;0
;;;0
;;;0
;;;0
;;;0
;;;0
;;;0
;;;0
;;;0
;;;0
;;;0
;;;0
;;;0
;;;0
;;;0
;;;0
;;;0
;;;0
;;;0
;;;0
;;;0
;;;0
;;;0
;;;0
;;;0
;;;0
;;;0
;;;0
;;;0
;;;0
;;;0
;;;0
;;;0
;;;0
;;;0
;;;0
;;;0
;;;0
;;;0
;;;0
;;;0
;;;0
;;;0
;;;0
;;;0
;;;0
;;;0
;;;0
;;;0
;;;0
;;;0
;;;0
;;;0
;;;0
;;;0
;;;0
;;;0
;;;0
;;;0
;;;0
;;;0
;;;0
;;;0
;;;0
;;;0
;;;0
;;;0
;;;0
;;;0
;;;0
;;;0
;;;0
;;;0
;;;0
;;;0
;;;0
;;;0
;;;0
;;;0
;;;0
;;;0
;;;0
;;;0
;;;0
;;;0
;;;0
;;;0
;;;0
;;;0
;;;0
;;;0
;;;0
;;;0
;;;0
;;;0
;;;0
;;;0
;;;0
;;;0
;;;0
;;;0
;;;0
;;;0
;;;0
;;;0
;;;0
;;;0
;;;0
;;;0
;;;0
;;;0
;;;0
;;;0
;;;0
;;;0
;;;0
;;;0
;;;0
;;;0
;;;0
;;;0
;;;0
;;;0
;;;0
;;;0
;;;0
;;;0
;;;0
;;;0
;;;0
;;;0
;;;0
;;;0
;;;0
;;;0
;;;0
;;;0
;;;0
;;;0
;;;0
;;;0
;;;0
;;;0
;;;0
;;;0
;;;0
;;;0
;;;0
;;;0
;;;0
;;;0
;;;0
;;;0
;;;0
;;;0
;;;0
;;;0
;;;0
;;;0
;;;0
;;;0
;;;0
;;;0
;;;0
;;;0
;;;0
;;;0
;;;0
;;;0
;;;0
;;;0
;;;0
;;;0
;;;0
;;;0
;;;0
;;;0
;;;0
;;;0
;;;0
;;;0
;;;0
;;;0
;;;0
;;;0
;;;0
;;;0
;;;0
;;;0
;;;0
;;;0
;;;0
;;;0
;;;0
;;;0
;;;0
;;;0
;;;0
;;;0
;;;0
;;;0
;;;0
;;;0
;;;0
;;;0
;;;0
;;;0
;;;0
;;;0
;;;0
;;;0
;;;0
;;;0
;;;0
;;;0
;;;0
;;;0
;;;0
;;;0
;;;0
;;;0
;;;0
;;;0
;;;0
;;;0
;;;0
;;;0
;;;0
;;;0
;;;0
;;;0
;;;0
;;;0
;;;0
;;;0
;;;0
;;;0
;;;0
;;;0
;;;0
;;;0
;;;0
;;;0
;;;0
;;;0
;;;0
;;;0
;;;0
;;;0
;;;0
;;;0
;;;0
;;;0
;;;0
;;;0
;;;0
;;;0
;;;0
;;;0
;;;0
;;;0
;;;0
;;;0
;;;0
;;;0
;;;0
;;;0
;;;0
;;;0
;;;0
;;;0
;;;0
;;;0
;;;0
;;;0
;;;0
;;;0
;;;0
;;;0
;;;0
;;;0
;;;0
;;;0
;;;0
;;;0
;;;0
;;;0
;;;0
;;;0
;;;0
;;;0
;;;0
;;;0
;;;0
;;;0
;;;0
;;;0
;;;0
;;;0
;;;0
;;;0
;;;0
;;;0
;;;0
;;;0
;;;0
;;;0
;;;0
;;;0
;;;0
;;;0
;;;0
;;;0
;;;0
;;;0
;;;0
;;;0
;;;0
;;;0
;;;0
;;;0
;;;0
;;;0
;;;0
;;;0
;;;0
;;;0
;;;0
;;;0
;;;0
;;;0
;;;0
;;;0
;;;0
;;;0
;;;0
;;;0
;;;0
;;;0
;;;0
;;;0
;;;0
;;;0
;;;0
;;;0
;;;0
;;;0
;;;0
;;;0
;;;0
;;;0
;;;0
;;;0
;;;0
;;;0
;;;0
;;;0
;;;0
;;;0
;;;0
;;;0
;;;0
;;;0
;;;0
;;;0
;;;0
;;;0
;;;0
;;;0
;;;0
;;;0
;;;0
;;;0
;;;0
;;;0
;;;0
;;;0
;;;0
;;;0
;;;0
;;;0
;;;0
;;;0
;;;0
;;;0
;;;0
;;;0
;;;0
;;;0
;;;0
;;;0
;;;0
;;;0
;;;0
;;;0
;;;0
;;;0
;;;0
;;;0
;;;0
;;;0
2.99243289030582E-17;7.33933379258388E-17;0.00000000000000E+00;0
4.33542437749920E-17;3.25245812035897E-16;0.00000000000000E+00;0
2.07557994688679E-17;4.59119788318498E-17;0.00000000000000E+00;0
3.14939384726607E-17;1.66862818110820E-16;0.00000000000000E+00;0
6.68682376605576E-17;1.21540107275906E-16;0.00000000000000E+00;0
7.62548514284743E-17;2.37125161977416E-16;0.00000000000000E+00;0
5.99440677751764E-17;1.43362368586267E-17;0.00000000000000E+00;0
2.06284979226900E-17;2.97335856756380E-16;0.00000000000000E+00;0
1.87042992471829E-17;2.51445483365876E-16;0.00000000000000E+00;0
1.48717295166014E-17;3.44846812976687E-16;0.00000000000000E+00;0
2.56794969721067E-17;1.58136381800391E-16;0.00000000000000E+00;0
5.50135358834169E-17;5.94009684821617E-17;0.00000000000000E+00;0
2.17622125504066E-18;1.65053217947720E-16;0.00000000000000E+00;0
3.65486231357915E-17;1.56511219052578E-16;0.00000000000000E+00;0
2.95512656981335E-17;2.13674356077220E-16;0.00000000000000E+00;0
2.51867442672449E-17;1.54526505986716E-16;0.00000000000000E+00;0
3.71445840211175E-17;2.38396014697352E-16;0.00000000000000E+00;0
2.85230591648899E-17;7.86496452812278E-17;0.00000000000000E+00;0
2.65711545699972E-18;6.07256286654388E-17;0.00000000000000E+00;0
2.88923902302492E-17;1.87258706261968E-16;0.00000000000000E+00;0
6.32864925161887E-17;6.86702545816377E-17;0.00000000000000E+00;0
5.56436180862842E-17;4.33693307137132E-16;0.00000000000000E+00;0
9.11908141058177E-18;4.92561915190540E-17;0.00000000000000E+00;0
1.34421768669891E-17;1.93228249630518E-16;0.00000000000000E+00;0
1.15391396921525E-16;2.17836015286009E-16;0.00000000000000E+00;0
1.67408566247603E-17;1.55390186848692E-16;0.00000000000000E+00;0
1.34697863176511E-16;2.23636328278745E-16;0.00000000000000E+00;0
6.61650616463978E-17;1.92749311505140E-16;0.00000000000000E+00;0
5.47099703971773E-17;1.45693223286648E-17;0.00000000000000E+00;0
1.19599098482801E-17;3.02739680960517E-16;0.00000000000000E+00;0
1.25570806128685E-17;1.59886357591172E-16;0.00000000000000E+00;0
7.27202625737279E-18;3.23112353557546E-16;0.00000000000000E+00;0
4.94294625007322E-17;3.71470408216923E-17;0.00000000000000E+00;0
3.61877082566266E-17;2.77238607046274E-16;0.00000000000000E+00;0
7.22816866085424E-17;6.74362825654180E-17;0.00000000000000E+00;0
4.74342613136677E-17;3.61844036544655E-16;0.00000000000000E+00;0
7.97568360449592E-17;3.11823542857938E-16;0.00000000000000E+00;0
1.30438951504235E-18;2.96613803682589E-16;0.00000000000000E+00;0
1.99981767526284E-17;3.39619399346775E-16;0.00000000000000E+00;0
9.40259118861873E-17;2.23823862259629E-16;0.00000000000000E+00;0
1.31052922877901E-17;1.39194547905581E-16;0.00000000000000E+00;0
1.33818167652035E-17;1.86383689240424E-16;0.00000000000000E+00;0
3.29852557580500E-17;2.03502992136158E-16;0.00000000000000E+00;0
8.97064179027361E-17;1.91152654396682E-16;0.00000000000000E+00;0
7.14485636429844E-17;2.13597848731823E-16;0.00000000000000E+00;0
5.77538490495646E-17;2.23658944358769E-16;0.00000000000000E+00;0
3.15858061920037E-17;6.16070616733410E-18;0.00000000000000E+00;0
1.44457967636923E-18;8.21432098821117E-17;0.00000000000000E+00;0
1.14125026413714E-17;1.91950681578670E-16;0.00000000000000E+00;0
6.49473185880186E-17;2.05383256399998E-16;0.00000000000000E+00;0
7.28770596869006E-18;2.28296977559126E-16;0.00000000000000E+00;0
2.54189655230773E-17;1.13707898083810E-16;0.00000000000000E+00;0
7.19228229338514E-17;1.47375287356090E-16;0.00000000000000E+00;0
3.52035879094273E-17;3.85186756458752E-16;0.00000000000000E+00;0
2.30909685609863E-17;2.54365159310253E-17;0.00000000000000E+00;0
7.02225072781087E-17;5.20136133971072E-17;0.00000000000000E+00;0
6.41265561851450E-17;2.71770061169575E-16;0.00000000000000E+00;0
8.72766904544714E-19;6.64599432933734E-17;0.00000000000000E+00;0
3.44587396000307E-17;1.27979243437480E-16;0.00000000000000E+00;0
4.72106377271505E-17;2.66363772822335E-16;0.00000000000000E+00;0
1.27957530105357E-17;1.85417064443578E-16;0.00000000000000E+00;0
4.02752768875914E-17;2.30425115366476E-16;0.00000000000000E+00;0
4.77117147062780E-17;2.88585121085880E-16;0.00000000000000E+00;0
1.56015208035375E-16;2.25575950579143E-16;0.00000000000000E+00;0
6.79723620693387E-17;1.67170452377574E-16;0.00000000000000E+00;0
2.99615227010235E-17;2.08933387332369E-17;0.00000000000000E+00;0
1.01198590821847E-18;2.43033862641580E-16;0.00000000000000E+00;0
1.54445893941159E-17;1.52727569072790E-16;0.00000000000000E+00;0
1.09583907039798E-16;5.58262278957638E-17;0.00000000000000E+00;0
3.15072163440996E-17;1.99104657266121E-16;0.00000000000000E+00;0
1.02813479376179E-16;9.30450456390704E-17;0.00000000000000E+00;0
5.50591203349742E-17;2.62748182450056E-17;0.00000000000000E+00;0
1.13433441432241E-17;2.74108507307478E-16;0.00000000000000E+00;0
1.29885989604937E-16;3.28937036547257E-16;0.00000000000000E+00;0
2.89063416612556E-17;2.28712669927239E-16;0.00000000000000E+00;0
3.52723112843292E-17;4.89657473885448E-17;0.00000000000000E+00;0
7.50132897208076E-17;3.02310235737346E-16;0.00000000000000E+00;0
8.57628792842445E-17;7.48984584511452E-17;0.00000000000000E+00;0
4.53136026676090E-17;2.69980559664383E-16;0.00000000000000E+00;0
8.25265118693809E-17;2.21740277327722E-16;0.00000000000000E+00;0
3.39152650297459E-17;1.61549733763369E-16;0.00000000000000E+00;0
8.09913756489096E-17;2.62959643465640E-16;0.00000000000000E+00;0
2.71428681841585E-17;3.41985062073880E-21;0.00000000000000E+00;0
3.10466837450031E-17;4.42249298172501E-17;0.00000000000000E+00;0
7.18658759061682E-18;1.45557829033616E-16;0.00000000000000E+00;0
4.37638910701842E-17;1.47701061786365E-16;0.00000000000000E+00;0
3.97121849388188E-18;2.34826091233202E-17;0.00000000000000E+00;0
1.20583437591680E-17;2.25382886575065E-16;0.00000000000000E+00;0
9.95485045506144E-17;9.62516827799590E-17;0.00000000000000E+00;0
2.56154983161573E-17;9.98336624355540E-17;0.00000000000000E+00;0
3.82389072993034E-17;1.52313749399178E-16;0.00000000000000E+00;0
7.33060233894433E-17;7.69163461444686E-17;0.00000000000000E+00;0
7.40289502360292E-17;1.91676732346354E-16;0.00000000000000E+00;0
3.97203953463378E-17;1.77951011743439E-16;0.00000000000000E+00;0
2.05767925249777E-17;1.35549149694204E-16;0.00000000000000E+00;0
2.68738934290101E-17;4.83334711885079E-17;0.00000000000000E+00;0
3.80901111420215E-17;1.56659238286514E-16;0.00000000000000E+00;0
4.73982157648801E-18;1.75479196136297E-16;0.00000000000000E+00;0
3.71836523716629E-17;2.40417186903637E-16;0.00000000000000E+00;0
8.08796031623966E-17;1.46945145187516E-16;0.00000000000000E+00;0
;;;0
;;;0
;;;0
;;;0
;;;0
;;;0
;;;0
;;;0
;;;0
;;;0
;;;0
;;;0
;;;0
;;;0
;;;0
;;;0
;;;0
;;;0
;;;0
;;;0
;;;0
;;;0
;;;0
;;;0
;;;0
;;;0
;;;0
;;;0
;;;0
;;;0
;;;0
;;;0
;;;0
;;;0
;;;0
;;;0
;;;0
;;;0
;;;0
;;;0
;;;0
;;;0
;;;0
;;;0
;;;0
;;;0
;;;0
;;;0
;;;0
;;;0
;;;0
;;;0
;;;0
;;;0
;;;0
;;;0
;;;0
;;;0
;;;0
;;;0
;;;0
;;;0
;;;0
;;;0
;;;0
;;;0
;;;0
;;;0
;;;0
;;;0
;;;0
;;;0
;;;0
;;;0
;;;0
;;;0
;;;0
;;;0
;;;0
;;;0
;;;0
;;;0
;;;0
;;;0
;;;0
;;;0
;;;0
;;;0
;;;0
;;;0
;;;0
;;;0
;;;0
;;;0
;;;0
;;;0
;;;0
;;;0
;;;0
;;;0
;;;0
;;;0
;;;0
;;;0
;;;0
;;;0
;;;0
;;;0
;;;0
;;;0
;;;0
;;;0
;;;0
;;;0
;;;0
;;;0
;;;0
;;;0
;;;0
;;;0
;;;0
;;;0
;;;0
;;;0
;;;0
;;;0
;;;0
;;;0
;;;0
;;;0
;;;0
;;;0
;;;0
;;;0
;;;0
;;;0
;;;0
;;;0
;;;0
;;;0
;;;0
;;;0
;;;0
;;;0
;;;0
;;;0
;;;0
;;;0
;;;0
;;;0
;;;0
;;;0
;;;0
;;;0
;;;0
;;;0
;;;0
;;;0
;;;0
;;;0
;;;0
;;;0
;;;0
;;;0
;;;0
;;;0
;;;0
;;;0
;;;0
;;;0
;;;0
;;;0
;;;0
;;;0
;;;0
;;;0
;;;0
;;;0
;;;0
;;;0
;;;0
;;;0
;;;0
;;;0
;;;0
;;;0
;;;0
;;;0
;;;0
;;;0
;;;0
;;;0
;;;0
;;;0
;;;0
;;;0
;;;0
;;;0
;;;0
;;;0
;;;0
;;;0
;;;0
;;;0
;;;0
;;;0
;;;0
;;;0
;;;0
;;;0
;;;0
;;;0
;;;0
;;;0
;;;0
;;;0
;;;0
;;;0
;;;0
;;;0
;;;0
;;;0
;;;0
;;;0
;;;0
;;;0
;;;0
;;;0
;;;0
;;;0
;;;0
;;;0
;;;0
;;;0
;;;0
;;;0
;;;0
;;;0
;;;0
;;;0
;;;0
;;;0
;;;0
;;;0
;;;0
;;;0
;;;0
;;;0
;;;0
;;;0
;;;0
;;;0
;;;0
;;;0
;;;0
;;;0
;;;0
;;;0
;;;0
;;;0
;;;0
;;;0
;;;0
;;;0
;;;0
;;;0
;;;0
;;;0
;;;0
;;;0
;;;0
;;;0
;;;0
;;;0
;;;0
;;;0
;;;0
;;;0
;;;0
;;;0
;;;0
;;;0
;;;0
;;;0
;;;0
;;;0
;;;0
;;;0
;;;0
;;;0
;;;0
;;;0
;;;0
;;;0
;;;0
;;;0
;;;0
;;;0
;;;0
;;;0
;;;0
;;;0
;;;0
;;;0
;;;0
;;;0
;;;0
;;;0
;;;0
;;;0
;;;0
;;;0
;;;0
;;;0
;;;0
;;;0
;;;0
;;;0
;;;0
;;;0
;;;0
;;;0
;;;0
;;;0
;;;0
;;;0
;;;0
;;;0
;;;0
;;;0
;;;0
;;;0
;;;0
;;;0
;;;0
;;;0
;;;0
;;;0
;;;0
;;;0
;;;0
;;;0
;;;0
;;;0
;;;0
;;;0
;;;0
;;;0
;;;0
;;;0
;;;0
;;;0
;;;0
;;;0
;;;0
;;;0
;;;0
;;;0
;;;0
;;;0
;;;0
;;;0
;;;0
;;;0
;;;0
;;;0
;;;0
;;;0
;;;0
;;;0
;;;0
;;;0
;;;0
;;;0
;;;0
;;;0
;;;0
;;;0
;;;0
;;;0
;;;0
;;;0
;;;0
;;;0
;;;0
;;;0
;;;0
;;;0
;;;0
;;;0
;;;0
;;;0
;;;0
;;;0
;;;0
;;;0
;;;0
;;;0
;;;0
;;;0
5.40030708111968E-18;3.83453637185037E-16;0.00000000000000E+00;0
8.60226127589289E-17;1.31932632281192E-16;0.00000000000000E+00;0
1.75806289822807E-17;1.53069377164568E-16;0.00000000000000E+00;0
3.56333102829163E-17;4.07939327388347E-16;0.00000000000000E+00;0
3.42949686683004E-17;3.45955677949577E-16;0.00000000000000E+00;0
7.59808846930227E-17;3.36536876051990E-16;0.00000000000000E+00;0
2.92691365386644E-17;1.40220155917320E-16;0.00000000000000E+00;0
3.78968257366280E-17;2.84532251578291E-16;0.00000000000000E+00;0
3.41837863260806E-17;2.27630721604034E-16;0.00000000000000E+00;0
3.39028015931555E-17;5.56688069866298E-17;0.00000000000000E+00;0
1.34128249368982E-16;5.83785820893490E-17;0.00000000000000E+00;0
1.85139554426557E-17;1.31855085849840E-16;0.00000000000000E+00;0
1.54636458919122E-17;3.49989645337193E-17;0.00000000000000E+00;0
4.33248156133713E-18;3.03283174090151E-16;0.00000000000000E+00;0
1.01163079971578E-17;1.83285175945533E-17;0.00000000000000E+00;0
2.56790789810830E-17;3.48599408965202E-17;0.00000000000000E+00;0
1.39928007877540E-16;1.90837841702496E-16;0.00000000000000E+00;0
1.54230357238303E-17;1.20484600197099E-16;0.00000000000000E+00;0
7.48317473292969E-17;1.16393240325305E-16;0.00000000000000E+00;0
1.28465793181256E-17;4.73540362745712E-17;0.00000000000000E+00;0
6.68988497797583E-17;7.72053851629046E-17;0.00000000000000E+00;0
3.52415265127475E-17;1.63553403762149E-17;0.00000000000000E+00;0
4.24728796331009E-17;3.04697168641168E-16;0.00000000000000E+00;0
3.47905259941350E-17;2.21451774277105E-16;0.00000000000000E+00;0
7.49027096712418E-17;2.65942259412861E-16;0.00000000000000E+00;0
4.24583970784187E-17;9.04678494824577E-17;0.00000000000000E+00;0
8.92303169817712E-18;4.21081467552543E-17;0.00000000000000E+00;0
1.67381127633874E-17;1.18878972725774E-16;0.00000000000000E+00;0
4.05349577776115E-17;2.71999357167992E-16;0.00000000000000E+00;0
4.47996696449369E-17;1.35965842542245E-16;0.00000000000000E+00;0
4.83976680711575E-17;2.08018401857512E-16;0.00000000000000E+00;0
2.47913058013926E-17;1.50249126063423E-16;0.00000000000000E+00;0
1.62867999235454E-17;2.18592759070007E-16;0.00000000000000E+00;0
1.86083833431796E-17;4.18161147170348E-17;0.00000000000000E+00;0
1.68045540977934E-17;2.27617553999165E-16;0.00000000000000E+00;0
9.85849901134368E-17;3.44152860798615E-16;0.00000000000000E+00;0
5.58797022305514E-17;2.16034323051799E-16;0.00000000000000E+00;0
3.59236525412070E-17;1.75640283052185E-16;0.00000000000000E+00;0
8.59495971196818E-18;3.11398978524776E-16;0.00000000000000E+00;0
5.10460758409569E-17;1.00220730359006E-16;0.00000000000000E+00;0
6.21010556915453E-17;1.92114451891254E-16;0.00000000000000E+00;0
6.29927885859892E-17;2.47703439891943E-16;0.00000000000000E+00;0
6.84101074349252E-18;2.05391130752079E-16;0.00000000000000E+00;0
4.65220228990073E-17;2.63340580648437E-16;0.00000000000000E+00;0
4.75932751417565E-18;2.33740511205138E-16;0.00000000000000E+00;0
6.39189707724370E-17;4.60067725281146E-17;0.00000000000000E+00;0
5.64124354159546E-17;3.45781066549376E-17;0.00000000000000E+00;0
2.45034237495100E-17;2.29827494939443E-16;0.00000000000000E+00;0
1.12863528727577E-17;1.76499281435390E-16;0.00000000000000E+00;0
1.01965867146828E-17;9.59210034182103E-17;0.00000000000000E+00;0
1.61848630592594E-16;3.62820233043984E-16;0.00000000000000E+00;0
4.20345718834462E-17;1.59253817805012E-16;0.00000000000000E+00;0
6.36349355195765E-17;1.88064275829257E-17;0.00000000000000E+00;0
4.52921643157939E-17;2.03903267857964E-18;0.00000000000000E+00;0
4.95772413162008E-17;2.34535407800179E-16;0.00000000000000E+00;0
3.93601992254635E-17;1.78040418954287E-16;0.00000000000000E+00;0
2.77618626135432E-17;2.43647897091293E-16;0.00000000000000E+00;0
9.68042796181416E-18;6.59013716104075E-17;0.00000000000000E+00;0
5.47294401041607E-17;1.98115969626515E-16;0.00000000000000E+00;0
1.52663776460131E-17;2.41303442786497E-16;0.00000000000000E+00;0
1.23524843469149E-17;1.77183793659837E-16;0.00000000000000E+00;0
1.17588737871673E-16;1.15256866046677E-16;0.00000000000000E+00;0
9.29638431741073E-18;6.01295830624668E-18;0.00000000000000E+00;0
7.84585512079069E-17;3.20946970863461E-17;0.00000000000000E+00;0
7.71118182413755E-17;2.62737138163009E-16;0.00000000000000E+00;0
3.74028732136228E-17;2.49730674292247E-16;0.00000000000000E+00;0
6.14665666691296E-17;2.23713927210071E-16;0.00000000000000E+00;0
1.31403349831667E-17;2.33244692480033E-16;0.00000000000000E+00;0
2.48992044433126E-17;7.48729830631324E-17;0.00000000000000E+00;0
8.13962460395819E-17;1.18564288526133E-16;0.00000000000000E+00;0
6.24487986475403E-17;1.13305319285757E-16;0.00000000000000E+00;0
2.64307801469379E-17;1.56194534258171E-16;0.00000000000000E+00;0
8.61979827066059E-17;2.47055492478476E-16;0.00000000000000E+00;0
9.91331873556855E-17;2.27062103971941E-16;0.00000000000000E+00;0
4.15801342298254E-18;4.25025875537463E-16;0.00000000000000E+00;0
8.39141875126348E-17;2.51937826410347E-16;0.00000000000000E+00;0
4.47015333608341E-17;4.19905861455018E-17;0.00000000000000E+00;0
3.55480218709667E-17;1.48683173684214E-16;0.00000000000000E+00;0
8.66010912486762E-17;8.72137778190870E-17;0.00000000000000E+00;0
3.86949784300777E-19;1.05138279635993E-16;0.00000000000000E+00;0
1.23082206077908E-16;8.34144882554668E-17;0.00000000000000E+00;0
4.75400214660691E-17;2.81567059062518E-16;0.00000000000000E+00;0
1.25162613991925E-17;1.51089828830125E-16;0.00000000000000E+00;0
6.78142814617450E-17;1.72596703971821E-16;0.00000000000000E+00;0
1.14019193208579E-17;3.37778717462883E-16;0.00000000000000E+00;0
1.92081084759643E-17;1.49587788965974E-16;0.00000000000000E+00;0
1.04462088072442E-16;8.15522454977047E-17;0.00000000000000E+00;0
3.38711094567260E-18;5.10222492766604E-19;0.00000000000000E+00;0
1.04154679439926E-16;8.55355429754376E-17;0.00000000000000E+00;0
1.98655534948748E-17;2.24193285364373E-16;0.00000000000000E+00;0
7.80808978644271E-17;1.53157315537946E-16;0.00000000000000E+00;0
4.78112172684943E-17;2.00703452327340E-17;0.00000000000000E+00;0
7.34490370816687E-17;1.99416797928421E-16;0.00000000000000E+00;0
9.19598152504065E-17;2.14295714235013E-16;0.00000000000000E+00;0
7.40668910492135E-17;1.86933692766354E-16;0.00000000000000E+00;0
1.20101203037525E-16;3.34624508275185E-18;0.00000000000000E+00;0
3.41638382644230E-17;1.03435135250153E-16;0.00000000000000E+00;0
6.94065916038553E-17;1.46391978110400E-16;0.00000000000000E+00;0
7.69666552239021E-17;3.92260440922206E-16;0.00000000000000E+00;0
1.61352085515320E-17;2.00939277515266E-16;0.00000000000000E+00;0
;;;0
;;;0
;;;0
;;;0
;;;0
;;;0
;;;0
;;;0
;;;0
;;;0
;;;0
;;;0
;;;0
;;;0
;;;0
;;;0
;;;0
;;;0
;;;0
;;;0
;;;0
;;;0
;;;0
;;;0
;;;0
;;;0
;;;0
;;;0
;;;0
;;;0
;;;0
;;;0
;;;0
;;;0
;;;0
;;;0
;;;0
;;;0
;;;0
;;;0
;;;0
;;;0
;;;0
;;;0
;;;0
;;;0
;;;0
;;;0
;;;0
;;;0
;;;0
;;;0
;;;0
;;;0
;;;0
;;;0
;;;0
;;;0
;;;0
;;;0
;;;0
;;;0
;;;0
;;;0
;;;0
;;;0
;;;0
;;;0
;;;0
;;;0
;;;0
;;;0
;;;0
;;;0
;;;0
;;;0
;;;0
;;;0
;;;0
;;;0
;;;0
;;;0
;;;0
;;;0
;;;0
;;;0
;;;0
;;;0
;;;0
;;;0
;;;0
;;;0
;;;0
;;;0
;;;0
;;;0
;;;0
;;;0
;;;0
;;;0
;;;0
;;;0
;;;0
;;;0
;;;0
;;;0
;;;0
;;;0
;;;0
;;;0
;;;0
;;;0
;;;0
;;;0
;;;0
;;;0
;;;0
;;;0
;;;0
;;;0
;;;0
;;;0
;;;0
;;;0
;;;0
;;;0
;;;0
;;;0
;;;0
;;;0
;;;0
;;;0
;;;0
;;;0
;;;0
;;;0
;;;0
;;;0
;;;0
;;;0
;;;0
;;;0
;;;0
;;;0
;;;0
;;;0
;;;0
;;;0
;;;0
;;;0
;;;0
;;;0
;;;0
;;;0
;;;0
;;;0
;;;0
;;;0
;;;0
;;;0
;;;0
;;;0
;;;0
;;;0
;;;0
;;;0
;;;0
;;;0
;;;0
;;;0
;;;0
;;;0
;;;0
;;;0
;;;0
;;;0
;;;0
;;;0
;;;0
;;;0
;;;0
;;;0
;;;0
;;;0
;;;0
;;;0
;;;0
;;;0
;;;0
;;;0
;;;0
;;;0
;;;0
;;;0
;;;0
;;;0
;;;0
;;;0
;;;0
;;;0
;;;0
;;;0
;;;0
;;;0
;;;0
;;;0
;;;0
;;;0
;;;0
;;;0
;;;0
;;;0
;;;0
;;;0
;;;0
;;;0
;;;0
;;;0
;;;0
;;;0
;;;0
;;;0
;;;0
;;;0
;;;0
;;;0
;;;0
;;;0
;;;0
;;;0
;;;0
;;;0
;;;0
;;;0
;;;0
;;;0
;;;0
;;;0
;;;0
;;;0
;;;0
;;;0
;;;0
;;;0
;;;0
;;;0
;;;0
;;;0
;;;0
;;;0
;;;0
;;;0
;;;0
;;;0
;;;0
;;;0
;;;0
;;;0
;;;0
;;;0
;;;0
;;;0
;;;0
;;;0
;;;0
;;;0
;;;0
;;;0
;;;0
;;;0
;;;0
;;;0
;;;0
;;;0
;;;0
;;;0
;;;0
;;;0
;;;0
;;;0
;;;0
;;;0
;;;0
;;;0
;;;0
;;;0
;;;0
;;;0
;;;0
;;;0
;;;0
;;;0
;;;0
;;;0
;;;0
;;;0
;;;0
;;;0
;;;0
;;;0
;;;0
;;;0
;;;0
;;;0
;;;0
;;;0
;;;0
;;;0
;;;0
;;;0
;;;0
;;;0
;;;0
;;;0
;;;0
;;;0
;;;0
;;;0
;;;0
;;;0
;;;0
;;;0
;;;0
;;;0
;;;0
;;;0
;;;0
;;;0
;;;0
;;;0
;;;0
;;;0
;;;0
;;;0
;;;0
;;;0
;;;0
;;;0
;;;0
;;;0
;;;0
;;;0
;;;0
;;;0
;;;0
;;;0
;;;0
;;;0
;;;0
;;;0
;;;0
;;;0
;;;0
;;;0
;;;0
;;;0
;;;0
;;;0
;;;0
;;;0
;;;0
;;;0
;;;0
;;;0
;;;0
;;;0
;;;0
;;;0
;;;0
;;;0
;;;0
;;;0
;;;0
;;;0
;;;0
;;;0
;;;0
;;;0
;;;0
;;;0
;;;0
;;;0
;;;0
;;;0
;;;0
;;;0
;;;0
;;;0
;;;0
;;;0
;;;0
;;;0
;;;0
;;;0
;;;0
;;;0
;;;0
;;;0
;;;0
;;;0
1.11615367919983E-17;8.89894603276951E-17;0.00000000000000E+00;0
6.56366526689100E-17;1.91881844161953E-16;0.00000000000000E+00;0
1.60475765419899E-17;2.48002325519061E-16;0.00000000000000E+00;0
8.98621929566538E-17;1.06117705720177E-16;0.00000000000000E+00;0
3.04224990740443E-17;8.76978604741730E-17;0.00000000000000E+00;0
7.53982697789686E-17;7.71178684383815E-17;0.00000000000000E+00;0
9.92618091475840E-17;2.75909062220935E-16;0.00000000000000E+00;0
5.28827207640687E-17;8.88706390687918E-17;0.00000000000000E+00;0
8.41413588149327E-19;2.55749956167388E-17;0.00000000000000E+00;0
8.80347118910443E-17;1.87097035143026E-16;0.00000000000000E+00;0
1.09617371284971E-16;1.82420625484505E-16;0.00000000000000E+00;0
8.76587922177418E-17;8.74728543285313E-17;0.00000000000000E+00;0
8.78259165965444E-17;1.27885752201925E-16;0.00000000000000E+00;0
6.04443304366139E-17;5.11610192265693E-17;0.00000000000000E+00;0
6.49216908958265E-17;1.64097809976720E-16;0.00000000000000E+00;0
1.03755393645932E-16;8.61936990392109E-18;0.00000000000000E+00;0
1.16069432221499E-16;3.51699972594200E-16;0.00000000000000E+00;0
2.01717712724660E-17;2.12212536133485E-16;0.00000000000000E+00;0
1.31664123067264E-16;3.45285414973155E-16;0.00000000000000E+00;0
5.26232403207121E-18;2.50279068839241E-16;0.00000000000000E+00;0
2.02133310445534E-17;2.58847226529002E-16;0.00000000000000E+00;0
4.01278741320584E-17;2.98262360656498E-16;0.00000000000000E+00;0
4.28715531699992E-18;2.36872621722030E-16;0.00000000000000E+00;0
4.16455075915868E-17;1.19673909045901E-16;0.00000000000000E+00;0
5.56339108508140E-17;1.58721397004514E-16;0.00000000000000E+00;0
3.12662623703407E-17;2.59088605373031E-16;0.00000000000000E+00;0
2.91112138383762E-18;7.17705381860048E-17;0.00000000000000E+00;0
1.14497578750389E-16;2.34780934121231E-16;0.00000000000000E+00;0
1.77522683711905E-17;1.95759002262518E-16;0.00000000000000E+00;0
2.77123150007866E-17;2.05780127009880E-17;0.00000000000000E+00;0
3.89627741673256E-19;1.09469896421279E-16;0.00000000000000E+00;0
5.10167945899191E-17;3.00603291834956E-16;0.00000000000000E+00;0
6.22802348250435E-17;7.96803894247101E-17;0.00000000000000E+00;0
1.27819163602545E-16;2.81061132247792E-16;0.00000000000000E+00;0
2.83466252627956E-17;2.95970119385692E-16;0.00000000000000E+00;0
2.66264961724258E-17;2.57100000669559E-16;0.00000000000000E+00;0
1.37570627510955E-17;1.16572621117252E-16;0.00000000000000E+00;0
1.83657417825083E-17;6.42317792190912E-17;0.00000000000000E+00;0
2.71249257359361E-17;1.87798624791690E-16;0.00000000000000E+00;0
2.92965749247276E-17;2.66799990460594E-16;0.00000000000000E+00;0
3.16435937280856E-17;2.82566625729341E-16;0.00000000000000E+00;0
4.28574700689923E-17;2.69148718091262E-16;0.00000000000000E+00;0
1.48844088324783E-17;3.84336182677469E-17;0.00000000000000E+00;0
8.59563363848009E-17;1.61564586279827E-16;0.00000000000000E+00;0
1.05499742941914E-17;2.38739813183605E-16;0.00000000000000E+00;0
6.68145051486069E-17;7.54801413186485E-17;0.00000000000000E+00;0
6.31267955944567E-17;2.82205020146091E-16;0.00000000000000E+00;0
7.82970712310036E-18;3.42216585409095E-16;0.00000000000000E+00;0
9.03195702038262E-18;3.12187210620601E-16;0.00000000000000E+00;0
5.23500041274216E-17;3.06344608079166E-16;0.00000000000000E+00;0
2.30951284194167E-17;1.77773740264518E-16;0.00000000000000E+00;0
2.52754081979884E-17;7.92494836281531E-17;0.00000000000000E+00;0
3.46877909616911E-17;7.14738438925611E-17;0.00000000000000E+00;0
1.71785350793997E-17;2.36733007423567E-16;0.00000000000000E+00;0
1.25365836244991E-16;2.50992250253725E-16;0.00000000000000E+00;0
4.38957515845923E-17;7.61221572637549E-17;0.00000000000000E+00;0
2.00381426289279E-17;2.85644443472263E-17;0.00000000000000E+00;0
6.33732565282967E-17;1.27316072866130E-16;0.00000000000000E+00;0
9.22616615964228E-17;4.32405086068438E-17;0.00000000000000E+00;0
7.91632705486482E-17;1.86219647159425E-16;0.00000000000000E+00;0
2.11212611508784E-17;7.36781371696170E-17;0.00000000000000E+00;0
6.67554961481870E-17;2.01586020275906E-17;0.00000000000000E+00;0
3.03622585215869E-18;2.04030350045705E-16;0.00000000000000E+00;0
3.61509422532949E-17;8.59415886781012E-17;0.00000000000000E+00;0
4.34266510208620E-17;4.19944427977447E-17;0.00000000000000E+00;0
3.28688726864405E-17;6.80860918420368E-17;0.00000000000000E+00;0
1.91725528958690E-17;3.20444744030527E-16;0.00000000000000E+00;0
7.21843697649876E-19;1.60184594618074E-16;0.00000000000000E+00;0
3.68508800513471E-17;4.07669573103528E-16;0.00000000000000E+00;0
2.63738325247407E-17;2.43974377160378E-16;0.00000000000000E+00;0
5.14909697557297E-17;8.90426045644495E-17;0.00000000000000E+00;0
7.97704104986372E-17;1.10006794183714E-16;0.00000000000000E+00;0
1.23763406571892E-16;2.99042019379546E-16;0.00000000000000E+00;0
8.21886997042202E-17;1.48128273835277E-16;0.00000000000000E+00;0
2.60501682855283E-17;2.26037403760590E-16;0.00000000000000E+00;0
5.21573119917927E-17;3.07147095933565E-16;0.00000000000000E+00;0
4.76935081030592E-17;1.54657607897679E-16;0.00000000000000E+00;0
4.75111991619787E-17;1.70794577649610E-16;0.00000000000000E+00;0
2.41476285109595E-17;2.24463191106546E-16;0.00000000000000E+00;0
7.41059100288399E-17;2.35221044105181E-16;0.00000000000000E+00;0
7.59771616067866E-17;2.87994833263648E-17;0.00000000000000E+00;0
3.37058251263221E-17;2.38137611189709E-16;0.00000000000000E+00;0
1.31778609028679E-16;2.88893341826680E-16;0.00000000000000E+00;0
6.56427123564743E-18;7.68074211156649E-17;0.00000000000000E+00;0
6.16702136894629E-17;2.84056871667625E-17;0.00000000000000E+00;0
1.00788075105717E-16;9.23245496683512E-17;0.00000000000000E+00;0
4.10905826515018E-17;3.49641556962602E-16;0.00000000000000E+00;0
3.57012788214621E-17;2.27457993926963E-16;0.00000000000000E+00;0
1.15002055026993E-16;2.12841758181786E-16;0.00000000000000E+00;0
2.74092847110789E-17;6.63681587968346E-17;0.00000000000000E+00;0
1.20163002779664E-17;1.04787934883037E-16;0.00000000000000E+00;0
6.16986410594903E-17;1.38614825680460E-16;0.00000000000000E+00;0
7.29321617203868E-17;4.96597932509197E-17;0.00000000000000E+00;0
4.36987358069506E-17;4.04261297866029E-19;0.00000000000000E+00;0
8.27914857165947E-17;3.03557323204809E-16;0.00000000000000E+00;0
8.97960422132593E-17;2.02703845986514E-16;0.00000000000000E+00;0
1.13470121732461E-16;3.44085056244391E-17;0.00000000000000E+00;0
1.34595163354304E-17;1.77000382958237E-16;0.00000000000000E+00;0
5.39165104838276E-17;9.62895798936501E-17;0.00000000000000E+00;0
1.19324156874125E-16;2.40625401174987E-16;0.00000000000000E+00;0
;;;0
;;;0
;;;0
;;;0
;;;0
;;;0
;;;0
;;;0
;;;0
;;;0
;;;0
;;;0
;;;0
;;;0
;;;0
;;;0
;;;0
;;;0
;;;0
;;;0
;;;0
;;;0
;;;0
;;;0
;;;0
;;;0
;;;0
;;;0
;;;0
;;;0
;;;0
;;;0
;;;0
;;;0
;;;0
;;;0
;;;0
;;;0
;;;0
;;;0
;;;0
;;;0
;;;0
;;;0
;;;0
;;;0
;;;0
;;;0
;;;0
;;;0
;;;0
;;;0
;;;0
;;;0
;;;0
;;;0
;;;0
;;;0
;;;0
;;;0
;;;0
;;;0
;;;0
;;;0
;;;0
;;;0
;;;0
;;;0
;;;0
;;;0
;;;0
;;;0
;;;0
;;;0
;;;0
;;;0
;;;0
;;;0
;;;0
;;;0
;;;0
;;;0
;;;0
;;;0
;;;0
;;;0
;;;0
;;;0
;;;0
;;;0
;;;0
;;;0
;;;0
;;;0
;;;0
;;;0
;;;0
;;;0
;;;0
;;;0
;;;0
;;;0
;;;0
;;;0
;;;0
;;;0
;;;0
;;;0
;;;0
;;;0
;;;0
;;;0
;;;0
;;;0
;;;0
;;;0
;;;0
;;;0
;;;0
;;;0
;;;0
;;;0
;;;0
;;;0
;;;0
;;;0
;;;0
;;;0
;;;0
;;;0
;;;0
;;;0
;;;0
;;;0
;;;0
;;;0
;;;0
;;;0
;;;0
;;;0
;;;0
;;;0
;;;0
;;;0
;;;0
;;;0
;;;0
;;;0
;;;0
;;;0
;;;0
;;;0
;;;0
;;;0
;;;0
;;;0
;;;0
;;;0
;;;0
;;;0
;;;0
;;;0
;;;0
;;;0
;;;0
;;;0
;;;0
;;;0
;;;0
;;;0
;;;0
;;;0
;;;0
;;;0
;;;0
;;;0
;;;0
;;;0
;;;0
;;;0
;;;0
;;;0
;;;0
;;;0
;;;0
;;;0
;;;0
;;;0
;;;0
;;;0
;;;0
;;;0
;;;0
;;;0
;;;0
;;;0
;;;0
;;;0
;;;0
;;;0
;;;0
;;;0
;;;0
;;;0
;;;0
;;;0
;;;0
;;;0
;;;0
;;;0
;;;0
;;;0
;;;0
;;;0
;;;0
;;;0
;;;0
;;;0
;;;0
;;;0
;;;0
;;;0
;;;0
;;;0
;;;0
;;;0
;;;0
;;;0
;;;0
;;;0
;;;0
;;;0
;;;0
;;;0
;;;0
;;;0
;;;0
;;;0
;;;0
;;;0
;;;0
;;;0
;;;0
;;;0
;;;0
;;;0
;;;0
;;;0
;;;0
;;;0
;;;0
;;;0
;;;0
;;;0
;;;0
;;;0
;;;0
;;;0
;;;0
;;;0
;;;0
;;;0
;;;0
;;;0
;;;0
;;;0
;;;0
;;;0
;;;0
;;;0
;;;0
;;;0
;;;0
;;;0
;;;0
;;;0
;;;0
;;;0
;;;0
;;;0
;;;0
;;;0
;;;0
;;;0
;;;0
;;;0
;;;0
;;;0
;;;0
;;;0
;;;0
;;;0
;;;0
;;;0
;;;0
;;;0
;;;0
;;;0
;;;0
;;;0
;;;0
;;;0
;;;0
;;;0
;;;0
;;;0
;;;0
;;;0
;;;0
;;;0
;;;0
;;;0
;;;0
;;;0
;;;0
;;;0
;;;0
;;;0
;;;0
;;;0
;;;0
;;;0
;;;0
;;;0
;;;0
;;;0
;;;0
;;;0
;;;0
;;;0
;;;0
;;;0
;;;0
;;;0
;;;0
;;;0
;;;0
;;;0
;;;0
;;;0
;;;0
;;;0
;;;0
;;;0
;;;0
;;;0
;;;0
;;;0
;;;0
;;;0
;;;0
;;;0
;;;0
;;;0
;;;0
;;;0
;;;0
;;;0
;;;0
;;;0
;;;0
;;;0
;;;0
;;;0
;;;0
;;;0
;;;0
;;;0
;;;0
;;;0
;;;0
;;;0
;;;0
;;;0
;;;0
;;;0
;;;0
;;;0
;;;0
;;;0
;;;0
;;;0
;;;0
;;;0
;;;0
;;;0
;;;0
;;;0
;;;0
;;;0
;;;0
;;;0
;;;0
;;;0
;;;0
;;;0
;;;0
;;;0
;;;0
;;;0
9.60635208938478E-17;9.54929538768598E-18;0.00000000000000E+00;0
3.63463140879423E-17;1.90868730339404E-16;0.00000000000000E+00;0
2.94667316905122E-18;1.78356220774024E-16;0.00000000000000E+00;0
4.13105895040546E-17;2.49754061623602E-16;0.00000000000000E+00;0
9.40747340663735E-17;8.31910390478289E-17;0.00000000000000E+00;0
1.40542218749113E-16;1.28111971456016E-16;0.00000000000000E+00;0
2.62563152003070E-17;1.42385057233530E-16;0.00000000000000E+00;0
1.08426659125797E-16;8.45130106353131E-17;0.00000000000000E+00;0
6.12602100245877E-19;2.59765767358042E-16;0.00000000000000E+00;0
1.00044739822979E-16;9.64541959168801E-18;0.00000000000000E+00;0
7.61520112363164E-18;2.96970738640401E-16;0.00000000000000E+00;0
3.93517136526217E-17;1.91047268245195E-16;0.00000000000000E+00;0
3.99075063107002E-17;1.84009611311839E-16;0.00000000000000E+00;0
9.36466031331860E-17;1.64628204506659E-16;0.00000000000000E+00;0
7.66537653651128E-17;3.86983137497354E-17;0.00000000000000E+00;0
5.23429203262997E-17;3.59320794746528E-16;0.00000000000000E+00;0
3.69163367150905E-17;2.75959140068737E-16;0.00000000000000E+00;0
4.03495607990186E-17;7.36007085218906E-17;0.00000000000000E+00;0
4.15108672741103E-18;2.23028778240320E-16;0.00000000000000E+00;0
8.66474798155092E-17;9.13959861966154E-17;0.00000000000000E+00;0
1.11280764814477E-16;2.15280921226453E-16;0.00000000000000E+00;0
1.38437434276394E-17;2.72036162283827E-16;0.00000000000000E+00;0
2.38937972060074E-17;1.19972467987829E-16;0.00000000000000E+00;0
5.84699883647395E-17;2.70983248030661E-16;0.00000000000000E+00;0
5.57930565760905E-17;5.94185162291853E-17;0.00000000000000E+00;0
6.49951276442506E-17;2.32790750711902E-16;0.00000000000000E+00;0
1.30285555662578E-18;2.45175080744030E-17;0.00000000000000E+00;0
1.42033670637991E-17;1.10728027242690E-16;0.00000000000000E+00;0
1.11849082857977E-16;2.17531911628664E-16;0.00000000000000E+00;0
5.47022714096664E-17;9.23886750575846E-17;0.00000000000000E+00;0
1.05944892082951E-16;1.52429553833999E-16;0.00000000000000E+00;0
6.11067460825161E-17;2.75716787841342E-16;0.00000000000000E+00;0
5.24082184068250E-17;4.30489776020275E-16;0.00000000000000E+00;0
1.02680282744494E-17;2.37962092795201E-16;0.00000000000000E+00;0
9.62759283237043E-17;2.43469704754250E-16;0.00000000000000E+00;0
8.27613780371023E-17;2.75466790383803E-16;0.00000000000000E+00;0
6.78917308979554E-17;5.62315984731981E-17;0.00000000000000E+00;0
5.04590773475315E-17;1.45075341576590E-16;0.00000000000000E+00;0
1.44527851570512E-18;1.45333933949439E-16;0.00000000000000E+00;0
5.08344689075167E-17;1.15885285377924E-16;0.00000000000000E+00;0
1.89416300645715E-17;1.92019825103855E-16;0.00000000000000E+00;0
4.93434042182882E-17;3.25680849610115E-17;0.00000000000000E+00;0
8.09732228424385E-17;2.30025664739054E-17;0.00000000000000E+00;0
1.11642937260432E-16;1.72362788016604E-16;0.00000000000000E+00;0
4.42038034839189E-17;1.22570110127749E-16;0.00000000000000E+00;0
5.27340427551602E-17;4.93736177487020E-17;0.00000000000000E+00;0
1.58226444527003E-16;1.21119524031312E-16;0.00000000000000E+00;0
5.07613565580586E-18;4.53186587538868E-18;0.00000000000000E+00;0
8.22490074580759E-17;1.18659336475340E-16;0.00000000000000E+00;0
8.76111933438812E-17;3.30782433403365E-16;0.00000000000000E+00;0
8.62110188768987E-18;1.80442534315946E-17;0.00000000000000E+00;0
3.68290490697380E-17;5.10767541763314E-17;0.00000000000000E+00;0
6.29923363461102E-17;9.59727488345124E-17;0.00000000000000E+00;0
3.96519024538010E-17;4.98854580742916E-18;0.00000000000000E+00;0
2.65221257558480E-19;1.24571025595451E-16;0.00000000000000E+00;0
2.28214898859699E-17;2.18761304448732E-16;0.00000000000000E+00;0
6.16656086246486E-17;4.10512876405972E-19;0.00000000000000E+00;0
1.16446984960029E-16;3.75223307509946E-16;0.00000000000000E+00;0
1.32006551165656E-17;2.28995534403065E-16;0.00000000000000E+00;0
3.79827900261413E-17;1.27899211475703E-16;0.00000000000000E+00;0
2.25058993996968E-17;5.27850763419854E-18;0.00000000000000E+00;0
1.06286427930634E-19;2.49536407548664E-17;0.00000000000000E+00;0
1.46208830525824E-16;2.41960564900848E-16;0.00000000000000E+00;0
7.87396244666946E-18;1.74454816163129E-16;0.00000000000000E+00;0
3.09482762510428E-18;2.22998114313004E-17;0.00000000000000E+00;0
4.41463778485092E-17;3.52072779671784E-16;0.00000000000000E+00;0
6.02909067847284E-17;2.49524915786897E-16;0.00000000000000E+00;0
6.19981847491765E-18;1.59366220635996E-16;0.00000000000000E+00;0
2.70626943763148E-17;2.20388567776776E-16;0.00000000000000E+00;0
9.73604614079870E-17;3.16366133085533E-16;0.00000000000000E+00;0
2.56170522161257E-17;2.22845590974917E-16;0.00000000000000E+00;0
1.43378186017676E-17;1.19898464235451E-16;0.00000000000000E+00;0
5.40223089673963E-17;5.56066619283946E-17;0.00000000000000E+00;0
9.95514553652386E-17;3.25186064121946E-16;0.00000000000000E+00;0
6.89313065201828E-17;8.28336056449797E-17;0.00000000000000E+00;0
2.55948473730006E-17;1.36086240606863E-16;0.00000000000000E+00;0
8.45566270684513E-17;1.08985597724823E-16;0.00000000000000E+00;0
1.08728605444226E-16;1.16507339572330E-16;0.00000000000000E+00;0
7.36924516022203E-18;3.05756601264877E-16;0.00000000000000E+00;0
9.66866984819712E-17;1.14437479867550E-17;0.00000000000000E+00;0
4.09477301563328E-17;1.30912379176814E-16;0.00000000000000E+00;0
3.88542047208082E-17;1.02255256873884E-16;0.00000000000000E+00;0
1.92055872144056E-17;2.41580334964581E-16;0.00000000000000E+00;0
3.70349441484033E-17;2.14555971530782E-16;0.00000000000000E+00;0
2.55581448365213E-17;1.55585941973916E-16;0.00000000000000E+00;0
6.56692590212864E-17;3.18209090005952E-16;0.00000000000000E+00;0
1.94214002571466E-18;3.12200123988202E-16;0.00000000000000E+00;0
7.07590146274426E-17;2.17553369273630E-16;0.00000000000000E+00;0
2.77730954851187E-17;2.87523061633002E-16;0.00000000000000E+00;0
4.02056834640084E-17;1.77024453324458E-16;0.00000000000000E+00;0
4.43450162120341E-17;2.05881804897730E-16;0.00000000000000E+00;0
4.80944061383550E-17;1.38227178795299E-16;0.00000000000000E+00;0
1.80442087258904E-17;1.60929197246176E-16;0.00000000000000E+00;0
1.06658413146379E-18;2.81985421400131E-18;0.00000000000000E+00;0
4.25497977356788E-17;3.65853178229631E-17;0.00000000000000E+00;0
3.79836355985218E-17;1.28585657804249E-16;0.00000000000000E+00;0
4.83784186192971E-17;1.29413874264411E-16;0.00000000000000E+00;0
6.05084324631500E-18;2.40308980724648E-16;0.00000000000000E+00;0
1.75216901842210E-18;1.39053459373892E-16;0.00000000000000E+00;0
4.32951904595741E-17;4.02534040719632E-16;0.00000000000000E+00;0
;;;0
;;;0
;;;0
;;;0
;;;0
;;;0
;;;0
;;;0
;;;0
;;;0
;;;0
;;;0
;;;0
;;;0
;;;0
;;;0
;;;0
;;;0
;;;0
;;;0
;;;0
;;;0
;;;0
;;;0
;;;0
;;;0
;;;0
;;;0
;;;0
;;;0
;;;0
;;;0
;;;0
;;;0
;;;0
;;;0
;;;0
;;;0
;;;0
;;;0
;;;0
;;;0
;;;0
;;;0
;;;0
;;;0
;;;0
;;;0
;;;0
;;;0
;;;0
;;;0
;;;0
;;;0
;;;0
;;;0
;;;0
;;;0
;;;0
;;;0
;;;0
;;;0
;;;0
;;;0
;;;0
;;;0
;;;0
;;;0
;;;0
;;;0
;;;0
;;;0
;;;0
;;;0
;;;0
;;;0
;;;0
;;;0
;;;0
;;;0
;;;0
;;;0
;;;0
;;;0
;;;0
;;;0
;;;0
;;;0
;;;0
;;;0
;;;0
;;;0
;;;0
;;;0
;;;0
;;;0
;;;0
;;;0
;;;0
;;;0
;;;0
;;;0
;;;0
;;;0
;;;0
;;;0
;;;0
;;;0
;;;0
;;;0
;;;0
;;;0
;;;0
;;;0
;;;0
;;;0
;;;0
;;;0
;;;0
;;;0
;;;0
;;;0
;;;0
;;;0
;;;0
;;;0
;;;0
;;;0
;;;0
;;;0
;;;0
;;;0
;;;0
;;;0
;;;0
;;;0
;;;0
;;;0
;;;0
;;;0
;;;0
;;;0
;;;0
;;;0
;;;0
;;;0
;;;0
;;;0
;;;0
;;;0
;;;0
;;;0
;;;0
;;;0
;;;0
;;;0
;;;0
;;;0
;;;0
;;;0
;;;0
;;;0
;;;0
;;;0
;;;0
;;;0
;;;0
;;;0
;;;0
;;;0
;;;0
;;;0
;;;0
;;;0
;;;0
;;;0
;;;0
;;;0
;;;0
;;;0
;;;0
;;;0
;;;0
;;;0
;;;0
;;;0
;;;0
;;;0
;;;0
;;;0
;;;0
;;;0
;;;0
;;;0
;;;0
;;;0
;;;0
;;;0
;;;0
;;;0
;;;0
;;;0
;;;0
;;;0
;;;0
;;;0
;;;0
;;;0
;;;0
;;;0
;;;0
;;;0
;;;0
;;;0
;;;0
;;;0
;;;0
;;;0
;;;0
;;;0
;;;0
;;;0
;;;0
;;;0
;;;0
;;;0
;;;0
;;;0
;;;0
;;;0
;;;0
;;;0
;;;0
;;;0
;;;0
;;;0
;;;0
;;;0
;;;0
;;;0
;;;0
;;;0
;;;0
;;;0
;;;0
;;;0
;;;0
;;;0
;;;0
;;;0
;;;0
;;;0
;;;0
;;;0
;;;0
;;;0
;;;0
;;;0
;;;0
;;;0
;;;0
;;;0
;;;0
;;;0
;;;0
;;;0
;;;0
;;;0
;;;0
;;;0
;;;0
;;;0
;;;0
;;;0
;;;0
;;;0
;;;0
;;;0
;;;0
;;;0
;;;0
;;;0
;;;0
;;;0
;;;0
;;;0
;;;0
;;;0
;;;0
;;;0
;;;0
;;;0
;;;0
;;;0
;;;0
;;;0
;;;0
;;;0
;;;0
;;;0
;;;0
;;;0
;;;0
;;;0
;;;0
;;;0
;;;0
;;;0
;;;0
;;;0
;;;0
;;;0
;;;0
;;;0
;;;0
;;;0
;;;0
;;;0
;;;0
;;;0
;;;0
;;;0
;;;0
;;;0
;;;0
;;;0
;;;0
;;;0
;;;0
;;;0
;;;0
;;;0
;;;0
;;;0
;;;0
;;;0
;;;0
;;;0
;;;0
;;;0
;;;0
;;;0
;;;0
;;;0
;;;0
;;;0
;;;0
;;;0
;;;0
;;;0
;;;0
;;;0
;;;0
;;;0
;;;0
;;;0
;;;0
;;;0
;;;0
;;;0
;;;0
;;;0
;;;0
;;;0
;;;0
;;;0
;;;0
;;;0
;;;0
;;;0
;;;0
;;;0
;;;0
;;;0
;;;0
;;;0
;;;0
;;;0
;;;0
;;;0
;;;0
;;;0
;;;0
;;;0
;;;0
;;;0
;;;0
;;;0
;;;0
;;;0
;;;0
;;;0
;;;0
;;;0
;;;0
;;;0
;;;0
;;;0
;;;0
;;;0
8.41229235855542E-17;8.67308042112505E-17;0.00000000000000E+00;0
1.80745425047310E-17;7.03818828142743E-17;0.00000000000000E+00;0
2.67140714364171E-17;1.58690195792097E-16;0.00000000000000E+00;0
2.07572526796573E-17;1.59123268607876E-16;0.00000000000000E+00;0
4.29545328424329E-17;1.85972672420208E-16;0.00000000000000E+00;0
1.05146499772443E-17;9.42966871893317E-18;0.00000000000000E+00;0
3.18867670624140E-17;7.22657399610883E-17;0.00000000000000E+00;0
1.48724153483142E-16;2.44542239228942E-16;0.00000000000000E+00;0
1.44556182553427E-17;3.36245179349030E-16;0.00000000000000E+00;0
4.33555518457473E-17;3.76001793426993E-17;0.00000000000000E+00;0
3.67833800744305E-17;1.23092734860491E-16;0.00000000000000E+00;0
9.41198086975091E-18;1.06260823000327E-16;0.00000000000000E+00;0
9.47774258295807E-17;7.45689431118453E-17;0.00000000000000E+00;0
8.88902913901283E-19;6.75075834883425E-17;0.00000000000000E+00;0
1.43398066805893E-17;1.84446818908981E-16;0.00000000000000E+00;0
3.53206769753384E-17;3.35268793711333E-17;0.00000000000000E+00;0
1.89363382107898E-17;2.59881548605763E-16;0.00000000000000E+00;0
2.37728894995317E-19;1.87670990543901E-16;0.00000000000000E+00;0
1.16299194482089E-16;3.22958191403320E-17;0.00000000000000E+00;0
1.08622091542238E-17;1.76746908182362E-16;0.00000000000000E+00;0
2.31752878087534E-17;6.19204922814714E-17;0.00000000000000E+00;0
3.93034222842449E-17;3.42333801296826E-17;0.00000000000000E+00;0
1.75984677029145E-17;2.01726878982558E-16;0.00000000000000E+00;0
3.50629542199903E-17;9.69709068394621E-17;0.00000000000000E+00;0
9.56873005053838E-18;2.75418356851677E-16;0.00000000000000E+00;0
1.98686227442428E-17;2.68969635663728E-16;0.00000000000000E+00;0
8.45114660057568E-17;1.63225012941053E-16;0.00000000000000E+00;0
6.56175495915588E-18;2.19250573182386E-16;0.00000000000000E+00;0
1.80124540225617E-17;8.36155559385742E-17;0.00000000000000E+00;0
1.23661195598512E-17;1.96517079608681E-16;0.00000000000000E+00;0
1.02205563646017E-17;7.78983967799594E-17;0.00000000000000E+00;0
1.08695886727312E-19;1.16277537852149E-16;0.00000000000000E+00;0
1.51509711366571E-17;2.37011484144991E-16;0.00000000000000E+00;0
1.65174251755642E-17;7.12751049866483E-17;0.00000000000000E+00;0
8.29540379123989E-17;9.35226442317342E-17;0.00000000000000E+00;0
5.28927857268789E-17;1.17290906737586E-16;0.00000000000000E+00;0
2.02779333870451E-17;1.16230462921979E-17;0.00000000000000E+00;0
2.55684617109456E-17;1.19789042665281E-16;0.00000000000000E+00;0
2.94021537705173E-17;3.50107222401459E-17;0.00000000000000E+00;0
3.82333456346823E-18;9.39542059184941E-17;0.00000000000000E+00;0
5.96623495471559E-18;2.41879445064344E-16;0.00000000000000E+00;0
3.41606533905515E-17;2.97559992763148E-16;0.00000000000000E+00;0
1.75712496731827E-17;3.31862486415388E-17;0.00000000000000E+00;0
1.75489546819749E-17;1.01074224266526E-16;0.00000000000000E+00;0
3.63275024595876E-17;2.01518838570139E-16;0.00000000000000E+00;0
5.63605752971620E-17;1.74806918106780E-16;0.00000000000000E+00;0
6.86377672850075E-17;1.91031141420536E-16;0.00000000000000E+00;0
5.42799213872649E-17;4.25654893387417E-17;0.00000000000000E+00;0
3.55847050615402E-18;2.12495305204232E-16;0.00000000000000E+00;0
6.59696634795432E-17;4.20809463197474E-17;0.00000000000000E+00;0
9.04175656207543E-18;1.46915432523663E-16;0.00000000000000E+00;0
6.19131483584723E-17;1.43461806432105E-16;0.00000000000000E+00;0
1.28703375061521E-17;8.26592330218110E-17;0.00000000000000E+00;0
7.72090473622553E-17;1.97822388365214E-16;0.00000000000000E+00;0
9.43932199565355E-17;2.76946443399537E-16;0.00000000000000E+00;0
6.56908874783830E-17;2.21687467461711E-16;0.00000000000000E+00;0
1.40349157083244E-17;1.13743967182816E-16;0.00000000000000E+00;0
2.41332996682030E-17;1.66598974399335E-16;0.00000000000000E+00;0
1.46049073403938E-17;3.06971037554068E-16;0.00000000000000E+00;0
1.51214964024675E-17;3.39113817508752E-16;0.00000000000000E+00;0
5.00842448021454E-17;1.71320791994070E-16;0.00000000000000E+00;0
1.00435387112750E-17;1.69047980971965E-16;0.00000000000000E+00;0
1.17938019678319E-16;2.95523876561141E-17;0.00000000000000E+00;0
5.60276009709903E-17;2.38391581866790E-16;0.00000000000000E+00;0
5.49528488342060E-17;9.99961087572595E-17;0.00000000000000E+00;0
4.05664302928587E-17;1.86174052347202E-16;0.00000000000000E+00;0
3.31276392751240E-17;8.26626010787795E-17;0.00000000000000E+00;0
8.03757110052625E-17;9.30415633376003E-17;0.00000000000000E+00;0
6.94371419913550E-17;7.03285965880127E-17;0.00000000000000E+00;0
5.59489025372626E-18;3.60588021103833E-16;0.00000000000000E+00;0
6.44399460204214E-17;7.64294392491775E-17;0.00000000000000E+00;0
9.07622172658613E-18;2.68912938023791E-16;0.00000000000000E+00;0
1.84468406404532E-17;2.22432605752461E-16;0.00000000000000E+00;0
4.92450409523628E-17;3.37157356147287E-16;0.00000000000000E+00;0
7.02544249743672E-17;1.12804836351033E-17;0.00000000000000E+00;0
1.03888043095071E-18;2.02747965825309E-16;0.00000000000000E+00;0
1.10703769294873E-16;1.25874121908945E-16;0.00000000000000E+00;0
1.58024027819836E-17;4.60521137565252E-17;0.00000000000000E+00;0
3.35293202964224E-17;6.24056264754367E-17;0.00000000000000E+00;0
1.13467524675474E-16;1.06724282151694E-16;0.00000000000000E+00;0
5.13070073195814E-17;1.76266216059516E-16;0.00000000000000E+00;0
5.92147134750919E-18;1.77672170000599E-16;0.00000000000000E+00;0
1.16437844169853E-16;4.38695894822048E-17;0.00000000000000E+00;0
2.65739994226705E-17;2.35735744884816E-16;0.00000000000000E+00;0
5.30470285825033E-17;7.60468779113762E-17;0.00000000000000E+00;0
9.30501938057305E-17;4.35951458098244E-18;0.00000000000000E+00;0
4.26019053870483E-17;1.41432064449057E-16;0.00000000000000E+00;0
9.36123685525036E-17;2.42222563886318E-16;0.00000000000000E+00;0
8.76113255620696E-17;3.03617957544904E-16;0.00000000000000E+00;0
1.42102177775806E-16;2.40536955749571E-16;0.00000000000000E+00;0
2.60677158559814E-17;2.26417078712246E-16;0.00000000000000E+00;0
6.27214497929328E-17;2.68521131531851E-16;0.00000000000000E+00;0
3.22117520314280E-17;6.34291699049706E-17;0.00000000000000E+00;0
1.29724980501554E-17;2.06009506665391E-16;0.00000000000000E+00;0
1.17681159119255E-17;2.02966545219540E-16;0.00000000000000E+00;0
1.92633486370823E-17;2.38576514183829E-16;0.00000000000000E+00;0
5.03531926559639E-17;1.27162766450517E-16;0.00000000000000E+00;0
4.76678637126264E-17;4.15073452178703E-17;0.00000000000000E+00;0
6.86452846378866E-17;2.06632364293007E-17;0.00000000000000E+00;0
3.69781313238896E-17;1.61953898821121E-16;0.00000000000000E+00;0
;;;0
;;;0
;;;0
;;;0
;;;0
;;;0
;;;0
;;;0
;;;0
;;;0
;;;0
;;;0
;;;0
;;;0
;;;0
;;;0
;;;0
;;;0
;;;0
;;;0
;;;0
;;;0
;;;0
;;;0
;;;0
;;;0
;;;0
;;;0
;;;0
;;;0
;;;0
;;;0
;;;0
;;;0
;;;0
;;;0
;;;0
;;;0
;;;0
;;;0
;;;0
;;;0
;;;0
;;;0
;;;0
;;;0
;;;0
;;;0
;;;0
;;;0
;;;0
;;;0
;;;0
;;;0
;;;0
;;;0
;;;0
;;;0
;;;0
;;;0
;;;0
;;;0
;;;0
;;;0
;;;0
;;;0
;;;0
;;;0
;;;0
;;;0
;;;0
;;;0
;;;0
;;;0
;;;0
;;;0
;;;0
;;;0
;;;0
;;;0
;;;0
;;;0
;;;0
;;;0
;;;0
;;;0
;;;0
;;;0
;;;0
;;;0
;;;0
;;;0
;;;0
;;;0
;;;0
;;;0
;;;0
;;;0
;;;0
;;;0
;;;0
;;;0
;;;0
;;;0
;;;0
;;;0
;;;0
;;;0
;;;0
;;;0
;;;0
;;;0
;;;0
;;;0
;;;0
;;;0
;;;0
;;;0
;;;0
;;;0
;;;0
;;;0
;;;0
;;;0
;;;0
;;;0
;;;0
;;;0
;;;0
;;;0
;;;0
;;;0
;;;0
;;;0
;;;0
;;;0
;;;0
;;;0
;;;0
;;;0
;;;0
;;;0
;;;0
;;;0
;;;0
;;;0
;;;0
;;;0
;;;0
;;;0
;;;0
;;;0
;;;0
;;;0
;;;0
;;;0
;;;0
;;;0
;;;0
;;;0
;;;0
;;;0
;;;0
;;;0
;;;0
;;;0
;;;0
;;;0
;;;0
;;;0
;;;0
;;;0
;;;0
;;;0
;;;0
;;;0
;;;0
;;;0
;;;0
;;;0
;;;0
;;;0
;;;0
;;;0
;;;0
;;;0
;;;0
;;;0
;;;0
;;;0
;;;0
;;;0
;;;0
;;;0
;;;0
;;;0
;;;0
;;;0
;;;0
;;;0
;;;0
;;;0
;;;0
;;;0
;;;0
;;;0
;;;0
;;;0
;;;0
;;;0
;;;0
;;;0
;;;0
;;;0
;;;0
;;;0
;;;0
;;;0
;;;0
;;;0
;;;0
;;;0
;;;0
;;;0
;;;0
;;;0
;;;0
;;;0
;;;0
;;;0
;;;0
;;;0
;;;0
;;;0
;;;0
;;;0
;;;0
;;;0
;;;0
;;;0
;;;0
;;;0
;;;0
;;;0
;;;0
;;;0
;;;0
;;;0
;;;0
;;;0
;;;0
;;;0
;;;0
;;;0
;;;0
;;;0
;;;0
;;;0
;;;0
;;;0
;;;0
;;;0
;;;0
;;;0
;;;0
;;;0
;;;0
;;;0
;;;0
;;;0
;;;0
;;;0
;;;0
;;;0
;;;0
;;;0
;;;0
;;;0
;;;0
;;;0
;;;0
;;;0
;;;0
;;;0
;;;0
;;;0
;;;0
;;;0
;;;0
;;;0
;;;0
;;;0
;;;0
;;;0
;;;0
;;;0
;;;0
;;;0
;;;0
;;;0
;;;0
;;;0
;;;0
;;;0
;;;0
;;;0
;;;0
;;;0
;;;0
;;;0
;;;0
;;;0
;;;0
;;;0
;;;0
;;;0
;;;0
;;;0
;;;0
;;;0
;;;0
;;;0
;;;0
;;;0
;;;0
;;;0
;;;0
;;;0
;;;0
;;;0
;;;0
;;;0
;;;0
;;;0
;;;0
;;;0
;;;0
;;;0
;;;0
;;;0
;;;0
;;;0
;;;0
;;;0
;;;0
;;;0
;;;0
;;;0
;;;0
;;;0
;;;0
;;;0
;;;0
;;;0
;;;0
;;;0
;;;0
;;;0
;;;0
;;;0
;;;0
;;;0
;;;0
;;;0
;;;0
;;;0
;;;0
;;;0
;;;0
;;;0
;;;0
;;;0
;;;0
;;;0
;;;0
;;;0
;;;0
;;;0
;;;0
;;;0
;;;0
;;;0
;;;0
;;;0
;;;0
;;;0
;;;0
;;;0
;;;0
;;;0
;;;0
;;;0
;;;0
;;;0
;;;0
;;;0
;;;0
;;;0
;;;0
;;;0
6.67343805887170E-17;2.65164596942400E-17;0.00000000000000E+00;0
8.89832659400923E-18;1.78024131364225E-16;0.00000000000000E+00;0
1.09799258806727E-16;3.76046887386463E-17;0.00000000000000E+00;0
5.58857550004356E-17;3.05436268238224E-16;0.00000000000000E+00;0
2.62514788649181E-17;6.12263763826856E-17;0.00000000000000E+00;0
1.66620791540396E-17;9.12404960925915E-17;0.00000000000000E+00;0
4.75851529951996E-18;4.59374370110786E-17;0.00000000000000E+00;0
9.49804028954840E-18;1.06437973099512E-16;0.00000000000000E+00;0
6.96852628311331E-17;2.77729411589896E-16;0.00000000000000E+00;0
1.20457800495898E-16;1.49680734711115E-16;0.00000000000000E+00;0
4.60053930560229E-17;2.57091999949029E-16;0.00000000000000E+00;0
1.13579735212180E-16;4.34163977090255E-16;0.00000000000000E+00;0
3.00631029691316E-17;1.04137114855400E-16;0.00000000000000E+00;0
2.52339230207291E-17;3.60240211232212E-16;0.00000000000000E+00;0
4.16005304168529E-17;1.84879556757901E-16;0.00000000000000E+00;0
2.46133325806758E-18;4.82430087902698E-18;0.00000000000000E+00;0
7.79874489143711E-17;9.21414562816776E-17;0.00000000000000E+00;0
4.12989407550419E-17;5.18819099930124E-17;0.00000000000000E+00;0
6.25102230221176E-17;6.95324776745689E-17;0.00000000000000E+00;0
8.70529874280750E-17;5.28392605767370E-17;0.00000000000000E+00;0
2.72529442872777E-17;1.34168845665401E-16;0.00000000000000E+00;0
9.89337720699862E-17;5.46744065468996E-17;0.00000000000000E+00;0
6.21196241385432E-17;7.94480487508650E-17;0.00000000000000E+00;0
3.11231114320433E-17;2.31476168221847E-16;0.00000000000000E+00;0
6.91474477883600E-17;1.94620088455027E-16;0.00000000000000E+00;0
3.67210431907916E-17;2.74107447606192E-16;0.00000000000000E+00;0
1.04373756011932E-17;2.86253820749515E-16;0.00000000000000E+00;0
1.64935050291524E-17;1.80699635563567E-16;0.00000000000000E+00;0
3.33682230490386E-17;1.56711118736861E-16;0.00000000000000E+00;0
1.59971100836924E-17;2.56893466617489E-16;0.00000000000000E+00;0
3.87809640767283E-17;9.54618594043525E-17;0.00000000000000E+00;0
5.31189534372297E-17;6.96882570979713E-17;0.00000000000000E+00;0
4.48930272578258E-17;2.99944108274608E-16;0.00000000000000E+00;0
7.72156715409577E-17;2.48470032015191E-16;0.00000000000000E+00;0
2.63286453667891E-17;2.92187814732975E-16;0.00000000000000E+00;0
2.29048692497633E-17;2.79652177055564E-16;0.00000000000000E+00;0
3.85637259288731E-17;7.72590427801689E-17;0.00000000000000E+00;0
1.32055448189452E-17;1.56303063078472E-16;0.00000000000000E+00;0
1.46988169713088E-16;3.42445267728980E-16;0.00000000000000E+00;0
6.14380034995549E-17;2.66631047407274E-16;0.00000000000000E+00;0
3.53864396595909E-18;1.20587368915791E-16;0.00000000000000E+00;0
5.25925893036008E-17;7.29862098646251E-18;0.00000000000000E+00;0
6.59097426713465E-17;2.41993936599121E-16;0.00000000000000E+00;0
6.05258831272483E-17;2.76523886762969E-16;0.00000000000000E+00;0
1.92118299583249E-17;1.03374086097507E-16;0.00000000000000E+00;0
4.42741126825606E-17;1.62372347365177E-16;0.00000000000000E+00;0
4.94767878058698E-17;1.78705649161669E-16;0.00000000000000E+00;0
3.07151033664476E-17;5.01442715317887E-17;0.00000000000000E+00;0
4.60624563039191E-17;1.70573480730762E-16;0.00000000000000E+00;0
9.67228857305872E-17;7.33418298210695E-17;0.00000000000000E+00;0
6.99413304177306E-17;3.33135382794731E-17;0.00000000000000E+00;0
1.66260966026184E-17;3.73263063757702E-16;0.00000000000000E+00;0
6.46704350867167E-17;2.80758046110762E-16;0.00000000000000E+00;0
2.49073047501293E-17;2.90277406023711E-16;0.00000000000000E+00;0
3.44736445939074E-17;3.95896151911245E-16;0.00000000000000E+00;0
2.68363223573460E-17;8.09480090969355E-17;0.00000000000000E+00;0
1.41149863102805E-16;3.05954692606045E-16;0.00000000000000E+00;0
1.61272478530000E-16;2.63576176812240E-16;0.00000000000000E+00;0
2.51021995368607E-17;1.30851787058977E-16;0.00000000000000E+00;0
8.96066944415352E-18;4.91893215843920E-17;0.00000000000000E+00;0
4.28263054824110E-17;1.76927771023744E-16;0.00000000000000E+00;0
5.92562343282010E-17;3.38652833715547E-18;0.00000000000000E+00;0
1.42019889723601E-17;6.99151683158365E-17;0.00000000000000E+00;0
6.46067184452090E-18;2.61808016488270E-16;0.00000000000000E+00;0
2.84486323823755E-17;1.37506655885267E-16;0.00000000000000E+00;0
3.89384477008683E-17;2.95968257527649E-16;0.00000000000000E+00;0
2.89497028309044E-17;2.27885263483491E-16;0.00000000000000E+00;0
3.55816443410613E-17;2.25199721869047E-16;0.00000000000000E+00;0
8.96058097647866E-17;5.30781031450358E-17;0.00000000000000E+00;0
2.32494135615264E-17;1.82894914580344E-16;0.00000000000000E+00;0
6.26179056848015E-17;1.36520813695193E-16;0.00000000000000E+00;0
8.68018507369547E-17;1.77926663601913E-16;0.00000000000000E+00;0
2.29052405337016E-17;5.53440250707545E-17;0.00000000000000E+00;0
1.18930374754268E-16;2.79818140388229E-16;0.00000000000000E+00;0
1.18486200071753E-16;1.24892467710786E-16;0.00000000000000E+00;0
3.14902728096272E-17;1.32543202491260E-16;0.00000000000000E+00;0
1.12366128667301E-17;3.01381357331197E-16;0.00000000000000E+00;0
7.24804076856231E-17;2.06179220034564E-16;0.00000000000000E+00;0
3.43800848228954E-17;1.04966111254959E-16;0.00000000000000E+00;0
1.09453947644449E-16;3.05735412090109E-16;0.00000000000000E+00;0
5.34063684523728E-17;3.45707895512617E-17;0.00000000000000E+00;0
7.56375646451758E-17;2.60162732041918E-16;0.00000000000000E+00;0
3.14396786141308E-17;2.93801097045227E-16;0.00000000000000E+00;0
2.12257328341844E-17;1.51140200738925E-16;0.00000000000000E+00;0
2.66593818291719E-18;4.81640996493455E-17;0.00000000000000E+00;0
8.96303238650564E-17;2.32733426855571E-17;0.00000000000000E+00;0
1.34049698078952E-16;3.18775404469503E-16;0.00000000000000E+00;0
1.54107081246655E-17;2.73025020777003E-16;0.00000000000000E+00;0
1.51059749502001E-17;2.79243050877149E-17;0.00000000000000E+00;0
4.46699379720752E-17;1.54143475109304E-18;0.00000000000000E+00;0
4.85686936799107E-17;3.71458463386775E-16;0.00000000000000E+00;0
1.14060799555414E-17;3.72050851224663E-17;0.00000000000000E+00;0
1.21703153052174E-17;9.26024627955711E-17;0.00000000000000E+00;0
8.16808589254249E-17;2.33949794291705E-17;0.00000000000000E+00;0
9.74333842234668E-17;3.29000992457297E-16;0.00000000000000E+00;0
2.59356649906959E-17;2.95687242033253E-16;0.00000000000000E+00;0
5.61526678182848E-18;1.30117025593781E-17;0.00000000000000E+00;0
2.64169352451635E-17;2.12169131940167E-16;0.00000000000000E+00;0
1.67577097127185E-17;3.14908667826492E-16;0.00000000000000E+00;0
1.65759270712256E-17;1.79717976740322E-18;0.00000000000000E+00;0
