1.2780430000566411e-08;5.0828140001976864e-08;4.9145600001793354e-08;3.7996039999416097e-07
1.3597519999893848e-08;5.1197899994440374e-08;4.96402999968268e-08;3.894310000177939e-07
1.3739175000227989e-08;5.0989699998172e-08;4.989196000387892e-08;3.873405999911483e-07
1.3443375000497326e-08;5.101486000348814e-08;5.119765999843367e-08;3.879167000122834e-07
1.3802390001364984e-08;5.2816420001909136e-08;5.1571619999594984e-08;4.241104999964591e-07
1.3894190000428352e-08;5.3908359998604286e-08;5.0208639999618757e-08;3.9084079998428935e-07
1.3517700000375043e-08;4.9778299999888986e-08;5.04032599972561e-08;3.991105000022799e-07
1.3552445000095758e-08;5.1901960000395774e-08;5.098168000113219e-08;4.014930000412278e-07
1.3570869999239222e-08;5.058269999572076e-08;5.127959999954328e-08;3.9954650000436234e-07
1.3721810000424738e-08;5.282250000163913e-08;5.096058000344783e-08;3.991325999959372e-07
1.49560100006056e-08;5.137608000077307e-08;5.1388839998980986e-08;4.0718139999080447e-07
1.4628595000249334e-08;5.205100000021048e-08;5.096363999764435e-08;4.07770799996797e-07
1.450763500033645e-08;5.384716000407934e-08;5.272801999817602e-08;4.1947660001460464e-07
1.4987510000355543e-08;5.162641999777407e-08;6.13846399995964e-08;4.3045339995296674e-07
1.4446394999686164e-08;5.457854000269435e-08;5.339311999850906e-08;4.0965670000878164e-07
1.4090104999195318e-08;5.435912000248209e-08;5.13961200020276e-08;4.0178440004820005e-07
1.3854759999958332e-08;5.241920000407845e-08;5.0997100002132355e-08;4.2245499999262394e-07
1.3586184999439866e-08;5.3610819997265935e-08;5.2314920001663265e-08;4.0875459997914733e-07
1.500567500042962e-08;5.3020600002491846e-08;5.455673999967985e-08;4.057905999943614e-07
1.5022019999742042e-08;5.3409800003282725e-08;5.340541999903507e-08;3.997465000138618e-07
1.378036000096472e-08;5.1893600000767034e-08;5.4567239998141304e-08;4.003054000204429e-07
1.5087459998903796e-08;5.2911719999974597e-08;5.3985719999764116e-08;4.181100000278093e-07
1.4546134999545757e-08;5.2030460000969467e-08;5.115452000172809e-08;4.020475999568589e-07
1.433464500005357e-08;5.2318900002865123e-08;5.1978640002198517e-08;4.307991999667138e-07
1.3784674998896661e-08;5.3056879999348894e-08;5.2704720001202077e-08;4.004744999983814e-07
1.3986364999436774e-08;5.4165739996824414e-08;5.1107240002602336e-08;4.1747440001927314e-07
1.4496079999662471e-08;5.402584000257775e-08;5.503008000086993e-08;4.277981999912299e-07
1.5116934999241493e-08;5.190958000021055e-08;5.167447999701835e-08;4.315819999901578e-07
1.490429500117898e-08;5.435019999858923e-08;5.2377919998252765e-08;4.2812080000294375e-07
1.4292245000251569e-08;5.449916000361554e-08;5.0849459995515644e-08;4.2766360001405703e-07
1.381530499929795e-08;5.387069999706e-08;5.2359159995103253e-08;4.2201379998004996e-07
1.4283925000927412e-08;5.6140880001476035e-08;5.2243280003312974e-08;4.019757999922149e-07
1.43084600000293e-08;5.237125999992713e-08;5.106644000043161e-08;4.1391160001512617e-07
1.4604745000542608e-08;5.4977759998291734e-08;5.144912000396289e-08;4.1418700001668184e-07
1.4858885000285227e-08;5.4359080002177506e-08;5.2809999999590216e-08;4.129164000041783e-07
1.4513235000777058e-08;5.3305840003304186e-08;5.1777420000871646e-08;4.0030999999726193e-07
1.4727364999998826e-08;5.3193619998637585e-08;5.232079999987036e-08;4.122353999991901e-07
1.3824149999709334e-08;5.353344000177458e-08;5.1282559998799114e-08;4.2790239996975286e-07
1.4836804999504239e-08;5.605890000006184e-08;5.506930000265129e-08;4.080247999518178e-07
1.4713600001414307e-08;5.3591400000732394e-08;5.239718000520952e-08;4.2780159995891153e-07
1.4861329999985173e-08;5.301485999953002e-08;5.475104000070132e-08;4.2244240001309665e-07
1.3984294999681879e-08;5.619735999498516e-08;5.463480000034906e-08;4.171162000275217e-07
1.4577890001237392e-08;5.410875999950804e-08;5.319864000193775e-08;4.2308560002129524e-07
1.4293149999866727e-08;5.3436220000730824e-08;5.4967859998578204e-08;4.003983999718912e-07
1.4547244999266696e-08;5.5194239999400454e-08;5.472738000098616e-08;4.2800699995132165e-07
1.4645749999908731e-08;5.51240400003735e-08;5.4889440000988544e-08;4.0844939998351036e-07
1.4594460000807885e-08;5.632153999758884e-08;5.168890000204556e-08;4.0520979999564586e-07
1.4434060000348837e-08;5.6353159999707714e-08;5.19503400020767e-08;4.3160539999371393e-07
1.422735000087414e-08;5.3610600001411515e-08;5.3470139997079966e-08;4.308525999658741e-07
1.4770580000185873e-08;5.602027999702841e-08;5.312456000247039e-08;4.183997999643907e-07
1.4835769998899195e-08;5.4027100000530484e-08;5.522015999886207e-08;4.1709220001939687e-07
1.4180055000178982e-08;5.320707999635488e-08;5.2387140004429965e-08;4.2571840004529805e-07
1.4215915001113899e-08;5.28783600020688e-08;5.4254260001471264e-08;4.2403419996844607e-07
1.4649744999769609e-08;5.4572679998818785e-08;5.361267999978736e-08;4.2635019999579526e-07
1.4366719999816269e-08;5.509394000400789e-08;5.408922000206076e-08;4.193105999729596e-07
1.4891489999718032e-08;5.409495999920182e-08;5.17357999982778e-08;4.108761999523267e-07
1.4952389999234582e-08;5.632744000176899e-08;5.5178879998857156e-08;4.056364000134636e-07
1.4799974999914412e-08;5.408125999965705e-08;5.165073999669403e-08;4.298045999603346e-07
1.4566444999945815e-08;5.349588000099175e-08;5.200906000100076e-08;4.110413999878801e-07
1.4380634999542962e-08;5.379096000106074e-08;5.1683039998169985e-08;4.090189999551512e-07
1.4758140000049024e-08;5.447578000021167e-08;5.1375559996813536e-08;4.1084299999056386e-07
1.4286804999574088e-08;5.5731120001291854e-08;5.4391960002249106e-08;4.130760000552982e-07
1.4959439999074676e-08;5.512102000066079e-08;5.459292000159621e-08;4.3206159997498616e-07
1.4468300000589807e-08;5.660005999961868e-08;5.5459140002494676e-08;4.08075799990911e-07
1.4240729999437462e-08;5.4720559995621445e-08;5.5450979998568076e-08;4.273633999982849e-07
1.418002999998862e-08;5.518801999860443e-08;5.1636619999771935e-08;4.0859780000755565e-07
1.4860504999523982e-08;5.545401999843307e-08;5.56224400002975e-08;4.118644000263885e-07
1.5149274999566842e-08;5.669808000093326e-08;5.517104000318795e-08;4.062561999890022e-07
1.4274764999572654e-08;5.620280000148341e-08;5.3561259998241436e-08;4.006993999937549e-07
1.4436639999621548e-08;5.697454000473954e-08;5.4504759999690575e-08;4.337862000102177e-07
1.4025100000435486e-08;5.4062040004646403e-08;5.385031999903731e-08;4.2470479995245115e-07
1.4554754999699072e-08;5.381819999893196e-08;5.190512000117451e-08;4.222717999946326e-07
1.4345699999830686e-08;5.475621999939904e-08;5.210104000288993e-08;4.304437999962829e-07
1.5281669999239965e-08;5.5871419998584316e-08;5.492485999711789e-08;4.3152520002331586e-07
1.4054969999415335e-08;5.3860879997955636e-08;5.2952219999860975e-08;4.146094000316225e-07
1.4935444999719037e-08;5.583231999771669e-08;5.306459999992512e-08;4.335275999619626e-07
1.4912075000756886e-08;5.636866000131704e-08;5.355510000372306e-08;4.2295340000418944e-07
1.4089075000083539e-08;5.5001999996602536e-08;5.217893999652006e-08;4.0668899996671825e-07
1.4499590000195894e-08;5.359123999951407e-08;5.1139399997191504e-08;4.11703200021293e-07
1.4628064999124035e-08;5.3199200000381095e-08;5.4986620001727715e-08;4.0700900001684205e-07
1.4349945000139997e-08;5.429745999863371e-08;5.357460000086576e-08;4.3331400002352895e-07
1.4136814999801573e-08;5.692202000063844e-08;5.284967999905348e-08;4.030472000013106e-07
1.4197949999652337e-08;5.4089380003279074e-08;5.4227159998845307e-08;4.0199860004941e-07
1.5113779999956022e-08;5.3623620001599194e-08;5.444437999976799e-08;4.1048379999119787e-07
1.4587079999910202e-08;5.575570000219159e-08;5.2514799998607484e-08;4.086744000087492e-07
1.5422209999815097e-08;5.452176000108011e-08;5.205441999714822e-08;4.180494000320323e-07
1.4252249999844935e-08;5.3558119997614994e-08;5.650029999669641e-08;4.417454000213183e-07
1.4424270000017714e-08;5.364531999803148e-08;5.2042359998449684e-08;4.297598000266589e-07
1.5068195000640118e-08;5.310871999827214e-08;5.410532000241801e-08;4.319851999753155e-07
1.4941445000295063e-08;5.2818459999980404e-08;5.321747999987565e-08;4.371213999693282e-07
1.4971245000197085e-08;5.4926040000282225e-08;5.5212639999808746e-08;4.0574880002532155e-07
1.4595579999149776e-08;5.280845999950543e-08;5.391420000232756e-08;4.379039999912493e-07
1.4699454999936278e-08;5.786941999685951e-08;5.54495400050655e-08;4.3607260001590476e-07
1.531717500038212e-08;5.2813280001282694e-08;5.162956000422127e-08;4.378404000308365e-07
1.4025860000401735e-08;5.599677999853157e-08;5.552801999729127e-08;4.339472000137903e-07
1.4126699999906123e-08;5.649624000070616e-08;5.2187860000412914e-08;4.069601999945007e-07
1.5410670000710524e-08;5.7409739994909616e-08;5.619830000214279e-08;4.123185999924317e-07
1.4336164999986067e-08;5.531330000376329e-08;5.427780000027269e-08;4.316532000084408e-07
1.4825285000551958e-08;5.714497999870218e-08;5.324727999977768e-08;4.0219619998242705e-07
1.434249500016449e-08;5.6787580001400785e-08;5.2693279995583e-08;4.3390459998045117e-07
1.5333755000028758e-08;5.342578000272624e-08;5.222627999610267e-08;4.942167999688536e-07
1.4265660000091884e-08;5.49196399981156e-08;5.188653999939561e-08;4.944181999890134e-07
1.4271660000667906e-08;5.69545200036373e-08;5.2509179996559394e-08;5.174230000120588e-07
1.4031889999751001e-08;5.4204019997268914e-08;5.3307379997568206e-08;4.904028000310064e-07
1.4140985000994988e-08;5.5061259999638425e-08;5.731919999816455e-08;4.921477999887429e-07
1.4307375000498723e-08;5.4910179995931685e-08;5.303558000014164e-08;4.892441999982111e-07
1.472494499903405e-08;5.430961999809369e-08;5.219558000098914e-08;4.869043999933637e-07
1.450922499934677e-08;5.4367919999640436e-08;5.2584119996754456e-08;4.952891999855637e-07
1.4644229999976233e-08;5.333382000098936e-08;5.333066000021063e-08;4.849902000278235e-07
1.4407845000096131e-08;5.4497899999842045e-08;5.5729740002425386e-08;4.94239799969364e-07
1.4680909999879076e-08;5.6186640000669285e-08;5.308872000314295e-08;4.962847999995575e-07
1.451503499993123e-08;5.3932580002583565e-08;5.620874000014737e-08;4.838280000258237e-07
1.4428090000001248e-08;5.339814000180923e-08;5.455386000103317e-08;4.868902000016533e-07
1.4067789999535308e-08;5.367752000456676e-08;5.379681999911554e-08;4.855521999998018e-07
1.5495034999912605e-08;5.3411220002453773e-08;5.548346000141464e-08;4.831527999485843e-07
1.5296710000257006e-08;5.336881999974139e-08;5.4367659997660665e-08;4.93994600023143e-07
1.4958040000055918e-08;5.7375799998408186e-08;5.288249999866821e-08;4.940981999970972e-07
1.4595304999966174e-08;5.48324000032153e-08;5.5034499999601394e-08;4.856897999998182e-07
1.455304000119213e-08;5.3794820001348855e-08;5.2575380000052974e-08;5.024231999996118e-07
1.4586404999135994e-08;5.720224000397138e-08;5.1623660000041124e-08;5.14361200039275e-07
1.431451500102412e-08;5.5643640004564074e-08;5.442461999482475e-08;4.971496000071057e-07
1.468897000013385e-08;5.759763999958523e-08;5.207622000016272e-08;4.902920000022277e-07
1.4046455000061542e-08;5.426268000155687e-08;5.150296000065282e-08;4.939652000321076e-07
1.4080014999490231e-08;5.48588200006634e-08;5.139834000146948e-08;4.988759999978356e-07
1.4123590000963304e-08;5.7047199999215084e-08;5.241566000040621e-08;5.008148000342771e-07
1.4650309999706224e-08;5.4202260001329704e-08;5.533140000188723e-08;5.079968000063672e-07
1.4291495000361466e-08;5.537702000001445e-08;5.262347999960184e-08;4.969553999835625e-07
1.4796785000362434e-08;5.5653760000132024e-08;5.186410000314936e-08;5.134168000076898e-07
1.5126830000372138e-08;5.650856000138447e-08;5.338161999825388e-08;4.987725999671966e-07
1.4799364999635145e-08;5.348758000181988e-08;5.3671219997340815e-08;4.903928000130691e-07
1.510405499866465e-08;5.810977999935858e-08;5.379515999811702e-08;5.019027999951504e-07
1.5008180000586434e-08;5.5695579998428e-08;5.301456000306644e-08;4.927582000382244e-07
1.4714489999460057e-08;5.444828000036068e-08;5.4939000000013036e-08;4.94226599985268e-07
1.4590150000003631e-08;5.521613999735564e-08;5.2963240002281966e-08;4.870818000053987e-07
1.4422590000322089e-08;5.267408000072464e-08;5.1029119995655494e-08;4.811012000427582e-07
1.415988499938976e-08;5.7248640002217145e-08;5.588591999839991e-08;5.16442200052552e-07
1.525322000088636e-08;5.3351959999417884e-08;5.263974000117741e-08;5.249653999926522e-07
1.484084499970777e-08;5.554049999918789e-08;5.224826000048779e-08;4.906744000036269e-07
1.4794929999334272e-08;5.4065380000974985e-08;5.300482000457123e-08;4.837414000066929e-07
1.432601499982411e-08;5.3386279998812826e-08;5.4061720002209765e-08;4.968052000040188e-07
1.4546795000205748e-08;5.378979999804869e-08;5.278151999809779e-08;4.887630000011995e-07
1.476169499946991e-08;5.4471260000718756e-08;5.193106000078842e-08;4.949417999596335e-07
1.4567024999996647e-08;5.48138799960725e-08;5.3330140002071856e-08;5.103109999909066e-07
1.4259380000294186e-08;5.478442000458017e-08;5.323227999615483e-08;5.095239999936894e-07
1.4246279999497346e-08;5.5713839997770266e-08;5.449586000177078e-08;4.875387999927626e-07
1.3969275000272319e-08;5.322419999865815e-08;5.226395999779925e-08;5.01408000010997e-07
1.4212094999675173e-08;5.593273999984376e-08;5.52607599995099e-08;4.974346000235527e-07
1.4573760000348557e-08;5.6683839997276665e-08;5.163832000107504e-08;4.971760000335053e-07
1.4501055001164786e-08;5.4281820001779125e-08;5.3758720000041645e-08;5.018491999944671e-07
1.5309274999890478e-08;5.772019999567419e-08;5.2989539998816323e-08;4.917419999837876e-07
1.4321875000314321e-08;5.418554000207223e-08;5.278966000187211e-08;4.886736000189558e-07
1.426161499985028e-08;5.6259079999290405e-08;5.199018000275828e-08;4.860892000142485e-07
1.3898450000851881e-08;5.485931999864988e-08;5.437311999849044e-08;5.146734000300057e-07
1.4993795000191313e-08;5.356480000191368e-08;5.5348140001297e-08;5.158895999775268e-07
1.5236955000727904e-08;5.371520000044257e-08;5.416130000376142e-08;4.896348000038415e-07
1.4475464999850375e-08;5.5353719997219744e-08;5.269257999607362e-08;5.09706599987112e-07
1.4453694999974687e-08;5.4641240002820265e-08;5.251851999782957e-08;4.988184000249021e-07
1.5016725000168662e-08;5.6255979998968543e-08;5.3024699998786675e-08;4.898036000085995e-07
1.5024020000419115e-08;5.5020639998838305e-08;5.5101579998154194e-08;4.917980000027455e-07
1.452607000101125e-08;5.5692000000271944e-08;5.5266560002928596e-08;4.860744000179693e-07
1.4504500001203269e-08;5.3686320001725106e-08;5.315365999704227e-08;5.035005999961867e-07
1.500027500005672e-08;5.4798919998575e-08;5.2687960001640023e-08;5.174838000093587e-07
1.4195949998975266e-08;5.508021999849006e-08;5.2640480000991374e-08;5.141973999561742e-07
1.4594544999999925e-08;5.624209999805316e-08;5.523188000079244e-08;5.038803999777884e-07
1.4166594999551308e-08;5.529187999782152e-08;5.2203799999551845e-08;4.992164000286721e-07
1.4452834999246988e-08;5.6391480000456795e-08;5.4441000003134833e-08;4.937710000085644e-07
1.4941859999089503e-08;5.7822060002945364e-08;5.3827360004652294e-08;5.056874000001698e-07
1.4316210000833962e-08;5.656681999680586e-08;5.206047999672592e-08;5.069060000241734e-07
1.4968904999841472e-08;5.5921480001416056e-08;5.578887999872677e-08;5.098092000116594e-07
1.4609085000120103e-08;5.7762300001923e-08;5.541631999658421e-08;4.809017999796196e-07
1.4334034999774303e-08;5.3095679997932166e-08;5.1689500000793486e-08;5.117699999827892e-07
1.4778105000732467e-08;5.648746000370011e-08;5.2495539997471495e-08;5.08094999997411e-07
1.4926540000305978e-08;5.4036840004846456e-08;5.2528499998152257e-08;4.882362000062131e-07
1.4282239999738522e-08;5.6328020000364634e-08;5.5132239998783916e-08;5.188114000484347e-07
1.5057024999987333e-08;5.6337180000264196e-08;5.553667999920435e-08;5.196743999840692e-07
1.3937190000433474e-08;5.395344000426121e-08;5.22404599993024e-08;5.016240000259131e-07
1.5310539999336468e-08;5.5038620001869275e-08;5.432394000235945e-08;4.880218000034802e-07
1.5304099999775644e-08;5.4440720001002776e-08;5.484395999810658e-08;4.775950000039302e-07
1.5411170000152197e-08;5.428133999812417e-08;5.4913120000855995e-08;5.058674000320025e-07
1.495637999905739e-08;5.7807799999136476e-08;5.332655999809503e-08;5.187138000037521e-07
1.4174885000102222e-08;5.598911999841221e-08;5.2916440000990403e-08;4.931653999956324e-07
1.4617155000451021e-08;5.5247279995819556e-08;5.429732000338845e-08;5.005288000102155e-07
1.5473490000294986e-08;5.462935999967158e-08;5.6132459995569664e-08;5.112885999842547e-07
1.4885055000195279e-08;5.6061899999622254e-08;5.5143940000561995e-08;4.857115999911912e-07
1.4122724998742342e-08;5.5006400001002475e-08;5.601412000251002e-08;5.180995999835432e-07
1.4383644999179524e-08;5.6262519996380434e-08;5.613199999788776e-08;4.848383999778889e-07
1.4414980000583456e-08;5.506308000185527e-08;5.350046000094153e-08;5.113279999932275e-07
1.4648814999964089e-08;5.46157399949152e-08;5.6037300004391e-08;4.81223399983719e-07
1.490159999957541e-08;5.615356000489555e-08;5.3945359995122996e-08;4.993992000236176e-07
1.447463499935111e-08;5.621140000293963e-08;5.5884579999838024e-08;5.115183999878355e-07
1.427636500011431e-08;5.3629640000872314e-08;5.2432219998445364e-08;5.083317999960855e-07
1.4353124999615829e-08;5.675289999926463e-08;5.559633999946527e-08;5.127590000047348e-07
1.4735129999462516e-08;5.7406259997515005e-08;5.4373059998033566e-08;5.039872000343166e-07
1.5066649999062066e-08;5.3939299995545295e-08;5.1668339996831494e-08;4.767254000180401e-07
1.5124060001107866e-08;5.654948000446893e-08;5.38514000014402e-08;5.088332000304945e-07
1.5367904999584426e-08;5.603401999687776e-08;6.064429999678396e-08;5.216835999744944e-07
1.5561674999480603e-08;5.557448000181466e-08;5.501947999582626e-08;4.965434000478126e-07
1.4640749999671244e-08;5.3869540005689485e-08;5.479378000018187e-08;5.078206000034698e-07
1.5225484999245963e-08;5.355492000235245e-08;5.4606480000074956e-08;5.030241999775171e-07
1.4453454999602399e-08;5.561965999659151e-08;5.090961999958381e-08;4.988766000024043e-07
1.4777809999941383e-08;5.676886000437662e-08;5.624957999680191e-08;5.006910000229255e-07
1.4504299999680371e-08;5.732453999808058e-08;5.324079999700188e-08;4.915508000412956e-07
1.4731570000003558e-08;5.40291800047271e-08;5.117791999946348e-08;4.805889999843203e-07
1.4313804999983404e-08;5.465488000190817e-08;5.2807119995122774e-08;4.952226000023075e-07
1.3991904999420512e-08;5.374334000516683e-08;5.261148000136018e-08;5.205512000247836e-07
1.4489655000215861e-08;5.402289999765344e-08;5.3508080000756305e-08;5.20855400012806e-07
1.4778899999510032e-08;5.5494399997405706e-08;5.4598619998432694e-08;4.957510000094771e-07
1.4770734999910928e-08;5.790677999611944e-08;5.5543559999205175e-08;4.948473999975249e-07
1.5227469999808818e-08;5.3745800000615415e-08;5.455153999500908e-08;5.140326000400819e-07
1.5170644999307114e-08;5.651850000140257e-08;5.229416000074707e-08;4.982600000221282e-07
1.432568500022171e-08;5.442671999917366e-08;5.1968600001418964e-08;5.094459999818355e-07
1.493470499990508e-08;5.421900000073947e-08;5.212254000362009e-08;4.991933999699541e-07
1.4330004999646916e-08;5.3762119996827094e-08;5.237446000101045e-08;5.101205999962985e-07
1.524339500028873e-08;5.470581999979913e-08;5.3931999998167156e-08;4.889428000315092e-07
1.4624339999863877e-08;5.630980000132695e-08;5.261820000014268e-08;5.000484000192955e-07
1.4841969999542925e-08;5.479968000436202e-08;5.334064000053331e-08;4.851180000114255e-07
1.4597330000833609e-08;5.6418919999850914e-08;5.3771340003004295e-08;4.823253999929875e-07
1.501717499922961e-08;5.6342580000637097e-08;5.2140239998698236e-08;4.905474000261166e-07
1.4261850000184495e-08;5.480482000275515e-08;5.212947999825701e-08;4.862065999768674e-07
1.442152000090573e-08;5.781091999961063e-08;5.2482039999449626e-08;4.949597999802791e-07
1.530757000000449e-08;5.732277999632061e-08;5.567940000328235e-08;5.057722000055946e-07
1.527312999969581e-08;5.778054000111297e-08;5.3293539996957404e-08;5.025572000304237e-07
1.5194519999204203e-08;5.6518299999879675e-08;5.326231999788433e-08;5.148141999961808e-07
1.4271329999610315e-08;5.70499400026165e-08;5.2750599995488304e-08;4.899404000025242e-07
1.4493465000123252e-08;5.515436000423506e-08;5.546504000085406e-08;5.144654000177979e-07
1.486029499938013e-08;5.470795999863185e-08;5.4969479999272155e-08;5.171926000039093e-07
1.4355269999941811e-08;5.3826599998865275e-08;5.2304300002288074e-08;4.942501999903471e-07
1.4350539998849855e-08;5.4138040001271295e-08;5.3041760000633073e-08;4.998666000319645e-07
1.4207914999860805e-08;5.7164059998467566e-08;5.424203999573365e-08;4.977618000120856e-07
1.4533024998672772e-08;5.402956000179984e-08;5.2886279998347165e-08;4.889960000291467e-07
1.4826415000425186e-08;5.459085999755189e-08;5.6153980002272875e-08;5.127553999773227e-07
1.4549574999546167e-08;5.566542000160553e-08;5.334936000290327e-08;4.941057999967597e-07
1.5306565001083074e-08;5.324793999898248e-08;5.3710959997260944e-08;4.877620000042952e-07
1.4252399999531918e-08;5.4991320002591235e-08;5.178829999640584e-08;4.943685999605805e-07
1.4803234999999404e-08;5.421368000097573e-08;5.291188000119291e-08;4.958800000022165e-07
1.5405934999580495e-08;5.7235619996208696e-08;5.616614000173286e-08;5.224369999486954e-07
1.5340505000494885e-08;5.633076000376605e-08;5.2193699998315425e-08;5.15875400044024e-07
1.4291249999951106e-08;5.339906000299379e-08;5.530277999932878e-08;4.947968000196852e-07
1.4765519999491516e-08;5.7459020003443584e-08;5.545820000115782e-08;4.912361999740825e-07
1.4089470000180882e-08;5.5204919999232513e-08;5.28320400044322e-08;4.863623999990523e-07
1.4989534999767785e-08;5.514453999930993e-08;5.47284199972637e-08;5.230615999898873e-07
1.5303860000858548e-08;5.8362399996258317e-08;5.5064339999808e-08;4.966655999887734e-07
1.420501999964472e-08;5.526887999731116e-08;5.3562979999696836e-08;4.937320000026375e-07
1.525036000093678e-08;5.459681999636814e-08;5.5703979998361316e-08;4.922463999828323e-07
1.431307500024559e-08;5.413412000052631e-08;5.3719120001187545e-08;5.024776000063866e-07
1.5016830000968185e-08;5.723639999632724e-08;5.367443999857642e-08;4.88690999976825e-07
1.542504000099143e-08;5.501117999665439e-08;5.24898600007873e-08;4.932539999717847e-07
1.495864500029711e-08;5.533781999838539e-08;5.219897999777458e-08;5.187279999954626e-07
1.447518999921158e-08;5.481754000065848e-08;5.301715999958105e-08;5.145877999602817e-07
1.4773819998663385e-08;5.33980000007432e-08;5.208778000087477e-08;4.93233399989549e-07
1.4765270000498276e-08;5.349953999975696e-08;5.475114000146277e-08;4.978509999928064e-07
1.52008350007236e-08;5.685677999863401e-08;5.177440000115894e-08;4.9254559999099e-07
1.4601645000220741e-08;5.3950820001773535e-08;5.369676000555046e-08;5.064851999632083e-07
1.547866500040982e-08;5.380862000165507e-08;5.371377999545075e-08;4.896062000188976e-07
1.4478434999182354e-08;5.337479999870993e-08;5.528257999685593e-08;4.924400000018068e-07
1.498691000015242e-08;5.7037239999044686e-08;5.4128360003232955e-08;5.239701999817044e-07
1.5326844999799504e-08;5.294974000426009e-08;5.300274000037462e-08;5.171197999734431e-07
1.4602849999209866e-08;5.785337999695912e-08;5.487599999760278e-08;5.008085999870673e-07
1.4830200000142213e-08;5.509579999488779e-08;5.214164000353776e-08;4.950242000049912e-07
1.420963499986101e-08;5.5005560000427065e-08;5.216266000061296e-08;4.921147999702953e-07
1.4609009999549016e-08;5.700156000093557e-08;5.27925000002142e-08;5.031118000042625e-07
1.4927939999324737e-08;5.8111500000813976e-08;5.140953999944031e-08;5.094743999652565e-07
1.4307784999255092e-08;5.7248640002217145e-08;5.608032000018284e-08;5.153254000470042e-07
1.4746600000944454e-08;5.7730840001022446e-08;5.4050239996286106e-08;4.892370000015944e-07
1.4601850000326522e-08;5.735168000101112e-08;5.394751999992877e-08;4.982047999510542e-07
1.482772000017576e-08;5.723497999715619e-08;5.2053959999466314e-08;5.166256000520661e-07
1.4726280000468251e-08;5.636340000201017e-08;5.1759060000767934e-08;4.846083999727852e-07
1.4549004999571479e-08;5.5529539997223764e-08;5.410390000324696e-08;4.767881999723613e-07
1.4451474999077618e-08;5.514770000008866e-08;5.3429360000882294e-08;4.894917999627069e-07
1.4516025000193622e-08;5.601587999844923e-08;5.2037540002493187e-08;4.911942000035196e-07
1.4271730001200923e-08;5.635769999935292e-08;5.2670620003482325e-08;5.085229999967851e-07
1.44335549994139e-08;5.71672199992463e-08;5.432910000090487e-08;4.980807999963873e-07
1.4450754999415949e-08;5.7137419999344276e-08;5.4535080003552136e-08;5.150417999830097e-07
1.4710040000500158e-08;5.502273999736644e-08;5.314863999956288e-08;4.909259999985807e-07
1.4510259999951814e-08;5.607360000140034e-08;5.3749019996030255e-08;4.916865999693983e-07
1.4493409999704454e-08;5.693613999756053e-08;5.2827419998357076e-08;4.975049999775365e-07
1.4573345000098926e-08;5.3916480002226306e-08;5.237816000008024e-08;4.959388000424951e-07
1.4618879999034106e-08;5.7504560000961644e-08;5.527201999793761e-08;4.967097999760881e-07
1.4510999999765772e-08;5.637490000226535e-08;5.28528599999845e-08;5.153690000297502e-07
1.4495940000051633e-08;5.536979999742471e-08;5.4622220003511754e-08;5.183667999808677e-07
1.4204799999424722e-08;5.610243999981321e-08;5.533337999950163e-08;5.223871999769472e-07
1.4492925000377e-08;5.4901119996793565e-08;5.421041999943555e-08;5.178243999835104e-07
1.4433149999240414e-08;5.6515000003855674e-08;5.28827200003434e-08;5.044528000289574e-07
1.4574454999819863e-08;5.7182339997962116e-08;5.5456080002477395e-08;5.141378000262194e-07
1.5112824999960138e-08;5.6111119996057826e-08;5.166305999737233e-08;5.152149999630637e-07
1.4633545000106097e-08;5.441590000409633e-08;5.4723939998075364e-08;5.01516200019978e-07
1.4848064999387134e-08;5.419049999909475e-08;6.032232000143268e-08;5.202058000140823e-07
1.428907499939669e-08;5.685895999777131e-08;5.25205800018739e-08;5.107216000324115e-07
1.4981419999094216e-08;5.7170979998772963e-08;5.42113600007724e-08;5.20736999984365e-07
1.4736810000613332e-08;5.792805999517441e-08;5.261978000053205e-08;4.980370000121184e-07
1.454985000018496e-08;5.698850000044331e-08;5.32405000005383e-08;5.075688000069931e-07
1.468495500012068e-08;5.4255280003417283e-08;5.3704679996008054e-08;5.165360000100919e-07
1.4263914999901316e-08;5.67628999997396e-08;5.306582000339404e-08;5.137273999862373e-07
1.4393970000674017e-08;5.597777999937534e-08;5.4720860003726554e-08;4.789701999980025e-07
1.4234019999275916e-08;5.54621999966912e-08;5.262445999542251e-08;5.138800000422634e-07
1.3890565000474453e-08;5.522621999843978e-08;5.449178000562824e-08;4.909541999804788e-07
1.4493589999619871e-08;5.5953819997375834e-08;5.3287999995518475e-08;4.923260000068694e-07
1.5051374999166e-08;5.7058959995629266e-08;5.245622000074945e-08;4.931532000191509e-07
1.5092839999124406e-08;5.40097400022205e-08;5.3180419997079297e-08;4.91292999999132e-07
1.4694684999994933e-08;5.7677779998630286e-08;5.305274000274949e-08;5.002127999905497e-07
1.4438380001229234e-08;5.468025999725796e-08;5.5375019996427e-08;5.096709999488666e-07
1.5480114999809302e-08;5.719941999996081e-08;5.4628140002023426e-08;4.855454000062309e-07
1.483095500007039e-08;5.780498000094667e-08;5.4770799999823794e-08;5.073620000039227e-07
1.4734209999733139e-08;5.442914000013843e-08;5.2798439998878166e-08;4.790876000188291e-07
1.4494070000364446e-08;5.475455999840051e-08;5.451880000182427e-08;5.018390000332147e-07
1.4351009999518282e-08;5.58487200003583e-08;5.274949999875389e-08;4.899299999815412e-07
1.5301935000752565e-08;5.52845400001388e-08;5.595654000062495e-08;4.884373999666422e-07
1.480615000036778e-08;5.7550259999698025e-08;5.488186000147835e-08;5.043315999791958e-07
1.4203069999348373e-08;5.503174000186846e-08;5.604875999852083e-08;4.914620000054128e-07
1.4415445001213811e-08;5.406345999799669e-08;5.584067999734543e-08;5.134740000357851e-07
1.5453435000381432e-08;5.4418059997260574e-08;5.504462000099011e-08;4.914614000008441e-07
1.440417499979958e-08;5.3556140000000594e-08;5.419177999719977e-08;4.996143999742344e-07
1.4108124999620486e-08;5.594400000409223e-08;5.307784000178799e-08;5.068095999886282e-07
1.4205505000427365e-08;5.566304000094533e-08;5.160690000047907e-08;5.118069999734871e-07
1.4291675000276883e-08;5.7532080000964924e-08;5.216808000113815e-08;4.959518000250682e-07
1.4295649999985472e-08;5.6954100000439213e-08;5.5600819998653606e-08;5.136273999814876e-07
1.526972499996191e-08;5.540534000028856e-08;5.336286000092514e-08;4.921697999816388e-07
1.415586500079371e-08;5.834178000222892e-08;5.2968660002807153e-08;5.136807999806479e-07
1.411258000007365e-08;5.7367139996495095e-08;5.328767999890261e-08;4.998166000004858e-07
1.4225984999211505e-08;5.4961739998543635e-08;5.2612520003458484e-08;5.100868000299669e-07
1.511573499883525e-08;5.7278279995080084e-08;5.172414000262506e-08;4.841280000400729e-07
1.4974404999520628e-08;5.403318000026047e-08;5.111373999970965e-08;4.94001200015191e-07
1.451631000090856e-08;5.703859999775887e-08;5.474724000087008e-08;4.830365999951027e-07
1.420551500050351e-08;5.350861999904737e-08;5.286336000426673e-08;4.959140000282787e-07
1.433067000034498e-08;5.528634000220336e-08;5.640969999949448e-08;4.966255999752321e-07
1.4883890000055544e-08;5.4867619997821746e-08;5.550634000101127e-08;4.985110000125133e-07
1.3967055000830441e-08;5.5032859998755155e-08;5.5487200000789015e-08;4.917784000281245e-07
1.4288405000115744e-08;5.7396119995974005e-08;5.4313359997468067e-08;4.885757999727503e-07
1.4960424999298994e-08;5.5582899996079505e-08;5.584120000130497e-08;5.089308000169695e-07
1.4934550000180024e-08;5.668473999830894e-08;5.616505999932997e-08;5.16946599993389e-07
1.4816829998744651e-08;5.526811999734491e-08;5.59006399998907e-08;4.893623999669217e-07
1.5330775000620635e-08;5.434132000082173e-08;5.5460199998924506e-08;5.203574000042863e-07
1.519574999983888e-08;5.59818199952133e-08;5.60394800035283e-08;5.22495599987451e-07
1.4908124999783468e-08;5.505663999938406e-08;5.583892000140622e-08;4.924526000395417e-07
1.4170484998612664e-08;5.732166000525467e-08;5.498849999858067e-08;5.287881999975071e-07
1.4334720000624656e-08;5.464571999618784e-08;5.286206000018865e-08;4.962155999965034e-07
1.4646274999540765e-08;5.4419179999968035e-08;5.2894660003948956e-08;4.989111999748274e-07
1.4371335000032559e-08;5.458649999927729e-08;5.305229999939911e-08;5.070657999604009e-07
1.5505679999478162e-08;5.482263999874704e-08;5.5019340000581e-08;4.917079999577254e-07
1.44812450002064e-08;5.591140000033192e-08;5.1978560001589355e-08;4.896962000057101e-07
1.4319604999036528e-08;5.4661900002975016e-08;5.5337979999603704e-08;4.997147999820299e-07
1.4436520000163e-08;5.4878239997196944e-08;5.327623999910429e-08;4.816870000213385e-07
1.4593210000020917e-08;5.47069400025066e-08;5.236148000112735e-08;4.847487999941222e-07
1.4396679999481421e-08;5.560586000210606e-08;5.1328479999210687e-08;4.841137999901548e-07
1.427852500055451e-08;5.670064000296406e-08;5.392131999833509e-08;5.132644000113941e-07
1.457858999929158e-08;5.449459999799728e-08;5.2292740001576024e-08;4.862708000000566e-07
1.4230779999343213e-08;5.4241059999912976e-08;5.336592000094243e-08;5.192667999654077e-07
1.471204499976011e-08;5.717890000087209e-08;5.185644000303e-08;5.095601999782957e-07
1.4526594999188092e-08;5.6517560000065713e-08;5.5595859995810316e-08;5.21041999978479e-07
1.4193364999664481e-08;5.71399999957066e-08;5.4368099995190275e-08;4.971683999756351e-07
1.4549750000878703e-08;5.504234000109136e-08;5.15510999946855e-08;5.080409999936819e-07
1.4166719999047927e-08;5.6674300000304354e-08;5.253884000121616e-08;5.23490399995353e-07
1.5176885000255424e-08;5.630836000200361e-08;5.2695679996395486e-08;5.143971999641508e-07
1.4484740000625607e-08;5.740380000206642e-08;5.215347999474034e-08;5.017443999531679e-07
1.4788565000344534e-08;5.803804000024684e-08;5.463234000490047e-08;4.919204000034369e-07
1.5213190000213217e-08;5.565745999920182e-08;5.1999080000678077e-08;4.838724000146613e-07
1.4326379999693017e-08;5.66000199993141e-08;5.169018000015058e-08;4.954782000277191e-07
1.4322825000272133e-08;5.4921379999723286e-08;5.236596000031568e-08;4.88530200032983e-07
1.4168100000824779e-08;5.53756200009957e-08;5.2028120000613854e-08;5.139986000140197e-07
1.417508500016993e-08;5.469696000218391e-08;5.557624000357464e-08;4.950258000171744e-07
1.4292589999968186e-08;5.4891819995827974e-08;5.4663940001046284e-08;4.876973999780603e-07
1.5365680000104477e-08;5.5564260005485264e-08;5.667263999930583e-08;5.164395999745466e-07
1.495854499953566e-08;5.552951999707148e-08;5.3536219999659805e-08;4.886917999829166e-07
1.4373840000189375e-08;5.627910000039265e-08;5.4279120004503057e-08;4.985993999871425e-07
1.4840510000067297e-08;5.5316719994880257e-08;5.376629999955185e-08;4.951959999743849e-07
1.490802500047721e-08;5.419678000034764e-08;5.58989199984353e-08;5.035634000087157e-07
1.4385215000947938e-08;5.3728980000596494e-08;5.6548400002066045e-08;5.193674000329338e-07
1.541836999967927e-08;5.6793319998541847e-08;5.679508000030182e-08;4.860479999915696e-07
1.420714499981841e-08;5.388939999975264e-08;5.237476000329479e-08;5.035723999608308e-07
1.4915085000393446e-08;5.631906000198796e-08;5.4223439999623226e-08;5.193433999666013e-07
1.4665930000774097e-08;5.39805400010664e-08;5.305690000532195e-08;4.939398000133223e-07
1.457092499913415e-08;5.4883679997874425e-08;5.2265339996665715e-08;4.940821999916807e-07
1.4908820000709966e-08;5.6946400000015274e-08;5.43681800016202e-08;4.860506000113673e-07
1.4957024999603163e-08;5.52075200015679e-08;5.487406000029296e-08;4.821113999933005e-07
1.4315575000364334e-08;5.684076000470668e-08;5.5073819996323437e-08;5.037302000564523e-07
1.4476760000979993e-08;5.716241999762133e-08;5.381040000356734e-08;5.042678000172601e-07
1.5060115000233054e-08;5.4688839998561886e-08;5.216202000156045e-08;5.164662000024692e-07
1.5229420000105166e-08;5.573260000091978e-08;5.475705999997444e-08;4.971901999670081e-07
1.4561990000947845e-08;5.5413160001626236e-08;5.831324000027962e-08;4.995901999645867e-07
1.4638879999984056e-08;5.406010000151582e-08;6.10889200004749e-08;5.297458000131883e-07
1.4398949999304023e-08;5.6972540001152086e-08;5.372280000010505e-08;5.050969999865628e-07
1.45686999996542e-08;5.5256380001083015e-08;5.178773999796249e-08;4.867962000425905e-07
1.4676555000187363e-08;5.527318000094965e-08;5.4400380002334713e-08;4.914942000177688e-07
1.5162119999877176e-08;5.464149999897927e-08;5.182130000321194e-08;4.970630000461825e-07
1.4527685000211932e-08;5.504992000060156e-08;5.66925999999512e-08;4.901155999978073e-07
1.5108855000289622e-08;5.775821999995969e-08;5.235454000066966e-08;4.93309399986174e-07
1.4526824999484233e-08;5.4200119996676224e-08;5.3819599997950716e-08;4.940243999590166e-07
1.4887810000800527e-08;5.5783860001247375e-08;5.323111999896355e-08;5.137697999598459e-07
1.4506989999790676e-08;5.7713099999818954e-08;5.585340000106953e-08;5.218849999946542e-07
1.4464754999789875e-08;5.451459999894723e-08;5.2796920004766434e-08;4.938634000136517e-07
1.4576129999477416e-08;5.475611999863759e-08;5.683013999951072e-08;4.980912000173703e-07
1.4709810000204016e-08;5.776700000278652e-08;5.25050199998077e-08;4.941078000119888e-07
1.4745849999599159e-08;5.726629999699071e-08;5.643916000262834e-08;5.228229999775067e-07
1.4672145000076852e-08;5.7906660001026466e-08;5.686275999760255e-08;4.869978000060655e-07
1.4636164999683388e-08;5.697406000108458e-08;5.50364000024274e-08;4.972219999763183e-07
1.4796619999106042e-08;5.590813999879174e-08;5.302603999734856e-08;5.207714000134729e-07
1.4966404999722726e-08;5.752153999637812e-08;5.3384079999523235e-08;4.785775999771432e-07
1.446490999951493e-08;5.548182000056841e-08;5.3055560000939294e-08;4.910876000067219e-07
1.5088724999804983e-08;5.400331999990158e-08;5.563856000080705e-08;5.131313999881968e-07
1.4364584999566432e-08;5.798068000003696e-08;5.601014000130817e-08;5.146466000005603e-07
1.4760675000434276e-08;5.722564000170678e-08;5.4209020000416786e-08;5.138039999874308e-07
1.4602080000622663e-08;5.7691679999697955e-08;5.523836000356823e-08;5.223151999525725e-07
1.498616999888327e-08;5.367837999947369e-08;5.423207999556325e-08;4.869095999747515e-07
1.4998845000809523e-08;5.4212899995036425e-08;5.32031399954576e-08;4.894330000388436e-07
1.4327109999430832e-08;5.614302000030875e-08;5.211534000118263e-08;5.203373999684118e-07
1.526744000002509e-08;5.721919999923557e-08;5.2522879996104166e-08;5.048636000137776e-07
1.4434855000581592e-08;5.626392000121996e-08;5.4500199999893084e-08;5.173232000088319e-07
1.4842189999762923e-08;5.617847999674268e-08;5.3964720002841204e-08;4.975975999841467e-07
1.501488499925472e-08;5.5770900001516564e-08;5.508411999908276e-08;5.123940000194125e-07
1.4957164999214002e-08;5.726400000276044e-08;5.491367999929935e-08;5.140493999933824e-07
1.4737099999911151e-08;5.8015519997570664e-08;5.384460000204854e-08;5.040049999952316e-07
1.465800500009209e-08;5.755518000223674e-08;5.252535999752581e-08;5.242978000314906e-07
1.448573999950895e-08;5.563207999803126e-08;5.384374000132084e-08;4.95744800020475e-07
1.4445500000147149e-08;5.4374779999488966e-08;5.4394180001690984e-08;4.946927999844774e-07
1.4743995000026188e-08;5.357324000215158e-08;5.518210000009276e-08;4.932706000399776e-07
1.536290500080213e-08;5.773811999824829e-08;5.5833359999815e-08;4.952096000197343e-07
1.450427999952808e-08;5.544738000025973e-08;5.222626000177115e-08;5.009615999879316e-07
1.4675664999231231e-08;5.6812980002723635e-08;5.469253999763169e-08;5.216443999670446e-07
1.508243999996921e-08;5.586014000000432e-08;5.268888000282459e-08;4.923672000295483e-07
1.4654674999474082e-08;5.435080000315793e-08;5.44960200029891e-08;4.883635999867693e-07
1.4946440000494477e-08;5.3419480001321065e-08;5.49444800009951e-08;4.908834000234492e-07
1.4585590000206139e-08;5.420148000121117e-08;5.307909999974072e-08;4.868027999764308e-07
1.4967045000230428e-08;5.683510000235401e-08;5.482769999653101e-08;4.905124000506476e-07
1.4505029999418184e-08;5.669819999602623e-08;5.4840460000559685e-08;5.11701199982781e-07
1.5052394999656827e-08;5.485738000134006e-08;5.537866000086069e-08;4.842942000250332e-07
1.42921650010976e-08;5.6415520003065465e-08;5.5706860002828765e-08;5.058905999758281e-07
1.500049000023864e-08;5.7269920001272115e-08;5.4879599995911124e-08;5.175012000254356e-07
1.546816500049317e-08;5.51112600020133e-08;5.5119979998562486e-08;5.093936000484973e-07
1.4713269998901523e-08;5.6102859997190535e-08;5.363777999882586e-08;5.004087999695912e-07
1.5277254999091382e-08;5.755521999672055e-08;5.307806000346318e-08;5.135386000038125e-07
1.5556275000562892e-08;5.766487999935634e-08;5.221191999735311e-08;5.022944000083953e-07
1.477100500051165e-08;5.723868000204675e-08;5.5119939998257905e-08;5.028746000025421e-07
1.4245305000804364e-08;5.748318000114523e-08;5.292650000192225e-08;5.04849800025113e-07
1.5107150000403637e-08;5.3642519999993963e-08;5.4894659999990835e-08;5.117598000215366e-07
1.4288554999802728e-08;5.4038159997435285e-08;5.5447139998432246e-08;5.043604000238701e-07
1.5005374999600463e-08;5.649340000236407e-08;5.472114000003785e-08;4.986685999901966e-07
1.4626975001010578e-08;5.6268380000256e-08;5.3634980000788347e-08;5.132933999993838e-07
1.520256500079995e-08;5.468703999649733e-08;5.592630000319332e-08;4.992328000371345e-07
1.4595079999708105e-08;5.6721240002661946e-08;5.4363960004411636e-08;4.995543999830261e-07
1.490895000024466e-08;5.7302319997688753e-08;5.470845999661833e-08;5.197094000177457e-07
1.4465894999739248e-08;5.789851999725215e-08;5.2917220001108945e-08;5.151489999843761e-07
1.4946144999703393e-08;5.546149999718182e-08;5.553736000438221e-08;5.135945999645628e-07
1.480207499989774e-08;5.491784000187181e-08;5.584950000047684e-08;5.265460000373424e-07
1.4926390000618995e-08;5.678380000172183e-08;5.56284999998752e-08;4.955657999962569e-07
1.4355340000474826e-08;5.514453999930993e-08;5.180932000512257e-08;4.967193999909795e-07
1.4815594999527093e-08;5.735189999686554e-08;5.350734000094235e-08;4.85101800004486e-07
1.466126499872189e-08;5.723350000334904e-08;5.5122080002911386e-08;5.153194000013173e-07
1.533482999948319e-08;5.714678000076674e-08;5.229395999922417e-08;4.92164800001774e-07
1.4351880000322126e-08;5.7150100002763793e-08;5.4697040002793074e-08;5.100100000272505e-07
1.4322660000470933e-08;5.743853999883868e-08;5.59371400042437e-08;5.011289999820292e-07
1.4509409999300261e-08;5.3396339999744666e-08;5.363751999684609e-08;4.891070000012406e-07
1.4501999999629334e-08;5.605020000366494e-08;5.2690620004432275e-08;5.223859999678098e-07
1.442852500040317e-08;5.620146000292152e-08;5.215350000071339e-08;5.052509999950417e-07
1.4264710000134074e-08;5.4439100000308824e-08;5.438825999735855e-08;4.988811999792233e-07
1.509842500090599e-08;5.579259999794886e-08;5.2113779995124785e-08;4.889718000194989e-07
1.4795610000146554e-08;5.564014000119641e-08;5.521202000090853e-08;4.891462000086903e-07
1.4138770000135991e-08;5.426830000360496e-08;5.3817500005243344e-08;4.888580000260845e-07
1.5006734999769834e-08;5.599557999521494e-08;5.4333340004086494e-08;4.919602000154554e-07
1.4602605000254699e-08;5.495249999803491e-08;5.29015599982813e-08;4.922409999999217e-07
1.4551395000307821e-08;5.51603400032036e-08;5.609872000059113e-08;5.20857600029558e-07
1.4345604999107308e-08;5.3932219999842346e-08;5.397288000094704e-08;4.852399999508634e-07
1.45354899999802e-08;5.382489999756217e-08;5.378228000481613e-08;4.987066000467166e-07
1.4697950000117998e-08;5.66588000045158e-08;5.537138000363484e-08;4.975708000129089e-07
1.5505164999922273e-08;5.541579999844544e-08;5.4011480003828186e-08;5.068210000172257e-07
1.4324639999540523e-08;5.4656940000131725e-08;5.360715999850072e-08;4.862597999745048e-07
1.461459999991348e-08;5.658802000107244e-08;5.576548000099138e-08;4.888343999627977e-07
1.4927244999853428e-08;5.743904000264593e-08;5.616384000168182e-08;5.186963999876752e-07
1.4510589999554213e-08;5.4361459997016936e-08;5.6392899999627844e-08;5.128540000296198e-07
1.5178305000881665e-08;5.583773999824189e-08;5.562097999500111e-08;4.879019999643787e-07
1.4951469999505207e-08;5.5736239999532697e-08;5.963906000251881e-08;4.96402400021907e-07
1.452310500026215e-08;5.4987320001237096e-08;5.288808000041172e-08;4.868214000016451e-07
1.546367000119062e-08;5.374802000005729e-08;5.248374000075273e-08;4.864811999723316e-07
1.4436964999185875e-08;5.691522000124678e-08;5.252697999821976e-08;5.176058000070043e-07
1.4436599999316968e-08;5.407941999728791e-08;5.317240000003949e-08;5.004176000365987e-07
1.4422714999818708e-08;5.522600000258535e-08;5.296033999766223e-08;5.207967999740504e-07
1.4442710000730585e-08;5.488512000301853e-08;5.575312000000849e-08;4.874721999512985e-07
1.4822940000158268e-08;5.500876000151038e-08;5.360323999775574e-08;4.928295999998226e-07
1.4376289999927394e-08;5.5771419999655335e-08;5.180345999542624e-08;4.955605999566614e-07
1.4630295000097249e-08;5.7825820002472026e-08;5.2582759998040275e-08;4.990509999915958e-07
1.4299900000332854e-08;5.5339199997251856e-08;5.2362360002007334e-08;5.071687999879942e-07
1.5110894999816083e-08;5.509406000492163e-08;5.479173999628983e-08;5.048419999657199e-07
1.4645719999680296e-08;5.519239999703132e-08;5.263111999956891e-08;5.175495999865233e-07
1.534643000049982e-08;5.714885999914259e-08;5.434611999662593e-08;5.180149999796413e-07
1.4606774999992922e-08;5.380581999779679e-08;5.2735379996011035e-08;4.935134000261314e-07
1.431276999937836e-08;5.6001880002440887e-08;5.260318000218831e-08;4.849356000195258e-07
1.476297000044724e-08;5.555568000418134e-08;5.581316000316292e-08;5.213327999808825e-07
1.4422265000757762e-08;5.4888200003188105e-08;5.2897659997688605e-08;4.953224000055343e-07
1.4588835000176914e-08;5.759459999972023e-08;5.263426000019536e-08;5.189165999763645e-07
1.5385360000072978e-08;5.7882619998417796e-08;5.454864000203088e-08;5.180212000268511e-07
1.4677549999032635e-08;5.692697999766096e-08;5.512886000215076e-08;5.078280000016093e-07
1.500198499998078e-08;5.777126000029966e-08;5.506134000024758e-08;5.238224000204354e-07
1.5186694999283646e-08;5.786344000371173e-08;5.149107999750413e-08;4.858758000191301e-07
1.4317619999928865e-08;5.6235219998052345e-08;5.36893600015901e-08;5.17104400030803e-07
1.5167105000000446e-08;5.48852399981115e-08;5.3437060001306234e-08;5.187750000040978e-07
1.52312250007526e-08;5.7755380001617593e-08;5.4888600000413135e-08;4.913360000355169e-07
1.4393930000369438e-08;5.5470939999213445e-08;5.428702000062913e-08;4.960085999919102e-07
1.448429500014754e-08;5.471134000108577e-08;5.340391999925487e-08;5.078784000361338e-07
1.489679999940563e-08;5.794515999732539e-08;5.283188000321388e-08;5.086483999621123e-07
1.4490430000296328e-08;5.46879599976819e-08;5.301983999670483e-08;4.901196000282653e-07
1.52094400007627e-08;5.640125999925658e-08;5.2507500001229345e-08;5.232273999718017e-07
1.4861264999490232e-08;5.4315680003492163e-08;5.376691999845207e-08;4.451347999856807e-07
1.4794214999710676e-08;5.439446000382304e-08;5.527511999825947e-08;4.2781280004419385e-07
1.4395920000970364e-08;5.6424360000528395e-08;5.27730599977076e-08;4.2010260000824927e-07
1.430359500081977e-08;5.4646139999385924e-08;5.278291999711655e-08;4.222097999881953e-07
1.4693020000413525e-08;5.420031999819912e-08;5.330965999746695e-08;4.251336000161245e-07
1.516659500048263e-08;5.4995780001627284e-08;5.562715999549255e-08;4.4567680003819985e-07
1.4730909999343567e-08;5.61026600014884e-08;5.246782000176608e-08;4.1610480000963433e-07
1.5004989999579267e-08;5.7096099999034775e-08;5.349219999625348e-08;4.412441999884322e-07
1.443994000001112e-08;5.655269999988377e-08;5.2861019998090343e-08;4.4455899996683e-07
1.4075239999510813e-08;5.494314000243321e-08;5.236516000004485e-08;4.3580440001096574e-07
1.4450979999674018e-08;5.7364299998153e-08;5.286014000303112e-08;4.241030000266619e-07
1.4737209999293555e-08;5.607231999747455e-08;5.446671999525279e-08;4.4261560001177715e-07
1.4532195001083891e-08;5.572806000127457e-08;5.484337999951094e-08;4.4813660002546386e-07
1.5464254999824334e-08;5.386986000230536e-08;5.192976000253111e-08;4.1868619999149815e-07
1.4552025000739377e-08;5.3821319999406116e-08;5.536668000277132e-08;4.1918260004604236e-07
1.43610750004882e-08;5.511130000231788e-08;5.3698540001641956e-08;4.1497659997548907e-07
1.4978745000553317e-08;5.330761999939568e-08;5.267363999737427e-08;4.275045999675058e-07
1.4723639999283477e-08;5.485719999996945e-08;5.5548819998512047e-08;4.452275999938138e-07
1.4629879999847618e-08;5.5249660002300514e-08;5.4570080002304165e-08;4.253552000154741e-07
1.51253900010488e-08;5.486117999535054e-08;5.191198000102304e-08;4.17628200026229e-07
1.4596009999513626e-08;5.642801999929361e-08;5.3601320000598205e-08;4.451222000061534e-07
1.4893734999350272e-08;5.5560120003065096e-08;5.543503999942914e-08;4.142991999979131e-07
1.4549369999440386e-08;5.717366000171751e-08;5.5266099999425935e-08;4.1195480001624675e-07
1.5198265000071842e-08;5.46952800010331e-08;5.5622859997674825e-08;4.264985999907367e-07
1.551474000007147e-08;5.81555999990087e-08;5.2549439994618294e-08;4.497805999708362e-07
1.4939289999892935e-08;5.426648000138812e-08;5.246865999652073e-08;4.4276379997609186e-07
1.4332614999148063e-08;5.5950380000285804e-08;5.629249999765307e-08;4.1639739996753634e-07
1.4797734998865053e-08;5.756752000306733e-08;5.134896000381559e-08;4.271405999897979e-07
1.4663524999923538e-08;5.417389999493025e-08;5.392563999630511e-08;4.251698000007309e-07
1.5434014999482317e-08;5.612250000122003e-08;5.2702700003283096e-08;4.271487999940291e-07
1.5219700000307056e-08;5.553654000395909e-08;5.447376000229269e-08;4.339316000114195e-07
1.5222174998780248e-08;5.539618000038899e-08;5.5541760002961384e-08;4.2908819997683166e-07
1.4769549999618903e-08;5.5996619997313244e-08;5.2123400004347785e-08;4.3692680000094695e-07
1.5496065000479576e-08;5.5998339998768644e-08;5.263232000288554e-08;4.3821619998198e-07
1.4284680000855587e-08;5.7460419996641575e-08;5.5290980002610015e-08;4.4354659999953585e-07
1.4578920000349171e-08;5.6640579999657345e-08;5.5830979999154806e-08;4.2337139998562634e-07
1.5039619999879505e-08;5.538055999786593e-08;5.473015999887139e-08;4.3652719998499377e-07
1.5349129999231082e-08;5.618265999946743e-08;5.5792920000385496e-08;4.1849479998927564e-07
1.5119899999990594e-08;5.7104720000643286e-08;5.171464000013657e-08;4.278024000232108e-07
1.499803500046255e-08;5.511059999698773e-08;5.2621480001835156e-08;4.196271999971941e-07
1.4625630000955426e-08;5.430219999980182e-08;5.339465999859385e-08;4.309909999719821e-07
1.4699855000071693e-08;5.484997999737971e-08;5.521349999471567e-08;4.3970480002462864e-07
1.4996335000614637e-08;5.5075019999640066e-08;5.222137999953702e-08;4.451511999941431e-07
1.4348424998752308e-08;5.736219999962486e-08;5.3694380004890265e-08;4.3436399998608974e-07
1.523250000027474e-08;5.47846200002823e-08;5.413751999731175e-08;4.21094199991785e-07
1.4359795000927989e-08;5.5886499996995556e-08;5.440281999763101e-08;4.2934279999462886e-07
1.4314005000051111e-08;5.5112020001979546e-08;5.4880759998923166e-08;4.443645999999717e-07
1.4893364999443293e-08;5.64518999948632e-08;5.629427999956533e-08;4.453495999914594e-07
1.4023674999771175e-08;5.5046659999061376e-08;5.5183060001581905e-08;4.353277999907732e-07
1.5141369999037124e-08;5.723357999813743e-08;5.267145999823697e-08;4.4708200002787634e-07
1.4679650000471156e-08;5.422166000353172e-08;5.3374959999928254e-08;4.414566000341438e-07
1.449031000083778e-08;5.502255999599583e-08;5.447093999828212e-08;4.36087200010661e-07
1.4427194999007043e-08;5.657321999897249e-08;5.5288899998413396e-08;4.410718000144698e-07
1.5196175000164657e-08;5.3484739997657016e-08;5.457255999790504e-08;4.141016000066884e-07
1.4848540000093635e-08;5.720562000060454e-08;5.266461999854073e-08;4.402509999927133e-07
1.4784570000483654e-08;5.6993080000393095e-08;5.4682260000845415e-08;4.1462880000472066e-07
1.502116999909049e-08;5.3461599996080624e-08;5.326159999822266e-08;4.2741620005108416e-07
1.4778744999784977e-08;5.7184719998622316e-08;5.598832000396214e-08;4.2929639999056234e-07
1.446091499965405e-08;5.3451339999446645e-08;5.304365999763831e-08;4.4420919998083264e-07
1.4206759999797214e-08;5.758590000332333e-08;5.503481999621727e-08;4.308316000388004e-07
1.4078250000602565e-08;5.418616000097245e-08;5.9252500004367905e-08;4.193018000223674e-07
1.5111204999266193e-08;5.3896660002646965e-08;5.485617999802344e-08;4.4241700001293794e-07
1.5238134999526665e-08;5.4837739997310565e-08;5.4837159998714927e-08;4.281859999755397e-07
1.4241060000495054e-08;5.3765760001260785e-08;5.303849999909289e-08;4.1968019999330865e-07
1.5391490000183693e-08;5.3915500000584874e-08;5.2303759998176245e-08;4.3615100003080444e-07
1.4550834998954087e-08;5.7231459999457005e-08;5.463534000446089e-08;4.290472000138834e-07
1.498136500013061e-08;5.405443999916315e-08;5.3952400002162906e-08;4.1288660001009704e-07
1.5007470001000913e-08;5.7483840000350025e-08;5.547592000220902e-08;4.187746000243351e-07
1.4891560000251047e-08;5.306415999657475e-08;5.4927140002837406e-08;4.1463620000286026e-07
1.4976149999711198e-08;5.368521999916993e-08;5.357412000303157e-08;4.4148259999928994e-07
1.4342890000261832e-08;5.428822000394575e-08;5.2046919998247175e-08;4.353967999923043e-07
1.4710625000589062e-08;5.769334000069648e-08;5.566296000033617e-08;4.3071520002558827e-07
1.4364295000268612e-08;5.616435999982059e-08;5.294239999493584e-08;4.461482000187971e-07
1.544506999925943e-08;5.437789999996312e-08;5.559243999887258e-08;4.4227800000226127e-07
1.4610615000128746e-08;5.4769420000957326e-08;5.40327399969101e-08;4.163395999930799e-07
1.5376060000562576e-08;5.765741999493912e-08;5.5643799999961626e-08;4.285539999837056e-07
1.4402440001140348e-08;5.7034640002530066e-08;5.2269160002470015e-08;4.1780440002912657e-07
1.5202144999057053e-08;5.448452000273392e-08;5.2719420002540575e-08;4.4343039998784663e-07
1.5003469999646767e-08;5.6768019997980444e-08;5.266458000405692e-08;4.441506000002846e-07
1.507827999885194e-08;5.753600000170991e-08;5.273776000249199e-08;4.286466000485234e-07
1.4063749999331776e-08;5.41620200034231e-08;5.368200000375509e-08;4.283925999770872e-07
1.4246324999839998e-08;5.2721179998479785e-08;5.2825979999033734e-08;4.194854000234045e-07
1.4464719999523368e-08;5.4276139999274166e-08;5.298795999842696e-08;4.370148000307381e-07
1.4512324999668635e-08;5.438118000165559e-08;5.3299919998971743e-08;4.2478460003621874e-07
1.4584760001162067e-08;5.455875999759883e-08;5.401418000110425e-08;4.368495999951847e-07
1.5448310000647325e-08;5.4889219999313354e-08;5.208958000293933e-08;4.2398559994762764e-07
1.4203015000384766e-08;5.457598000066355e-08;5.576505999779329e-08;4.3136479996610435e-07
1.5883700000995306e-08;5.50706599955447e-08;5.264156000339426e-08;4.23458999954164e-07
1.5229214999999384e-08;5.501785999513231e-08;5.5016479996265844e-08;4.276199999731034e-07
1.4530775000457652e-08;5.6929279997712e-08;5.3068880003411324e-08;4.2026739998254925e-07
1.4335894999385345e-08;5.5379039997933433e-08;5.278939999989234e-08;4.4544440001482146e-07
1.5437514999939596e-08;5.64853599993512e-08;5.3789819998200984e-08;4.0711099997861313e-07
1.5134869999019428e-08;5.360081999679096e-08;5.22090999991633e-08;4.234545999788679e-07
1.4572105000843294e-08;5.5989139998564495e-08;5.195672000409104e-08;4.1274580004392194e-07
1.4495654999336694e-08;5.683120000176132e-08;5.263143999618478e-08;4.197254000464454e-07
1.4666300000681076e-08;5.438427999615669e-08;5.324568000505678e-08;4.1054220002843067e-07
1.4781835000030697e-08;5.419982000021264e-08;5.253471999894827e-08;4.3590499996207655e-07
1.4445680000062566e-08;5.655608000233769e-08;5.261955999885686e-08;4.2217039997922254e-07
1.4174939999065827e-08;5.484194000018761e-08;5.291970000253059e-08;4.1841599997133016e-07
1.4752934999705758e-08;5.4472399997757746e-08;5.135449999943376e-08;4.2278419999638573e-07
1.4357349999772851e-08;5.513552000047639e-08;5.5579459998989475e-08;5.124418000341393e-07
1.4869045000523329e-08;5.3633919998537747e-08;5.2432100003352386e-08;5.142802000045776e-07
1.4367265001055784e-08;5.4717259999597444e-08;5.316849999944679e-08;4.96976199967321e-07
1.5394679999735673e-08;5.447801999980584e-08;5.484021999873221e-08;5.02349000016693e-07
1.457207999919774e-08;5.399061999632977e-08;5.47833799966611e-08;5.147453999961726e-07
1.5184079999744426e-08;5.591263999813236e-08;5.3524220001418146e-08;5.211616000160574e-07
1.542499999923166e-08;5.7947160000912844e-08;5.497442000196315e-08;5.06437600008212e-07
1.4501935000589583e-08;5.602571999770589e-08;5.3194720001192766e-08;5.073728000279516e-07
1.4540719999058638e-08;5.3860059997532513e-08;5.344544000108726e-08;5.218685999861918e-07
1.451593999954639e-08;5.5617920000804585e-08;5.2475539996521545e-08;5.199959999881684e-07
1.4164985000388697e-08;5.799257999751717e-08;5.283439999911934e-08;5.144514000276103e-07
1.541443000023719e-08;5.578626000205986e-08;5.216367999673821e-08;5.221504000364802e-07
1.4142079999146518e-08;5.291654000175186e-08;5.1736500003607945e-08;5.08795200032182e-07
1.4346720000321511e-08;5.392166000092402e-08;5.265622000442818e-08;4.981900000129827e-07
1.4523525000549852e-08;5.557029999908991e-08;5.3226020000874994e-08;4.949870000127703e-07
1.504051500087371e-08;5.494864000356756e-08;5.3023480001138523e-08;5.219605999882333e-07
1.4501664999988862e-08;5.5652040004497395e-08;5.46069800038822e-08;5.032003999804147e-07
1.5064589999383315e-08;5.310583999962546e-08;5.2324499998940156e-08;5.158320000045933e-07
1.4329419999558013e-08;5.743190000066534e-08;5.280734000261873e-08;5.111551999580115e-07
1.5206629999738654e-08;5.735850000055507e-08;5.349543999764137e-08;4.97250400017947e-07
1.4348369999788701e-08;5.433134000049904e-08;5.6946660001995045e-08;4.909532000310719e-07
1.4921280000999103e-08;5.3980359999695796e-08;5.40601400018204e-08;4.871177999884821e-07
1.4280235000478569e-08;5.45984199969098e-08;5.231665999745019e-08;4.896491999970749e-07
1.4388389998930507e-08;5.419374000048265e-08;5.317352000274696e-08;4.917641999782063e-07
1.5131165001366752e-08;5.3373719996307044e-08;5.257887999759987e-08;5.374834000249394e-07
1.4129010000033304e-08;5.475651999586262e-08;5.366899999789894e-08;4.953195999842137e-07
1.4189569999871309e-08;5.426987999817356e-08;5.32080200035125e-08;5.034690000466071e-07
1.448923999996623e-08;5.451966000255197e-08;5.334191999863833e-08;5.139603999559767e-07
1.4182984999206384e-08;5.511596000287682e-08;5.227951999986544e-08;4.957707999856211e-07
1.4530555000237656e-08;5.336556000402197e-08;5.3183479997096584e-08;4.995085999835283e-07
1.4270794999902136e-08;5.4887220001546667e-08;5.403799999621697e-08;5.156508000218309e-07
1.440160499914782e-08;5.620078000356443e-08;5.285826000035741e-08;5.027117999852635e-07
1.501350499893306e-08;5.8647879998898134e-08;5.3576840000459925e-08;4.944909999612719e-07
1.4593254998908379e-08;5.388899999670684e-08;5.368815999827348e-08;4.987829999881796e-07
1.4549249999981839e-08;5.728405999834649e-08;5.2213040000060575e-08;4.967312000226229e-07
1.4731610000308137e-08;5.477191999671049e-08;5.148534000036307e-08;5.204691999824717e-07
1.4703510000254027e-08;5.484777999809012e-08;5.131009999895468e-08;5.007144000264816e-07
1.445716500020353e-08;5.4749220004305244e-08;5.500839999876916e-08;5.226694000302814e-07
1.480671000026632e-08;5.4333860002225265e-08;5.2158040000358595e-08;5.225195999955759e-07
1.4668815000914037e-08;5.4463700001360845e-08;5.54853199981153e-08;5.019131999579258e-07
1.546480499964673e-08;5.45168399985414e-08;5.414693999919109e-08;5.200353999971412e-07
1.4649939999799244e-08;5.357359999907203e-08;5.285275999922305e-08;5.231510000303388e-07
1.4306015000329353e-08;5.485319999861531e-08;5.3010059997905045e-08;5.266607999801636e-07
1.496153000043705e-08;5.445757999550551e-08;5.4980280000017956e-08;5.094298000331037e-07
1.519683500082465e-08;5.762222000048496e-08;5.42460199969355e-08;5.278032000060193e-07
1.4618650000193156e-08;5.2864159998716786e-08;5.614714000257663e-08;5.008331999997608e-07
1.5369830001145602e-08;5.78505200042855e-08;5.741247999831103e-08;5.24598199990578e-07
1.4209644999937155e-08;5.515078000025824e-08;5.446851999731734e-08;5.221263999701478e-07
1.4708034999785014e-08;5.37224400031846e-08;5.4640559997642414e-08;4.942477999720722e-07
1.54701550010941e-08;5.3742599999532105e-08;5.466057999874465e-08;5.225436000037007e-07
1.4365475000522566e-08;5.7124319998547436e-08;5.447649999987334e-08;5.074936000164598e-07
1.4555169999948703e-08;5.3742559999227525e-08;5.796922000008635e-08;5.262847999692894e-07
1.4762294999673032e-08;5.7570919999852776e-08;5.495799999916926e-08;4.908973999554292e-07
1.496527999988757e-08;5.4882760002510624e-08;5.491477999603376e-08;5.246858000173234e-07
1.5170434999163263e-08;5.63021200010553e-08;5.1461499999277296e-08;5.2382340002805e-07
1.4218719999189489e-08;5.7099199999356644e-08;5.543210000032559e-08;5.04391799971927e-07
1.476406500005396e-08;5.5913419998250904e-08;5.3804300003685056e-08;5.087441999930889e-07
1.4599089999683201e-08;5.7400340004824104e-08;5.4565919999731704e-08;5.274853999726474e-07
1.471507499954896e-08;5.750419999822043e-08;5.218057999736629e-08;5.309416000382044e-07
1.51168600001256e-08;5.636329999542795e-08;5.461751999682747e-08;5.205753999762237e-07
1.510061000008136e-08;5.447212000144645e-08;5.372910000151023e-08;5.151333999820054e-07
1.4248350000707433e-08;5.622665999690071e-08;5.374057999579236e-08;5.052612000145018e-07
1.4357344999734778e-08;5.617822000058368e-08;5.4742519999854266e-08;4.953207999933511e-07
1.493225500016706e-08;5.5377840000437575e-08;5.48646799987182e-08;5.231893999734894e-07
1.4685995000763797e-08;5.700766000081785e-08;5.185564000275917e-08;4.968879999942146e-07
1.4605090000259225e-08;5.603294000029564e-08;5.351661999593489e-08;5.123941999627277e-07
1.4768139999068808e-08;5.4586100002052264e-08;5.388640000019222e-08;4.97291799983941e-07
1.4974330000404734e-08;5.4687379999086264e-08;5.451636000070721e-08;5.147983999922872e-07
1.4903585000138264e-08;5.7744419999653476e-08;5.4715800000121815e-08;5.119665999663994e-07
1.4269290000083856e-08;5.780941999983043e-08;5.329862000071444e-08;5.300701999804005e-07
1.4688420000311452e-08;5.3760400001192465e-08;5.3027719998499375e-08;5.127341999905184e-07
1.4190709999820683e-08;5.7925780001096426e-08;5.366028000134975e-08;5.102043999941089e-07
1.4987059999839404e-08;5.769250000012107e-08;5.634825999732129e-08;5.111509999842383e-07
1.4248495000356343e-08;5.376015999936499e-08;5.325297999661416e-08;5.169870000099763e-07
1.4238544998806901e-08;5.428045999724418e-08;5.4955019999761135e-08;5.06314400001429e-07
1.4842110000608954e-08;5.54208799963817e-08;5.4771899996558204e-08;5.162618000176735e-07
1.422292499919422e-08;5.6187340000178666e-08;5.5211380001856014e-08;4.964468000107445e-07
1.4822619999176822e-08;5.452449999866076e-08;5.5624939996050673e-08;5.050726000335999e-07
1.398308499919949e-08;5.377604000386782e-08;5.447105999919586e-08;5.210318000172264e-07
1.4942729999893343e-08;5.6767299998318776e-08;5.408008000231348e-08;5.314439999638125e-07
1.4602620000368916e-08;5.731899999664165e-08;5.476615999941714e-08;5.250593999517151e-07
1.4164780000282916e-08;5.751554000307806e-08;5.3477100003510715e-08;5.105319999856874e-07
1.4164514999720268e-08;5.412824000231922e-08;5.152154000243172e-08;5.042212000116706e-07
1.4650400000391528e-08;5.561681999824941e-08;5.273713999777101e-08;4.942978000035509e-07
1.4201340000727214e-08;5.4055120004341006e-08;5.393616000073962e-08;5.277204000158236e-07
1.4358409999113064e-08;5.6461640004999934e-08;5.377231999882497e-08;5.071843999903649e-07
1.512195499963127e-08;5.389119999599643e-08;5.4117520002182573e-08;5.301602000254206e-07
1.4269295000121928e-08;5.439011999987997e-08;5.512598000350408e-08;5.349088000366465e-07
1.5345639998849946e-08;5.5998479999834673e-08;5.555703999707475e-08;4.895316000329331e-07
1.533507499989355e-08;5.8473320002667604e-08;5.5292339995503425e-08;5.208354000351392e-07
1.4579359999333974e-08;5.3003560000797734e-08;5.5225400003837425e-08;5.3366840002127e-07
1.5601169998990373e-08;5.387275999528356e-08;5.533606000244618e-08;4.972734000184573e-07
1.4869864999491256e-08;5.6727140001021324e-08;5.149982000002638e-08;5.083091999986209e-07
1.399332000000868e-08;5.450163999921642e-08;5.272023999714293e-08;5.231137999799103e-07
1.5539494999393356e-08;5.5894580000313e-08;5.525907999835908e-08;4.966778000234626e-07
1.494651499961037e-08;5.546434000134468e-08;5.593940000399016e-08;5.188869999838062e-07
1.5359275000810158e-08;5.7700940000358966e-08;5.150591999990866e-08;5.344353999826125e-07
1.4615615000366234e-08;5.821082000038586e-08;5.2793879999080676e-08;5.042132000089624e-07
1.4309004999813624e-08;5.6407739996211607e-08;5.1278540003113446e-08;5.31835800036788e-07
1.4352974999928847e-08;5.635136000346392e-08;5.5750580003950746e-08;5.153896000119858e-07
1.4438320000772364e-08;5.575759999919683e-08;5.271021999651566e-08;5.289369999663905e-07
1.446730000025127e-08;5.6233980000251906e-08;5.535128000192344e-08;5.209523999947123e-07
1.4060680000693538e-08;5.565675999969244e-08;5.1867520000087096e-08;5.257862000144087e-07
1.4565360000415239e-08;5.549648000160232e-08;5.5378600000403824e-08;5.163232000195421e-07
1.404435000004014e-08;5.6871740001952276e-08;5.517973999958485e-08;5.324023999855854e-07
1.4404035000188742e-08;5.3490319999400526e-08;5.545892000081949e-08;5.048776000039652e-07
1.4400064999063033e-08;5.388497999520041e-08;5.538932000054046e-08;5.301017999881879e-07
1.4477250000345521e-08;5.428916000528261e-08;5.2560200000880285e-08;5.154533999739215e-07
1.4607279999472667e-08;5.5250579997664315e-08;5.1248540001688524e-08;5.044961999519728e-07
1.4439224998932332e-08;5.428385999985039e-08;5.194348000222817e-08;5.280708000063896e-07
1.4382615000067745e-08;5.5020920000970363e-08;5.323111999896355e-08;5.04480000003241e-07
1.4178985000762623e-08;5.4182859999127686e-08;5.463024000055157e-08;5.20602400007192e-07
1.4680139999836683e-08;5.6874179997248574e-08;5.259215999976732e-08;5.272526000044309e-07
1.5036094999231864e-08;5.658517999690957e-08;5.495533999637701e-08;5.263993999687955e-07
1.432743500045035e-08;5.733478000038304e-08;5.334340000408702e-08;5.044935999903828e-07
1.4483404999191408e-08;5.519214000087231e-08;5.2644280000822616e-08;4.920039999997243e-07
1.456371500098612e-08;5.677636000327766e-08;5.260439999983646e-08;4.998526000417769e-07
1.4397309999912977e-08;5.7261819997802375e-08;5.621813999605365e-08;5.295434000436216e-07
1.469418000051519e-08;5.66776999970898e-08;5.319522000500001e-08;5.234103999682702e-07
1.4454129998921416e-08;5.577131999889389e-08;5.277706000488251e-08;4.922448000288568e-07
1.4486834999115672e-08;5.7868380000581966e-08;5.6379479996394365e-08;5.047109999577515e-07
1.4419150000321679e-08;5.4940239997813475e-08;5.3188559995032846e-08;4.88883399986662e-07
1.4887965000525582e-08;5.5572160001611336e-08;5.194294000393711e-08;5.132404000032694e-07
1.4679675000661518e-08;5.7215620001079516e-08;5.5806640000082555e-08;5.231235999963246e-07
1.447193499916466e-08;5.340154000441544e-08;5.273027999792248e-08;4.94200799963437e-07
1.4381750000757165e-08;5.810400000191293e-08;5.556563999853097e-08;5.05632600048557e-07
1.5165454999078064e-08;5.5977280001388865e-08;5.310885999933817e-08;5.032789999968372e-07
1.5175654999620747e-08;5.660940000088885e-08;5.4586479999125006e-08;5.001261999714188e-07
1.5178164999815636e-08;5.7526940002571794e-08;5.380553999566473e-08;4.956461999681779e-07
1.4416569999593776e-08;5.720520000322722e-08;5.2079280000180004e-08;5.270478000165894e-07
1.4366030000383035e-08;5.4071400000248105e-08;5.609076000400819e-08;5.083239999949001e-07
1.4794955000979825e-08;5.4567960003623736e-08;5.5935599998338145e-08;4.98779600020498e-07
1.4398269999946934e-08;5.689924000180326e-08;5.2046299999346955e-08;5.097014000057243e-07
1.5148270000645424e-08;5.826335999881849e-08;5.292789999512024e-08;5.193131999694742e-07
1.4240419999987353e-08;5.525305999908596e-08;5.452447999850847e-08;5.015446000033989e-07
1.3885475001006853e-08;5.520026000449434e-08;5.3113980003399774e-08;5.32963200006634e-07
1.498839499981841e-08;5.7714040001155806e-08;5.349475999828428e-08;5.353106000111439e-07
1.442970499920193e-08;5.650572000304237e-08;5.222770000109449e-08;5.005077999667265e-07
1.4482624999072869e-08;5.391519999830052e-08;5.238552000373602e-08;4.96489399985876e-07
1.4725755000836215e-08;5.474965999601409e-08;5.5271239997819065e-08;5.115647999919019e-07
1.4752004999900237e-08;5.4936120001366365e-08;5.2526220004074275e-08;5.206111999577843e-07
1.5072705000056884e-08;5.56114399980288e-08;5.487226000404917e-08;5.299333999864757e-07
1.4517160000104923e-08;5.419435999938287e-08;6.026991999824532e-08;4.987432000343688e-07
1.5355474999523723e-08;5.274950000457466e-08;5.236131999990903e-08;5.004516000044532e-07
1.400705999985803e-08;5.461933999904431e-08;5.245332000195049e-08;5.03259600023739e-07
1.4401250000810251e-08;5.395043999888003e-08;5.217280000215396e-08;5.193145999801345e-07
1.5224729999317787e-08;5.755976000218652e-08;5.284774000174366e-08;4.961602000403218e-07
1.4562080000177957e-08;5.498389999847859e-08;5.3194720001192766e-08;4.976733999792486e-07
1.441119999944931e-08;5.4030599998077375e-08;5.719169999938458e-08;5.065136000048369e-07
1.546158999990439e-08;5.4455759999109435e-08;5.360841999645345e-08;5.074733999790624e-07
1.4278180000837893e-08;5.428564000176266e-08;5.1674640004057436e-08;4.962110000196844e-07
1.4203480001015123e-08;5.49172000028193e-08;5.3016259998548774e-08;5.096496000187472e-07
1.506799999915529e-08;5.7067660003667695e-08;5.326333999983035e-08;5.050438000471331e-07
1.4694775000680238e-08;5.3059020004002375e-08;5.549796000123024e-08;4.973849999951198e-07
1.464212499995483e-08;5.781654000165872e-08;5.6146340002305803e-08;5.197970000444912e-07
1.4498339999408928e-08;5.531464000232518e-08;5.192689999821596e-08;5.183737999759614e-07
1.4373880000493954e-08;5.4403859999729324e-08;5.312225999659859e-08;5.057081999839284e-07
1.4382890000706538e-08;5.491748000495136e-08;5.173115999787115e-08;5.174109999788925e-07
1.4224499999545515e-08;5.503061999916099e-08;5.5233979999320584e-08;5.163978000055067e-07
1.5186250000260772e-08;5.584648000076413e-08;5.1899120002053677e-08;5.32725199998822e-07
1.4062809999450109e-08;5.580991999595426e-08;5.293038000236265e-08;5.082013999926857e-07
1.4465685001050588e-08;5.574589999741875e-08;5.441314000054263e-08;5.033001999836415e-07
1.4536789999692701e-08;5.8086940000066535e-08;5.3899700002511965e-08;5.266192000126466e-07
1.475137499946868e-08;5.566766000119969e-08;5.4130639997310936e-08;5.001800000318326e-07
1.4660469999944325e-08;5.465049999766052e-08;5.5779639998218046e-08;5.327080000424757e-07
1.4976894999563227e-08;5.666614000219852e-08;5.239407999906689e-08;4.884114000014961e-07
1.496125999983633e-08;5.442883999785408e-08;5.427744000335224e-08;5.247285999939777e-07
1.4002130000153556e-08;5.8170619996963066e-08;5.2782519999891516e-08;5.135761999990791e-07
1.5132530000119004e-08;5.743701999890618e-08;5.47736199980136e-08;4.938755999901332e-07
1.4998299999570008e-08;5.585425999597646e-08;5.406398000195622e-08;5.026237999554723e-07
1.503312499989988e-08;5.437354000168853e-08;5.233342000283301e-08;5.113882000441663e-07
1.4248744999349583e-08;5.466026000212878e-08;5.4958440002519635e-08;4.847776000387967e-07
1.5162710000004154e-08;5.593875999911688e-08;5.568912000162527e-08;4.962823999812826e-07
1.4466440000978765e-08;5.4206359997624534e-08;5.250528000178747e-08;5.00878199993167e-07
1.4658210000197869e-08;5.823469999595545e-08;5.6200000003445896e-08;5.231363999773748e-07
1.5139595000073313e-08;5.8049099997151645e-08;5.193902000319213e-08;5.155746000236831e-07
1.4230254999711178e-08;5.595876000006683e-08;5.5212080001365395e-08;4.999872000189498e-07
1.5144195000175388e-08;5.506228000158444e-08;5.559859999921173e-08;5.076218000031077e-07
1.4548759999161121e-08;5.78947399975732e-08;5.500267999595962e-08;5.32665399950929e-07
1.4412695000646635e-08;5.494676000089384e-08;5.245973999844864e-08;5.256001999950968e-07
1.4237309999589343e-08;5.752377999597229e-08;5.211480000289157e-08;4.971196000115015e-07
1.5123999999195802e-08;5.7920340000418945e-08;5.325728000025265e-08;5.1589119998971e-07
1.4287440000043717e-08;5.488340000156313e-08;5.254769999883138e-08;5.120669999741949e-07
1.4646805000666063e-08;5.5106259998865427e-08;5.274208000046201e-08;4.954959999886341e-07
1.5057719999458642e-08;5.371429999941029e-08;5.5333799996878955e-08;5.298431999981403e-07
1.4923320000525564e-08;5.5594099999871106e-08;5.2349160000449046e-08;5.239805999444798e-07
1.4879784999357071e-08;5.737716000294313e-08;5.48458400007803e-08;5.31920000037644e-07
1.3958395000372547e-08;5.756980000296608e-08;5.286998000228777e-08;5.260568000376225e-07
1.4709645000402815e-08;5.795166000025347e-08;5.4759260005084796e-08;5.330472000059672e-07
1.4619319999474101e-08;5.815442000166513e-08;5.192724000080489e-08;5.23027999966871e-07
1.4619835000485181e-08;5.827065999619663e-08;5.137483999715187e-08;5.122790000168606e-07
1.4222505000361707e-08;5.327479999978095e-08;5.3400579997105524e-08;5.352081999881193e-07
1.3957255000423175e-08;5.65865800017491e-08;5.23202600015793e-08;5.267478000023402e-07
1.4399144999333657e-08;5.416886000311933e-08;5.424812000128441e-08;5.134094000095501e-07
1.4579755000886508e-08;5.370904000010341e-08;5.271798000321723e-08;5.302212000242434e-07
1.5207604999886825e-08;5.503607999999076e-08;5.413167999940924e-08;5.105380000313744e-07
1.4601060000131838e-08;5.7612639997387306e-08;5.295417999732308e-08;5.320795999723487e-07
1.4023400000587572e-08;5.448171999887563e-08;5.460392000386492e-08;5.269633999560028e-07
1.407889999973122e-08;5.400394000462256e-08;5.3077860001940283e-08;5.194944000104442e-07
1.4315995000652037e-08;5.382450000033714e-08;5.249343999894336e-08;4.967514000018127e-07
1.4615600000252015e-08;5.390702000004239e-08;5.234037999762222e-08;5.294361999840476e-07
1.4721399999689311e-08;5.3523859998676926e-08;5.224813999957405e-08;4.984979999717325e-07
1.518820999917807e-08;5.778372000204399e-08;5.1914160000160336e-08;4.96389599982649e-07
1.4884239999810233e-08;5.287540000281297e-08;5.4622560000279915e-08;4.977291999966837e-07
1.4664505000109784e-08;5.779223999707028e-08;5.224828000064008e-08;5.141405999893322e-07
1.400137500022538e-08;5.4869079997297375e-08;5.4726359999040145e-08;4.97910599980969e-07
1.5139174999785608e-08;5.7228600000962614e-08;5.648608000483364e-08;5.183835999923759e-07
1.4734929999394808e-08;5.588901999872178e-08;5.282086000079289e-08;5.040755999507382e-07
1.532190500001889e-08;5.3219520003767684e-08;5.360116000520065e-08;5.103345999959856e-07
1.4890114999434445e-08;5.725226000067778e-08;5.260240000206977e-08;5.318335999618284e-07
1.53525850008009e-08;5.3337940003257244e-08;5.48905800038483e-08;4.940492000314407e-07
1.4403979999769944e-08;5.503774000098929e-08;5.551917999982834e-08;4.987967999768444e-07
1.49522750012693e-08;5.781282000243664e-08;5.438532000407577e-08;4.987846000003629e-07
1.5281460000551307e-08;5.410821999539621e-08;5.6206680001923816e-08;5.271741999895312e-07
1.4136609999695792e-08;5.773719999706373e-08;5.584541999851353e-08;5.329535999917425e-07
1.4150594999955501e-08;5.7060559996170924e-08;5.520199999446049e-08;5.370118000428192e-07
1.5155024999694433e-08;5.814927999745123e-08;5.516156000085175e-08;4.980615999666042e-07
1.4661295000405516e-08;5.39375199994538e-08;5.397672000108287e-08;5.201707999804058e-07
1.5022134999162516e-08;5.347421999904327e-08;5.274619999690913e-08;5.195129999774508e-07
1.4586814999347552e-08;5.687791999662295e-08;5.258945999667048e-08;4.965010000159964e-07
1.4334404999681284e-08;5.4440760001307356e-08;5.7005159999243915e-08;5.084560000104829e-07
1.4261824999994133e-08;5.5099720001453535e-08;5.5672660004347564e-08;5.165352000040003e-07
1.4831639999465551e-08;5.3315699996892365e-08;5.396865999791771e-08;4.970842000329867e-07
1.422935000009602e-08;5.3819819999625906e-08;5.556053999462165e-08;4.997237999923528e-07
1.511811999953352e-08;5.3471300000092015e-08;5.539839999983087e-08;5.005978000117466e-07
1.4083715000015218e-08;5.666614000219852e-08;5.37832600006368e-08;5.00750600011088e-07
1.4551185000163969e-08;5.7251199998427184e-08;5.248784000286833e-08;4.908839999698103e-07
1.431956500018714e-08;5.468906000023708e-08;5.3373279998777434e-08;5.344390000100248e-07
1.4398689998779446e-08;5.520002000266686e-08;5.344328000210226e-08;5.172287999885157e-07
1.5456535000703297e-08;5.686799999675714e-08;5.5481579998740924e-08;5.101564000360668e-07
1.5182220000133385e-08;5.3682739997748284e-08;5.2362440002616495e-08;5.039720000349916e-07
1.5349300000525545e-08;5.673217999865301e-08;5.235487999743782e-08;5.092858000425622e-07
1.469387499964796e-08;5.365792000084184e-08;5.482078000204638e-08;4.922282000188716e-07
1.456336000119336e-08;5.598467999952845e-08;5.701425999868661e-08;5.002805999829433e-07
1.526556500029983e-08;5.43701599992346e-08;5.237232000217773e-08;4.939464000053704e-07
1.4306479999504517e-08;5.66638000018429e-08;5.2544519997900355e-08;5.041047999984585e-07
1.475057000061497e-08;5.548634000006132e-08;5.53944599989336e-08;5.098782000131905e-07
1.4680225000483916e-08;5.466065999935381e-08;5.33763200044632e-08;5.049390000058338e-07
1.4861324999947101e-08;5.475749999750406e-08;5.237520000082441e-08;5.143386000418104e-07
1.555069500027457e-08;5.403222000459209e-08;5.396273999940604e-08;5.034759999834932e-07
1.4445205000811256e-08;5.406901999958791e-08;5.202541999751702e-08;5.118861999944783e-07
1.555903499975102e-08;5.4813979996833954e-08;5.1957659999607134e-08;5.017296000150964e-07
1.4602785000170116e-08;5.4017399996519087e-08;5.2883279998786745e-08;4.975841999985277e-07
1.441013000003295e-08;5.42323200032115e-08;5.379392000031658e-08;5.117845999775454e-07
1.4405234999139793e-08;5.578199999872595e-08;5.5389799998374654e-08;5.062244000146165e-07
1.522294000023976e-08;5.414833999820985e-08;5.394345999811776e-08;5.12466799991671e-07
1.4852890001202468e-08;5.8358520001638684e-08;5.34075399977155e-08;5.060288000386209e-07
1.4551425000536255e-08;5.476509999716654e-08;5.240055999602191e-08;5.056619999813847e-07
1.4358475001063198e-08;5.645134000224061e-08;5.289759999723174e-08;5.233948000241071e-07
1.4459229999920354e-08;5.349554000422359e-08;5.269428000319749e-08;5.009760000393726e-07
1.522732500015991e-08;5.452116000233218e-08;5.1656580000417305e-08;5.145059999777004e-07
1.4188794999790844e-08;5.3634059999603775e-08;5.555251999758184e-08;4.929444000008516e-07
1.5296519998810253e-08;5.3917619999265296e-08;5.437091999920085e-08;4.876671999809332e-07
1.5158350000274367e-08;5.443187999771908e-08;5.365792000084184e-08;5.335025999811478e-07
1.4541255000222008e-08;5.5159460002323615e-08;5.571523999678902e-08;5.127877999912016e-07
1.4460780000081286e-08;5.5547820002539085e-08;5.19724200014025e-08;4.969395999796688e-07
1.4576785000099334e-08;5.6317900004796684e-08;5.381004000082612e-08;5.039153999532572e-07
1.463046000135364e-08;5.4869000002508984e-08;5.443493999773636e-08;5.037447999930009e-07
1.4562349999323488e-08;5.566491999779828e-08;5.3893859998788684e-08;5.095356000238098e-07
1.4657155000895727e-08;5.78326000017114e-08;5.2274319995194674e-08;4.922095999936573e-07
1.438147500011837e-08;5.485023999935947e-08;5.165296000195667e-08;5.051412000320852e-07
1.5007915000023787e-08;5.7110299996566025e-08;5.275037999963388e-08;5.007832000264898e-07
1.5399530000286176e-08;5.7116819999646394e-08;5.221607999992557e-08;5.118032000027597e-07
1.4018609999038744e-08;5.377130000269972e-08;5.4010019998531786e-08;5.271100000245496e-07
1.4329570000700187e-08;5.5459320003865286e-08;5.5783820000942795e-08;4.913638000143692e-07
1.4377135000540876e-08;5.6137339997803793e-08;5.2152200002456085e-08;5.058337999507785e-07
1.5042169998923783e-08;5.426028000074439e-08;5.333519999985583e-08;5.061826000455767e-07
1.5415980000398123e-08;5.547831999720074e-08;5.286819999455474e-08;4.924991999869235e-07
1.5234364999923856e-08;5.6428920000325886e-08;5.405332000227645e-08;5.053674000082538e-07
1.4688799998839385e-08;5.618232000269927e-08;5.563618000014685e-08;5.068931999849156e-07
1.4881810000224505e-08;5.65911200013943e-08;5.22402000031434e-08;5.252551999874413e-07
1.4853115000005346e-08;5.36885000008624e-08;5.284378000069409e-08;5.075581999844871e-07
1.4469160001317505e-08;5.372907999553718e-08;5.285302000120282e-08;5.253691999823786e-07
1.5294795000227167e-08;5.46593600010965e-08;5.319809999782592e-08;5.20822600054089e-07
1.4539504999993369e-08;5.390455999877304e-08;5.617857999750413e-08;5.31377799983602e-07
1.4551685001060832e-08;5.7263979996787385e-08;5.592686000163667e-08;5.197256000246853e-07
1.4250960000208579e-08;5.498916000360623e-08;5.257084000040777e-08;4.91931599972304e-07
1.4317054999992252e-08;5.756553999963216e-08;5.5699640000239016e-08;5.239321999833919e-07
1.528956499969354e-08;5.713665999937803e-08;5.179362000199035e-08;5.084634000086226e-07
1.4339959999779239e-08;5.326042000087909e-08;5.345709999674e-08;5.26192000019364e-07
1.4214574999641628e-08;5.765687999664806e-08;5.566561999730766e-08;4.969912000233308e-07
1.4965634999680334e-08;5.498422000091523e-08;5.608352000126615e-08;5.191504000104033e-07
1.460722500050906e-08;5.384166000294499e-08;5.498358000186272e-08;4.90280799975153e-07
1.493614999926649e-08;5.763790000346489e-08;5.533387999748811e-08;5.293301999918185e-07
1.544597500032978e-08;5.5055599997285754e-08;5.5651979998219756e-08;5.039560000295751e-07
1.539673999941442e-08;5.7586879999144e-08;5.580813999986276e-08;5.118462000391446e-07
1.510188500105869e-08;5.684018000029028e-08;5.5474759999196975e-08;4.921535999746993e-07
1.5467160000116563e-08;5.358214000007138e-08;5.222651999793016e-08;4.952272000373341e-07
1.5093439999327528e-08;5.634705999982543e-08;5.43082999996841e-08;5.199187999824062e-07
1.5232550000655465e-08;5.614975999924354e-08;5.602981999982148e-08;4.939724000287243e-07
1.4702269999543204e-08;5.6249599996954204e-08;5.2732920000562444e-08;5.206746000330895e-07
1.4886090000800323e-08;5.5105619999812913e-08;5.586762000457384e-08;5.30795999977272e-07
1.5552450000541284e-08;5.497737999539822e-08;5.583374000270851e-08;4.987714000162669e-07
1.4350549998925998e-08;5.324094000388868e-08;5.577895999886095e-08;5.148466000100598e-07
1.453126499982318e-08;5.601393999531865e-08;5.5394000001251696e-08;5.365573999588378e-07
1.4465169998584316e-08;5.780317999888212e-08;5.4780759999994185e-08;4.891942000249401e-07
1.4638935000402852e-08;5.4478960001142695e-08;5.337664000107907e-08;5.200393999693915e-07
1.5342849999433384e-08;5.505793999764137e-08;5.248565999791026e-08;5.149623999604956e-07
1.5232764999382198e-08;5.3637899999739605e-08;5.197614000062458e-08;5.079881999990903e-07
1.4123559999279678e-08;5.360368000110611e-08;5.491143999970518e-08;5.152144000167027e-07
1.4406185000552796e-08;5.600086000049487e-08;5.565023999661207e-08;5.194786000065506e-07
1.5088085000752473e-08;5.507662000018172e-08;5.248095999704674e-08;5.30239999992773e-07
1.412348000012571e-08;5.5774519999977204e-08;5.270827999920584e-08;5.0283800001489e-07
1.4215644999057986e-08;5.3607340005692095e-08;5.285763999563642e-08;5.109533999930136e-07
1.4519354999356437e-08;5.41773600038141e-08;5.5567340005654845e-08;5.127103999839164e-07
1.55288499998278e-08;5.379983999882825e-08;5.19806600001175e-08;5.300438000122086e-07
1.4180249998753424e-08;5.471915999660268e-08;5.383325999719091e-08;5.16310999984853e-07
1.5069374999438878e-08;5.549305999884382e-08;5.5593700002646076e-08;5.235678000026382e-07
1.4132575000985526e-08;5.568721999879926e-08;5.267123999656178e-08;5.165627999813296e-07
1.4593899999454151e-08;5.585707999998704e-08;5.311692000250332e-08;5.106868000002578e-07
1.4425285000470467e-08;5.485007999814116e-08;5.529948000330478e-08;5.327214000280946e-07
1.419937500031665e-08;5.535209999652579e-08;5.410083999740891e-08;5.007475999882445e-07
1.4193664999038446e-08;5.4884819994913415e-08;5.36563000001479e-08;5.269375999923796e-07
1.4918750000651927e-08;5.567176000331529e-08;5.248520000022836e-08;5.10284399962984e-07
1.4132275000156369e-08;5.562535999924876e-08;5.227505999500863e-08;5.30994999979157e-07
1.4807804999873043e-08;5.495955999940634e-08;5.62150199955795e-08;5.323672000085935e-07
1.4887170000292826e-08;5.70499200024642e-08;5.4955539997899906e-08;5.270165999536403e-07
1.5521609999996145e-08;5.635891999700107e-08;5.281077999970876e-08;5.081945999991149e-07
1.4596754999365658e-08;5.47788199968636e-08;5.420668000006117e-08;5.153622000361793e-07
1.5434860000095795e-08;5.615669999970123e-08;5.384370000101626e-08;4.912452000426129e-07
1.5149765000387562e-08;5.405252000200562e-08;5.45157200016547e-08;5.25182000012137e-07
1.4361144999566022e-08;5.407524000038393e-08;6.16117600002326e-08;6.296124000218697e-07
1.6330674999335315e-08;6.339174000313505e-08;5.503063999931328e-08;5.498756000306457e-07
1.59975199989276e-08;6.370258000097238e-08;6.235940000042319e-08;5.468473999644629e-07
1.614525000040885e-08;6.278100000345149e-08;6.443798000109382e-08;5.204500000108965e-07
2.0119069999782368e-08;5.8087639999575916e-08;6.32949799997732e-08;5.494067999534308e-07
1.5156220000062602e-08;5.503628000151366e-08;5.562841999926604e-08;4.978938000276684e-07
1.699407499982044e-08;5.831938000046648e-08;6.5726020000875e-08;5.214142000186257e-07
1.593684499966912e-08;5.929564000107348e-08;5.2940359996864574e-08;5.141996000311338e-07
1.4457140000013169e-08;6.244274000055157e-08;6.644871999742463e-08;5.613926000078208e-07
2.0406540000112726e-08;5.964243999915198e-08;5.5393319996073845e-08;5.396534000174142e-07
1.6683789998933207e-08;6.206731999991461e-08;6.261685999925249e-08;5.666231999639422e-07
1.7199350000009873e-08;6.525881999987178e-08;5.688365999958478e-08;5.581696000299416e-07
1.9392940000398083e-08;6.16180999961216e-08;5.8571640000445765e-08;5.818878000136464e-07
1.7157890000089536e-08;6.193228000192904e-08;6.494452000479214e-08;5.341178000089712e-07
1.7271154999616555e-08;6.283112000091932e-08;6.325773999560625e-08;5.728362000081689e-07
1.6753134998725726e-08;5.970122000435367e-08;5.739522000076249e-08;5.457774000242352e-07
1.5866425000422168e-08;5.996832000091672e-08;5.526687999954447e-08;5.534646000014618e-07
1.760231000080239e-08;5.675523999962024e-08;5.588223999948241e-08;5.466732000350021e-07
1.664900000032503e-08;6.33244399970863e-08;5.5396300001302735e-08;5.520644000498577e-07
1.7253379999601747e-08;6.150055999751203e-08;6.23857200029306e-08;5.674398000119254e-07
1.6037040000082926e-08;5.8966079994570465e-08;6.285484000109137e-08;5.8589500002563e-07
1.6145939999842086e-08;5.806722000124864e-08;5.790937999845482e-08;5.893568000174128e-07
1.6204939999443012e-08;5.514854000066407e-08;5.735576000297442e-08;5.352524000336416e-07
1.4690695000172127e-08;5.746203999733552e-08;5.4542560002300885e-08;5.208663999801501e-07
1.5995530001237057e-08;5.624410000164062e-08;5.702127999975346e-08;5.220242000068538e-07
1.6831429999729153e-08;5.591030000359751e-08;5.442541999509558e-08;5.098350000334904e-07
1.487304500042228e-08;5.531191999907605e-08;5.3361679997760804e-08;5.373565999907441e-07
1.5817065000010187e-08;5.671831999788992e-08;5.164635999826714e-08;5.098648000275716e-07
1.826411499932874e-08;5.801807999960147e-08;5.5772300000535326e-08;5.278707999968901e-07
2.048355500010075e-08;5.887491999892518e-08;6.020125999930314e-08;5.177181999897584e-07
1.590740500105312e-08;5.470008000265807e-08;5.4287519998615606e-08;5.395729999872856e-07
1.50704500003485e-08;6.138112000189722e-08;6.736555999959819e-08;5.856438000337221e-07
1.7826800000329966e-08;7.381976000033319e-08;6.491438000230119e-08;5.912707999814302e-07
1.644267499941634e-08;7.100349999964237e-08;5.882375999935903e-08;5.815596000174992e-07
1.7069220000121277e-08;7.011953999754041e-08;6.384848000016063e-08;5.386216000188142e-07
1.6822974999377037e-08;5.787700000219047e-08;6.03086200018879e-08;5.314715999993496e-07
1.5526944999874103e-08;5.737217999994755e-08;6.464555999846197e-08;5.615311999572441e-07
1.5017209999496117e-08;5.613289999892004e-08;5.4151760000968354e-08;5.204953999491408e-07
1.6576514999906066e-08;5.96916800015606e-08;5.703856000327505e-08;5.703117999946698e-07
1.7732585000339896e-08;6.622731999959796e-08;6.726708000060171e-08;5.610870000091382e-07
2.068833499943139e-08;6.120399999781511e-08;6.326548000215553e-08;5.313190000015311e-07
1.5794654999626802e-08;6.907030000002124e-08;5.522559999953956e-08;5.40774799999781e-07
1.84872899990296e-08;6.215331999701448e-08;6.790398000157439e-08;5.830356000224128e-07
2.0607914999709465e-08;6.357716000056825e-08;6.559334000339732e-08;5.661540000000969e-07
2.0978420000756158e-08;6.072564000496641e-08;6.228639999753795e-08;5.763355999952182e-07
1.7071520000172313e-08;5.739266000455245e-08;6.197730000130832e-08;5.729103999910876e-07
1.7714184999931604e-08;5.7121319998987017e-08;6.905643999925815e-08;5.22188599978108e-07
1.6299604999949225e-08;7.07375800004229e-08;5.6296480004675686e-08;5.581569999922066e-07
1.5681229998881464e-08;6.385861999588087e-08;5.674059999873862e-08;5.402934000012464e-07
1.745322000060696e-08;6.664644000120461e-08;5.813093999749981e-08;5.452460000524297e-07
1.7951825000636745e-08;6.096022000419908e-08;5.564977999893017e-08;5.662698000087402e-07
1.5185705000476446e-08;5.722611999954097e-08;5.778865999891423e-08;5.562806000234559e-07
1.5331460000015794e-08;5.9179739997489376e-08;6.702486000140197e-08;5.302383999805898e-07
1.653872000024421e-08;6.703872000216507e-08;6.023830000194721e-08;5.261505999951624e-07
1.5333770000142976e-08;6.780787999741733e-08;6.181022000382654e-08;5.302730000112206e-07
1.5354410000145436e-08;6.788912000483834e-08;5.6654220004566013e-08;5.390734000247903e-07
1.6706459999841173e-08;5.9409860003506765e-08;5.643664000090212e-08;5.765087999752723e-07
1.7245600000023842e-08;6.443213999737054e-08;6.247597999754362e-08;5.438256000052206e-07
1.67945499997586e-08;6.587446000194177e-08;5.677339999820106e-08;5.786899999948219e-07
1.6059600000153294e-08;5.5921199999284e-08;6.05978400039021e-08;5.032013999880292e-07
1.7219440000189935e-08;6.083351999986917e-08;5.580142000108026e-08;5.291208000271581e-07
1.7451615000027233e-08;5.582939999876544e-08;5.874807999935001e-08;6.106171999708749e-07
1.568814999918686e-08;5.755083999829367e-08;6.33652200049255e-08;5.518135999445804e-07
1.5409930000896566e-08;6.167886000475846e-08;5.970565999741666e-08;5.644525999668985e-07
1.532501999899978e-08;5.704605999635532e-08;6.450921999639831e-08;5.337614000309258e-07
1.8078275000152644e-08;5.897345999837853e-08;5.8426360000157726e-08;5.498919999809005e-07
1.581234999903245e-08;5.9549380000680685e-08;6.248966000275686e-08;5.745651999604888e-07
1.616063999972539e-08;6.10452199995052e-08;5.727955999900587e-08;5.240321999881416e-07
1.577178000006825e-08;5.890251999953762e-08;5.968369999900461e-08;5.823022000258788e-07
1.675641000038013e-08;6.202378000016325e-08;5.663516000495292e-08;5.609233999857679e-07
1.5787470000213944e-08;5.6562239996856076e-08;5.6290540000190956e-08;5.3499059996102e-07
1.5945195000676903e-08;5.976517999661155e-08;5.6798560003517195e-08;5.890727999503725e-07
1.5806630000588484e-08;6.067651999765075e-08;6.470934000099078e-08;5.994443999952637e-07
1.5433290001237766e-08;6.277248000260442e-08;5.647514000302181e-08;5.39989999961108e-07
1.787952500017127e-08;5.3676479996647686e-08;5.861148000112735e-08;5.45001000049524e-07
1.6581999999471007e-08;6.070562000386416e-08;6.117707999655977e-08;5.52293200045824e-07
1.4922395000758114e-08;5.7224080001469704e-08;5.57578600011766e-08;5.245291999890469e-07
1.6075095000269357e-08;5.9425239998381586e-08;6.019082000129856e-08;5.269057999830692e-07
1.695017000020016e-08;5.8974200004013255e-08;5.5441659997450185e-08;5.131799999508075e-07
1.5432380000129342e-08;6.437895999988541e-08;6.465067999670282e-08;4.885128000169062e-07
1.8792350000876467e-08;7.272543999715709e-08;6.374671999947167e-08;4.547574000316672e-07
2.0568049998837522e-08;7.01948200003244e-08;7.172426000470296e-08;5.337967999512329e-07
1.590305999998236e-08;6.094711999758146e-08;5.7915679999860006e-08;4.761472000391223e-07
1.52220549993217e-08;5.8724620001157745e-08;5.3576920001069086e-08;5.0344140001107e-07
1.722658000071533e-08;6.8415119999554e-08;6.069188000401482e-08;4.587770000216551e-07
1.7942985000263433e-08;6.605466000037268e-08;5.855724000139162e-08;4.5752920000813904e-07
2.1344089999911374e-08;5.627825999981724e-08;7.214974000235088e-08;5.072141999844462e-07
1.7155460000503807e-08;7.206225999980234e-08;5.9119599999394266e-08;4.726342000067234e-07
1.8326649999653455e-08;6.277076000114903e-08;5.85720399976708e-08;4.550359999993816e-07
1.6217989999859128e-08;5.8661019999999555e-08;5.679894000058994e-08;5.042906000162474e-07
2.0664859999669715e-08;5.6251239997800436e-08;5.7168579997960476e-08;4.773103999905288e-07
1.5955499999108723e-08;5.924493999918923e-08;5.97843199968338e-08;4.600520000094548e-07
1.6132384999946225e-08;5.624166000052355e-08;6.26562399964314e-08;4.799052000162192e-07
1.6166564999730325e-08;5.535944000002928e-08;5.6398919998900963e-08;5.231422000215389e-07
1.677726000052644e-08;5.603936000261456e-08;6.892345999949612e-08;4.4868440000573176e-07
1.6706160000467207e-08;5.987395999836736e-08;6.440630000433885e-08;4.53454399947077e-07
1.6234090000216384e-08;5.9135479998076336e-08;6.119735999964178e-08;4.482980000320822e-07
1.4682229999743868e-08;6.50370399991516e-08;6.498072000104003e-08;4.627009999821894e-07
1.5716494999651332e-08;5.673919999971986e-08;5.402890000259504e-08;4.392524000140838e-07
1.508109500136925e-08;5.69221000012476e-08;5.723874000250362e-08;4.564678000169806e-07
1.9206239999039098e-08;5.693446000223048e-08;5.453799999668263e-08;5.03374400024768e-07
1.691390999912983e-08;5.88272999972105e-08;5.6271339999511835e-08;4.730363999842666e-07
1.6150020000350197e-08;5.5605839996133e-08;7.062263999832794e-08;4.6843120001722127e-07
1.6623825000715443e-08;5.8865060005337e-08;5.880689999903552e-08;5.18865599995479e-07
1.6684814999462105e-08;6.472513999906368e-08;6.905543999746442e-08;5.170644000172615e-07
1.636743999988539e-08;6.569743999862113e-08;6.701030000112951e-08;4.844088000245392e-07
1.8541084999742453e-08;7.170115999761037e-08;6.302182000363245e-08;5.225923999678344e-07
2.0599610000499525e-08;6.973959999741055e-08;5.9019740001531315e-08;4.861161999870092e-07
1.7306400000234133e-08;6.685174000449479e-08;6.345627999980934e-08;4.843218000023625e-07
1.685194000019692e-08;6.515679999720305e-08;6.07097000000067e-08;5.411359999561682e-07
2.3028980000526644e-08;6.690178000135347e-08;7.3779480002122e-08;5.348616000264883e-07
1.8208724999567493e-08;7.245633999700659e-08;6.624140000203624e-08;4.845976000069641e-07
1.7494739999528976e-08;6.209076000377536e-08;5.715446000103839e-08;5.564018000150099e-07
2.1205235000525136e-08;6.1653539998224e-08;6.100410000071862e-08;4.941329999710434e-07
2.0234165000147186e-08;6.697974000126124e-08;6.474852000246755e-08;4.79978600051254e-07
1.633910999953514e-08;6.729879999766126e-08;6.028816000325605e-08;5.002700000186451e-07
1.965372499980731e-08;6.34319000004325e-08;6.513428000034764e-08;4.988614000030793e-07
1.665359000035096e-08;6.685643999953754e-08;6.618213999900035e-08;4.835917999735102e-07
1.6392290001385844e-08;6.141329999663867e-08;6.369259999482892e-08;4.662438000086695e-07
1.6325030000007245e-08;6.691088000079617e-08;6.456214000354521e-08;4.852309999987483e-07
1.8466545001138002e-08;6.036194000043906e-08;6.568439999828115e-08;4.6706940000876786e-07
2.1216335000644904e-08;6.363051999942399e-08;7.177162000443786e-08;5.333817999926396e-07
1.7998455000633838e-08;7.006553999963216e-08;5.892879999591969e-08;4.904912000056356e-07
1.587813000078313e-08;6.497521999990568e-08;6.799482000060379e-08;4.695517999934964e-07
2.1033770000212825e-08;6.486720000393688e-08;6.711724000051618e-08;4.802469999995083e-07
1.7087785000330768e-08;6.078371999901719e-08;6.493833999847993e-08;4.84746600035578e-07
1.6881000000284984e-08;6.698609999730251e-08;6.370143999811262e-08;4.7059499996248635e-07
1.7669480000040494e-08;6.476835999637843e-08;5.926701999851502e-08;4.565021999878809e-07
1.9610475000808947e-08;6.482280000345781e-08;6.522116000414826e-08;4.99803000013344e-07
1.6965364999487066e-08;6.569664000417106e-08;6.495563999633304e-08;4.837275999598205e-07
1.8163079999794718e-08;6.173903999733739e-08;5.892072000424378e-08;4.30244599992875e-07
1.8772714999795426e-08;6.325700000161305e-08;6.178041999810375e-08;5.048188000218942e-07
1.5324450000480284e-08;6.83112800004892e-08;6.128369999933057e-08;4.915928000118584e-07
1.5654429999995044e-08;6.292236000299453e-08;6.14361000014469e-08;4.3831060000229627e-07
1.6976405000605155e-08;6.821902000228874e-08;5.906027999590151e-08;4.890961999772116e-07
2.0916544999636244e-08;6.722378000267782e-08;6.648237999761477e-08;5.643372000195086e-07
1.633140500052832e-08;6.627252000034787e-08;7.417714000330307e-08;4.867875999771058e-07
2.1304579998832196e-08;6.719481999753043e-08;6.42742800002452e-08;4.902741999831051e-07
1.6268950000812767e-08;6.189488000236452e-08;6.076554000028409e-08;5.138286000001245e-07
2.2959820000687613e-08;5.793919999850914e-08;6.212932000053115e-08;4.832070000120438e-07
2.0394300000043586e-08;5.8375859999796376e-08;6.450371999526396e-08;5.005025999853387e-07
1.5555055000004358e-08;6.567009999998846e-08;6.782683999626897e-08;4.500460000126623e-07
1.855521499965107e-08;6.19731800048612e-08;5.834500000346452e-08;5.136752000544221e-07
2.060549500019988e-08;5.931924000033177e-08;6.122572000022047e-08;4.6144560002721847e-07
1.4792545000091194e-08;6.092799999751151e-08;6.020374000072479e-08;5.218480000039563e-07
1.644520500121871e-08;6.343436000170187e-08;5.4545959999086334e-08;4.4816939998418093e-07
2.0215870000538417e-08;5.6988660001661626e-08;6.005566000239924e-08;4.837831999757327e-07
2.059196999762207e-08;5.89043399959337e-08;6.075866000028327e-08;4.6249220002209765e-07
1.5613814999233e-08;6.192458000150509e-08;8.106124000041745e-08;5.047923999954946e-07
1.849125000007916e-08;5.962509999517351e-08;6.227445999975316e-08;4.843179999734276e-07
2.144317999773193e-08;6.964567999821156e-08;6.048411999945529e-08;4.851381999906153e-07
1.8506980000529437e-08;6.542511999723501e-08;7.330932000186294e-08;5.067489999928512e-07
1.5678585000569002e-08;5.838828000123613e-08;5.7953180000185964e-08;4.5870359998662025e-07
1.6366569999081547e-08;5.949467999744229e-08;6.169071999611333e-08;5.236953999847174e-07
2.0040690001042093e-08;6.455307999858632e-08;5.6291859998600556e-08;4.6720539999660107e-07
1.5502649999689312e-08;5.7559759996365756e-08;6.045458000153303e-08;4.7450200002640485e-07
1.870490500004962e-08;6.467176000005565e-08;6.565738000208512e-08;4.94440000038594e-07
2.0930449999286792e-08;6.75769399967976e-08;5.905335999559611e-08;4.896089999820106e-07
1.728432999952929e-08;6.364784000325016e-08;6.307138000265696e-08;4.903213999932631e-07
1.982995500002289e-08;6.048358000116423e-08;6.510930000222289e-08;4.968908000155352e-07
1.603672000055667e-08;6.694248000276276e-08;6.201215999899432e-08;4.5756200002506374e-07
1.6079229999741074e-08;6.129412000300362e-08;5.6009799998719246e-08;5.238709999830462e-07
1.724386499990942e-08;6.561134000075981e-08;5.835349999833852e-08;4.933210000162944e-07
1.670786000031512e-08;5.782655999646522e-08;6.516076000407338e-08;4.907883999985643e-07
1.739392500021495e-08;5.7596640003612265e-08;5.750488000339828e-08;4.4091299996944146e-07
1.621753999934299e-08;5.69487200002186e-08;6.462887999950908e-08;4.894427999970503e-07
1.677241500001401e-08;6.54564600030426e-08;6.637806000071578e-08;4.471215999801643e-07
1.7223970001214185e-08;6.407580000231973e-08;6.136361999670044e-08;4.899043999612331e-07
1.8053344999498223e-08;6.004987999913282e-08;7.075860000331886e-08;5.002435999922455e-07
1.5702734999649692e-08;5.860275999875739e-08;5.99971599993296e-08;5.129836000269279e-07
1.8866305000847205e-08;7.331010000198148e-08;7.643783999956212e-08;4.877572000259534e-07
1.675919999979669e-08;6.418828000314534e-08;6.863481999607756e-08;4.954228000133298e-07
1.6857145000540185e-08;6.267012000316754e-08;6.473270000424236e-08;4.4852500001434236e-07
1.8493914999999106e-08;7.300163999898359e-08;7.863993999781087e-08;4.982469999813475e-07
2.2141220001503824e-08;7.686274000443518e-08;7.432580000022427e-08;4.707934000180103e-07
2.1471630001906307e-08;7.608026000089012e-08;6.580100000137464e-08;5.609870000043884e-07
1.6114690000540575e-08;6.095904000103474e-08;5.680131999542937e-08;4.823224000283517e-07
2.0399585000996012e-08;5.963264000019989e-08;6.469814000301994e-08;4.880205999943428e-07
2.023676999961026e-08;6.594923999509774e-08;5.3860580001492055e-08;4.606927999993786e-07
1.705340500047896e-08;5.474676000303589e-08;6.637460000347346e-08;5.728228000225499e-07
1.6598239999439103e-08;6.891429999959655e-08;5.4432280000764875e-08;5.603598000016063e-07
1.5693744999589397e-08;6.331915999762714e-08;6.222227999824099e-08;6.29929999995511e-07
2.2213869998813606e-08;6.068331999704242e-08;5.791504000080749e-08;6.268009999766946e-07
2.001954999868758e-08;6.262666000402532e-08;7.852252000011504e-08;5.818096000002698e-07
1.8263114998990204e-08;6.316154000232928e-08;6.12023399968166e-08;6.206582000013441e-07
2.0070169999962673e-08;7.311761999735608e-08;7.108338000252842e-08;5.575743999797851e-07
1.9242134998785333e-08;6.212662000325509e-08;6.019080000114628e-08;6.171559999929741e-07
1.7145850000088103e-08;6.522222000057809e-08;6.327500000479631e-08;6.114209999796003e-07
1.879511500010267e-08;6.687137999688275e-08;7.658566000172868e-08;6.451081999693997e-07
1.7257804999826476e-08;5.6168939999770374e-08;5.7117559999460355e-08;5.519844000227749e-07
1.4307505000033416e-08;5.4182420001598076e-08;5.359197999932803e-08;5.411867999937385e-07
1.434620499931043e-08;5.981916000018828e-08;5.735287999850698e-08;5.454187999712303e-07
1.8170734999876005e-08;6.990506000001915e-08;6.280904000159354e-08;5.695364000275731e-07
2.050125000096159e-08;6.597282000002451e-08;7.705095999990589e-08;5.849951999844052e-07
1.514160500082653e-08;6.947657999699003e-08;6.928156000212766e-08;5.873652000445872e-07
1.6832034999970347e-08;6.630757999955676e-08;5.439180000103079e-08;5.525624000001699e-07
2.1354050000081772e-08;5.559341999469325e-08;6.291510000010021e-08;6.984569999622181e-07
1.7275455000344663e-08;7.537575999740512e-08;5.157797999563627e-08;6.370969999697991e-07
1.5825959999347106e-08;6.563091999851167e-08;5.58184000023175e-08;6.677860000054352e-07
2.0303710000007413e-08;5.888967999489978e-08;6.425212000031024e-08;5.805315999896266e-07
1.7530505001195707e-08;5.836227999534458e-08;5.823936000233516e-08;5.777107999892905e-07
1.7270070000085978e-08;5.8119599998462945e-08;6.25761599978432e-08;6.155330000328831e-07
1.6483969999535476e-08;6.064514000318014e-08;6.20126000023447e-08;5.618037999956869e-07
1.7608889999974053e-08;5.5198099999688564e-08;7.125081999693066e-08;5.947672000038438e-07
2.3219919999246485e-08;5.6891879998147485e-08;5.618998000281863e-08;5.746603999868966e-07
1.4864205000048968e-08;5.6905940000433477e-08;5.696381999878213e-08;5.812113999854773e-07
2.4979300002451053e-08;6.28828799992334e-08;6.220221999683417e-08;6.244999999762512e-07
1.73132900003111e-08;7.256758000003174e-08;6.502139999647624e-08;5.776244000298903e-07
1.7984460000297985e-08;7.018346000113525e-08;6.311548000085168e-08;6.075474000535905e-07
2.185738000262063e-08;7.542606000206433e-08;6.452924000332131e-08;5.730467999819667e-07
2.004836999985855e-08;7.100869999849237e-08;7.624593999935315e-08;7.10682800039649e-07
1.825475999939954e-08;5.8407679997617376e-08;5.776894000009634e-08;6.368106000008992e-07
1.7244550000759774e-08;5.9133099997416136e-08;6.368225999758579e-08;6.046060000080615e-07
1.562523000029614e-08;5.983651999849826e-08;5.984302000142635e-08;5.697531999903731e-07
1.7702779998944606e-08;5.893792000133544e-08;5.379438000381924e-08;5.855911999824457e-07
1.656102499982808e-08;6.692608000012115e-08;5.5931959999725225e-08;5.663070000009611e-07
1.566407999926014e-08;5.878303999779746e-08;5.7933360000606623e-08;5.826900000101886e-07
1.6022020000673364e-08;6.198827999760396e-08;6.584848000202327e-08;5.764598000096157e-07
1.7553269999916665e-08;6.415923999738879e-08;5.568746000062674e-08;6.590214000316337e-07
1.8642095000541303e-08;5.6614080001600084e-08;6.481400000047869e-08;5.704693999723531e-07
1.5321804999257437e-08;6.091048000380397e-08;5.963641999987885e-08;5.98277400014922e-07
1.7130899999756366e-08;5.682833999744616e-08;6.199624000000767e-08;5.720812000217847e-07
1.6104419999464882e-08;6.636210000142455e-08;5.7906180003192276e-08;5.682730000116862e-07
1.4983335000579245e-08;8.054171999683604e-08;5.957468000124209e-08;5.846913999994285e-07
1.8401849998917896e-08;6.777816000394523e-08;6.55222200031858e-08;6.154562000301667e-07
2.143095999927027e-08;6.671232000226154e-08;7.549511999823153e-08;5.603353999904357e-07
1.764162000035867e-08;6.414757999591529e-08;5.3533520002383737e-08;6.023567999945953e-07
1.5842750000592785e-08;5.8005960000446066e-08;6.897669999743812e-08;6.249396000057459e-07
1.9870939999236725e-08;6.067133999895304e-08;6.39404800022021e-08;5.794389999937266e-07
1.9632435000676197e-08;6.558632000233046e-08;5.525804000208154e-08;5.543618000228889e-07
1.7139454999414738e-08;5.803641999955289e-08;5.593942000414245e-08;5.707506000180729e-07
2.0442690001800657e-08;5.409328000387177e-08;7.182947999681346e-08;7.119305999949575e-07
1.5276900000753813e-08;5.901493999990635e-08;6.906361999572255e-08;6.219678000197746e-07
1.8561564999981784e-08;5.735153999994509e-08;5.8214880002196876e-08;6.025357999606058e-07
1.506449500011513e-08;6.367668000166304e-08;6.842558000353166e-08;5.566852000192739e-07
1.5959675000340214e-08;5.7929359999252485e-08;6.598777999752201e-08;5.576158000039868e-07
1.509331499983091e-08;5.980019999551586e-08;5.8225479995599016e-08;5.585841999854893e-07
1.623692999855848e-08;5.8720399998128415e-08;5.859014000161551e-08;6.323822000413202e-07
1.8599659999017603e-08;5.5151140002999456e-08;5.652702000224963e-08;6.005131999845617e-07
1.8746114999521524e-08;5.842522000311874e-08;5.569676000159234e-08;6.159861999913119e-07
1.5702844999032095e-08;5.877650000038557e-08;6.165644000284374e-08;5.695826000301168e-07
1.511151000013342e-08;6.768581999931484e-08;5.592847999650985e-08;5.256258000154049e-07
1.5446160000283272e-08;5.93970000045374e-08;6.442224000347779e-08;5.390108000137843e-07
1.4579110000340734e-08;6.769551999750547e-08;5.3377219999674706e-08;6.116124000400304e-07
1.7667879999498836e-08;7.717960000154562e-08;5.905297999852337e-08;6.086405999958515e-07
1.8197560000407976e-08;6.152371999924071e-08;6.663666000240482e-08;6.15656400041189e-07
1.7642615000659135e-08;6.469124000286684e-08;6.181345999939367e-08;6.026346000144258e-07
1.4973325000028126e-08;5.7380820001708345e-08;6.678696000017225e-08;6.148370000300928e-07
1.8923330001416616e-08;6.899889999767765e-08;7.293647999758832e-08;5.709061999805272e-07
1.7310249998990914e-08;6.538352000061422e-08;6.860209999722429e-08;5.528502000379376e-07
1.965529000008246e-08;6.204998000175692e-08;7.09764199971687e-08;5.170298000448383e-07
2.2518809998291545e-08;5.829836000339128e-08;6.965760000166484e-08;5.805798000073991e-07
1.5384844999061896e-08;6.491530000348575e-08;5.884302000049502e-08;5.289802000042983e-07
1.5396589999727438e-08;5.916449999785982e-08;5.5249299999559295e-08;5.506961999926716e-07
1.8185985001036897e-08;5.950019999872893e-08;6.615383999887854e-08;5.420460000168533e-07
1.7403204999573062e-08;5.976737999590114e-08;5.965612000436522e-08;5.928314000484534e-07
1.588336499989964e-08;5.8935299998847765e-08;5.409839999629184e-08;5.697455999907106e-07
1.4729129998886492e-08;5.636427999706939e-08;5.741901999572292e-08;5.316198000218719e-07
1.5297324999119154e-08;5.579343999852427e-08;5.1876060001086446e-08;5.70216000021901e-07
1.6369854999356904e-08;6.674203999573364e-08;6.39008600031957e-08;6.676385999890045e-07
1.581037500000093e-08;6.280590000096708e-08;6.994062000303529e-08;5.889156000339427e-07
2.016637999913655e-08;6.675332000013441e-08;6.291263999883085e-08;6.052203999715857e-07
1.51566050000838e-08;6.314638000330887e-08;5.6007680000038816e-08;5.205258000059985e-07
1.9003229998634198e-08;6.338554000249133e-08;6.760513999615796e-08;5.954400000046008e-07
1.5505625000514556e-08;6.16275200038217e-08;5.6757079996168614e-08;5.302276000147685e-07
1.8937400000868365e-08;6.107230000197888e-08;6.015920000500046e-08;5.46805799996946e-07
2.038963500090176e-08;5.913843999733217e-08;5.6478199997218326e-08;6.450583999976515e-07
2.2173789999214933e-08;6.32184199988842e-08;6.546524000004865e-08;5.947357999975793e-07
1.6503110001212916e-08;6.40017599973362e-08;6.66215600038413e-08;5.597387999878265e-07
1.600542999949539e-08;6.658001999603584e-08;5.3010380000341683e-08;5.679352000006474e-07
1.5280105000420008e-08;5.737349999835715e-08;6.11328000028152e-08;5.443640000303276e-07
2.130769999930635e-08;6.197863999987021e-08;6.690882000257261e-08;5.933954000356607e-07
1.5054134999809322e-08;5.962931999820284e-08;6.155018000281416e-08;5.643253999878653e-07
1.6885470000852366e-08;6.15131200000178e-08;6.135364000219851e-08;5.758307999931276e-07
1.6713465000793804e-08;6.569654000340961e-08;6.838607999961823e-08;6.130947999772616e-07
1.8172760000743436e-08;5.9239980002166704e-08;6.423510000458918e-08;5.6326560000889e-07
1.7302775000280236e-08;6.595811999868601e-08;6.011943999910727e-08;6.399055999936536e-07
1.9298829999752344e-08;6.409548000083304e-08;6.931129999575206e-08;5.936446000123396e-07
2.3459969999385067e-08;7.60859000030905e-08;7.137883999967017e-08;6.737421999569051e-07
2.162532999936957e-08;7.517790000420064e-08;6.888289999915286e-08;6.374113999772817e-07
1.9401799999468493e-08;6.363708000280895e-08;7.828593999729492e-08;6.245648000040091e-07
1.8421645001217256e-08;5.6675699999323116e-08;6.957059999695048e-08;5.996507999952883e-07
1.8624549999367447e-08;5.731249999953434e-08;6.238111999700777e-08;5.616082000196911e-07
1.8839650000154507e-08;6.012040000059642e-08;6.599765999708325e-08;5.421711999806576e-07
1.7737135000061243e-08;6.709234000300057e-08;7.244000000064261e-08;5.688310000114143e-07
2.188685000000987e-08;6.886741999769584e-08;7.175779999815859e-08;6.067072000005282e-07
2.0072370002162642e-08;6.523786000325344e-08;6.946491999551654e-08;6.145159999723547e-07
1.845171000022674e-08;6.83826600026805e-08;6.679274000343867e-08;6.385942000197247e-07
2.1148930001072586e-08;7.175767999724484e-08;6.930955999996513e-08;6.406350000179373e-07
1.7863064999983182e-08;6.245539999799803e-08;7.401936000096611e-08;5.816428000107408e-07
2.1413459998439066e-08;6.079418000299483e-08;5.7354840001789855e-08;5.915350000141189e-07
1.8235669999558014e-08;6.741597999935039e-08;5.502186000230722e-08;5.546962000080384e-07
1.4547625000705011e-08;6.373889999813401e-08;6.708672000095248e-08;5.659876000136137e-07
2.0485430001281203e-08;6.053694000001997e-08;5.805294000310823e-08;6.402951999916695e-07
1.7774754999845754e-08;6.229476000298746e-08;6.037219999707304e-08;6.427463999716565e-07
1.963477000099374e-08;7.330702000181191e-08;6.363240000209771e-08;5.844358000322245e-07
1.8603389999771026e-08;6.636972000123932e-08;6.988763999543153e-08;5.928593999706208e-07
2.0412779999605847e-08;5.8355959999607874e-08;6.29936599987559e-08;5.814202000037767e-07
1.9014809999498537e-08;5.92826799955219e-08;6.030471999547445e-08;6.113858000026085e-07
1.7504095000913366e-08;7.277117999619804e-08;7.127995999762789e-08;6.167115999851375e-07
2.0092560001648963e-08;6.553469999926165e-08;6.872013999964111e-08;6.138823999790474e-07
1.8156954999722075e-08;6.740391999483109e-08;6.004398000077345e-08;6.14724799990654e-07
1.9495859999733512e-08;6.007224000059068e-08;7.192233999958261e-08;6.035805999999866e-07
1.569776499964064e-08;5.662063999916427e-08;5.677511999965645e-08;5.376911999774165e-07
1.5826739999465645e-08;6.068481999682262e-08;5.646562000038102e-08;5.290381999802776e-07
1.557546999974875e-08;5.7070839998777954e-08;5.7569640001747756e-08;5.488237999961712e-07
1.5265474999614524e-08;5.542480000294745e-08;6.020792000344955e-08;5.594389999751002e-07
1.630482999898959e-08;6.15442999987863e-08;5.933653999818489e-08;5.95837400003802e-07
1.7344640000374056e-08;5.902293999679387e-08;6.73367600014899e-08;5.947370000067167e-07
2.015815999911865e-08;6.379298000247217e-08;6.311870000208728e-08;5.945022000232712e-07
1.7501770000671968e-08;7.237395999836735e-08;6.680116000352427e-08;6.478151999763213e-07
2.0915909999166617e-08;6.96146400005091e-08;6.246443999698385e-08;5.786878000362776e-07
1.8608274999132845e-08;5.7706120004877447e-08;5.986534000257962e-08;5.909306000103242e-07
2.3053289999370464e-08;6.845185999991373e-08;5.766969999531284e-08;6.270340000046417e-07
2.0167599999695085e-08;6.106136000016704e-08;7.472512000240385e-08;5.931501999730244e-07
1.851166000124067e-08;6.770440000109375e-08;5.717132000136189e-08;5.776203999994323e-07
2.0245780001278035e-08;6.216778000234627e-08;7.145367999910378e-08;5.618170000379905e-07
1.6786995000438765e-08;6.320493999519385e-08;6.15248200017959e-08;5.731953999493271e-07
1.869546000089031e-08;6.161239999928512e-08;6.418572000111453e-08;5.784540000022389e-07
2.1821099999942818e-08;6.399201999884098e-08;6.715446000453085e-08;6.138522000401281e-07
1.7497194999305066e-08;6.902544000186026e-08;6.075769999879412e-08;6.128297999966889e-07
1.884625000093365e-08;6.470594000420532e-08;6.735997999785467e-08;6.291207999456674e-07
1.7143819999182597e-08;6.402054000063799e-08;7.293460000073537e-08;5.761690000072121e-07
2.0146999999997206e-08;5.664769999566488e-08;6.012689999770373e-08;7.024429999873974e-07
2.1985649998532608e-08;6.584990000119432e-08;6.50266400014516e-08;5.700407999684103e-07
1.631381000042893e-08;6.294590000179596e-08;6.146382000297308e-08;5.816084000398405e-07
1.7857099999673665e-08;6.07094999984838e-08;6.761658000177704e-08;5.903733999584802e-07
1.872591999999713e-08;6.54166400025133e-08;6.881713999900966e-08;6.15178800013382e-07
1.753345999895828e-08;6.69525200035423e-08;6.141825999948196e-08;6.693768000113778e-07
1.7234715000085997e-08;6.435544000123628e-08;6.085306000313721e-08;5.720560000045225e-07
1.7341055000724737e-08;6.453613999765366e-08;6.258857999928295e-08;6.372449999907986e-07
1.911134999973001e-08;5.897435999941081e-08;6.402081999694929e-08;5.970253999694251e-07
1.6828820000228008e-08;6.908536000410094e-08;5.9031839994713665e-08;6.415428000036627e-07
2.3175350000383332e-08;6.110052000149154e-08;6.07633600011468e-08;5.851674000150524e-07
2.2598639997886494e-08;6.66419000015594e-08;7.814912000321783e-08;5.680595999583602e-07
1.794367500115186e-08;6.542437999742106e-08;7.129599999752827e-08;6.167160000186414e-07
2.005611000058707e-08;6.336184000247159e-08;6.578907999792136e-08;5.933770000119693e-07
1.7442460000165737e-08;6.367177999927662e-08;6.724308000411838e-08;6.43225200008601e-07
1.6494294999574776e-08;6.511203999980352e-08;6.369896000251174e-08;6.021568000433035e-07
1.9735980000405106e-08;6.769600000116042e-08;6.117938000243158e-08;6.168998000212013e-07
2.035321000003023e-08;6.612325999885798e-08;6.818039999925531e-08;6.391370000201277e-07
1.9327474999590778e-08;6.837326000095344e-08;7.0591359998798e-08;6.577200000174344e-07
1.866967499954626e-08;6.302343999850564e-08;6.868721999926492e-08;5.729179999907501e-07
2.0266770001035185e-08;6.733377999626101e-08;6.708117999951355e-08;5.869757999898866e-07
1.9043074999353847e-08;6.511259999824688e-08;5.800607999553904e-08;6.062522000283934e-07
1.872125500085531e-08;7.46030599984806e-08;6.09574200003408e-08;5.985652000526897e-07
1.8231940000259782e-08;7.054972000187263e-08;7.198201999999583e-08;6.410277999821119e-07
2.1099160000449047e-08;6.60913800005801e-08;7.253293999820016e-08;5.857885999721474e-07
1.784664500009967e-08;6.974277999834158e-08;6.898991999914869e-08;6.316890000016429e-07
1.9247270000050776e-08;6.551465999800712e-08;6.030400000163354e-08;6.268791999900713e-07
1.851396000129171e-08;7.348017999902367e-08;7.121310000075027e-08;6.191885999869556e-07
1.8591749999905005e-08;7.068876000121236e-08;7.031258000060916e-08;6.236917999922298e-07
2.0451859998865983e-08;7.322444000164978e-08;6.311792000196874e-08;6.276918000075967e-07
2.0508360001258552e-08;6.683861999772489e-08;6.87807599955704e-08;5.900782000389882e-07
1.786302000109572e-08;6.907377999741584e-08;5.274243999738246e-08;5.270878000301309e-07
1.624739499966381e-08;5.57108800043352e-08;6.248428000253626e-08;5.370936000254005e-07
1.7404895000800025e-08;5.605907999561168e-08;5.858059999882244e-08;5.56222399987746e-07
1.6885630000615493e-08;6.22047399985604e-08;6.28080599999521e-08;6.174369999789633e-07
1.64861249999376e-08;6.093166000209748e-08;6.527769999811426e-08;5.26016800024081e-07
1.578134000010323e-08;6.216767999576405e-08;7.099030000390485e-08;5.933466000133194e-07
1.616096500074491e-08;6.65123799990397e-08;6.172582000144757e-08;5.7632759999251e-07
1.8999165001150688e-08;6.728808000334538e-08;5.897879999829456e-08;5.974938000435941e-07
2.1463040000526234e-08;6.77973399986513e-08;6.955399999860674e-08;6.065123999724165e-07
2.0428700000047683e-08;6.805762000149116e-08;6.943342000013218e-08;6.474364000023343e-07
1.8201635000878015e-08;6.845208000158891e-08;6.898291999823414e-08;6.044236000161618e-07
1.864604499860434e-08;6.177100000204518e-08;6.63974999974016e-08;5.91480600007344e-07
1.7900385000393727e-08;6.548622000264004e-08;6.286663999781012e-08;5.667399999802001e-07
1.5496374999929685e-08;7.085376000031828e-08;5.843987999833189e-08;5.889994000317529e-07
1.8866675000754185e-08;5.796353999758139e-08;6.06316199991852e-08;6.207606000243686e-07
1.9565505000355187e-08;6.84030200005509e-08;6.690936000086367e-08;5.70646799984388e-07
1.823127499956172e-08;6.821592000196688e-08;5.6957680004416036e-08;6.152431999798864e-07
2.0639015000779183e-08;7.543953999993391e-08;6.994005999877118e-08;6.207285999553278e-07
1.9668219999584837e-08;6.311027999618091e-08;7.3251420003362e-08;6.609005999634974e-07
2.0980390001204797e-08;6.510439999983646e-08;6.618906000512653e-08;6.346301999874413e-07
1.706248999980744e-08;6.354466000339016e-08;6.61402800003998e-08;5.853600000264123e-07
1.662341000046581e-08;6.211248000035994e-08;6.217458000173792e-08;6.607456000056118e-07
1.8205035000573843e-08;6.177679999964312e-08;5.899788000388071e-08;5.83876600023359e-07
1.6815564999706113e-08;7.197932000271976e-08;5.442580000380985e-08;5.810053999884986e-07
1.80593349999981e-08;6.057055999990553e-08;6.100890000234358e-08;5.87723000033293e-07
1.7205019999528303e-08;5.7644780003465715e-08;6.662155999802053e-08;6.371470000012778e-07
1.7362734999915118e-08;6.374958000378683e-08;6.383683999883943e-08;6.394420000142418e-07
1.9779650001146366e-08;6.893187999958172e-08;6.838255999609828e-08;6.156645999872126e-07
1.7898900000727735e-08;6.014344000141136e-08;5.416094000102021e-08;6.278604000108316e-07
1.7567019999842158e-08;6.594293999951333e-08;7.707695999997668e-08;6.790133999893442e-07
2.0016500001656822e-08;7.354475999600254e-08;6.072719999938272e-08;6.052986000431702e-07
2.038767999911215e-08;7.249956000014209e-08;5.867811999632977e-08;6.763297999859787e-07
2.1910859999479725e-08;7.588219999452122e-08;7.819534000009298e-08;6.856773999752477e-07
1.7433400001027623e-08;8.021076000295579e-08;7.256496000336483e-08;7.460946000064723e-07
2.3190129999420606e-08;8.491921999957413e-08;8.097966000204906e-08;7.366334000253119e-07
2.0933074998902156e-08;5.883503999793902e-08;5.821559999603778e-08;6.644836000050418e-07
1.7199334999895654e-08;6.210326000000351e-08;6.034147999598645e-08;7.077955999993719e-07
1.8700185000489e-08;7.421420000027865e-08;7.202597999712453e-08;6.298100000130944e-07
2.2633780000614935e-08;6.448162000160664e-08;7.798043999937363e-08;6.772748000221327e-07
2.305183999997098e-08;6.380913999746554e-08;6.815865999669768e-08;6.427543999743647e-07
2.0780639999429696e-08;7.366394000127911e-08;7.525928000104613e-08;7.136100000352599e-07
2.1036284998990597e-08;6.779935999657028e-08;7.119393999455497e-08;6.122694000368938e-07
1.9441894999181385e-08;6.91441799979657e-08;5.905578000238165e-08;6.279831999563612e-07
1.8877125000290107e-08;6.776461999979802e-08;7.726976000121795e-08;5.340606000390835e-07
2.3950160000822506e-08;7.49465600005351e-08;7.536355999764055e-08;6.506151999928988e-07
2.3797410001861864e-08;7.623424000339582e-08;6.870668000192381e-08;6.664003999903798e-07
2.4887609999859706e-08;7.963942000060342e-08;6.612871999968775e-08;6.952384000178426e-07
2.5030780001543463e-08;7.046190000255592e-08;7.661766000092029e-08;5.907839999999851e-07
2.0073639998736325e-08;7.263564000022598e-08;8.78223399980925e-08;6.503803999512456e-07
2.141099000000395e-08;6.740126000368036e-08;7.090063999639824e-08;6.14049400028307e-07
1.5388879999227355e-08;6.550025999895298e-08;7.010067999945023e-08;6.470316000049933e-07
2.141526000050362e-08;6.863805999746547e-08;6.541250000009314e-08;5.615634000278078e-07
1.5274725000199395e-08;6.072443999582901e-08;6.445657999720424e-08;5.893725999630987e-07
1.631364500062773e-08;7.01149400032591e-08;5.994575999793597e-08;6.839983999961987e-07
2.0806269999593495e-08;7.990632000146433e-08;6.114839999936521e-08;6.373223999980838e-07
1.4986135000071954e-08;7.370955999940634e-08;7.947100000455976e-08;6.139796000206843e-07
2.1448784999665806e-08;6.924719999660738e-08;7.327045999700204e-08;6.435304000042379e-07
2.0383889999357053e-08;6.812231999938376e-08;6.460671999957412e-08;5.904061999754048e-07
2.124415999860503e-08;6.637093999888748e-08;7.190589999663644e-08;6.150838000467047e-07
1.581945500074653e-08;6.481899999780581e-08;5.643018000409938e-08;6.054969999822788e-07
1.569234999915352e-08;5.6598980003036557e-08;5.608414000016637e-08;6.123159999842755e-07
1.5241229999810458e-08;6.00220000022091e-08;5.571793999988586e-08;5.610057999729179e-07
1.5870929999800866e-08;5.975884000072256e-08;6.169966000015848e-08;5.947022000327707e-07
1.905135499982862e-08;8.16432999970857e-08;6.11069199978374e-08;6.242774000274949e-07
1.7826549999881535e-08;6.714755999855697e-08;6.729576000361703e-08;6.351143999490887e-07
2.151158999913605e-08;6.768170000286773e-08;6.612797999987378e-08;6.578713999479078e-07
2.0763979999173898e-08;6.888632000191138e-08;7.833918000105768e-08;6.273719999589958e-07
2.1926885000721085e-08;6.990111999912188e-08;7.28439399972558e-08;6.091854000114836e-07
1.7501620000984985e-08;7.394339999882504e-08;6.887616000021808e-08;6.264701999607496e-07
2.1266049999394454e-08;7.449644000153058e-08;7.75859399989713e-08;7.09971200034488e-07
2.1112260001245887e-08;6.632505999878048e-08;7.028452000231482e-08;6.622412000433542e-07
1.851430499955313e-08;6.638592000235803e-08;6.550135999568738e-08;6.783206000109203e-07
1.9103785000334027e-08;6.713379999855533e-08;6.486251999740489e-08;6.813055999809876e-07
2.5052709999727086e-08;7.739976000157185e-08;7.447311999858357e-08;6.107212000060826e-07
1.8721239999285898e-08;6.492616000468843e-08;7.082482000114397e-08;6.727767999982462e-07
1.8250075000105425e-08;6.498995999572799e-08;8.325746000045911e-08;6.426098000374622e-07
2.426318500074558e-08;7.281472000177018e-08;6.150572000187821e-08;6.27809800032992e-07
1.856930000067223e-08;6.848560000071302e-08;6.691073999973015e-08;6.053084000013769e-07
1.9596344999445137e-08;7.800725999986753e-08;6.923707999521867e-08;7.82277200021781e-07
2.028967999940505e-08;8.871020000078715e-08;6.981245999922976e-08;6.4975639997283e-07
2.3500620000413618e-08;7.243116000317969e-08;6.77445599983912e-08;6.622514000046067e-07
2.0463890000246465e-08;6.661954000010155e-08;7.38474000012502e-08;6.941898000077345e-07
2.4424940001335926e-08;7.577902000048197e-08;7.731256000115536e-08;6.7327440000372e-07
1.9224070000927895e-08;6.952578000491485e-08;7.232057999935933e-08;7.073962000431493e-07
2.6615090001723728e-08;8.251364000025206e-08;8.035902000265196e-08;6.862794000189751e-07
2.5080915000580718e-08;8.648490000050515e-08;7.557144000311382e-08;7.501016000169329e-07
2.386322999955155e-08;8.647594000212848e-08;8.709857999929227e-08;7.201869999989867e-07
2.2963719998369925e-08;6.856920000282116e-08;7.960966000100598e-08;7.407975999522023e-07
2.0640335000643972e-08;8.496062000049277e-08;7.430781999719329e-08;6.485356000484899e-07
2.2760049998760224e-08;6.918181999935768e-08;7.741070000338369e-08;7.406522000092082e-07
1.5561479999450967e-08;6.195613999734633e-08;6.77270199987106e-08;6.874779999488965e-07
2.071801999991294e-08;7.110825999989175e-08;6.616412000148557e-08;6.247664000256918e-07
1.8852250000054484e-08;7.603904000134207e-08;6.023958000005223e-08;6.465806000051089e-07
2.2631619998719543e-08;7.209450000082142e-08;7.821703999652528e-08;6.844857999822124e-07
2.4987369999871588e-08;7.472227999824099e-08;7.131847999989986e-08;6.194489999907091e-07
2.308931000006851e-08;6.973696000059135e-08;6.007742000510916e-08;6.209477999946102e-07
1.9910450000315906e-08;7.049106000340544e-08;7.751478000427597e-08;6.291456000180915e-07
2.3165860000881366e-08;6.765084000071511e-08;6.029605999938212e-08;7.13936400017701e-07
1.8913919999613426e-08;7.029863999923691e-08;7.980035999789833e-08;6.75364599970635e-07
1.88320350003778e-08;7.656088000512682e-08;6.581114000291563e-08;6.141024000244215e-07
2.2402855000109412e-08;7.549230000004172e-08;7.293076000059955e-08;5.697463999968022e-07
1.594662999996217e-08;7.040345999994316e-08;8.188352000433952e-08;6.891454000142403e-07
2.230682999943383e-08;6.893138000159524e-08;6.494673999841324e-08;6.992371999658644e-07
2.1162000001640992e-08;6.637116000056267e-08;6.874433999764733e-08;7.029068000265397e-07
1.7262460000347347e-08;6.929265999933705e-08;8.455835999920964e-08;6.76701000018511e-07
2.332330999779515e-08;7.046704000094905e-08;6.84382600011304e-08;6.361994000035338e-07
1.8666925000434277e-08;6.636925999773667e-08;7.784461999544874e-08;7.252646000124514e-07
1.90394949997426e-08;7.081589999725111e-08;6.735849999822676e-08;6.593332000193186e-07
2.163746500009438e-08;6.487678000121377e-08;6.158534000278451e-08;6.255132000078447e-07
2.0338269998319447e-08;6.079717999673448e-08;6.807701999787241e-08;6.540737999603152e-07
2.2128180001163856e-08;6.487918000202626e-08;7.580286000156775e-08;6.28984400012996e-07
2.2488210001029076e-08;6.726568000158295e-08;7.359721999964677e-08;7.514250000240282e-07
2.1978574999957345e-08;6.600034000002779e-08;6.820849999785424e-08;6.200081999995746e-07
2.0127169997431336e-08;7.030042000114917e-08;7.506533999694512e-08;6.904272000538185e-07
2.2640640000463464e-08;6.926302000065334e-08;6.347546000033617e-08;7.324635999975726e-07
1.7635179999342653e-08;5.818445999757387e-08;8.313729999936185e-08;6.442898000241257e-07
2.2775839999667368e-08;7.582212000270374e-08;8.0376919999253e-08;5.966415999573655e-07
1.5853025000251365e-08;6.325658000423573e-08;7.297999999718741e-08;6.389569999882951e-07
1.923009500023909e-08;7.455232000211254e-08;7.223255999851972e-08;6.281064000213519e-07
1.7539210000541062e-08;8.122564000077545e-08;5.5617920000804585e-08;5.618325999821536e-07
2.400645000161603e-08;7.374330000020563e-08;6.762843999895267e-08;6.202599999960512e-07
2.1090054999513085e-08;5.939502000110224e-08;5.70573200006038e-08;6.017671999870799e-07
2.1046074999321718e-08;7.266852000029758e-08;6.741320000146516e-08;6.23543600027915e-07
1.8922130001010372e-08;6.535881999880075e-08;6.441646000021137e-08;6.375617999583483e-07
2.2653125000942964e-08;7.752287999610416e-08;5.7454579998739065e-08;7.044432000257074e-07
1.9662869999592657e-08;7.81622399983462e-08;7.589396000257693e-08;5.462203999632038e-07
1.6359104998991824e-08;8.728382000117563e-08;5.907326000160538e-08;6.563639999949373e-07
2.4647679999179672e-08;7.548531999927945e-08;6.542355999699794e-08;6.097452000249177e-07
1.893411500059301e-08;8.688983999891206e-08;6.271341999527067e-08;6.674494000035338e-07
1.8928949999099132e-08;7.4209559999872e-08;6.651145999785512e-08;6.838755999924615e-07
2.613986000069417e-08;8.34490800043568e-08;7.544449999695644e-08;6.392639999976382e-07
2.163097000156995e-08;7.633531999890693e-08;7.697479999624193e-08;5.904406000045128e-07
2.2404410000308418e-08;1.0378579999087378e-07;6.862425999715925e-08;6.940706000314094e-07
2.2595669998554512e-08;8.802308000158519e-08;6.526962000061758e-08;6.83978000015486e-07
2.052802999969572e-08;8.769979999633506e-08;6.386403999640606e-08;7.800150000257418e-07
2.092099000001326e-08;7.741896000225096e-08;5.677181999781169e-08;6.062387999845669e-07
1.7429419999825768e-08;6.676688000443392e-08;6.926702000200748e-08;5.78769999963697e-07
1.669426000007661e-08;6.740302000544034e-08;6.704250000184402e-08;6.661340000573546e-07
1.850469500059262e-08;7.561527999932878e-08;7.338441999745556e-08;7.096649999730289e-07
2.1081059999414718e-08;7.796355999889784e-08;7.871385999605991e-08;6.659746000077576e-07
2.0272459997795523e-08;7.960236000362784e-08;7.46302800020203e-08;7.22323999973014e-07
1.7572475000633858e-08;8.384545999579131e-08;6.690090000047348e-08;6.291769999661483e-07
2.5880490000417923e-08;8.667317999643274e-08;7.263169999932871e-08;6.917373999604024e-07
2.2723439999390393e-08;8.23199599981308e-08;7.661276000435464e-08;7.832943999674171e-07
2.5965419999556617e-08;8.207410000031814e-08;8.250097999698483e-08;7.135988000081852e-07
1.937012999987928e-08;9.198771999799647e-08;6.821234000381082e-08;7.476610000012442e-07
2.134616000112146e-08;9.006698000011966e-08;8.805670000147074e-08;6.370855999994092e-07
1.961083000060171e-08;6.932118000113405e-08;7.433605999685824e-08;6.493166000000202e-07
2.3489379999227822e-08;8.390639999997802e-08;6.01660200045444e-08;7.266184000181966e-07
2.1715490001952276e-08;7.263120000134222e-08;7.021398000069894e-08;6.185870000044815e-07
2.0610054999997374e-08;6.480315999942832e-08;5.771592000382952e-08;6.042087999521755e-07
1.867041499936022e-08;9.74761999968905e-08;7.16443800018169e-08;5.965525999781676e-07
1.4172965000034309e-08;7.643473999924027e-08;7.848077999660746e-08;6.114449999877252e-07
2.3009719999390655e-08;7.863407999975607e-08;7.05030800017994e-08;6.810863999999128e-07
2.1361659999820403e-08;7.521291999728419e-08;6.253511999966576e-08;7.022885999758728e-07
2.3194519999378826e-08;8.542529999976978e-08;7.188555999891833e-08;5.920636000228114e-07
1.8342770000163e-08;9.17269000026863e-08;7.351761999889276e-08;6.70981400005985e-07
2.599140999955125e-08;8.313708000350743e-08;7.234781999723055e-08;7.157335999654606e-07
2.19585199985886e-08;6.925312000093981e-08;6.092047999845817e-08;7.62942400004249e-07
1.895640500006266e-08;9.551894000032917e-08;7.236988000222482e-08;6.796405999921262e-07
2.303628000081517e-08;8.598040000069887e-08;7.1028539998224e-08;7.170167999574915e-07
2.31939000019338e-08;6.228285999968648e-08;5.89007800037507e-08;6.60191599978134e-07
2.579505000030622e-08;7.583387999911793e-08;5.470436000032351e-08;7.54235400003381e-07
1.4358489999722224e-08;7.003557999851182e-08;5.8979520003776995e-08;6.273784000077285e-07
2.600821999949403e-08;6.605970000382513e-08;6.942495999974199e-08;6.552586000179872e-07
1.7852840000705327e-08;7.599748000502587e-08;7.232920000096782e-08;5.796696000033989e-07
1.8942164999316446e-08;6.502851999830454e-08;5.823263999773189e-08;5.889559999923222e-07
1.7425789999833795e-08;6.343502000090666e-08;5.3941159998066725e-08;5.651293999981135e-07
1.5349685000546744e-08;7.105798000120557e-08;5.856868000118993e-08;6.697204000083729e-07
1.9539480000094045e-08;6.771282000117935e-08;6.003098000073805e-08;6.641442000400274e-07
1.707795500115026e-08;7.428047999856062e-08;6.974130000453442e-08;6.441965999547392e-07
1.6578509999089875e-08;6.832680000225082e-08;5.969447999959812e-08;6.893358000088483e-07
1.9330949999857695e-08;8.272399999550544e-08;8.127959999837913e-08;7.206076000002213e-07
1.7312599999422673e-08;7.451075999997556e-08;8.111864000093191e-08;6.784143999684602e-07
2.2756030000164174e-08;8.736037999624387e-08;6.625352000119164e-08;6.736862000543624e-07
2.3971379999420605e-08;1.031156499957433e-07;8.958739999798127e-08;7.64848200022243e-07
2.4432640001759865e-08;7.870260000345297e-08;6.173857999965549e-08;6.768766000168398e-07
2.3551700002280995e-08;8.123114000190981e-08;6.340827999520115e-08;6.840684000053443e-07
1.890026500041131e-08;7.600055999937468e-08;7.103063999675215e-08;6.575765999732539e-07
2.1326619997853414e-08;7.243994000018574e-08;5.816409999970347e-08;6.881107999943197e-07
2.4295845000597183e-08;7.19647999969311e-08;5.855297999805771e-08;6.156034000450746e-07
1.920475999941118e-08;6.573170000337996e-08;6.858297999715432e-08;6.671094000339508e-07
2.1607129997573794e-08;7.663441999466159e-08;6.897246000007726e-08;6.012742000166326e-07
1.7697499999485444e-08;8.284956000279636e-08;7.031590000260621e-08;7.315104000153952e-07
1.8645400000968947e-08;8.221683999872767e-08;5.963127999566495e-08;6.849941999535077e-07
2.102331000060076e-08;9.236551999929361e-08;5.6906959996558725e-08;6.968506000121124e-07
1.8801199999870733e-08;7.527791999746115e-08;5.587624000036158e-08;5.856981999822893e-07
1.8272505000641103e-08;7.589615999604575e-08;6.084489999921061e-08;6.162598000373691e-07
1.7474485001002904e-08;6.818557999795302e-08;6.05623800016474e-08;6.523481999756768e-07
2.150252499995986e-08;6.07358600012958e-08;6.816172000253573e-08;6.429310000385158e-07
2.029458000033628e-08;7.189080000389367e-08;6.595593999954872e-08;6.285702000022866e-07
1.7450480000115933e-08;7.376353999716229e-08;6.650106000015513e-08;6.951014000223949e-07
1.8712889999733305e-08;7.326190000167116e-08;6.666115999687464e-08;6.218035999918356e-07
1.989006999938283e-08;6.797745999647305e-08;7.257961999857798e-08;6.10015599988401e-07
2.0374910000828094e-08;8.22628399997484e-08;6.727108000195586e-08;6.213751999894157e-07
2.2065425000619144e-08;7.693038000143133e-08;6.274991999962367e-08;6.257935999892652e-07
1.6964035001001322e-08;7.194989999989048e-08;6.645871999789961e-08;5.951440000208095e-07
1.5650224999990315e-08;6.920539999846369e-08;7.23902800003998e-08;5.958969999919645e-07
1.636713000043528e-08;7.393413999816403e-08;6.202322000171989e-08;6.154310000129044e-07
1.72191899997415e-08;6.85101399954874e-08;5.963064000243321e-08;6.196364000206813e-07
1.660987499926705e-08;6.415259999921546e-08;5.335737999994308e-08;5.693565999972634e-07
1.5954530000453816e-08;7.541718000429682e-08;6.292421999969519e-08;6.175041999667883e-07
1.5735334999044427e-08;7.285848000319675e-08;7.506493999972008e-08;6.023007999756373e-07
1.6665194999950472e-08;7.127487999969162e-08;5.27886199997738e-08;5.964861999964341e-07
1.5650739999546204e-08;6.858742000185885e-08;6.334061999805272e-08;6.338897999958135e-07
1.5762974999961442e-08;6.663209999678656e-08;5.96605799975805e-08;6.115248000132851e-07
2.1219559999008197e-08;7.863553999923169e-08;6.518643999588676e-08;6.456283999723382e-07
2.3423639999236912e-08;8.001596000394784e-08;6.797249999945052e-08;5.987748000188731e-07
1.76846550006303e-08;7.293944000266492e-08;5.525653999648057e-08;5.931273999740369e-07
2.1417950000613928e-08;6.588613999774679e-08;5.973652000539005e-08;5.773899999912828e-07
1.631247499899473e-08;8.733971999608912e-08;5.709508000290953e-08;5.801524000125937e-07
1.565866500022821e-08;7.806088000070304e-08;6.464532000245526e-08;7.16560400032904e-07
2.44666699989466e-08;8.041640000301413e-08;7.117245999979786e-08;6.692433999851347e-07
1.604722500051139e-08;6.744002000195906e-08;6.581540000042878e-08;7.05844199983403e-07
2.0082394999917597e-08;6.960051999776624e-08;7.088237999705598e-08;6.055219999980182e-07
2.0542400001431815e-08;8.055632000323385e-08;6.728145999950357e-08;6.005552000133321e-07
1.5811725000094158e-08;7.171595999971032e-08;6.367787999915891e-08;6.048822000157088e-07
2.0116490000509656e-08;8.552235999959521e-08;5.867621999932453e-08;6.68483599962201e-07
2.49529499997152e-08;7.138676000176929e-08;5.300592000130564e-08;5.850105999852531e-07
1.5526800000225195e-08;7.137919999659062e-08;5.466929999529384e-08;5.950070000253618e-07
1.4477559999795631e-08;6.515084000420757e-08;5.974793999921531e-08;5.535014000488445e-07
2.0065789998625406e-08;1.032301999948686e-07;6.983429999672808e-08;7.641859999857843e-07
1.7954214999917896e-08;7.01173200039193e-08;7.047897999873384e-08;7.743244000012055e-07
1.6095820000919047e-08;6.899829999892973e-08;6.902895999955945e-08;6.393190000089817e-07
2.054153000062797e-08;8.798102000146173e-08;5.413412000052631e-08;6.273278000298888e-07
1.791873000038322e-08;5.924251999822445e-08;6.289207999943756e-08;5.191960000083781e-07
2.2904969999217427e-08;6.200591999804601e-08;5.9603760001482445e-08;5.855410000076518e-07
2.2854079998796806e-08;6.917955999961123e-08;7.417865999741479e-08;5.302759999758564e-07
1.8487159999494907e-08;8.408912000013516e-08;6.903144000098109e-08;5.293053999776021e-07
1.7239680000056978e-08;6.416060000192374e-08;5.730609999736771e-08;5.000396000104956e-07
1.679124500078615e-08;6.043762000044808e-08;6.722461999743245e-08;4.918015999719501e-07
1.6190439999627414e-08;5.324331999872811e-08;5.986937999841758e-08;5.703499999945052e-07
1.925158499943791e-08;7.009563999599777e-08;5.6348139996407556e-08;5.031099999905564e-07
1.6456600000674372e-08;5.628253999748267e-08;6.112274000188336e-08;5.017246000352316e-07
1.767214999999851e-08;5.812076000147499e-08;5.641799999866635e-08;4.840774000040255e-07
1.7382290000387e-08;5.2912620001006874e-08;5.316623999970034e-08;5.392260000226088e-07
1.6658425000787247e-08;5.8784620004007595e-08;6.36095000023488e-08;5.30793999962043e-07
1.6434630000730975e-08;5.4798799997661265e-08;6.396468000020831e-08;5.326677999692038e-07
1.5149015000497457e-08;6.907414000015706e-08;7.044492000131868e-08;5.248650000430644e-07
2.099478999734856e-08;6.215184000320733e-08;5.52136399957817e-08;5.336647999938577e-07
1.7292870000528638e-08;6.782725999946706e-08;6.578045999631285e-08;5.120112000149675e-07
1.7398305000097024e-08;6.307180000003428e-08;5.651645999751054e-08;4.943375999573618e-07
1.580133499955991e-08;5.830358000239357e-08;5.637424000306055e-08;5.02189000020735e-07
2.1833284999593162e-08;6.715301999938675e-08;6.311750000459142e-08;5.58976000000257e-07
1.5502224999363535e-08;6.397154000005684e-08;6.281118000042625e-08;5.450754000339657e-07
1.5397560001292733e-08;6.710545999812894e-08;6.022463999688626e-08;5.720284000271931e-07
2.1016575000248848e-08;7.242264000233263e-08;7.377971999812871e-08;5.795908000436612e-07
2.103136999940034e-08;7.506869999924674e-08;7.78481199988164e-08;5.649296000483446e-07
2.069760000013048e-08;7.057066000415944e-08;6.324462000047788e-08;5.515038000303321e-07
1.6994049999630077e-08;6.769058000063524e-08;6.993375999736599e-08;5.286655999952927e-07
2.0297400001436473e-08;8.443236000020989e-08;7.276522000320256e-08;5.180919999838807e-07
1.9872099999338388e-08;6.134523999644443e-08;6.318309999769554e-08;4.990207999944687e-07
1.481451500003459e-08;6.464255999890155e-08;5.6304300000192596e-08;5.165785999852232e-07
1.6941180000139867e-08;5.4842180002015085e-08;6.052608000463806e-08;5.523555999970995e-07
1.782150500075659e-08;6.958669999730773e-08;6.089110000175424e-08;5.802622000337578e-07
1.7620794998947532e-08;7.387287999736146e-08;5.906772000016645e-08;4.8997120000422e-07
1.648702499951469e-08;5.942145999870263e-08;6.062247999943793e-08;5.380041999742388e-07
1.8725034999079072e-08;6.182430000044406e-08;6.712151999818161e-08;5.558813999523409e-07
1.7972665000706912e-08;6.331522000255063e-08;6.20468000008259e-08;5.063671999960206e-07
1.8826210001134313e-08;7.679993999772705e-08;8.4831440000562e-08;5.350233999779448e-07
1.6549344999657477e-08;7.302804000210018e-08;6.131843999610283e-08;5.599744000355713e-07
2.0830910000950097e-08;7.456953999935649e-08;6.498030000366271e-08;5.238718000473455e-07
1.543978999980027e-08;6.170538000296801e-08;5.880919999908656e-08;5.970203999895603e-07
1.4975749999575783e-08;8.175966000417248e-08;7.403076000045985e-08;5.708687999867834e-07
2.311516999907326e-08;7.139546000398696e-08;7.675939999753609e-08;6.058380000176839e-07
2.466881000145804e-08;6.970813999651e-08;7.997424000059255e-08;5.28316400013864e-07
2.032271999923978e-08;7.522137999767438e-08;7.488331999629736e-08;5.793970000231638e-07
2.058629000093788e-08;7.106708000064828e-08;7.051914000185207e-08;5.951533999759704e-07
2.2355480000260285e-08;8.794660000130534e-08;6.789088000077755e-08;5.729882000014186e-07
1.9808129999728406e-08;6.559074000106193e-08;7.580511999549344e-08;5.491057999897749e-07
1.9593519999762066e-08;7.371391999768094e-08;5.819340000161901e-08;6.084007999743335e-07
2.1758890000637622e-08;8.258876000181772e-08;7.822296000085771e-08;5.672955999616533e-07
1.9042739999713376e-08;7.352406000136398e-08;8.085551999974995e-08;5.86524799990002e-07
1.8860349999158642e-08;7.278381999931298e-08;6.57184400013648e-08;5.381725999759511e-07
2.1371280000312254e-08;5.892736000241712e-08;8.283032000181265e-08;5.687429999816232e-07
2.3171920000459067e-08;7.650176000315697e-08;6.636803999426775e-08;6.274596000439487e-07
2.003690999990795e-08;6.042098000179976e-08;8.226577999885194e-08;5.658071999787353e-07
2.4021519999951124e-08;6.271884000161662e-08;8.333227999974042e-08;5.9366760001285e-07
2.1425839999574235e-08;8.697422000113874e-08;7.826177999959328e-08;6.132528000161983e-07
2.0553750000544824e-08;7.716010000440292e-08;6.431658000219614e-08;5.943477999535389e-07
2.1300089999567716e-08;8.198696000035853e-08;7.616536000277847e-08;5.429111999692396e-07
2.4078630001167765e-08;6.478865999961272e-08;7.792681999853812e-08;5.755471999873407e-07
2.0583289998467082e-08;6.634006000240334e-08;7.839048000168987e-08;6.022938000387512e-07
2.307233999890741e-08;8.088832000503316e-08;6.22151000017766e-08;6.087703999946825e-07
1.9321715000842233e-08;6.523232000181451e-08;6.96373799990397e-08;5.859519999939948e-07
2.1140669999294916e-08;5.998321999795735e-08;8.452196000143885e-08;5.538567999610677e-07
2.3166579997632652e-08;8.445858000195585e-08;7.240118000190705e-08;5.86933400016278e-07
2.4344479999854228e-08;7.299150000326335e-08;8.864943999797106e-08;6.666548000066541e-07
2.604859999846667e-08;7.79378600011114e-08;8.89303200005088e-08;6.127141999895684e-07
2.4238779998268002e-08;6.629700000048615e-08;7.66101599961985e-08;5.994916000054218e-07
2.3257600000943056e-08;6.803712000255473e-08;8.286666000494733e-08;6.331693999818526e-07
2.1904660001746378e-08;8.175059999921359e-08;7.295084000215865e-08;5.439693999942392e-07
2.357878000184428e-08;6.344790000002832e-08;7.094889999716542e-08;5.461296000285074e-07
2.4435759999323635e-08;7.811887999996543e-08;7.829209999763407e-08;5.276980000198819e-07
1.8894160000490957e-08;7.295421999879181e-08;7.671893999795429e-08;6.134875999996439e-07
2.1626459999242798e-08;7.975500000175089e-08;7.531564000528305e-08;5.981472000130452e-07
2.0797079999465496e-08;6.901421999791637e-08;8.149388000019826e-08;5.496035999967717e-07
2.118459999910556e-08;6.279070000164211e-08;6.281935999868438e-08;5.496851999778301e-07
1.7059259999950883e-08;6.866880000452511e-08;7.701298000174574e-08;5.542571999831125e-07
2.4281559998053125e-08;6.59894600044936e-08;6.337583999847993e-08;5.484316000365652e-07
1.702925999998115e-08;7.308389999670908e-08;6.08591999975033e-08;4.943109999876469e-07
2.2617509998963216e-08;5.82499000011012e-08;6.336071999976411e-08;5.632620000396855e-07
1.796355499973288e-08;6.762738000252284e-08;5.781580000184476e-08;5.001401999616064e-07
1.7960204998962582e-08;6.832426000037231e-08;5.5911039997590704e-08;5.32885399996303e-07
2.0059249999758322e-08;7.800869999919086e-08;6.817809999920427e-08;5.955162000027485e-07
2.337575999990804e-08;7.229671999812126e-08;6.743948000366799e-08;5.040051999967546e-07
2.0902539999224244e-08;6.824577999650501e-08;6.802672000485472e-08;5.082416000077501e-07
1.6821255000832025e-08;6.379302000277676e-08;7.256411999696865e-08;5.576114000286907e-07
2.111424999893643e-08;7.14397999981884e-08;7.029652000055648e-08;5.160702000139281e-07
1.6787954999017528e-08;6.756119999918156e-08;8.041382000083104e-08;5.447906000190415e-07
2.0211460000427906e-08;7.228428000234998e-08;7.35871400043834e-08;5.599352000281215e-07
2.3334530000283848e-08;6.527553999912924e-08;7.061374000040815e-08;5.436342000029981e-07
2.007039000163786e-08;7.635577999753877e-08;5.423841999727301e-08;5.021278000203892e-07
2.4246310000307857e-08;7.260900000110269e-08;7.5677119998727e-08;4.953306000097654e-07
1.6675945000315552e-08;6.802523999940604e-08;5.7257839996600523e-08;5.208611999987624e-07
1.6709949998767116e-08;5.401636000024155e-08;5.4941520001739265e-08;5.267767999903298e-07
2.2299320000456646e-08;6.188672000425868e-08;5.9569520002696664e-08;5.362389999791048e-07
1.7952260001038665e-08;6.803306000074371e-08;6.97143200028222e-08;5.649776000063867e-07
1.807434999936959e-08;6.11611999978777e-08;5.8728319994406774e-08;5.288601999636739e-07
1.7198280000593515e-08;5.782124000252225e-08;6.784915999742225e-08;5.509400000446476e-07
1.8888684999546967e-08;7.053549999836833e-08;7.074591999989934e-08;6.736703999922611e-07
1.9824209999933372e-08;6.917527999612503e-08;6.168967999983579e-08;5.045247999951243e-07
1.8931059999158607e-08;6.413425999926403e-08;7.839011999894865e-08;5.207689999951981e-07
2.2121610000613145e-08;6.132569999899715e-08;5.543639999814331e-08;5.415094000054524e-07
1.8177540000760928e-08;6.329202000051737e-08;6.644414000329562e-08;5.703640000429005e-07
2.1798669997951947e-08;7.543832000228576e-08;7.901657999609597e-08;7.19373399973847e-07
2.034937999851536e-08;6.271576000144706e-08;7.707015999476425e-08;6.71044000016991e-07
2.1423509999294765e-08;7.381888000527397e-08;6.78116199967917e-08;6.816924000158906e-07
2.126781000115443e-08;7.412272000219673e-08;7.743623999995179e-08;8.275278000510298e-07
2.530661999917356e-08;8.017706000246108e-08;6.919787999941036e-08;7.489573999773711e-07
2.517115999944508e-08;7.940774000016973e-08;8.418778000050225e-08;7.587618000106886e-07
2.077059500006726e-08;8.614056000369601e-08;7.683560000150464e-08;8.129771999665536e-07
2.0250590000068767e-08;7.338172000017948e-08;7.032775999978185e-08;7.932406000327319e-07
2.54660500009777e-08;8.013174000079743e-08;6.235623999964446e-08;7.082597999833524e-07
2.2463710000738502e-08;8.069449999602512e-08;7.799877999932505e-08;7.295256000361405e-07
2.435408000019379e-08;7.11918999964837e-08;7.988233999931253e-08;7.341817999840714e-07
2.1202989999437704e-08;7.454263999825343e-08;7.290420000208542e-08;7.952229999937118e-07
2.2926514998835047e-08;6.905412000487559e-08;6.061393999843858e-08;7.351453999872319e-07
2.189644999743905e-08;7.919848000165075e-08;7.9570880002575e-08;7.795943999662996e-07
1.5915405000851024e-08;6.90243199991528e-08;7.378983999951743e-08;6.574143999605439e-07
2.3681289999512955e-08;5.643412000499666e-08;6.494343999656848e-08;7.326989999855868e-07
2.291630000108853e-08;6.77490400034003e-08;7.01043600041885e-08;7.885758000193164e-07
2.3088920000009238e-08;7.329646000289358e-08;6.54049800010398e-08;7.000477999681607e-07
2.3582790000364184e-08;8.073317999951541e-08;6.288831999991089e-08;6.743988000089303e-07
1.5537325000332202e-08;7.701731999986805e-08;6.999322000192478e-08;7.371452000224963e-07
2.0268620000570082e-08;6.969395999913104e-08;8.082748000160791e-08;7.85042000003159e-07
1.9296754999959374e-08;6.402799999923445e-08;6.819146000198089e-08;7.777864000527188e-07
2.0427119999658315e-08;7.905688000028021e-08;8.59699200023897e-08;7.046651999698952e-07
2.1862830000463874e-08;5.2651360002346336e-08;8.10297200048808e-08;7.803447999758646e-07
2.1228840001276693e-08;7.430435999995098e-08;5.958191999816336e-08;7.733299999963492e-07
2.059282000118401e-08;6.996155999950133e-08;7.047065999940969e-08;7.547767999931239e-07
2.3111374999280086e-08;5.6333899998571725e-08;6.45853399997577e-08;8.85768200038001e-07
2.306490000046324e-08;5.5231719999574126e-08;7.907846000161953e-08;6.996567999594844e-07
2.056571000139229e-08;7.161039999919012e-08;6.691067999927327e-08;7.55581200006418e-07
1.5229110000655056e-08;6.064485999522731e-08;7.203642000094988e-08;7.239724000100978e-07
2.147471000207588e-08;6.228458000114187e-08;7.58793999964837e-08;7.601768000167795e-07
2.1530189999612048e-08;7.06644400022924e-08;7.440024000243284e-08;7.084868000238202e-07
2.1720789998653346e-08;6.505976000335068e-08;5.581522000138648e-08;7.363784000044689e-07
1.915719499957049e-08;8.167434000060893e-08;7.77258799993433e-08;7.609655999694951e-07
1.8083559999649878e-08;7.488970000413246e-08;8.011307999840937e-08;7.56143200036604e-07
2.1225179999601095e-08;7.388790000113659e-08;7.14517199958209e-08;7.626493999850937e-07
1.9435890000022484e-08;6.798484000028111e-08;7.365565999643877e-08;7.254708000109531e-07
1.7071535000286532e-08;7.043221999774687e-08;5.8942560001742094e-08;6.913344000349753e-07
1.6228595000575297e-08;6.457275999709963e-08;6.151797999627888e-08;7.606474000494927e-07
2.1426234999671578e-08;8.24040200037416e-08;6.96562199969776e-08;8.015412000240758e-07
2.628825000138022e-08;7.821682000067085e-08;6.823884000186809e-08;7.391983999987133e-07
2.5326600001426414e-08;7.404027999727986e-08;7.1747360000154e-08;7.393757999525406e-07
2.065260999952443e-08;7.319098000298254e-08;8.361729999887757e-08;8.482433999888599e-07
2.449475000030361e-08;7.450721999630332e-08;6.70460399996955e-08;7.32125399983488e-07
1.9505254999967293e-08;7.815225999802352e-08;8.060032000066712e-08;7.724205999984406e-07
2.2891649999655782e-08;6.643441999913194e-08;7.205761999939569e-08;7.963245999999344e-07
2.4697624999680556e-08;7.096851999522187e-08;7.475139999878592e-08;7.149811999988742e-07
2.183118000102695e-08;7.86491200036835e-08;6.443080000462942e-08;7.316559999599121e-07
1.7234854999696837e-08;7.167159999953583e-08;6.730478000245057e-08;6.699463999830187e-07
2.0426270001917147e-08;6.685002000303939e-08;7.115363999619148e-08;7.357668000040576e-07
2.292765999882249e-08;6.551093999878503e-08;7.110211999970488e-08;6.690535999950953e-07
1.8624194999574685e-08;6.895813999581151e-08;6.715412000194192e-08;7.645798000157811e-07
2.0412105000286828e-08;7.719876000192016e-08;6.757855999749154e-08;6.631329999654554e-07
1.8326320000051054e-08;6.336973999859765e-08;6.772025999962352e-08;7.599905999959446e-07
2.012315000029048e-08;7.561751999892295e-08;6.090499999700115e-08;7.343300000065937e-07
2.008135499927448e-08;6.821672000223771e-08;6.753809999790975e-08;7.203679999802262e-07
2.087446999794338e-08;7.667973999632522e-08;7.411560000036844e-08;7.081497999606654e-07
2.246795000100974e-08;7.046379999956116e-08;8.258287999778986e-08;7.525808000355028e-07
2.231323999876622e-08;6.489791999920271e-08;6.116815999848768e-08;6.708855999750085e-07
1.8729010000242852e-08;7.014910000143573e-08;7.128214000258595e-08;7.539610000094398e-07
1.703983000043081e-08;7.320906000095419e-08;6.881242000381462e-08;6.778122000396251e-07
1.860918500024127e-08;6.810832000337541e-08;6.975378000061027e-08;7.404666000511497e-07
2.2998214999097398e-08;8.405675999820232e-08;7.894944000290707e-08;8.373842000146397e-07
2.485685999854468e-08;7.344056000001728e-08;7.459169999929145e-08;6.897606000420637e-07
1.988988000084646e-08;7.278591999784111e-08;8.246267999638803e-08;8.058685999712907e-07
1.7353909999656024e-08;7.597418000223114e-08;7.194840000011027e-08;7.794864000170492e-07
1.8665809999220073e-08;7.746281999861822e-08;7.246446000062861e-08;7.031878000125289e-07
2.1372060000430793e-08;8.030931999674067e-08;6.213293999899179e-08;7.75502200005576e-07
1.984844500111649e-08;6.869598000193946e-08;7.3251679999521e-08;7.224599999608472e-07
2.4752230002195575e-08;6.425366000039503e-08;6.735163999837823e-08;7.12913200026378e-07
2.0835390000138433e-08;7.926020000013523e-08;7.890391999972052e-08;7.716520000249147e-07
2.013409000064712e-08;7.247818000032567e-08;6.635795999900438e-08;7.06465199997183e-07
1.980347999924561e-08;6.796444000210613e-08;6.675204000202939e-08;7.854366000392474e-07
2.229495999927167e-08;7.965983999893069e-08;7.791056000278332e-08;8.031904000090436e-07
2.262648000032641e-08;6.457648000214249e-08;7.61095599969849e-08;7.680456000380219e-07
1.631688000052236e-08;7.050429999944753e-08;6.734502000035717e-08;7.009375999914482e-07
1.733655499992892e-08;6.520566000253893e-08;5.59486799989827e-08;6.347264000214636e-07
1.6848720000416506e-08;6.646304000169039e-08;5.5696860002353786e-08;6.712954000104219e-07
1.8694040000264067e-08;7.448475999990479e-08;7.431705999770202e-08;6.596526000066661e-07
1.8896460000541992e-08;7.289701999980025e-08;6.506155999959447e-08;6.773233999847435e-07
1.7599555000197143e-08;6.303963999962435e-08;5.617575999931432e-08;6.401725999894552e-07
1.5519350000249687e-08;5.935273999930359e-08;5.8924719999777154e-08;6.358400000026449e-07
1.7321939999237656e-08;5.751547999680042e-08;6.055191999766976e-08;6.338628000230529e-07
1.6890085001068656e-08;7.992289999965579e-08;5.757830000366084e-08;6.52764800004661e-07
1.8655790000048e-08;6.10594800033141e-08;5.896590000484139e-08;6.916569999884814e-07
1.8494895000185352e-08;6.805476000299678e-08;6.21928200009279e-08;6.562510000076145e-07
1.6994550000526944e-08;6.074946000007913e-08;5.628922000178136e-08;6.72742200025823e-07
1.730368999997154e-08;7.017915999749676e-08;7.353928000084124e-08;7.128070000326261e-07
2.0334779999393504e-08;7.215898000285961e-08;7.059158000047319e-08;6.773161999881268e-07
2.2187310000299477e-08;7.858292000018992e-08;6.642118000308983e-08;7.03053200035356e-07
1.631760999880498e-08;6.668211999931373e-08;6.749722000095063e-08;7.601598000037483e-07
1.7722115000651684e-08;8.220809999620542e-08;7.160349999903701e-08;7.182589999865741e-07
1.8210359998920468e-08;8.488682000315748e-08;6.003441999782808e-08;7.287243999890052e-07
2.607558000017889e-08;8.022408000542782e-08;6.852179999696091e-08;7.812211999553255e-07
2.0219100000394975e-08;6.879571999888867e-08;6.965216000098735e-08;6.492383999866434e-07
2.0191865001106635e-08;7.918300000019372e-08;6.513279999489896e-08;7.219199999817647e-07
2.180819000059273e-08;7.32841000019107e-08;7.14220000023488e-08;6.692876000306569e-07
2.167479499912588e-08;6.687792000011541e-08;6.41792400041595e-08;7.45476600015536e-07
2.2148099998594262e-08;6.808276000083424e-08;6.609761999570765e-08;7.323513999581337e-07
1.6860249999444932e-08;7.832033999729902e-08;7.723544000182301e-08;7.328583999769762e-07
2.041781500010984e-08;8.392473999992945e-08;8.38581999996677e-08;7.568399999872781e-07
2.041437000152655e-08;7.554151999647729e-08;7.050252000335604e-08;7.994419999886304e-07
1.7267669999273494e-08;7.468898000079208e-08;7.24733799987007e-08;6.884442000300623e-07
2.292548999830615e-08;6.762089999974706e-08;6.923729999689385e-08;6.373641999671236e-07
2.331508000206668e-08;8.239446000079624e-08;5.354200000292622e-08;6.405071999761276e-07
2.3141264999867417e-08;6.505307999905199e-08;5.994856000179425e-08;6.913443999947048e-07
2.0311299999593757e-08;6.41464599990286e-08;6.184529999736697e-08;6.859808000153862e-07
1.5847200001007877e-08;8.414631999912672e-08;6.750949999550358e-08;8.352871999959461e-07
1.9096944999182598e-08;6.755150000099093e-08;6.546010000165552e-08;7.555968000087887e-07
1.9668960000853984e-08;7.727693999768235e-08;8.339947999920696e-08;7.695010000024922e-07
2.01038500003051e-08;7.028885999461636e-08;6.558269999804907e-08;7.226452000322752e-07
1.6023715000483206e-08;7.264976000296883e-08;6.636426000040956e-08;7.831751999910921e-07
1.4709184999810532e-08;7.675530000124126e-08;6.68390000006184e-08;6.585986000136472e-07
1.9680955000512768e-08;7.44148599973414e-08;7.840731999604031e-08;7.414073999971152e-07
1.4894590000039899e-08;6.454301999765448e-08;6.861052000313066e-08;7.287578000104986e-07
2.0450809999601916e-08;7.345682000159286e-08;7.436182000092231e-08;7.957382000167854e-07
1.7916569999943023e-08;6.737252000020817e-08;5.5146759998751805e-08;6.668049999861978e-07
1.74102649994893e-08;5.75840400008019e-08;6.43376000050921e-08;7.685384000069462e-07
1.7392549999931362e-08;5.431374000036158e-08;5.7174340001074596e-08;7.860156000242568e-07
1.5189449999888892e-08;6.351821999996901e-08;5.39816599979531e-08;6.863729999749921e-07
1.472807499958435e-08;5.70516400039196e-08;5.7098839996615424e-08;6.966712000430561e-07
1.7248329998983537e-08;8.27404599986039e-08;6.156187999877148e-08;7.727236000355333e-07
1.6512729998794385e-08;7.451479999581352e-08;6.64900799980387e-08;7.070630000089295e-07
2.3530500000924805e-08;6.554952000151388e-08;7.951395999989472e-08;8.757266000029631e-07
2.0828474999871104e-08;6.72731600003317e-08;7.601138000027276e-08;6.89340400043875e-07
2.0471699998597614e-08;6.686660000123084e-08;6.726130000315607e-08;7.07862000039313e-07
2.144236499880208e-08;6.817450000089594e-08;5.5920059996424244e-08;7.818124000332318e-07
1.9340380000357982e-08;8.47163999977056e-08;9.275307999923825e-08;8.234663999755867e-07
1.7067634999693838e-08;8.275710000307299e-08;6.234108000062407e-08;6.973237999482081e-07
2.36081600014586e-08;7.916492000222207e-08;6.815527999424375e-08;7.577809999929742e-07
2.454979499889305e-08;6.543224000488408e-08;8.028137999936007e-08;8.020978000131436e-07
2.5961979999556206e-08;1.0231719999865163e-07;8.078396000200882e-08;8.374659999972209e-07
1.707930000120541e-08;1.0781415000383276e-07;8.62935799988918e-08;7.970681999577209e-07
2.5882430002093314e-08;7.059241999522783e-08;8.97292000008747e-08;8.104446000070311e-07
2.2584184999868738e-08;9.283135999576189e-08;8.15558600006625e-08;8.711720000137575e-07
2.4184154999966267e-08;7.96991600014735e-08;8.118018000386655e-08;7.071797999669798e-07
1.5488799999002367e-08;6.070526000112296e-08;6.024922000360675e-08;7.264856000547298e-07
2.090328999911435e-08;7.768568000174128e-08;7.24030000041239e-08;7.503587999963202e-07
2.0349179999902843e-08;6.915853999671526e-08;6.270091999904252e-08;7.68212599970866e-07
2.1411670002271422e-08;8.728575999848545e-08;6.486240000231192e-08;7.607781999977306e-07
1.5949180000461637e-08;6.79552200017497e-08;5.6277580000460145e-08;7.300968000199646e-07
1.4582320000045001e-08;5.556607999606058e-08;6.151067999890074e-08;7.646706000086851e-07
1.6573420001077466e-08;6.296475999988615e-08;6.654492000234314e-08;7.952774000004865e-07
1.8247670000710058e-08;8.497405999805778e-08;6.717504000407644e-08;7.239562000031583e-07
2.065887499920791e-08;7.056642000097782e-08;6.737728000152856e-08;7.240147999837063e-07
2.2270490002119913e-08;6.614599999738857e-08;6.345562000060454e-08;7.225932000437752e-07
1.8769440001051408e-08;7.569128000177442e-08;7.448659999645316e-08;7.46521599998232e-07
1.554720999993151e-08;7.173760000150651e-08;7.982910000137054e-08;7.044149999856018e-07
2.1545950000290758e-08;7.459483999991789e-08;7.27707999991253e-08;7.332160000223667e-07
2.1455254999455064e-08;7.798551999730989e-08;6.855763999628834e-08;6.921710000024177e-07
2.0690644999558573e-08;8.074638000107371e-08;6.16820800001733e-08;7.300753999734298e-07
1.6395360000024085e-08;7.124900000053458e-08;7.287085999851115e-08;8.373902000021189e-07
1.6643860000476706e-08;6.447702000150456e-08;6.856187999946996e-08;8.328820000169799e-07
2.1709634999569972e-08;6.153723999741487e-08;7.32199199963361e-08;6.940385999623686e-07
1.4900585000577849e-08;7.750050000031479e-08;6.176307999994606e-08;6.630181999644264e-07
1.6987920000974555e-08;6.522218000027352e-08;6.031074000056833e-08;8.12757599982433e-07
2.3564579999947456e-08;7.861322000389919e-08;6.621456000139005e-08;8.304276000126265e-07
2.4075850000372157e-08;5.768046000157483e-08;5.6840499996906145e-08;6.941909999586642e-07
1.6019774999585935e-08;5.7505400001537053e-08;5.35331999999471e-08;6.251316000125371e-07
1.5976680000312627e-08;5.657124000135809e-08;5.539158000028692e-08;6.853750000009313e-07
1.521443499950692e-08;7.662618000176735e-08;5.8173799997894095e-08;6.745999999693595e-07
1.8369884999992792e-08;6.046078000217677e-08;5.5059500003699215e-08;6.373544000089168e-07
1.6257025000231805e-08;5.7762880000518636e-08;5.972263999865391e-08;6.660744000109844e-07
1.593709000007948e-08;5.535705999936908e-08;5.7817940000677483e-08;6.935100000118836e-07
1.6367779999563938e-08;6.616866000113078e-08;5.666639999835752e-08;7.497600000351668e-07
1.4790329999232199e-08;5.791500000050291e-08;5.6952640000963584e-08;6.45381800015457e-07
1.4555849999305792e-08;5.651255999691784e-08;5.814458000240847e-08;7.136949999839999e-07
1.6255660000024363e-08;7.312806000118144e-08;6.652132000308484e-08;7.133532000007107e-07
1.5579340000113005e-08;5.65857200010214e-08;6.120278000016696e-08;6.443278000224382e-07
1.6246759999194183e-08;8.658436000114307e-08;5.912653999985196e-08;6.818368000094778e-07
1.4982904998760204e-08;5.504189999774098e-08;5.900622000335716e-08;6.872543999925256e-07
1.740140500041889e-08;6.337951999739743e-08;7.116161999874749e-08;6.758210000116378e-07
1.819106000039028e-08;8.371119999792426e-08;5.6664499995531515e-08;7.013727999874391e-07
1.7927779999445193e-08;7.342051999876276e-08;6.277583999908529e-08;6.884240000508726e-07
1.9606955000199377e-08;6.343344000051729e-08;6.986258000251837e-08;7.546482000034303e-07
1.5593364999222103e-08;6.192020000307821e-08;6.483128000400029e-08;7.850601999671198e-07
1.6171359999862035e-08;6.131809999933467e-08;6.02437200024724e-08;7.709640000248328e-07
1.742501000117045e-08;6.826086000073701e-08;7.676732000545599e-08;7.501619999529793e-07
2.0224850000522566e-08;7.683443999849259e-08;6.005974000436254e-08;6.814665999845602e-07
1.6604470000311267e-08;6.690891999751329e-08;6.863536000018939e-08;7.107149999937974e-07
1.7479499999899416e-08;8.022984000272117e-08;6.48656600038521e-08;7.517689999658614e-07
2.0125120002194307e-08;7.29282200045418e-08;6.639171999995596e-08;7.972238000365906e-07
1.7811480000091252e-08;7.222468000254593e-08;5.7826480001676826e-08;7.514399999636225e-07
1.5986810000322295e-08;6.884095999994316e-08;5.604565999819897e-08;6.800741999759339e-07
1.7068994999863208e-08;7.183977999957279e-08;6.935693999985234e-08;7.231078000040725e-07
1.6293389999191276e-08;6.09355200023856e-08;6.052569999592379e-08;7.132517999853008e-07
1.651484000030905e-08;7.048702000174671e-08;6.230327999801376e-08;7.055385999847204e-07
1.6542209999170153e-08;7.800276000052691e-08;5.6847100000595674e-08;6.839781999588013e-07
1.9130710000172257e-08;6.741794000263326e-08;6.369728000136092e-08;7.15271599998232e-07
1.8670570000540464e-08;7.077836000244133e-08;5.550849999999627e-08;6.724158000433818e-07
1.5949894998630043e-08;7.629994000308215e-08;6.025668000220321e-08;6.773165999911726e-07
1.6808180000225548e-08;6.546784000238404e-08;5.860567999770865e-08;7.291342000244185e-07
1.8527494999580087e-08;8.101774000097066e-08;6.460569999762811e-08;7.128775999881327e-07
1.754471000022022e-08;5.923085999675095e-08;6.219531999668107e-08;6.813122000312433e-07
1.5040394999959972e-08;6.98400599998422e-08;5.8694740000646564e-08;7.43155799980741e-07
1.6338379999797327e-08;5.836072000092827e-08;5.660751999821514e-08;7.416988000040874e-07
1.5266584999335463e-08;6.415884000016377e-08;5.6569939997280015e-08;6.554367999779061e-07
1.587617500044871e-08;7.388342000194826e-08;5.88491200003773e-08;7.059681999962777e-07
1.8311345000984148e-08;7.757369999890215e-08;5.60813199961558e-08;6.708771999692544e-07
1.7038009999669158e-08;5.96953600004781e-08;5.522289999644272e-08;6.859173999982886e-07
2.535572500055423e-08;5.875803999952041e-08;6.733404000406154e-08;7.900056000216864e-07
1.7042845000105445e-08;7.007063999772072e-08;5.89633799972944e-08;7.229392000008374e-07
2.090323000011267e-08;6.302887999918312e-08;5.815900000161491e-08;7.275916000362486e-07
1.6927295000641606e-08;6.054991999990306e-08;5.7386040000710635e-08;7.095550000085495e-07
2.009966999758035e-08;6.509431999875233e-08;5.6632639997405934e-08;7.030697999871336e-07
1.5041664999444038e-08;6.319315999862738e-08;6.461931999656372e-08;7.479431999963709e-07
1.5661639999598264e-08;7.59241399995517e-08;6.327006000210532e-08;7.319739999948069e-07
2.045005999971181e-08;6.215116000385024e-08;6.505241999984718e-08;7.21110399987083e-07
1.603317999979481e-08;6.083144000149332e-08;6.292146000196226e-08;7.241824000375346e-07
2.101865999866277e-08;5.8357580000301826e-08;6.510655999882147e-08;7.702576000010595e-07
1.6063905000919478e-08;5.9455080004408956e-08;6.298571999650449e-08;7.034258000203409e-07
1.9297210000513588e-08;6.479367999709212e-08;5.8144819998415186e-08;6.791016000206583e-07
1.6494494999642484e-08;5.812082000193186e-08;6.29739800002426e-08;7.480820000055246e-07
2.3446929999045095e-08;6.592030000174419e-08;6.186188000137917e-08;7.637210000539198e-07
1.772194500081241e-08;6.089877999620512e-08;5.7547679997514935e-08;8.029074000078253e-07
1.962226999894483e-08;7.548131999792531e-08;5.468768000137061e-08;7.918840000056662e-07
1.761180999892531e-08;7.009936000104063e-08;5.5850460001965985e-08;7.295676000067033e-07
1.9132484999136067e-08;7.592052000109106e-08;8.290894000092521e-08;7.510450000409037e-07
2.779714999778662e-08;6.068731999839656e-08;7.85485600004904e-08;7.296096000354737e-07
1.683951500017429e-08;6.84811000013724e-08;6.026957999565638e-08;7.667451999732293e-07
1.6138260001025627e-08;7.317039999761619e-08;6.406589999678545e-08;7.576873999787494e-07
2.0234835000883322e-08;8.076630000141449e-08;7.176847999799066e-08;8.763971999869682e-07
1.9824295000580605e-08;7.309079999686218e-08;7.026919999625534e-08;7.82671399996616e-07
2.041612999746576e-08;6.438305999618023e-08;6.870221999706701e-08;7.619122000178322e-07
2.091913000040222e-08;6.69763200043235e-08;8.255188000039198e-08;7.927094000042416e-07
1.7555454999092034e-08;6.814521999913267e-08;7.287986000301316e-08;7.475540000014007e-07
2.1356589999049903e-08;7.946783999796025e-08;6.500763999647461e-08;7.796889999881387e-07
2.0854220000910574e-08;7.448592000291682e-08;6.906586000113749e-08;7.504451999557204e-07
1.823500000027707e-08;7.372038000030443e-08;6.743456000112928e-08;8.410146000096574e-07
1.752732000022661e-08;6.841177999740466e-08;6.909163999953307e-08;7.355715999729e-07
1.5578950000053738e-08;6.575705999857746e-08;5.6153280002763495e-08;7.855301999952645e-07
1.6645175000303424e-08;5.810044000390917e-08;6.605016000103205e-08;7.143666000338272e-07
1.714016000041738e-08;5.7861560001038017e-08;6.124209999688901e-08;6.603552000015043e-07
1.7746329998772125e-08;6.243841999676078e-08;5.9420019999379295e-08;6.943164000404067e-07
1.6016060000401922e-08;5.67114399978891e-08;6.661795999971219e-08;7.583903999766335e-07
1.6227785000228324e-08;6.50489799969364e-08;6.028607999905944e-08;7.289769999915734e-07
1.5228535000642297e-08;6.345644000102765e-08;5.8361280005192384e-08;7.315301999915392e-07
1.5283705000183546e-08;6.40239999978803e-08;5.7980220002355054e-08;7.116364000248723e-07
1.8115604999184143e-08;6.444723999593407e-08;5.691633999813348e-08;7.262906000250951e-07
1.821048500132747e-08;6.180097999749705e-08;6.126459999941289e-08;7.263808000134304e-07
1.6308255000330973e-08;6.449501999886707e-08;6.018227999447844e-08;7.426241999492049e-07
2.0171349999145603e-08;6.530949999578297e-08;6.539902000222355e-08;7.112947999848984e-07
1.520726500020828e-08;6.729606000008062e-08;6.073830000241287e-08;7.399543999927118e-07
1.676094499998726e-08;6.07311200001277e-08;5.820248000090942e-08;7.211189999943599e-07
1.7448164999950678e-08;6.488140000146814e-08;6.011192000005394e-08;7.389293999876827e-07
1.5439835000142922e-08;6.496650000335649e-08;6.746865999884903e-08;6.892985999584198e-07
2.266565000027185e-08;7.177510000183247e-08;7.319988000090234e-08;8.674385999911465e-07
2.416015999915544e-08;6.194805999984965e-08;6.766086000134237e-08;7.436679999809712e-07
1.6137534999870694e-08;8.413078000303358e-08;7.119127999758348e-08;7.373716000001877e-07
2.2249800001736732e-08;7.086147999507374e-08;5.7436119997873905e-08;8.073445999762043e-07
1.681271499983268e-08;6.21015000040643e-08;5.6194240000331776e-08;6.778985999990255e-07
1.7964760000177194e-08;6.817672000033781e-08;7.627475999761373e-08;8.517861999571324e-07
2.1514529999694787e-08;6.294428000110201e-08;6.898954000207596e-08;7.525217999937012e-07
1.75240450000274e-08;6.985359999816865e-08;6.677147999871523e-08;7.478667999967001e-07
1.730911000049673e-08;6.7547860002378e-08;5.9419319999869915e-08;7.383976000128314e-07
1.627343500003917e-08;6.604281999752857e-08;5.784542000037618e-08;7.435636000009253e-07
1.754363999934867e-08;5.52450199960731e-08;6.345052000251599e-08;6.885909999837168e-07
1.716904000059003e-08;6.369817999657244e-08;5.724741999874823e-08;6.79561199969612e-07
1.8236910000268835e-08;5.7633439998608085e-08;6.950964000425301e-08;7.197396000265144e-07
1.9999310000275728e-08;7.502931999624707e-08;5.896747999940999e-08;7.08020000020042e-07
1.9157339999219403e-08;6.312614000053144e-08;6.45840400015004e-08;7.196468000183814e-07
1.7247750000387894e-08;6.017449999926612e-08;6.24138600018341e-08;7.111311999615281e-07
1.5891245000238997e-08;6.12044400011655e-08;6.098885999526829e-08;6.930352000053972e-07
2.3330890000215732e-08;6.579066000413149e-08;7.97757999971509e-08;6.858857999905013e-07
1.718498499976704e-08;6.951936000259593e-08;6.962923999526538e-08;7.380006000166759e-07
1.8123869999544696e-08;6.944609999773092e-08;5.518393999664113e-08;7.600887999869883e-07
2.1354210001300088e-08;6.068665999919176e-08;6.79223999963142e-08;7.476934000151232e-07
1.8214580000494607e-08;5.93877200037241e-08;6.164396000094712e-08;7.61017000011634e-07
1.6965759999584405e-08;7.317979999934323e-08;5.840064000221901e-08;7.443846000242047e-07
1.7536214999563528e-08;7.262939999927767e-08;6.897237999946811e-08;7.870612000115216e-07
1.801673000009032e-08;6.801679999916814e-08;6.392113999463618e-08;8.526125999633223e-07
2.1216759999515487e-08;7.762253999826498e-08;7.71764000004623e-08;7.628375999629498e-07
1.7955559999973048e-08;6.849432000308298e-08;6.30087600031402e-08;7.540922000189312e-07
2.0704499998828396e-08;7.825194000033662e-08;6.673272000043654e-08;6.653995999949984e-07
1.7949295000289568e-08;8.100919999997131e-08;7.575315999565646e-08;7.626288000028581e-07
1.7536844999995084e-08;5.910380000132136e-08;5.6279260001610965e-08;7.550667999894358e-07
1.819126999907894e-08;6.522030000342056e-08;7.110593999968842e-08;7.28554199973587e-07
2.067069500044454e-08;7.81539999996312e-08;6.254436000017449e-08;8.214333999785595e-07
1.52404349995777e-08;6.97398200049065e-08;5.866442000260577e-08;6.964982000063173e-07
1.7282814999634866e-08;7.109981999965385e-08;6.993058000225573e-08;8.52866199973505e-07
1.995428500085836e-08;6.607310000108554e-08;7.772803999832831e-08;8.165868000360206e-07
2.366092999873217e-08;7.026797999860718e-08;6.514664000133053e-08;7.319445999455638e-07
1.940236499940511e-08;6.333165999967605e-08;7.020026000100188e-08;7.220070000039414e-07
1.4994724999996835e-08;6.986975999898277e-08;8.253826000145637e-08;6.803648000350223e-07
1.6243470000335947e-08;6.860410000081174e-08;6.463890000013634e-08;7.335923999780789e-07
1.8318880000151693e-08;6.039049999671988e-08;6.329485999885946e-08;6.890706000267528e-07
2.0162089999939782e-08;5.689840000122785e-08;5.9484640002483505e-08;6.888928000116721e-07
2.0506310000200755e-08;7.252338000107557e-08;7.634398000082001e-08;7.095160000026226e-07
1.7083490001095924e-08;6.33830999955535e-08;6.426011999719776e-08;6.667622000095434e-07
1.5380184999958147e-08;7.207148000015877e-08;6.84112599992659e-08;8.393987999879755e-07
2.1090669999830425e-08;6.787244000006467e-08;7.100294000119903e-08;8.161800000234507e-07
1.621065500075929e-08;6.908892000210471e-08;6.131501999916509e-08;7.458210000186227e-07
2.100006999971811e-08;6.416242000414059e-08;6.141715999692679e-08;7.066029999987223e-07
2.2130030000698752e-08;6.264616000116803e-08;7.19323199999053e-08;8.04379399982281e-07
1.976374000078067e-08;7.728375999722629e-08;7.906992000062018e-08;8.910702000139281e-07
2.1291579998796804e-08;6.870589999598451e-08;5.849684000131674e-08;7.318816000479273e-07
1.9730979998712427e-08;6.879397999728098e-08;6.945188000099734e-08;8.446853999630548e-07
1.8932494999899063e-08;6.536755999550223e-08;7.807147999992594e-08;7.624283999903128e-07
2.0511824999994133e-08;6.757083999691531e-08;6.945978000294418e-08;8.550974000245333e-07
1.8800169999303763e-08;5.971429999917746e-08;6.83742799970787e-08;7.38359600014519e-07
1.965263500023866e-08;7.492986000142992e-08;7.925775999901817e-08;1.028651000087848e-06
1.7576129999361e-08;6.538082000333816e-08;6.476803999976255e-08;1.0733954000170343e-06
1.4805045000684913e-08;7.318928000167943e-08;6.46835400024429e-08;9.311050000251271e-07
2.0020025000849274e-08;8.007035999908113e-08;6.588186000008136e-08;9.254361999919638e-07
1.818789000099059e-08;8.184474000008777e-08;6.168984000105411e-08;9.093411999638193e-07
1.5626020000490826e-08;6.846455999766476e-08;5.863263999926858e-08;9.256154000177048e-07
1.532582499930868e-08;6.35599999979604e-08;5.729875999968499e-08;8.992484000045806e-07
1.4818899999954738e-08;6.882064000237733e-08;6.386634000227787e-08;9.443491999991238e-07
2.463770000031218e-08;6.16628399991896e-08;7.008085999987088e-08;1.0555025000940078e-06
1.5618604999326634e-08;8.661204000236466e-08;7.006845999858342e-08;8.817528000217863e-07
1.799011999974027e-08;6.268898000125773e-08;7.593495999462903e-08;9.224555999971927e-07
1.5347570000449197e-08;6.729010000126436e-08;5.956568000256084e-08;9.93019799992908e-07
1.738888499967288e-08;6.637034000013956e-08;6.04886599991005e-08;9.430333999916911e-07
1.6833780000160913e-08;8.290373999625444e-08;7.071818000404165e-08;1.1145694999140687e-06
1.6199829999823124e-08;8.642515999963507e-08;6.666635999572463e-08;1.0373220000474247e-06
1.8503985001007096e-08;9.104743999778293e-08;6.976641999790445e-08;9.498623999534175e-07
1.7321095000079367e-08;6.761024000006728e-08;6.41957400017418e-08;9.360680000390858e-07
1.630216500052484e-08;6.535887999925763e-08;6.045886000501923e-08;9.129848000011406e-07
1.7244364999351093e-08;7.107472000061534e-08;6.42710399988573e-08;9.458960000192747e-07
1.596449000062421e-08;7.811495999922045e-08;6.331707999925129e-08;1.0100116000394336e-06
1.579311499954201e-08;7.526484000263735e-08;5.9094880003249274e-08;9.0447419998236e-07
1.4894959999946878e-08;7.688867999822832e-08;6.581468000076711e-08;9.085109999869019e-07
1.5792995000083465e-08;7.112505999975837e-08;6.996640000143088e-08;1.0212689999025316e-06
2.0069440000224858e-08;7.327833999879658e-08;5.385835999622941e-08;9.684255999745801e-07
1.595404999970924e-08;7.215605999808758e-08;5.469862000318244e-08;8.844892000197433e-07
1.5312730000005105e-08;6.877061999985017e-08;6.63987800013274e-08;9.777784000034444e-07
2.4148299999069424e-08;6.637107999995351e-08;6.210716000059619e-08;9.823789999936707e-07
1.9970604999980423e-08;7.501334000262432e-08;7.303760000504554e-08;1.0165709999273531e-06
2.0620410000265112e-08;7.401725999661721e-08;7.102087999810464e-08;1.1215230000379962e-06
2.003119000000879e-08;9.716271999641321e-08;8.183790000039153e-08;1.1036090001289266e-06
2.1820140001364052e-08;9.124980000196957e-08;7.935831999639049e-08;1.1259800000698306e-06
2.6040430000284687e-08;1.0278899999684654e-07;7.688164000282995e-08;1.1020044999895618e-06
2.197769999911543e-08;1.0059200000250712e-07;7.998561999993398e-08;1.1243520000425633e-06
2.442441000021063e-08;8.028425999800674e-08;7.615628000348806e-08;1.1966580001171678e-06
2.2203089999675285e-08;8.380120000219904e-08;6.914350000442937e-08;1.0201691999682226e-06
2.3183570001856424e-08;8.673219999764114e-08;6.894804000039584e-08;1.0753890000341926e-06
1.8330479999713134e-08;9.169004000141286e-08;7.822518000029959e-08;1.113859000033699e-06
2.3832540001603775e-08;1.0435532000265084e-07;8.320094000082463e-08;1.038898499973584e-06
2.5999469999806024e-08;1.0096889999113046e-07;9.294252000399865e-08;1.1669255000015255e-06
2.542519000126049e-08;8.99980999995023e-08;7.442168000270613e-08;1.0239835000538733e-06
1.8588345000171102e-08;1.0200709999771788e-07;6.546222000033595e-08;1.1592324999219273e-06
2.2178510000230746e-08;7.18747999984771e-08;5.905282000312582e-08;1.1532169999554754e-06
2.2348290000809356e-08;1.032751000020653e-07;9.073474000324495e-08;1.1125360000005458e-06
2.3640984999656212e-08;9.5701640000334e-08;8.524494000012054e-08;1.0815524999634364e-06
2.0017830000142566e-08;1.0129094999865628e-07;7.65981400036253e-08;1.0597280001093167e-06
2.625246000243351e-08;1.0009029999491759e-07;6.727001999970526e-08;1.0751609998987987e-06
1.7124014999717475e-08;7.627103999839164e-08;7.944989999523386e-08;1.000449500133982e-06
2.135305999981938e-08;7.881814000429585e-08;6.42733400047291e-08;1.0543964999669698e-06
2.038956999895163e-08;7.256041999789887e-08;6.988257999764755e-08;1.0843849999946541e-06
2.4758915000711567e-08;8.468489999650046e-08;7.035406000213697e-08;1.0067980000167153e-06
2.2284619999118148e-08;8.854911999660544e-08;6.652789999498054e-08;1.1757454999315086e-06
2.601062999747228e-08;8.114412000286392e-08;6.977626000298187e-08;1.0860054999648127e-06
2.116051999910269e-08;8.815785999759101e-08;7.236919999704697e-08;1.0193517999723554e-06
2.156834999914281e-08;7.986340000061319e-08;6.00360200041905e-08;9.88632399996277e-07
1.7960940000193658e-08;9.206108000362292e-08;6.223414000123739e-08;1.008334000071045e-06
1.7940785000973846e-08;6.793321999721229e-08;6.293254000484012e-08;1.010269399965182e-06
2.249076000007335e-08;7.666639999952167e-08;6.224923999980092e-08;1.03709599992726e-06
2.2555350000038743e-08;9.176940000033937e-08;8.224308000062592e-08;1.0990635000052863e-06
2.1611290000146256e-08;1.0073950000514742e-07;7.508159999852069e-08;1.0198940000555012e-06
2.4349449999863283e-08;8.570117999915965e-08;7.491129999980331e-08;1.0444435999961569e-06
2.3028059999342076e-08;8.968065999797545e-08;6.404236000380479e-08;9.56966400030069e-07
2.3178385000210254e-08;9.226725999615155e-08;6.875411999644711e-08;1.01605150004616e-06
1.791323000070406e-08;8.347088000155054e-08;6.995155999902636e-08;1.0469630000297911e-06
1.926889000023948e-08;8.021280000102706e-08;7.393797999829985e-08;1.0133889999997336e-06
2.4540740001248197e-08;6.72199999971781e-08;7.948673999635503e-08;1.0160654000355861e-06
2.0608879999781493e-08;8.237959999823943e-08;6.088942000060342e-08;1.0069530000328086e-06
2.034853000077419e-08;7.46644800005015e-08;7.337377999792807e-08;1.1267359998601022e-06
2.174063000129536e-08;7.789405999938026e-08;6.905818000086583e-08;1.0498560000269208e-06
2.1283640002366155e-08;8.440592000260949e-08;6.781033999868669e-08;9.429312000283971e-07
1.8983570000273176e-08;1.0492564999731257e-07;7.002026000409387e-08;1.1011629999848082e-06
1.8709429999580607e-08;1.0191806000075303e-07;7.420684000244364e-08;1.0624889999744483e-06
2.157106999948155e-08;6.44823600014206e-08;6.51642200013157e-08;9.517467999830842e-07
2.1020370000042022e-08;8.002299999934621e-08;6.228679999476299e-08;1.0192684000357986e-06
2.1865920000709595e-08;9.125044000102207e-08;8.209291999810375e-08;1.1428809999779333e-06
2.0493450001231395e-08;8.944885999662802e-08;6.552077999804169e-08;9.858558000414632e-07
1.5608739999879616e-08;7.194046000367961e-08;6.753770000068471e-08;9.902690000017174e-07
2.321726500085788e-08;8.102117999806069e-08;6.817592000006698e-08;1.0561514999426436e-06
1.961611000006087e-08;7.885931999771856e-08;5.6470639997860416e-08;1.0032129999308382e-06
1.6914605000056327e-08;7.855746000423096e-08;8.717440000036731e-08;9.19595199986361e-07
2.291358000074979e-08;8.93452199990861e-08;6.529346000170335e-08;9.266176000237465e-07
1.779108000046108e-08;7.532420000061393e-08;7.724136000033468e-08;1.1808025000209454e-06
1.690303500072332e-08;1.0860664999927394e-07;7.532303999760188e-08;1.0237184999277816e-06
1.9559090000984724e-08;9.025832000188529e-08;7.609921999974176e-08;1.0205469999345951e-06
2.0440570000209845e-08;7.503357999958098e-08;6.316065999562852e-08;1.1439404998964165e-06
2.1869320000405423e-08;9.566633999929763e-08;6.498353999922983e-08;1.0210649999789893e-06
1.980745000037132e-08;1.0314474999904633e-07;8.75462800031528e-08;1.1473914999805857e-06
2.3849514999892562e-08;1.0137560000293889e-07;8.850603999453597e-08;1.048298400011845e-06
1.6843995000817814e-08;8.338579999981448e-08;7.584122000262141e-08;1.0693329999921844e-06
1.9568029999209103e-08;8.26580399996601e-08;7.36923799966462e-08;1.0772310000902508e-06
2.2842089999176098e-08;1.045096400019247e-07;8.51983200001996e-08;1.0181636000052094e-06
1.730416000063997e-08;7.486231999937445e-08;8.016148000024259e-08;1.0089044999040197e-06
1.5381524999975227e-08;8.393043999676593e-08;7.022209999850019e-08;9.729841999942437e-07
2.5944799999706448e-08;1.0174714999448042e-07;7.20208199985791e-08;1.0325499999453314e-06
1.9862825000018348e-08;7.036848000134341e-08;6.355537999770604e-08;1.034949000022607e-06
1.7955484999401962e-08;6.75595400040038e-08;7.03227199963294e-08;9.488945999764838e-07
1.995187499996973e-08;7.432335999910719e-08;6.102930000051856e-08;9.931811999995262e-07
1.5214979999291246e-08;7.496744000236504e-08;7.585632000118494e-08;1.0366100000101142e-06
1.5090984999551438e-08;7.411100000026636e-08;6.671883999952115e-08;1.0027219999756198e-06
2.4821399999200367e-08;7.503815999953077e-08;7.259892000001856e-08;9.164797999546863e-07
1.7474360000051094e-08;7.341225999989547e-08;6.054831999936141e-08;1.0260343999834732e-06
2.126390000048559e-08;6.816399999661371e-08;7.087117999908514e-08;5.12224999954924e-07
2.0844030001899227e-08;5.292267999611795e-08;8.560315999784507e-08;5.827181999920867e-07
2.3081699997419492e-08;8.173683999921196e-08;8.311650000396185e-08;5.626755999983288e-07
2.099476500006858e-08;6.240226000081747e-08;6.857797999982722e-08;5.538016000064089e-07
2.157359499979066e-08;6.085769999772311e-08;8.317260000039823e-08;5.523131999652833e-07
2.2593610000330953e-08;6.929666000069119e-08;6.483934000134468e-08;5.266124000190758e-07
1.504431000066688e-08;7.96923199959565e-08;6.057078000158071e-08;5.013180000241846e-07
1.4862265001283959e-08;5.67319400026463e-08;6.09610999992583e-08;5.703871999867261e-07
1.7613589999382384e-08;6.341413999907673e-08;6.440354000078514e-08;5.127530000172555e-07
1.9332769999164155e-08;6.204431999940425e-08;7.156812000321225e-08;5.401253999443724e-07
1.7176339999423363e-08;6.173332000034862e-08;7.435156000428832e-08;5.155147999757901e-07
1.6344220000610222e-08;5.6731939996825534e-08;5.640840000123717e-08;5.66560400009621e-07
1.7430980000062845e-08;5.858227999997325e-08;5.72498599998653e-08;5.381630000192672e-07
2.0002145000034943e-08;6.574313999735751e-08;7.094823999796063e-08;4.941663999925367e-07
1.64575299990247e-08;5.9405339998193084e-08;5.675111999735236e-08;5.015363999991678e-07
1.6348555000149644e-08;5.637464000028558e-08;5.715374000137672e-08;5.064799999818206e-07
1.6504595000878907e-08;5.6255979998968543e-08;5.886649999883957e-08;4.885444000246934e-07
1.5325384998868685e-08;7.052820000099019e-08;5.473077999777161e-08;5.427948000142351e-07
1.5802865001023748e-08;5.6252760003553704e-08;6.348739999812096e-08;5.359826000058092e-07
1.6731274999619928e-08;5.808950000209734e-08;6.565453999792225e-08;5.092660000082106e-07
1.7084979999344798e-08;7.004291999619455e-08;6.471574000315741e-08;5.422117999987677e-07
1.5261065000959206e-08;5.7399720000103114e-08;6.96901399991475e-08;5.288962000049651e-07
1.569045500073116e-08;8.005084000178612e-08;6.345775999943725e-08;4.958337999996729e-07
1.6678759999922476e-08;6.303140000090934e-08;6.502239999826998e-08;5.319661999819801e-07
1.598380000068573e-08;8.941656000097282e-08;5.83723200019449e-08;5.440248000086285e-07
1.8036914999538566e-08;6.370225999853573e-08;6.10486800025683e-08;5.402580000227318e-07
2.2643070001504386e-08;7.077220000210218e-08;6.538604000234044e-08;5.812838000128977e-07
1.92128299997421e-08;7.01299000007566e-08;7.245515999966301e-08;5.112967999884859e-07
2.1490370001993143e-08;7.296102000400424e-08;7.731693999958225e-08;5.49706400022842e-07
2.362864000024274e-08;6.35281800001394e-08;7.380774000193923e-08;5.240424000076019e-07
1.8138715000532102e-08;7.175253999885172e-08;7.404322000220418e-08;5.826087999739684e-07
2.2847405000356958e-08;7.227423999574967e-08;6.026944000041112e-08;5.484165999805555e-07
2.194069999968633e-08;6.100379999843426e-08;8.257509999675677e-08;5.801890000002458e-07
2.1950035000918434e-08;6.436423999839462e-08;6.588816000148654e-08;5.856081999954768e-07
2.047108999977354e-08;8.101086000096984e-08;7.527836000081151e-08;5.965539999888279e-07
2.005141999979969e-08;8.493902000482194e-08;7.343437999952584e-08;5.883538000052795e-07
2.1947389998240395e-08;1.062592499947641e-07;7.163806000025943e-08;6.090332000167109e-07
2.4056130001554265e-08;7.627060000086203e-08;7.268542000092566e-08;5.284112000372261e-07
1.6580565000185743e-08;7.011801999760791e-08;8.291682000271977e-08;6.264096000231803e-07
2.262621000118088e-08;6.418100000009872e-08;6.620199999888427e-08;5.30834999983199e-07
2.2061039999243802e-08;8.725973999826238e-08;8.711964000249281e-08;5.523720000055619e-07
2.403913000016473e-08;7.304950000252574e-08;9.255082000163384e-08;6.100560000049881e-07
2.4895069998456165e-08;8.410444000037386e-08;8.248579999781213e-08;6.033990000141785e-07
2.2058999998262152e-08;7.82794600003399e-08;6.804908000049181e-08;6.619792000274174e-07
2.5345780001953245e-08;8.335805999813601e-08;8.329497999511659e-08;6.231678000185639e-07
2.4033319999580272e-08;9.481626000488177e-08;8.581918000127189e-08;5.881153999944217e-07
2.6801690002321265e-08;7.674591999966651e-08;8.899427999858745e-08;6.271015999955125e-07
2.3859649998485112e-08;8.529663999797777e-08;7.424710000050254e-08;5.881563999573701e-07
2.6709819998359308e-08;8.894295999780297e-08;7.725610000197776e-08;5.937892000074498e-07
2.3304669998469762e-08;8.084356000181287e-08;6.731889999937266e-08;6.392994000343606e-07
1.870729999936884e-08;8.727445999975316e-08;7.68818199983798e-08;5.654070000164211e-07
2.2683530001086183e-08;8.711430000257678e-08;8.992872000089846e-08;6.417228000354953e-07
2.0282619999488817e-08;7.82129199942574e-08;8.051098000141793e-08;5.63707199995406e-07
2.197951000125613e-08;7.081879999605007e-08;8.429335999535397e-08;6.033143999520689e-07
2.4006219999864697e-08;7.629590000142343e-08;7.750707999803126e-08;5.189421999966725e-07
2.214817999920342e-08;6.325925999553874e-08;7.763365999562665e-08;6.273589999764227e-07
2.14090399997076e-08;8.459927999647334e-08;5.96993199957069e-08;5.357565999729559e-07
2.418121000082465e-08;6.251306000049226e-08;6.893261999939568e-08;5.38693799986504e-07
2.2373179998248815e-08;6.379072000272572e-08;5.5224739998811854e-08;5.473144000279717e-07
2.067549499915913e-08;6.456214000354521e-08;6.335061999852769e-08;5.648763999924996e-07
1.522703999944497e-08;8.952199999475852e-08;6.702449999866075e-08;6.092521999962628e-07
2.08864550004364e-08;6.297757999855093e-08;6.423548000166193e-08;5.278171999962069e-07
2.0049490002566017e-08;7.048509999876842e-08;6.852729999809525e-08;5.256564000155777e-07
1.8804930000624154e-08;7.012213999987579e-08;7.395725999958813e-08;5.59678999998141e-07
2.1566529999836347e-08;6.483962000347674e-08;5.943419999675825e-08;5.185315999551677e-07
1.6809804999502375e-08;5.8421360002830625e-08;6.317697999766096e-08;5.453234000015073e-07
1.9398879999062045e-08;6.914899999974296e-08;6.74898800032679e-08;6.332611999823711e-07
2.040287999843713e-08;6.548362000030466e-08;7.121507999836468e-08;5.690226000151597e-07
1.891710499912733e-08;6.80386800027918e-08;7.560248000081629e-08;5.543220000108704e-07
1.7803604999789967e-08;5.9145760000683366e-08;5.863282000063919e-08;5.159899999853224e-07
2.215777999954298e-08;5.998430000036023e-08;6.134516000165604e-08;5.23730400018394e-07
1.8866980000166223e-08;5.994348000385799e-08;6.207360000116751e-08;5.11281399987638e-07
1.8580040000961162e-08;7.243517999886535e-08;6.683376000146381e-08;5.750716000329703e-07
1.9320364999293817e-08;6.265275999903679e-08;7.221306000137702e-08;5.197262000292539e-07
1.7276255000615492e-08;6.468223999836482e-08;6.093109999783337e-08;5.452872000169009e-07
1.7253680000430906e-08;8.589904000400565e-08;7.391875999746845e-08;5.201772000291385e-07
1.880381499940995e-08;7.92087999987416e-08;6.511612000176683e-08;5.350888000102713e-07
1.7494309999165124e-08;6.078485999605618e-08;7.535262000164949e-08;5.074250000179745e-07
1.864748999942094e-08;6.079848000081256e-08;5.899728000513278e-08;4.990118000423536e-07
1.967926999932388e-08;6.579040000215173e-08;6.234070000355132e-08;5.52162199979648e-07
1.7566739999165293e-08;7.522699999972247e-08;6.087853999924845e-08;5.212302000145428e-07
2.1260010002879425e-08;7.123464000178501e-08;6.435803999775089e-08;5.499436000245624e-07
1.562619500036817e-08;5.815430000075139e-08;6.29560399975162e-08;5.032441999646835e-07
1.8011405000288506e-08;6.990293999551796e-08;7.123766000149772e-08;5.481705999700352e-07
1.8295005000254604e-08;9.337398000061512e-08;6.64418799977284e-08;5.651026000268757e-07
1.8975775000581053e-08;8.851620000205003e-08;6.158422000007704e-08;5.459485999890603e-07
1.5423325001029297e-08;6.253813999937847e-08;5.405792000237852e-08;5.373668000102043e-07
1.9852145000186282e-08;5.793315999908373e-08;5.613856000127271e-08;5.252231999766082e-07
1.6400710000016262e-08;5.5226859997492283e-08;5.989373999764212e-08;5.843751999782398e-07
2.3264500001096166e-08;5.513133999775164e-08;6.362269999808632e-08;5.403841999941505e-07
1.6110625000146683e-08;6.035565999918617e-08;5.720151999848895e-08;5.459090000367723e-07
1.642227999982424e-08;6.47988600016106e-08;6.162241999991238e-08;5.50366599985864e-07
1.6951375000644474e-08;5.835842000087723e-08;5.502813999773934e-08;5.637681999942288e-07
1.7481994999980087e-08;6.083202000008896e-08;5.999667999567463e-08;5.123195999767631e-07
2.246201999951154e-08;6.03257599985227e-08;6.381453999783844e-08;5.699008000083267e-07
1.6779320000205187e-08;8.750994000001811e-08;6.598160000285133e-08;5.669159999815747e-07
2.2275549999903887e-08;7.881115999771283e-08;5.348373999586329e-08;5.690961999935098e-07
2.0469139999477193e-08;8.241450000205077e-08;7.437734000268392e-08;5.442439999897033e-07
2.0580100000370294e-08;7.525494000292383e-08;6.487598000094294e-08;5.99461000005249e-07
1.9715619999624322e-08;7.417060000007041e-08;7.574120000354015e-08;5.938292000209913e-07
1.8561380000028295e-08;6.218746000085957e-08;7.686517999973148e-08;7.946267999941483e-07
2.1966790000442416e-08;7.332843999611213e-08;6.67276399966795e-08;7.861790000461042e-07
2.3191560001578183e-08;5.8205760002601895e-08;6.982063999748789e-08;7.718863999471068e-07
1.943355999974301e-08;7.521129999659024e-08;6.781976000056603e-08;7.017789999954403e-07
1.7471384999225847e-08;6.502970000146888e-08;7.310343999997713e-08;7.014846000238321e-07
2.4130910000531004e-08;6.47847400046885e-08;6.85211599979084e-08;7.08807600021828e-07
1.596859499986749e-08;7.00853799993638e-08;6.009087999700569e-08;7.682646000175736e-07
1.6377975000068545e-08;5.7639559998642654e-08;6.570626000175252e-08;7.147172000259161e-07
1.599320500099566e-08;6.005497999722139e-08;5.7125599996652456e-08;8.863785999710671e-07
2.009515999816358e-08;6.747395999846049e-08;6.921983999782242e-08;7.138598000165075e-07
1.9166979999863544e-08;6.053474000073038e-08;6.125295999809169e-08;7.00278399977833e-07
1.7066375000285916e-08;8.201821999973618e-08;7.269353999872692e-08;7.350831999792717e-07
2.2051299999293406e-08;6.649941999930888e-08;7.029132000170648e-08;8.032912000198849e-07
1.669949499919312e-08;6.775414000148885e-08;6.681242000195198e-08;8.205531999701634e-07
2.2095839999383317e-08;6.549054000061005e-08;6.29908400005661e-08;7.236631999840029e-07
1.716224499978125e-08;5.592349999933504e-08;6.263546000118367e-08;8.305446000304074e-07
2.4050779998651706e-08;7.225298000266776e-08;6.338623999617994e-08;8.004068000009283e-07
2.1534940000856295e-08;7.185532000148669e-08;7.508614000398666e-08;8.119951999979094e-07
2.4331079999683425e-08;6.702538000536152e-08;6.54718000034336e-08;7.032486000098288e-07
1.9892619999882298e-08;7.041367999627255e-08;7.562848000088707e-08;7.68919599999208e-07
2.2790480000548995e-08;7.84211799968034e-08;6.958163999952375e-08;8.048843999858945e-07
1.5348335000453517e-08;6.20479199977126e-08;7.890452000428923e-08;7.570775999920442e-07
2.0529750001151113e-08;7.306267999811099e-08;6.09454600024037e-08;7.737777999718673e-07
2.4438679998274894e-08;6.183962000068278e-08;6.896646000095643e-08;7.452916000038385e-07
2.1530090001760982e-08;6.862187999649905e-08;5.777333999867551e-08;7.955707999644801e-07
1.69974500007811e-08;6.034316000295804e-08;5.842430000193417e-08;6.935735999722965e-07
1.530988000013167e-08;5.869041999685578e-08;6.117536000092514e-08;7.052578000002541e-07
1.8787754999357275e-08;7.021416000206955e-08;5.929030000115745e-08;7.17768199974671e-07
1.4404884999385104e-08;6.075108000077307e-08;6.544182000216096e-08;7.495130000170321e-07
2.1726539998780936e-08;6.840772000141442e-08;7.346352000022307e-08;7.703452000278048e-07
2.0323260000441224e-08;7.81144000007771e-08;6.98147599992808e-08;7.316862000152468e-07
1.8228990001080094e-08;6.413024000357836e-08;5.7885480002732945e-08;7.131149999913759e-07
1.7571604999830014e-08;6.20876999979373e-08;6.246498000109568e-08;7.864914000383578e-07
1.902334500045981e-08;6.14108000008855e-08;6.269315999816172e-08;8.490621999953873e-07
1.8051765000564047e-08;5.617111999890767e-08;6.015177999506704e-08;7.183877999777906e-07
1.7413884999405127e-08;6.284473999985493e-08;6.513658000039868e-08;7.769715999602341e-07
1.9406750000780448e-08;6.2449800001923e-08;7.113372000167146e-08;7.838859999901615e-07
1.619681500014849e-08;6.918582000071183e-08;6.063418000121601e-08;7.268940000212752e-07
2.0378154999343677e-08;6.006801999756135e-08;5.575560000143014e-08;7.502388000139035e-07
2.0217180001782253e-08;7.243470000103117e-08;6.195005999761633e-08;6.881996000302024e-07
1.5800490000401623e-08;6.508136000484228e-08;6.098646000027657e-08;8.192456000251695e-07
2.058464500005357e-08;6.605835999944247e-08;6.731873999815435e-08;7.802217999706045e-07
1.6506980000121983e-08;6.440126000088639e-08;5.987204000120982e-08;7.546124000218697e-07
1.640427000093041e-08;6.035789999878034e-08;6.340679999557324e-08;7.513688000035472e-07
1.5725190000375733e-08;7.261532000266016e-08;5.888361999532208e-08;7.580656000063754e-07
1.6911775000335184e-08;7.921148000168614e-08;6.09846000035759e-08;7.356111999833957e-07
1.5792085000430234e-08;6.691578000318259e-08;6.8030040001031e-08;7.335424000048079e-07
1.6300944999966304e-08;6.101794000132941e-08;6.494193999678828e-08;8.4844620001968e-07
2.0506100000056904e-08;6.209910000325181e-08;6.457211999804713e-08;8.224538000067696e-07
2.024051999906078e-08;7.675290000042878e-08;6.017227999982424e-08;7.554554000380449e-07
1.7053869999654126e-08;7.289782000007108e-08;5.7611099997302515e-08;6.898767999955453e-07
2.0224045000213665e-08;6.868333999882453e-08;7.322884000022895e-08;8.171176000032573e-07
2.1725940000033007e-08;7.55791199975647e-08;7.70386399992276e-08;8.075064000440761e-07
2.0642859999497888e-08;6.751054000342265e-08;7.402348000323399e-08;7.263578000129201e-07
1.8249410000862553e-08;6.98742599983234e-08;6.760580000118352e-08;8.090724000358022e-07
1.8747520000033547e-08;6.377704000333324e-08;7.815962000167929e-08;7.149216000107117e-07
1.8141504999948664e-08;5.559103999985382e-08;6.366855999804102e-08;7.696080000023357e-07
2.1212914999341593e-08;6.42197000037413e-08;5.608596000238322e-08;7.807067999965511e-07
1.6291199999977836e-08;7.088245999766514e-08;6.416886000079103e-08;7.87495399999898e-07
2.1679210002184845e-08;7.013481999747455e-08;6.658657999942079e-08;8.299814000492916e-07
1.9435335000162014e-08;7.512727999710478e-08;7.259393999702297e-08;8.203925999696367e-07
2.4512089998461305e-08;6.974024000228382e-08;7.020036000176333e-08;8.044430000009016e-07
1.9111850000626872e-08;6.579878000193276e-08;7.624928000150248e-08;7.586428000358864e-07
1.821281500015175e-08;7.29237399995327e-08;7.795447999960743e-08;7.471979999681935e-07
1.8820770000456832e-08;6.384700000053272e-08;6.36326999985613e-08;7.949350000126287e-07
1.74039849996916e-08;6.641079999972135e-08;5.859183999709785e-08;7.293441999936477e-07
2.5184049998642876e-08;6.996242000022903e-08;6.479097999981604e-08;7.814420000067912e-07
1.586072000063723e-08;5.783358000335283e-08;6.14294599974528e-08;7.236130000092089e-07
2.094078999944031e-08;7.25159200024791e-08;6.407417999580503e-08;7.572776000015437e-07
2.3441939998883753e-08;7.168879999662749e-08;7.35454200010281e-08;7.689920000266283e-07
2.1187259998987428e-08;6.655741999857127e-08;6.007045999867841e-08;7.553666000021621e-07
1.6477360000135378e-08;5.5583440000191334e-08;7.258826000033878e-08;7.22078800026793e-07
2.2238629998173565e-08;7.095254000159912e-08;7.892213999875821e-08;7.796606000047177e-07
2.1510719999787398e-08;7.014429999981075e-08;6.015824000351131e-08;7.331923999590799e-07
2.0134140001027846e-08;7.078866000520066e-08;7.611049999832176e-08;7.314962000236846e-07
2.14301300002262e-08;6.357790000038222e-08;6.820942000485956e-08;7.976895999745466e-07
2.150322000088636e-08;7.505812000017614e-08;7.967627999605611e-08;7.472147999797016e-07
1.984606000041822e-08;6.938271999824792e-08;7.402517999871634e-08;7.165094000520185e-07
1.6931409999961033e-08;6.236856000032276e-08;5.810589999891818e-08;7.001327999751084e-07
1.6487340000458063e-08;5.748401999589987e-08;5.471506000030786e-08;7.179888000246137e-07
1.637722500017844e-08;6.097571999998763e-08;5.985919999657198e-08;7.693701999960467e-07
1.841391000052681e-08;6.165255999658256e-08;5.962949999957345e-08;7.035312000080012e-07
1.63277849991573e-08;6.027486000093631e-08;6.538298000232316e-08;7.053314000368119e-07
1.7040020000422374e-08;5.648353999713436e-08;6.488483999855817e-08;7.901964000193402e-07
1.7438425000000278e-08;6.9601660000626e-08;6.950483999680728e-08;7.771040000370703e-07
1.4753349999955389e-08;5.7162659999448804e-08;6.144118000520394e-08;7.418696000240744e-07
1.5228719999140593e-08;5.615031999768689e-08;6.839623999549076e-08;7.077941999887116e-07
1.666720999928657e-08;6.147876000031829e-08;5.9377759997732936e-08;7.666175999911502e-07
1.506420500081731e-08;6.648032000521199e-08;5.5356299999402834e-08;7.337915999814868e-07
1.6986310000356753e-08;5.8806959999492395e-08;6.638919999822974e-08;6.977431999985128e-07
1.6982895000546704e-08;6.159762000315823e-08;6.41414400015492e-08;7.050879999878816e-07
2.111975500010885e-08;6.82509200007189e-08;7.046891999780201e-08;7.800469999783673e-07
1.6384115000255407e-08;6.124631999991834e-08;6.223473999998532e-08;6.528071999782697e-07
1.9269209999765735e-08;6.718669999972918e-08;6.66914600005839e-08;6.71119800012093e-07
1.7605455000011717e-08;5.65400600025896e-08;6.453113999450579e-08;7.113581999437883e-07
1.8115380000381263e-08;6.597602000110783e-08;6.182164000347257e-08;7.762924000271596e-07
1.7508820000512058e-08;6.993204000173137e-08;6.602929999935441e-08;8.433420000365004e-07
2.27279049999197e-08;6.542187999584712e-08;6.410848000086844e-08;8.169281999580562e-07
1.7819189999136142e-08;6.732154000201263e-08;7.527216000016779e-08;8.51307800039649e-07
2.1278060000622645e-08;5.6833460001507776e-08;8.10702000046149e-08;7.016339999972843e-07
1.852478999935556e-08;6.021174000343308e-08;6.65820199996233e-08;1.0845749999862163e-06
1.8435234999924434e-08;5.708817999693565e-08;6.557059999904595e-08;1.0331745000439696e-06
1.653935999929672e-08;6.165101999649778e-08;5.973611999652348e-08;1.0482814999704716e-06
2.288780999951996e-08;8.044970000046306e-08;7.9379860003246e-08;1.1331925001286437e-06
1.853522999881534e-08;6.68536800018046e-08;8.821981999790296e-08;1.0562030000437516e-06
1.7958695000561418e-08;6.272116000181995e-08;8.019480000366457e-08;1.0003125999937766e-06
1.8800584999553393e-08;6.829986000084319e-08;7.535888000275009e-08;1.0060580000572373e-06
1.5249959999346175e-08;6.634279999998398e-08;7.801089999848045e-08;1.1103104999347123e-06
2.2165739999036306e-08;6.829064000048674e-08;7.443856000318192e-08;1.1607134999940172e-06
2.059802000003401e-08;7.13501800026279e-08;6.927226000116207e-08;1.021712999936426e-06
1.7651764999027364e-08;7.082856000051834e-08;6.261208000360057e-08;1.0095034999540076e-06
2.3554049999802373e-08;7.456453999620862e-08;6.640121999662369e-08;1.0861495000426657e-06
2.4251255000126547e-08;7.181238000048324e-08;8.039006000035443e-08;1.1434210000152234e-06
1.5395900000294204e-08;7.075220000115224e-08;6.535207999986596e-08;1.1166899999952875e-06
2.1750710002379492e-08;5.751233999617398e-08;7.937442000256852e-08;1.0505724999529775e-06
2.0486389999859966e-08;6.5721079998184e-08;8.056825999519788e-08;1.118214000016451e-06
1.9996380001248326e-08;6.168339999858289e-08;5.6674959999509154e-08;1.065433499898063e-06
2.3842780000995846e-08;5.7203939999453725e-08;7.304685999988578e-08;1.2227145000360906e-06
2.591965000028722e-08;7.101744000101461e-08;7.573607999947853e-08;1.2251149999792688e-06
2.2703534999163823e-08;8.78346599987708e-08;7.686057999962941e-08;1.0856765999924392e-06
2.3506209999322893e-08;7.45645599963609e-08;5.482458000187762e-08;1.2427044998912607e-06
2.5155139999696985e-08;5.750392000190914e-08;6.151256000157446e-08;1.112171999993734e-06
2.5964820000808685e-08;7.842519999830984e-08;8.744214000180364e-08;1.2104954999813344e-06
2.0845219999318942e-08;8.46787599963136e-08;8.105419999919831e-08;1.0596575000090524e-06
2.3920370000996628e-08;7.56249999976717e-08;8.966954000061378e-08;1.0356194998894352e-06
2.5826090000919065e-08;7.702517999568954e-08;5.6963260000338776e-08;1.0959979999461212e-06
2.2597830000449904e-08;7.511888000299222e-08;5.8020080003188925e-08;1.1721394999767654e-06
1.9907719999901018e-08;6.322219999856316e-08;6.612851999816485e-08;1.2149621999706142e-06
2.2513720000279136e-08;6.689664000296034e-08;6.681764000095428e-08;1.0715504999097902e-06
2.1664299999247306e-08;7.254562000161968e-08;6.087420000112616e-08;1.146664999978384e-06
1.8942860000242944e-08;8.746937999967486e-08;7.753077999805101e-08;1.188345500122523e-06
2.6688939999439753e-08;7.390667999861762e-08;8.539832000387833e-08;1.134596500050975e-06
2.070009500021115e-08;6.749346000142395e-08;7.532386000384577e-08;1.1416414999985137e-06
2.190208999963943e-08;7.990182000212372e-08;7.329392000101507e-08;1.1965469999995548e-06
2.616785000136588e-08;7.504146000137552e-08;6.735871999990195e-08;1.0324779999791644e-06
2.0099799998570232e-08;7.546562000061385e-08;7.852738000219687e-08;1.1235860000306274e-06
2.5793359999079256e-08;6.68814399978146e-08;6.412860000273213e-08;1.0943907999899238e-06
2.034873999946285e-08;7.441277999896556e-08;6.228655999875628e-08;1.1241680000966881e-06
2.5111529999412595e-08;7.866944000124932e-08;7.545454000355675e-08;1.0097670000686776e-06
1.963567499915371e-08;6.782315999735147e-08;5.9597739996388554e-08;1.0528920000069775e-06
2.0993640000233427e-08;5.499080000445247e-08;6.646427999949083e-08;1.1244224999973084e-06
2.0008140002028086e-08;6.488972000079229e-08;6.206631999812089e-08;9.986860000062734e-07
1.7761184999835678e-08;7.82188200042583e-08;6.380481999949552e-08;1.0867704999691342e-06
1.7741644999478013e-08;7.152451999718324e-08;6.219919999712146e-08;1.0161433999892325e-06
1.8760515000030863e-08;5.7562560000224036e-08;6.133549999794923e-08;1.0111998000065796e-06
1.702291999972658e-08;6.88957400037907e-08;6.108550000353716e-08;1.0354537999955937e-06
1.5833304999978283e-08;5.767869999981485e-08;5.696250000037253e-08;1.016568500053836e-06
1.7372330000216606e-08;5.722962000290863e-08;6.260205999715254e-08;9.993801999953575e-07
1.8497400000342167e-08;5.7701820001238956e-08;6.669360000523738e-08;1.139472999930149e-06
1.7110335000324996e-08;6.462926000240259e-08;6.722671999596059e-08;1.0960717999842017e-06
1.5690220000396948e-08;6.380278000142425e-08;6.317202000063844e-08;1.0226194999995642e-06
2.02066099998774e-08;5.950779999839142e-08;6.034786000382155e-08;1.0630835000483784e-06
1.6448084999865388e-08;6.629983999882824e-08;6.028145999880507e-08;1.0688094999932218e-06
1.5713444999710192e-08;6.537721999920905e-08;6.487131999456323e-08;1.059932999924058e-06
1.8462454999098555e-08;5.717964000068605e-08;6.81538200005889e-08;1.1200580000295303e-06
1.686189500032924e-08;6.048086000373587e-08;6.3789099996211e-08;1.0475900000892579e-06
1.947696499992162e-08;6.238015999551863e-08;7.184572000405751e-08;1.0333878000383265e-06
1.4850915000715759e-08;6.641766000539064e-08;5.764045999967493e-08;1.0642830000142567e-06
1.6529024999181273e-08;6.483357999823056e-08;6.573157999664545e-08;1.0286810000252444e-06
2.124321000010241e-08;6.196555999922566e-08;6.871786000556313e-08;1.0582674999022856e-06
1.9978460000129417e-08;6.89332399982959e-08;5.9226419997867196e-08;1.0549074999289587e-06
1.5994704999320674e-08;6.902025999734178e-08;6.675884000142105e-08;9.838371999794616e-07
1.8425945000490175e-08;6.603856000001542e-08;7.034217999898829e-08;1.057269000011729e-06
1.7265665000013542e-08;6.492511999676936e-08;6.327187999850139e-08;1.0279449999507051e-06
2.071449999930337e-08;6.818306000204757e-08;6.039899999741465e-08;1.016308500111336e-06
1.6849830000137445e-08;5.9221080003771934e-08;6.423578000394628e-08;1.049980499956291e-06
1.6878124998765996e-08;6.624378000269644e-08;6.708902000100351e-08;1.023085200053174e-06
1.841835499944864e-08;6.666571999667213e-08;6.340816000010819e-08;1.0539538000011817e-06
1.5954739999142475e-08;6.125428000232205e-08;5.7954320003045725e-08;1.0434155000257307e-06
1.6044659999897704e-08;6.932225999771617e-08;6.419108000118285e-08;9.846198000013829e-07
2.4139479998848402e-08;6.679987999959848e-08;7.201500000082887e-08;1.0698570001113694e-06
1.9079605001024903e-08;6.934264000155963e-08;6.506449999869801e-08;1.02231450000545e-06
1.753690000041388e-08;6.206192000536248e-08;6.238784000161103e-08;1.0588534999988042e-06
2.1379620002699085e-08;5.757414000108838e-08;7.003142000176012e-08;9.920823999564162e-07
1.800117999955546e-08;5.9063539997441693e-08;6.666928000049666e-08;9.973063999786972e-07
1.8209985000430608e-08;6.430790000013075e-08;6.387190000386909e-08;1.044890800025314e-06
2.021316000027582e-08;6.660875999950803e-08;6.548932000296191e-08;9.871702000382357e-07
1.830137999932049e-08;5.590905999997631e-08;6.175270000239834e-08;1.042141000070842e-06
2.2948209999594836e-08;7.30234999966342e-08;6.934450000408106e-08;1.1815979999664706e-06
2.2774259999278e-08;6.045786000322551e-08;6.657898000557907e-08;1.0954570000467357e-06
1.751341500057606e-08;6.9135079998523e-08;5.712636000243947e-08;1.010612500103889e-06
1.989301499997964e-08;5.641690000193193e-08;8.872119999723509e-08;1.0036265000235289e-06
2.2184959999867714e-08;7.351545999990776e-08;6.721921999705956e-08;1.0362805001204834e-06
2.1882444999937435e-08;7.00280399993062e-08;6.885029999539257e-08;1.113063200027682e-06
2.1979030000511556e-08;7.433734000078402e-08;7.889113999553956e-08;1.04696350012091e-06
2.240717999957269e-08;6.453107999986969e-08;7.353446000488475e-08;1.1886799999047071e-06
2.406277999980375e-08;7.35864800051786e-08;7.039202000014484e-08;1.0560569999506697e-06
2.135145000065677e-08;7.257211999967694e-08;6.915355999954045e-08;1.0772595000162254e-06
2.2579794999910517e-08;6.579079999937675e-08;6.485993999522179e-08;1.107495000032941e-06
2.1582979999948294e-08;6.341643999912777e-08;5.945010000141337e-08;1.1642294999910518e-06
2.2185950001585296e-08;6.959345999639481e-08;6.355436000158079e-08;1.0241766000399367e-06
2.2509520000312476e-08;7.663329999777488e-08;7.108764000004157e-08;1.0835260000021662e-06
2.1216210001148282e-08;7.295195999904536e-08;6.538545999792404e-08;1.104600999969989e-06
1.7050155000470113e-08;8.09361000021454e-08;7.156919999979436e-08;1.089858500054106e-06
1.9520869999541902e-08;7.381070000119508e-08;6.754794000298717e-08;1.110787599987816e-06
2.1418640000047162e-08;7.362664000247606e-08;8.085033999523148e-08;1.1687399999937042e-06
2.0251800000551158e-08;7.68636199994944e-08;7.420215999591164e-08;1.1326635000295938e-06
2.426763999974355e-08;8.498582000029273e-08;7.268248000182211e-08;1.2181675000465475e-06
2.1844330002204515e-08;5.843499999609776e-08;6.664602000382729e-08;1.2492189998738469e-06
2.0363709999946878e-08;7.188933999859728e-08;7.253030000138096e-08;1.2379320000763982e-06
2.2907679999480024e-08;9.71389000013005e-08;8.092926000244916e-08;1.06736350004212e-06
1.8392120000498835e-08;7.971763999667019e-08;7.36824199964758e-08;1.0644060000777245e-06
1.9239295000443236e-08;7.866704000043683e-08;7.6740080001764e-08;1.165490499988664e-06
2.716556999948807e-08;8.118159999721683e-08;7.953811999759636e-08;1.2092539999866857e-06
1.677283000026364e-08;6.332802000106312e-08;8.161888000322506e-08;1.061434500006726e-06
2.092156000144314e-08;6.103166000102647e-08;7.126573999994434e-08;1.0510614998929669e-06
1.623944000020856e-08;7.638263999833726e-08;6.759146000258624e-08;1.0792330000549555e-06
1.790247500030091e-08;6.497066000010819e-08;6.779090000200086e-08;1.1083436000044457e-06
1.930566499941051e-08;8.615396000095642e-08;7.796892000478693e-08;1.1014799999247772e-06
2.156521000142675e-08;7.41078799997922e-08;7.798400000319816e-08;1.1235285000293516e-06
2.3736785000073722e-08;6.838864000164904e-08;6.779361999942921e-08;1.0950439999578521e-06
1.8312125001102687e-08;7.519978000200353e-08;6.271802000119351e-08;1.0839739999209996e-06
2.025875499966787e-08;6.640901999780909e-08;7.0036680001067e-08;1.0756055000820196e-06
1.9230170000810176e-08;7.410798000055365e-08;6.389390000258572e-08;1.104746999917552e-06
1.6233335000288208e-08;7.370968000032008e-08;7.438638000166974e-08;1.1693760000343901e-06
2.1281959998304957e-08;7.546180000063032e-08;8.442579999682493e-08;1.2108130000706297e-06
2.496110000065528e-08;7.653694000327959e-08;6.096240000333637e-08;1.025311999983387e-06
2.171172999951523e-08;6.703956000274047e-08;6.661616000346839e-08;1.2789015000453219e-06
2.3537660000147297e-08;7.671464000013657e-08;7.220276000443846e-08;1.1364818000001833e-06
1.7039440000371542e-08;6.322577999671921e-08;6.729805999784731e-08;1.084209499967983e-06
1.8354589999944436e-08;7.039723999914713e-08;7.47717600024771e-08;1.198380999994697e-06
2.1989330000360497e-08;8.26339800027199e-08;6.707854000269436e-08;1.135313499980839e-06
2.435062000004109e-08;6.707044000504539e-08;7.900492000044324e-08;1.2299699999857693e-06
2.247176999808289e-08;8.66937999962829e-08;5.929260000120848e-08;1.0163124999962747e-06
1.4914059999864547e-08;7.56744800019078e-08;6.040334000135772e-08;1.0850225000467618e-06
2.0124339999165386e-08;7.200746000162326e-08;7.861592000117525e-08;1.1749377999803983e-06
2.0436304999748246e-08;7.125237999716773e-08;6.64435599988792e-08;1.101053000020329e-06
1.5092065000499132e-08;6.808183999964967e-08;6.224936000071466e-08;1.0758290000376291e-06
2.009113500098465e-08;8.432295999955386e-08;7.379871999728493e-08;1.2326335000398104e-06
2.420646999962628e-08;7.78900799981784e-08;8.160897999769077e-08;1.3362550000601915e-06
2.180981499986956e-08;7.340278000338003e-08;6.290856000268831e-08;1.1087035000673496e-06
2.1086365000519435e-08;7.369820000021718e-08;6.06514400045853e-08;1.1860534999868833e-06
1.924233500030823e-08;6.946640000096522e-08;8.244707999983803e-08;1.1120249998930377e-06
1.8119849999493452e-08;8.059943999978713e-08;7.202282000216656e-08;1.0672130000602919e-06
2.361692000122275e-08;8.142200000002049e-08;8.331259999540635e-08;1.1368700000457466e-06
2.0011890000023415e-08;6.75838399969507e-08;7.128590000211261e-08;1.1308169999392704e-06
1.7226185000617988e-08;7.785226000123657e-08;7.390956000308506e-08;1.0458710000966675e-06
2.1775520000664982e-08;6.096113999956287e-08;6.716037999722175e-08;1.0627005000424106e-06
1.794429500005208e-08;6.449350000475533e-08;7.013994000153616e-08;1.1200702000060118e-06
2.091835000028368e-08;6.608982000034302e-08;7.377335999626667e-08;1.1716559999331367e-06
1.674368499952834e-08;8.489773999899626e-08;5.8498400001553816e-08;1.1420204999740235e-06
2.059486999933142e-08;6.918548000394367e-08;6.55852799944114e-08;1.1861205000604968e-06
1.941058999946108e-08;7.028495999984443e-08;6.772641999996267e-08;1.1013454999192617e-06
2.0592320000287147e-08;8.378219999722205e-08;7.409249999909661e-08;1.0678830000688322e-06
1.70691249993979e-08;8.402717999997548e-08;6.586178000434302e-08;1.118475500115892e-06
2.00944950003759e-08;8.135009999969043e-08;7.071591999847442e-08;1.0904214999754913e-06
1.8050444999244065e-08;7.443544000270776e-08;6.285599999828264e-08;1.0752590000629424e-06
1.7623169999569654e-08;7.418826000066474e-08;7.072157999500632e-08;1.1534360000223388e-06
1.7688374999852384e-08;7.011089999577962e-08;6.18256999994628e-08;1.1010972000076436e-06
2.004651500028558e-08;6.531975999823772e-08;6.992163999821059e-08;1.0655399999814109e-06
1.891961000073934e-08;6.651436000247486e-08;6.97413999994751e-08;1.0704904999874997e-06
2.007166999974288e-08;8.671175999916159e-08;7.347956000012345e-08;1.1784250001073814e-06
1.905632499983767e-08;8.090255999704823e-08;6.500035999924876e-08;1.1598410000442528e-06
1.9329455000115557e-08;6.192433999967762e-08;6.4972340001259e-08;1.1391235000337474e-06
2.0689100000890903e-08;6.565381999826059e-08;5.968643999658524e-08;1.1609100000350736e-06
1.6421344999980647e-08;7.238321999902837e-08;6.778413999709301e-08;1.1480999999912456e-06
1.799911999987671e-08;7.051324000349269e-08;6.378563999896869e-08;1.0321320001094136e-06
1.8158535000111442e-08;6.261365999816917e-08;6.426566000445746e-08;1.0729085000639316e-06
1.643130500015104e-08;6.32620999997016e-08;6.306734000099822e-08;1.1302239999349695e-06
1.5118540001276416e-08;7.67059000034351e-08;6.657234000158496e-08;1.0976575000677259e-06
1.7869139999675098e-08;7.36298399977386e-08;6.543170000077225e-08;1.0609554999973626e-06
1.6699354999582284e-08;7.133814000408166e-08;7.18732999986969e-08;1.0397994999948423e-06
2.0350889999826904e-08;6.58452200004831e-08;7.398382000392302e-08;1.194896999950288e-06
1.4903845000662842e-08;6.405431999592111e-08;5.8475119998911395e-08;1.0559449999709613e-06
1.7336369999975432e-08;7.638171999715269e-08;5.8598240005085245e-08;1.0718282000161708e-06
1.743647000112105e-08;6.570160000119358e-08;6.470386000000871e-08;1.0254504998738412e-06
1.7940654999983963e-08;5.9445419994881375e-08;5.836573999840766e-08;1.0891470000206027e-06
1.4923300000373274e-08;7.407202000031247e-08;5.940598000306636e-08;1.1011714999040122e-06
1.5533044999756384e-08;5.9130219998769464e-08;6.070210000034421e-08;1.0469384999305475e-06
1.5379495000524913e-08;5.6900640000822024e-08;6.613430000143125e-08;1.084307999990415e-06
1.7855890000646467e-08;7.455415999866091e-08;6.276607999461703e-08;1.0835465000127442e-06
1.8251410000084433e-08;5.8877759997267276e-08;6.329327999847009e-08;1.0740214999532326e-06
2.120596000168007e-08;7.39200800016988e-08;6.242050000000745e-08;1.069246500119334e-06
1.6065179998986422e-08;6.722866000491194e-08;6.518246000050567e-08;1.0862205000012181e-06
1.6565334999177138e-08;6.433803999680094e-08;6.220135999610648e-08;1.0164150000491645e-06
1.6532025000196882e-08;6.280847999732941e-08;5.963231999776326e-08;1.0618645999929868e-06
1.7785400000866503e-08;7.317523999954574e-08;6.107429999974556e-08;1.0483304999070242e-06
1.650979000114603e-08;7.115611999761313e-08;6.275389999500476e-08;1.0777275000873487e-06
1.7070250000688248e-08;6.50898199994117e-08;6.530338000156917e-08;1.0919794999063015e-06
1.5977890000795014e-08;7.330447999993339e-08;5.87900799990166e-08;1.0675535000336823e-06
1.8755479999526868e-08;7.025571999838576e-08;7.225836000288836e-08;1.118302999966545e-06
1.710548999981256e-08;6.142812000471167e-08;7.074606000096538e-08;1.039702000125544e-06
1.6432655000244268e-08;6.79712400014978e-08;6.626611999818124e-08;1.1119375000998844e-06
1.540942499996163e-08;6.383893999736755e-08;5.963444000226446e-08;1.0632269999769052e-06
1.714930000016466e-08;5.5915059999097136e-08;6.168564000399783e-08;1.0851340000226629e-06
2.0016810001106932e-08;8.00307800003793e-08;5.560605999780819e-08;1.0497549999854528e-06
1.577056999958586e-08;6.868742000078782e-08;7.371160000329837e-08;1.0776384999917355e-06
2.3328570000012406e-08;7.57324600010179e-08;7.473965999670327e-08;1.0542004999297205e-06
2.0001109997974708e-08;6.788324000081048e-08;5.79871199966874e-08;9.96923200029414e-07
1.4882639999268577e-08;6.387745999963955e-08;6.082089999690652e-08;1.120599800022319e-06
1.9358274999831337e-08;6.701801999588497e-08;8.39006599970162e-08;1.174003000051016e-06
1.522850500041386e-08;5.8746599999722095e-08;5.724593999912031e-08;1.118904500035569e-06
1.6794680000748486e-08;6.234621999901719e-08;6.576943999971264e-08;1.0915775000466965e-06
2.2094399997149593e-08;8.695367999607697e-08;6.990425999974832e-08;1.104092000023229e-06
2.0110459998250007e-08;6.919669999624602e-08;7.505532000213861e-08;1.0911804999341256e-06
1.5919414999370928e-08;7.358072000206448e-08;6.967636000481434e-08;1.1352154999622143e-06
2.0306005000020377e-08;7.148866000352428e-08;8.775749999913387e-08;1.1150124999403487e-06
1.8039719999069347e-08;9.537224000087007e-08;7.84728400001768e-08;1.0408215000643395e-06
2.0476130000315605e-08;8.534754000138492e-08;7.09710399969481e-08;1.1493259998678695e-06
2.6003679999848827e-08;8.827537999604829e-08;8.404127999674529e-08;1.0513840000203345e-06
1.8845600000349805e-08;9.673132000025362e-08;6.715225999942049e-08;1.255552000075113e-06
2.0838324999203907e-08;7.277615999919363e-08;6.805862000328489e-08;1.0769750000326895e-06
2.090561500081094e-08;8.575387999881058e-08;7.499876000219956e-08;1.184993999922881e-06
1.914450000040233e-08;8.202881999895908e-08;5.854575999546796e-08;1.2315039998793508e-06
2.2737095000047703e-08;1.0178320000704843e-07;5.7499019999522714e-08;1.1642795000807383e-06
2.145521999918856e-08;7.897087999735959e-08;6.840225999476388e-08;1.1681615000998135e-06
2.0283530000597238e-08;7.512950000236743e-08;5.918307999963872e-08;1.2840084999334067e-06
1.4196040001115762e-08;8.338233999675139e-08;6.132992000202648e-08;1.1174659999960569e-06
2.2381140000652522e-08;9.467939999885858e-08;7.761622000252828e-08;1.3384724999195896e-06
2.029949999996461e-08;8.615952000254765e-08;7.587035999749788e-08;1.0947834998660256e-06
2.3143640000489542e-08;7.441926000174134e-08;6.405728000099771e-08;1.2902335000399034e-06
2.209210000000894e-08;8.30820799979847e-08;8.66044000023976e-08;1.1687694999272935e-06
2.266811999725178e-08;8.110471999971196e-08;6.5527279995149e-08;1.2030054999922867e-06
2.455270000064047e-08;7.913504000171087e-08;7.926230000448413e-08;1.1832979999599048e-06
1.969715499872109e-08;8.115198000450618e-08;6.38965799997095e-08;1.194804499973543e-06
2.1455279999645427e-08;9.593827999779023e-08;8.08218999998644e-08;1.3179900000977796e-06
1.8604195000079927e-08;1.066629999986617e-07;7.20991000009235e-08;1.3005700000212528e-06
1.859046500030672e-08;7.932385999592953e-08;7.793008000007831e-08;1.2273175000154878e-06
1.9975305000843946e-08;7.341472000116482e-08;6.069499999866821e-08;1.1421134999545756e-06
1.653128000034485e-08;6.849525999859907e-08;7.203433999675325e-08;1.1747979999927338e-06
1.7683920000854414e-08;6.091447999933735e-08;5.6589500000700356e-08;1.1497065000003204e-06
1.745146500034025e-08;7.103048000135459e-08;6.985690000001342e-08;1.0778089999803341e-06
1.607545500010019e-08;6.746945999911986e-08;6.460517999948934e-08;1.147843499929877e-06
1.8825350000406616e-08;7.547342000179924e-08;6.05333800020162e-08;1.101275499968324e-06
1.4631930000905413e-08;7.065913999686017e-08;6.370379999862053e-08;1.1256135000439827e-06
1.7796739999903366e-08;7.828207999700681e-08;6.187788000097498e-08;1.1251474999880884e-06
1.5928900000290014e-08;7.40996400010772e-08;6.226905999938026e-08;1.089839999913238e-06
1.6003424998780247e-08;7.624975999933668e-08;6.170820000115782e-08;1.1782334999588784e-06
2.1956199998385273e-08;7.232887999853119e-08;6.62667800032068e-08;1.0279644999536685e-06
1.6219545000058134e-08;6.857040000031702e-08;6.082625999697484e-08;1.3724445000116247e-06
1.69358099999954e-08;6.918635999900289e-08;6.22497399977874e-08;1.0266384998976718e-06
1.4648255000065546e-08;6.53853399970103e-08;6.24389800010249e-08;1.1587789999612142e-06
1.7204839999612886e-08;7.245170000242069e-08;6.865275999880395e-08;1.1265049999929034e-06
1.754551000049105e-08;6.908294000313617e-08;7.518297999631613e-08;1.180138500058092e-06
1.7377695000323e-08;7.075543999671936e-08;6.028969999752008e-08;1.1763094998605083e-06
1.869167499971809e-08;7.396375999669545e-08;8.651184000191279e-08;1.2321205000625924e-06
1.964513000129955e-08;8.390075999777764e-08;6.726016000029631e-08;1.2153345000115222e-06
1.745875500055263e-08;7.939508000272327e-08;6.97835800005123e-08;1.2680320000799838e-06
2.0023419999051838e-08;7.209024000330828e-08;8.030614000163042e-08;1.2054829999397043e-06
2.0271889999276028e-08;7.821615999564529e-08;7.161723999888636e-08;1.1289499999838882e-06
2.0038279998698273e-08;8.208341999561526e-08;6.310351999709383e-08;1.2189199999556877e-06
2.236308999999892e-08;8.296443999861367e-08;6.700209999689832e-08;1.1046534999331925e-06
2.1486720000393688e-08;8.650826000375674e-08;7.978842000011354e-08;1.276792499993462e-06
1.871165500051575e-08;8.079645999823697e-08;7.091213999665342e-08;1.2307179998606444e-06
2.1101579999958632e-08;9.614647999987938e-08;8.082561999908648e-08;1.1903024998900945e-06
1.756986999971559e-08;9.323617999907583e-08;8.631883999914862e-08;1.1424924999300857e-06
2.469676999899093e-08;8.203643999877386e-08;9.010444000014104e-08;1.2835359999735374e-06
2.0966190000763162e-08;8.143750000162981e-08;7.222697999677621e-08;1.0988309999811463e-06
1.7331224998633842e-08;8.821654000203125e-08;8.216978000127711e-08;1.2895499999285676e-06
1.7598855000687762e-08;7.097865999676287e-08;7.199126000050456e-08;1.0916969999379944e-06
1.7688289999205155e-08;7.545912000350654e-08;7.342595999944024e-08;1.1526910000247882e-06
1.846572000067681e-08;7.46677799965255e-08;8.623760000336915e-08;1.2901570000394713e-06
2.3274070001207293e-08;8.069165999768302e-08;8.145999999833294e-08;1.1963605000346434e-06
2.4705840001115574e-08;8.535805999999866e-08;7.705062000313773e-08;1.182950000074925e-06
2.0789595000678675e-08;9.714216000284068e-08;8.546097999787889e-08;1.0657084999547807e-06
2.003421000263188e-08;9.180315999547019e-08;8.4960980003234e-08;1.3326649999362416e-06
2.2219469997799024e-08;9.302548000123351e-08;7.780662000295706e-08;1.1450029999832623e-06
2.4081859999569133e-08;7.9828320001252e-08;6.795317999785766e-08;1.259293499897467e-06
1.7830965000030117e-08;7.217700000037439e-08;7.516376000130549e-08;1.0189620000892319e-06
2.12906649991055e-08;7.764310000347905e-08;6.627038000151516e-08;1.1058774999401067e-06
1.891811499954201e-08;9.130786000168882e-08;7.677754000178539e-08;1.2297414999920875e-06
2.455130000016652e-08;7.766398000530898e-08;7.200163999805226e-08;1.249021000112407e-06
2.3093249998055398e-08;8.044758000178263e-08;7.14217800006736e-08;1.1880620000010822e-06
2.2060840000631288e-08;7.27553800039459e-08;6.694885999895632e-08;1.2196819999371655e-06
1.769112499896437e-08;9.06759800040163e-08;6.651233999873511e-08;1.2653629999840633e-06
1.9265764999727252e-08;8.24265800009016e-08;7.9697380005382e-08;1.2566589999187273e-06
2.132119000016246e-08;7.8204600000754e-08;8.354863999993541e-08;1.2491115000739227e-06
1.8696059999638238e-08;7.2277579997899e-08;6.325093999621458e-08;1.1087370000313968e-06
2.126748000155203e-08;7.371006000321359e-08;7.527469999622553e-08;1.159021500061499e-06
1.8393194999953265e-08;7.614121999940834e-08;6.332594000268728e-08;1.1404084999230691e-06
1.6559679999772924e-08;8.759122000192292e-08;5.888510000077076e-08;1.2085449999722187e-06
2.4879149999469518e-08;7.498642000136897e-08;6.457262000185437e-08;1.0869384999386967e-06
2.131665999768302e-08;8.486010000342503e-08;7.843482000171207e-08;1.1598019998928067e-06
1.7174884999985805e-08;1.0198320000199601e-07;6.814460000023245e-08;1.1523234999913256e-06
1.9729440000082833e-08;7.536603999906219e-08;6.607265999773518e-08;1.1419560000649654e-06
1.622234000096796e-08;7.36421000037808e-08;6.792320000240579e-08;1.1219720001099632e-06
2.016903000039747e-08;7.3556900001131e-08;6.451442000106908e-08;1.263432499981718e-06
1.599129999958677e-08;8.180926000350155e-08;6.9073859998025e-08;1.1462444999779109e-06
1.8032400000083725e-08;7.80503600020893e-08;6.446224000537768e-08;1.1017035000259056e-06
1.7452179999963846e-08;7.447159999865107e-08;6.52271400031168e-08;1.1741409999376628e-06
1.87600500008557e-08;7.923081999761052e-08;6.388306000153534e-08;1.1756210000021383e-06
1.6999999999825376e-08;6.726979999803006e-08;6.618109999690205e-08;1.0766320000402629e-06
1.727977999980794e-08;6.635308000259102e-08;6.600804000045172e-08;1.0645664999901782e-06
1.6158065000490752e-08;8.087716000154614e-08;6.313820000505076e-08;1.095664000022225e-06
1.821382500056643e-08;6.814542000065557e-08;6.447743999888189e-08;1.1177035000582692e-06
1.587285999994492e-08;6.780935999704525e-08;7.805841999943368e-08;1.0448879998875782e-06
1.6284745000302792e-08;7.078728000051341e-08;6.160887999576516e-08;1.1585504999675322e-06
1.7516534999595024e-08;8.048664000234566e-08;7.015924000297674e-08;1.0590144999150653e-06
1.7830415000207723e-08;7.308227999601514e-08;6.402286000084131e-08;1.1774945000070148e-06
1.5815035000559873e-08;6.831239999737591e-08;6.990378000191413e-08;1.0854109999490903e-06
1.7568830000527667e-08;6.860003999900073e-08;6.361502000363544e-08;1.1855789998662658e-06
1.7049245000816882e-08;7.202747999690472e-08;6.376442000037059e-08;1.0696969999116846e-06
1.611708500131499e-08;7.943345999810845e-08;6.6181580000557e-08;1.182937999983551e-06
1.6068670000822747e-08;7.921090000309051e-08;6.785689999815076e-08;1.1824625000008382e-06
1.7632814998796674e-08;8.600868000066839e-08;6.733668000088074e-08;1.057143000070937e-06
1.8586230000073555e-08;7.636382000055165e-08;7.202672000275925e-08;1.0756230000697541e-06
1.995304000010947e-08;7.589668000000529e-08;6.226829999941401e-08;1.0670539998682215e-06
1.6581185000541156e-08;7.427271999767981e-08;6.49392599996645e-08;1.1437719999230467e-06
1.51326049992349e-08;7.835565999848768e-08;7.054158000391908e-08;1.1405139999988024e-06
1.731673000031151e-08;7.17426199989859e-08;6.433070000493899e-08;1.2056915000721346e-06
1.7536040001141372e-08;6.761262000072748e-08;6.634570000460372e-08;5.023180000134744e-07
1.673997000034433e-08;6.627379999845289e-08;6.851424000342377e-08;5.479673999943771e-07
1.7436679999809712e-08;6.582300000009127e-08;6.419891999685206e-08;5.232724000234157e-07
1.7583244999696036e-08;6.42766600009054e-08;5.943850000039674e-08;5.427985999849625e-07
1.6579430000274442e-08;7.136649999883957e-08;6.194200000027195e-08;5.582161999773235e-07
1.629150000080699e-08;6.326462000142784e-08;6.9797879998805e-08;5.295273999799975e-07
1.8020804999105166e-08;6.831766000250354e-08;6.682423999882303e-08;5.351192000089213e-07
1.8745559999661054e-08;6.479764000396245e-08;5.905217999825254e-08;4.865460000000894e-07
2.1344875000067988e-08;6.187702000024728e-08;6.672220000182278e-08;5.648949999595061e-07
1.5906444999563973e-08;7.109679999994114e-08;7.592257999931463e-08;5.621446000295692e-07
2.382289000088349e-08;6.27790600003209e-08;6.041753999888898e-08;5.239928000373766e-07
2.0188810001127423e-08;6.945703999954276e-08;5.9248599997954443e-08;5.738302000099793e-07
2.066898999910336e-08;6.471907999948598e-08;6.986823999905028e-08;5.374136000173167e-07
2.0091539999702944e-08;6.966702000354416e-08;6.798443999723531e-08;5.50900999980513e-07
1.9356495000829454e-08;7.92721200035885e-08;6.376574000460095e-08;5.273995999596081e-07
1.7439154999738093e-08;7.132618000032381e-08;6.950179999694228e-08;5.189466000301764e-07
1.5835265000350772e-08;7.388137999805622e-08;6.060471999808214e-08;5.256132000358775e-07
1.985904000030132e-08;5.935077999602072e-08;6.00406199984718e-08;5.098254000185989e-07
1.794230000086827e-08;6.742406000266782e-08;6.628615999943577e-08;5.756434000213631e-07
1.5691104999859818e-08;7.104925999883563e-08;5.895426000352017e-08;5.232287999824621e-07
2.0905239999410695e-08;6.150476000038906e-08;8.351386000285856e-08;5.670595999690704e-07
1.9465299999865238e-08;5.6417979998514056e-08;6.870726000051945e-08;5.17334399977699e-07
1.512957500090124e-08;7.279525999911129e-08;6.636101999902166e-08;5.251132000121288e-07
1.6639175001182594e-08;5.779738000128418e-08;6.748154000379145e-08;5.476469999994151e-07
2.4219889999949372e-08;8.025439999764785e-08;7.251583999604917e-08;6.199490000144579e-07
2.286704999860376e-08;7.83540999982506e-08;6.268816000083462e-08;5.094572000089102e-07
1.9139054999686778e-08;6.299425999750384e-08;7.781451999908313e-08;5.328435999690555e-07
2.1367900000768713e-08;6.507728000287898e-08;7.168175999540836e-08;5.574005999951624e-07
2.655435999913607e-08;6.19806399976369e-08;6.35714200034272e-08;5.171519999857992e-07
1.659201000002213e-08;5.9391659998800606e-08;6.425796000403352e-08;5.296690000104717e-07
1.6054844998870975e-08;6.231843999703415e-08;7.316943999612704e-08;5.37356799992267e-07
1.8867565000255127e-08;6.31013400037773e-08;6.798738000215963e-08;5.716514000087045e-07
1.8664724999689497e-08;6.451071999617852e-08;6.902412000345066e-08;5.891153999837115e-07
1.8096030000015162e-08;7.191969999694266e-08;6.489797999965958e-08;5.271445999969728e-07
1.634722500020871e-08;6.263260000268928e-08;6.45377599983476e-08;5.499697999912314e-07
1.5425175000564194e-08;7.0637239998905e-08;6.748518000240437e-08;5.150283999973908e-07
1.75227450003149e-08;5.732186000095681e-08;5.676760000060312e-08;5.259731999831274e-07
1.655548999988241e-08;6.0484099999303e-08;5.58675599982962e-08;5.218448000377976e-07
1.7853239999385552e-08;6.724514000234194e-08;6.112486000056379e-08;4.963328000158071e-07
1.5406595000240485e-08;6.060871999943629e-08;7.129437999683433e-08;5.753805999993346e-07
1.7022614998859354e-08;6.210809999611229e-08;7.037234000163152e-08;5.565421999781392e-07
2.2359080001479016e-08;7.210444000083953e-08;7.12987599952612e-08;5.303831999772228e-07
2.4232640000991522e-08;7.346299999626354e-08;7.382842000224627e-08;5.471322000375949e-07
2.216125000268221e-08;6.054117999738082e-08;7.400224000448361e-08;6.205419999896549e-07
1.822978999989573e-08;6.46872999961488e-08;6.333817999693565e-08;5.048077999963426e-07
2.223967000027187e-08;6.823671999736689e-08;5.8171200001379475e-08;5.716499999980443e-07
2.1363270000438205e-08;7.015015999786556e-08;8.045997999724931e-08;5.675072000012733e-07
2.103707499918528e-08;6.964411999797449e-08;7.889174000010826e-08;5.342769999988377e-07
1.9417810000595637e-08;6.795459999702871e-08;7.69122999976389e-08;5.478723999694921e-07
1.6423585001030004e-08;6.590656000189483e-08;5.623384000500664e-08;5.273573999875225e-07
2.285688999982085e-08;8.327711999882012e-08;7.99127399979625e-08;5.893529999884777e-07
2.4717300001066178e-08;7.548761999933049e-08;5.440437999786809e-08;6.257651999476366e-07
2.1502360000158662e-08;8.277466000290587e-08;8.129852000274695e-08;5.973245999775827e-07
1.9235315000696573e-08;7.893228000029922e-08;6.16861600021366e-08;5.201534000225365e-07
2.214596999983769e-08;7.403095999616198e-08;7.596367999794893e-08;6.022945999866351e-07
2.0700009999563917e-08;7.847992000170052e-08;6.869274000055157e-08;5.530620000208728e-07
1.614908000046853e-08;7.514610000071116e-08;6.565214000293054e-08;6.244124000077136e-07
2.286344000021927e-08;6.954214000143111e-08;7.374035999528132e-08;6.166941999690607e-07
1.9323769999027716e-08;7.548086000024341e-08;8.198188000242226e-08;6.371773999999278e-07
2.1767049998743458e-08;7.64846200007014e-08;8.190505999955349e-08;5.853057999629527e-07
2.145950999984052e-08;7.932458000141195e-08;6.891081999638118e-08;5.576731999753975e-07
2.1859190001850947e-08;6.609580000513233e-08;7.264607999823056e-08;5.914756000274792e-07
1.718059499980882e-08;6.088241999968886e-08;7.797088000224904e-08;6.144351999973878e-07
2.2027520000119693e-08;7.23695199994836e-08;7.305833999998868e-08;6.081712000304833e-07
2.1858859999338165e-08;6.17589199973736e-08;7.502986000035889e-08;5.287033999920822e-07
1.7548059999535325e-08;7.330374000011943e-08;6.76748999976553e-08;5.168140000314452e-07
1.966707000101451e-08;6.031776000163518e-08;6.695275999954901e-08;5.738450000062585e-07
1.642359500110615e-08;8.176710000261664e-08;7.352492000209167e-08;5.857934000086971e-07
1.8386725000164006e-08;7.67861999978777e-08;8.392989999847487e-08;5.643830000190065e-07
2.1298890000616665e-08;5.97680400009267e-08;7.248352000024169e-08;5.685014000046067e-07
1.893668500124477e-08;6.920874000061303e-08;7.993079999578185e-08;5.813472000299953e-07
2.0622319998801687e-08;7.031897999695503e-08;6.112545999931172e-08;5.692447999608703e-07
2.2522619998198934e-08;6.059320000349544e-08;6.901825999957509e-08;5.058850000496023e-07
2.039348000107566e-08;6.701364000327885e-08;6.007604000042193e-08;5.084621999994852e-07
1.5693014999851586e-08;5.8421220001764596e-08;6.411162000149489e-08;5.270451999967918e-07
2.0988470000156668e-08;6.331073999754153e-08;6.740227999980561e-08;5.185172000201419e-07
1.823036499990849e-08;6.558659999864176e-08;6.01429000031203e-08;5.132314000511542e-07
1.9096875000104773e-08;6.403929999796674e-08;7.320155999623239e-08;5.729471999802627e-07
1.6362880000087897e-08;5.585209999699145e-08;7.635168000124395e-08;5.367366000427865e-07
1.6871455000364223e-08;6.898106000153348e-08;5.874423999921419e-08;5.811920000123791e-07
1.7024175000551624e-08;6.364013999700546e-08;6.350760000059382e-08;5.600753999897279e-07
1.7150389999733307e-08;5.867642000084743e-08;5.622304000426084e-08;4.960247999988496e-07
1.6318009998940396e-08;5.8485119999386373e-08;5.771354000316933e-08;5.413002000423148e-07
1.8649490000098012e-08;6.034158000256866e-08;6.218142000143417e-08;5.535704000503756e-07
1.933957000001101e-08;6.277832000050694e-08;7.30853000015486e-08;5.577099999645725e-07
1.76538999992772e-08;6.860416000126861e-08;7.37606400041841e-08;5.064051999943331e-07
1.779095999954734e-08;6.102585999760777e-08;5.674478000146337e-08;5.111844000057317e-07
1.8528770000557417e-08;5.599826000398025e-08;6.093616000143811e-08;4.970383999752812e-07
1.7696860000432934e-08;5.941065999795683e-08;6.585077999625355e-08;6.21114999987185e-07
1.6031274999841117e-08;5.989675999735482e-08;6.913796000299044e-08;5.592653999920004e-07
2.0702109999547245e-08;6.589531999779865e-08;7.295815999968908e-08;5.149466000148095e-07
1.82408349995967e-08;6.322020000079647e-08;5.9568640001816674e-08;5.675555999623612e-07
2.0442490000277757e-08;6.70477400009986e-08;7.433835999690928e-08;5.235534000094048e-07
1.5537219999532682e-08;5.902514000190422e-08;7.132211999851279e-08;5.292646000161767e-07
1.9992590000038035e-08;7.11646399984602e-08;7.751370000187308e-08;5.225553999771364e-07
1.7684660000668372e-08;6.346350000239909e-08;6.662354000145569e-08;5.469947999808937e-07
1.588795999996364e-08;7.09134999953676e-08;5.7737620000261814e-08;5.173023999668658e-07
1.71355250000488e-08;6.075685999821872e-08;7.290573999634943e-08;5.228755999705755e-07
1.5020009998988826e-08;6.578393999952823e-08;6.684320000349544e-08;5.12526800041087e-07
1.789336500078207e-08;6.618024000199512e-08;6.256561999907717e-08;5.923879999900237e-07
2.402882000023965e-08;7.011589999892748e-08;6.806911999592557e-08;1.0481009999057278e-06
1.56578800000716e-08;7.357137999497354e-08;5.9029999998165293e-08;1.0836415000085253e-06
1.561964499996975e-08;6.619289999944158e-08;6.198808000190184e-08;1.1601375001191627e-06
1.797210999939125e-08;7.467047999962233e-08;6.76711999985855e-08;1.0291013999958523e-06
1.9795539999904576e-08;8.262877999804914e-08;6.06902599975001e-08;1.1538874999678228e-06
1.8846449999546166e-08;8.300242000259459e-08;6.334849999984726e-08;1.091350000060629e-06
1.6098219998821152e-08;7.846199999912642e-08;7.019569999538362e-08;1.105266499944264e-06
1.7373670000233686e-08;7.636513999896123e-08;6.240537999547087e-08;1.0591270000441e-06
2.1026749999145976e-08;7.60418199992273e-08;7.86569599993527e-08;1.1346569999295753e-06
2.1747940001660027e-08;8.017562000313774e-08;7.331959999864921e-08;1.1790599999949337e-06
1.8113690000609496e-08;8.175291999941692e-08;6.654211999848486e-08;1.212426999991294e-06
2.0270350002101622e-08;8.442800000193529e-08;8.044558000401593e-08;1.2414510000962763e-06
2.017774000123609e-08;8.358553999569267e-08;7.424336000112816e-08;1.1598235000565183e-06
2.3190620000241325e-08;8.457494000322186e-08;8.758872000034899e-08;1.085910999972839e-06
2.3599499999545516e-08;8.550311999861151e-08;8.791514000040478e-08;1.2489979999372736e-06
2.125039999955334e-08;7.785772000206635e-08;8.364048000075854e-08;1.1279635000391863e-06
2.590529000008246e-08;9.40647599985823e-08;8.003946000244469e-08;1.0601770000357647e-06
2.1267820001230575e-08;1.0755144999711774e-07;9.172035999945365e-08;1.2901715000043623e-06
2.2529440000653268e-08;9.56298200006131e-08;8.800979999941774e-08;1.1488839999656193e-06
2.3696090000157712e-08;7.435001999838278e-08;7.66488199995365e-08;1.108066000015242e-06
2.4157220000051894e-08;6.83253200026229e-08;7.255679999943823e-08;1.2814305000938475e-06
2.3616840000613594e-08;9.454578000004403e-08;7.179940000060014e-08;1.1712700000498444e-06
2.09919799992349e-08;7.813005999778397e-08;7.695712000131607e-08;1.2030185000912752e-06
1.7410254999413155e-08;7.394873999874108e-08;5.898462000186555e-08;1.0861881999881007e-06
1.8904420000035317e-08;7.697976000490598e-08;7.421403999906033e-08;1.18202099998598e-06
2.033162000006996e-08;1.0740064999845345e-07;7.558581999619491e-08;1.0275639999599662e-06
2.5747840001713483e-08;7.786613999633119e-08;7.100510000018403e-08;1.0489600000437348e-06
2.206130000122357e-08;8.839842000161297e-08;7.85217399999965e-08;1.1135525000281633e-06
1.8456404999596998e-08;7.499325999524444e-08;7.726459999685175e-08;1.1164580000331625e-06
2.402290999889374e-08;7.168969999765977e-08;7.144729999708943e-08;1.1604249999800231e-06
1.9471739999426063e-08;8.455213999841362e-08;6.858426000108012e-08;1.2272975000087172e-06
2.0035090000601485e-08;7.159688000101597e-08;7.497459999867715e-08;1.046871500002453e-06
2.0839990000240505e-08;6.15116000000853e-08;7.031210000277497e-08;1.1854295000375714e-06
1.6626754999742845e-08;8.752329999697395e-08;7.56541799986735e-08;1.1640060000354423e-06
1.531830000021728e-08;5.294634000165388e-08;6.245596000226215e-08;1.0206694999942556e-06
2.085415000037756e-08;6.225291999871842e-08;8.54717599984724e-08;1.0466435000125785e-06
2.1681790001457556e-08;8.839415999827907e-08;8.562067999737338e-08;1.1754589999327436e-06
2.1680510000442155e-08;8.207173999981023e-08;7.547835999866947e-08;1.255925000004936e-06
2.584595999942394e-08;9.425556000205689e-08;8.717724000453018e-08;1.301563500019256e-06
2.5930490001337603e-08;8.782475999905728e-08;7.738756000180729e-08;1.2968875000660773e-06
2.459740999911446e-08;1.0501384999952279e-07;8.036771999904886e-08;1.0610345000168308e-06
2.5447269997675903e-08;1.0109204999753274e-07;8.417940000072122e-08;1.1540818000212312e-06
2.1435829999973067e-08;1.040948499867227e-07;7.230065999901853e-08;1.1281034999410622e-06
2.5295434999861754e-08;9.624185999855399e-08;7.038495999877341e-08;1.0691360000055284e-06
2.230961000022944e-08;7.977247999515385e-08;7.45287800033111e-08;1.093916799989529e-06
2.4279970000497996e-08;8.31536200013943e-08;8.051396000082605e-08;1.0732305000419729e-06
2.5993299999390728e-08;1.0163605000707321e-07;7.149949999875389e-08;1.0061105000204408e-06
2.0972000001347624e-08;8.174012000090442e-08;8.319488000124692e-08;1.1718775000190363e-06
1.9007529999362306e-08;6.605731999734417e-08;6.785976000246591e-08;1.2146374999429098e-06
1.8285040000046138e-08;8.257065999787301e-08;5.971468000207096e-08;1.078704499959713e-06
2.0964240000466816e-08;6.686251999926753e-08;6.603299999842421e-08;1.0928795000654645e-06
2.0143975000246427e-08;8.187020000186748e-08;6.943750000209548e-08;1.1929804999090266e-06
2.0683764999557753e-08;8.596678000176326e-08;8.519737999886275e-08;1.1149039999872911e-06
1.8312820000573993e-08;6.392844000365586e-08;7.325736000202596e-08;1.057412999944063e-06
2.31146300007822e-08;8.352409999934025e-08;7.029915999737568e-08;1.1278247999725864e-06
1.8391464999876917e-08;7.24285600008443e-08;6.775096000055782e-08;1.0742385000048672e-06
2.413129000051413e-08;8.353941999957896e-08;8.189526000060142e-08;1.0302905000571628e-06
1.8416474999685308e-08;8.049486000090838e-08;7.343768000137061e-08;1.2583994999295101e-06
2.1294529997976497e-08;8.122000000439584e-08;5.919291999889538e-08;1.1174860000028275e-06
1.8292040000960696e-08;7.274192000040785e-08;6.535425999900326e-08;1.013556500111008e-06
1.6764130000956355e-08;8.263136000023224e-08;6.246527999755927e-08;1.0966385000210722e-06
1.876738499995554e-08;6.901312000118196e-08;6.565336000057869e-08;1.1518639999849256e-06
1.808747000031872e-08;8.09055800025817e-08;8.022414000006392e-08;1.1534760000358801e-06
2.1430429999600166e-08;6.260387999936938e-08;7.999972000252456e-08;1.0446690001117532e-06
1.7726855000364595e-08;8.583474000333809e-08;6.832736000069417e-08;1.0408540000207723e-06
1.6561144999286625e-08;7.440285999909975e-08;6.049950000015087e-08;1.0740439999790397e-06
1.945741499948781e-08;7.425463999970816e-08;6.598045999999158e-08;1.0095408000051976e-06
1.799260999978287e-08;8.3732999995118e-08;7.583258000086061e-08;1.247921000031056e-06
2.0285010000225158e-08;7.603313999716192e-08;7.181332000182011e-08;1.2579054999514484e-06
2.0079860000987538e-08;7.139077999745496e-08;7.581353999557905e-08;1.0332130000460892e-06
2.1973494999110698e-08;1.042887000076007e-07;6.475304000196047e-08;1.2128360000497196e-06
2.32923400006257e-08;7.473701999988407e-08;6.56178599980194e-08;1.121197000029497e-06
1.7695130000356583e-08;7.417283999966458e-08;6.640658000251278e-08;1.0946315000182948e-06
1.7049989999213722e-08;7.819355999818072e-08;6.578007999924012e-08;1.099084000015864e-06
1.5013770000950898e-08;6.864825999946334e-08;6.104348000371828e-08;1.1218484000419267e-06
2.1076580000226385e-08;8.941305999760516e-08;8.130888000014239e-08;1.0897275000752414e-06
2.03639250001288e-08;8.413210000144318e-08;7.80946800019592e-08;1.0336179999285377e-06
1.9859149999683723e-08;7.94482400000561e-08;7.534142000367865e-08;1.1335219998727553e-06
2.13875299989013e-08;8.125441999873146e-08;6.621707999729552e-08;1.1644630000228062e-06
2.0141100000182632e-08;6.61551600031089e-08;7.192001999937929e-08;1.1412894999375567e-06
1.9581764999020377e-08;8.167736000032164e-08;7.567411999916658e-08;1.123580999992555e-06
2.0417389999784065e-08;7.516448000096716e-08;7.92797000030987e-08;1.0273039998719468e-06
2.0367680001072587e-08;7.744950000196695e-08;7.133009999524802e-08;1.1306119999790098e-06
2.0310864999191837e-08;7.034657999756745e-08;7.959789999877103e-08;1.0689939999429044e-06
2.3454759997548535e-08;8.386763999587856e-08;6.484932000166737e-08;1.180560500069987e-06
2.0917555000050924e-08;7.509178000036627e-08;6.944709999952465e-08;1.0349745000712574e-06
2.2243880000314675e-08;8.760745999752543e-08;6.14895200007595e-08;1.2141849999898114e-06
2.0234099999652243e-08;1.0593074999633246e-07;5.89410400018096e-08;1.0495375000755303e-06
1.4975360000971705e-08;6.657287999987603e-08;5.621091999928467e-08;1.0329615000227932e-06
1.778286000044318e-08;7.790266000083648e-08;7.180667999782599e-08;1.0821009999199304e-06
1.719300000113435e-08;7.754352000192739e-08;6.964051999966614e-08;1.3110579999920446e-06
2.0486230001552032e-08;8.21073199971579e-08;7.147603999474086e-08;1.0956669998995494e-06
1.5802565000194592e-08;9.388990000006743e-08;7.597440000390634e-08;1.1788639999576845e-06
1.6467315000772943e-08;5.739694000221789e-08;5.7944259996293115e-08;1.071036999928765e-06
2.0423635000770447e-08;7.094427999691107e-08;5.95164800004568e-08;1.0162314999615773e-06
1.7009164999763016e-08;6.730419999803416e-08;5.881079999962822e-08;1.0877489999984392e-06
2.0133239999995566e-08;8.215175999794155e-08;7.739949999959208e-08;1.025448000000324e-06
2.038440000033006e-08;7.17637600027956e-08;7.211868000449613e-08;1.1131334998935927e-06
1.534113000088837e-08;6.934677999815904e-08;6.08087400032673e-08;1.0022854999988339e-06
1.6413844999624418e-08;6.270984000293538e-08;5.962307999725453e-08;1.0225939999800174e-06
1.636032500100555e-08;8.26614800025709e-08;7.164730000076815e-08;1.4620774998911656e-06
1.793121000082465e-08;6.541398000554182e-08;7.055792000028304e-08;1.0674775000370573e-06
1.6301915000076407e-08;6.834280000184663e-08;6.979909999645315e-08;1.1948409999604337e-06
1.5885210000851656e-08;6.369486000039614e-08;6.706504000467248e-08;1.340007999970112e-06
1.569659499946283e-08;6.134077999740839e-08;7.670486000133678e-08;1.3204019999830053e-06
2.1193164998840074e-08;5.691331999842078e-08;8.39112599962391e-08;1.1514575000910555e-06
1.6291660000570118e-08;6.684391999733635e-08;7.189389999839477e-08;1.4645980000204873e-06
1.5276719999383203e-08;5.8284180000191554e-08;9.643951999605633e-08;1.0439239999686834e-06
1.7316104999918024e-08;5.459284000098705e-08;7.692361999652348e-08;1.2507604999700561e-06
1.7885979999846312e-08;6.028252000105567e-08;7.06722200033255e-08;1.1914419999811798e-06
1.506227499921806e-08;6.958761999849231e-08;9.098243999760598e-08;1.1873885001114103e-06
1.5588979999301954e-08;5.310762000153773e-08;9.420479999971576e-08;1.2900069999159315e-06
2.0152750000124797e-08;5.7184779999079184e-08;1.095422999933362e-07;1.1937780000152997e-06
2.4377780000213533e-08;6.164151999983005e-08;7.64688000024762e-08;1.2827589998778421e-06
1.710433499974897e-08;5.905940000084229e-08;7.276422000140883e-08;1.116042500070762e-06
1.6861404999508524e-08;7.243790000211447e-08;7.039090000325814e-08;1.1360399999830405e-06
1.7290895000041927e-08;6.247981999767944e-08;6.481453999876976e-08;1.2455560000671539e-06
1.6864414999145084e-08;5.980436000390909e-08;7.015923999715596e-08;1.213592999993125e-06
2.200211000163108e-08;8.214947999804281e-08;7.062303999555297e-08;1.3887350000732112e-06
1.624164999957429e-08;6.632608000072651e-08;7.482686000294052e-08;1.2134515000798273e-06
2.224364000139758e-08;6.170430000056513e-08;8.187975999899209e-08;1.2270629999693483e-06
1.717678499990143e-08;5.86715399986133e-08;8.095327999908477e-08;1.1027165000268723e-06
2.0066010000300593e-08;5.866819999646395e-08;7.302079999935813e-08;1.143912499974249e-06
1.6692484999657607e-08;5.927861999953166e-08;8.887189999804831e-08;1.1018104999675416e-06
1.6820600000210108e-08;5.704075999674387e-08;8.001820000354201e-08;1.1903469999379014e-06
1.7578045000846032e-08;6.805210000020452e-08;8.036254000035115e-08;1.3186259999929462e-06
2.051509500015527e-08;6.778525999980047e-08;8.56571400014218e-08;1.3064954998844769e-06
1.6033605000120586e-08;7.253577999654226e-08;8.383312000078149e-08;1.1926430001039989e-06
1.8719830000190996e-08;5.9167699998943136e-08;7.709013999556191e-08;1.1974049999844282e-06
1.5844470000592993e-08;6.764476000098511e-08;8.742520000087098e-08;1.2512384999718051e-06
2.0366880000801758e-08;7.283370000077412e-08;8.96344999957364e-08;1.2348915000620764e-06
2.0190939999883996e-08;1.0347600000386592e-07;7.919230000115931e-08;1.322319500031881e-06
1.9414635001157876e-08;8.441846000496297e-08;9.692982000415213e-08;1.3146859999687876e-06
2.5872740001068452e-08;7.482206000131555e-08;1.0863980000431184e-07;1.3766569999279454e-06
2.0227949999389238e-08;1.0294038000283762e-07;9.175086000468582e-08;1.2142635000054724e-06
2.056738499959465e-08;6.735878000035882e-08;7.757609999971464e-08;1.1722215000190771e-06
2.3547585000051186e-08;6.86513399996329e-08;1.0785029998805839e-07;1.1963960000139195e-06
2.339566000009654e-08;7.964461999945342e-08;8.493287999881431e-08;1.5391325000382494e-06
2.1355960000073536e-08;7.519715999951586e-08;8.088172000134363e-08;1.2547420000191778e-06
1.4851590000034776e-08;5.991156000527554e-08;9.75432200008072e-08;1.1497134999081027e-06
1.6116735000105108e-08;6.279248000355438e-08;7.450084000010975e-08;1.1789439999847674e-06
2.0166150000295603e-08;5.599044000264257e-08;7.45437600009609e-08;1.1604705000354442e-06
1.834301500057336e-08;5.8247399999527263e-08;8.83706200052984e-08;1.0560089998762122e-06
2.2003950001089834e-08;5.4815280000912024e-08;7.506108000525273e-08;1.2270240001089406e-06
2.2573585000645834e-08;6.41228599997703e-08;6.951041999855079e-08;1.3246204999450128e-06
1.8208764999872074e-08;6.31145200051833e-08;7.177664000191726e-08;1.1818515000049957e-06
1.665659999998752e-08;5.665359999984503e-08;7.308009999687783e-08;1.1695239999971817e-06
1.9616924998990726e-08;6.169829999562353e-08;7.628877999959513e-08;1.1312644999998156e-06
1.778344499907689e-08;6.1621460004244e-08;7.873244000365958e-08;1.3640864999615588e-06
2.06253199983621e-08;5.5674019997240975e-08;7.880873999674804e-08;1.1810885000159033e-06
1.7123525000351948e-08;8.509785999776796e-08;6.99813199986238e-08;1.3251080000190996e-06
1.9854995000059716e-08;5.8654599997680635e-08;6.579318000003696e-08;1.1021299999265466e-06
2.0097020000685006e-08;6.382169999997132e-08;6.731801999849268e-08;1.1148754999157973e-06
1.4803400001255795e-08;5.968274000333623e-08;7.200530000263825e-08;1.2305449999985286e-06
1.523360999999568e-08;5.900867999880575e-08;7.825835999683476e-08;1.1269750000792555e-06
1.7517775000305848e-08;6.305955999996513e-08;7.88195600034669e-08;1.2954914999136236e-06
2.4608769998303613e-08;7.864393999916502e-08;9.465921999653801e-08;1.224639499996556e-06
2.1533600000839215e-08;8.347045999835245e-08;7.157431999803521e-08;1.359602000011364e-06
2.4724529997911303e-08;7.52985599974636e-08;1.011278000078164e-07;1.4428710000356658e-06
1.635435999924084e-08;7.949837999767623e-08;6.804787999717519e-08;1.1102380001102574e-06
1.8976254999870433e-08;6.385388000053354e-08;8.245989999850281e-08;1.2439150000864173e-06
1.451264499919489e-08;9.186908000265248e-08;7.602542000240647e-08;1.1837219999870285e-06
1.8510935000085738e-08;7.763000000268221e-08;6.556527999928221e-08;1.3815539999632166e-06
1.5001725000911394e-08;5.497114000027068e-08;6.665543999988585e-08;1.2091319999308326e-06
1.926985500031151e-08;6.18568400037475e-08;7.380534000112675e-08;1.2031154999567662e-06
1.828996999975061e-08;7.936498000053689e-08;8.382774000056088e-08;1.0931679999339394e-06
1.7817994998767974e-08;6.47608199971728e-08;6.947716000140645e-08;1.1324654999771155e-06
1.506983500003116e-08;5.8068119996460156e-08;6.593741999822669e-08;1.0735415000817738e-06
1.6507774998899548e-08;6.037929999874904e-08;6.987908000010066e-08;1.1219825000443962e-06
1.734308000013698e-08;6.590632000006736e-08;7.711696000187658e-08;1.2660695001250133e-06
1.561750500113703e-08;9.193608000059612e-08;8.025743999751284e-08;1.0836194999865257e-06
1.9507894999696873e-08;6.021699999691918e-08;6.464491999940947e-08;1.2043399999674876e-06
1.81598050010507e-08;6.530807999661193e-08;8.109692000434733e-08;1.2586379999993369e-06
2.0196940000460018e-08;8.46782999986317e-08;8.25751600030344e-08;1.158436999976402e-06
1.639366500021424e-08;7.178638000041246e-08;6.646028000395745e-08;1.1153594999632333e-06
1.6559470001084266e-08;6.720717999851332e-08;8.03689000022132e-08;1.079984499956481e-06
1.72370400003274e-08;6.030458000022918e-08;7.943947999738156e-08;1.2907845000154339e-06
2.0883299998240546e-08;6.392071999725885e-08;8.345700000063516e-08;1.1867655000241938e-06
1.940024499926949e-08;6.069049999932758e-08;7.021410000161267e-08;1.1566709999169689e-06
1.6656159999547527e-08;6.910081999958493e-08;1.063401999999769e-07;1.2099619999935385e-06
1.6072374999930616e-08;6.838030000217258e-08;7.51875400019344e-08;1.1824814999999944e-06
2.0143075000669343e-08;5.8310499996878205e-08;7.734382000053301e-08;1.3376784999854864e-06
1.72251599986339e-08;6.997607999946922e-08;8.28497399983462e-08;1.2058165000053123e-06
1.7620765000174288e-08;7.190758000360801e-08;7.647743999841623e-08;1.3080554999760353e-06
2.16347899986431e-08;6.312694000080227e-08;9.083393999608234e-08;1.3362794999557082e-06
1.9490505001158453e-08;7.772700000205078e-08;7.948828000226059e-08;1.0981794999679551e-06
2.1165700000710786e-08;9.144195999833756e-08;9.514729999937117e-08;1.3880769998650066e-06
2.473562000086531e-08;7.248959999997169e-08;7.30840599979274e-08;1.219404500006931e-06
2.249001000018325e-08;6.544047999777832e-08;7.420497999992222e-08;1.2744419999944512e-06
2.2922064999875148e-08;6.944285999634303e-08;8.292091999901459e-08;1.188539499999024e-06
1.4420734999293927e-08;5.623311999952421e-08;6.60436199977994e-08;1.240983000025153e-06
1.6696869999577756e-08;5.5483419995289295e-08;8.575186000089162e-08;1.0953400000289547e-06
1.985461000003852e-08;6.035177999874578e-08;7.871649999869987e-08;1.106831999932183e-06
1.8951455000205897e-08;1.0258320000139065e-07;7.878510000300594e-08;1.424191999976756e-06
2.085705999925267e-08;7.25964599987492e-08;9.202143999864347e-08;1.4386934999492951e-06
1.7898969999805557e-08;8.197521999827586e-08;1.0007684999436605e-07;1.365399499918567e-06
2.386512999946717e-08;6.734628000413067e-08;7.005148000316694e-08;1.1845450001419522e-06
2.5894659999175928e-08;6.442857999936678e-08;8.565788000123575e-08;1.292161000019405e-06
2.2103020001668482e-08;1.0189099999843165e-07;7.603397999773733e-08;1.08482149997144e-06
1.837433499895269e-08;6.177529999986291e-08;7.767400000011549e-08;1.4559335001104045e-06
2.1000419999472796e-08;6.005178000195883e-08;6.981806000112556e-08;1.4320484999916516e-06
1.807632999989437e-08;7.531415999983437e-08;9.345760000287555e-08;1.3761990000784863e-06
1.7217365000396966e-08;6.120938000385649e-08;8.179992000223137e-08;1.2480595000670291e-06
2.0716920000268146e-08;5.506234000204131e-08;8.017624000203796e-08;1.3698745000874623e-06
2.034933999821078e-08;5.580076000187546e-08;9.595438000396826e-08;1.5715989998716395e-06
2.4734870000975207e-08;7.581050000153483e-08;8.71707999962382e-08;1.3846164999995381e-06
2.1086980000836775e-08;6.340678000124171e-08;8.528810000279919e-08;1.5707440000551287e-06
2.241750000102911e-08;8.204098000423983e-08;9.454278000048361e-08;1.4134015000308865e-06
1.9575785000051838e-08;7.025205999962055e-08;7.971985999611206e-08;1.4518384999246337e-06
2.3625339999853166e-08;7.909242000314407e-08;7.624766000080854e-08;1.333881499886047e-06
1.8358209999860265e-08;6.599177999887615e-08;8.931266000145115e-08;1.4873615000396967e-06
2.246074999857228e-08;5.263727999990806e-08;7.549466000054963e-08;1.346592000045348e-06
2.2249750001356004e-08;6.49634999979753e-08;7.860902000102215e-08;1.4680519999819808e-06
2.150878999964334e-08;6.879592000041157e-08;9.040651999530383e-08;1.5174619999015704e-06
2.1207809998304584e-08;7.514669999945909e-08;7.936668000184e-08;1.2631915000383743e-06
2.2839484999713024e-08;7.899019999895245e-08;1.0225845000240952e-07;1.5227850001247134e-06
1.8702230000053533e-08;6.380926000420004e-08;8.196790000074543e-08;1.2568260000261943e-06
2.150516000110656e-08;7.308499999926425e-08;7.984717999934219e-08;1.620517500123242e-06
2.025282000104198e-08;7.808534000068902e-08;9.798681999673135e-08;1.3780799999949522e-06
1.8988800000806803e-08;7.180097999516875e-08;1.0752874999889173e-07;1.3761604999308475e-06
2.0132659999944734e-08;7.942798000294715e-08;7.252716000075452e-08;1.4645539999764878e-06
2.0479920000070707e-08;7.244747999939136e-08;9.261148000368849e-08;1.3155019999248906e-06
1.9651535000593866e-08;7.424831999815069e-08;1.0582270000304562e-07;1.5315939999709372e-06
2.1797569998307155e-08;6.341450000181795e-08;8.355397999985144e-08;1.4886850000766572e-06
2.2092400000838098e-08;7.1826960000908e-08;9.042654000222683e-08;1.4963519999582787e-06
1.963224000064656e-08;6.567901999806054e-08;6.886223999899811e-08;1.4844249999441672e-06
2.4675879999995232e-08;6.259011999936775e-08;8.3277179999277e-08;1.3165689999004825e-06
2.0979520000400953e-08;6.108692000270821e-08;7.523265999625437e-08;1.244095500005642e-06
1.5736900000774766e-08;6.230979999527335e-08;6.7096360004507e-08;1.2405250000301748e-06
1.7655684999772348e-08;7.355009999591857e-08;8.957289999816567e-08;1.2943354999879375e-06
2.025056999991648e-08;5.961691999691538e-08;7.330226000049151e-08;1.2367400000221097e-06
1.5558645001146942e-08;5.33705200010445e-08;7.263127999613061e-08;1.2887559999944641e-06
1.4748699999472592e-08;5.909844000125304e-08;7.456306000240147e-08;1.271652499999618e-06
1.6246140000293964e-08;5.354468000004999e-08;7.154470000532456e-08;1.2195439999049994e-06
1.539997499930905e-08;5.917304000467993e-08;7.305985999992118e-08;1.3850620000448543e-06
2.064253499993356e-08;5.9174820000771436e-08;8.673026000033132e-08;1.4127554999140558e-06
1.7190809999010527e-08;6.21738399961032e-08;8.65490600001067e-08;1.3572900000144727e-06
2.0104019998689182e-08;7.093404000042937e-08;8.563513999688439e-08;1.4349950000178068e-06
2.335523000219837e-08;6.0427820001496e-08;7.321020000381395e-08;1.3782509999873582e-06
1.6056859999662267e-08;7.313239999930374e-08;7.406554000335745e-08;1.3421845000993927e-06
1.7151784998713994e-08;6.830666000023484e-08;7.316187999676913e-08;1.3596795000194107e-06
1.7383084999164566e-08;6.705452000023797e-08;7.948943999945186e-08;1.2176510000426787e-06
2.1341060000122524e-08;7.118595999781974e-08;8.730709999799728e-08;1.3986700000532437e-06
1.5580469999986235e-08;6.822697999887169e-08;8.088735999772325e-08;1.6006550000747665e-06
2.021551000070758e-08;6.86230399995111e-08;8.076573999715038e-08;1.210010500071803e-06
1.6859224998916034e-08;6.476847999729216e-08;8.587346000131219e-08;1.2817324999195989e-06
1.7284230000223033e-08;6.025481999968178e-08;1.0386769998876843e-07;1.3236665001022629e-06
1.651203999936115e-08;6.279581999988295e-08;7.60383999964688e-08;1.5179334999993443e-06
1.630994000006467e-08;6.064450000412762e-08;7.353647999698296e-08;1.3702019999618641e-06
1.764779999939492e-08;6.190893999882974e-08;8.23655600019265e-08;1.3940749999892432e-06
1.5103134998935276e-08;5.819847999955528e-08;1.0186537999543361e-07;1.4971035000053234e-06
2.1865545000764542e-08;5.574248000048101e-08;8.520214000018313e-08;1.2420710000151303e-06
2.0109134999802335e-08;6.440219999640249e-08;9.487295999424532e-08;1.3560969999525697e-06
1.5998139999283013e-08;5.995206000516191e-08;8.240929999738e-08;1.439474000071641e-06
1.9181345000106374e-08;6.707536000176333e-08;8.726202000398189e-08;1.3688510000065434e-06
1.845411999966018e-08;6.552840000367723e-08;8.179423999972642e-08;1.4287694999075028e-06
2.1423890002188272e-08;6.842093999730423e-08;7.178689999855123e-08;1.6012570000020787e-06
2.2726440001861192e-08;5.96435199957341e-08;9.745004000142217e-08;1.2638575000164564e-06
2.0332640000560787e-08;6.981081999838353e-08;1.118803499994101e-07;1.437819999991916e-06
2.0054769999114797e-08;6.759867999935522e-08;9.173785999882966e-08;1.5783195001131388e-06
2.0290910000039732e-08;7.725809999974444e-08;1.0202244999527466e-07;1.3039644999662414e-06
2.36281899997266e-08;6.197827999712899e-08;9.119111999752931e-08;1.6009615000803024e-06
2.5595804999466055e-08;6.807405999861658e-08;7.565481999772601e-08;1.2825215001066682e-06
1.636916499992367e-08;5.6920159998117014e-08;6.874819999793545e-08;1.3043744998867623e-06
2.0057729998370633e-08;6.106636000331491e-08;7.502694000140764e-08;1.3807795000320767e-06
1.8161484999291135e-08;7.163553999853321e-08;8.189232000149787e-08;1.4055799999914598e-06
1.9902450000518e-08;6.573487999849022e-08;8.32890999969095e-08;1.237016500090249e-06
2.0445829999516717e-08;5.685059999814257e-08;8.564530000439846e-08;1.4172189999953844e-06
1.7844884999794884e-08;6.153468000120483e-08;6.932405999978072e-08;1.352366500068456e-06
1.7421480000484736e-08;6.48652600008063e-08;8.040291999932379e-08;1.2646280000626574e-06
1.840725499932887e-08;6.48170200001914e-08;7.472404000000097e-08;1.3315044999762904e-06
1.497535000089556e-08;5.592233999632299e-08;7.37373799958732e-08;1.2361594999674707e-06
1.8113389999780337e-08;6.622692000237294e-08;7.769781999522821e-08;1.234798499936005e-06
1.727594499971019e-08;6.54357599967625e-08;7.648965999833308e-08;1.343007499963278e-06
1.545285000029253e-08;6.491142000304535e-08;7.513202000409365e-08;1.3370170000416693e-06
1.762767000036547e-08;6.741792000248096e-08;7.71911799965892e-08;1.4337905000138562e-06
1.761151500104461e-08;7.155581999686547e-08;7.073728000395931e-08;1.231217500026105e-06
2.144319999788422e-08;6.547793999779969e-08;8.507360000512562e-08;1.3189989999227692e-06
1.977859499893384e-08;6.49343199969735e-08;8.557201999938115e-08;1.2844554999901446e-06
2.215903000032995e-08;7.212352000060491e-08;8.363274000003003e-08;1.3353444999665954e-06
1.752198500034865e-08;6.943947999970988e-08;7.49811400019098e-08;1.3851585000520573e-06
1.5754074999131263e-08;6.919614000362345e-08;6.845196000067517e-08;1.324672000046121e-06
1.7446290000225416e-08;7.130978000350296e-08;6.924601999926381e-08;1.3486345000274014e-06
2.0646290000877342e-08;7.360009999829344e-08;7.822042000479996e-08;1.3161604999913834e-06
1.921258500078693e-08;6.631801999756134e-08;8.674480000045151e-08;1.2003639999602456e-06
1.546214500122005e-08;7.00148000032641e-08;6.828010000172071e-08;1.4140794999548234e-06
1.7667615000391378e-08;6.475304000196047e-08;7.846853999653831e-08;1.2749569999868983e-06
1.9329840000136756e-08;6.34113400010392e-08;7.726701999781653e-08;1.2639185000443831e-06
1.7920369999774266e-08;5.6516100000590084e-08;7.731563999550417e-08;1.286517999978969e-06
1.837773500010371e-08;5.9187080000992866e-08;7.837981999618933e-08;1.3355835000402294e-06
2.0273410002118906e-08;6.614178000018e-08;7.786454000161029e-08;1.3328145000559743e-06
1.8417084999964573e-08;6.887659999774769e-08;7.16474200016819e-08;1.4490750001277774e-06
2.0270834999973885e-08;5.8671300002606584e-08;7.322530000237747e-08;1.495236000046134e-06
1.5175540000200272e-08;6.039202000247315e-08;7.480388000258245e-08;1.3254830001096707e-06
1.6543949999322648e-08;6.307664000196383e-08;7.293581999838352e-08;1.354698999930406e-06
1.940174999908777e-08;5.696826000348665e-08;7.476002000039443e-08;1.2741289999394212e-06
1.592629500082694e-08;5.655853999778628e-08;6.959548000013456e-08;1.302916999993613e-06
1.6347280000627506e-08;5.69143200002145e-08;7.462878000224009e-08;1.2642455000604968e-06
1.6311074999975972e-08;5.9097520000068474e-08;6.72444399970118e-08;1.2949184999160934e-06
1.5797939999902155e-08;6.061576000065543e-08;6.659811999998056e-08;1.2694324999756646e-06
1.6363984999770764e-08;8.202115999883973e-08;1.0416412000195124e-07;1.4421429998765234e-06
1.7215509999368804e-08;7.441924000158906e-08;1.0324965001200325e-07;1.4281424999353476e-06
1.653206499904627e-08;8.41367800021544e-08;1.0941694000503049e-07;1.543909000029089e-06
1.670938000024762e-08;7.857479999656789e-08;6.748815999599173e-08;1.5046235000772868e-06
1.562777500075754e-08;8.268448000308126e-08;8.145826000254601e-08;1.5234180001425556e-06
2.155930500011891e-08;8.035532000358216e-08;7.801355999545194e-08;1.3496974999725354e-06
2.0691225001064593e-08;7.435031999484636e-08;7.292567999684252e-08;1.2860295000427867e-06
1.6575894999550654e-08;8.926680000149645e-08;1.0100265000073705e-07;1.4061585000308697e-06
1.5603344999544788e-08;7.597377999918535e-08;8.389863999909722e-08;1.3668935000896454e-06
1.7915234999964015e-08;1.0032240000145975e-07;9.418063999619335e-08;1.280698499904247e-06
2.132178999891039e-08;1.018894500011811e-07;7.551263999775984e-08;1.4193325000815094e-06
2.3164410001481884e-08;1.0713740000210237e-07;8.835190000245347e-08;1.5683369999169372e-06
1.99087499990128e-08;8.72852000000421e-08;9.471053999732248e-08;1.423254499968607e-06
2.0295390000683257e-08;6.30327999999281e-08;1.075042599986773e-07;1.4642484999785665e-06
2.4656819998926947e-08;8.941181999980472e-08;1.0637690000294242e-07;1.283841999975266e-06
2.39261600014288e-08;7.620648000156507e-08;1.0873374000075273e-07;1.3731839999672957e-06
2.0680389998597094e-08;1.0425535000103992e-07;1.083084499987308e-07;1.1917445001017767e-06
1.545013499999186e-08;9.432749999687075e-08;1.083733499981463e-07;1.5143394999904558e-06
2.193187999946531e-08;1.0223915000096895e-07;8.162796000251547e-08;1.6705579998961184e-06
1.738330000080168e-08;7.022365999873728e-08;7.554176000412553e-08;1.5190219999931286e-06
1.9545369999832472e-08;8.187521999934689e-08;7.778892000205815e-08;1.6817470001114998e-06
2.324893999902997e-08;1.0557510000944603e-07;7.328075999976136e-08;1.4021574999787845e-06
2.0349569999962114e-08;8.869868000037968e-08;1.0593119999975897e-07;1.6551930000423454e-06
2.1045699999376665e-08;7.060425999807193e-08;7.405914000119083e-08;1.456142500101123e-06
1.8701414999668486e-08;6.288226000033319e-08;9.398342000204138e-08;1.3988940000126605e-06
1.951126500061946e-08;6.505940000060946e-08;8.429849999956786e-08;1.4728355000261218e-06
1.97374099996523e-08;8.192574000568129e-08;1.1097999999765306e-07;1.5849134999734814e-06
2.5958350001019426e-08;6.770749999559485e-08;7.137195999966934e-08;1.3703225000062957e-06
1.7774115000793244e-08;7.723828000016511e-08;8.860998000018299e-08;1.3213055000232998e-06
2.5976149999769404e-08;1.056797499913955e-07;9.958384000346997e-08;1.6201684999396094e-06
2.079249999951571e-08;8.070114000001922e-08;7.808464000117964e-08;1.569113000005018e-06
1.91918850003276e-08;6.472970000468194e-08;8.468096000142396e-08;1.575596000038786e-06
1.9317250000312923e-08;8.783779999939725e-08;1.0468129999935627e-07;1.4029009999649133e-06
1.4939240000967404e-08;1.0164608000195585e-07;1.0802035000233446e-07;1.6685924999183044e-06
2.415564999973867e-08;8.287540000164882e-08;9.476826000027359e-08;1.5661789999285248e-06
1.6177930000412745e-08;7.467203999985941e-08;9.28178999980446e-08;1.6561170000932178e-06
2.052269999985583e-08;8.63595400005579e-08;1.0628680000081659e-07;1.5478924999479205e-06
1.8335370000568217e-08;7.337545999907889e-08;7.610848000040278e-08;1.2969004998740275e-06
1.548608500015689e-08;7.847222000127658e-08;7.844012000132352e-08;1.5365444999770262e-06
1.6579970000020693e-08;8.418113999650814e-08;9.108912000083364e-08;1.4000215000123718e-06
2.1416114999738057e-08;9.207902000052854e-08;8.669019999797456e-08;1.359532499918714e-06
2.1548210000037216e-08;8.802414000383579e-08;1.080571499915095e-07;1.6126864998659585e-06
2.57569000008516e-08;8.681119999964722e-08;7.739052000106312e-08;1.4147719999891705e-06
1.647205499903066e-08;7.849198000039905e-08;7.872206000029109e-08;1.469560499972431e-06
2.0981579998624512e-08;8.375328000402078e-08;1.0858770000049844e-07;1.78114150010515e-06
2.158581499970751e-08;1.0385479999240488e-07;6.84902000008151e-08;1.2996114999987185e-06
2.2550090000731872e-08;8.078568000346422e-08;8.090834000031463e-08;1.334849499980919e-06
2.3703760001808403e-08;7.425077999942005e-08;7.480590000050143e-08;1.3952929999504704e-06
1.5111104999959934e-08;7.730806000181474e-08;1.1752395000075921e-07;1.2439279998943676e-06
1.6818169999169186e-08;7.312580000143498e-08;9.012536000227556e-08;1.2913040000421462e-06
1.7363800000748597e-08;7.12647599983029e-08;7.381218000082299e-08;1.3855939998757093e-06
1.7520309999235907e-08;8.183634000015445e-08;8.775107999681495e-08;1.4830859999347012e-06
2.410797000047751e-08;1.0607704998983535e-07;9.779961999738588e-08;1.446818499971414e-06
1.6453115000331308e-08;8.285320000140928e-08;7.218560000183061e-08;1.3743925000017043e-06
1.9498524999653453e-08;7.896909999544732e-08;8.782206000178121e-08;1.3360410000314004e-06
2.0621040000696667e-08;8.181818000157363e-08;8.119091999833472e-08;1.4920814998913556e-06
2.0799780002562328e-08;7.861861999845133e-08;1.021288499905495e-07;1.275300499983132e-06
1.9479059999866878e-08;7.96483599988278e-08;7.630344000062905e-08;1.400558000023011e-06
1.888362000026973e-08;7.367147999466396e-08;7.244243999593892e-08;1.441126499994425e-06
2.0038039999781178e-08;7.153496000100859e-08;7.492074000183493e-08;1.4609710000513587e-06
1.75850649990025e-08;7.72484200017061e-08;6.908269999548793e-08;1.438526000129059e-06
1.702940000104718e-08;8.154854000313207e-08;7.813557999907061e-08;1.3908574999368284e-06
1.5634920001321006e-08;7.306177999707871e-08;7.700415999861434e-08;1.3241600000765175e-06
1.634736999985762e-08;7.455842000199482e-08;7.12236599996686e-08;1.365176999970572e-06
1.630541000049561e-08;7.661175999674014e-08;6.81828000000678e-08;1.4473770000040532e-06
1.7475109999941195e-08;7.730400000000372e-08;8.766476000309921e-08;1.5056349999213125e-06
1.798230499989586e-08;7.25897199998144e-08;8.0268540000543e-08;1.493728000059491e-06
1.4880374999484048e-08;6.934219999820925e-08;6.704347999766468e-08;1.3913299998966977e-06
1.504850500059547e-08;7.408458000281825e-08;8.893640000023879e-08;1.3626504999410826e-06
1.848745500028599e-08;8.115661999909207e-08;7.97651000029873e-08;1.2959420001425316e-06
1.7596925000543707e-08;7.175059999572113e-08;7.845285999937914e-08;1.3352459999441635e-06
1.560717500105966e-08;7.5883220002288e-08;7.304386000032536e-08;1.3200875000620727e-06
2.0582289999583735e-08;6.601685999776237e-08;8.220917999860831e-08;1.4432989999477285e-06
1.849813000007998e-08;7.325652000145056e-08;7.426562000182457e-08;1.4697205000265968e-06
2.0214710000436754e-08;6.37940000044182e-08;7.517863999819383e-08;1.488553000090178e-06
1.8787264999991748e-08;7.770630000159144e-08;7.196487999754027e-08;1.2570549998781643e-06
1.6619509999873116e-08;8.426956000039354e-08;8.346225999994203e-08;1.234818500088295e-06
1.846576499956427e-08;6.601173999952152e-08;6.792674000025727e-08;1.2971499998820946e-06
1.6382025000348222e-08;8.448756000143476e-08;7.350605999818072e-08;1.4054955000756308e-06
1.553915000113193e-08;7.391589999897405e-08;7.312182000023313e-08;1.5118694999546278e-06
1.6780220001237468e-08;6.957973999669775e-08;7.955943999695592e-08;1.4017830000375397e-06
1.820124499936355e-08;7.210802000481635e-08;7.330732000409626e-08;1.3859630000661128e-06
1.9757140000001526e-08;8.076959999743849e-08;7.276931999949738e-08;1.3532009998743889e-06
2.0930965000297874e-08;7.336543999845161e-08;8.042098000296391e-08;1.2739219999639318e-06
1.687759500055108e-08;7.227482000016607e-08;7.018899999675341e-08;1.4167625000118278e-06
2.223013000038918e-08;7.070877999649384e-08;8.757325999904425e-08;1.3885590000427329e-06
1.7684919999737757e-08;7.727044000057504e-08;6.981713999994099e-08;1.4303360000485553e-06
1.5015760000096634e-08;6.954436000087299e-08;7.398443999700249e-08;1.361931999999797e-06
1.604267500079004e-08;7.011873999726958e-08;7.222766000195407e-08;1.3122840000141877e-06
1.592415000050096e-08;6.505486000096426e-08;6.802755999960937e-08;1.3453875000413973e-06
1.5842929999053013e-08;6.608267999836243e-08;7.411351999617181e-08;1.4156224999169354e-06
1.740935500129126e-08;7.220349999843165e-08;8.318036000127904e-08;1.4178809999430086e-06
1.8335264999768697e-08;8.107918000314384e-08;8.847544000018388e-08;1.5360710000095423e-06
1.8294874999264722e-08;8.2002540002577e-08;7.150803999975324e-08;1.49178949999623e-06
1.7349684999499005e-08;7.685582000412978e-08;7.678048000088893e-08;1.3365904999955091e-06
1.9868629999109545e-08;6.569878000300377e-08;7.846874000388197e-08;1.39569750012015e-06
1.7541239999991376e-08;7.10737399989739e-08;8.560620000353083e-08;1.3265430000319611e-06
1.917249999969499e-08;7.743488000123761e-08;8.405211999779567e-08;1.3926065000123344e-06
1.6909554999438114e-08;7.860794000444002e-08;7.24603799986653e-08;1.3779074999911244e-06
1.8008109999937005e-08;7.968765999539756e-08;7.095203999779188e-08;1.4079220000712667e-06
1.9505054999899586e-08;8.178828000091016e-08;7.040262000518851e-08;5.867383999866433e-07
1.960870500042802e-08;7.315135999815539e-08;7.055015999940224e-08;5.95855199964717e-07
1.8077889998676256e-08;7.1028539998224e-08;7.21699800051283e-08;5.513059999793768e-07
1.7251124999893363e-08;6.775652000214905e-08;6.735178000526503e-08;5.507218000129797e-07
1.8002040000283158e-08;7.244566000299528e-08;7.403811999829486e-08;5.253954000072554e-07
1.8084479999379256e-08;8.280036000069231e-08;8.25301600038074e-08;5.446123999427072e-07
1.964373500086367e-08;7.727618000353687e-08;7.49087399977725e-08;5.266508000204339e-07
1.7290165000304116e-08;5.8560660004150126e-08;6.696645999909379e-08;5.93966200016439e-07
1.527095999917947e-08;9.029514000285416e-08;7.499292000429705e-08;5.7523499999661e-07
1.5583245000743774e-08;6.447720000287517e-08;6.598727999953553e-08;5.269917999976315e-07
1.8957035000494214e-08;6.130142000038176e-08;6.718963999883272e-08;5.266117999562993e-07
1.7322550000972114e-08;6.252918000100181e-08;6.623222000198438e-08;5.283909999998286e-07
1.707907500094734e-08;7.302896000328474e-08;8.58834599959664e-08;5.247571999789216e-07
1.972861500107683e-08;9.056095999549143e-08;7.188056000159122e-08;5.558537999750115e-07
1.805012499971781e-08;8.18308399990201e-08;6.630291999899782e-08;5.848558000288904e-07
2.0789720001630485e-08;7.272553999791853e-08;7.011484000249765e-08;5.336251999833622e-07
1.8095569999422877e-08;9.322030000039376e-08;6.650385999819264e-08;5.480409999727272e-07
2.368635000020731e-08;6.684555999818258e-08;1.0053290000359993e-07;5.323015999747441e-07
1.6815730000962504e-08;7.395881999982521e-08;9.345070000272245e-08;5.801811999990605e-07
1.889624999894295e-08;1.113718999986304e-07;6.846859999932349e-08;6.229598000063561e-07
2.114018999855034e-08;8.036769999889657e-08;8.277530000195838e-08;5.35691199998837e-07
1.8242944999656173e-08;7.201584000140429e-08;8.541731999721378e-08;5.395622000214643e-07
1.6722269999445418e-08;7.831643999670632e-08;8.108766000368633e-08;5.894151999964379e-07
1.697581500047818e-08;7.328831999911927e-08;6.93810399970971e-08;5.373175999848172e-07
1.5799279999919235e-08;6.987300000037066e-08;7.010989999980666e-08;5.132290000328795e-07
1.7030815000180156e-08;6.515925999847241e-08;7.059938000165857e-08;5.777165999752469e-07
1.8747350000194273e-08;7.121063999948092e-08;6.904236000264064e-08;5.833130000391975e-07
2.372384000045713e-08;7.95669800019823e-08;7.111185999820008e-08;5.822863999637775e-07
1.5205664999666623e-08;7.034827999887056e-08;8.238756000064314e-08;5.114227999583818e-07
1.7971834998752457e-08;7.53882999997586e-08;7.205544000025839e-08;5.505528000066988e-07
1.650867499993183e-08;9.13838200038299e-08;7.093751999782399e-08;5.333725999807939e-07
1.9255710000288674e-08;7.32473999960348e-08;7.27489200013224e-08;6.298642000183464e-07
1.589859000087017e-08;8.11701999977231e-08;7.649654000415467e-08;5.532442000112496e-07
1.7958599999838042e-08;8.345790000166744e-08;7.684499999741092e-08;5.634030000073835e-07
2.0893325000361073e-08;7.098731999867596e-08;6.924930000095628e-08;5.852783999871463e-07
2.0915470001637004e-08;9.872813999536447e-08;9.011534000164829e-08;5.459232000284828e-07
1.6441840000334195e-08;8.363299999618903e-08;7.436212000320665e-08;4.936476000002586e-07
1.874011500040069e-08;7.698458000086247e-08;7.199169999803417e-08;6.919262000010349e-07
1.7404589999932794e-08;8.172094000037759e-08;1.0235905001172796e-07;6.294198000105098e-07
2.1111435000784696e-08;1.0475051999674178e-07;8.571396000334061e-08;6.680613999487833e-07
1.931761000014376e-08;7.547638000105508e-08;9.324486000114121e-08;6.081105999764986e-07
2.1967460001178552e-08;7.776637999922969e-08;7.586409999639727e-08;6.131177999777719e-07
2.431884999969043e-08;8.444453999982216e-08;1.073655000072904e-07;6.57796600018628e-07
2.5323309999657796e-08;1.0811945000023116e-07;8.021399999852293e-08;5.801764000207185e-07
2.1579600000404753e-08;1.0661560000153259e-07;8.662114000180737e-08;5.459538000286557e-07
2.071124000067357e-08;9.48411599965766e-08;9.239740000339225e-08;6.45806199987419e-07
2.4289734999183565e-08;6.963087999611161e-08;7.852291999734007e-08;5.24537599994801e-07
1.762641499954043e-08;7.270004000165499e-08;9.172176000429317e-08;5.24844600004144e-07
2.34189199982211e-08;7.293156000087038e-08;8.759677999769338e-08;5.640853999648243e-07
2.3247270000865684e-08;9.645092000137083e-08;9.616671999683603e-08;6.622142000123859e-07
2.1769999999378343e-08;1.0987585000111722e-07;1.0529860001406632e-07;6.299538000021129e-07
2.0145910000428557e-08;8.300357999978586e-08;8.34450000023935e-08;5.651065999991261e-07
2.2403909999411555e-08;7.695527999894694e-08;9.446031999541446e-08;5.23745600017719e-07
1.952825999906054e-08;9.559560000197962e-08;1.0515759998816065e-07;5.740373999578878e-07
1.9006334998994134e-08;9.862810000195168e-08;8.527524000382982e-08;6.218417999916709e-07
1.6740084999764803e-08;8.714728000340983e-08;7.779586000251583e-08;5.408236000221223e-07
1.7626170000585263e-08;8.082812000066042e-08;1.0530749999452382e-07;6.036475999862887e-07
2.2329439999884925e-08;8.447275999933481e-08;8.152998000150547e-08;5.877367999637499e-07
2.3211609999998472e-08;8.331936000031419e-08;8.26586400042288e-08;5.866334000020288e-07
1.6845704999286682e-08;8.135229999898002e-08;7.657049999688752e-08;5.732872000080533e-07
1.6483635001350194e-08;8.108186000026763e-08;6.623001999687404e-08;5.803194000036456e-07
2.011593999923207e-08;7.421949999989011e-08;6.595977999968455e-08;6.066897999844513e-07
1.683731999946758e-08;7.596581999678165e-08;7.629033999983221e-08;5.391956000239588e-07
2.139111500000581e-08;7.411185999517329e-08;7.563737999880687e-08;5.209493999718689e-07
2.0477295000455343e-08;8.614188000210561e-08;7.74033399997279e-08;5.803988000261597e-07
2.131651000236161e-08;8.125681999954395e-08;7.552058000001125e-08;5.522063999669627e-07
2.0444980000320356e-08;6.569612000021153e-08;6.752071999944746e-08;5.930387999978848e-07
1.56134849996306e-08;6.899757999926805e-08;7.549217999912798e-08;5.780922000412829e-07
1.566622499958612e-08;9.425472000148147e-08;8.498516000108794e-08;5.92032799962908e-07
1.7454865000036078e-08;9.511447999975645e-08;6.568975999834947e-08;5.767169999890029e-07
2.0245539999450557e-08;7.488414000254125e-08;7.014282000018284e-08;5.403031999594532e-07
2.2506170000997372e-08;7.067241999902762e-08;8.12370200001169e-08;5.457228000159375e-07
1.511298999976134e-08;7.193649999680928e-08;7.134756000014021e-08;5.355094000115059e-07
1.8971515000157525e-08;7.683455999940634e-08;7.0211479999125e-08;5.150078000151552e-07
1.6877730000123846e-08;7.4271039996529e-08;6.798951999517158e-08;5.789253999828361e-07
1.87876399999368e-08;8.107960000052116e-08;8.153585999971256e-08;5.392242000089027e-07
2.3148680001031608e-08;7.498968000290915e-08;8.064201999804936e-08;6.031593999941833e-07
1.8002155001158825e-08;8.603192000300624e-08;7.234716000384651e-08;5.455085999565199e-07
1.8760560000373515e-08;7.864676000317559e-08;7.531473999843002e-08;5.250358000048437e-07
1.6022684999916236e-08;6.988064000033773e-08;8.247679999913089e-08;5.521892000106164e-07
2.3342479998245837e-08;8.71671199973207e-08;8.173052000347526e-08;5.210447999997996e-07
2.2814600000856444e-08;8.944956000195816e-08;7.108420000295155e-08;5.539473999524489e-07
1.6950984999130014e-08;6.193154000211507e-08;7.121819999883883e-08;5.619631999870762e-07
1.5326880000066013e-08;6.607232000096701e-08;7.090160000370815e-08;5.796735999756493e-07
2.1697684998798648e-08;8.681865999824368e-08;8.008951999945567e-08;5.2284619997954e-07
1.7635120000340974e-08;7.956885999883525e-08;7.50069200003054e-08;5.062891999841668e-07
1.70768500000122e-08;7.890796000137926e-08;8.117707999772393e-08;5.11782800022047e-07
1.8166210000345016e-08;7.528142000082881e-08;8.059186000027693e-08;5.329266000189818e-07
1.7768839999916965e-08;7.612355999881401e-08;6.674681999720633e-08;5.519109999877401e-07
1.5947584999958054e-08;7.737141999532468e-08;7.589826000039466e-08;5.123918000026606e-07
1.7978469999798107e-08;6.786961999605409e-08;6.580511999782175e-08;5.077637999784202e-07
1.7806320000090636e-08;6.407552000018767e-08;7.095413999632e-08;5.473432000144385e-07
1.7234545000246727e-08;6.645534000126644e-08;7.048777999589219e-08;5.49360999953933e-07
1.632695500011323e-08;7.408374000224285e-08;7.945750000071711e-08;5.629444000078365e-07
1.653082499979064e-08;6.056226000073366e-08;7.129126000218093e-08;5.370768000138923e-07
1.7122570000356064e-08;7.109217999968677e-08;7.85823599959258e-08;5.206303999875672e-07
1.584242500102846e-08;6.70451599988155e-08;7.513881999766454e-08;5.592657999950461e-07
2.1552210001391358e-08;7.21810800023377e-08;6.790462000062689e-08;5.29889199999161e-07
2.450758000195492e-08;5.5894840002292767e-08;6.82685199950356e-08;5.614990000030957e-07
2.3817199998302386e-08;8.427931999904103e-08;7.688366000074894e-08;5.237596000079066e-07
1.5788654999050776e-08;7.826454000314697e-08;8.338228000211529e-08;1.3695800000277813e-06
1.767377500073053e-08;6.83496199955698e-08;7.906392000149935e-08;1.176664999948116e-06
2.0144290002644994e-08;7.456446000142023e-08;8.693035999895073e-08;1.3552885000535752e-06
1.7481969999789725e-08;6.279820000054315e-08;7.636185999726877e-08;1.2102530000265687e-06
1.8204540001170244e-08;7.395101999863983e-08;8.071621999843046e-08;1.2461119999352377e-06
1.5457615000195802e-08;6.903448000084608e-08;6.76893799973186e-08;1.2745314999483525e-06
1.9073414999002124e-08;6.160801999503747e-08;8.550097999977879e-08;1.2389509999775327e-06
1.6287119999469725e-08;6.074266000068746e-08;7.072355999844148e-08;1.228006000019377e-06
1.686716500116745e-08;6.029788000159896e-08;7.035497999750078e-08;1.2617765000322834e-06
1.7166719998931512e-08;7.214180000009946e-08;7.401624000049196e-08;1.3292400000500492e-06
1.843963999999687e-08;5.976642000023276e-08;7.186542000272311e-08;1.379369000060251e-06
1.7250055000477005e-08;7.345235999673605e-08;7.012103999732062e-08;1.272105499956524e-06
1.772556500072824e-08;6.428596000187099e-08;7.749610000173561e-08;1.4805144999991171e-06
1.79708550000214e-08;5.7571720000123605e-08;7.083967999788002e-08;1.3086629999452271e-06
1.8560964999778662e-08;6.180848000221886e-08;8.622397999861277e-08;1.3081745000090451e-06
1.5101429999049287e-08;6.328079999657347e-08;7.60857000015676e-08;1.2465695000719279e-06
1.771232500032056e-08;6.543835999909789e-08;6.689519999781623e-08;1.2074619998747949e-06
1.6599459999997634e-08;7.213711999938823e-08;9.20559599995613e-08;1.3686835000407882e-06
1.7958529999305027e-08;7.916561999591068e-08;8.448842000216246e-08;1.2663490000704769e-06
2.1903089998522774e-08;7.161579999956302e-08;8.613788000075147e-08;1.262783499987563e-06
1.594514500029618e-08;6.029250000137836e-08;7.670628000050783e-08;1.206128999911016e-06
1.60335299995495e-08;6.33445199986454e-08;7.352668000385166e-08;1.3176910000038333e-06
1.59503599992604e-08;6.337018000194803e-08;8.03864200017415e-08;1.3050610000209418e-06
2.0179320000170265e-08;6.775354000274092e-08;8.388173999846913e-08;1.2454540000180714e-06
2.0474045000446495e-08;6.900525999953971e-08;7.435310000437312e-08;1.2569025000266264e-06
1.6360109999368432e-08;5.599443999817595e-08;7.426730000297539e-08;1.2268359999870882e-06
1.6346575001080054e-08;6.47238000005018e-08;7.134325999650172e-08;1.2106064999534282e-06
1.5656755000236445e-08;8.113614000030793e-08;8.454934000037611e-08;1.4687285000400152e-06
1.64840199999162e-08;7.681956000160425e-08;7.317864000215195e-08;1.1634855000011156e-06
1.789534499985166e-08;6.23687000013888e-08;7.145112000289374e-08;1.2626560000353493e-06
1.5174755000043662e-08;6.204114000429399e-08;6.857324000447989e-08;1.2133075000019744e-06
1.881611499993596e-08;8.198673999868333e-08;7.450521999853663e-08;1.4396480000868905e-06
2.196191000111867e-08;7.600517999962904e-08;7.49662599992007e-08;1.4266204999876209e-06
2.0891230000415816e-08;7.120877999695949e-08;9.325630000093952e-08;1.3061405000917149e-06
1.9259400000737513e-08;7.339387999963947e-08;9.380690000252798e-08;1.3938234999659472e-06
2.1537469999748283e-08;6.75280199968256e-08;8.720299999695271e-08;1.412335500062909e-06
1.9622884999262168e-08;6.846577999531291e-08;8.919739999691956e-08;1.2577309999323916e-06
1.8327115000283812e-08;9.000263999914751e-08;1.0143710000556894e-07;1.355450499977451e-06
2.1203950000926852e-08;7.276167999953031e-08;7.46789600001648e-08;1.4510165000683629e-06
1.654969999945024e-08;6.826763999997638e-08;7.625222000060603e-08;1.3858930001151748e-06
2.3521230000187644e-08;6.981452000327409e-08;8.861410000245087e-08;1.4549690000421833e-06
2.0901979997870514e-08;7.463164000073448e-08;1.050515999959316e-07;1.4809669999522157e-06
2.44021899998188e-08;8.992993999854662e-08;9.361239999998362e-08;1.2541789999522733e-06
2.0811370000592432e-08;6.499767999630421e-08;9.173136000172235e-08;1.5175319999980274e-06
2.2897150000790134e-08;6.630377999972553e-08;8.274352000444196e-08;1.4039630000479519e-06
1.8868239999574142e-08;7.43516799993813e-08;7.16232199978549e-08;1.2742114999855403e-06
1.9079634999798144e-08;6.761756000341848e-08;7.547716000117361e-08;1.4894600000116042e-06
1.5957524999976158e-08;8.224944000248797e-08;8.739597999956459e-08;1.4851285000622739e-06
2.2839430000749417e-08;6.42152199987322e-08;8.742828000104054e-08;1.2053465000644792e-06
2.1441780001623557e-08;9.677559999981896e-08;7.745589999831281e-08;1.4218930000788532e-06
1.848242999985814e-08;6.238266000291332e-08;9.172515999525785e-08;1.598433000035584e-06
2.2532709999359214e-08;7.240525999804958e-08;8.270434000296518e-08;1.5597089999937452e-06
2.3404494998976587e-08;6.762894000275992e-08;8.547626000363379e-08;1.4241644999128766e-06
2.1013164999021684e-08;8.07420400029514e-08;9.258935999823734e-08;1.2953244999516756e-06
1.57535549995373e-08;6.060233999742195e-08;8.822184000164271e-08;1.4152660001127515e-06
1.5454390000377316e-08;5.948264000471681e-08;7.933452000143006e-08;1.2203529999533202e-06
1.8568819999927656e-08;6.268103999900631e-08;8.063897999818436e-08;1.2143045000266284e-06
2.0002185000339523e-08;6.531492000212893e-08;7.483021999942139e-08;1.4333685000019613e-06
1.9834779998927843e-08;5.695397999952547e-08;8.945979999843984e-08;1.4724575000582262e-06
1.9483944999228697e-08;7.911592000164092e-08;7.896491999854334e-08;1.3163239999266806e-06
1.653560499980813e-08;6.307524000294507e-08;8.028273999807425e-08;1.3602810000884347e-06
2.2231850001844578e-08;5.6718720000935717e-08;9.039249999914318e-08;1.3305814999330323e-06
2.014058000058867e-08;5.805724000092596e-08;8.138643999700434e-08;1.257037500035949e-06
1.5907949999382255e-08;8.667279999936e-08;8.307971999747679e-08;1.3716610000119545e-06
2.155868000118062e-08;6.315764000173658e-08;8.65044999984093e-08;1.266763500025263e-06
2.0567784999730065e-08;6.904282000032253e-08;7.522229999885894e-08;1.4852634999260773e-06
2.1618134999880567e-08;7.0985440001823e-08;7.570722000091336e-08;1.2911725000594742e-06
1.745346499956213e-08;6.055511999875308e-08;7.064775999751874e-08;1.1874315000022762e-06
1.517145499965409e-08;5.4599399998551236e-08;6.891041999915614e-08;1.2201515000197105e-06
1.8334334999963175e-08;6.145027999882586e-08;6.958737999666482e-08;1.2448055000277236e-06
1.70358599993051e-08;7.102621999802068e-08;6.717569999746047e-08;1.2404845000128261e-06
1.5829585000756195e-08;6.836826000362634e-08;6.996116000227631e-08;1.2245599999732804e-06
1.6412064999167343e-08;7.024209999945015e-08;6.754841999500059e-08;1.2284374999580905e-06
1.6559044999303296e-08;6.01299799978733e-08;7.033810000284575e-08;1.1482795000483747e-06
1.766040999937104e-08;6.102780000073835e-08;7.748801999841817e-08;1.2175304999982472e-06
1.6449950000969693e-08;6.658643999835476e-08;7.115830000257119e-08;1.2888910000037867e-06
1.649599499942269e-08;6.974133999901824e-08;7.71534800005611e-08;1.213745499990182e-06
1.6633740000543185e-08;7.268321999581531e-08;7.010349999764002e-08;1.2103725000633859e-06
1.7317604999698234e-08;5.828489999985322e-08;6.839914000011049e-08;1.3159385000471957e-06
1.879612500051735e-08;5.7647599995834755e-08;7.462765999953262e-08;1.1876655000378377e-06
1.6784285000176168e-08;7.312155999825336e-08;7.187695999746211e-08;1.214482999930624e-06
1.8320824998954777e-08;6.628697999985889e-08;7.837302000261843e-08;1.2608489999547601e-06
1.5639345000090543e-08;5.940890000201762e-08;7.375122000230476e-08;1.2002299999585375e-06
1.5386439999565483e-08;6.021469999686815e-08;7.537015999550931e-08;1.3415934999648017e-06
1.8860639999911654e-08;7.749801999889314e-08;7.511291999835521e-08;1.236934500047937e-06
1.7176750001090113e-08;5.959198000491597e-08;6.887713999603875e-08;1.3752265000948683e-06
1.5737570000055713e-08;7.300274000153877e-08;6.898067999863997e-08;1.2905175000196322e-06
2.021487000019988e-08;6.729900000500493e-08;8.277195999980904e-08;1.2284265000198502e-06
1.7826264999166598e-08;7.615639999858104e-08;8.491250000079162e-08;1.2802459999511485e-06
1.540382499952102e-08;5.6907540000975135e-08;7.862024000496603e-08;1.2367430000449532e-06
2.223868000146467e-08;7.728257999988273e-08;8.599566000048071e-08;1.3363575001130812e-06
1.9924089999403804e-08;6.933334000059404e-08;7.906271999818273e-08;1.2436884999624454e-06
1.5887304999341723e-08;8.611245999927633e-08;9.347563999472186e-08;1.3041389999852982e-06
1.6748985000594986e-08;6.28603800025303e-08;7.271655999938957e-08;1.2539260000630748e-06
1.6357119999884162e-08;7.018424000125378e-08;8.672002000384964e-08;1.2104199999885168e-06
1.5613940000184813e-08;7.005793999996968e-08;7.153441999689676e-08;1.4130330001353287e-06
1.688696499913931e-08;5.863839999656193e-08;7.942784000188112e-08;1.3829149999946822e-06
1.6597709999768996e-08;7.250548000447452e-08;7.945123999961652e-08;1.2818309999420307e-06
2.1734420000575482e-08;6.23081199999433e-08;7.45790799963288e-08;1.266487499960931e-06
1.7983340000500903e-08;6.683998000225983e-08;8.615925999474711e-08;1.202921500080265e-06
2.0583150000311435e-08;7.310980000183917e-08;8.775380000006408e-08;1.5514254999288823e-06
1.8395330000203102e-08;6.239029999705963e-08;7.978940000175498e-08;1.579708500066772e-06
2.121964999823831e-08;6.632661999901757e-08;8.34134400007315e-08;1.6279914999904577e-06
1.8303569999989122e-08;6.973421999718994e-08;7.59754200000316e-08;1.4868305000709369e-06
2.0772335000219755e-08;7.160091999685392e-08;8.896098000113852e-08;1.326188500097487e-06
2.2467870000400582e-08;5.6767940003192053e-08;8.177273999899626e-08;1.7352189999655821e-06
2.0715560001553968e-08;8.285027999663725e-08;7.629833999671973e-08;1.6818659999989904e-06
1.7013464999035932e-08;6.938333999714814e-08;7.66937600041274e-08;1.4099390000046698e-06
1.747060000052443e-08;6.865236000157893e-08;7.927238000556826e-08;1.493454000010388e-06
1.8997969999327323e-08;6.035632000421174e-08;8.518914000014774e-08;1.5039059999980964e-06
1.793134000035934e-08;6.612954000011086e-08;8.123385999933817e-08;1.5065514999150764e-06
2.1180359998834318e-08;7.443197999964468e-08;8.497629999765195e-08;1.6297830000985413e-06
1.956629499909468e-08;6.923360000364482e-08;7.085957999806851e-08;1.4394354999240023e-06
1.7611709999619053e-08;6.84406999964267e-08;8.057187999947928e-08;1.5791059999901336e-06
1.7235839999921155e-08;6.35333799989894e-08;7.558701999951153e-08;1.5956110000843182e-06
2.3205349998897872e-08;7.845333999721334e-08;1.113745500042569e-07;1.53900799996336e-06
1.9991949999530335e-08;7.933250000351108e-08;9.450222000014037e-08;1.5752670000074432e-06
2.135622999921907e-08;6.555354000302031e-08;9.332142000203021e-08;1.4869630000612233e-06
1.6240744999959135e-08;6.84246200020425e-08;1.042054499994265e-07;1.7048924999835435e-06
1.5981490000558552e-08;5.899515999481082e-08;7.996947999927215e-08;1.434917000005953e-06
1.5871284999593628e-08;5.545968000078574e-08;8.061697999946773e-08;1.7797314999916125e-06
1.8516019999515264e-08;6.188096000114456e-08;8.865747999516316e-08;1.4580489999207202e-06
2.0085195000865496e-08;6.600212000194006e-08;9.127839999855496e-08;1.4814304999890737e-06
1.9429544999729843e-08;6.806896000052802e-08;1.0030345000268426e-07;1.4808475000609178e-06
1.8031635000079404e-08;7.093395999982022e-08;8.311916000093334e-08;1.6793944999517406e-06
1.8936129999929107e-08;6.47114799998235e-08;9.546493999660015e-08;1.6751524999563117e-06
2.305602499982342e-08;6.972884000279009e-08;8.280870000016875e-08;1.5405394999834242e-06
1.7774564999854194e-08;5.86808199994266e-08;9.581656000227667e-08;1.572625499975402e-06
2.074094999989029e-08;6.942690000287256e-08;7.377961999736726e-08;1.4474114999757148e-06
1.5594214999873656e-08;5.590000000083819e-08;7.591863999841734e-08;1.5886199999658856e-06
2.0960845000809057e-08;6.769885999965482e-08;9.02280799986329e-08;1.5744935000839177e-06
1.9191404999583028e-08;6.411608000053093e-08;7.542608000221662e-08;1.6108304999943357e-06
1.9563119999656918e-08;7.473208000301383e-08;1.0535444998822641e-07;1.536966499988921e-06
1.5598804999899584e-08;7.31844199995976e-08;8.558625999721698e-08;1.646039000042947e-06
1.5087764999771024e-08;6.928375999559648e-08;9.749161999789067e-08;1.439548000053037e-06
2.060668999911286e-08;6.879729999927804e-08;7.5587120000273e-08;1.7138985000201501e-06
2.2733910000533798e-08;5.5649579997407276e-08;7.836154000251554e-08;1.4556929998798296e-06
2.120679499930702e-08;6.132992000202648e-08;1.0023920000821818e-07;1.4840650001133326e-06
1.8864614999620245e-08;5.966198000242003e-08;1.1236440000357106e-07;1.7113050000625663e-06
2.2457210000720806e-08;8.626983999856747e-08;8.479691999964416e-08;1.587149499973748e-06
1.7236769999726677e-08;6.408205999759957e-08;7.439934000140056e-08;1.6149045000202022e-06
1.4793209999334066e-08;7.32278999988921e-08;7.583450000383892e-08;1.7246864999469835e-06
1.5947980000055396e-08;5.8745200000703334e-08;8.782333999988623e-08;1.4079950000450482e-06
2.377050499926554e-08;6.934811999672093e-08;9.728866000077688e-08;1.5769649999856483e-06
1.8859464999695773e-08;6.65967799955979e-08;8.637328000040725e-08;1.548548499995377e-06
1.9014020000759048e-08;6.144579999963753e-08;7.894209999940358e-08;1.7412259998673108e-06
1.781079500069609e-08;7.594954000087455e-08;8.214207999990322e-08;1.5416624999488705e-06
1.8772325001191347e-08;6.545799999730661e-08;9.077097999979742e-08;1.5436635000514798e-06
1.6626589999941643e-08;6.229712000349536e-08;7.902800000156276e-08;1.4697764998709316e-06
1.5978135001205373e-08;5.6182699999772014e-08;7.829050000291318e-08;1.5428015000361484e-06
1.736190999945393e-08;6.328662000014447e-08;8.192840000265277e-08;1.5736070000275504e-06
1.688655500038294e-08;5.922844000160694e-08;8.97973200015258e-08;1.5292234999651554e-06
1.7310050000378396e-08;6.125269999611192e-08;8.124662000336685e-08;1.6389794999849983e-06
1.684994499955792e-08;6.179538000142202e-08;9.044627999537624e-08;1.395135999919148e-06
1.749232000001939e-08;7.00267400010489e-08;7.472773999907077e-08;1.593412499933038e-06
1.6393095000239555e-08;5.872154000098817e-08;7.656389999901876e-08;1.676634499890497e-06
2.4848470001597887e-08;6.526555999880657e-08;7.164147999719716e-08;1.4382495000609197e-06
1.4973159998771735e-08;6.618694000062533e-08;8.03189600002952e-08;1.4119755000865552e-06
1.6056649999518413e-08;6.832531999680214e-08;7.281017999630422e-08;1.4360969999688678e-06
1.750867999944603e-08;5.733515999745577e-08;8.69536199956201e-08;1.414712999976473e-06
1.658707000024151e-08;6.111166000482626e-08;7.266483999555931e-08;1.3574564999726136e-06
1.6661575000034646e-08;5.8052160002989696e-08;7.541540000238456e-08;1.4138464999268763e-06
1.4884204999543726e-08;6.541505999630318e-08;8.493472000118345e-08;1.4714615000411869e-06
1.791135499952361e-08;6.418173999991268e-08;7.740650000050664e-08;1.5270954999141396e-06
1.891703500004951e-08;7.388882000232115e-08;7.955526000005192e-08;1.6450179999810644e-06
1.7659880001156126e-08;5.7351199997356165e-08;1.0000109999964479e-07;1.4766235000570304e-06
2.4774120000074618e-08;6.948860000120476e-08;1.1611200000334066e-07;1.6351379999832715e-06
2.101388000010047e-08;6.887742000399158e-08;8.661705999984406e-08;1.6435764999187087e-06
2.0640220001223498e-08;6.863345999736339e-08;9.008651999756693e-08;1.6488680000475143e-06
2.059724999999162e-08;6.744328000349924e-08;7.668615999864414e-08;1.5073054999811575e-06
1.9827814999734982e-08;7.169166000094264e-08;8.792198000010103e-08;1.5684490000421646e-06
2.1194569999352097e-08;7.20818199974019e-08;8.8948299997719e-08;1.4741350000258535e-06
2.0301590001326987e-08;6.117832000018098e-08;7.658581999712623e-08;1.6794899999513292e-06
1.9332655001198874e-08;7.114310000324622e-08;9.281811999971978e-08;1.6014659999927972e-06
2.2044539998751135e-08;6.85719400004018e-08;8.563954000128433e-08;1.6810584999620914e-06
1.8318124998768327e-08;6.805729999905453e-08;9.37830800015945e-08;1.650338500039652e-06
1.725978500035126e-08;6.667152000009083e-08;8.781943999929353e-08;1.6062030001194215e-06
2.09579099988332e-08;6.320539999869652e-08;9.044289999874309e-08;1.4917190000414849e-06
2.024906999868108e-08;6.342620000359602e-08;8.078394000185654e-08;1.7051065000123343e-06
1.5157810000528117e-08;5.616735999938101e-08;7.888171999948099e-08;1.5920434999861754e-06
1.856738999922527e-08;7.031174000003375e-08;7.826974000199698e-08;1.515751000115415e-06
1.6279720001330134e-08;7.554637999855913e-08;8.28217800008133e-08;1.634858500037808e-06
2.062904500053264e-08;7.452828000532464e-08;9.85511199978646e-08;1.7269335000310094e-06
1.7918724998889958e-08;6.281417999998666e-08;8.400056000100449e-08;1.7334424999717157e-06
2.0116024999879302e-08;6.1621979996562e-08;8.390278000151738e-08;1.5869134999229573e-06
2.1773360000224783e-08;6.090764000546188e-08;9.239498000242747e-08;1.7265059999772348e-06
1.6620634999708273e-08;6.451603999594227e-08;8.300753999501467e-08;1.3710059999721125e-06
2.167583999980707e-08;6.06192999985069e-08;8.298657999839634e-08;1.3805665000109002e-06
2.380126499920152e-08;7.737608000170439e-08;8.578406000160612e-08;1.5468034999503289e-06
2.137423999956809e-08;6.521300000022166e-08;8.335032000322827e-08;1.3826289999997244e-06
1.6444285000034142e-08;6.382266000146047e-08;8.615713999606668e-08;1.6685964999487624e-06
1.7141919999266976e-08;5.984624000266195e-08;8.359967999858782e-08;1.648408000037307e-06
2.1803869999712333e-08;6.957269999547861e-08;9.823703999863938e-08;1.7385925000417046e-06
2.410671999969054e-08;7.41907999967225e-08;1.0352385999867692e-07;1.7612000000372063e-06
2.1117150000645778e-08;6.6015279997373e-08;7.268758000573143e-08;1.4490810000279452e-06
2.0327820000238715e-08;6.248423999641091e-08;7.213841999764555e-08;1.4462880000064615e-06
1.7609690000244882e-08;8.146233999868855e-08;1.1152869999932591e-07;1.581294999923557e-06
1.962605500011705e-08;8.289199999999255e-08;1.074938500096323e-07;1.835803499998292e-06
2.1781979998922908e-08;5.68500200053677e-08;1.152591999998549e-07;1.859762999956729e-06
2.5979520002147183e-08;8.070341999991796e-08;9.258606000221335e-08;1.6302345000440255e-06
2.0607379998546094e-08;5.885347999865189e-08;1.0592088000266813e-07;2.0023064999259076e-06
2.616418999969028e-08;7.219017999595963e-08;7.90997400006745e-08;2.187286000116728e-06
1.8462645000545308e-08;8.58192199957557e-08;8.100374000496231e-08;1.6757355000299868e-06
1.578373000083957e-08;6.008259999798611e-08;1.0273923999629914e-07;1.8013799999607727e-06
1.6784975001064594e-08;6.078449999913573e-08;8.395662000402808e-08;1.697765499993693e-06
1.8476049999298993e-08;5.759794000186957e-08;1.0947645000123885e-07;1.740774999925634e-06
2.2764319999259896e-08;6.190464000101201e-08;8.088729999726638e-08;1.9587530000717377e-06
2.132784999994328e-08;8.835743999807165e-08;1.1405685001227539e-07;1.6166490000614431e-06
1.663731500011636e-08;9.756195999798365e-08;1.0564979999617207e-07;2.160836500115693e-06
2.1010164999461268e-08;7.536096000112593e-08;1.0406755001167767e-07;1.9428339999285527e-06
1.538095500000054e-08;6.238139999913983e-08;8.975988000165671e-08;2.018446000001859e-06
2.1351790000335313e-08;7.30991600023117e-08;8.138872000272385e-08;1.7594084999291226e-06
2.4687615000584627e-08;6.293688000296242e-08;9.23698999977205e-08;1.7848685001081322e-06
1.6782664999482223e-08;6.80138600000646e-08;7.858450000057929e-08;1.691030499932822e-06
1.9823564999387598e-08;6.154800000367687e-08;7.913982000318356e-08;2.0597760000964626e-06
1.726168500026688e-08;6.383729999652132e-08;9.431842000340111e-08;1.7526139999972657e-06
1.57668649990228e-08;6.909278000239283e-08;7.18457999988459e-08;1.719207499991171e-06
1.6564165000454524e-08;6.623067999607883e-08;8.485865999828092e-08;1.788257500011241e-06
1.731655000039609e-08;7.931254000286571e-08;7.872554000350646e-08;1.8129724999016616e-06
1.658930999983568e-08;6.420847999979742e-08;7.224656000034884e-08;1.6288089999579825e-06
1.6834279999602586e-08;5.972208000021055e-08;9.639887999510393e-08;2.0171349999145607e-06
1.6926984999736307e-08;6.419824000331574e-08;7.381035999860615e-08;1.7304714999045245e-06
1.5891040000133215e-08;8.650821999763139e-08;7.718850000528619e-08;1.7529244998877403e-06
1.701115000032587e-08;6.737520000315271e-08;8.028562000254169e-08;1.8298605000018143e-06
1.8051375000504776e-08;6.441407999955117e-08;7.932344000437296e-08;1.7855674999009352e-06
1.790616500074975e-08;8.587834000354633e-08;8.73827200033702e-08;1.6998895000142512e-06
1.713165000110166e-08;6.332229999825358e-08;7.551397999632172e-08;1.7790950000926386e-06
1.7300955000973773e-08;6.31171400018502e-08;7.811900000087917e-08;1.6179865000594873e-06
1.8975215000682512e-08;7.198982000118122e-08;8.494963999837636e-08;1.7552659999637399e-06
1.7536875000223517e-08;6.058699999703095e-08;9.201277999673039e-08;1.8447740000556223e-06
2.1061150002060458e-08;7.61718199995812e-08;8.380664000287652e-08;1.8342509999638424e-06
1.8928279999818188e-08;6.768338000401855e-08;8.149151999969035e-08;1.7466049999347887e-06
1.8028294999385252e-08;6.027439999743365e-08;7.811278000008314e-08;1.741403499909211e-06
1.999064499977976e-08;6.946307999896817e-08;8.480928000062704e-08;1.8607495000469498e-06
1.8724509999447036e-08;6.839063999941573e-08;8.47224000026472e-08;1.7461625000578352e-06
1.7719154999940656e-08;6.192670000018552e-08;8.7270060001174e-08;1.8601764999039006e-06
2.1806779998587444e-08;7.253634000080637e-08;8.893036000081338e-08;2.0160309999482705e-06
1.714497999928426e-08;6.044441999983974e-08;9.930273999925703e-08;1.907509000011487e-06
2.2378144999674988e-08;7.072259999695234e-08;8.978739999583922e-08;1.8626560000120662e-06
2.5963520002551378e-08;7.854061999823898e-08;1.003272000089055e-07;2.124180999817327e-06
2.1327264999854378e-08;7.426265999674797e-08;8.868009999860078e-08;2.0797405000485012e-06
2.0156649999262298e-08;6.484640000271611e-08;8.711798000149429e-08;2.0187760000408162e-06
1.8941310000082014e-08;6.217474000295625e-08;1.0400355000456329e-07;1.7854260001331567e-06
2.0942910001031122e-08;6.827345999772661e-08;1.1608475001412444e-07;1.6660265000246e-06
2.1884569997200744e-08;6.87073600012809e-08;8.381792000145652e-08;1.8056420001084916e-06
2.0094900000549387e-08;7.020443999790586e-08;9.284369999659248e-08;1.7683589999796822e-06
1.5769774999353104e-08;5.810421999776736e-08;8.422431999933906e-08;1.8236829999659677e-06
2.040599000174552e-08;6.156805999926291e-08;8.19322600029409e-08;1.9402895000530407e-06
1.922735999978613e-08;6.160256000002846e-08;7.98895200015977e-08;1.5932089999841991e-06
2.2876230001566e-08;6.678240000037476e-08;8.237193999812008e-08;1.85517300007632e-06
1.742923999991035e-08;6.526677999645471e-08;7.759420000365935e-08;1.7243109999981243e-06
2.3581140002352187e-08;7.057925999979489e-08;8.3999040001072e-08;1.7755744999158196e-06
1.654267499980051e-08;6.683434000005946e-08;7.886209999560378e-08;2.0636699997703544e-06
2.1142385000712238e-08;6.219014000380411e-08;7.442474000272341e-08;1.7392919999838342e-06
1.708815500023775e-08;8.422404000302777e-08;8.391178000019863e-08;1.7397600000549574e-06
1.8632520000392105e-08;6.020725999842398e-08;9.052943999995477e-08;1.7316994999418967e-06
1.943848000082653e-08;6.045261999825015e-08;7.46699399955105e-08;1.7692514999362173e-06
1.5601984999375417e-08;7.357803999911993e-08;7.950325999991037e-08;1.6292649999377317e-06
1.750736499961931e-08;5.455437999917194e-08;7.917495999718086e-08;1.6373240000393707e-06
1.706885500025237e-08;5.6533339997986335e-08;7.484757999773138e-08;1.7655465001007541e-06
1.6578635000041685e-08;6.199190000188537e-08;7.61246400012169e-08;1.7385484999977053e-06
1.6360879999410827e-08;6.023398000397719e-08;8.312647999846377e-08;1.615124499949161e-06
1.6710239999520125e-08;6.293658000067808e-08;8.03745399985928e-08;1.600722000002861e-06
1.5595655000652188e-08;5.870650000288151e-08;7.870961999869906e-08;1.6878120000183117e-06
1.5498905000276862e-08;5.760951999691315e-08;7.657070000423118e-08;1.6886849999718834e-06
1.648806000011973e-08;6.047321999794804e-08;8.277075999649242e-08;1.8461335000756663e-06
1.7301359999692067e-08;5.960388000239618e-08;7.525744000449776e-08;1.7803434999950696e-06
1.8159699998795988e-08;7.241524000419304e-08;8.020936000393703e-08;1.9239774999732615e-06
1.6593185000238007e-08;6.12446999992244e-08;7.593198000104167e-08;1.6970149999542628e-06
1.7522200000530574e-08;6.208927999832668e-08;7.820635999669321e-08;1.5460774999519345e-06
1.6044444999715778e-08;5.747687999974005e-08;8.401187999988906e-08;1.7953285000112374e-06
1.6090669999539385e-08;5.556449999567121e-08;7.958376000169664e-08;1.5925344999413938e-06
1.601457500073593e-08;5.698240000056103e-08;8.413245999836363e-08;1.6339830000652e-06
1.5986090000660623e-08;6.205381999607198e-08;7.619878000114113e-08;1.6733325000677722e-06
1.577034999936586e-08;8.299318000208587e-08;7.672908000531607e-08;1.773053500073729e-06
1.7183430001023226e-08;5.9428239997942e-08;7.763219999615103e-08;1.7059414999675936e-06
1.5995694999583066e-08;5.437614000402391e-08;8.021520000183955e-08;1.6950350000115577e-06
1.5527580000343734e-08;6.011752000194974e-08;7.50475800014101e-08;1.8077705000177957e-06
1.866899500018917e-08;6.020203999942169e-08;7.45474399998784e-08;1.9472334999591113e-06
1.5251470000657717e-08;8.49285600008443e-08;7.397770000388846e-08;1.740688499994576e-06
1.6221030001179314e-08;6.562382000265643e-08;7.489127999870106e-08;1.599729000008665e-06
1.68491799995536e-08;6.066293999901973e-08;6.819789999863133e-08;1.7451714999333489e-06
1.548109499999555e-08;5.635018000029959e-08;7.985130000161007e-08;1.6701975000614765e-06
1.66114200008451e-08;6.035033999942243e-08;7.555558000458404e-08;1.626268000109121e-06
1.5843655000207945e-08;5.968515999848023e-08;8.615693999454379e-08;1.920416000066325e-06
1.7812300000514368e-08;5.774029999738559e-08;7.413884000270627e-08;1.6218050000315998e-06
1.6563845000928268e-08;6.29387199995108e-08;7.38489200011827e-08;1.615583500097273e-06
1.9141050000325775e-08;6.468340000137687e-08;1.0906980000436307e-07;1.7018475000804756e-06
1.7376470001181588e-08;7.176329999929293e-08;7.099047999945469e-08;1.8102379998890684e-06
1.7037384999275674e-08;6.156121999956667e-08;7.654701999854297e-08;1.8555565000860952e-06
1.661107000109041e-08;5.7926219998626036e-08;7.577606000122614e-08;1.7869970000174363e-06
1.7770469999231864e-08;8.631741999997757e-08;7.409080000361428e-08;1.7465694999555126e-06
1.7433999999775552e-08;7.434543999843299e-08;7.324732000124641e-08;1.6047324999817647e-06
1.534492999926442e-08;6.813802000251598e-08;7.248709999839776e-08;1.7271885000809562e-06
1.6785365001123865e-08;6.496464000083506e-08;7.466555999708362e-08;1.631195500085596e-06
1.805785499891499e-08;5.755049999570474e-08;7.370756000163965e-08;1.6591935000906233e-06
1.6571859999385196e-08;7.071447999915108e-08;7.245755999465472e-08;1.652648000017507e-06
1.6051254999183584e-08;6.988983999472112e-08;7.22003799979575e-08;1.6256014999817127e-06
1.676034999982221e-08;5.6159739999566224e-08;8.118128000060096e-08;1.6309654999349732e-06
1.5705744999286252e-08;6.183797999983653e-08;8.341149999760092e-08;1.7262029999983497e-06
1.662460499937879e-08;6.68409000034444e-08;7.513916000025347e-08;1.91125049997936e-06
1.4915290000499225e-08;6.95897200028412e-08;7.990778000093997e-08;1.8409135000547394e-06
1.6455929999938236e-08;7.834437999990769e-08;7.474150000489317e-08;2.0101319999957924e-06
1.7800005000026432e-08;6.721491999924182e-08;8.05971399997361e-08;1.9460844999412074e-06
1.6177504998631776e-08;7.390326000167988e-08;7.9019759997027e-08;2.04307100008009e-06
1.6781970000010914e-08;7.471285999636166e-08;7.717937999987044e-08;1.9717174999823327e-06
1.7035855000722223e-08;7.863027999992482e-08;8.42869599990081e-08;2.071320000104606e-06
1.6504105000058188e-08;7.66234400041867e-08;7.684667999856174e-08;2.0565509999869392e-06
1.889097000093898e-08;7.725928000290878e-08;8.378746000234969e-08;1.9057014999270905e-06
1.6713594998873304e-08;7.929714000201783e-08;7.512016000109725e-08;1.8478564999531954e-06
1.5994779999891763e-08;7.10970800020732e-08;7.803512000245974e-08;2.0548420000704936e-06
1.588365000061458e-08;6.793637999799102e-08;8.741203999961726e-08;1.8768795000505634e-06
1.516284499957692e-08;6.611742000095546e-08;7.278245999477804e-08;1.8826705000537914e-06
1.6783325000142212e-08;7.192285999772139e-08;7.91359199967701e-08;1.891860499890754e-06
1.515025999979116e-08;6.435092000174336e-08;8.155643999925815e-08;1.8931474999408238e-06
1.5655929999775254e-08;7.241330000106245e-08;8.203435999457724e-08;1.9559304999711457e-06
1.6299880000588018e-08;7.198286000057123e-08;8.206527999718674e-08;2.015914000221528e-06
1.7260145000182092e-08;7.838358000153676e-08;7.82705600024201e-08;2.0041584999125917e-06
1.612357499980135e-08;6.753833999973722e-08;8.472407999797724e-08;2.314712999796029e-06
1.631438999902457e-08;7.118987999856472e-08;8.212952000321821e-08;1.8891720000829081e-06
1.6723834999720567e-08;7.333290000096895e-08;8.633740000077523e-08;1.823739499959629e-06
1.6988354999921286e-08;7.85401200002525e-08;7.590334000415168e-08;2.1381109999492763e-06
1.5123609999136534e-08;7.212992000277154e-08;8.256106000044383e-08;2.0060655000270343e-06
1.967529499961529e-08;7.029759999713861e-08;8.565963999717496e-08;1.9702895000227725e-06
1.6068354999879377e-08;7.81152400013525e-08;8.435295999515802e-08;1.9559025000489784e-06
1.5848275000462307e-08;7.471734000137076e-08;7.878001999924891e-08;2.025586999952793e-06
1.6608490000362507e-08;7.329677999950946e-08;8.105836000177078e-08;1.9850995000160764e-06
2.0027760000084527e-08;7.329489999683574e-08;8.309264000272379e-08;2.2152409999398514e-06
1.9613479998952243e-08;8.28138199984096e-08;8.200242000166327e-08;2.021008500014432e-06
1.7914720000408123e-08;7.2602319996804e-08;8.12800400017295e-08;1.940489999979036e-06
1.869332500064047e-08;7.068237999919802e-08;9.530013999901712e-08;2.0419800000672696e-06
1.6522984999755863e-08;8.592108000302688e-08;8.265772000304424e-08;2.066626999876462e-06
1.4870269999664742e-08;6.893352000042796e-08;8.155048000044189e-08;1.7896499999915249e-06
1.8341899999359158e-08;7.385260000010021e-08;8.4823200001847e-08;2.009949999919627e-06
2.0877260000270325e-08;8.469998000073246e-08;8.242143999668769e-08;2.0596769999247042e-06
2.1151309998822397e-08;7.238083999836817e-08;8.557877999846823e-08;2.0437394999316895e-06
1.8663860000378917e-08;7.253203999716788e-08;7.749626000295393e-08;2.2843779998947866e-06
2.059713499911595e-08;7.211001999676228e-08;7.892354000359773e-08;2.066080999793485e-06
1.6365080000832677e-08;7.522558000055142e-08;8.980673999758437e-08;2.1064949998981317e-06
1.8307744999765417e-08;8.46834200026933e-08;7.923656000057236e-08;2.0142460000352003e-06
1.7382299999007955e-08;7.590434000012465e-08;8.474703999818303e-08;2.0445835001009982e-06
1.753117000043858e-08;7.695220000459813e-08;7.846563999773935e-08;1.8676509999204427e-06
1.9904289999976753e-08;7.294741999940015e-08;9.006264000199735e-08;2.265721999865491e-06
1.7658479999226982e-08;8.403158000437543e-08;9.166141999885439e-08;1.863376499968581e-06
1.7328745000122582e-08;7.691915999748744e-08;8.412883999990299e-08;2.000227999960771e-06
2.0501759997569026e-08;6.553758000372909e-08;7.771659999853e-08;1.918445000046631e-06
1.5650884999195112e-08;7.688257999834605e-08;8.616002000053414e-08;2.157290000177454e-06
1.7872799999895507e-08;7.718731999630108e-08;8.685711999423803e-08;1.922626500017941e-06
1.8261509999865667e-08;8.005636000307277e-08;8.141109999851324e-08;1.8926480000664014e-06
1.721294500021031e-08;7.280436000437476e-08;8.308552000089549e-08;1.927896499983035e-06
1.698595000052592e-08;7.891286000376568e-08;7.769533999962732e-08;2.085748999961652e-06
1.7004914999415632e-08;7.113176000420935e-08;7.768394000013358e-08;1.939450000063516e-06
2.0049940000171774e-08;6.961384000023827e-08;8.72209599998314e-08;1.9565650000004097e-06
1.641346499964129e-08;6.557629999588243e-08;7.875067999702879e-08;2.0455940000829285e-06
1.6811479999159927e-08;7.085753999999724e-08;8.47462199977599e-08;1.852781499910634e-06
1.914800000085961e-08;8.113000000012107e-08;9.586425999877974e-08;1.8075030000181868e-06
1.6557250000187195e-08;7.772730000433512e-08;7.973023999948054e-08;1.8417555000633e-06
1.5792769999825396e-08;7.1239580004476e-08;8.273621999542229e-08;1.835737500077812e-06
1.7785344998992515e-08;6.977312000235542e-08;7.910252000438049e-08;1.9677169999340547e-06
1.599156500014942e-08;7.312781999935397e-08;7.76685000048019e-08;1.925016499881167e-06
1.7198430000280495e-08;6.912745999870822e-08;8.339895999524742e-08;1.9025630000396632e-06
1.5591489999496844e-08;8.106775999767706e-08;7.8909360000398e-08;1.818621999991592e-06
2.1168274999945426e-08;8.19934600032866e-08;8.293399999965914e-08;2.0185599999967963e-06
1.7832354998972732e-08;8.030507999937982e-08;7.984627999830991e-08;2.122423999826424e-06
1.7930289999640083e-08;7.112337999860757e-08;8.594622000236996e-08;1.958085500082234e-06
1.724450000037905e-08;7.122467999579385e-08;9.414889999898151e-08;1.8479569999908563e-06
1.9428130000596866e-08;6.98917000030633e-08;7.598006000043825e-08;1.8723029999819118e-06
1.8863799999235197e-08;8.034572000033222e-08;8.866771999746561e-08;2.134731000114698e-06
2.200081000046339e-08;6.93068599968683e-08;8.526445999741555e-08;1.913203000003705e-06
1.914126000046963e-08;7.57021400029771e-08;8.137977999867871e-08;1.8983679999655578e-06
1.750982999947155e-08;6.756607999559492e-08;8.948340000351891e-08;1.8408170000475366e-06
1.5831884999352042e-08;7.167393999989144e-08;7.981828000047244e-08;2.003324000106659e-06
1.6751540001132525e-08;7.030850000446663e-08;8.493356000399218e-08;1.8775610000011511e-06
1.6916749998927115e-08;7.969832000089809e-08;7.930581999826245e-08;1.9238414999563247e-06
2.023027499963064e-08;8.06752200005576e-08;7.557025999994948e-08;2.035436500009382e-06
1.8717540000216104e-08;7.518848000327125e-08;8.576243999996222e-08;2.040036500111455e-06
1.745387999981176e-08;7.73410599969793e-08;7.7480579999974e-08;1.924888500070665e-06
2.00221800012514e-08;7.629670000169426e-08;8.834677999839187e-08;2.0660849999694617e-06
1.8564349999360274e-08;8.265768000273965e-08;9.140102000092156e-08;2.0575470000039785e-06
2.044014999992214e-08;8.487808000063523e-08;8.912731999880634e-08;2.2466209999402056e-06
2.5463239999953656e-08;8.670621999772266e-08;8.337756000109949e-08;2.0512880000751465e-06
2.0992480000131764e-08;7.635435999836773e-08;8.365904000238516e-08;1.8856769999547396e-06
1.5910765000444372e-08;8.636523999739438e-08;1.0334504999627824e-07;2.071829000196885e-06
1.5543215000070633e-08;6.935010000015609e-08;8.487701999838463e-08;2.108504000061657e-06
1.748556499951519e-08;6.57372000045143e-08;7.637797999777832e-08;2.1650739997858184e-06
2.0185049998690376e-08;7.656720000086352e-08;7.580810000072234e-08;1.8556795000040438e-06
2.14898300007917e-08;8.18758399982471e-08;8.084031999460421e-08;1.885997000063071e-06
1.7673854999884496e-08;7.625006000162103e-08;7.871606000117026e-08;2.077529000089271e-06
1.799370499938959e-08;7.459435999626294e-08;8.282334000105039e-08;1.9356709999556186e-06
1.732009499974083e-08;8.156816000118851e-08;9.85428599989973e-08;2.171029000019189e-06
2.006569499935722e-08;9.573501999839209e-08;8.266821999568492e-08;2.3232580002513714e-06
2.1104505000403152e-08;8.427903999690897e-08;1.0397801999934017e-07;2.087110999855213e-06
1.9166815000062342e-08;8.492626000079327e-08;8.875090000219643e-08;2.271766999911051e-06
2.1668939999653958e-08;6.65359599981457e-08;1.1088014999404549e-07;2.2327819999190977e-06
1.6521459999785294e-08;8.463524000253529e-08;9.67088799981866e-08;2.27033000002848e-06
1.7886290000751615e-08;8.26013999991119e-08;8.769715999951586e-08;2.2469134999846576e-06
2.3136330000124873e-08;8.822482000105083e-08;9.59973999997601e-08;2.103324000054272e-06
2.058054499939317e-08;8.64000000001397e-08;9.043969999765977e-08;2.103433999873232e-06
1.793768000061391e-08;1.044430000038119e-07;1.056376500055194e-07;2.0933859999058766e-06
2.1405315000447445e-08;8.120097999926657e-08;8.411998000228778e-08;2.0734529997571373e-06
2.1545160000096075e-08;7.852446000324563e-08;9.040352000156418e-08;6.733814000035636e-07
2.2252329997718334e-08;8.561288000200875e-08;7.460841999854893e-08;5.957341999746859e-07
2.157398500130512e-08;8.0869860004168e-08;8.772983999806456e-08;5.930270000244491e-07
1.7255600000498817e-08;9.301821999833919e-08;8.488149999757298e-08;5.634290000307374e-07
2.0948225000756793e-08;9.292682000086643e-08;8.68934599973727e-08;5.945568000315689e-07
1.9370859999617095e-08;8.44450400036294e-08;8.786668000393547e-08;5.950194000033662e-07
2.2880819998681544e-08;6.291113999905065e-08;7.533463999861851e-08;6.399756000027991e-07
2.4799350000103005e-08;9.156287999940105e-08;8.470845999545418e-08;5.79355800000485e-07
2.467919000191614e-08;8.371583999833092e-08;1.1069079999288078e-07;7.004447999643162e-07
1.957261999923503e-08;6.87921800010372e-08;1.0290539999550674e-07;5.756648000096902e-07
1.7960580000362824e-08;5.9330680000130087e-08;1.0056644999713171e-07;5.883193999761716e-07
2.064095000096131e-08;1.0582350000040605e-07;7.517798000480979e-08;5.595239999820478e-07
2.477068000007421e-08;7.355986000038683e-08;9.191744000418112e-08;6.885995999909937e-07
1.7564454999228473e-08;8.205621999804862e-08;9.607412000186742e-08;6.460671999957413e-07
1.975675499998033e-08;8.92481199989561e-08;8.846746000344865e-08;5.934345999849029e-07
1.7041755000536797e-08;1.1006464999809395e-07;1.0402204000274651e-07;5.625230000005104e-07
2.0962470000085888e-08;9.935872000060044e-08;7.675949999829754e-08;5.331271999748424e-07
2.115711999940686e-08;1.135579499969026e-07;8.452315999893472e-08;6.48695999989286e-07
1.7787159999716096e-08;9.148622000357136e-08;8.728970000520349e-08;5.718453999725171e-07
1.8164795001212043e-08;8.544002000126057e-08;7.340967999771237e-08;6.695146000129171e-07
1.9877740000083576e-08;1.0886700000264682e-07;1.0719710000557825e-07;5.42066199996043e-07
2.3186209998675622e-08;5.66339600016363e-08;7.714926000335253e-08;6.24256199982483e-07
1.95641300000716e-08;7.748357999953442e-08;8.384933999623172e-08;6.554354000254534e-07
1.6606314999808092e-08;6.962347999797203e-08;7.310674000182189e-08;6.654507999774068e-07
2.1418409998295828e-08;7.064462000271305e-08;8.675771999987774e-08;6.029938000137918e-07
2.0666919999348466e-08;6.617219999898225e-08;8.020588000072166e-08;6.056095999665558e-07
1.695573000033619e-08;8.136883999686689e-08;7.681931999977678e-08;6.476296000182628e-07
2.159436999936588e-08;7.728610000340268e-08;8.766497999895364e-08;5.99335799983237e-07
1.6871870000613853e-08;6.281565999961458e-08;6.758995999698528e-08;5.798867999692448e-07
2.2740889998385684e-08;6.322892000316643e-08;8.358256000210531e-08;5.654616000247188e-07
1.6160325000237207e-08;5.591846000170335e-08;7.54272399994079e-08;5.748061999911442e-07
2.3113534999720286e-08;8.331754000391811e-08;8.298536000074819e-08;5.83173600025475e-07
1.6675185000349303e-08;6.212003999971785e-08;7.58218200004194e-08;5.719868000014685e-07
1.681005999998888e-08;7.907045999891125e-08;7.370475999778137e-08;5.525227999896743e-07
1.763877999910619e-08;6.97472000028938e-08;7.179720000131056e-08;5.649942000163719e-07
1.5415205000317656e-08;7.330770000116899e-08;7.100483999820426e-08;5.460362000158057e-07
2.0662445000198205e-08;6.444913999876008e-08;7.563954000361264e-08;6.274409999605269e-07
2.36778399994364e-08;8.276401999755763e-08;7.155326000065543e-08;5.589063999941573e-07
1.7009189999953378e-08;6.493223999859766e-08;9.081324000144377e-08;5.827789999893867e-07
2.0835620000434574e-08;9.803104000166058e-08;7.429809999885038e-08;5.654191999929026e-07
1.982444500026759e-08;5.7390920002944765e-08;7.941301999962888e-08;6.296013999963179e-07
1.9460655000875704e-08;7.499162000021897e-08;7.278884000261314e-08;5.723155999439769e-07
1.5969989998848178e-08;8.140941999736242e-08;7.079738000174985e-08;5.655208000098355e-07
1.674994499917375e-08;7.727139999624342e-08;7.737552000326105e-08;5.564255999634042e-07
2.072467999823857e-08;8.438931999844499e-08;7.16721199976746e-08;5.875584000023082e-07
1.652721999998903e-08;6.950376000022515e-08;7.702206000103615e-08;5.709426000248641e-07
1.652544499957003e-08;7.612188000348397e-08;7.339326000073925e-08;6.022477999795229e-07
1.5956425000331366e-08;7.384467999800108e-08;7.485982000362128e-08;5.842699999921023e-07
1.8702715000836178e-08;7.41909799980931e-08;6.836031999555417e-08;6.394906000350601e-07
2.5934540000162087e-08;6.612082000356168e-08;8.322686000028625e-08;5.80379199993331e-07
2.0944420000887476e-08;7.489049999858252e-08;9.164094000007026e-08;5.819128000293858e-07
1.7130904999794438e-08;7.362348000169731e-08;7.663767999620176e-08;5.524079999886453e-07
1.6438065000693315e-08;7.189149999758228e-08;7.674620000179857e-08;5.815500000026077e-07
1.8025829999533018e-08;8.75153600005433e-08;7.57002400001511e-08;6.105978000559844e-07
1.637075499893399e-08;7.889516000286676e-08;1.1171214999922085e-07;5.463372000376694e-07
1.6312695000669918e-08;7.898360000108369e-08;7.423995999852195e-08;5.747129999799654e-07
2.0202024999889544e-08;7.930633999640122e-08;6.910381999914535e-08;5.907667999854311e-07
1.6716499999165536e-08;7.460381999844685e-08;8.565546000027098e-08;5.864337999955751e-07
1.6486275001079776e-08;8.839693999616429e-08;7.452766000060364e-08;5.362224000273273e-07
1.496614499919815e-08;8.435754000092857e-08;7.825489999959245e-08;5.297787999734282e-07
1.927698999934364e-08;5.671089999959804e-08;7.297750000143423e-08;6.347763999947347e-07
1.657386000006227e-08;6.711192000075243e-08;7.226779999909922e-08;5.560970000224188e-07
1.8573944999661763e-08;7.371158000314608e-08;6.750414000125602e-08;5.636363999801688e-07
1.684362499945564e-08;7.251445999718271e-08;7.031311999890022e-08;5.439168000011704e-07
1.7863159999251366e-08;5.642769999685697e-08;7.32367999968119e-08;6.162808000226506e-07
1.8931814999086784e-08;9.110907999565825e-08;7.29261200001929e-08;5.936908000148833e-07
2.01392200004193e-08;8.572558000450953e-08;8.752524000010454e-08;6.667572000296786e-07
1.8449559999862686e-08;8.013272000243887e-08;1.0799204999057111e-07;6.223777999985032e-07
2.2459280001930894e-08;8.50821600004565e-08;1.0541299999749754e-07;6.191703999647871e-07
2.504252000071574e-08;9.677650000085123e-08;8.789569999789819e-08;6.733842000248842e-07
2.3819689999800174e-08;7.265552000026219e-08;7.64237800030969e-08;6.414072000188753e-07
2.013917500007665e-08;7.534077999880537e-08;8.513888000161387e-08;6.198486000066623e-07
2.0725100001436658e-08;7.868449999950826e-08;7.326167999999598e-08;6.257643999997526e-07
2.045992500061402e-08;9.22171399986837e-08;7.915330000105314e-08;5.988563999999314e-07
2.013526000082493e-08;7.513523999950848e-08;7.692845999845304e-08;5.625387999461964e-07
1.8046195000351874e-08;7.716767999809236e-08;7.840225999825634e-08;5.78903200046625e-07
1.7392025000299326e-08;8.746547999908216e-08;8.244693999877199e-08;6.203616000129841e-07
1.632685499935178e-08;8.393166000023484e-08;7.17168600007426e-08;5.398259999928996e-07
1.5879085000779016e-08;6.595529999467545e-08;7.413743999786675e-08;5.779818000155501e-07
1.494972499931464e-08;6.881806000019424e-08;9.053644000086934e-08;5.463159999926575e-07
1.9977279999875464e-08;7.458831999683753e-08;7.271888000541367e-08;6.383884000242688e-07
1.667553000006592e-08;7.000014000223018e-08;8.19221000012476e-08;6.261427999706939e-07
1.7518695000035223e-08;8.146136000286788e-08;8.304235999821686e-08;5.960213999496773e-07
2.0464139999239704e-08;8.761269999668002e-08;9.141592000378296e-08;5.621492000063882e-07
1.771825500036357e-08;7.573351999744773e-08;8.310618000105024e-08;5.914481999934651e-07
2.0215435000136494e-08;6.458667999831959e-08;7.267443999880924e-08;5.57193599990569e-07
1.7860970000037922e-08;7.457502000033856e-08;7.055576000129804e-08;5.843675999785773e-07
1.6096844999992756e-08;7.775024000438861e-08;7.689554000389762e-08;6.120306000229902e-07
2.05819299997529e-08;9.102200000197627e-08;8.648182000033557e-08;5.443369999993592e-07
1.6964194999309256e-08;1.0157194999919739e-07;8.480909999925643e-08;5.956322000129148e-07
1.6851925000082702e-08;8.393773999996484e-08;7.06826599955093e-08;5.656122000073082e-07
1.5128905000165104e-08;7.114660000079311e-08;7.372018000460229e-08;6.146319999825209e-07
1.6204754999489524e-08;7.742190000135451e-08;7.878621999989263e-08;5.868445999803953e-07
1.634699500136776e-08;7.506818000110797e-08;7.218051999807358e-08;5.601217999937945e-07
1.607178000122076e-08;6.907441999646835e-08;7.426324000116437e-08;5.453158000018448e-07
1.702247999928659e-08;7.49909000005573e-08;7.74978400033433e-08;5.693991999723948e-07
1.642264999973122e-08;7.715455999714322e-08;1.095977000077255e-07;6.301084000151604e-07
1.593023499881383e-08;7.815176000003703e-08;7.052933999802918e-08;5.727881999919191e-07
1.6104895000171382e-08;7.503013999667019e-08;7.924131999607197e-08;6.165199999813921e-07
1.6688380000414327e-08;7.39057800034061e-08;7.073437999933958e-08;5.794180000084452e-07
1.766073999897344e-08;6.603619999950751e-08;7.87241999991238e-08;1.6186305000155699e-06
1.965780500031542e-08;5.5926159996306525e-08;8.535099999862723e-08;1.6332184999191669e-06
1.7904835000808815e-08;6.360057999845594e-08;1.0751010000240058e-07;1.8043259999831207e-06
2.1800459999940358e-08;7.005886000115424e-08;9.482266000122763e-08;1.7904460000863764e-06
1.9418885000050067e-08;7.270908000064083e-08;9.255756000056863e-08;1.8803104999824427e-06
1.8490599999495315e-08;6.648293999605812e-08;8.156056000152603e-08;1.6913759999442845e-06
2.5038490002043546e-08;6.715398000087589e-08;8.200272000394761e-08;1.635043999995105e-06
2.114231000014115e-08;6.794777999748475e-08;9.44712000025902e-08;1.8356879999919328e-06
2.2825820001889953e-08;8.268393999896943e-08;1.0034172000014222e-07;2.015679999894928e-06
2.1304474999487865e-08;7.939231999916956e-08;8.125014000106603e-08;1.8522800000209826e-06
2.591831000172533e-08;7.030710000544787e-08;1.0940020000271033e-07;1.8557964998763055e-06
2.3438619999797083e-08;8.626443999819458e-08;8.16884400031995e-08;1.8284229999699165e-06
2.218198499904247e-08;6.305920000304468e-08;7.663039999897591e-08;1.7085249999945518e-06
1.8230965000111608e-08;5.982238000142388e-08;9.487481999676675e-08;2.004581000073813e-06
2.1824170000036246e-08;6.825845999992452e-08;8.13527200021781e-08;1.7802900000242517e-06
1.9796009999117812e-08;6.140398000134155e-08;9.31241600017529e-08;1.6868879999674392e-06
1.8638660000578967e-08;6.274946000194177e-08;9.319426000001841e-08;1.6536899999482557e-06
2.028617000032682e-08;6.447497999761254e-08;1.0493885999894701e-07;1.7864159999589902e-06
2.172431999933906e-08;7.143088000011631e-08;9.77539399988018e-08;1.7947810000623576e-06
2.2162239998579027e-08;7.242710000136867e-08;8.287526000058278e-08;1.7187100001319777e-06
1.8674810000811705e-08;7.280380000011064e-08;1.0136650000349619e-07;1.7600495000078809e-06
2.4295479999273085e-08;6.558521999977529e-08;8.517544000060297e-08;1.6461229999549688e-06
1.7820105000282638e-08;6.970903999754227e-08;1.0225670000363607e-07;1.770214499993017e-06
2.4495049999677576e-08;7.957700000260956e-08;1.0337710000749212e-07;1.8170669999381061e-06
1.9891504998668098e-08;7.449347999645397e-08;1.0850804999063257e-07;1.6692005000368226e-06
1.7892599999322557e-08;6.970828000339679e-08;9.399264000239782e-08;1.692829000094207e-06
2.234169000003021e-08;6.55544799985364e-08;9.06922599999234e-08;1.9823325000470504e-06
2.120954999991227e-08;6.417766000377015e-08;9.671423999825493e-08;1.7572899999504444e-06
2.1463149998453447e-08;7.057630000053904e-08;9.978439999977127e-08;1.8664970000099856e-06
1.7503605000092646e-08;6.541488000075333e-08;7.87605200021062e-08;1.7225825000787155e-06
1.596323500125436e-08;6.17417600005865e-08;8.09674999967683e-08;1.791477000078885e-06
1.8225430000165943e-08;6.277659999905155e-08;7.547112000174821e-08;1.736798999918392e-06
1.5612729999702422e-08;6.693091999622993e-08;9.117846000008285e-08;1.503169500065269e-06
1.861668999918038e-08;7.619188000098802e-08;8.880366000230424e-08;1.7977185000199825e-06
1.942194000002928e-08;7.600912000052631e-08;9.978884000447578e-08;1.7090564999671186e-06
2.0798100001411512e-08;7.580639999941923e-08;1.1057069999515079e-07;1.9617360000847837e-06
2.1350809998693875e-08;6.805253999773413e-08;7.41102600004524e-08;1.6671544998825993e-06
1.6639494999253658e-08;6.140859999577515e-08;8.42546800035052e-08;1.6510330000892282e-06
1.538704500126187e-08;6.02891799993813e-08;7.397075999761e-08;1.6976760000397917e-06
1.6927415000100155e-08;6.621759999543429e-08;7.956844000145793e-08;1.6128184999979568e-06
1.5669649999472313e-08;6.950300000025891e-08;7.732331999577581e-08;1.722736000083387e-06
1.7574454999703448e-08;6.118442000006325e-08;8.319488000124692e-08;1.7107290000421926e-06
1.823325000004843e-08;7.00101399968844e-08;7.595235999906436e-08;1.5131215000292286e-06
1.521626500034472e-08;6.243286000099034e-08;9.752506000222639e-08;1.5884174998791422e-06
2.0975959999486803e-08;6.042428000364453e-08;8.60963199986145e-08;1.8243000000074971e-06
1.73307550008758e-08;5.5431000003591177e-08;9.189301999867894e-08;1.6563165000115987e-06
1.64241549995495e-08;5.572880000108853e-08;7.992489999742247e-08;1.8212209999910555e-06
2.0962159999180586e-08;6.8054500001017e-08;8.293604000355117e-08;1.597145499981707e-06
1.6872405000322032e-08;6.448306000092998e-08;8.705503999954089e-08;1.687734500010265e-06
1.7857889999868347e-08;7.241066000424326e-08;7.665415999945253e-08;1.6637599999376107e-06
1.697857999970438e-08;6.105745999957434e-08;7.91504199965857e-08;1.636714999913238e-06
1.6886935000366067e-08;7.129935999982991e-08;8.118594000115991e-08;1.5260185000079217e-06
2.1394230000441893e-08;5.740822000079788e-08;7.475167999509722e-08;1.7156669999531005e-06
2.0165105001069607e-08;6.282547999871894e-08;9.349164000013843e-08;1.5815615000610706e-06
1.5539020000142044e-08;5.695665999664925e-08;1.0501590000058059e-07;1.5809765001176856e-06
1.963934000086738e-08;6.809095999924466e-08;8.322747999918647e-08;1.7629674999625422e-06
1.7541609999898357e-08;6.850051999790594e-08;8.307385999942198e-08;1.5961474999494385e-06
1.7638440000882837e-08;7.166997999884188e-08;7.954191999742761e-08;1.7502175000845455e-06
1.874151499941945e-08;8.017834000056609e-08;1.01743199993507e-07;1.710012999974424e-06
2.0510490000015125e-08;6.100418000132776e-08;7.585364000406117e-08;1.8329124999581836e-06
1.893502000020817e-08;6.068747999961488e-08;8.943192000151611e-08;2.0133250000071713e-06
2.3100260000501293e-08;6.66793600015808e-08;7.901859999983572e-08;2.120679499930702e-06
2.4528995000582655e-08;6.199948000139557e-08;1.0149909999745433e-07;1.6728509998938535e-06
2.208098999981303e-08;6.944454000331461e-08;9.353634000290186e-08;1.6005789999326226e-06
1.7094305000500754e-08;6.432510000304318e-08;8.047393999877386e-08;1.858819500048412e-06
2.2454259998630732e-08;6.998808000353165e-08;8.789865999715403e-08;1.7742954999266659e-06
1.7321599999559112e-08;6.321592000313103e-08;8.95284200028982e-08;1.7923744999279734e-06
1.541818500118097e-08;6.373215999919921e-08;8.373696000198833e-08;1.651912000088487e-06
2.0931639999616892e-08;6.699449999723584e-08;7.92652000032831e-08;1.6887639999913517e-06
1.9681769999442622e-08;5.973692000261508e-08;8.00217200012412e-08;1.634552000032272e-06
1.6816149999795016e-08;6.053413999616168e-08;7.391715999692679e-08;2.0884629999636674e-06
1.7777519999071954e-08;6.182607999653556e-08;8.271556000108831e-08;1.5467080000962597e-06
1.9947570000658743e-08;6.114108000183478e-08;9.045788000221364e-08;1.6503689999808557e-06
2.1943040000041948e-08;7.29834400000982e-08;7.934198000002653e-08;1.6041865000443068e-06
1.7783150001196192e-08;6.763340000179596e-08;8.92113399982918e-08;1.6033924999646843e-06
1.830636500089895e-08;6.25334800046403e-08;9.188237999915145e-08;1.9105059999856164e-06
1.5955460000259335e-08;6.7197640001541e-08;7.628555999835953e-08;1.7369900000630879e-06
1.6407084999082144e-08;6.760839999769815e-08;7.829381999908946e-08;1.6267255001002923e-06
1.7532734999258536e-08;5.760607999982312e-08;7.89613000000827e-08;1.8046909999975468e-06
1.8212209999910557e-08;5.864372000214644e-08;7.8666240000166e-08;1.669646499940427e-06
1.5940824999415783e-08;6.259334000060335e-08;9.23057800042443e-08;1.6230019999784418e-06
1.8034069999703205e-08;6.709835999645292e-08;8.524132000165992e-08;1.6643029999977443e-06
1.5850294999836477e-08;6.280033999937586e-08;7.493795999907888e-08;1.7992865000269376e-06
2.1400890001677908e-08;6.397163999499753e-08;7.484996000421233e-08;1.6465635001077316e-06
1.512411499861628e-08;6.55073200003244e-08;8.096115999505855e-08;1.814221499953419e-06
1.690336500032572e-08;5.5377980001503604e-08;8.24441000004299e-08;1.9379150000168012e-06
1.5488854999421163e-08;6.394617999903858e-08;1.0337179999623913e-07;1.5146434999769553e-06
1.7624859999341424e-08;5.759622000041418e-08;8.730109999887645e-08;1.5655830000468996e-06
1.736945500015281e-08;6.407823999761604e-08;7.869903999962844e-08;1.6879420001350809e-06
1.7483594999066553e-08;6.373525999952108e-08;9.074278000043705e-08;1.750513500010129e-06
2.1955609999713487e-08;7.210828000097535e-08;7.69450199964922e-08;1.8352649999724235e-06
1.6277075000107287e-08;7.602030000416562e-08;1.043160999979591e-07;1.6958864999469369e-06
1.65790900005959e-08;7.255654000327923e-08;9.199578000116162e-08;1.5817260000039822e-06
2.3455660001491197e-08;7.307076000142842e-08;8.83592199999839e-08;1.9003594999958295e-06
2.0569209998939185e-08;6.99813199986238e-08;9.495788000058383e-08;2.097568000026513e-06
1.945276499900501e-08;6.06043400010094e-08;9.438764000078663e-08;1.5845509999780917e-06
2.0291470001393462e-08;6.882321999873967e-08;8.935031999717467e-08;1.6060109999671112e-06
2.1353839998482725e-08;5.458879999932833e-08;8.521711999783292e-08;2.0064984999771697e-06
1.7732850000902546e-08;5.673585999757051e-08;8.335008000140078e-08;1.8506209999031853e-06
2.1726559998933227e-08;8.233599999803118e-08;8.518703999579884e-08;1.7438024999864865e-06
1.71353799989447e-08;7.382656000554561e-08;8.754456000169739e-08;2.339501999958884e-06
1.692047999968054e-08;8.734434000216424e-08;9.443095999886281e-08;2.177922000118997e-06
2.1467385000141802e-08;7.86539199994877e-08;9.566481999936513e-08;2.3221660000854172e-06
2.1616650000214576e-08;7.093777999980375e-08;7.999727999558673e-08;2.195038000063505e-06
1.7276630000560545e-08;9.442460000282154e-08;1.0989549999067094e-07;2.273014999809675e-06
2.443395000009332e-08;9.214662000304088e-08;8.38828400010243e-08;2.0428410000749864e-06
2.166859999997541e-08;7.268312000087463e-08;9.848135999636725e-08;2.3337349999928846e-06
2.201020999928005e-08;1.0465990001102909e-07;8.632156000239774e-08;2.7192810000269675e-06
1.7120905000774656e-08;8.221938000060618e-08;1.0232460001134314e-07;2.4380110000493006e-06
2.0231280000007247e-08;1.1780654999893159e-07;9.744501999812201e-08;2.1912419999716805e-06
2.083095499983756e-08;7.743211999768391e-08;1.1549604999891016e-07;2.081985999830067e-06
2.2044884999922943e-08;7.556855999864637e-08;8.812990000005812e-08;2.1059569998760707e-06
1.9030440000642558e-08;8.813066000002436e-08;1.0857285999809392e-07;2.772965999902226e-06
2.532581000123173e-08;9.815143999876455e-08;9.777993999887257e-08;2.8089019999606536e-06
2.469182000204455e-08;8.08429199969396e-08;1.0366390000854154e-07;2.3189530000672675e-06
2.2777959999802986e-08;7.843991999980062e-08;1.229412999964552e-07;2.229331000125967e-06
2.60712399991462e-08;7.276812000200152e-08;1.0840695999795571e-07;2.622558000148274e-06
1.7605875000299422e-08;8.043532000156119e-08;1.1323755000194069e-07;2.3832069998024964e-06
1.8965509999543428e-08;8.580936000216752e-08;1.1283630000252742e-07;2.0028150000143796e-06
2.0897340000374244e-08;7.497975999722257e-08;1.1657680000644177e-07;2.561264999967534e-06
2.2526350000407547e-08;6.98249599954579e-08;9.36158999975305e-08;2.016271000029519e-06
2.19443499983754e-08;7.494869999936782e-08;1.1196335999993608e-07;2.262306000047829e-06
1.6174575001059567e-08;8.185176000115461e-08;8.195504000177606e-08;2.5176660000579434e-06
1.9198945000243837e-08;8.889539999654516e-08;1.021047499962151e-07;2.3420269999769517e-06
1.7319195000163746e-08;7.900199999567121e-08;9.34480199997779e-08;2.5486539999837986e-06
2.107238000025973e-08;7.668689999845811e-08;8.951941999839619e-08;2.5776690000202505e-06
1.7697564999980387e-08;7.428090000175871e-08;9.137957999482751e-08;2.5618320002104155e-06
2.343828000011854e-08;6.536737999995239e-08;7.670638000126928e-08;2.1560389999649487e-06
2.1813429999747312e-08;1.020052000094438e-07;8.212967999861576e-08;2.0785150001756847e-06
1.9916035000642295e-08;1.0017943999846465e-07;8.355465999920852e-08;2.192683999892324e-06
1.8965005000063683e-08;7.598605999955908e-08;9.468518000212498e-08;2.1904670001822524e-06
1.8922010000096633e-08;8.039675999898464e-08;1.0984039999893866e-07;2.697938999917824e-06
1.9154744999832473e-08;1.0031290000188164e-07;9.870062000118196e-08;2.2688589998870155e-06
2.0126659999368712e-08;9.438383999513462e-08;9.208942000404932e-08;2.5514180000755006e-06
2.1308750001480804e-08;8.165111999842339e-08;8.790956000448205e-08;2.1831810000003314e-06
1.9740839999576566e-08;1.0169889999669977e-07;7.933606000151485e-08;2.5728749998961575e-06
1.7374900000868364e-08;7.551541999564506e-08;8.587410000036471e-08;2.2825169999850914e-06
1.755159000022104e-08;7.970963999978266e-08;9.714999999850989e-08;2.339322500047274e-06
2.0174894999945535e-08;7.801652000052854e-08;9.357415999984368e-08;2.2648139999364504e-06
1.7269900000246708e-08;6.149925999925472e-08;8.201439999975264e-08;2.2297490001074037e-06
2.0154700000421145e-08;7.678377999691293e-08;1.0302099998807534e-07;2.2248280001804233e-06
1.931149000010919e-08;8.792631999822333e-08;9.397589999716729e-08;2.201207999896724e-06
1.691601499915123e-08;7.697101999656297e-08;1.0157109999272507e-07;2.090932999853976e-06
1.7534750000049827e-08;1.0955829999875277e-07;1.058704999886686e-07;2.3644550002063624e-06
1.7460650000430178e-08;7.778823999688029e-08;8.066848000162281e-08;2.247860999777913e-06
1.8858560000080616e-08;9.513716000365094e-08;9.646558000240475e-08;2.1745850000297653e-06
2.024634999979753e-08;8.28944800014142e-08;1.0064625000813976e-07;2.3909129999810828e-06
2.041229000024032e-08;9.526294000097551e-08;9.817634000210091e-08;2.346861000114586e-06
2.2303234999708366e-08;7.864724000100978e-08;1.034347500099102e-07;2.050077999883797e-06
2.1421344998816494e-08;6.895830000285059e-08;9.499072000035085e-08;2.610901000152808e-06
2.0239230000879615e-08;1.071278000017628e-07;8.620169999776407e-08;2.2233889999915844e-06
1.8330599999171683e-08;1.0547485000279266e-07;8.95352199964691e-08;2.0941105000383684e-06
1.9356355001218618e-08;7.171827999991365e-08;1.0263629999826662e-07;2.4489089997950943e-06
1.6756440000608563e-08;7.846552000264637e-08;8.374945999821648e-08;2.1712320001097396e-06
2.047667000151705e-08;8.193392000393942e-08;8.607227999600582e-08;2.2258090000832455e-06
1.929886500001885e-08;7.345619999687187e-08;8.643091999692842e-08;2.3906960000749676e-06
1.6345659999933558e-08;9.121682000113652e-08;1.2424920000194106e-07;2.34557899995707e-06
2.172712000028696e-08;8.583783999783919e-08;1.0378030000720174e-07;2.6384840000537224e-06
2.1534490000340157e-08;9.00848200020846e-08;9.727077999850735e-08;2.787956999964081e-06
2.230175999866333e-08;7.197795999818482e-08;8.840454000164755e-08;2.292563999944832e-06
2.0406479999655858e-08;8.055551999714226e-08;9.10368799988646e-08;2.2632919999887237e-06
1.7728279999573716e-08;8.064853999530897e-08;8.426232000347227e-08;2.4339369998779147e-06
1.708892499882495e-08;8.389588000136428e-08;9.093282000394538e-08;2.63864000007743e-06
2.4310779999359512e-08;8.727844000095502e-08;1.0803470000973902e-07;2.0174820002284834e-06
1.8284535000566392e-08;1.0716704999504145e-07;1.0542175000591669e-07;2.7210409997496754e-06
2.2319389999029226e-08;7.489422000362538e-08;9.229248000192456e-08;2.1841719999792984e-06
1.7841100000077857e-08;9.800845999852754e-08;1.1884998000459746e-07;2.3859880000236443e-06
2.1311519999289884e-08;8.844456000369973e-08;8.538416000083089e-08;2.3267379999742844e-06
1.9590260001132264e-08;6.527990000322461e-08;8.605846000136808e-08;2.209376999817323e-06
2.340973499958636e-08;9.59746400010772e-08;1.1570885999826715e-07;2.4675220000790433e-06
2.041977000044426e-08;9.471118000219576e-08;1.1194694999721832e-07;2.258829000056721e-06
2.1556105000490788e-08;9.455448000226169e-08;1.0974720001104288e-07;2.3830930000985973e-06
2.6226909999968483e-08;1.0101118000457064e-07;1.0541365000244695e-07;2.4004090001108126e-06
1.8345505000615957e-08;8.183363999705761e-08;8.733901999657974e-08;2.483263000031002e-06
2.0445209999161308e-08;9.945028000511228e-08;1.2076644999615384e-07;2.5854249999974855e-06
2.2889480000594632e-08;9.772138000116683e-08;1.0450704999675509e-07;2.2747589999926276e-06
2.1561689997906798e-08;9.414345999830403e-08;1.0829425000702031e-07;2.4581779999425634e-06
1.8772734999947716e-08;8.329151999787427e-08;9.208248000359163e-08;2.2607000000425615e-06
1.9902484999329316e-08;9.263962000259199e-08;1.0689039999851957e-07;2.158993999764789e-06
2.304968000098597e-08;1.0640245000831783e-07;1.0944507999811322e-07;2.5865549998707137e-06
2.067274000146426e-08;9.477413999848068e-08;1.0447635999880731e-07;2.405142999778036e-06
1.9637605000752956e-08;8.195642000064254e-08;8.652279999805614e-08;2.0064880000427365e-06
2.267950999957975e-08;7.446081999805756e-08;1.015415000001667e-07;2.4629029998322947e-06
1.9965455000055954e-08;8.127534000086598e-08;8.997482000268064e-08;2.0772460001171567e-06
1.8125245001283474e-08;8.412358000059612e-08;1.0355202000355348e-07;2.2825709998141976e-06
1.9307324998953845e-08;7.73748199979309e-08;9.384531999821775e-08;2.2808459999214392e-06
2.1009659999981522e-08;1.0867200000211596e-07;1.0770560000091791e-07;2.418442999769468e-06
2.2908639998058787e-08;6.25850000011269e-08;9.183397999731823e-08;2.1732219998375513e-06
2.3642699999618344e-08;9.429533999646082e-08;1.2103199999546633e-07;2.49389800010249e-06
2.157186999975238e-08;7.719385999953374e-08;9.494459999841638e-08;2.6245080001535826e-06
2.137813000008464e-08;8.954520000261255e-08;1.1024109998834319e-07;2.1944559999974445e-06
2.1294950001174584e-08;8.094200000050478e-08;1.0645859999931417e-07;2.19084100011969e-06
2.586590000137221e-08;9.195526000112295e-08;1.0509934999572579e-07;2.810021000041161e-06
1.7800559999886902e-08;7.73004399961792e-08;8.588225999847054e-08;2.149963999981992e-06
1.8379909999202936e-08;1.0599419999925886e-07;1.1078995000571012e-07;2.442303999850992e-06
1.7596545000560583e-08;7.042839999776334e-08;9.766164000029676e-08;2.079070000036154e-06
1.7947709999862125e-08;8.709111999487505e-08;8.705094000324607e-08;2.619350999884773e-06
1.7077830000198445e-08;7.413099999539555e-08;9.369454000261612e-08;2.1439549999195153e-06
2.180338999896776e-08;6.016637999564409e-08;8.817497999989428e-08;2.2309290000703184e-06
1.77482749990304e-08;8.363364000106231e-08;8.372717999736779e-08;2.1095110001624562e-06
1.649967499979539e-08;6.119376000133343e-08;9.086158000282013e-08;2.6862670000991784e-06
1.5892785000323785e-08;6.548653999925592e-08;9.728685999871232e-08;2.6089050000882706e-06
2.072133500041673e-08;5.868315999978222e-08;9.448227999964729e-08;2.7323570000589825e-06
1.7526749998796732e-08;6.530858000041917e-08;9.167638000217266e-08;2.817088000010699e-06
2.1245759999146684e-08;6.504249999998137e-08;9.468346000066958e-08;2.6452210001298227e-06
1.732602500123903e-08;5.8757460000924764e-08;8.936769999563694e-08;2.8183110000099987e-06
1.612738499970874e-08;5.7159960002172736e-08;8.175928000127896e-08;2.740693000087049e-06
1.7621584999142214e-08;6.080289999954402e-08;9.16988599987235e-08;2.710679000010714e-06
1.8417794999550097e-08;6.087662000209093e-08;8.684392000432127e-08;3.0047129999729804e-06
1.7915335000725463e-08;5.901808000053279e-08;9.178570000221953e-08;2.7231449997634627e-06
1.758613999991212e-08;6.002427999628708e-08;1.0055534999992233e-07;2.6638409998849965e-06
1.7418035000446253e-08;6.358586000278592e-08;9.560732000391e-08;2.7195710001979025e-06
1.9163910001225302e-08;6.172132000210695e-08;9.335071999812499e-08;2.8838110002106985e-06
1.6280384999117813e-08;6.953477999777534e-08;8.703936000238172e-08;2.675617000204511e-06
1.7384365000179967e-08;6.60654400009662e-08;1.0099534998880699e-07;2.5602110000909304e-06
1.612485000077868e-08;6.047569999936968e-08;9.596527999965474e-08;2.941354000067804e-06
1.713925499934703e-08;6.090414000209422e-08;9.82016600028146e-08;2.5514140000450425e-06
1.7512480000732467e-08;6.584402000298723e-08;9.459016000037082e-08;2.726819000090472e-06
1.707118000049377e-08;6.302509999950417e-08;9.301420000265353e-08;2.790485000004992e-06
1.5396105000399983e-08;5.850926000275649e-08;9.213186000124551e-08;2.8084160000435075e-06
2.056979000044521e-08;6.346357999718748e-08;9.308903999626636e-08;2.770126000104938e-06
1.616486499988241e-08;6.518921999959276e-08;9.813235999899917e-08;2.858176000008825e-06
1.6835579999315086e-08;6.545021999627352e-08;9.636479999753646e-08;2.6711780001642183e-06
1.6798505000770093e-08;6.053714000154287e-08;9.117782000103034e-08;2.770989999989979e-06
1.805229500023415e-08;5.989908000337892e-08;8.667739999946207e-08;2.6688199999625797e-06
1.7568785000185018e-08;6.129111999762245e-08;1.0538235999993048e-07;2.8358610000577755e-06
1.861502000101609e-08;6.994134000269696e-08;1.0715245000028517e-07;3.271682999911718e-06
2.2661579999839887e-08;7.050959999905899e-08;1.0649474999809172e-07;2.7936209997278637e-06
2.2590475001197772e-08;8.407505999784917e-08;1.1161401999997906e-07;3.025424999941606e-06
1.856804499984719e-08;6.904932000325062e-08;1.0856729999068193e-07;2.9022590001113714e-06
2.1520410000812263e-08;5.919953999691643e-08;9.171963999979198e-08;2.900849000143353e-06
2.1531549998326226e-08;6.854433999978938e-08;8.445300000021234e-08;3.0231929998262783e-06
2.1622540001408196e-08;7.469146000221371e-08;9.990250000264496e-08;2.7846110000973568e-06
2.1598020000965335e-08;8.503940000082367e-08;9.6840140002314e-08;2.907715999754146e-06
2.2239760000957176e-08;7.350697999936529e-08;1.009933799970895e-07;3.379925000190269e-06
1.853696000034688e-08;7.557908000308089e-08;1.1164335999637842e-07;2.8969919998780825e-06
1.716951499984134e-08;7.868799999705515e-08;9.611314000212588e-08;2.7581089999875985e-06
2.1620430002803913e-08;6.112042000168003e-08;1.017126500082668e-07;2.661478999943938e-06
2.1269304999441373e-08;5.901255999924615e-08;9.814896000316367e-08;2.500538000022061e-06
1.70235949990456e-08;6.96470400027465e-08;9.912985999835655e-08;3.3384829998249188e-06
1.5435989999969024e-08;7.916474000085146e-08;1.0437461999827064e-07;3.036252000019886e-06
2.132559999881778e-08;6.254244000301696e-08;1.0617830000410322e-07;2.823066000128165e-06
2.102788500051247e-08;8.53540999989491e-08;1.2375474999134894e-07;3.006548999983352e-06
1.5666710000368768e-08;7.081969999708235e-08;1.103852599975653e-07;3.4278069998254066e-06
2.4602140000206417e-08;7.903909999877215e-08;1.1211733999662101e-07;2.5582270001177677e-06
2.0785130001604557e-08;7.623373999958858e-08;1.240410799975507e-07;2.8991140000289307e-06
2.236454999947455e-08;7.490188000374474e-08;1.0313430000678637e-07;3.314179000153672e-06
2.402557000168599e-08;9.063927999814041e-08;9.334617999847979e-08;3.3847399998921903e-06
2.1269754999957512e-08;8.108578000101261e-08;1.2331840000115336e-07;3.350127000012435e-06
2.3224620000110008e-08;7.41422799997963e-08;1.1131409999507014e-07;3.257303000136744e-06
2.0403875000192784e-08;6.922216000384652e-08;1.0585609999543522e-07;3.3095169998705387e-06
1.9396400000550785e-08;7.394210000056773e-08;1.0210823999950662e-07;2.8917920001549645e-06
2.2300630001700482e-08;8.850076000089757e-08;9.59272800013423e-08;3.045633000147063e-06
2.197427500068443e-08;8.079308000160382e-08;9.214172000065446e-08;2.6119700001436286e-06
2.0196829999622423e-08;6.713656000210904e-08;8.527094000019133e-08;2.8611069999169556e-06
1.8182435000198894e-08;5.721233999938704e-08;8.828705999767408e-08;2.7313180000055583e-06
1.5967505000298843e-08;6.027305999887176e-08;8.761119999689981e-08;2.7634740000939927e-06
1.51819050006452e-08;6.231782000395469e-08;9.144289999967441e-08;3.125816000101622e-06
1.5778734999184963e-08;7.404577999841422e-08;1.0022422000183724e-07;2.8076220001094043e-06
2.110831000027247e-08;6.476916000247001e-08;9.244762000162154e-08;3.0141139999614096e-06
1.7541419999906793e-08;5.721334000118077e-08;8.436226000194438e-08;2.7383970000664705e-06
1.7949665000196546e-08;5.739725999883376e-08;8.962735999957658e-08;2.591027999878861e-06
1.8800449999980628e-08;5.545941999880597e-08;8.760244000004604e-08;2.6263569999719037e-06
1.622979500098154e-08;6.614358000224456e-08;9.22104199999012e-08;2.6955210001324304e-06
2.1517510000558106e-08;7.120801999699325e-08;9.002520000212826e-08;2.933584999991581e-06
1.711446999979671e-08;6.573325999779627e-08;1.0296590000507422e-07;3.368435000011232e-06
1.7126950000238138e-08;7.966788000194355e-08;8.154259999864735e-08;2.4637750000692902e-06
1.5016230000765063e-08;5.6815240002470094e-08;9.664558000513353e-08;2.775504000019282e-06
2.069190499896649e-08;5.7507020002231e-08;1.1794704000349157e-07;3.2630920002702623e-06
2.1280639999895357e-08;7.41773199988529e-08;8.893317999900319e-08;3.519054999924265e-06
2.1648840000852942e-08;8.066788000287488e-08;1.0435660000075586e-07;2.791925000201445e-06
1.8601109999872278e-08;6.05630999954883e-08;9.120183999766596e-08;3.151437999913469e-06
2.2294419998070227e-08;7.435960000148043e-08;1.035565000056522e-07;2.767891999974381e-06
1.8866055000398773e-08;8.228105999878608e-08;1.0131040000123903e-07;2.6341160002630206e-06
1.683134000049904e-08;6.143988000112585e-08;1.0023890000593383e-07;2.5806760002160445e-06
1.6945210000267253e-08;6.259707999997773e-08;8.157668000203557e-08;2.636961000098381e-06
1.717562999983784e-08;6.559737999923528e-08;1.0400725000363309e-07;2.6061600001412443e-06
2.0033989998046308e-08;6.020125999930314e-08;8.627119999728165e-08;2.4536020000232385e-06
1.5957170000183396e-08;5.473512000171468e-08;8.792160000302829e-08;2.7757579999160953e-06
1.6088665000279433e-08;6.339610000140965e-08;1.0227975000452716e-07;2.7107950000208802e-06
1.4800105000904296e-08;5.785931999562308e-08;7.979297999991103e-08;2.8245790000073612e-06
1.531803499965463e-08;5.8588539995253083e-08;8.454085999983363e-08;2.915584000002127e-06
2.0459869998740033e-08;6.486799999838695e-08;8.715932000195608e-08;2.911233000049833e-06
1.728484499908518e-08;5.500981999794021e-08;9.63562400022056e-08;2.8808239998761564e-06
1.955048500094563e-08;7.08686200028751e-08;8.495467999600805e-08;3.1364789998042397e-06
2.0775180000055117e-08;5.98667399957776e-08;8.687710000085644e-08;2.740132999897469e-06
2.1211779999430292e-08;7.586000000010244e-08;1.1268329999875278e-07;2.7232590000494385e-06
1.71705650005606e-08;6.778973999898881e-08;8.84228200011421e-08;2.801755999971647e-06
1.7113884999707807e-08;6.523103999788873e-08;8.114245999604463e-08;2.684718999953475e-06
1.6861694998806343e-08;5.9293480002088473e-08;1.1049890000140295e-07;2.8002930001821368e-06
2.1235069999238475e-08;5.663261999725364e-08;9.17213599954266e-08;2.852207999967504e-06
1.828222499898402e-08;6.088339999550953e-08;9.123565999907441e-08;3.003780000144616e-06
1.844719999935478e-08;6.992627999861724e-08;9.695951999747195e-08;3.0778689999715426e-06
1.9321850000414998e-08;6.511411999817938e-08;9.997695999918506e-08;2.7427379999426192e-06
1.8500920000951736e-08;6.657676000031642e-08;1.0765390000597108e-07;2.8161559998989107e-06
2.034506500058342e-08;7.438148000510409e-08;9.834516000119038e-08;2.9089760000351817e-06
1.9492969999555498e-08;7.424975999747402e-08;9.484552000067197e-08;2.9997250001179056e-06
2.2630139999091626e-08;6.148193999542855e-08;1.0147303999983705e-07;2.5916309998137875e-06
2.0143829999142327e-08;7.118322000023909e-08;1.0939574999792967e-07;2.9837099998258053e-06
2.4549490000936204e-08;7.292783999582752e-08;9.338609999977053e-08;3.025699999998324e-06
2.178237500047544e-08;8.456462000031024e-08;1.1431991999852472e-07;3.4581249998882412e-06
1.678964500024449e-08;8.703271999838762e-08;1.1575490000541322e-07;3.7178119999589398e-06
2.3084640002343802e-08;8.91285399964545e-08;1.351167400018312e-07;3.4257060001255013e-06
1.7582099999708588e-08;9.334902000264264e-08;1.236297800031025e-07;3.566317000077106e-06
2.2241630000644363e-08;1.0320146000012756e-07;1.0463324999727774e-07;4.05957999988459e-06
2.1057419999851845e-08;8.404517999733799e-08;1.2165439999080263e-07;3.2342689999495633e-06
1.79673949998687e-08;7.641088000382297e-08;1.1258929999894463e-07;3.0132749999756927e-06
2.1336670001619496e-08;8.306594000314362e-08;1.0532990000501741e-07;3.924660999909975e-06
1.8096795000019482e-08;7.673475999617949e-08;1.0748848000075668e-07;3.287287999992259e-06
2.2433880000608043e-08;8.065353999845684e-08;1.1291129999153781e-07;3.5847029997967185e-06
2.3533120000502094e-08;1.0099009999248664e-07;1.1562470000353642e-07;3.3602429999154993e-06
2.1474910000688396e-08;9.132203999906779e-08;1.0464379999029915e-07;3.3624869998311625e-06
2.312247999943793e-08;9.050872000516392e-08;1.3307085000269581e-07;4.22439599991776e-06
2.566483000118751e-08;1.0202844999730588e-07;1.342127799987793e-07;4.077214000280946e-06
2.1566690001054666e-08;8.61445399990771e-08;1.0534605001157615e-07;3.1676469999365507e-06
1.8749620000016875e-08;7.796583999879658e-08;1.141677499981597e-07;3.101376999984495e-06
1.7858259999775328e-08;7.525975999888033e-08;1.034967999876244e-07;3.261083999823313e-06
1.813463500002399e-08;8.174312000046484e-08;1.0386570000264328e-07;3.421228999795858e-06
2.2445239999797196e-08;7.220651999814436e-08;1.0825040000781883e-07;3.0464119999669493e-06
1.984233499970287e-08;7.285170000395737e-08;1.2362539999594445e-07;3.348548000212759e-06
1.7630654999811668e-08;9.302510000416078e-08;9.792873999685981e-08;3.4646439997595733e-06
2.1588959998916836e-08;9.21198399970308e-08;1.1160859999654349e-07;3.559104000160005e-06
2.0243819999450353e-08;6.703023999580182e-08;1.0203265000018292e-07;3.574829999997746e-06
2.005382999777794e-08;7.202835999778471e-08;9.243186000385322e-08;3.041026999999303e-06
1.598085500008892e-08;7.351114000193774e-08;9.318959999945945e-08;3.0865650001214818e-06
1.5791154999169523e-08;7.363517999765463e-08;1.0951821999624372e-07;3.225307000102475e-06
2.0053480000933634e-08;9.077317999908701e-08;1.073115399980452e-07;3.262609999801498e-06
2.1913640000275337e-08;6.650375999743119e-08;9.599768000189215e-08;3.360138999996707e-06
1.810948499914957e-08;6.90152399998624e-08;1.0845793999615125e-07;4.0022159996442496e-06
1.9631255000422243e-08;7.514892000472173e-08;1.0309844999574124e-07;3.2406230000196956e-06
1.6421625000657515e-08;7.210758000146597e-08;1.1756394999974873e-07;3.383265000011306e-06
2.3729889999958687e-08;7.297791999881155e-08;1.0549124999670312e-07;3.737371000170242e-06
2.010164000093937e-08;7.531315999804065e-08;1.0474925000744406e-07;3.1002239999361335e-06
2.1543749998090788e-08;7.321434000041336e-08;1.0058054000255652e-07;3.5077480002655647e-06
1.5901455000857823e-08;7.820052000461146e-08;9.71064200042747e-08;3.2555280000087807e-06
1.6233414999442176e-08;8.595341999898665e-08;1.0440475000359583e-07;3.3625880000181497e-06
2.509954000124708e-08;7.011688000056892e-08;9.734605999547057e-08;3.0504770000698047e-06
1.7600195000704842e-08;7.283027999801561e-08;9.268711999757215e-08;2.9830369999399407e-06
1.5664689999539405e-08;7.077224000240676e-08;9.517982000252232e-08;3.3139710000250487e-06
2.2499529999913648e-08;7.926381999859587e-08;9.344719999935477e-08;3.1003769999369977e-06
1.440582499926677e-08;7.452957999776118e-08;1.0099335000268183e-07;3.4166609999374485e-06
1.5039379999507217e-08;7.065487999934702e-08;9.24546200025361e-08;3.0361989999073558e-06
1.7573885001183952e-08;7.125776000320911e-08;1.0083535000740085e-07;3.0892589999712074e-06
1.936423500010278e-08;7.271877999883145e-08;9.949186000158079e-08;2.9597279999870808e-06
1.6859950000070966e-08;7.95975399960298e-08;9.952310000080615e-08;3.3984470000723376e-06
1.7814784999063703e-08;7.903704000054858e-08;1.0777992000221275e-07;3.871832999866456e-06
1.8901265000749846e-08;8.182463999837637e-08;1.379680000100052e-07;3.1042409999645317e-06
2.051297999860253e-08;8.243405999965035e-08;1.1188445999869145e-07;2.8244999999878927e-06
1.719299999967916e-08;8.290713999886066e-08;1.0584375000325963e-07;3.7701229998492634e-06
1.6724619999877177e-08;7.815895999665372e-08;9.866846000077203e-08;3.1233190000057223e-06
1.767279000050621e-08;7.391405999660492e-08;1.0807370000111405e-07;2.99087999999756e-06
1.85969699989073e-08;7.759021999663674e-08;1.0475199999928009e-07;3.0635349999647587e-06
1.7821870000625495e-08;7.080877999542281e-08;9.381842000293546e-08;3.3800060002249664e-06
1.8170640000607818e-08;6.840296000009403e-08;1.0266018000547775e-07;3.269335999793839e-06
2.1027979999780657e-08;7.132647999678738e-08;8.713209999841637e-08;3.1403129998943766e-06
1.8043480000051205e-08;7.082252000109293e-08;9.54293199989479e-08;3.217767000023741e-06
2.1965065000404137e-08;8.577898000366986e-08;1.1256470000080299e-07;3.1257239999831654e-06
1.718472499924246e-08;7.865769999916665e-08;1.1076050000265241e-07;3.1462099999771453e-06
1.785630999947898e-08;6.482236000010743e-08;1.0766285000136122e-07;3.18132800020976e-06
2.2615539998514577e-08;7.807425999781117e-08;1.0413352000177838e-07;3.36647099989932e-06
1.6250650001165923e-08;6.915383999585174e-08;9.375682000536472e-08;3.2067620000452737e-06
1.8566119999741202e-08;7.656812000204809e-08;8.893806000123732e-08;3.2544039998902006e-06
1.9017890001123305e-08;6.900188000290654e-08;8.798039999674074e-08;3.0595340000581926e-06
2.0039579999865965e-08;7.190295999753289e-08;1.0453786000143736e-07;3.02397799998289e-06
2.263913000060711e-08;6.99462799995672e-08;8.863618000177667e-08;4.034867999725975e-06
2.179962000082014e-08;6.612620000378228e-08;1.029145199980121e-07;3.3046870000544004e-06
1.8243889999575914e-08;7.292812000378035e-08;9.97581000032369e-08;3.1139630000689068e-06
2.126542000041809e-08;6.97586800029967e-08;1.274699000059627e-07;2.985501999792177e-06
1.9232770000235178e-08;7.237080000340938e-08;1.1268590000108816e-07;3.098992999875918e-06
2.076777000038419e-08;7.749655999941751e-08;1.0126549999404233e-07;3.0572550001670605e-06
1.8985544999304694e-08;8.19798999989871e-08;1.0834189999150112e-07;3.47613599995384e-06
2.121220999979414e-08;6.746532000252045e-08;1.0244734000298195e-07;3.280693000124302e-06
1.6757309999957214e-08;7.228207999723964e-08;9.591372000286355e-08;3.3097260000067764e-06
1.9123364999541083e-08;7.46389799984172e-08;9.656116000260227e-08;3.315664999827277e-06
2.1122784999897705e-08;8.231280000181869e-08;1.1512994000222533e-07;3.4710489999270067e-06
1.780026999913389e-08;7.42796599981375e-08;1.0004175000358373e-07;3.012973000004422e-06
2.1207809998304584e-08;1.0377219998918008e-07;9.750925999833271e-08;2.9826889999094418e-06
2.2197090000554455e-08;9.121187999844551e-08;1.0584229999221862e-07;3.5602589999325575e-06
2.0004920000792482e-08;7.67368400003761e-08;1.0528685001190752e-07;3.3177359998808243e-06
2.2249879999435508e-08;8.666462000110187e-08;1.334050000004936e-07;3.529931000084616e-06
2.0971189999545458e-08;9.485969999805092e-08;8.925919999601319e-08;3.430334000149742e-06
2.0651859999634327e-08;8.110741999698803e-08;1.216730500018457e-07;3.2518399998662063e-06
1.8135359999723734e-08;7.524564000195824e-08;1.1442223999765702e-07;3.6061340000014753e-06
1.7442180000944064e-08;7.323876000009478e-08;1.1250804999144748e-07;4.013035999960266e-06
2.2199719998752698e-08;1.0219160000269767e-07;1.0016259999829344e-07;3.666506999870762e-06
1.8319379999593367e-08;9.527935999794863e-08;9.104870000155643e-08;3.024137000029441e-06
1.7568934999871998e-08;6.84569199976977e-08;1.1266306000179611e-07;3.4093350000330246e-06
1.8988380000519102e-08;8.305925999884493e-08;1.0198248000233434e-07;3.42857500014361e-06
1.6787960000510792e-08;7.257232000119984e-08;9.227170000085608e-08;2.9884179998771287e-06
1.7336434999015182e-08;1.0284624999621883e-07;9.623870000359603e-08;3.0209139999351466e-06
1.6861344999051653e-08;8.678544000140392e-08;1.0316539999912493e-07;3.02335199987283e-06
1.658873499982292e-08;7.676372000132688e-08;9.168995999498293e-08;3.4255800000391903e-06
1.5208225000242237e-08;7.106993999914266e-08;9.253885999787599e-08;3.082515000132844e-06
1.9071564999467227e-08;7.606520000263117e-08;1.0479109999141656e-07;2.9615280000143685e-06
1.6939075000118463e-08;9.967566000414081e-08;1.0073404999275226e-07;2.94734499999322e-06
1.943332999944687e-08;7.883309999597259e-08;1.004278400039766e-07;2.9306039999937638e-06
1.8014744999527466e-08;7.524672000436112e-08;1.2031554999703076e-07;3.2838750001974404e-06
1.696195499971509e-08;6.763309999951162e-08;1.182159000018146e-07;3.2161610000184736e-06
1.828562000009697e-08;7.372593999607489e-08;1.0031764999439475e-07;3.4477919997880237e-06
2.3616610001772642e-08;7.409346000058576e-08;1.1316935000650119e-07;3.212597999954596e-06
1.6756820000591687e-08;6.928419999894686e-08;8.836735999793746e-08;6.275930000119843e-07
1.7140399999334475e-08;8.475525999674574e-08;8.499122000066564e-08;6.016034000203945e-07
1.6904095000063535e-08;5.7618500001262874e-08;7.778470000484958e-08;6.224022000096739e-07
1.764831000036793e-08;6.670230000163428e-08;9.080800000228919e-08;6.071388000273146e-07
1.8177100000320933e-08;7.2344879998127e-08;7.91873799986206e-08;6.035009999759495e-07
1.7321955000807067e-08;6.119481999776326e-08;8.46661799994763e-08;6.361236000084318e-07
1.8081765000533777e-08;5.845371999894269e-08;1.0553634999087081e-07;6.439769999706186e-07
2.1310299998731353e-08;6.04579399980139e-08;8.306048000231385e-08;5.732656000182033e-07
1.577720000059344e-08;7.513753999955952e-08;8.558704000315629e-08;6.195225999690592e-07
1.6324044999782927e-08;5.912033999920823e-08;8.147367999772541e-08;6.265075999544934e-07
1.7399194999597966e-08;6.106005999608897e-08;8.853835999616422e-08;6.048650000011548e-07
1.7589505000796636e-08;9.127882000175304e-08;8.732635999913328e-08;5.637305999989621e-07
2.052038999972865e-08;6.523524000076577e-08;7.989573999657296e-08;6.15539800026454e-07
1.72731600003317e-08;6.108875999925658e-08;8.80390600010287e-08;6.130172000266611e-07
1.6972594999242573e-08;6.001457999809645e-08;8.190138000063598e-08;6.524181999848224e-07
1.825881999975536e-08;5.988459999789483e-08;8.233390000532381e-08;6.023627999820747e-07
1.805956000025617e-08;6.00423600000795e-08;8.423764000181108e-08;6.390742000075989e-07
1.5164809999987483e-08;6.681739999912679e-08;8.481330000213347e-08;6.084439999540337e-07
1.4743060000182594e-08;6.483127999817953e-08;8.770870000007563e-08;6.010972000076436e-07
2.0168750002630987e-08;6.557369999936782e-08;9.355039999936708e-08;6.337717999704182e-07
2.0536469999933614e-08;8.696612000348977e-08;7.963527999818325e-08;6.288499999791383e-07
1.8484715001250153e-08;5.642873999895528e-08;9.454409999889321e-08;6.528135999687947e-07
1.533253500092542e-08;5.688055999926291e-08;7.732983999885618e-08;5.623180000111461e-07
1.6715860000113027e-08;6.236406000098213e-08;8.271271999692544e-08;5.945012000156567e-07
1.5413184999488293e-08;6.426842000219039e-08;9.606609999900684e-08;6.301488000317476e-07
1.570320000028005e-08;8.292925999849103e-08;8.91933600010816e-08;6.259046000195667e-07
1.797064499987755e-08;6.163698000018484e-08;1.0061465000035241e-07;6.323562000179663e-07
2.0914360001916065e-08;6.197075999807567e-08;8.536549999844283e-08;6.366911999648437e-07
1.6854420000163373e-08;5.907692000037059e-08;7.849561999901198e-08;5.633186000050046e-07
1.8071359999885315e-08;6.274208000395447e-08;8.60690200002864e-08;5.956856000120751e-07
1.6283724999811966e-08;6.9500639999751e-08;9.135924000293017e-08;6.068142000003717e-07
1.554172500036657e-08;6.097662000101991e-08;8.117845999659039e-08;6.246912000351585e-07
1.719588999985717e-08;6.085333999944851e-08;9.370923999813385e-08;6.58203000028152e-07
1.7926469999656547e-08;7.32278999988921e-08;8.467193999676965e-08;6.555258000153117e-07
1.847861999995075e-08;6.723504000110552e-08;9.167706000152975e-08;5.575716000166721e-07
1.608109500084538e-08;6.202903999947012e-08;8.609598000184633e-08;5.919428000343032e-07
1.7688929999712854e-08;6.09083199989982e-08;9.684984000050463e-08;6.509275999851525e-07
1.8715480000537353e-08;6.777478000149131e-08;9.457543999888003e-08;6.64029199979268e-07
1.644720500044059e-08;7.295370000065304e-08;8.24997199990321e-08;6.677890000282787e-07
1.9792739998956678e-08;6.548321999725885e-08;8.695730000035837e-08;6.418874000082724e-07
1.713501000049291e-08;8.940689999726601e-08;8.675526000442915e-08;6.492075999849476e-07
1.906497500021942e-08;6.606744000455365e-08;9.263348000240512e-08;6.076007999945432e-07
1.777009000070393e-08;6.771268000011333e-08;8.676912000519223e-08;6.161233999882824e-07
1.993859999929555e-08;6.78390400018543e-08;9.514711999800056e-08;7.180055999779143e-07
1.9939190000877716e-08;6.616786000085995e-08;8.40239199984353e-08;6.127277999767102e-07
2.0521549999830314e-08;6.780335999792442e-08;1.0818070000095759e-07;7.082944000139832e-07
1.8032254998979624e-08;7.635248000151477e-08;9.237857999978587e-08;7.176064000232145e-07
2.0571349999227094e-08;7.222894000005908e-08;1.0013639999669976e-07;6.335024000145495e-07
2.1972120000282302e-08;9.600179999833926e-08;1.1579416000167839e-07;6.859595999703742e-07
2.2636670002248138e-08;7.044132000301033e-08;1.0281749999558087e-07;6.456845999928191e-07
2.052648999961093e-08;6.217946000397206e-08;8.526985999778844e-08;6.506527999881655e-07
1.9403410000086295e-08;6.438528000144288e-08;9.038801999995485e-08;6.366730000008829e-07
1.9330025000090245e-08;8.266396000399255e-08;9.203394000069238e-08;6.673964000074193e-07
1.8572135000431443e-08;6.257165999850259e-08;1.0615049999614712e-07;6.240474000223912e-07
1.9338845000311267e-08;7.10531999997329e-08;7.80017199984286e-08;6.668204000452534e-07
1.7524445000162814e-08;7.454607999534346e-08;8.590153999975883e-08;6.362156000104732e-07
1.8992854999669363e-08;7.034014000091702e-08;1.1936520000745076e-07;7.038463999633677e-07
2.0147020000149496e-08;7.349579999572598e-08;1.2279361999826507e-07;7.709360000444576e-07
2.1745799999916925e-08;6.857218000222929e-08;8.943664000253193e-08;7.211434000055306e-07
2.1301029997994192e-08;8.012205999693833e-08;1.0039630001119804e-07;6.00187600008212e-07
2.083971000101883e-08;1.0458123999997042e-07;9.813768000458367e-08;5.89408200001344e-07
2.3468600001069718e-08;8.513271999545395e-08;1.0474649999523535e-07;6.299712000181899e-07
2.4416539998492227e-08;7.42329000029713e-08;1.255727000097977e-07;6.965458000195213e-07
2.6129160000709817e-08;7.986756000318564e-08;8.993149999878369e-08;7.332518000039272e-07
2.1259930002270267e-08;7.590985999559052e-08;1.1334110000461805e-07;6.261275999713689e-07
2.471728999807965e-08;8.2395859999815e-08;1.0270782000152394e-07;7.41109199996572e-07
2.154090999974869e-08;6.713303999858908e-08;9.256427999935112e-08;6.594555999618024e-07
2.2870844999852124e-08;8.023898000246845e-08;1.0503284999867901e-07;6.134994000312873e-07
1.738618499948643e-08;6.918969999533147e-08;1.2319524999475106e-07;7.005165999871679e-07
2.3922010001842863e-08;6.928760000155307e-08;9.171174000366591e-08;6.22475599986501e-07
1.4680234999104868e-08;6.461272000451572e-08;1.2195400000200607e-07;5.564143999945372e-07
1.5311374999873806e-08;6.282344000064768e-08;9.106310000061057e-08;5.818397999973968e-07
1.5004305000184105e-08;6.687077999813482e-08;8.572672000154852e-08;6.373069999972358e-07
1.6287655000633093e-08;8.245999999926426e-08;9.892959999851882e-08;7.4018540000543e-07
1.5260635000595358e-08;6.346115999622271e-08;7.442986000096425e-08;6.531739999772981e-07
1.8678580000414513e-08;8.02782799990382e-08;1.1630159999185707e-07;6.021590000018478e-07
1.913104499981273e-08;5.57303800014779e-08;9.005092000006699e-08;6.399558000266552e-07
1.7599730000074488e-08;6.781450000125914e-08;1.1951905000023544e-07;6.863488000235521e-07
2.065636000043014e-08;5.7683279999764635e-08;8.476360000204295e-08;7.23911200009752e-07
2.0068259999970905e-08;1.0377940000034869e-07;1.1932374999742024e-07;6.766677999985405e-07
1.478264500037767e-08;7.882100000279025e-08;9.443939999910071e-08;6.602971999673173e-07
2.1319919999223204e-08;6.121314000338315e-08;1.2042004999238998e-07;6.7848140001297e-07
2.4395679999724962e-08;7.036035999772139e-08;1.245253000088269e-07;7.028867999906651e-07
2.3552070002187976e-08;8.07383999985177e-08;1.099460999976145e-07;6.548757999553345e-07
2.07534500019392e-08;7.353437999845483e-08;1.0084545001154766e-07;6.111882000113837e-07
2.0406345000083094e-08;6.64083199982997e-08;8.922405999619514e-08;6.307857999927364e-07
1.6514444998756517e-08;6.154220000025817e-08;9.47368200053461e-08;6.790254000225104e-07
1.8710214999737217e-08;6.419728000182659e-08;9.705402000108734e-08;6.278902000049129e-07
1.8297919999167787e-08;6.287544000078924e-08;8.835466000018641e-08;6.115702000097372e-07
1.6356400000222495e-08;6.331237999838777e-08;1.0848084998724517e-07;6.809752000262961e-07
2.0050519998767413e-08;6.946617999929004e-08;9.67956000007689e-08;6.920984000316821e-07
2.299248999916017e-08;6.127217999892309e-08;9.202051999745891e-08;6.188858000095934e-07
1.9445889999042266e-08;9.35079799965024e-08;9.456364000216126e-08;6.385534000000916e-07
2.2262290000799114e-08;7.315084000001662e-08;8.623112000059336e-08;6.318491999991238e-07
2.5069080002140254e-08;6.940084000234492e-08;8.541785999550484e-08;6.175478000077419e-07
1.8126534999464637e-08;6.615408000070601e-08;9.077837999793701e-08;7.29271600022912e-07
2.2235170000931248e-08;6.448914000065998e-08;1.1229935000301339e-07;6.313024000264704e-07
1.8735995001043192e-08;6.324071999988518e-08;8.008098000427707e-08;7.008320000022649e-07
1.7451275000348687e-08;6.361804000334814e-08;9.298260000068694e-08;6.589097999967635e-07
1.8312365000019782e-08;6.803378000040538e-08;9.333843999775127e-08;6.768809999921359e-07
2.260991000221111e-08;7.224808000028133e-08;1.064763500035042e-07;2.6879400000325404e-06
1.6966025000147055e-08;6.634744000039063e-08;1.1275094999291468e-07;2.739988999965135e-06
1.6793180000968276e-08;6.212893999763765e-08;1.0458659999130759e-07;3.040838000015356e-06
2.2581824999360835e-08;9.204255999648012e-08;1.1381774999608752e-07;2.6485159998992456e-06
1.6172244999324904e-08;6.787512000300922e-08;1.0088475000520703e-07;2.666590999870095e-06
1.7188955000892748e-08;8.872057999833487e-08;9.380834000185131e-08;2.714230999990832e-06
1.893765999993775e-08;6.141334000276401e-08;1.0001918000052684e-07;2.846062000025995e-06
1.8817330000456423e-08;7.816371999797411e-08;1.0270080000918825e-07;2.416642000025604e-06
1.933232000010321e-08;6.541121999616734e-08;1.0132984000374563e-07;2.847186999861151e-06
2.028252000163775e-08;8.548015999840572e-08;9.847272000042721e-08;2.970091000024695e-06
2.0164440000371542e-08;9.907508000032976e-08;1.0702849999652244e-07;2.8902469997410664e-06
2.0914810002432203e-08;8.664043999742717e-08;1.0441225999966264e-07;2.8922610002337025e-06
1.9115504999354017e-08;8.305258000036701e-08;1.0163075001037214e-07;2.6407439998001793e-06
1.69798200004152e-08;6.918584000086412e-08;9.825271999579855e-08;2.919407000008505e-06
1.874997999984771e-08;7.99403999990318e-08;9.153155999956652e-08;2.8883680002763866e-06
1.8054284999379888e-08;7.898040000000038e-08;1.098820000042906e-07;2.5910829997155814e-06
1.6723754999111406e-08;8.406860000104643e-08;9.150314000435174e-08;2.552502999897115e-06
1.7169375000230502e-08;1.0064150000107475e-07;8.559140000143089e-08;2.435733999882359e-06
1.5797914999711793e-08;5.688675999990664e-08;9.3086319998838e-08;2.4736050001229158e-06
1.7522800000733696e-08;7.438316000043414e-08;9.250060000340454e-08;2.7806329997838473e-06
1.643024999939371e-08;7.334244000376202e-08;9.023351999931037e-08;2.5553100000252015e-06
2.0649769999727142e-08;5.78399799996987e-08;1.159118500072509e-07;2.6000959999510087e-06
1.5080205000413116e-08;7.057307999930344e-08;9.15352999989409e-08;2.5892240001121535e-06
1.5215434999845457e-08;8.493500000331551e-08;1.1440880000009201e-07;2.4850260000675918e-06
2.0301550001022406e-08;6.63397399999667e-08;1.0250424999685492e-07;2.9039119998924435e-06
1.8163735000416636e-08;9.407396000460721e-08;1.0602517999941484e-07;2.8277910000178963e-06
1.6293840001162608e-08;5.866451999754645e-08;9.119152000057511e-08;2.720807000005152e-06
1.6167524999764284e-08;8.410277999937534e-08;1.097604500100715e-07;2.754375000076834e-06
1.598995999956969e-08;6.214480000198819e-08;1.3157149999460672e-07;2.6502700001583434e-06
2.2219749999931082e-08;8.296755999908782e-08;1.126968200027477e-07;2.8357219998724758e-06
2.0736639999086038e-08;8.949461999582126e-08;1.0989289999997709e-07;3.300593000021763e-06
2.196249999979045e-08;9.99268800020218e-08;1.1001854999631178e-07;2.9453749998356216e-06
1.7214774999592918e-08;8.026759999920614e-08;1.032792000041809e-07;2.5001000001793728e-06
2.0195019998936914e-08;6.152554000145756e-08;1.1692610000318381e-07;2.6900020000175574e-06
2.1224090000032446e-08;9.640054000192322e-08;1.1144339999009389e-07;2.4298139999154953e-06
2.2125649999361486e-08;6.484641999704764e-08;1.0640930000226945e-07;2.9644159998861143e-06
1.5443039999809117e-08;6.3107400003355e-08;1.0466244000126607e-07;2.592738000093959e-06
1.7271199999959207e-08;7.19189399969764e-08;1.1011194999446161e-07;3.046844000054989e-06
1.8159320000268053e-08;1.1326384999847505e-07;1.0443115000089165e-07;3.303813000093214e-06
2.2804134999751115e-08;6.76391999993939e-08;1.1774269999295939e-07;2.5386269998853094e-06
1.8415744999947493e-08;6.670019999728538e-08;1.1497511999914423e-07;2.542609999945853e-06
2.0881690000533126e-08;7.820663999882527e-08;1.084250499989139e-07;2.670901000092272e-06
2.5987330000498332e-08;1.1320375000650528e-07;1.0998004999419209e-07;3.2120849998318592e-06
2.2280264999426436e-08;6.793931999709458e-08;1.305795000080252e-07;2.7712819998851046e-06
2.4380379999638535e-08;7.1637079998618e-08;1.056131599994842e-07;2.792374999844469e-06
2.3059640001156366e-08;6.189271999755875e-08;1.1005190000287257e-07;3.2785130001138897e-06
2.063380000181496e-08;5.843549999990501e-08;1.3429984998947476e-07;3.140762000111863e-06
2.0333190000383185e-08;6.576032000011764e-08;9.64601000014227e-08;3.019594000070356e-06
2.2283830001833848e-08;8.608613999676891e-08;1.0501104999275412e-07;3.1539579998934643e-06
1.7342984999413602e-08;6.52607599971816e-08;1.0111052000429482e-07;2.6885000002221206e-06
1.7897720000473782e-08;7.263386000413448e-08;1.322956499934662e-07;2.727356000104919e-06
1.7738520000420975e-08;6.196982000255958e-08;1.0288000000582542e-07;2.644639000063762e-06
2.2493924999434968e-08;8.319181999540887e-08;1.1424039999837987e-07;3.0496999999741094e-06
2.1413440001197158e-08;8.056349999969825e-08;1.1811060000036377e-07;2.838169000169728e-06
2.414781999978004e-08;5.995403999695555e-08;9.062819999526255e-08;3.037923999945633e-06
1.9441330000699965e-08;6.691718000220135e-08;1.2161349999951198e-07;2.6979589997790754e-06
2.0095120000769385e-08;8.401732000056655e-08;1.0948816000018269e-07;3.034495000028983e-06
2.1750060000340453e-08;8.772490000119432e-08;9.076921999803744e-08;2.600573000090662e-06
1.8431425000017044e-08;5.997997999656946e-08;1.0596420000074431e-07;2.5433769999654034e-06
2.098182000045199e-08;8.265703999786637e-08;1.0423464998893905e-07;2.7113499998813496e-06
2.3641959999804386e-08;9.318147999583743e-08;1.0128225000516977e-07;2.8437819998362102e-06
2.1238584999809973e-08;6.01481200021226e-08;1.0807975000352599e-07;2.6048840000294147e-06
2.0985740001196973e-08;8.652246000128798e-08;9.831493999809027e-08;2.9302460001781585e-06
2.0084794999274892e-08;7.635605999967084e-08;1.1107884999364615e-07;2.8031170001486316e-06
1.876254499948118e-08;6.864325999631546e-08;1.17301000005682e-07;2.7605680000851864e-06
1.5774830000009386e-08;6.085424000048079e-08;9.874065999756567e-08;2.74176200007787e-06
1.794774499867344e-08;8.754335999838076e-08;1.0769970000546891e-07;2.6557129999855534e-06
1.7705864999152256e-08;9.014413999975659e-08;9.283658000058494e-08;3.02527200023178e-06
2.004075000004377e-08;9.683242000173777e-08;1.0323146000155247e-07;2.8854429998318666e-06
2.098651999840513e-08;9.862015999970026e-08;1.0345585999893956e-07;2.6038079999852927e-06
1.877089000045089e-08;8.113283999846317e-08;1.2046979999286121e-07;2.955029000004288e-06
2.0827199998893774e-08;7.65547199989669e-08;1.0826074999931734e-07;2.7215470001101494e-06
1.5982420000364074e-08;6.117244000197389e-08;9.786485999939031e-08;2.9397580001386812e-06
1.8129469999985303e-08;6.880148000200279e-08;1.114390500006266e-07;2.6930849999189376e-06
2.101020999980392e-08;9.100333999958821e-08;1.1962974999914877e-07;3.2344760000705717e-06
2.148313999932725e-08;7.382171999779529e-08;1.2321269999665674e-07;3.3966959998360834e-06
1.6109524999046698e-08;7.594564000028185e-08;1.1039924999931827e-07;2.8042500000447033e-06
2.1902879999834113e-08;8.164828000008129e-08;1.1409994999121408e-07;2.990900999866426e-06
2.1067390000098386e-08;8.979356000199914e-08;9.722883999929763e-08;3.1386719999136405e-06
2.0405749999918044e-08;6.340544000267983e-08;1.0567569998966065e-07;2.7297160000307485e-06
2.236516999837477e-08;7.811058000079357e-08;1.1322374999872409e-07;2.941683999961242e-06
2.2434625000460073e-08;7.681306000449694e-08;1.0017876000492833e-07;3.4551710000960156e-06
2.040432000067085e-08;9.338685999973677e-08;9.197933999821544e-08;2.33183000003919e-06
2.1096539997961373e-08;8.363208000082522e-08;1.1764164000051097e-07;2.7572519998648205e-06
1.964224999974249e-08;7.046373999910429e-08;1.0700471999589353e-07;2.7485169999999927e-06
2.1705760000622833e-08;9.577493999968283e-08;1.3198879999981727e-07;2.761041999910958e-06
2.2823249999783003e-08;8.548050000099465e-08;1.0455774000147357e-07;2.6153839999460613e-06
1.746462500013877e-08;6.531383999972604e-08;1.0991689999355003e-07;2.847431999980472e-06
2.3426015001314227e-08;7.882058000541292e-08;1.21475099993404e-07;2.6450719998683782e-06
2.1833319999859668e-08;9.338558000163175e-08;1.3341239999863318e-07;2.810901000048034e-06
2.0492489999742247e-08;7.191161999944597e-08;1.1521454999456182e-07;2.635704000131227e-06
1.687977499968838e-08;6.63131000008434e-08;1.0676784999668598e-07;2.539040000119712e-06
1.7378095000458416e-08;6.841547999647447e-08;1.0890809999546036e-07;3.2595149998087434e-06
2.0014299999456853e-08;7.78215199999977e-08;9.591296000289731e-08;2.586431999807246e-06
1.6305109999666456e-08;1.0319745000742841e-07;1.3483384999562985e-07;2.3423569998703897e-06
2.1059319999767466e-08;7.5890580000123e-08;1.194063000002643e-07;3.3426840000902304e-06
2.588285999954678e-08;1.1641940000117756e-07;1.0838109999895096e-07;3.355253000045195e-06
2.3466099999495782e-08;6.923163999454119e-08;1.3342425000155346e-07;2.885221000178717e-06
1.720575499930419e-08;7.282819999963977e-08;9.08012800035067e-08;2.407273999997415e-06
1.6078054999525193e-08;7.515902000013739e-08;9.011222000117413e-08;2.4423640000168233e-06
1.658344000024954e-08;7.817649999633432e-08;1.1067834999994374e-07;4.0301529999123886e-06
1.719027999934042e-08;5.5501100001856684e-08;1.0476480000943411e-07;4.365724000090268e-06
1.943345499894349e-08;9.133398000267334e-08;1.0049949999665841e-07;3.836741000122857e-06
1.7562865000218154e-08;7.769804000272416e-08;1.0879301999812015e-07;3.843762000033166e-06
1.894421000033617e-08;8.27019400021527e-08;1.1512413999880665e-07;3.872284000099171e-06
2.2945079999044537e-08;7.065046000061557e-08;1.0087229999771807e-07;3.8016480000806043e-06
1.6722570000274573e-08;7.514800000353716e-08;1.0668484999041539e-07;3.5209719999693335e-06
1.631210000050487e-08;7.068165999953635e-08;1.0707729999558069e-07;3.806979000219144e-06
1.6723784999339843e-08;7.498083999962546e-08;1.000164599972777e-07;4.227877999655903e-06
1.7039094999199734e-08;7.368879999849015e-08;1.144310000090627e-07;4.347307999851182e-06
2.4550969997653738e-08;6.777160000056028e-08;1.1900925000372808e-07;4.3846220002160405e-06
1.938996499957284e-08;8.579326000181026e-08;1.033129999996163e-07;3.7658860001829454e-06
1.771632000018144e-08;7.877317999955267e-08;1.003371499973582e-07;3.994511000055354e-06
1.6510995000135155e-08;8.163910000002943e-08;1.0256305000802967e-07;4.100124000106007e-06
1.6634964999684598e-08;8.186852000071667e-08;1.0352224999223836e-07;3.6926980002317577e-06
1.8711349999648518e-08;7.838635999942199e-08;1.2038475000008475e-07;4.079254000098445e-06
1.7367974999069702e-08;6.512928000302054e-08;1.112823200004641e-07;3.714672999922186e-06
2.0996159999049268e-08;7.521024000016041e-08;1.0712249999050983e-07;3.929825999948662e-06
1.5737889999581966e-08;7.150325999828055e-08;1.0728627999778837e-07;3.7572409998392686e-06
1.9732735000434333e-08;8.301294000120833e-08;1.0394830000586807e-07;3.9054389999364504e-06
1.645647999976063e-08;8.548487999942153e-08;1.0167730000102893e-07;3.9263270000810734e-06
1.7095430000335908e-08;8.304023999953643e-08;1.0522019999916665e-07;4.00946700014174e-06
1.6017304999695626e-08;1.0373689999687485e-07;1.0822449999977835e-07;3.845501000178046e-06
1.593208499980392e-08;7.765678000287152e-08;1.1509034999471624e-07;4.164043000200763e-06
1.6541095000866336e-08;7.882809999864549e-08;1.0471154999686405e-07;3.927261999924667e-06
1.694953499973053e-08;7.205117999692447e-08;1.1553764999553096e-07;4.2023570000310426e-06
1.5424139999959152e-08;6.349143999977968e-08;1.0917830000107642e-07;4.012164000305347e-06
1.676411999942502e-08;7.697444000514224e-08;1.0530769999604673e-07;3.7219210001057947e-06
1.6503565000311937e-08;5.818574000149965e-08;1.0063250000530388e-07;4.173595999600366e-06
1.6399369999999182e-08;7.465541999554261e-08;1.0910005000187084e-07;4.092744000372477e-06
2.0827840000856666e-08;7.834922000183724e-08;1.0224064999783878e-07;4.383642000029795e-06
1.7256930000439753e-08;6.958767999894917e-08;1.2032914999872445e-07;3.8736600000993345e-06
1.8221630000334698e-08;8.280912000336685e-08;1.0607039999740664e-07;4.003348000114784e-06
1.9135340000502765e-08;7.700265999883413e-08;1.1290345000452363e-07;3.9195950000430456e-06
1.5043935000721832e-08;8.485704000340775e-08;1.2215324999124277e-07;4.030672000080812e-06
2.0117439999012276e-08;7.32108199968934e-08;1.103265999990981e-07;3.6445950000779705e-06
1.821920499933185e-08;7.826333999983035e-08;1.0592430000542663e-07;4.241981999948621e-06
1.764606999931857e-08;7.523527999874205e-08;1.084627500094939e-07;4.036323999753222e-06
1.6720120000536554e-08;8.100765999988653e-08;1.048923000053037e-07;4.08713800017722e-06
1.895618499984266e-08;7.497147999820299e-08;1.0318160000315402e-07;3.8043310001376085e-06
1.8997890000173358e-08;7.606677999719977e-08;1.0270709999895189e-07;4.178876000223681e-06
1.6579645000456365e-08;6.170148000237532e-08;1.0840838000294752e-07;3.993250000057742e-06
1.8078645000059622e-08;8.015972000430338e-08;1.0660125000867993e-07;3.610995000053663e-06
1.695121999946423e-08;7.527769999578595e-08;1.0495449999871198e-07;3.784629000001587e-06
1.5738069999497383e-08;5.858244000119157e-08;1.0323555000650231e-07;3.708393999841064e-06
2.034010000061244e-08;7.401426000287756e-08;1.0683126000221818e-07;4.034151000087149e-06
2.183755000005476e-08;7.507691999780946e-08;1.0553634999087081e-07;3.608807999989949e-06
1.6994599999452475e-08;5.617378000169992e-08;1.0734823999810033e-07;3.7120059999870137e-06
1.569337999972049e-08;8.181703999871388e-08;1.10385860002134e-07;3.92334000003757e-06
1.6307925000728573e-08;6.034262000466696e-08;9.873974000220187e-08;4.10084100003587e-06
1.815086499991594e-08;5.763368000043556e-08;1.0818345000734552e-07;4.4243799999821935e-06
1.4777415001299232e-08;6.998399999574758e-08;1.13651249994291e-07;4.3061300000408665e-06
1.6771210001024883e-08;7.66466600005515e-08;1.1547514999983832e-07;3.81885799986776e-06
1.781327000062447e-08;5.660969999735244e-08;1.0604719999537338e-07;3.891449999937322e-06
1.4892105000035371e-08;7.370752000133508e-08;1.222577000007732e-07;3.969210000068415e-06
1.918130999983987e-08;1.134732500067912e-07;1.0340670000005048e-07;4.539720999891869e-06
1.9986014999449252e-08;7.322043999447487e-08;1.2277594998886344e-07;4.667789000086487e-06
1.9012595000094735e-08;8.339949999935925e-08;1.0622614999010694e-07;3.758830000006128e-06
1.761512999946717e-08;7.826319999876433e-08;1.0090559998934623e-07;4.076286000199616e-06
1.627682999969693e-08;7.092665999662131e-08;1.0345070000039414e-07;4.156538000097498e-06
2.3240140000416432e-08;7.411352000199258e-08;1.0856649999914225e-07;4.04779199976474e-06
2.4606080001103692e-08;9.505800000042655e-08;1.3812590000452473e-07;4.3564400001196194e-06
1.636443000024883e-08;8.228908000164665e-08;1.0903361999662593e-07;4.07370799977798e-06
1.5501224999025e-08;9.142895999830217e-08;1.4348329999484122e-07;4.852867999579758e-06
2.1714520000386984e-08;8.93848399980925e-08;1.2162459999672138e-07;4.567950000055134e-06
2.369229999894742e-08;7.196094000246375e-08;1.1023424999439157e-07;4.7206999995978546e-06
2.0283505000406876e-08;8.358774000080302e-08;1.0484464999171905e-07;3.6466079999809152e-06
1.8190719999256544e-08;7.70805999985896e-08;1.2324045000423212e-07;4.8740059998817745e-06
1.4866685000015423e-08;7.792326000053435e-08;1.2079020000237505e-07;4.310894000227563e-06
2.1006944999680854e-08;6.823271999601274e-08;1.0551885000313632e-07;4.323426999908407e-06
2.0947185000113676e-08;8.148284000344575e-08;1.444234999944456e-07;4.926714000175707e-06
2.1881069999653846e-08;8.270896000321955e-08;1.1461350000172388e-07;4.359731000149622e-06
2.069047999975737e-08;9.453230000217446e-08;1.1547364998841658e-07;4.946309999795631e-06
2.4141460002283566e-08;9.358530000317842e-08;1.49631149994093e-07;4.9497719999635595e-06
2.241119000245817e-08;8.899680000031367e-08;1.442421999963699e-07;4.822132000117563e-06
1.8587464999291115e-08;7.220356000470929e-08;1.1447134999616537e-07;4.2904299998190255e-06
2.592235000047367e-08;1.0746069999877364e-07;1.1290860000008252e-07;4.148006000323221e-06
2.047053000133019e-08;9.138011999893933e-08;1.0180010000476614e-07;4.745858000242151e-06
2.370082999987062e-08;8.081667999504134e-08;1.521162999997614e-07;4.061930000316352e-06
2.3100120000890457e-08;7.40317799965851e-08;1.1195576000027358e-07;4.287909999839031e-06
2.3144869998213834e-08;1.0696170000301209e-07;1.3207244999648538e-07;4.7668459999840705e-06
2.594643000047654e-08;1.0362561999936588e-07;1.2658465000276918e-07;4.3755959998816254e-06
2.151531999988947e-08;7.787020000396297e-08;1.4491704999818467e-07;4.189364000048954e-06
2.1359659999143334e-08;8.258612000499852e-08;1.3359110000601503e-07;4.209247999824584e-06
2.246527999814134e-08;1.0897980000299867e-07;1.207777499948861e-07;4.53053799981717e-06
2.026730000070529e-08;8.896544000017457e-08;1.270556000090437e-07;4.321465999819338e-06
2.4902319998363965e-08;5.656031999969855e-08;1.2200225000560748e-07;4.334409000002779e-06
1.74595849995967e-08;1.1533060000510886e-07;1.350733500003116e-07;4.870095999795012e-06
1.7890665000595617e-08;8.419102000189014e-08;1.122140999941621e-07;4.715632000006735e-06
2.432480999850668e-08;6.42095800023526e-08;1.2038819999725092e-07;4.089757999754511e-06
1.9001845001184847e-08;7.961683999747038e-08;1.2846254999749362e-07;4.166374000487849e-06
1.7030265000357758e-08;8.210993999964558e-08;1.1997390000033193e-07;4.47589399991557e-06
1.858996999944793e-08;8.380720000131986e-08;1.0309396000229753e-07;4.613729000266176e-06
1.8708054999297018e-08;7.889993999851868e-08;1.178609500057064e-07;4.152036000159569e-06
1.6718309999851045e-08;8.3956459996989e-08;1.145702999929199e-07;4.210033999988809e-06
1.841753499902552e-08;8.556372000020928e-08;1.276510000025155e-07;4.354242000263185e-06
2.2722520001116208e-08;7.829896000330337e-08;1.1744190000172238e-07;4.305863999761641e-06
2.1075530000962317e-08;6.613997999811545e-08;1.1183794999669771e-07;4.141776000033133e-06
1.756984000094235e-08;8.100175999570638e-08;1.235852999961935e-07;4.1071660001762216e-06
1.9434254999214316e-08;8.597549999831245e-08;1.222431000060169e-07;4.131322000175714e-06
1.97836549996282e-08;8.28090000024531e-08;1.3733364999643527e-07;5.328993999864906e-06
2.046847000019625e-08;9.072074000141583e-08;1.3194775000738446e-07;5.391046000295319e-06
2.2068589998525566e-08;8.009107999969274e-08;1.4463330000580755e-07;5.506663999985904e-06
1.8705409999529367e-08;6.90738000033889e-08;1.3786425000580493e-07;5.538063999847509e-06
1.9676540000364185e-08;1.039932499988936e-07;1.2480504999984987e-07;5.17145799996797e-06
2.054655499960063e-08;1.0458590000052936e-07;1.2304564999067224e-07;5.498984000296332e-06
2.3508899999433196e-08;6.325688000069932e-08;1.3091605000954588e-07;4.730295999906957e-06
2.031083999900147e-08;8.082015999825672e-08;1.2143350001133511e-07;5.104249999858439e-06
1.5801260000444018e-08;7.458869999973103e-08;1.2175639999622945e-07;5.696853999979794e-06
1.877484500000719e-08;6.825421999674291e-08;1.250702499964973e-07;5.180525999749079e-06
1.7127279999840538e-08;7.571673999773338e-08;1.2328544999763834e-07;4.9794219998875635e-06
1.7943230000673793e-08;7.368561999755912e-08;1.1206484999274836e-07;5.188725999905728e-06
1.796110499999486e-08;6.014927999931388e-08;1.2449124999693594e-07;4.786543999798596e-06
2.066931999870576e-08;6.832634000456892e-08;1.2591445000725798e-07;5.799699999624863e-06
1.8362674998934382e-08;7.444044000003487e-08;1.2398380000377075e-07;4.879797999747098e-06
2.0311609999043867e-08;7.002413999871351e-08;1.3055049999093172e-07;4.8296920000575486e-06
1.7563904999406078e-08;7.104848000453786e-08;1.3759140000911429e-07;4.880834000068717e-06
1.910486499982653e-08;6.631642000284046e-08;1.2473450000106824e-07;5.54193000018131e-06
2.025771999906283e-08;9.129535999963991e-08;1.2082970001210924e-07;5.124425999820232e-06
2.0804964999842924e-08;7.181721999659203e-08;1.3041285000508652e-07;4.8215479997452345e-06
1.8832734999887178e-08;6.103285999852232e-08;1.268518500000937e-07;4.633427999797277e-06
1.8328665000444743e-08;7.344682000111789e-08;1.1369339999509975e-07;4.867425999836997e-06
1.5739239999675193e-08;8.094163999776356e-08;1.1641845000849571e-07;5.128754000179469e-06
1.8181209999602288e-08;8.797110000159591e-08;1.1676905000058468e-07;4.6278080000774935e-06
2.0494719999260268e-08;7.160175999742933e-08;1.15078300004825e-07;5.510409999988042e-06
1.706135999993421e-08;7.664892000029795e-08;1.34853049996309e-07;5.866358000203036e-06
2.3500659997807816e-08;7.584480000077747e-08;1.347354499885114e-07;5.6304280000040304e-06
2.419141000136733e-08;8.468848000047728e-08;1.121279500075616e-07;4.790344000211917e-06
1.710045500076376e-08;7.566461999667809e-08;1.2164539999503178e-07;4.976400000159629e-06
1.6869654999754857e-08;8.4388439997565e-08;1.208592999901157e-07;5.030237999744713e-06
2.1496350000961685e-08;9.159543999703601e-08;1.1239979999663775e-07;4.802539999946021e-06
1.67230599996401e-08;8.315512000117451e-08;1.0899359999166336e-07;5.305601999862119e-06
1.8315749999601395e-08;7.212547999806702e-08;1.2476240000978578e-07;4.847417999990284e-06
1.6246194999257567e-08;8.38932599988766e-08;1.1615719999826979e-07;5.5200339999282734e-06
1.4878824999323114e-08;7.387115999590605e-08;1.2413754999579396e-07;5.450429999618791e-06
2.2460780000255908e-08;8.412142000161111e-08;1.2884659999690483e-07;5.026735999854281e-06
2.140215999970678e-08;7.564554000273347e-08;1.1279255000408739e-07;4.8566100001335145e-06
1.7467180000676307e-08;8.910650000325404e-08;1.193461000075331e-07;5.209957999759354e-06
1.618103000073461e-08;1.0455240000737831e-07;1.231957499985583e-07;4.958696000394411e-06
1.759072999993805e-08;1.0073109999939334e-07;1.331733999977587e-07;4.717261999612674e-06
1.976219500065781e-08;7.279805999714881e-08;1.2228275000234133e-07;5.988473999896087e-06
2.242479000124149e-08;8.957736000302248e-08;1.1077769999974408e-07;5.177037999965251e-06
1.59671100002015e-08;7.080072000389919e-08;1.1765440000453964e-07;4.872898000176065e-06
1.5964250000251923e-08;7.046909999917261e-08;1.212266000075033e-07;4.925281999749132e-06
1.7094105000433047e-08;7.307700000237673e-08;1.3289604999590666e-07;4.991303999559023e-06
1.9888820000051056e-08;8.956371999811381e-08;1.2548859999515116e-07;5.351346000097692e-06
1.915993000002345e-08;7.130966000258923e-08;1.1217415001010522e-07;5.250288000097499e-06
1.7136125000251922e-08;8.667492000386119e-08;1.210898499994073e-07;5.2625639998586845e-06
1.6745920000539627e-08;9.331824000109918e-08;1.1698674999934156e-07;5.733843999914825e-06
1.8182250000245402e-08;7.239806000143289e-08;1.2752695000381208e-07;4.655989999882877e-06
1.7833860000246203e-08;8.1966039998224e-08;1.0716070000489708e-07;5.221773999510333e-06
1.5907855000114068e-08;7.446696000406519e-08;1.2908764999883715e-07;5.11309799971059e-06
1.7876620001334232e-08;7.871305999578909e-08;1.1329984999611043e-07;5.2968420000979676e-06
1.7625645000953228e-08;7.60119799990207e-08;1.338024500000756e-07;5.2737480000359935e-06
1.666290499997558e-08;6.712775999912992e-08;1.1411565000889823e-07;4.6507140004541725e-06
1.649048500112258e-08;8.177727999864147e-08;1.3554639999347272e-07;4.840993999969214e-06
1.592382499948144e-08;6.337944000260904e-08;1.2049770000157879e-07;4.53665999986697e-06
1.809416999894893e-08;7.582874000072479e-08;1.0729395000089425e-07;4.914837999967858e-06
1.723156000080053e-08;8.24138599971775e-08;1.2059549998957664e-07;4.997794000082649e-06
1.797534999932395e-08;7.086158000165596e-08;1.1400075000710786e-07;4.6676179999485615e-06
1.70166550000431e-08;6.274178000167013e-08;1.1463509999157395e-07;4.91712799994275e-06
1.5248845001042353e-08;7.096164000104181e-08;1.1627025000052527e-07;5.024995999992825e-06
1.6638744999363553e-08;7.616618000320159e-08;1.1603775000548921e-07;4.527464000275359e-06
1.681069500045851e-08;6.660608000238426e-08;1.1397824999585282e-07;5.176173999789171e-06
1.7224449999048375e-08;7.448444000328891e-08;1.18214900008752e-07;5.066653999965638e-06
1.6114484998979607e-08;6.988119999878108e-08;1.2476399999286514e-07;5.372805999941192e-06
2.2925939998822287e-08;8.081557999830693e-08;1.2025020000874066e-07;5.3757139999652285e-06
1.7016485000203828e-08;6.71816400019452e-08;1.0689650000131223e-07;4.736169999814592e-06
1.4784915000200271e-08;8.180504000047222e-08;1.1939875000098255e-07;4.489404000341892e-06
1.736459499952616e-08;7.969520000042394e-08;1.0835619999852498e-07;4.71652600041125e-06
1.5541269999812356e-08;6.811046000220813e-08;1.3241299999936018e-07;4.645523999934084e-06
1.9091064999520314e-08;7.240505999652669e-08;1.0739694999938365e-07;5.336227999650873e-06
2.2969860000011976e-08;8.733052000170573e-08;1.303494000021601e-07;5.1020119996974245e-06
1.4920414998778142e-08;6.977516000042669e-08;1.1200965000898577e-07;5.29084799985867e-06
2.041958500049077e-08;6.588092000456526e-08;1.0362064999935682e-07;5.508385999710299e-06
1.6263350000372156e-08;7.916576000279747e-08;1.1055204999865964e-07;4.688183999969624e-06
2.046822999836877e-08;9.639235999784432e-08;1.4611994998995214e-07;4.997833999805152e-06
2.1671634999802337e-08;7.221969999955036e-08;1.3156009999511298e-07;4.642355999676511e-06
1.8733680000877938e-08;6.7769679997582e-08;1.121574499993585e-07;4.640498000080697e-06
2.0354479999514295e-08;9.014841999742202e-08;1.285553999914555e-07;5.50171600014437e-06
2.3030090000247582e-08;7.64537199982442e-08;1.1538660000951495e-07;5.225555999786593e-06
1.763756500004092e-08;8.532468000194057e-08;1.3518934999592602e-07;4.490793999866583e-06
1.857797999982722e-08;7.43473600014113e-08;1.330106500099646e-07;5.053559999796562e-06
1.7767015000572427e-08;8.655826000031084e-08;1.1239985001157038e-07;4.915579999797046e-06
1.8171499999880325e-08;8.297254000208341e-08;1.1439149999932851e-07;5.2319380000699315e-06
2.0715639999252744e-08;7.468103999854066e-08;1.2960944999940694e-07;4.98274199955631e-06
1.872861500014551e-08;1.0360845000832341e-07;1.244122000061907e-07;5.200797999859788e-06
2.155888999986928e-08;7.852118000155315e-08;1.1983784999756608e-07;5.4882779996842145e-06
1.7226450001180638e-08;9.310145999770611e-08;1.142552999954205e-07;5.3141899994807316e-06
2.222724999883212e-08;8.475843999767677e-08;1.4667740000004416e-07;5.092602000222542e-06
2.2625050001079218e-08;1.0479433999862522e-07;1.2304639999638311e-07;5.711420000297949e-06
1.880327999970177e-08;9.057341999723576e-08;1.1072064998734276e-07;4.9950219999300315e-06
2.3017319999053143e-08;8.739135999931022e-08;1.2066120000963564e-07;5.109989999909885e-06
1.9970009999815376e-08;8.346472000121139e-08;1.245729500078596e-07;5.653770000208169e-06
2.5076470000203698e-08;1.0638599999947473e-07;1.4003949999460018e-07;5.972759999567643e-06
2.1659749999525956e-08;8.123693999950774e-08;1.3612305000424385e-07;4.773768000304699e-06
2.308793499978492e-08;8.169098000507802e-08;1.3013149998732842e-07;6.11477600003127e-06
2.1815259999129922e-08;8.072679999750108e-08;1.1765475000720471e-07;5.629191999905743e-06
2.4598979999427685e-08;7.985644000000321e-08;1.4131505000113975e-07;4.832518000039272e-06
1.898841999936849e-08;6.998340000282042e-08;1.3313144999847282e-07;5.3009780001593756e-06
1.655278999969596e-08;8.594191999873147e-08;1.3040375000855419e-07;6.294114000047557e-06
2.553460999915842e-08;8.578647999675013e-08;1.302626999968197e-07;6.4809620002051815e-06
2.564935999980662e-08;8.489216000307351e-08;1.358526499971049e-07;6.311352000338957e-06
2.0402309999917635e-08;9.083581999875606e-08;1.517976000031922e-07;7.576944000320509e-06
2.238800000050105e-08;8.080169999739156e-08;1.685670000006212e-07;5.700749999959953e-06
2.004132500005653e-08;9.926234000013209e-08;1.2125479998940137e-07;6.999008000129834e-06
2.0797920000040902e-08;9.294319999753497e-08;1.61991200002376e-07;7.5950819998979565e-06
2.4180830000841526e-08;8.940548000391573e-08;1.3628210000752006e-07;6.678548000054434e-06
2.4001989999669603e-08;9.68471199972555e-08;1.323941000009654e-07;7.512379999971018e-06
2.4253014998976143e-08;8.773341999622062e-08;1.3009135000174864e-07;7.304179999628104e-06
1.8854960000317078e-08;9.060186000424438e-08;1.4760359999490902e-07;7.193219999899156e-06
2.181785000138916e-08;8.900039999862202e-08;1.3484224998683204e-07;6.775443999795243e-06
1.6019450000021607e-08;6.408878000220284e-08;1.421692500007339e-07;6.041593999834731e-06
1.6569064999930562e-08;7.365238000056707e-08;1.2258314999053255e-07;6.182795999920927e-06
1.7715175000193993e-08;7.248723999946378e-08;1.4835415000561625e-07;6.198293999768794e-06
1.744277499965392e-08;7.330799999763258e-08;1.2512599999899976e-07;6.158597999601625e-06
1.6463124999427237e-08;7.635761999990791e-08;1.2129014999663922e-07;5.288785999873653e-06
1.6650760000629816e-08;7.459600000292994e-08;1.1620575000415556e-07;5.516423999797552e-06
1.8022409999684896e-08;7.36328000028152e-08;1.2870400000247173e-07;6.00237799983006e-06
1.6807040000276175e-08;6.994773999904282e-08;1.224815000023227e-07;6.25153600005433e-06
1.931477000034647e-08;7.220678000012413e-08;1.2472495000110938e-07;6.079637999646365e-06
1.7249825000180864e-08;7.863342000055127e-08;1.223216499929549e-07;5.721521999803372e-06
2.253307999926619e-08;7.289332000073046e-08;1.3104430001112633e-07;5.6873239995911715e-06
1.634813000127906e-08;7.080079999868758e-08;1.2975905000348577e-07;5.711322000133805e-06
1.680044000095222e-08;6.757680000155233e-08;1.2578544999996665e-07;5.533988000242971e-06
1.5733349999936762e-08;6.839380000019446e-08;1.23039099999005e-07;5.4955019999761135e-06
1.598784999951022e-08;6.997719999635592e-08;1.3694650000252294e-07;5.459738000063225e-06
1.610892500029877e-08;7.070318000041879e-08;1.243164499901468e-07;5.419694000156596e-06
1.6348499999730848e-08;6.49948000034783e-08;1.2834779999684543e-07;6.020160000189208e-06
1.6066375000809784e-08;6.636468000360765e-08;1.1899750000156928e-07;5.330037999665365e-06
1.6402744999504647e-08;7.412760000443086e-08;1.3141539999924133e-07;5.466610000003129e-06
1.5133649999916087e-08;7.264292000327259e-08;1.224975000077393e-07;5.608888000133447e-06
1.6053829999873413e-08;7.130736000253819e-08;1.1856790000456385e-07;5.5257380002876745e-06
1.5768754998862278e-08;6.772257999982685e-08;1.2522180000087247e-07;5.601804000325501e-06
1.651028500054963e-08;7.221902000019327e-08;1.2618669999937993e-07;5.527028000215068e-06
1.4816774999781046e-08;7.13675000006333e-08;1.1722695000935345e-07;5.586046000244096e-06
1.7283885000506417e-08;6.927511999965645e-08;1.2076404999243094e-07;5.43355599977076e-06
1.5384795000136365e-08;6.78072999988217e-08;1.2494675000198185e-07;5.97944799985271e-06
1.5853435000462923e-08;6.747230000328273e-08;1.2577889999374748e-07;5.3928620001534e-06
1.5412014999310486e-08;6.55715400003828e-08;1.2009370001032947e-07;5.430036000325344e-06
1.55316699994728e-08;7.097730000386946e-08;1.1904215000686236e-07;5.556682000169531e-06
1.5944355000101496e-08;6.399953999789432e-08;1.3247665000380948e-07;5.283521999954246e-06
1.6698989999713375e-08;7.052437999518588e-08;1.379513499996392e-07;5.558005999773741e-06
1.6420805000234396e-08;7.712479999754577e-08;1.217229500034591e-07;5.651441999943927e-06
1.9048950000433252e-08;7.451187999686226e-08;1.4982710000185762e-07;6.625802000053227e-06
2.0230439997976645e-08;6.3370299997041e-08;1.2099360000866e-07;5.5895239999517795e-06
2.1770310000283642e-08;6.694222000078298e-08;1.244975000008708e-07;5.883248000172898e-06
2.0113790000323206e-08;7.298128000111319e-08;1.1802120000356808e-07;5.758952000178397e-06
1.6710604999389034e-08;6.583213999983854e-08;1.254616999940481e-07;5.298697999678552e-06
1.6778195000370033e-08;6.239986000000499e-08;1.2977060000412167e-07;5.3521240002010015e-06
1.6960475000087172e-08;7.845267999800853e-08;1.3789285000530072e-07;6.456938000046648e-06
1.8605550000211222e-08;7.23465999995824e-08;1.5351730000111275e-07;5.589814000413753e-06
1.7154509999090806e-08;7.968647999805398e-08;1.3202424999326468e-07;6.957285999669693e-06
1.769668999913847e-08;7.352207999792882e-08;1.3273964999825695e-07;5.8204199996544045e-06
1.6983269999036567e-08;7.894394000177271e-08;1.29703900005552e-07;5.654847999685444e-06
1.5423305000877006e-08;8.134603999787942e-08;1.3150970000424423e-07;5.616359999985434e-06
1.8099024999537504e-08;8.248358000419102e-08;1.3023924999288284e-07;5.848587999935262e-06
2.0627244999923276e-08;8.920967999729327e-08;1.1815735000709537e-07;5.9820260002743454e-06
1.6039669999736362e-08;7.733443999895826e-08;1.2465230000088923e-07;5.300198000040836e-06
1.8048295000335202e-08;7.839401999954135e-08;1.2850715000240599e-07;5.489516000379808e-06
2.2339949998422524e-08;6.342647999990731e-08;1.3167490001069382e-07;6.243023999850266e-06
2.0353739999700337e-08;7.139430000097491e-08;1.1974835000000894e-07;5.732319999951869e-06
1.6906800000288057e-08;7.605210000183433e-08;1.2328524999611544e-07;5.73528399982024e-06
1.5080470000975766e-08;7.131923999986612e-08;1.2855699998908675e-07;5.4663960001198575e-06
2.184152000118047e-08;9.352338000317104e-08;1.63025200003176e-07;5.707143999752589e-06
2.1862564999901224e-08;8.394798000226728e-08;1.220642999978736e-07;5.797869999660179e-06
2.128722000052221e-08;8.441297999816015e-08;1.328676999983145e-07;5.961666000075639e-06
1.844522000028519e-08;8.394151999964379e-08;1.3812899999902584e-07;5.5822939996141944e-06
2.0213339998736048e-08;7.200065999641084e-08;1.270442499953788e-07;5.394809999852441e-06
1.8963315000291912e-08;7.254917999962344e-08;1.231153499975335e-07;5.960187999880873e-06
2.5046349997865037e-08;7.660271999775432e-08;1.2478720000945032e-07;5.833164000068791e-06
1.8548099999316038e-08;8.330059999716468e-08;1.3492075000249315e-07;5.605040000518784e-06
2.041109500132734e-08;6.863718000240623e-08;1.3985289999982343e-07;6.295023999991827e-06
2.1768339999835007e-08;9.205498000374064e-08;1.1806414999591653e-07;6.752744000405073e-06
2.2010380000574515e-08;7.402057999861426e-08;1.4821970000048168e-07;6.264341999776661e-06
2.550037000037264e-08;8.278970000101253e-08;1.4644299999054056e-07;5.716146000195295e-06
1.7702355000074022e-08;7.438203999772668e-08;1.271268999989843e-07;5.905554000055418e-06
1.8723885000508745e-08;7.02361400006339e-08;1.2645239999983459e-07;5.607015999848954e-06
2.1165689997724257e-08;7.395660000038333e-08;1.504030500072986e-07;5.636527999886311e-06
1.756279999972321e-08;7.080673999735154e-08;1.2514445000851992e-07;6.249618000001647e-06
1.6811324999434872e-08;7.709561999654398e-08;1.217707000032533e-07;5.767516000196338e-06
1.742202500026906e-08;7.978839999996126e-08;1.3053904999105726e-07;5.913294000201859e-06
1.7145359999267384e-08;6.806890000007116e-08;1.1780385000747628e-07;6.314359999960288e-06
1.728803500009235e-08;6.929311999701894e-08;1.2440549999882932e-07;5.743175999959931e-06
1.8409964999591465e-08;7.746597999939695e-08;1.3722869999764952e-07;5.611872000154108e-06
1.6297910000139382e-08;7.117045999621041e-08;1.4323675000923686e-07;5.712679999996908e-06
1.7919390001043212e-08;7.278188000200316e-08;1.3054525000916327e-07;5.365416000131518e-06
1.7879555000399706e-08;7.72350399987772e-08;1.2431070000457112e-07;5.973184000467882e-06
1.6427540000586304e-08;7.59360599971842e-08;1.2135245000536088e-07;6.046604000148364e-06
1.7415069999697153e-08;7.478392000193708e-08;1.4526745000330265e-07;5.9731579996878285e-06
1.9108414999209346e-08;7.167388000525534e-08;1.3195499998982996e-07;5.740423999959603e-06
1.9194630000856706e-08;8.170185999479144e-08;1.4299990001018158e-07;6.136070000356995e-06
1.6254790000675712e-08;6.911100000143051e-08;1.2913089999346993e-07;5.8519900002283975e-06
1.6291839999030346e-08;7.140226000337861e-08;1.4697040000464766e-07;6.142057999968529e-06
1.764090499927988e-08;7.167354000266642e-08;1.4723504999710712e-07;6.1438240000279624e-06
2.3331060001510195e-08;7.311775999842212e-08;1.5677399998821785e-07;6.1070599994855004e-06
2.2011960000963883e-08;7.779950000112876e-08;1.3600934999703894e-07;6.012011999846436e-06
2.4371290000271984e-08;7.301046000211499e-08;1.2093425000784919e-07;6.9954860000871125e-06
2.228245500009507e-08;7.668976000277325e-08;1.553910999937216e-07;7.019098000018857e-06
1.8648440000833944e-08;8.505227999994531e-08;1.2686910000047647e-07;6.187227999907918e-06
1.740606000093976e-08;5.4696499998681245e-08;1.057996199990157e-07;7.060996000072919e-07
1.7868534999433904e-08;4.9860739998985085e-08;1.1825504999433178e-07;6.838211999856867e-07
1.7005629999039228e-08;6.234069999773056e-08;1.1755825000000186e-07;6.749434000230394e-07
1.5998804999981075e-08;4.933514000149444e-08;1.094928499951493e-07;6.678987999912351e-07
1.772862499929033e-08;5.7612119999248535e-08;1.1836900000344031e-07;7.379935999633744e-07
1.8873335000535008e-08;5.5770840001059697e-08;1.0373190000245813e-07;6.586011999752372e-07
2.125136999966344e-08;6.355031999992207e-08;1.062677000008989e-07;7.022429999778979e-07
2.1149529999820515e-08;6.371698000002653e-08;1.2183224999171216e-07;6.805199999944307e-07
2.0710190001409502e-08;6.782097999821417e-08;1.3460325000050942e-07;7.596640000119805e-07
2.098824999993667e-08;5.966174000059254e-08;1.0354270000243559e-07;7.210787999792956e-07
2.483836000028532e-08;6.122818000148981e-08;1.1060269999143202e-07;7.870715999742969e-07
2.067815500049619e-08;5.344807999790646e-08;1.043323500052793e-07;7.655800000065937e-07
2.045267000066815e-08;5.8950200001709166e-08;1.1697426000027918e-07;6.662663999595679e-07
1.712712000007741e-08;5.876014000386931e-08;1.0639939999964554e-07;7.970372000127099e-07
2.0687249999900813e-08;4.9881759996060284e-08;1.034536199993454e-07;6.515631999936886e-07
1.794847499986645e-08;6.543944000150077e-08;1.0703910001029726e-07;6.346385999931953e-07
1.5829215000849218e-08;4.825740000233054e-08;1.1124420000123791e-07;7.629229999729433e-07
2.0660970000608357e-08;4.968770000268705e-08;1.2025885000184643e-07;6.834047999582253e-07
1.778980500093894e-08;5.460418000002392e-08;1.2547744999756105e-07;7.44231199962087e-07
1.815325999923516e-08;5.568136000074446e-08;1.0604700000840239e-07;6.751593999797479e-07
2.042998999968404e-08;5.3920539998216555e-08;1.0388049999892246e-07;7.065434000105597e-07
1.8074594999779948e-08;5.321068000048399e-08;1.174312000075588e-07;7.022902000462636e-07
1.8277579999994486e-08;4.988426000345498e-08;1.0919439999270253e-07;6.682207999983802e-07
2.161488000128884e-08;5.825405999785289e-08;1.0740110000187997e-07;7.40734799997881e-07
1.761965999903623e-08;5.4544940002961085e-08;1.2201325000205543e-07;6.947330000111833e-07
1.962892500014277e-08;5.3417100000660864e-08;1.0364669999689795e-07;7.240573999588378e-07
1.7448965000221504e-08;5.518791999784298e-08;1.009749500080943e-07;7.035959999775514e-07
2.0483999999123625e-08;6.026878000120633e-08;1.0188995000498835e-07;7.200247999862767e-07
1.8957114999648183e-08;5.333671999978833e-08;9.970221999683418e-08;6.596380000119097e-07
1.7414185000234283e-08;4.9922199995489794e-08;1.0279071999830194e-07;6.668359999894165e-07
1.694724999979371e-08;4.829924000077881e-08;9.828264000243507e-08;6.614777999930084e-07
1.7441385000711307e-08;4.677383999805897e-08;1.1246163999894634e-07;6.323092000093311e-07
1.822451999905752e-08;5.426370000350289e-08;9.827125999727287e-08;6.661422000033781e-07
1.6730755000025964e-08;4.874159999890253e-08;1.1486820000573062e-07;6.51385199977085e-07
1.6511324999737555e-08;5.91431199980434e-08;1.0381314999540337e-07;6.769446000107564e-07
1.6402614999969955e-08;6.859961999580264e-08;9.855429999879561e-08;6.844398000393994e-07
1.5178724999714177e-08;5.046151999849826e-08;1.11309900006745e-07;6.333184000104665e-07
1.812421499926131e-08;4.9726540001574904e-08;1.1389274999964982e-07;6.875685999984853e-07
1.9237504999910017e-08;5.5093599995598197e-08;1.001121500012232e-07;6.861047999700532e-07
1.7571580001094845e-08;5.512868000078015e-08;1.0826274999999442e-07;6.925860000192187e-07
1.744981999945594e-08;4.6479499997803944e-08;1.0359149999567307e-07;6.976933999685571e-07
2.0161514999927023e-08;5.273027999792248e-08;9.716200000257231e-08;6.287260000244714e-07
1.5852825000183657e-08;4.9844779999693854e-08;1.0783700000320095e-07;6.408519999822602e-07
1.6506935001234523e-08;4.6034419996431095e-08;9.8060660000192e-08;6.687481999979354e-07
1.6351230000145732e-08;4.9766799999633804e-08;1.1344054999062791e-07;6.529149999842048e-07
2.031289000005927e-08;4.808818000019528e-08;1.065435399999842e-07;6.847886000177823e-07
1.8686499999603258e-08;5.481687999563292e-08;1.0479809999815188e-07;6.617390000028536e-07
1.5568675000395162e-08;4.688522000215016e-08;1.0053055000025779e-07;6.817705999710597e-07
2.11850100022275e-08;4.8470320005435496e-08;1.1521920000086538e-07;7.839703999925405e-07
1.950959999958286e-08;4.706664000404999e-08;1.0139429999981076e-07;6.549010000308045e-07
1.8292654999822844e-08;5.263004000298679e-08;9.576364000095054e-08;6.706039999844507e-07
1.644416000053752e-08;5.137854000204243e-08;1.1068842000095174e-07;6.747066000243649e-07
1.8131869999342598e-08;4.8889380000764504e-08;1.0279850001097657e-07;6.897845999919809e-07
1.4984239998739212e-08;5.6875939999008555e-08;1.1064706000033767e-07;6.504161999910139e-07
1.8769010000687557e-08;5.0886279996484515e-08;9.585803999798373e-08;7.655448000296019e-07
1.5972974999749568e-08;5.175516000017524e-08;1.1169674999837299e-07;6.854870000388474e-07
1.7169054999249056e-08;5.616385999601334e-08;1.0541740000189748e-07;6.922189999604598e-07
1.6417185000318567e-08;5.359993999591097e-08;1.0987919999752194e-07;6.794271999970079e-07
2.0233340001141187e-08;5.768771999864839e-08;9.325624000048265e-08;7.532280000159517e-07
1.8286665000778158e-08;5.849049999960698e-08;1.0337864999019075e-07;6.799410000094212e-07
1.8641234999813607e-08;5.430484000244178e-08;1.0183082000003196e-07;7.795688000041992e-07
1.756866500072647e-08;4.5476619998225945e-08;1.076894199999515e-07;6.599758000229486e-07
1.6501825000159442e-08;5.174306000117212e-08;1.0895054999855347e-07;6.646429999964312e-07
1.874625000054948e-08;4.6404759999131785e-08;9.931592000066303e-08;7.1048059995519e-07
1.5449085000727792e-08;4.8863579996395853e-08;1.218356500030495e-07;6.933378000394441e-07
1.6570514999330044e-08;5.1400980004109445e-08;1.039452499971958e-07;6.875721999676898e-07
2.123888999922201e-08;5.894047999754548e-08;1.0625070000241976e-07;6.891754000098445e-07
1.6005664999829604e-08;5.427137999795377e-08;1.454432500031544e-07;7.839286000235006e-07
2.068171999999322e-08;4.885973999626003e-08;1.1129149999760557e-07;6.781313999672421e-07
1.883322999929078e-08;5.598649999592453e-08;1.0888189999968745e-07;6.571289999992586e-07
1.5652240000781603e-08;5.74479800008703e-08;1.0626500000944362e-07;7.019381999853067e-07
2.614058499893872e-08;5.550744000356644e-08;1.1579179999534972e-07;7.502042000414804e-07
2.13043399999151e-08;6.328081999672577e-08;1.0756735000177287e-07;7.312323999940417e-07
2.080306000134442e-08;5.606514000101015e-08;1.2430214999767485e-07;7.519810000085271e-07
2.3283670001546853e-08;5.8569199999328704e-08;1.1247034999541938e-07;7.407790000434034e-07
1.759803000022657e-08;5.8588799997232854e-08;1.0178584999812301e-07;6.955156000331044e-07
2.457797999959439e-08;5.163909999537282e-08;1.2646977999829687e-07;6.904929999727755e-07
1.7768964999413582e-08;4.915010000113398e-08;1.040330499963602e-07;7.615805999957956e-07
1.8623644999752287e-08;6.084639999899082e-08;1.0823669999081176e-07;7.520200000144542e-07
1.8213364999974145e-08;7.125978000112809e-08;1.0308686000062153e-07;7.040734000038356e-07
1.6051279999373946e-08;4.944460000260733e-08;1.1013790000288282e-07;6.952762000146322e-07
1.7446175000804942e-08;4.9231760000111534e-08;1.0828738000127487e-07;7.504945999826305e-07
1.7189979999966454e-08;6.973690000013449e-08;1.1131795000983402e-07;8.040384000050835e-07
1.7781925000599586e-08;6.247026000055484e-08;1.2321575000532903e-07;7.483118000091053e-07
2.5923060000059196e-08;5.849632000317797e-08;1.0161580001295078e-07;7.201932000461965e-07
2.354924000101164e-08;5.528943999670446e-08;1.2034170000697487e-07;7.330716000287793e-07
2.524529999936931e-08;6.961348000331781e-08;1.3244610000401736e-07;7.520213999669067e-07
2.1942519998992794e-08;6.200560000143013e-08;1.22124649991747e-07;6.576311999815516e-07
2.3006970001733862e-08;4.864622000022791e-08;1.2896590000309516e-07;7.512720000231639e-07
2.4334375000034925e-08;5.647398000000976e-08;1.0387249999621418e-07;7.148558000335469e-07
2.6122650000615978e-08;6.470326000126079e-08;1.2046639999607579e-07;7.584788000094705e-07
2.1076600000378676e-08;7.316884000319988e-08;1.2416405000840314e-07;7.108386000036262e-07
2.1234235000156333e-08;5.3062360000330956e-08;1.1027135000040289e-07;7.446151999756694e-07
1.9467669998994095e-08;5.350191999459639e-08;1.0037719999672845e-07;7.086513999965973e-07
2.068658000061987e-08;5.985727999941446e-08;1.240716999891447e-07;8.110184000106528e-07
2.1901700002490542e-08;6.713268000166863e-08;1.335405499994522e-07;7.567391999764368e-07
2.5674564999644643e-08;7.270421999855899e-08;1.4941759999783244e-07;8.595551999751478e-07
2.1328560000983998e-08;7.385015999898315e-08;1.1899469999480062e-07;7.804451999836601e-07
2.219757999991998e-08;6.102979999850504e-08;1.2613589999091345e-07;7.602575999917463e-07
2.6366960001178085e-08;5.8599160000449045e-08;1.3734344999829773e-07;7.504509999998846e-07
2.4294599998393097e-08;6.788845999981277e-08;1.2021895000361837e-07;6.496990000014194e-06
1.7035620000388006e-08;4.730854000081308e-08;1.421252000000095e-07;5.28074599977117e-06
2.001520000048913e-08;5.8368520002113656e-08;1.3266719999955967e-07;5.09431799990125e-06
2.064750000135973e-08;5.46695799974259e-08;1.5590769999835175e-07;5.745235999929719e-06
1.754142999998294e-08;4.5126839994918556e-08;1.219139499880839e-07;5.418411999708041e-06
1.605276500049513e-08;5.895523999934085e-08;1.2461139999504666e-07;6.0560660000192e-06
1.8410215000039896e-08;5.445493999868631e-08;1.4060829998925328e-07;5.338017999893054e-06
1.804197000019485e-08;5.808367999852635e-08;1.5298064998933113e-07;5.262388000264764e-06
1.8226999999023975e-08;5.97208800027147e-08;1.3528440000663976e-07;5.329589999746531e-06
2.2405950000393205e-08;5.00830799981486e-08;1.1929104999580886e-07;4.949096000054851e-06
1.9330525000987108e-08;5.006255999905989e-08;1.2810655000794213e-07;5.350177999935113e-06
1.5595634999044705e-08;4.956764000235125e-08;1.1870390000694898e-07;5.8336580003378914e-06
1.698861500044586e-08;4.6388980001211164e-08;1.3106474999221972e-07;5.184744000434875e-06
1.682689500012202e-08;5.952302000368945e-08;1.269901000050595e-07;4.834198000025935e-06
2.0305520002148114e-08;5.277262000017799e-08;1.21785950002959e-07;4.891749999951571e-06
1.7407734999142122e-08;5.154995999764651e-08;1.2901474999671337e-07;5.377691999892704e-06
2.1135749999666588e-08;5.006678000208922e-08;1.162002999917604e-07;5.086397999548353e-06
1.7188225001154933e-08;5.088800000376068e-08;1.2678505000076257e-07;4.897498000063934e-06
2.0221730001503603e-08;5.843825999763794e-08;1.4311899998574518e-07;5.225862000370398e-06
2.051919999939855e-08;5.903278000187129e-08;1.2700880000193138e-07;4.70011199999135e-06
1.9134769999072888e-08;5.137351999874227e-08;1.277513499953784e-07;5.00707000028342e-06
1.5620154999487568e-08;5.348529999610037e-08;1.293405500036897e-07;5.114397999714129e-06
1.7781974999525118e-08;5.2350660000229256e-08;1.150109500013059e-07;5.0582759996177625e-06
1.7122329999983776e-08;5.948247999767773e-08;1.5269429999170824e-07;5.5537139996886254e-06
1.8147954999585636e-08;5.2027799998177215e-08;1.3443760000518523e-07;6.252495999797247e-06
1.8346144999668467e-08;6.670631999731995e-08;1.4179115000297316e-07;5.491887999814935e-06
1.8652045000635554e-08;5.6879360001767055e-08;1.218236999993678e-07;5.006442000158131e-06
1.620365499984473e-08;5.277929999865591e-08;1.2906525000289548e-07;4.921159999794327e-06
1.681687999953283e-08;5.0748259999090805e-08;1.399612499953946e-07;5.753052000072785e-06
2.0574840001063423e-08;5.412283999612555e-08;1.3935774999845307e-07;5.259768000105396e-06
2.1026299998629837e-08;5.767775999847799e-08;1.5651749999960884e-07;5.103503999998793e-06
2.3258300000452437e-08;4.8607079999055716e-08;1.3628515000164043e-07;5.315052000223659e-06
1.606910999980755e-08;6.352756000123919e-08;1.289264000079129e-07;5.375304000335745e-06
2.0082510000793264e-08;6.000163999851793e-08;1.44450699997833e-07;5.02710799977649e-06
2.6268369998433627e-08;4.882157999672927e-08;1.2640485000156332e-07;5.3830019995803015e-06
2.0082269998965783e-08;5.461401999928057e-08;1.2821144999179524e-07;5.36880999978166e-06
2.235013000026811e-08;4.8133099998813125e-08;1.378104000032181e-07;5.264208000153303e-06
2.1238939999602735e-08;5.009397999965586e-08;1.1653735001164022e-07;5.3303519997280094e-06
1.7620970000280067e-08;6.21015399985481e-08;1.219017499970505e-07;5.31639399996493e-06
1.72346599996672e-08;5.1980680000269785e-08;1.3910329999634995e-07;4.733605999499559e-06
1.754240000009304e-08;4.692001999937929e-08;1.3494400000490715e-07;4.853601999930106e-06
1.8454379998729563e-08;6.226827999926173e-08;1.3468240000656806e-07;4.813373999786563e-06
1.988283499958925e-08;4.7497599996859206e-08;1.248859000043012e-07;5.136983999982476e-06
1.869876999990083e-08;5.144693999900483e-08;1.3196590000006836e-07;5.151170000317506e-06
1.7146494999178685e-08;5.468782000243664e-08;1.3267420000920537e-07;5.1555979996919635e-06
2.011097999929916e-08;5.579452000092715e-08;1.320788500015624e-07;4.834015999804251e-06
2.221175000013318e-08;5.278734000166878e-08;1.2148455000715331e-07;5.6689459999324754e-06
2.075734999962151e-08;4.9733040004502985e-08;1.4542724999773782e-07;4.92616800009273e-06
1.8278124999778812e-08;5.382340000360273e-08;1.4020095000159925e-07;5.420021999743767e-06
1.963131000084104e-08;5.1348099997267124e-08;1.2715825000486802e-07;5.075751999975182e-06
1.9412230000307317e-08;6.129045999841764e-08;1.568734000029508e-07;5.166120000067167e-06
2.0010674999502952e-08;7.393018000293523e-08;1.2519769999198615e-07;6.0236959997564555e-06
2.340478999831248e-08;7.335347999469376e-08;1.2510574999032543e-07;6.065763999940827e-06
2.2671960000297987e-08;5.5480000004172323e-08;1.3697930000489577e-07;4.699464000295848e-06
2.1416709999903107e-08;5.079586000065319e-08;1.350768499978585e-07;5.436282000155188e-06
2.0317409999552182e-08;5.162415999802761e-08;1.6800494999915827e-07;5.2196359995286915e-06
2.10112200002186e-08;5.74209799990058e-08;1.4872134999313858e-07;4.737361999577843e-06
1.810315499897115e-08;5.489339999621734e-08;1.2648005000664852e-07;5.1671439997153355e-06
1.8117214999801945e-08;6.324878000305035e-08;1.2836109999625478e-07;5.11874399962835e-06
2.2899649999453688e-08;6.082066000089981e-08;1.3615444999595638e-07;5.502963999751955e-06
1.826118500030134e-08;4.864831999875605e-08;1.3254559999040794e-07;5.095078000449576e-06
1.8867514999874402e-08;6.030881999759003e-08;1.379704999999376e-07;5.88906400022097e-06
1.7391650000354274e-08;6.10011000011582e-08;1.3822034999611786e-07;4.848606000305153e-06
1.7328460000862835e-08;6.664587999694049e-08;1.3241074999677947e-07;5.051595999975688e-06
1.7004224999982398e-08;5.679484000429511e-08;1.3981110000167974e-07;4.704558000084944e-06
1.5379994999966583e-08;5.162181999767199e-08;1.2384290000773035e-07;4.97916400025133e-06
1.6670000000158325e-08;6.926585999899543e-08;1.301074999937555e-07;6.021622000262141e-06
2.2872700000880285e-08;6.697922000312247e-08;1.4617395000823308e-07;6.411786000244319e-06
1.7559889999392907e-08;6.792368000023999e-08;1.1832575000880752e-07;5.4854059999343005e-06
2.0207480000681244e-08;6.623981999582611e-08;1.3058470000396483e-07;5.086434000404552e-06
1.5218654999625868e-08;5.8999340003356335e-08;1.4218219999747818e-07;5.232815999770537e-06
1.9536199999856763e-08;6.194742000079713e-08;1.3456370000494644e-07;5.556306000216864e-06
2.381584999966435e-08;5.749072000035085e-08;1.2886709999293088e-07;5.298045999952592e-06
2.0478770000045188e-08;6.422182000242173e-08;1.1599384999135509e-07;5.730055999592878e-06
2.2442000001319684e-08;6.666390000027604e-08;1.2421955000900197e-07;5.299682000186294e-06
1.7000345000997187e-08;6.485605999478139e-08;1.292884499998763e-07;5.97639000043273e-06
2.121093000168912e-08;6.132163999718615e-08;1.400350000039907e-07;5.650517999893054e-06
2.2608230001060294e-08;5.565837999456562e-08;1.3538029999472202e-07;5.104031999944709e-06
2.1318195000640117e-08;5.320119999814778e-08;1.144876500038663e-07;5.816811999538914e-06
1.821145499998238e-08;5.4046739998739215e-08;1.273477000067942e-07;4.641351999598555e-06
1.7063670000061394e-08;4.670781999593601e-08;1.175457500066841e-07;5.035282000317238e-06
1.9341915000404698e-08;6.760474000475369e-08;1.5508789999876172e-07;6.3999479997437446e-06
2.2439535000012257e-08;5.6545339996227994e-08;1.1698570000589826e-07;5.282194000319578e-06
1.711685999907786e-08;5.360334000433795e-08;1.2273600000480656e-07;5.033309999853372e-06
2.0114079999621025e-08;4.744650000357069e-08;1.2278829999559093e-07;5.902847999823279e-06
1.900673500058474e-08;4.841169999563135e-08;1.1846099999092984e-07;4.84253800008446e-06
1.908973999961745e-08;5.1110639999387785e-08;1.2949535000370816e-07;4.950225999928079e-06
2.0254930001101456e-08;5.5158699996536596e-08;1.4280575000157115e-07;5.067016000393778e-06
1.8928910000249744e-08;4.7229259996674955e-08;1.3659865000227001e-07;5.079362000105902e-06
1.5583834999415557e-08;5.254410000052303e-08;1.215251499961596e-07;4.88619799958542e-06
2.1417250001104547e-08;5.550664000329561e-08;1.2787134999234694e-07;4.989534000051208e-06
1.8310580000979825e-08;5.223998000146821e-08;1.2117670000588987e-07;4.801280000247061e-06
1.6450904999510384e-08;4.8203260003356264e-08;1.282702999887988e-07;4.783879999886267e-06
1.7578479999792763e-08;5.035804000217468e-08;1.2242929999774787e-07;4.5887640002183616e-06
1.7984855000395328e-08;4.884001999744214e-08;1.2945274999947286e-07;4.806466000154615e-06
1.684454999922309e-08;5.088385999551974e-08;1.2007894999987912e-07;5.100193999824114e-06
1.844009499909589e-08;5.5435380002018064e-08;1.1880489999020938e-07;4.883993999683298e-06
1.644572499935748e-08;4.973605999839492e-08;1.1919830000260845e-07;5.604170000297017e-06
1.60769549998804e-08;5.8840020000934604e-08;1.4303054999618326e-07;5.6955899996683005e-06
1.8692300000111573e-08;5.1216919999569657e-08;1.3671489999978803e-07;5.345734000438824e-06
1.9459939999796915e-08;7.406688000191935e-08;1.950407499971334e-07;8.187958000344224e-06
1.6463505000865554e-08;6.280058000120335e-08;1.8222795000474435e-07;8.500326000503265e-06
1.8572160000621805e-08;7.499265999649651e-08;1.9617774999642279e-07;8.19333599996753e-06
1.9203989999368786e-08;6.307377999764867e-08;2.12527499999851e-07;8.213762000086718e-06
1.9601449999026954e-08;6.98785200016573e-08;2.044078000180889e-07;8.773769999970683e-06
1.9348334999813232e-08;8.106299999635666e-08;1.9145744999696035e-07;8.435717999818735e-06
1.5700735000427812e-08;6.466689999797382e-08;1.75845149991801e-07;7.600037999800407e-06
1.7003079999994953e-08;5.71434199984651e-08;2.042590999917593e-07;8.262361999950372e-06
1.9948989999829792e-08;6.112657999619841e-08;2.0045950000348967e-07;8.041634000255727e-06
1.8654490000335498e-08;6.130131999962031e-08;1.7971855000359937e-07;7.900502000120469e-06
1.612267499876907e-08;7.018231999827549e-08;1.933924499899149e-07;9.367311999667437e-06
2.0372029999271034e-08;7.56736000010278e-08;2.146966500004055e-07;9.165088000008836e-06
1.982722999964608e-08;6.815216000541114e-08;1.7611300000862683e-07;7.53359200025443e-06
1.5726784999424127e-08;5.906435999786481e-08;1.8619105000107083e-07;8.328518000198528e-06
1.875044999906095e-08;6.782245999784209e-08;1.8416694999905303e-07;8.466895999736152e-06
1.8890200000896584e-08;7.631346000125631e-08;1.6965355000866112e-07;7.500900000450201e-06
1.967148999974597e-08;5.880104000098072e-08;1.7813549999846146e-07;7.652805999969133e-06
1.6909704999125097e-08;5.731859999941662e-08;1.6503584999009036e-07;7.853545999969355e-06
1.709408999886364e-08;5.6213979999301955e-08;1.7062129999976604e-07;8.703205999918281e-06
1.7926905000058467e-08;7.494447999633848e-08;1.7105425000772811e-07;8.23417800012976e-06
2.1765189999132418e-08;5.8443160000024366e-08;1.7806249999557622e-07;8.758713999995961e-06
2.161339999875054e-08;7.469745999551378e-08;1.9709980000334327e-07;9.147721999906936e-06
1.745025499985786e-08;7.811618000268936e-08;2.1743494999827816e-07;7.877379999845288e-06
1.9173624999530148e-08;1.0291141999769025e-07;2.1409339999081568e-07;8.120426000095903e-06
2.137201000005007e-08;7.35318599967286e-08;2.3443630000110715e-07;9.563444000086747e-06
2.2937694999563972e-08;6.101179999532178e-08;2.022990999976173e-07;8.244636000017636e-06
1.543528500042157e-08;7.422996000386775e-08;1.698884000070393e-07;7.846524000051431e-06
2.0705150000867435e-08;5.4662840004311874e-08;1.7700920000788755e-07;7.501042000367306e-06
1.756534999876749e-08;5.596718000015244e-08;1.7418810000526718e-07;7.892185999662615e-06
1.591346499917563e-08;6.846911999746226e-08;1.887068500072928e-07;7.795940000214613e-06
1.914025000005495e-08;6.10084000043571e-08;1.804087000055006e-07;7.4804939999012275e-06
1.627807000040775e-08;5.760403999593109e-08;1.7879359998914878e-07;7.438867999590002e-06
1.5918514999793843e-08;7.666206000139937e-08;1.8879364999884273e-07;7.832495999755339e-06
1.7341099999612196e-08;8.620784000377171e-08;1.959357000014279e-07;7.680243999930098e-06
1.6230525000719355e-08;6.486608000122942e-08;1.78849200005061e-07;8.675053999759256e-06
1.5749954999773764e-08;8.542852000100538e-08;1.7504770000232383e-07;7.668429999612272e-06
1.8894125000224448e-08;6.230982000124641e-08;1.834967000031611e-07;7.829742000321858e-06
1.8027290000463836e-08;6.072743999538943e-08;1.7116209999949204e-07;7.388864000095054e-06
1.699403500097105e-08;5.790062000160105e-08;1.949499499896774e-07;7.908435999997891e-06
1.6881424999155568e-08;7.115626000449992e-08;2.1145740000065415e-07;9.131957999779843e-06
1.845298499974888e-08;8.879194000037387e-08;1.790816499997163e-07;8.438270000042394e-06
1.910041499941144e-08;7.164927999838256e-08;2.0809234998887404e-07;8.593484000302851e-06
2.2657209998578765e-08;6.471828000503592e-08;2.2052199998870492e-07;8.813984000007622e-06
1.924650000000838e-08;7.628877999959513e-08;2.1109835000243038e-07;8.541482000146061e-06
2.001010999956634e-08;6.954381999676116e-08;1.901376000023447e-07;9.675586000084877e-06
2.1575589998974464e-08;6.686736000119709e-08;2.1072379997349344e-07;8.97451800003182e-06
1.9987394999770913e-08;8.891314000356943e-08;1.7923389999486972e-07;8.120481999940239e-06
2.175132999836933e-08;6.730758000048808e-08;2.1021469999686815e-07;7.926507999654859e-06
2.1428020001621917e-08;6.328225999604911e-08;1.9286475000262725e-07;8.33690600004047e-06
1.884116000001086e-08;8.487068000249565e-08;1.9924855000863317e-07;8.156046000076459e-06
2.00420250010211e-08;7.67130000051111e-08;1.8414389999816193e-07;7.234261999838054e-06
2.1224399999482556e-08;6.345556000014768e-08;2.0545149999088608e-07;8.443478000117466e-06
1.5817159999278374e-08;6.579702000017278e-08;1.8651159999717493e-07;8.263780000270345e-06
1.6915240000525955e-08;5.92344599950593e-08;1.7197485000360758e-07;7.488692000042647e-06
1.7401185000198895e-08;6.152895999839529e-08;1.8401604999962727e-07;7.3837919998914e-06
1.6334759999881498e-08;6.646425999933854e-08;2.081622999976389e-07;7.366375999990851e-06
1.614326999988407e-08;6.888375999988057e-08;1.8616939999628812e-07;7.3413619998609646e-06
1.8221215000085068e-08;8.55898400011938e-08;1.732528499996988e-07;8.762435999815353e-06
1.916410999983782e-08;7.148299999535084e-08;2.1467065000615547e-07;7.898814000072889e-06
1.5067450000788084e-08;5.8688219997566196e-08;1.8656025000382213e-07;7.3728840000694615e-06
1.709555000124965e-08;5.981723999720998e-08;1.7073764999804553e-07;8.577371999854223e-06
1.7041365000477525e-08;6.067437999881804e-08;1.9798304999130778e-07;7.949418000061996e-06
1.8634275000658818e-08;6.841507999924943e-08;2.0055819998378866e-07;8.466851999983192e-06
2.0324929998605512e-08;9.045891999849119e-08;1.7838225000014063e-07;8.143730000010691e-06
1.640612500050338e-08;5.936606000177562e-08;2.0189450000179932e-07;7.284432000014931e-06
1.6304454999044538e-08;6.934550000005402e-08;1.9287230000190904e-07;7.985288000199944e-06
1.7978284999844618e-08;6.347582000307739e-08;2.1715959999710323e-07;7.634794000186958e-06
1.5308774998993612e-08;6.01064199989196e-08;1.888594999909401e-07;8.170298000331967e-06
2.0478160001221112e-08;6.294530000304804e-08;2.1375930000795052e-07;7.738260000478476e-06
1.7923305000294932e-08;6.770168000366539e-08;1.7453905000002122e-07;7.510520000359975e-06
1.6070535000471863e-08;5.977636000025086e-08;1.7312170000514014e-07;7.634662000345997e-06
1.757367999962298e-08;5.510620000422932e-08;1.8037259999255183e-07;7.545746000250802e-06
1.5275890000339133e-08;6.280828000162728e-08;1.72110250001424e-07;7.374332000035793e-06
1.5940970000519884e-08;7.305561999673955e-08;1.6852244999608956e-07;8.036144000361674e-06
1.654893000086304e-08;7.841737999697216e-08;1.9880685000680387e-07;7.493050000048242e-06
1.8148159999691415e-08;6.617975999834016e-08;1.9471325000631623e-07;7.91345999983605e-06
1.5867765000439248e-08;6.934244000003673e-08;1.864180000120541e-07;8.355270000174642e-06
2.433778999838978e-08;7.46640799974557e-08;2.1807030000491067e-07;8.002515999833121e-06
2.019451000087429e-08;6.649738000123761e-08;2.002405500097666e-07;7.577438000007533e-06
2.0745519999763928e-08;6.843904000124894e-08;1.71922599998652e-07;9.39023399958387e-06
2.0164019998628645e-08;5.953766000457108e-08;1.8171199999051168e-07;7.560517999809235e-06
1.7214955000963528e-08;6.71289399964735e-08;1.7703354998957366e-07;7.84698200004641e-06
1.723679999995511e-08;5.981954000308179e-08;1.7149219999555498e-07;7.732535999966786e-06
1.8035769999551122e-08;6.53686799982097e-08;1.8913025000074413e-07;8.566266000270844e-06
1.651607999956468e-08;5.684952000156045e-08;1.6650249999656807e-07;7.704999999841676e-06
2.08553699994809e-08;5.580883999937214e-08;1.7481555000995285e-07;7.737401999766007e-06
1.8002449999039527e-08;5.424619999830611e-08;1.7852650000713766e-07;7.476814000401646e-06
1.6224219999276102e-08;6.14348599978257e-08;1.7927745000633876e-07;7.954051999840886e-06
2.1117260001483373e-08;6.564755999715999e-08;1.8590034999942872e-07;8.216539999702945e-06
1.5733175000059417e-08;7.249559999909252e-08;1.8658520000462886e-07;8.050468000001273e-06
2.124891999992542e-08;6.606117999763228e-08;2.1755419997498394e-07;8.109089999925345e-06
1.550536499998998e-08;7.630086000426673e-08;2.100845999957528e-07;8.202329999767244e-06
1.9575800000166053e-08;5.97685199987609e-08;1.8517350000911392e-07;9.242291999980807e-06
2.0061549999809358e-08;6.599259999929927e-08;1.9031469999754336e-07;8.989711999893188e-06
1.9233689999964553e-08;9.00742799974978e-08;2.2666710001067258e-07;9.235224000294693e-06
1.9864909999887458e-08;7.225596000207588e-08;2.0462785000563598e-07;8.30045800015796e-06
2.4852749999263324e-08;6.46881399967242e-08;2.0443630000227131e-07;1.0008975000528152e-05
1.875978500029305e-08;7.918901999946683e-08;1.810657500027446e-07;9.395438000210561e-06
2.517731000261847e-08;7.518578000017441e-08;2.246634500043001e-07;1.01258400012739e-05
2.3969970000325703e-08;1.154372000019066e-07;2.3942630001693033e-07;1.0150349999894389e-05
2.5931719999061898e-08;9.961967999697663e-08;2.1423675000551157e-07;1.3553685000806581e-05
1.9012045000272337e-08;1.0728389999712818e-07;2.4766349999117664e-07;1.4172020000114572e-05
2.2064650000538677e-08;8.286070000031032e-08;2.404332500009332e-07;1.029545499914093e-05
2.3495640000328422e-08;1.0308320000185631e-07;2.1951250001438895e-07;1.3571270000829828e-05
2.3309189997962675e-08;9.300429999711923e-08;2.2089220001362265e-07;1.2397124999552033e-05
1.8018209999718236e-08;7.526791999698616e-08;2.3882350002531893e-07;1.083683999895584e-05
1.9243614999868442e-08;8.115811999887228e-08;2.1745979999832344e-07;1.4193974999943748e-05
2.1662239999568555e-08;8.342876000097021e-08;2.3208820000581908e-07;1.268108999938704e-05
2.2568990002037027e-08;5.825615999638103e-08;2.3751279999851248e-07;1.2302896000328474e-05
1.8759084999328478e-08;1.0613894999551121e-07;2.2440690000075848e-07;1.2788354999793227e-05
1.7020735000551212e-08;6.188955999678e-08;2.0288860000437126e-07;1.0127004000241868e-05
1.649405000061961e-08;7.479646000429057e-08;2.0444870000937954e-07;1.0898602000088432e-05
1.615676499932306e-08;8.455519999843091e-08;2.0145530000445434e-07;1.1067670000193175e-05
1.680334499978926e-08;7.512993999989704e-08;2.013291500043124e-07;1.2398704999941401e-05
1.904266999918036e-08;7.635213999892586e-08;2.3311669999384321e-07;1.280516999977408e-05
2.0321470001363195e-08;7.136898000026122e-08;2.1405075000075156e-07;1.1786559999745804e-05
1.78849200005061e-08;7.765932000475005e-08;2.321875000197906e-07;1.0686674999305979e-05
2.0791314999223686e-08;6.676572000142187e-08;2.3574000000371598e-07;1.2494730000616982e-05
2.5970359999337232e-08;7.966213999898173e-08;2.1267300000181423e-07;1.0799704999953974e-05
2.1723179999389686e-08;8.991468000458553e-08;2.301302999840118e-07;1.1633260000962765e-05
2.1516870000050403e-08;7.278494000202045e-08;2.568137999915052e-07;1.3526060000003781e-05
2.2994289998314342e-08;8.333170000114478e-08;2.5682860001688826e-07;1.2305370000831317e-05
1.7424120000214315e-08;7.047718000249006e-08;2.3613550001755357e-07;1.0139999999955762e-05
2.5248429999919608e-08;7.776462000329048e-08;2.1540334999735933e-07;1.244072999979835e-05
1.832641000073636e-08;7.018661999609321e-08;2.0536619998165406e-07;1.0865369999373798e-05
2.1237850000034086e-08;8.569686000118963e-08;2.0426719999522903e-07;1.2507265000022017e-05
1.8422819999977945e-08;8.097288000280968e-08;2.2278070001630113e-07;1.1256713999900967e-05
2.0020300000032875e-08;8.103620000183582e-08;2.2975310002220796e-07;1.145274500013329e-05
2.181329999875743e-08;7.560432000318542e-08;2.3149949999060483e-07;1.0814949999621604e-05
2.071297999937087e-08;7.973400000482797e-08;1.9983409999986178e-07;1.1127925000619143e-05
1.7587219999404623e-08;8.261782000190579e-08;2.199644999927841e-07;1.3336254999740049e-05
1.646608000010019e-08;8.352452000253834e-08;2.095592000114266e-07;1.2447149999206886e-05
1.7703145000268704e-08;7.194764000014402e-08;2.2661640000296757e-07;1.0972533999592997e-05
2.1721709999837913e-08;7.094343999633565e-08;2.0553019997896627e-07;1.058963000017684e-05
1.513625000079628e-08;8.176550000207498e-08;2.0661700001801364e-07;1.05903000003309e-05
1.6710059999604708e-08;8.50224000052549e-08;2.1808035000867677e-07;1.0039554999093525e-05
2.2901599999750033e-08;7.843626000103541e-08;2.3302820001845248e-07;1.1435400000482332e-05
2.0469129999401046e-08;7.76733000006061e-08;2.0068499998888002e-07;1.074320500047179e-05
2.0796579998568633e-08;1.0545930000080261e-07;2.125316000019666e-07;1.026224000088405e-05
1.9994500000029802e-08;8.030559999751859e-08;2.2715590000734664e-07;1.1008779999974649e-05
2.1963234999566337e-08;8.9213719998952e-08;2.2133640001993626e-07;1.2365115000284277e-05
1.8146675000025423e-08;6.512380000203847e-08;2.2307350000482985e-07;1.032322499959264e-05
1.8497474999458064e-08;6.252034000353887e-08;2.100524000125006e-07;1.061111499875551e-05
2.3173850000603125e-08;6.335698000038974e-08;2.2430760000133887e-07;1.0677215000032448e-05
1.8379505000484643e-08;8.695263999979943e-08;2.0592609999584965e-07;1.140668000007281e-05
2.0449609999195672e-08;6.67174200003501e-08;2.3389100001077168e-07;1.1348250000446569e-05
2.058645500073908e-08;8.232886000187136e-08;2.4368799998774193e-07;1.2461220000113826e-05
1.9114879998960533e-08;8.746933999937027e-08;2.5573970002005807e-07;1.3165244999981952e-05
2.2746720002032815e-08;7.799845999688842e-08;1.956777500017779e-07;1.035993999976199e-05
2.179230999900028e-08;7.9984739999054e-08;2.2966849998920224e-07;9.917760000098497e-06
1.92816650000168e-08;7.468208000063896e-08;2.0597270000143907e-07;1.0119955000118352e-05
1.5600760000234004e-08;7.755891999695451e-08;2.605176999932155e-07;1.1497404999681749e-05
1.7351525000412948e-08;8.26245000003837e-08;2.527322999958415e-07;1.0830134998832364e-05
2.1493529999861493e-08;9.154490000219085e-08;2.2314590000314637e-07;1.1029687999980524e-05
1.6805370000656695e-08;6.449837999534794e-08;2.210332000104245e-07;1.0252717999974266e-05
2.1796519999043083e-08;9.110140000120736e-08;2.0496279999497346e-07;1.0662199999787845e-05
1.7277764999016653e-08;6.87480200023856e-08;1.9743439999001567e-07;1.088677999941865e-05
1.7598739999812095e-08;7.50424399971962e-08;2.0923720000428148e-07;1.1234954999235924e-05
1.697769500024151e-08;9.376430000411346e-08;2.178540000168141e-07;1.0330555000109599e-05
1.7522525000094902e-08;6.857713999925182e-08;2.1373309998307376e-07;1.0144744999706745e-05
1.8949474999681114e-08;8.324577999883332e-08;2.2293489999719895e-07;1.032392500055721e-05
2.2381889999087434e-08;7.929969999822787e-08;2.127821000176482e-07;1.0490315000060945e-05
1.7151580000063404e-08;8.143789999885485e-08;1.817038000008324e-07;1.0683555000287014e-05
1.8802919999870937e-08;7.396060000173748e-08;2.1542870000121183e-07;1.0326015000464394e-05
1.756347500049742e-08;7.591561999870464e-08;2.156292999861762e-07;1.028348000108963e-05
1.7802705000212882e-08;6.682897999999114e-08;1.852922999969451e-07;1.0595300000568386e-05
1.7436009999073576e-08;7.943135999958031e-08;2.390317999816034e-07;1.215099000110058e-05
1.847861499991268e-08;6.310742000350728e-08;2.0438930002273992e-07;1.0852370000211522e-05
1.7843729999731296e-08;6.675857999944128e-08;1.9674499999382532e-07;1.0004600000102073e-05
2.3153089999686927e-08;8.966532000340522e-08;2.092281999939587e-07;1.1733614999684506e-05
1.8718039999657778e-08;6.357972000259906e-08;2.1539144999405835e-07;1.0086269999737852e-05
1.8295810000563505e-08;7.059408000204712e-08;2.1408689999952911e-07;1.1169534000218846e-05
2.5815350000630132e-08;7.577341999858618e-08;2.2775769999134355e-07;1.2046059999556746e-05
2.0144175000314135e-08;8.96774600027129e-08;2.415475999878254e-07;1.0301925000385382e-05
1.9954164999944623e-08;8.526609999826178e-08;2.120031999947969e-07;1.0068964998936281e-05
1.9307039999694097e-08;6.339572000433691e-08;2.2058079999987967e-07;1.0842055000830442e-05
2.1533194999210536e-08;7.059965999796987e-08;1.885266000026604e-07;1.11204059998272e-05
1.8981155000801663e-08;8.474766000290401e-08;2.3028220000560395e-07;1.3366150000365451e-05
2.0805459999246522e-08;7.726364000118337e-08;2.149500999948941e-07;1.110549799981527e-05
1.655907000094885e-08;9.064021999947726e-08;2.385674000252038e-07;1.1809579998953269e-05
1.84343449989683e-08;8.82889400003478e-08;1.8493569998827297e-07;1.0040794999804347e-05
1.9727034999232274e-08;7.931052000494673e-08;2.4349459999939424e-07;1.02603099992848e-05
1.6125915000156963e-08;6.560940000344999e-08;2.0266690000426024e-07;1.1085060000186787e-05
1.6017409999039956e-08;7.424032000126317e-08;2.0122270000865683e-07;1.0351580000133253e-05
1.7627044999971986e-08;8.138351999805308e-08;2.2298799999407494e-07;1.0684340000443626e-05
1.8902810000872705e-08;7.424444000353105e-08;2.2756180001306347e-07;1.1440460001176689e-05
1.6281190000881907e-08;8.869985999772326e-08;2.065794999944046e-07;1.2467294999805745e-05
1.632849500019802e-08;8.401814000098966e-08;2.388119999959599e-07;1.1454634999972767e-05
1.6238720000546893e-08;1.0425674999714829e-07;1.995749500056263e-07;1.2866079999366776e-05
2.2211220001918265e-08;8.7037479999708e-08;2.3219170000811573e-07;1.3365049999265467e-05
2.063450499990722e-08;9.396980000310577e-08;2.2965320001821966e-07;1.0429619999194984e-05
1.5859049999562556e-08;7.148321999702602e-08;2.2381289998884312e-07;1.2061769999854732e-05
2.0686074999684935e-08;7.950507999630646e-08;2.0223329999134876e-07;1.1820435000117868e-05
1.5616745001170783e-08;7.427319999551401e-08;2.1424900001147762e-07;1.084028000041144e-05
1.633019000000786e-08;8.040816000429913e-08;2.063544999982696e-07;1.2045360000047367e-05
1.8238474999088795e-08;7.723778000217862e-08;2.029618000087794e-07;1.1001514999952633e-05
1.7404670000541956e-08;8.116516000009142e-08;2.0965780000551604e-07;1.0366981999832206e-05
1.8563179999182468e-08;7.684573999722488e-08;2.0598180001252332e-07;1.1728404999303166e-05
1.506033000041498e-08;7.991045999806374e-08;2.0881529999314807e-07;1.1767200000758748e-05
1.6137884999625385e-08;8.991291999700479e-08;1.9174150000617374e-07;1.1720374000142328e-05
1.792416499956744e-08;1.0230280000541825e-07;2.508234999841079e-07;1.4091224998992402e-05
1.9540770001185594e-08;7.871719999820925e-08;2.4582290000398645e-07;1.2651929999992718e-05
2.216270000208169e-08;6.956850000424311e-08;2.4946799999452194e-07;1.2261130000115372e-05
1.9858364999527113e-08;8.48560800019186e-08;2.4024879999342373e-07;1.184979500103509e-05
2.3356160000548698e-08;8.672825999674387e-08;2.1438590000616386e-07;1.324099500052398e-05
2.2892925000633112e-08;8.873260000254959e-08;2.2176859999308362e-07;1.426711000094656e-05
2.044559000059962e-08;9.241558000212535e-08;2.7891449999879114e-07;1.3704914999834728e-05
1.9408349999866913e-08;7.782016000128351e-08;2.495568000013009e-07;1.6830440000921955e-05
1.663486500037834e-08;1.011309000023175e-07;2.6102720000199043e-07;1.4968674999545329e-05
2.116917499952251e-08;7.511923999991269e-08;2.6552620000438763e-07;1.21721699993941e-05
2.1368855000764597e-08;7.747916000080295e-08;2.421073000004981e-07;1.5667695000593084e-05
2.4915050000709017e-08;7.646942000137642e-08;2.3149659999762662e-07;1.354146500088973e-05
2.3732720001135022e-08;7.321241999743506e-08;2.600415999768302e-07;1.6093240000191145e-05
2.2338579999632203e-08;7.671100000152364e-08;2.2917679999955e-07;1.2213799999153707e-05
2.0934410000336357e-08;9.39741599955596e-08;2.6802069999394005e-07;1.7885164999461267e-05
2.257312500005355e-08;8.576580000226386e-08;2.391289999941364e-07;1.5052780001133214e-05
2.2606890002498403e-08;8.46283000020776e-08;2.526705999916885e-07;1.2428669999644625e-05
2.2467699999106116e-08;9.891928000142798e-08;2.523023999819998e-07;1.641976500104647e-05
2.121093000168912e-08;9.31966600008309e-08;2.763231000280939e-07;1.225797499937471e-05
2.143346999946516e-08;1.0239535001164768e-07;2.0709489998989738e-07;1.7908144999819343e-05
2.5072139999247156e-08;1.0254669999994804e-07;2.4739340000087397e-07;1.4599355000245851e-05
1.7183969999314284e-08;7.392224000068381e-08;2.7657990000443534e-07;1.529546499950811e-05
2.33850499993423e-08;1.0460321999853477e-07;2.480908999859821e-07;1.3743720001366456e-05
2.1672190001117996e-08;8.693754000123591e-08;2.579614999995101e-07;1.2812785001005978e-05
1.6708585000014864e-08;7.882006000145338e-08;2.067275999870617e-07;1.211948500131257e-05
1.7724039999302478e-08;6.672551999799907e-08;2.5220570000237786e-07;1.1707710000337101e-05
1.7433535000600387e-08;8.168006000341847e-08;2.307300000102259e-07;1.4395589999912772e-05
2.0548509998479857e-08;8.355011999956332e-08;2.259976000059396e-07;1.4102574999560603e-05
1.695511500001885e-08;7.553770000231453e-08;2.421748999913689e-07;1.5704700000060257e-05
1.5239885001210495e-08;8.466890000272542e-08;2.3046130000147968e-07;1.3848705000418704e-05
1.631046999973478e-08;7.58484199992381e-08;2.6127630000701173e-07;1.4515514999220614e-05
2.212510000099428e-08;7.900498000090011e-08;2.2357339999871329e-07;1.2115169999015052e-05
1.7440615000668915e-08;7.554723999928683e-08;2.1092420001514257e-07;1.5425320000213104e-05
1.5646904999448453e-08;7.478984000044875e-08;2.390023000189103e-07;1.2340804999985266e-05
1.7709810000087602e-08;6.706287999986671e-08;2.195355000148993e-07;1.7800549999810756e-05
1.7413944999861995e-08;7.660332000232301e-08;2.743526000122074e-07;1.4172544999746605e-05
2.0427400000335184e-08;7.461605999851599e-08;2.443712999811396e-07;1.2358149999636226e-05
1.607683000038378e-08;7.272569999913686e-08;2.1208440000191332e-07;1.3534690000233241e-05
1.6437329999462236e-08;7.29336999997031e-08;2.2611990000586956e-07;1.2151455000275746e-05
1.6160015000787097e-08;7.780270000221208e-08;2.376273999980185e-07;1.355947499978356e-05
1.8100375001085923e-08;7.658515999792144e-08;2.7284310001414267e-07;1.4653875000658445e-05
1.7838655000377913e-08;8.037829999811948e-08;2.2687220000079833e-07;1.3439215000835247e-05
2.2162670001853257e-08;8.214232000173069e-08;2.6260839999304153e-07;1.3424420000228565e-05
2.0168544999614822e-08;7.555469999788329e-08;2.1767130002263001e-07;1.5672860000631772e-05
1.6439569999056404e-08;8.160005999961869e-08;2.398064000008162e-07;1.3564579999365378e-05
1.8760664999717846e-08;7.558207999682054e-08;2.1071509999455883e-07;1.5604000000166708e-05
2.1377649999340064e-08;7.926122000208124e-08;2.4437380000017584e-07;1.4213084999937564e-05
2.054346000077203e-08;7.958140000118874e-08;2.2886520001338795e-07;1.209993500087876e-05
1.6088910000689793e-08;7.715914000291377e-08;2.3884939998970367e-07;1.4102764999552164e-05
2.1739200000592974e-08;8.571045999997295e-08;2.2255850001238287e-07;1.4270794999902136e-05
1.752171499974793e-08;6.96829600026831e-08;2.2767100000055507e-07;1.2622284999815747e-05
1.6869960000622085e-08;7.541928000282497e-08;2.444303000229411e-07;1.2233040000137408e-05
1.9503199998871425e-08;7.295891999965534e-08;2.3044680000748485e-07;1.4250129999709315e-05
1.7271985000115818e-08;6.805891999974847e-08;2.121305000036955e-07;1.3695575000019744e-05
1.573199999984354e-08;6.95172999985516e-08;2.4848770000971853e-07;1.4157155000430067e-05
1.852054500050144e-08;7.350669999723323e-08;2.451125000079628e-07;1.4656690000265371e-05
1.870982999971602e-08;7.062146000098437e-08;2.6207270001759755e-07;1.2554760000784882e-05
1.7016395000973716e-08;8.112064000451938e-08;2.1730879999813623e-07;1.435533000039868e-05
1.7570324998814613e-08;7.180446000420488e-08;2.440977999940515e-07;1.3841785000113305e-05
1.588214999937918e-08;7.395185999921523e-08;2.1417999998084269e-07;1.3708664999285247e-05
1.6751754999859258e-08;7.698630000231788e-08;2.472077000129502e-07;1.382974500011187e-05
1.8410255000344477e-08;8.053684000042267e-08;2.091880000079982e-07;1.1470320000080393e-05
1.8203744999482298e-08;8.043727999902331e-08;2.177697999868542e-07;1.3650390000839252e-05
1.7645769999944606e-08;6.61966800049413e-08;2.1763739999732933e-07;1.2963039999885951e-05
1.7748509999364614e-08;7.104007999878377e-08;2.0531889999983832e-07;1.2669145000108983e-05
1.5799895000236576e-08;7.272312000277452e-08;2.2284509998280555e-07;1.2241964999702759e-05
1.7722715000854806e-08;6.998558000195772e-08;2.2939490000135266e-07;1.3774740000371822e-05
1.5810319999582135e-08;7.45747399982065e-08;2.4239579998538827e-07;1.235412000096403e-05
1.576487999991514e-08;7.281379999476486e-08;2.884613999922294e-07;1.3299169999663719e-05
1.5334419999271633e-08;7.266164000029676e-08;2.2417190001579e-07;1.2966224999399857e-05
1.687229499948444e-08;7.66671999997925e-08;2.2377149999374523e-07;1.3279299999703654e-05
2.206265999993775e-08;8.452948000049219e-08;2.1465270000044255e-07;1.328609000047436e-05
1.6322495001077186e-08;6.884089999948628e-08;2.2973029999411665e-07;1.358584000117844e-05
1.6485850000754e-08;6.97005599969998e-08;2.0789059999515304e-07;1.2822354999661912e-05
1.6949169999861626e-08;6.858513999613934e-08;2.2257379998336547e-07;1.2978244999249e-05
1.863145499955863e-08;7.51589999999851e-08;2.2298649998265319e-07;1.3431670000136364e-05
1.6174429999955466e-08;9.338979999884031e-08;2.5869519999832845e-07;1.3253240000631195e-05
1.673388000053819e-08;7.317581999814137e-08;2.522567000123672e-07;1.156042999937199e-05
1.6108114999951793e-08;8.802796000381931e-08;2.249424000037834e-07;1.4941115000692662e-05
1.6698920000635553e-08;7.023175999638625e-08;2.377115999988746e-07;1.3545825000619517e-05
1.8183225000393576e-08;6.632891999906861e-08;2.420926000049803e-07;1.2432165000063833e-05
1.7060974999913015e-08;6.664808000205085e-08;2.255765000008978e-07;1.3140230000135488e-05
1.6437559999758377e-08;7.402685999986716e-08;2.0828500000061467e-07;1.4069345001189504e-05
1.5877009999530857e-08;7.459201999590733e-08;2.1265209998819046e-07;1.2689669999235776e-05
1.5160769999783952e-08;7.053987999679521e-08;2.2789670000202022e-07;1.2330180000572e-05
1.752459999988787e-08;7.169852000079117e-08;2.84657000011066e-07;1.4254104999417905e-05
2.167687999899499e-08;7.475164000061341e-08;2.3270970000885427e-07;1.2556184999994002e-05
2.0002269999531564e-08;8.156222000252456e-08;2.3736379999900238e-07;1.6867524999543093e-05
1.6063835000386463e-08;1.0245189999113791e-07;2.3881680000340566e-07;1.3164705000235699e-05
2.601200999924913e-08;7.672534000012092e-08;2.2185499998158775e-07;1.1730650000390597e-05
2.0195719998446294e-08;7.64249200001359e-08;2.1613329998217522e-07;1.4402989999507554e-05
2.5895560000208206e-08;8.520012000226415e-08;2.0323569999891334e-07;1.428503999923123e-05
1.8406689999392255e-08;6.825182000175118e-08;2.127627999871038e-07;1.3508439999714029e-05
1.8865110000479036e-08;8.730107999872416e-08;2.5057140001445075e-07;1.6220804999466053e-05
1.6318060000776313e-08;8.017764000105671e-08;2.2736970000551082e-07;1.6892964999715333e-05
2.081268500041915e-08;8.659371999674476e-08;2.1275510001578369e-07;1.3590675000159535e-05
2.093892999982927e-08;9.157230000128038e-08;2.4696439999388533e-07;1.8108789999678264e-05
2.0912080000562127e-08;7.392252000281587e-08;2.3908460000529883e-07;1.7322100000455976e-05
2.3176979998243042e-08;8.89740000013262e-08;2.444056999811437e-07;1.4245975000085309e-05
1.603843000048073e-08;7.966358000412583e-08;2.5757089999387974e-07;1.4620685001136735e-05
1.9428645000152755e-08;5.2255379996495324e-08;2.0526100002462044e-07;1.0256140001001768e-06
1.9002115000330377e-08;4.7405880002770575e-08;2.0507139997789635e-07;1.1296451999805869e-06
2.032094999885885e-08;5.12628200056497e-08;1.8384399999922607e-07;1.0183885000878946e-06
1.8946465000044554e-08;5.141304000280797e-08;1.782970999920508e-07;1.0180240000772755e-06
1.7266345000825822e-08;5.66112799977418e-08;1.8709279999893624e-07;9.756413999712094e-07
1.490390499966452e-08;5.00300400017295e-08;1.587838000123156e-07;1.0085201999754646e-06
1.9742900000710507e-08;4.967127999989316e-08;2.0417550001002382e-07;1.017902999999933e-06
1.961670000018785e-08;5.996267999871634e-08;1.8154925000271759e-07;1.023775800014846e-06
2.131121999991592e-08;5.3422500001033765e-08;1.6687100000854115e-07;8.983363999868743e-07
1.6828435000206808e-08;5.4355399997439235e-08;1.7814375000307336e-07;9.751644000061787e-07
2.487007000017911e-08;5.970412000315265e-08;2.103577999805566e-07;1.109918000001926e-06
2.691363000194542e-08;5.49892200040631e-08;2.2611909999977798e-07;1.0895264999999198e-06
2.590349000238348e-08;5.9344399999827146e-08;1.932814000028884e-07;1.1012700000719632e-06
2.676217000116594e-08;5.949058000114746e-08;2.3580880000372417e-07;1.1334515000635292e-06
1.9797444999858272e-08;6.364075999590568e-08;1.642580499901669e-07;1.0931119999731892e-06
2.2797009999339935e-08;4.599311999627389e-08;2.2594040000694804e-07;9.318446000106633e-07
1.7929659999208524e-08;7.143677999847569e-08;1.768871500098612e-07;1.2415529999998398e-06
2.1530619999975897e-08;5.3806280001299457e-08;1.8718180000723806e-07;9.873056000215e-07
2.2060649999184535e-08;6.618812000378966e-08;2.223812000011094e-07;1.2030209999647923e-06
2.389737000048626e-08;4.978739999933168e-08;1.852849499991862e-07;1.0873657999909484e-06
2.217858000076376e-08;6.294689999776892e-08;2.1388669998850673e-07;1.1876302000018767e-06
2.5550100000691602e-08;7.105669999727979e-08;2.2209559998009355e-07;1.2345004999951926e-06
2.5898669997695832e-08;7.487483999575489e-08;1.8879615000332705e-07;1.0617376000154763e-06
2.147951000079047e-08;6.957923999871127e-08;2.0502359999227337e-07;9.945517999585719e-07
2.1095834999869113e-08;6.440181999932975e-08;1.9278295000549406e-07;1.1660229999688454e-06
2.595685999840498e-08;7.427299999981187e-08;2.0442150000599214e-07;1.0364514000248164e-06
2.3616670002229513e-08;5.761188000324182e-08;1.8100645000231453e-07;1.0145480000937823e-06
1.6543210000963883e-08;5.338644000003114e-08;2.1843189999344758e-07;1.0015240000211634e-06
1.695542499946896e-08;5.4652099998202177e-08;1.9693089999782388e-07;1.2348115000349935e-06
1.9433014999958688e-08;5.479361999896355e-08;2.0031775000097695e-07;1.0824524999770802e-06
1.8293784999696073e-08;4.624833999550901e-08;1.6933595000591595e-07;9.492249999893829e-07
1.6813639999600126e-08;5.4919980000704525e-08;1.7771460000949445e-07;1.0675565000565256e-06
1.5232614999695215e-08;5.0331820000428704e-08;1.7201224999735133e-07;9.751843999838455e-07
1.899638999893796e-08;5.254519999725744e-08;1.7883119999896734e-07;1.0606320000078995e-06
2.1513880000566134e-08;5.668223999673501e-08;1.710554500023136e-07;9.316317999619059e-07
1.648807500023395e-08;4.847479999880306e-08;1.6361904999939726e-07;9.193533999496139e-07
1.5900780000083615e-08;5.384779999731108e-08;1.9893704999412876e-07;1.0529114998644217e-06
1.6918830000213346e-08;5.6331040000077334e-08;1.6930675000185147e-07;9.558254000148735e-07
1.854967499966733e-08;5.4874080000445246e-08;1.682100000034552e-07;9.661879999912343e-07
1.561297000007471e-08;5.000078000011854e-08;1.8100115000561345e-07;9.737871999968775e-07
1.9863805000204594e-08;5.731529999757186e-08;1.8311160001030657e-07;9.662917999667115e-07
1.7072539999207947e-08;5.782237999956123e-08;1.7220534999796656e-07;1.0024360000388698e-06
1.8427964999864342e-08;5.0415580003755166e-08;1.8321285001002252e-07;1.0771604999899865e-06
2.4201230000471695e-08;5.703936000354588e-08;1.7063014999439473e-07;9.588988000177779e-07
1.814693000051193e-08;5.189370000152849e-08;1.7804035000153818e-07;1.0121750000689643e-06
1.8517539999447764e-08;7.487303999951109e-08;1.9268920000467914e-07;1.017924599989783e-06
1.9747060000372586e-08;5.185692000086419e-08;1.770579500007443e-07;9.71389000013005e-07
1.5830555000866298e-08;5.069688000367023e-08;1.6650069999741392e-07;9.797403999837115e-07
2.0454760000575334e-08;5.114127999986522e-08;1.6546940000262112e-07;9.147584000020288e-07
2.147998999862466e-08;4.8193400003947314e-08;1.6442230000393464e-07;9.457085999893025e-07
1.6276204999303447e-08;4.937177999527194e-08;1.5817120000428986e-07;8.975074000190944e-07
1.488620999880368e-08;4.8086099995998666e-08;1.768013999972027e-07;9.694113999721593e-07
1.5993025001080243e-08;4.820675999508239e-08;1.673737999954028e-07;9.177391999983229e-07
1.7411960000754334e-08;4.999358000350185e-08;1.615695000073174e-07;9.54632600012701e-07
1.7074375000083818e-08;4.5629859995096924e-08;1.5700849999848287e-07;1.025192000088282e-06
1.7666944999655242e-08;5.069773999857716e-08;1.8460170000616926e-07;9.22363999998197e-07
1.6078799999377226e-08;5.158525999868289e-08;1.5773849999823141e-07;9.131206000456586e-07
1.779244000063045e-08;4.84587199985981e-08;1.550052500097081e-07;9.190574000240304e-07
1.5977769999881275e-08;5.027043999871239e-08;1.569446500070626e-07;9.250324000022374e-07
1.6006979999656322e-08;5.699605999980122e-08;1.708117499947548e-07;9.485227999975905e-07
1.5677899999718647e-08;4.9375259998487306e-08;1.9203470001230017e-07;9.129622000036761e-07
1.6422249999595806e-08;5.7710220001172276e-08;1.781341500027338e-07;9.209093999816104e-07
1.683076999906916e-08;5.664698000182398e-08;1.767927500040969e-07;9.51089599984698e-07
1.593385999876773e-08;4.6147400001063944e-08;1.8085384998994413e-07;9.379052000003866e-07
1.5993900000466965e-08;5.091053999494761e-08;1.6437354999652597e-07;9.079718000139109e-07
1.6631354999844916e-08;5.1428280002437535e-08;1.61074000003282e-07;1.0576070001116023e-06
1.8612190001294947e-08;5.438632000004873e-08;1.9119124999269843e-07;1.0765761999646201e-06
2.077894000103697e-08;5.8777400001417846e-08;1.6051294999488162e-07;1.0522660000424365e-06
1.7624174999946262e-08;5.185775999561884e-08;1.6273099998943507e-07;1.020658000052208e-06
1.7375255000661126e-08;5.269681999925524e-08;1.8931420000444632e-07;9.386835999903269e-07
2.2238279999874067e-08;5.0662940001348036e-08;1.6802245000144468e-07;9.456829999689944e-07
1.6826200000650715e-08;5.030977999558672e-08;1.6475645000173243e-07;9.776442000293173e-07
1.666760499938391e-08;4.812763999798335e-08;1.6806525000720285e-07;1.001976499974262e-06
1.4879900000232738e-08;4.873360000201501e-08;1.6950694999832194e-07;9.226934000034817e-07
2.119484000140801e-08;5.4922659997828306e-08;1.587602500076173e-07;9.283395999809727e-07
1.7284524999558927e-08;5.576468000072055e-08;1.6748654999537393e-07;9.77950799977407e-07
1.6054139999323526e-08;4.6970660000806675e-08;1.6561219999857712e-07;9.044099999591708e-07
1.635367499984568e-08;5.281705999514088e-08;1.7548824999539648e-07;8.632879999931902e-07
2.0400440000230448e-08;4.712403999874368e-08;1.8952319999516477e-07;1.0620809999818448e-06
1.705965000001015e-08;5.200237999670208e-08;1.820131999993464e-07;1.0236455000995193e-06
1.803904000116745e-08;4.794860000256449e-08;1.7899875000875908e-07;9.805589999887162e-07
1.860046999936458e-08;5.4975599999306724e-08;1.614615999860689e-07;1.2055395000788849e-06
2.0641175001219382e-08;5.139137999503873e-08;1.6505820000020321e-07;1.1074469999584835e-06
1.9377825000265148e-08;5.7387799996649846e-08;1.743397500104038e-07;1.0359825000341517e-06
1.82907950002118e-08;4.81335400021635e-08;1.777581500064116e-07;9.78211999987252e-07
1.8488159999833443e-08;6.889532000059262e-08;1.694985999929486e-07;1.223119000060251e-06
2.1252429999003653e-08;5.157623999984935e-08;1.684959000122035e-07;1.0048154000542127e-06
1.687194499972975e-08;5.1786179997725415e-08;1.697058999998262e-07;1.0048747999826447e-06
1.5696954999293668e-08;5.3378019999945535e-08;1.8335265001223887e-07;1.0176244999456685e-06
1.797431000013603e-08;5.110024000168778e-08;1.6602245000831317e-07;9.648849999648518e-07
1.5902054999605753e-08;4.9578499997733164e-08;1.587644000101136e-07;9.05142400006298e-07
1.6329534999385943e-08;5.162415999802761e-08;1.694450999930268e-07;9.27335000014864e-07
1.82133749985951e-08;4.804330000188202e-08;1.6005500000028406e-07;9.61176400014665e-07
1.7579755000770092e-08;5.4043220001040024e-08;1.732283000019379e-07;9.491888000047766e-07
2.3946569999679922e-08;6.111215999699197e-08;1.6698864998761565e-07;1.034475000051316e-06
1.709759500081418e-08;5.1119180000387134e-08;1.8480634999286848e-07;1.0480980000284035e-06
1.60202399987611e-08;6.12096199998632e-08;1.6121459999703801e-07;1.0312736000050792e-06
2.3840679999557325e-08;5.280465999967418e-08;2.053267000010237e-07;1.0435270000016318e-06
2.012813999899663e-08;6.313778000185266e-08;1.8814534999546596e-07;1.023258000059286e-06
1.4147514999785927e-08;5.291432000230998e-08;1.7752699999255127e-07;1.0294625000096858e-06
1.993981999985408e-08;5.942492000176571e-08;2.2627849999116735e-07;1.4100175000203307e-05
2.3277920001419263e-08;5.6278899998869745e-08;2.691851000126917e-07;1.0662064999633003e-05
1.5253175000543706e-08;5.3570480004418643e-08;2.7069759997539225e-07;1.324497000023257e-05
2.0681395000428892e-08;5.585517999716103e-08;2.743106999841984e-07;1.3563070000964217e-05
1.4901789999566974e-08;4.777342000161298e-08;2.2337980000884273e-07;1.1986125000112224e-05
2.1365350001724435e-08;5.795710000093095e-08;2.443647000036435e-07;1.4433670000289567e-05
2.169213999877684e-08;5.875687999650836e-08;2.2772759999497793e-07;1.170721000089543e-05
1.9770549998793287e-08;5.24519800033886e-08;2.2472369999741204e-07;1.2605915000312962e-05
2.0151280000573024e-08;6.19532800046727e-08;2.3312040002201683e-07;1.4825769999879412e-05
2.087560499930987e-08;5.7181779999518764e-08;2.0134169998345896e-07;1.0865419999754522e-05
1.7090125000686384e-08;5.28035799972713e-08;2.2110650001559407e-07;1.3501014999928884e-05
2.0823279999603983e-08;6.198906000354328e-08;2.135981999745127e-07;1.2393899999733549e-05
2.0216179999988527e-08;6.09123800008092e-08;2.5050880000344475e-07;1.1333960000774823e-05
2.2666929999832064e-08;6.016233999980613e-08;2.287600999989081e-07;1.1146084999199956e-05
2.1993634999671485e-08;7.55200200015679e-08;2.6160120000713506e-07;1.3750409999920522e-05
2.220243999909144e-08;5.953074000426568e-08;2.840143000066746e-07;1.4050759999372532e-05
2.2079459999804385e-08;6.314674000022933e-08;2.4483260000124573e-07;1.1028285000065807e-05
2.012953999801539e-08;6.18988000031095e-08;2.7293000000645407e-07;1.2109975000203121e-05
2.355604999756906e-08;6.317280000075698e-08;2.477569000038784e-07;1.1303784999472555e-05
2.0203870002296755e-08;7.048345999792219e-08;2.877749000035692e-07;1.335514999955194e-05
2.455164999992121e-08;6.229156000190415e-08;2.3134620001656002e-07;1.315926999959629e-05
2.014416000019992e-08;6.22654800012242e-08;2.631552999955602e-07;1.1876135000784416e-05
2.6156949999858626e-08;4.726222000317648e-08;2.1022969999467022e-07;1.3040949999412987e-05
2.2202059999108314e-08;6.718443999998271e-08;2.0568640000419692e-07;1.227610499918228e-05
1.5927830000873656e-08;5.6489099998725575e-08;2.407087000028696e-07;1.0602330000256189e-05
2.3130139999557287e-08;6.47186000016518e-08;2.1767630000249483e-07;1.3924894999945537e-05
2.203816499968525e-08;5.582939999876544e-08;2.8705010001431217e-07;1.2920880000456236e-05
1.928269500058377e-08;5.324678000179119e-08;2.755073000153061e-07;1.2971330000436865e-05
2.191381000011461e-08;5.781328000011854e-08;2.234434000274632e-07;1.2613260000944137e-05
2.60436699987622e-08;5.7136900001205505e-08;2.3511349997716024e-07;1.496361000026809e-05
2.0605020000948572e-08;7.38913599983789e-08;2.6104800001485275e-07;1.2759499999810941e-05
2.161121999961324e-08;5.315903999726288e-08;2.510333000100218e-07;1.2468064999848138e-05
2.4694620000082068e-08;6.556689999997615e-08;2.405053999973461e-07;1.3220340000407305e-05
1.8467590000363998e-08;5.174937999690883e-08;2.0611869997810572e-07;1.1008455000410321e-05
1.6677979999803937e-08;4.781010000151582e-08;2.3020510000060312e-07;1.207462000020314e-05
1.8003055000735913e-08;6.53392200008966e-08;2.2919289997662418e-07;1.137031500111334e-05
2.1108360000653193e-08;6.017587999813258e-08;2.3072880000108853e-07;1.1104595000506378e-05
1.8341620000137482e-08;5.379074000520632e-08;2.496239999891259e-07;1.096796999918297e-05
2.1855310001410544e-08;6.585302000166848e-08;2.2248850000323727e-07;1.2473494998994284e-05
1.689792999968631e-08;5.135301999980584e-08;2.166799000115134e-07;1.1239695000404026e-05
1.8603350000921638e-08;5.317404000088573e-08;2.0234759998857044e-07;1.2931294999725652e-05
1.5217899999697694e-08;4.8938339995220306e-08;2.3160769999958574e-07;1.1055354999552947e-05
1.6732054999738467e-08;5.558001999743283e-08;2.5913210000726396e-07;1.0859959998924751e-05
1.985108999942895e-08;5.4663759999675674e-08;2.545779999927618e-07;1.1977844999637455e-05
1.6236079999362118e-08;5.4347739997319876e-08;2.560129000048619e-07;1.1433435000071768e-05
1.7112655000528322e-08;4.871506000054069e-08;2.4921889998950064e-07;1.2387735000811518e-05
1.9139269999868704e-08;5.92865000013262e-08;2.3484799999278038e-07;1.2852685000689235e-05
2.4516839999705553e-08;6.284686000435613e-08;2.557002000103239e-07;1.2290529999881984e-05
2.13242400001036e-08;6.483154000015929e-08;2.3314130000653678e-07;1.051988500112202e-05
2.0899899999494665e-08;5.603885999880731e-08;2.5362719999975524e-07;1.2678054999560117e-05
2.190905500028748e-08;6.307745999656617e-08;2.1573529997840523e-07;1.1540645000059157e-05
2.48786599986488e-08;5.560655999579467e-08;2.2612899998784997e-07;1.168082499934826e-05
2.0936850001453422e-08;6.099450000328944e-08;2.9327220001141543e-07;1.0382479999680072e-05
2.387715000077151e-08;5.54368200013414e-08;2.2393670000019484e-07;1.2690684999688528e-05
1.9632040000578854e-08;6.309951999573968e-08;2.3123410000698642e-07;1.267881999956444e-05
2.0818500001041684e-08;6.439894000068307e-08;2.269246999931056e-07;1.163518999965163e-05
2.5592659998801538e-08;7.470048000104726e-08;2.9186769999796527e-07;1.4890975000162143e-05
2.1528219999163413e-08;6.271920000435784e-08;2.415167999861296e-07;1.3869020000856835e-05
1.791473499906715e-08;5.687041999772191e-08;2.1463949998724274e-07;1.2227685000107159e-05
1.8979299999773502e-08;5.891287999693304e-08;2.456362000084482e-07;1.2691730000369716e-05
1.8383759999414906e-08;6.325081999530084e-08;2.363871000125073e-07;1.133815500070341e-05
1.9474520000221674e-08;4.786520000197925e-08;2.1571870002662762e-07;1.3424374999885913e-05
2.1171599999070167e-08;5.960708000347949e-08;2.2821190001559445e-07;1.2341314999503084e-05
1.911194499989506e-08;5.29716000019107e-08;2.381067000096664e-07;1.3366605000919663e-05
1.8438515000161715e-08;5.605531999608502e-08;2.2717279999051242e-07;1.3080625000293366e-05
2.2018269999534822e-08;6.272050000261516e-08;2.3980759998084975e-07;1.3163070000882726e-05
2.2592150000855327e-08;5.448999999789521e-08;2.271842999907676e-07;1.307513499923516e-05
2.176348000066355e-08;5.6895359995542095e-08;2.0718700002180412e-07;1.2887549999868498e-05
2.0502075001422782e-08;5.910186000401154e-08;2.4013409999315626e-07;1.1720965000858996e-05
1.6421489999629558e-08;5.4672679997747766e-08;2.4616149999201297e-07;1.2189000000944362e-05
2.13646999996854e-08;5.945494000334293e-08;2.1893860001000577e-07;1.3305674999719485e-05
2.2890770000230988e-08;6.580774000030942e-08;2.1682729999884032e-07;1.3033179999911227e-05
1.984770999988541e-08;5.333461999543943e-08;2.4047109999810344e-07;1.2262909999117256e-05
1.9714845000999047e-08;4.8183120001340285e-08;2.1149739998509177e-07;1.1247670000011567e-05
1.628400000045076e-08;5.3953780001029374e-08;2.748805999872275e-07;1.4365660000476056e-05
2.3120889998972417e-08;6.27501399954781e-08;2.9377289998228664e-07;1.3889755000127479e-05
2.1424329999717885e-08;6.100978000322357e-08;2.494624999817461e-07;1.3641949999146163e-05
2.1200640001916326e-08;5.737905999994837e-08;2.5519930000882594e-07;1.0811349999858067e-05
1.7978190000576434e-08;6.202100000227801e-08;2.410700999898836e-07;1.3227795000420882e-05
2.318344500090461e-08;5.626521999947727e-08;2.0939350000116974e-07;1.2919059999694582e-05
2.3274885000137148e-08;5.974897999549284e-08;2.3892209999030456e-07;1.3960549999319483e-05
2.5223009998444467e-08;6.375316000194288e-08;2.148594000027515e-07;1.374323999916669e-05
2.212236000050325e-08;7.129592000273988e-08;2.79455699987011e-07;1.2855515000410377e-05
1.5311430000292602e-08;6.810363999684342e-08;2.847761000157334e-07;1.3474559999303892e-05
1.7548989999340847e-08;5.35697799990885e-08;2.3119920000317507e-07;1.1772665000171401e-05
2.243892000115011e-08;6.300774000119418e-08;2.819481999904383e-07;1.3371444999938831e-05
1.7688635000376963e-08;5.598780000000261e-08;2.1962509999866598e-07;1.2002210000355262e-05
2.6170190000266302e-08;5.783862000098452e-08;2.2211120001156815e-07;1.1716399999568239e-05
2.5938669999595733e-08;7.527653999859467e-08;2.566662000026554e-07;1.4525245000550057e-05
1.7307064999477005e-08;6.249350000289269e-08;2.3763949997373858e-07;1.3702555000782013e-05
2.2509210000862366e-08;5.556408000411466e-08;2.340830999892205e-07;1.428687000006903e-05
2.262804499914637e-08;6.66973199986387e-08;2.5013689999468626e-07;1.423532500048168e-05
2.5771789997816084e-08;7.186598000116647e-08;2.6787340000737456e-07;1.4879814999585505e-05
2.1252789997379294e-08;6.035685999668204e-08;2.4970819998998194e-07;1.382770500058541e-05
1.7770289999316447e-08;6.076697999960742e-08;2.2317199999815784e-07;1.4027945000270847e-05
2.528137000044808e-08;7.001976000028662e-08;2.6079569998546505e-07;1.2896424999053125e-05
2.253517500066664e-08;6.577205999637954e-08;2.544480999931693e-07;1.2584945000708103e-05
2.5820260000182316e-08;6.387357999919914e-08;2.210244000016246e-07;1.1216215000604279e-05
1.8347069999435917e-08;6.4874360000249e-08;2.3976139997830613e-07;1.301155499968445e-05
2.265940000070259e-08;5.35189799964428e-08;2.3039739998057485e-07;1.40162749987212e-05
2.0024149998789652e-08;7.233218000037596e-08;2.745633999875281e-07;2.034725499979686e-05
2.2638300000107848e-08;5.73542800033465e-08;3.0383990000700576e-07;2.093406000058167e-05
1.7883920000167564e-08;5.451864000060596e-08;2.816981000069063e-07;2.1606400000746362e-05
1.6761220000626054e-08;4.760624000336975e-08;2.9003410000586883e-07;1.9926895000389778e-05
2.0053775000269525e-08;4.532759999856353e-08;2.4104570000781676e-07;1.9730934999824966e-05
2.063975000055507e-08;5.812247999710962e-08;2.80643100006273e-07;1.7869894999603276e-05
1.591409499960719e-08;6.55388800019864e-08;2.5071290001505986e-07;2.0474300000932998e-05
1.5428015000361484e-08;4.8691219999454914e-08;2.543098000169266e-07;1.86408149995259e-05
1.5626329999940936e-08;5.1117179996799676e-08;2.6016979999258184e-07;1.893908499914687e-05
2.0217780000530182e-08;5.506620000232942e-08;2.734747999929823e-07;1.8246554999495855e-05
1.5073485000175423e-08;4.7378919995389876e-08;2.6974369998788463e-07;1.8880114999774378e-05
1.599413999938406e-08;5.102551999734715e-08;2.7653429997735657e-07;1.915688000008231e-05
1.8998054999974556e-08;5.6971259997226296e-08;2.5135059998137876e-07;2.0716340000217314e-05
1.9450635000248438e-08;5.377415999537334e-08;3.1972259999020027e-07;2.1680990001186728e-05
2.032840000174474e-08;5.858612000010907e-08;2.49677799991332e-07;2.0150494998961222e-05
2.0826270000543445e-08;6.28781399980653e-08;2.9395239998120813e-07;2.081070499989437e-05
1.7695720000483562e-08;5.496922000311315e-08;2.9138129999046215e-07;2.3194190001231618e-05
1.6980540000076872e-08;6.794150000205264e-08;2.521918000129517e-07;2.250216999964323e-05
2.170151000027545e-08;5.0853400002233686e-08;2.720375999924727e-07;2.086449000053108e-05
1.9864349999988917e-08;5.342934000073001e-08;2.7080769999884067e-07;2.1021630000905133e-05
2.270591999986209e-08;6.338495999807491e-08;3.2082339999033137e-07;1.9689034999464638e-05
2.258978999743704e-08;6.050428000162356e-08;3.3044399999198505e-07;2.044713000068441e-05
2.4749660000088625e-08;5.671752000343986e-08;2.9296989997965286e-07;2.014090999728069e-05
2.1005400002468377e-08;7.223694000276737e-08;2.8800369999953547e-07;2.2086880001006647e-05
2.0401950000086798e-08;6.691373999929055e-08;2.7964180000708437e-07;2.1847540000453593e-05
2.3107160000654404e-08;6.878507999936118e-08;3.0868119999649937e-07;2.2818659999757074e-05
2.2030260000610724e-08;6.041380000533536e-08;3.1073749999632126e-07;2.2321050000027754e-05
2.327810999995563e-08;5.621895999647677e-08;3.1688590001431293e-07;2.1795539997401646e-05
2.231134000176098e-08;5.984495999873615e-08;3.053112000052351e-07;2.4495699998806232e-05
2.038456999871414e-08;6.203686000080779e-08;2.880360999843106e-07;2.473001000180375e-05
2.1691899999859744e-08;5.676848000148311e-08;2.8086860000621527e-07;2.1001569999498316e-05
1.9761084999481683e-08;5.655288000125438e-08;3.191213999816682e-07;2.274990500009153e-05
2.2273584999493324e-08;6.942107999930158e-08;3.0428730000858196e-07;2.118315999978222e-05
2.442874000116717e-08;6.065073999925517e-08;3.2127139999647625e-07;2.0186949998605995e-05
2.432891000062227e-08;6.342654000036419e-08;3.3478350000223143e-07;2.4445729999570176e-05
2.235139000113122e-08;5.9013680001953614e-08;3.044578000262845e-07;2.2845809999853373e-05
2.3744089997489937e-08;6.946353999665007e-08;3.2563970002229324e-07;2.0234160000109112e-05
2.146941999963019e-08;6.564475999912247e-08;3.287863000005018e-07;2.2331539998413064e-05
2.0997984999848996e-08;6.385559999616817e-08;2.9425259999698026e-07;2.3209340000175872e-05
2.2748539998428896e-08;6.629130000364966e-08;3.0176649999339133e-07;2.2071519997552968e-05
2.241234999964945e-08;5.45853600022383e-08;3.3487739998963664e-07;2.185442000045441e-05
1.7763695000030567e-08;7.656416000099853e-08;3.1921700001112185e-07;2.5116189999971537e-05
2.502686999796424e-08;6.356266000075266e-08;3.152121999883093e-07;2.448828000051435e-05
2.3391594999702647e-08;7.094313999987208e-08;2.9135490002227015e-07;2.6765890000388026e-05
2.5991950000752694e-08;6.861638000118546e-08;2.824229999969248e-07;2.1131859999150037e-05
2.2587449999991804e-08;7.277818000293336e-08;3.052530000277329e-07;2.2732550000364427e-05
2.0820295000157785e-08;5.894772000028752e-08;2.718340999854263e-07;2.4721890001092107e-05
2.3199000000022352e-08;5.777602000162006e-08;2.910490999929607e-07;2.2463099999004044e-05
2.015180500020506e-08;5.372596000088379e-08;2.5554250000277534e-07;2.017157000082079e-05
1.8343109999841545e-08;5.752838000189513e-08;2.803703999961726e-07;2.0423600001959132e-05
2.005996999941999e-08;5.6089239998254924e-08;2.6443330000620335e-07;2.1998279998661018e-05
1.9417440000688657e-08;5.3486419998807836e-08;2.7406200001132675e-07;2.378218000085326e-05
2.02274999988731e-08;6.869709999882616e-08;2.841591000033077e-07;1.94005900004413e-05
2.0208635000744835e-08;5.0984559999778866e-08;2.6405460000387395e-07;2.04026099992916e-05
1.9855195000127423e-08;5.764786000363529e-08;2.571551000000909e-07;2.061171499954071e-05
2.102706500008935e-08;5.7677340001100676e-08;2.94888100004755e-07;2.0844139999826438e-05
1.9329144999210258e-08;5.714322000276297e-08;2.8916149999713525e-07;2.1426639999845066e-05
1.6823394999664742e-08;5.1961859996663406e-08;2.792675000091549e-07;2.2189559999969787e-05
1.796574000036344e-08;6.874453999917024e-08;2.633843999938108e-07;2.2308385001088028e-05
1.877481999981683e-08;5.327157999854535e-08;2.8010949998861177e-07;1.765726000012364e-05
1.6252475000510458e-08;5.9443080000346526e-08;2.571237999945879e-07;1.9386949999898206e-05
1.876398500025971e-08;5.09355999995023e-08;2.578252999810502e-07;1.9119374999718274e-05
2.0001129998127e-08;5.4803099995478985e-08;2.961545999860391e-07;2.3657639999873936e-05
1.8502869999792892e-08;5.381211999920197e-08;2.61161499976879e-07;1.914464500005124e-05
1.723706999910064e-08;6.36417200032156e-08;2.952320999756921e-07;1.8641465000109747e-05
1.9179854998947122e-08;5.3570680000120776e-08;2.4813230001018384e-07;2.2836660000029953e-05
2.3238629999104886e-08;6.076784000033513e-08;2.92718499986222e-07;2.141970000084257e-05
1.578461500030244e-08;5.192830000305548e-08;2.885133000090718e-07;2.0577369999955407e-05
1.8200504999549593e-08;5.8836339996196327e-08;2.76166399999056e-07;1.9643334999273064e-05
2.0332210001652128e-08;5.7839360000798476e-08;2.70397199987201e-07;2.1695459997863508e-05
2.342140999971889e-08;5.35879599978216e-08;2.5668650001171046e-07;2.2363680001581088e-05
1.7911014999845065e-08;4.8989239998627456e-08;2.6959460001671686e-07;2.126674500032095e-05
2.1604240000306163e-08;6.09818600001745e-08;3.1533790001412853e-07;2.0408974999736528e-05
1.753661499969894e-08;6.069150000112131e-08;2.800670999858994e-07;2.0721559999219607e-05
1.7501765000633896e-08;6.600914000300691e-08;3.100320000085048e-07;2.5303779999376274e-05
1.848195000056876e-08;5.5997719999868425e-08;2.648983999970369e-07;1.9936630000302103e-05
1.8451165000442416e-08;4.981310000293888e-08;2.751029999926686e-07;2.1074780001072214e-05
2.125516000087373e-08;5.740013999748044e-08;2.579589000088163e-07;2.2863630000210834e-05
2.2648300000582823e-08;5.921296000014991e-08;3.038706999795977e-07;2.248810000019148e-05
1.9632660000934266e-08;6.006002000067383e-08;2.751908999925945e-07;2.0407880001585e-05
2.074123999918811e-08;5.939929999876767e-08;3.200216000259388e-07;2.0149599999422206e-05
1.9048984999244568e-08;6.914555999683216e-08;2.7227630000561474e-07;2.2679149999748917e-05
1.8138064999948256e-08;5.370306000113487e-08;2.955634999962058e-07;2.267440000141505e-05
1.949486500088824e-08;6.520517999888398e-08;2.795422000053804e-07;2.1376515000883956e-05
1.72476949999691e-08;5.191586000146344e-08;2.5393720000283795e-07;2.0468344999244438e-05
1.5152339999622198e-08;5.4261940001742916e-08;2.534183999814559e-07;1.9451985000341664e-05
1.7524565001076552e-08;4.811376000288874e-08;2.748032000090461e-07;2.071868499915581e-05
2.26077900006203e-08;5.84902599977795e-08;2.69706099992618e-07;2.1416500001214446e-05
2.1445880000828766e-08;5.831792000099085e-08;2.9587090000859463e-07;2.2116679997998288e-05
2.1794329999829643e-08;5.969842000049539e-08;2.8228159999707715e-07;2.105441999883624e-05
2.0084740000311285e-08;5.914132000179961e-08;3.3482920000096784e-07;2.0216230000369252e-05
2.0554330002050848e-08;5.680306000285782e-08;2.873167999787256e-07;2.1483519999310373e-05
1.8918565000058153e-08;6.252372000017203e-08;2.9378839998389595e-07;2.2029389999806882e-05
2.3499540000921116e-08;6.465766000328586e-08;2.7459000001545065e-07;2.195400999917183e-05
1.6666719999921044e-08;5.732241999940015e-08;2.6526640000520275e-07;1.9535919999179894e-05
1.7184855000232347e-08;5.6262119999155405e-08;2.7258019999135286e-07;2.2643980002612806e-05
2.1040649998758455e-08;5.1748020004015414e-08;2.5085380001110023e-07;2.3175259999698028e-05
2.0288300001993776e-08;5.5001379997702317e-08;2.7582710000569933e-07;1.8951799999922514e-05
1.8072839999513235e-08;5.526106000179425e-08;2.753922999836504e-07;1.844445500028087e-05
1.8231054999341724e-08;5.100089999614283e-08;2.647894000110682e-07;1.7916470000636764e-05
1.664403500035405e-08;5.718604000285268e-08;3.0152799998177214e-07;2.460588999965694e-05
1.618391500087455e-08;5.695591999683529e-08;2.991714999952819e-07;2.8414830000838264e-05
1.682773500069743e-08;6.100020000012592e-08;3.0591480000293816e-07;2.7179339999565853e-05
1.7284790000121574e-08;6.73932000005152e-08;3.0088100000284614e-07;2.7256859999033624e-05
1.5618990000803023e-08;7.007769999909215e-08;3.077806000073906e-07;2.560319000040181e-05
1.7139649999444374e-08;6.534636000287719e-08;3.0368730000918733e-07;2.5879739999072626e-05
1.581880000012461e-08;6.495702000102029e-08;3.045350999746006e-07;2.5342980001005343e-05
1.606002499902388e-08;6.235751999774947e-08;3.239752000081353e-07;2.6380470002186484e-05
1.6853769999579527e-08;6.266538000199944e-08;3.1297189998440447e-07;3.0580529998405835e-05
1.674114500056021e-08;7.458110000006855e-08;3.2973149997997097e-07;2.9816390000632965e-05
1.6133945000183303e-08;6.146276000072248e-08;3.210595000127796e-07;2.8301709998049772e-05
1.752383999992162e-08;6.847500000149011e-08;3.013047999993432e-07;2.6558239999576472e-05
1.644626000052085e-08;8.198790000169538e-08;3.0891290001454765e-07;2.972118000034243e-05
1.6894660000980365e-08;5.968926000059582e-08;2.8768169999239033e-07;2.6123730000108482e-05
1.6010464999999386e-08;6.215357999899424e-08;3.7247329999809153e-07;3.544292000005953e-05
1.6130320000229403e-08;6.120612000231631e-08;3.356332000112161e-07;2.7458029999979772e-05
1.519976000126917e-08;6.982507999637165e-08;3.455305999959819e-07;2.3631269999896177e-05
1.9008040000335313e-08;6.54876999964472e-08;3.4770689997822047e-07;3.2404539998969995e-05
1.8029695001314395e-08;7.194108000257983e-08;3.554913000261877e-07;2.6238920001196676e-05
2.0131550001678988e-08;7.934615999693051e-08;3.20739799994044e-07;2.961654999817256e-05
2.2037584999634418e-08;1.0057484998833388e-07;2.9955130000598726e-07;2.750055000069551e-05
1.9554359999892767e-08;9.452154000173323e-08;3.403658999886829e-07;2.7404160000151024e-05
2.305562999972608e-08;6.010470000328496e-08;3.17119699990144e-07;2.7589390001958235e-05
2.2878789997776037e-08;5.491587999858894e-08;3.081417999928817e-07;2.6084390000323766e-05
2.0307429999229497e-08;6.505377999856137e-08;3.186355999787338e-07;2.7944600000046194e-05
2.3377500000060535e-08;7.384040000033565e-08;3.4718829998746513e-07;2.8839470000821166e-05
2.008421500067925e-08;6.071893999469466e-08;3.2189380002091637e-07;3.199021999898832e-05
2.335923000064213e-08;7.139880000031554e-08;3.1809320001048036e-07;2.8791899999487214e-05
2.1996539999963717e-08;6.114472000044771e-08;3.0868280000868254e-07;2.703544999822043e-05
2.0122730001457966e-08;6.701771999942139e-08;3.849089000141248e-07;2.552875999826938e-05
1.9688410000526347e-08;5.6394439999712634e-08;2.9090399999404324e-07;2.6897540001664312e-05
1.866973500000313e-08;6.325827999971808e-08;3.31120099988766e-07;2.981838000123389e-05
2.1221430000150577e-08;7.70989799988456e-08;3.047958999814e-07;2.756805999961216e-05
2.0596330000262243e-08;7.330795999732799e-08;3.0059180001262575e-07;3.7607659999048334e-05
2.2833849999005907e-08;7.930542000103741e-08;3.5394380000070666e-07;3.594349999912083e-05
1.7658569999912287e-08;6.548600000096484e-08;3.0072840000502766e-07;2.8399749999516644e-05
1.9395760000043083e-08;6.491878000088035e-08;3.0358279999927617e-07;2.889009999926202e-05
1.6562559999874794e-08;1.0083796000108123e-07;3.293675000022631e-07;2.8774410000187344e-05
2.0154249999905007e-08;7.498537999927066e-08;3.1064690000494013e-07;2.7936129999579862e-05
2.4750789999961854e-08;7.979622000129894e-08;3.0937839997932313e-07;2.645808999950532e-05
1.5646974999981468e-08;6.591453999863006e-08;3.1580260000191627e-07;3.21445199981099e-05
2.38544699997874e-08;6.587346000014804e-08;3.0800950000411833e-07;2.5424209999619052e-05
1.8383489998814184e-08;8.675244000041857e-08;3.052671999903396e-07;2.7684160001808777e-05
1.79221949991188e-08;6.354635999887251e-08;3.1528730000718497e-07;2.7706100000068544e-05
1.5282879999722355e-08;6.351599999470636e-08;3.223621000070125e-07;2.9039839998586104e-05
1.8476175000250807e-08;6.627549999975599e-08;3.1114080001134427e-07;2.8114170001936145e-05
1.9381544999487232e-08;7.364246000070124e-08;3.38365600007819e-07;2.9434790002414956e-05
2.044931500131497e-08;6.973981999908574e-08;3.104556999751367e-07;3.029973999946378e-05
1.8238269998983015e-08;7.299046000116505e-08;3.3164540000143463e-07;3.0967870002496054e-05
2.0664719998603686e-08;6.57249799987767e-08;3.1321290001505984e-07;2.874420000007376e-05
1.8361714998900423e-08;5.839730000006966e-08;3.357723999943119e-07;2.7537049999227747e-05
1.8699354999989738e-08;5.411479999893345e-08;3.1796680000843483e-07;2.5599949999013917e-05
1.8336265000107234e-08;7.061881999834441e-08;3.0655269999988375e-07;2.6694750000024215e-05
2.4812065000878646e-08;8.45621199987363e-08;3.586692000098992e-07;2.741274000145495e-05
2.291554000112228e-08;7.545767999836244e-08;3.71765999996569e-07;2.968434999929741e-05
2.5361690000863745e-08;9.076110000023618e-08;3.157082000107039e-07;3.448614999942947e-05
2.1418719997745938e-08;7.781340000219643e-08;3.056006999977399e-07;3.0176239999127573e-05
1.6249694999714846e-08;6.831307999673299e-08;3.239614999911282e-07;3.0326919999788517e-05
1.7167465000238734e-08;6.181620000279509e-08;3.440983999753371e-07;2.5848359998781233e-05
2.4805349999223835e-08;6.54218400013633e-08;3.3175139999366365e-07;2.7013600000645966e-05
1.565472499933094e-08;7.566362000070512e-08;2.9906109999865295e-07;2.9477999999653548e-05
1.7644384999584874e-08;5.570208000135608e-08;3.310226000030525e-07;2.572832000150811e-05
1.8746590000228025e-08;6.218172000371851e-08;2.798517999763135e-07;2.880460000014864e-05
1.662579999974696e-08;7.707418000209145e-08;2.84596599987708e-07;2.7810460000182503e-05
1.8700034999346825e-08;5.7598480000160637e-08;3.1579839999903923e-07;2.7547180000692607e-05
1.8828424999082926e-08;7.233131999964825e-08;2.968350000155624e-07;2.8673819999676197e-05
1.9712270000309218e-08;6.873305999906734e-08;3.428764999844134e-07;2.7291500000865198e-05
1.816328999993857e-08;6.100499999593012e-08;3.055603000102565e-07;2.517193999956362e-05
1.7823084999690764e-08;5.5811420001555236e-08;3.0112270000972784e-07;2.8665980001096615e-05
1.7426634998992084e-08;5.7965560001321136e-08;3.007079000235535e-07;2.4594589998014273e-05
1.5602290000242648e-08;6.508700000122189e-08;3.3735310001065955e-07;2.586301999981515e-05
1.766942999965977e-08;5.8199159998912365e-08;3.0280799997854047e-07;2.638976000016555e-05
1.977978999930201e-08;6.859323999960906e-08;2.9205390001880004e-07;2.426747000135947e-05
1.76062450002064e-08;7.007766000460833e-08;3.3426520001376047e-07;2.9099720000522213e-05
1.6471090000413823e-08;6.119684000150301e-08;3.082196000032127e-07;3.034426000085659e-05
1.625260500004515e-08;6.608949999790639e-08;2.944893999956548e-07;2.75119400001131e-05
1.5286509999714327e-08;5.966878000181168e-08;3.0629499998758547e-07;2.865041999903042e-05
2.0453299998189322e-08;6.523683999548666e-08;3.006623999972362e-07;3.1288680000579915e-05
1.9043170000077224e-08;6.649015999864786e-08;3.1920410000020635e-07;2.4717160000000147e-05
1.6285145000438207e-08;5.566995999542996e-08;3.085383999859914e-07;2.469015000096988e-05
1.6594084999815096e-08;8.700868000159971e-08;3.253701999783516e-07;2.9800629999954253e-05
1.70324549995712e-08;6.25934400013648e-08;3.0169829999795186e-07;2.56288400007179e-05
1.632648000086192e-08;5.45103200012818e-08;3.168096000154037e-07;2.4683039999217728e-05
1.5680124999198597e-08;6.135633999947459e-08;2.953173999849241e-07;2.7516429999377578e-05
1.608974999981001e-08;6.243692000280134e-08;3.494028000277467e-07;3.239270999911241e-05
2.3290000000270083e-08;5.9449600003426895e-08;3.227405000070576e-07;2.4260230001527818e-05
2.054294999979902e-08;6.257613999769092e-08;3.193654000060633e-07;2.5643109998782166e-05
2.007288999884622e-08;7.078664000146091e-08;3.1271470000501724e-07;2.974058999971021e-05
1.6771274998609443e-08;6.55332800000906e-08;3.3297809999203307e-07;3.543198000115808e-05
2.036445999983698e-08;7.233575999853201e-08;3.0656709999311716e-07;3.070752000203356e-05
1.758642499917187e-08;7.165099999983795e-08;2.9660380000132133e-07;3.0572740000206977e-05
1.91851299998234e-08;6.928461999632418e-08;3.6204850001377053e-07;2.4411030000192113e-05
1.8411425000522287e-08;6.214020000188611e-08;3.043218000093475e-07;3.2471200000145475e-05
1.873677499970654e-08;6.466837999760173e-08;3.2334159998572433e-07;2.5703350000549106e-05
2.4422819999745114e-08;8.495002000126987e-08;3.158353999897372e-07;2.742279999947641e-05
1.664765500026988e-08;7.084887999808416e-08;3.0298119998769837e-07;3.261945999984164e-05
2.0087894999596757e-08;1.0355860000709072e-07;3.586498999793548e-07;3.164431000186596e-05
1.766615499946056e-08;8.602805999689736e-08;3.509553000039887e-07;2.7146540000103414e-05
2.0856470000580885e-08;6.914678000030108e-08;3.185784999805037e-07;2.780843999935314e-05
1.6909239999949932e-08;6.001779999933205e-08;3.293982000031974e-07;2.771900999941863e-05
1.693860999948811e-08;7.077533999690787e-08;4.2709900002228097e-07;4.316838000086136e-05
1.7246825000620448e-08;6.736929999897256e-08;3.6887050000950695e-07;3.182503000134602e-05
1.8025810000835917e-08;7.996825999580324e-08;3.868592999933753e-07;3.855387000076007e-05
2.2394359999452718e-08;7.753213999676518e-08;4.093053999822587e-07;3.439058999938425e-05
2.274306000035722e-08;8.544893999933265e-08;4.127100000041537e-07;3.864676000084728e-05
1.8299249999108724e-08;7.168024000129662e-08;3.800506000116002e-07;3.3976559998700394e-05
2.022661000082735e-08;7.382417999906465e-08;3.590884000004735e-07;3.349664999986999e-05
1.718207999947481e-08;7.214549999916926e-08;3.564554000040516e-07;4.266922000097111e-05
2.2781889999168925e-08;8.114545999560505e-08;4.181816000200342e-07;3.523387000022922e-05
1.9658185000298545e-08;7.546716000069864e-08;4.012856000335887e-07;4.078443000034895e-05
2.0035645000461955e-08;8.76905600016471e-08;4.11973400041461e-07;3.608087000029627e-05
2.0735684999090154e-08;6.519828000455163e-08;3.6833160000969657e-07;3.498842999979388e-05
1.8858434999128802e-08;8.014517999836243e-08;3.7393199998768977e-07;3.656282000010833e-05
2.1587070000532548e-08;8.516071999911218e-08;3.7765740000759254e-07;4.157179999747314e-05
1.7823760000464972e-08;7.288551999954506e-08;3.3693049999419597e-07;3.141943000082392e-05
2.0992850000038742e-08;8.334547999547795e-08;3.698011999949813e-07;3.860277999774553e-05
1.820775000087451e-08;7.958952000481077e-08;3.822271999961231e-07;4.456171999918297e-05
2.0337100001052022e-08;8.302308000274934e-08;3.950407999800518e-07;4.1070599999511614e-05
2.0589820001623593e-08;8.963668000069446e-08;4.045965999830514e-07;3.569389000185765e-05
2.1539490000577643e-08;8.103230000124312e-08;3.700224000203889e-07;3.677962999790907e-05
2.028831000206992e-08;8.896589999785646e-08;4.133107999805361e-07;3.471002999867778e-05
1.9332419999409468e-08;7.448999999905937e-08;3.720294000231661e-07;2.9935180000029503e-05
1.629438500094693e-08;8.549368000240065e-08;3.6789299998781646e-07;3.564178999804426e-05
1.9098484999267385e-08;6.682746000005864e-08;3.746427999867592e-07;3.342718000058085e-05
2.0464099998935127e-08;7.730270000174642e-08;4.0957769998931326e-07;4.0491420001490044e-05
1.9470404999447055e-08;1.0264250000182074e-07;3.867278000107035e-07;3.171364000008907e-05
1.8125695000344423e-08;6.635331999859773e-08;3.684720000019297e-07;3.0943179997848344e-05
2.025265000120271e-08;7.269401999656111e-08;3.5520730001735503e-07;3.796452000096906e-05
2.0493350000469944e-08;7.507923999801279e-08;3.4860070000286216e-07;2.9789050002000294e-05
1.6959559998940676e-08;7.026996000204235e-08;3.5298920000786893e-07;3.801822999957949e-05
2.4803859999519772e-08;1.0409244999755174e-07;3.795228999806568e-07;3.689817000122275e-05
1.9521479999821168e-08;7.1140839997679e-08;3.587380000099074e-07;3.5352710000006483e-05
1.6214310000941624e-08;7.08373199973721e-08;3.764988000039011e-07;3.1202519999351355e-05
1.900822000025073e-08;8.213207999942825e-08;3.71180899994215e-07;3.200588000181597e-05
1.7295170000579673e-08;6.998319999547675e-08;3.5540319999563506e-07;4.020903999917209e-05
2.2257370001170786e-08;7.768092000042089e-08;3.5919119999744e-07;3.4685180001542904e-05
1.7441749999125023e-08;7.083712000166998e-08;3.679654000152368e-07;3.0654789999243806e-05
1.7506275000050663e-08;6.624721999978647e-08;3.510580000001937e-07;3.2752390002133325e-05
1.7336699999577832e-08;7.510518000344745e-08;3.675486999854911e-07;3.022748999937903e-05
1.7964834999293088e-08;7.099766000173985e-08;3.6259350000182166e-07;3.553538999985904e-05
1.6838914999971167e-08;8.419321999535896e-08;3.608514999796171e-07;3.3517929998924954e-05
1.5786805000971072e-08;6.512883999967016e-08;3.7761080000200307e-07;3.302802999969572e-05
1.6162780000013298e-08;6.740082000032999e-08;3.4346100001130255e-07;3.5037639999063684e-05
1.630091499973787e-08;7.726955999969505e-08;3.515518000058364e-07;3.472192999906838e-05
1.756166499981191e-08;8.54300200007856e-08;3.742953999899328e-07;3.526276999909896e-05
1.591943999956129e-08;6.601498000090942e-08;3.648303999798372e-07;3.140602000057697e-05
2.0429199998034164e-08;7.316645999671891e-08;3.5691279999446123e-07;3.844241999904625e-05
2.0329774999117946e-08;7.345926000270992e-08;3.823956999985967e-07;3.344039999938104e-05
1.632359500072198e-08;6.466235999832861e-08;3.7458560001687146e-07;3.55967999988934e-05
2.034473999810871e-08;6.997059999848716e-08;3.8139500000397675e-07;3.551728999882471e-05
1.9251610001083465e-08;7.717829999746755e-08;3.5675969999283553e-07;4.045912000001408e-05
1.8558089999714866e-08;7.053945999941788e-08;3.5039960002177393e-07;3.463929999852553e-05
1.6588215000228955e-08;7.333489999873564e-08;3.5345510000479405e-07;3.4506429999601096e-05
2.0300249999854714e-08;8.119042000034824e-08;3.6746179999317974e-07;3.080324000038672e-05
1.9529410000541248e-08;8.51912199985236e-08;3.7043599999742584e-07;3.929077000066172e-05
2.1217590000014754e-08;7.584081999957562e-08;3.89797699986957e-07;3.829747000127099e-05
2.2061499999836088e-08;7.751833999645896e-08;3.3747920001042077e-07;3.787559999909718e-05
1.8322389999229927e-08;7.008714000112378e-08;3.8194870000006633e-07;4.5355740003287795e-05
2.037209999980405e-08;8.157513999613002e-08;3.7100810001720676e-07;3.3753540000179785e-05
1.675313500018092e-08;6.983155999914743e-08;3.727470000158064e-07;3.0734769999980925e-05
1.5451139998913275e-08;7.29940399993211e-08;3.4147590000065975e-07;3.161651999980677e-05
1.7395975001272744e-08;6.482765999971889e-08;3.7059320000116716e-07;3.3731500001158565e-05
1.6342914999404455e-08;7.73812800005544e-08;3.4496970000327566e-07;3.1331460000365044e-05
1.725017499993555e-08;6.864152000052854e-08;3.5524740000255407e-07;4.206960999872535e-05
1.691309499874478e-08;6.505412000115029e-08;3.6358229999314063e-07;3.345549000077881e-05
2.100368000101298e-08;7.278269999660551e-08;3.4794949999195523e-07;2.9583099999581462e-05
1.7690179999044632e-08;7.465088000171818e-08;3.598096999921836e-07;3.4277019998989997e-05
1.5457814998808316e-08;7.673905999981798e-08;3.6000719998264685e-07;3.361929999955464e-05
1.9361485000990796e-08;7.591456000227481e-08;3.510676000150852e-07;3.502022000029683e-05
1.5771965000021738e-08;7.694472000002861e-08;3.8079880000441337e-07;3.816173000086565e-05
1.6566604998661207e-08;7.596311999950559e-08;3.8490530001581646e-07;3.3732449999661186e-05
2.070659000019077e-08;8.328592000179924e-08;4.07040699996287e-07;3.474712999886833e-05
1.7010684999695513e-08;9.166303999954835e-08;3.826395000214689e-07;3.930570999800693e-05
2.0728969998890533e-08;7.120486000203528e-08;3.572894000099041e-07;3.2062640000367534e-05
1.624119499902008e-08;8.010588000179268e-08;3.8494119999813845e-07;4.2234690001350824e-05
2.17298400006257e-08;6.556868000188842e-08;3.9785769997979515e-07;3.401982999930624e-05
2.0204200000443962e-08;8.602991999941877e-08;3.8691930001368745e-07;4.3107069999678064e-05
2.5187054999696557e-08;7.829291999805718e-08;3.875871000054758e-07;4.1466239996952933e-05
1.7841274999955202e-08;9.35955399996601e-08;4.160031999927014e-07;3.0820250001852404e-05
1.7690974999277386e-08;9.526039999909699e-08;4.1229899995960297e-07;3.790406000043731e-05
2.1806094999192282e-08;7.459598000277765e-08;3.9288369999849237e-07;2.9592840000987053e-05
1.7080220000934786e-08;8.500983999692835e-08;3.409728000115138e-07;3.205022999900393e-05
1.816718500049319e-08;7.897664000047371e-08;3.508442000020295e-07;3.372477999946568e-05
1.5043740000692197e-08;7.241051999735645e-08;3.5779760000878015e-07;3.2284140001866035e-05
1.7306380000081846e-08;7.236506000044756e-08;4.508009999990463e-07;3.181686000025366e-05
2.3324979998869822e-08;7.903625999460928e-08;4.011811999953352e-07;3.597838999994565e-05
1.8618245000834576e-08;7.630456000333652e-08;3.625471999985166e-07;3.73175100015942e-05
1.7949374999443534e-08;7.391878000344149e-08;3.443439999828115e-07;3.0665310000767934e-05
1.5603174999705517e-08;8.754659999976866e-08;3.579731000063475e-07;3.237443999969401e-05
1.6733554999518673e-08;8.463986000278964e-08;3.6803990000043994e-07;4.21390799980145e-05
2.070145000034245e-08;9.518764000385999e-08;3.946760000253562e-07;3.259016000083648e-05
2.053545000089798e-08;9.157494000392035e-08;4.1721519996644927e-07;4.4708000001264735e-05
1.7130914999870585e-08;7.951514000305906e-08;3.619644000136759e-07;3.130569000204559e-05
2.4860064999666064e-08;9.455479999887757e-08;3.917589999909978e-07;4.175408000010066e-05
2.101810000021942e-08;8.421478000236676e-08;3.968555000028573e-07;4.3872000000556e-05
2.1519139999873005e-08;7.431320000323467e-08;4.0527240000665185e-07;5.153565999935381e-05
2.361500000115484e-08;9.478075999650172e-08;4.2179490000125955e-07;4.086822000099346e-05
2.084657499945024e-08;8.791431999998167e-08;4.0565399994375186e-07;3.966182000003755e-05
2.1294319999287835e-08;9.399710000143386e-08;4.235216000233777e-07;4.441079999669455e-05
2.162118999985978e-08;8.313130000024103e-08;3.662680000124965e-07;4.231829999771435e-05
2.1555069999885746e-08;6.600027999957092e-08;2.7762300000176765e-07;1.1443284999404568e-06
2.1952179999789223e-08;5.6241640000371264e-08;2.5442690000636504e-07;1.3762465000036172e-06
2.619711000006646e-08;7.180421999655664e-08;2.5745860001188703e-07;1.2835169999743812e-06
2.6164819998666643e-08;7.959725999971852e-08;2.837276000063866e-07;1.4428659999975935e-06
2.130938999762293e-08;6.39822600001935e-08;3.0868409998947755e-07;1.5933409999706782e-06
2.275740499899257e-08;5.8764440001687035e-08;2.7490720001515e-07;1.3498594998964109e-06
1.666630499967141e-08;4.571395999519154e-08;2.690727000008337e-07;1.3980775000527502e-06
2.3489799999515527e-08;5.6646060000639406e-08;2.4063139999634585e-07;1.3460005000524688e-06
2.0563819998642428e-08;4.8490020004101094e-08;2.9451410000910984e-07;1.4143849999527446e-06
2.5509170000441372e-08;5.53113600006327e-08;2.768175000092015e-07;1.4154120000603144e-06
2.0152049997705034e-08;4.7923259995877744e-08;2.429015000234358e-07;1.3258210000640247e-06
2.3903440000140108e-08;4.987670000409707e-08;2.8394720001961104e-07;1.4211319999594706e-06
2.5561230001039803e-08;5.90388200012967e-08;2.7477530000032857e-07;1.3376419999985956e-06
2.227747500000987e-08;5.904816000256687e-08;2.795114000036847e-07;1.4181489999464246e-06
2.282528500072658e-08;6.020032000378705e-08;2.8927670000121e-07;1.5018215001327917e-06
2.2631650001858362e-08;5.1929419999942186e-08;2.3801080000703224e-07;1.291683000017656e-06
2.0797859999584034e-08;6.238379999995232e-08;2.693614999880083e-07;1.2463299999944865e-06
2.0814000000245868e-08;6.553777999943123e-08;2.591138999850955e-07;1.2516199999663513e-06
2.1763435000320897e-08;5.7383159996243194e-08;2.6383910002186894e-07;1.3778099999763072e-06
1.8273769998631904e-08;5.50014199980069e-08;2.67284200002905e-07;1.3565870000456925e-06
1.821549000014784e-08;5.2048059995286166e-08;2.741620999877341e-07;1.2737360000028275e-06
1.848147999990033e-08;5.58431199984625e-08;2.7326099999481814e-07;1.244301499973517e-06
1.6499375000421424e-08;5.066248000366613e-08;2.822230999881867e-07;1.24492150003789e-06
1.6425380000146105e-08;5.236804000451229e-08;2.601804000150878e-07;1.2882740001077764e-06
1.8570360000012443e-08;6.027001999900676e-08;2.681563000078313e-07;1.5333659999305383e-06
2.032830499956617e-08;4.940089999581687e-08;2.44585400010692e-07;1.3455830000748392e-06
1.8851045001065358e-08;5.970113999792374e-08;2.354258999985177e-07;1.3584840000839905e-06
2.100423000229057e-08;5.470733999973163e-08;2.6864530000602824e-07;1.3235134999558795e-06
1.662269499938702e-08;5.028317999676801e-08;2.552062000031583e-07;1.5558029999374412e-06
1.7324080000980757e-08;5.732286000275053e-08;2.4956039999960924e-07;1.2754709999717306e-06
1.6524674999527633e-08;5.166816000128165e-08;2.467222999839578e-07;1.2837785000738221e-06
1.622497999924235e-08;5.63406000030227e-08;2.3183109998353757e-07;1.2544219999108464e-06
2.2922780000953937e-08;5.1556920004077257e-08;2.6032699999632316e-07;1.3930724999227095e-06
1.7164225000306033e-08;6.715336000197567e-08;2.456949999905191e-07;1.3602715000160969e-06
1.7626324998855125e-08;5.000286000431515e-08;2.626790000067558e-07;1.2235095001233275e-06
1.6270230000372976e-08;5.047092000022531e-08;2.3559619998559356e-07;1.287348500045482e-06
2.1347390000300946e-08;6.386201999848708e-08;2.668089999933727e-07;1.3904449999972713e-06
2.2988090000580998e-08;5.600464000017382e-08;2.645279999997001e-07;1.4765584999986458e-06
2.0713520000572315e-08;5.0696879997849465e-08;2.6613180001731963e-07;1.429340000031516e-06
1.85068599996157e-08;5.630263999919407e-08;2.33921700011706e-07;1.4808124999399298e-06
1.92570249986602e-08;5.274848000262864e-08;2.479757000110112e-07;1.2463125000067522e-06
2.0029300000169314e-08;4.732827999978326e-08;2.382981000118889e-07;1.2560025000129826e-06
1.7090830000233837e-08;5.496913999668322e-08;2.642949000000954e-07;1.3344444999529515e-06
1.5656714999931864e-08;5.514516000403091e-08;2.66031600011047e-07;1.3676810001197736e-06
1.706261499930406e-08;4.80563799967058e-08;2.48656400013715e-07;1.2536824999551754e-06
2.0914289998472668e-08;5.888477999833413e-08;2.358587999769952e-07;1.3839664999977685e-06
1.721215500001563e-08;5.0016240001423286e-08;2.5302649999503045e-07;1.3011954999819863e-06
1.873514999897452e-08;5.1853720005601646e-08;2.4978390001342634e-07;1.4096264999534469e-06
1.784759000001941e-08;6.62621199968271e-08;2.754943000036292e-07;1.4361600000120233e-06
1.7652090000046882e-08;5.466353999800049e-08;2.595785000012256e-07;1.3763149999431334e-06
1.7639315000269563e-08;4.943092000321485e-08;2.578226000186987e-07;1.259744499984663e-06
1.9684189998952207e-08;5.0469339999835936e-08;2.4234379999688827e-07;1.2168860000383574e-06
1.6223250000621192e-08;5.548824000288732e-08;2.4042159999953584e-07;1.2420949999068397e-06
1.64766050002072e-08;4.930169999715872e-08;2.598838999983855e-07;1.2873104999016505e-06
1.6773109999485314e-08;7.007803999586031e-08;2.5661400001263246e-07;1.2578790000407026e-06
1.707894999999553e-08;6.126424000249244e-08;2.464953000016976e-07;1.233183000003919e-06
2.128173999954015e-08;5.756475999951363e-08;2.5454809999791905e-07;1.3008740000077523e-06
1.5548620000481605e-08;6.49766999995336e-08;2.287998000101652e-07;1.3497885000833777e-06
1.708509000018239e-08;5.883113999734633e-08;2.3442960000829771e-07;1.3536119999480434e-06
2.064890000037849e-08;5.0050359999295325e-08;2.7476640001987106e-07;1.2829224999586586e-06
1.705898500076728e-08;5.444187999819405e-08;2.409100000222679e-07;1.4128850000270177e-06
1.6990419999638105e-08;4.916745999944396e-08;2.509537999867462e-07;1.2386469999910332e-06
1.754895000049146e-08;4.4835239998064935e-08;2.949790999991819e-07;1.6448199999285863e-06
1.739813000021968e-08;6.237309999996796e-08;2.634029000182636e-07;1.5104080000310204e-06
1.6232634999323638e-08;5.4756740003358573e-08;2.688940000080038e-07;1.3223034999100491e-06
2.449670000059996e-08;5.963403999921865e-08;3.070679999946151e-07;1.3829590000386815e-06
2.1021920000202953e-08;6.871441999683157e-08;3.0639770001289434e-07;1.3711299998976755e-06
2.031970999960322e-08;7.356719999806956e-08;2.7509439998539163e-07;1.2374690000433475e-06
1.7633144999854267e-08;6.206236000289209e-08;2.8208299999823793e-07;1.2356084999919403e-06
2.0000939999590627e-08;5.545208000112325e-08;2.629181999946013e-07;1.270278499869164e-06
2.0130240000435153e-08;5.8556139998836445e-08;2.850496000028215e-07;1.3952284998958931e-06
1.8506430000707043e-08;5.4593339998973535e-08;2.7674760000081735e-07;1.1773645000357646e-06
1.907910500012804e-08;5.4415619996143506e-08;2.8501439999672586e-07;1.2584314998821356e-06
1.846225500048604e-08;5.950081999762915e-08;2.4804649999714456e-07;1.297199999971781e-06
1.6597889999684413e-08;5.4348200000822544e-08;2.6338369998848066e-07;1.4422030000423546e-06
1.8448770001123194e-08;5.349964000051841e-08;2.9116370002157054e-07;1.3109920000715648e-06
1.7429470000206492e-08;5.481463999603875e-08;2.4832350001088345e-07;1.2054044999240431e-06
1.625251500081504e-08;5.338362000184134e-08;2.3060320000513456e-07;1.2474605000170414e-06
1.6649460000917317e-08;4.9628780002240094e-08;2.5757259997772055e-07;1.4019814999483061e-06
1.7098424999858253e-08;5.612447999883443e-08;2.8626449999865146e-07;1.2647015000402462e-06
1.983872999990126e-08;5.713899999973364e-08;2.584855999739375e-07;1.2090725000598469e-06
1.7735695000737904e-08;5.330822000396438e-08;2.491575999883935e-07;1.2283490000118037e-06
1.7471419999492356e-08;5.038778000161983e-08;2.4412230000598357e-07;1.2678979999327567e-06
1.9197499999427237e-08;5.173801999771968e-08;2.660020999901462e-07;1.3925800001015886e-06
1.499177000077907e-08;5.660085999988951e-08;2.421632000186946e-07;1.4240465000330006e-06
1.5712155000073836e-08;6.029259999631905e-08;2.472557000000961e-07;1.3282805000199005e-06
2.3605269999825394e-08;6.187470000004395e-08;2.407588000060059e-07;1.3873639999656006e-06
1.5376620000461117e-08;6.450652000494301e-08;2.6302929999656046e-07;1.2586714999633841e-06
2.000580500025535e-08;5.331645999685861e-08;2.3838270001579075e-07;1.2512149999383836e-06
1.6286854998907075e-08;5.4170379997231066e-08;2.4605929999961515e-07;1.2207909999415278e-06
1.646397000004072e-08;4.774405999924056e-08;2.4848049998399804e-07;1.2944155000150204e-06
2.104043000144884e-08;5.059084000531584e-08;2.386154999840073e-07;1.1911430000327527e-06
1.8011124999611637e-08;5.539215999888256e-08;2.5119029998313636e-07;1.3977895000425632e-06
1.6135759999451694e-08;4.977751999977045e-08;2.7403259999118745e-07;1.4509864999854472e-06
1.6168915000162088e-08;5.173495999770239e-08;2.3365099998773076e-07;1.2855925000621937e-06
1.554314999957569e-08;5.4854920000070706e-08;2.602861999766901e-07;1.5747260001080577e-06
2.17021050004405e-08;6.222110000089742e-08;2.5595660001272336e-07;1.3578299999062438e-06
1.9767475000116973e-08;5.091803999966942e-08;2.5147219997597857e-07;1.4268004999030382e-06
2.012187000073027e-08;5.699344000313431e-08;3.1531629999517463e-07;1.4684120001038536e-06
1.992013999988558e-08;5.8628180000232535e-08;2.5095089999376794e-07;1.6547520000312942e-06
2.0368609999422916e-08;5.781231999862939e-08;3.815994000178762e-07;3.430726999940816e-05
2.0777110001654365e-08;6.646649999893271e-08;3.564322000020184e-07;3.2793069997569545e-05
1.7298989999108016e-08;4.886434000218287e-08;4.1426059999503195e-07;3.235532999970019e-05
1.8785820000630337e-08;4.651487999944948e-08;3.696864999947138e-07;3.053838000050746e-05
1.6820229998847934e-08;4.984254000009969e-08;3.7992490001488477e-07;2.9382769999210722e-05
1.767517999978736e-08;4.923809999600053e-08;3.276893000002019e-07;3.1452059998991896e-05
1.4886159999878146e-08;6.267508000019006e-08;3.647082999814302e-07;3.8459919998422264e-05
2.2125750000122934e-08;5.356934000155888e-08;3.5386339999968185e-07;3.3097390001057645e-05
2.2883229999570175e-08;4.77919600030873e-08;3.4012010000878945e-07;2.9409009998198598e-05
1.7770050000399352e-08;4.519431999651715e-08;3.374885999946855e-07;3.309552000137046e-05
1.8957630000659264e-08;4.6384179999586196e-08;3.4034960001008586e-07;2.993133999989368e-05
2.170985999982804e-08;4.799091999884695e-08;3.768163999775425e-07;3.5943440001574344e-05
2.0257459999993444e-08;5.737175999674946e-08;4.240619999472983e-07;3.6154159999568946e-05
2.456355499889469e-08;6.136378000373952e-08;3.8815539999632165e-07;3.392518000036944e-05
1.682509499951266e-08;6.676662000245415e-08;3.515135999768972e-07;3.382492999953683e-05
2.4366379997809417e-08;4.900697999983095e-08;3.636947000049986e-07;3.4067079998203555e-05
2.0377610001014544e-08;4.779930000077002e-08;3.603046000062022e-07;2.934984000166878e-05
1.8478009999671485e-08;6.8760140001541e-08;3.4587530000135305e-07;3.288212000043131e-05
1.611261500074761e-08;5.8901759999571365e-08;3.7576669998816216e-07;2.9845090000890197e-05
1.7104995000408963e-08;5.161663999897428e-08;3.950831000111066e-07;3.242123000090942e-05
1.963184499909403e-08;5.5713700002525e-08;3.3950370000093244e-07;3.256014000216965e-05
2.0241319999331607e-08;7.114715999923646e-08;3.6727529999916444e-07;3.5404519998701286e-05
1.8058909999672325e-08;4.8496279999380934e-08;3.2485390000510963e-07;3.7077809998299924e-05
1.7864884999289642e-08;6.298649999662302e-08;3.253772000025492e-07;3.461720999912359e-05
2.2586159998900256e-08;5.376119999564253e-08;3.854087000072468e-07;2.972539000038523e-05
2.0743859998765402e-08;6.473975999979302e-08;3.5424109999439677e-07;3.214180000068154e-05
2.076177999988431e-08;4.9806579999858515e-08;3.5713899999973367e-07;2.983814000035636e-05
1.7928835000202525e-08;6.902791999746114e-08;3.4097059999476186e-07;2.9582319999462925e-05
1.8131899999571032e-08;5.4615239996928725e-08;3.449579000007361e-07;3.0004850000841542e-05
1.6814365000755062e-08;5.061675999895669e-08;3.775313999794889e-07;3.0517139998846686e-05
1.5841594999074005e-08;4.9035099998582154e-08;3.694126000045799e-07;2.9468449999694713e-05
2.3647420000634158e-08;5.3041299997130406e-08;3.9173260002280587e-07;3.134070000087377e-05
2.300708999973722e-08;5.9483539999928324e-08;3.6839089999557474e-07;3.282989999861456e-05
1.5871094999602064e-08;7.286800000001677e-08;3.6400859997957014e-07;3.7705389998154714e-05
1.779048500029603e-08;6.258069999748841e-08;3.64872700010892e-07;3.324457000126131e-05
2.099168999993708e-08;5.274411999853328e-08;3.4366600000066683e-07;2.992476999934297e-05
2.2384059999603777e-08;4.858329999842681e-08;3.4953259999747387e-07;3.107373999955598e-05
1.7516479999176228e-08;5.145599999814294e-08;3.5979640000732614e-07;3.200494999764487e-05
1.624832000088645e-08;5.769250000012107e-08;3.5873949999222533e-07;3.390899999940302e-05
1.7873299999337177e-08;5.5364659999031574e-08;3.3909390002372673e-07;3.027431000082288e-05
2.416398999921512e-08;5.2884220000123604e-08;3.7964759999886155e-07;3.1852529998286624e-05
1.9389689998934046e-08;5.132123999646865e-08;3.887902999995276e-07;3.287595000001602e-05
2.0344369998201728e-08;5.746660000295378e-08;3.5819890000857414e-07;3.32311199977994e-05
2.2222519997740165e-08;5.95121799968183e-08;3.626540999975987e-07;3.4585739998146895e-05
2.0994199998676776e-08;5.8916759997373444e-08;3.487689000030514e-07;3.489354999910575e-05
2.1148000001267064e-08;5.3339459997368976e-08;4.261980000301264e-07;3.2984779999242165e-05
1.9377759999770205e-08;6.573518000077456e-08;3.6952259999816305e-07;3.291686000011396e-05
1.6330144999665208e-08;5.949327999842353e-08;3.6200730002019554e-07;3.460211000056006e-05
2.058768999995664e-08;6.515756000299006e-08;3.8030290001188405e-07;3.2398029998876156e-05
1.8426840000029188e-08;5.159898000420071e-08;3.4837309998692945e-07;3.363688999961596e-05
2.5783980000414885e-08;5.124160000123083e-08;3.5399190001771783e-07;3.54767599987099e-05
2.1341204999771435e-08;5.374793999944814e-08;3.959086999821011e-07;3.4429649999947284e-05
1.884052000095835e-08;5.3728399996180085e-08;3.5545810000621714e-07;3.01629800000228e-05
2.2636780000175348e-08;6.189520000480115e-08;3.6305780001566745e-07;4.0689099999144676e-05
2.0732509999652393e-08;5.6384880002588036e-08;3.556869000021834e-07;3.0044449999695644e-05
2.166078999871388e-08;5.687287999899127e-08;3.200217999983579e-07;3.173539999988861e-05
2.1032039998681284e-08;5.3906639997148886e-08;3.4569099999498577e-07;3.181796999997459e-05
1.922375499998452e-08;5.1818699995055795e-08;3.554487000219524e-07;3.150482000201009e-05
1.7308895000314804e-08;5.4407800000626595e-08;3.655159000190906e-07;3.210074999951758e-05
1.6101250000065192e-08;5.747817999799736e-08;3.320769999991171e-07;3.0848979999427684e-05
1.7044535001332405e-08;5.5794880003668366e-08;3.746976999973413e-07;3.0473999999230728e-05
1.9090724999841767e-08;5.183710000128485e-08;3.464883000124246e-07;3.156574000022374e-05
1.8043610001041087e-08;5.0288659997750074e-08;3.4092359998612665e-07;3.189431999926455e-05
1.5518685001006815e-08;5.82499000011012e-08;3.664340999966953e-07;2.9462490000878462e-05
1.5903725000680425e-08;5.189582000020891e-08;3.802553999994416e-07;3.106551000091713e-05
2.4666200001956896e-08;5.829153999802657e-08;3.6128440001630225e-07;3.117882999940775e-05
1.587978000025032e-08;5.112493999768048e-08;3.686419000150636e-07;2.978307000012137e-05
1.6598634999536443e-08;5.131962000159547e-08;3.4966750000603497e-07;3.0161439999938012e-05
1.910788499953924e-08;5.520696000312455e-08;3.4124020001036116e-07;3.0109799999627286e-05
1.866866999916965e-08;5.393857999588363e-08;3.715879999799654e-07;3.197599000122864e-05
1.5514275000896304e-08;4.907029999885708e-08;3.259655000001658e-07;2.9864149997592903e-05
1.7318369999702555e-08;5.3881340002408254e-08;3.302601000177674e-07;3.0199410000932402e-05
2.042004000104498e-08;4.661702000303194e-08;3.49431500013452e-07;3.25052100000903e-05
1.8198964999464806e-08;4.6998180000809955e-08;3.381535999942571e-07;3.0014930001925677e-05
1.5767420000338462e-08;4.74205799982883e-08;3.3753279998200015e-07;3.0840229999739675e-05
1.5740319999167694e-08;5.3708480001660067e-08;3.386045999941416e-07;2.8954909997992217e-05
1.7959670000709593e-08;4.9077580001903696e-08;3.8430189999053253e-07;3.224728999775834e-05
1.673756000091089e-08;5.0710719998460266e-08;3.7319080001907424e-07;3.0101299998932518e-05
1.827140499954112e-08;5.75604600016959e-08;4.011300000129268e-07;3.0663040000945326e-05
1.7252924999047536e-08;5.3019259998109194e-08;3.582125999964774e-07;3.1822479999391364e-05
1.617861999984598e-08;5.613326000166126e-08;3.4659800000372344e-07;3.551442000025418e-05
2.1237369999289514e-08;5.678398000309244e-08;3.722391999908723e-07;3.483538000145927e-05
1.9481485000869724e-08;6.550029999925755e-08;3.4107460000086575e-07;3.0407740001101048e-05
1.837636999989627e-08;6.295103999436833e-08;3.6610350001137705e-07;3.162401000154205e-05
1.8435999999928754e-08;5.59767400030978e-08;3.708406999940053e-07;3.475587999855634e-05
1.8851394999364856e-08;6.00060399970971e-08;3.779439999780152e-07;3.578594000136945e-05
1.7380955000407993e-08;6.664160000509583e-08;3.804076999949757e-07;3.408968999865465e-05
1.6475959999661427e-08;6.80977999989409e-08;3.453838999848813e-07;3.280616999836639e-05
1.6904580000846183e-08;5.076068000053056e-08;3.4546410001348706e-07;3.163297999999486e-05
1.787229000037769e-08;5.8435299998382104e-08;3.498163000040222e-07;3.1845739998971114e-05
1.7433329999039416e-08;5.232278000330553e-08;3.662123999965843e-07;3.333029999921564e-05
1.8876889999955894e-08;5.556487999856472e-08;3.329822999949101e-07;3.016430000134278e-05
1.728039000008721e-08;5.5389480001758786e-08;3.554080000030808e-07;3.437002999999095e-05
2.0202019999851472e-08;5.734463999979198e-08;3.553587000060361e-07;3.41690600005677e-05
2.0167989999754353e-08;5.2869780000764876e-08;3.673283999960404e-07;3.3332639999571255e-05
2.1479979998548514e-08;6.245071999728679e-08;3.506259999994654e-07;3.3036859999992884e-05
2.1563739998964592e-08;5.0263919995632023e-08;3.347921000095084e-07;3.300313999934588e-05
1.6929419999360107e-08;5.676359999924898e-08;3.690808000101242e-07;3.113988999975845e-05
1.626690499979304e-08;5.252574000041932e-08;3.5085079999407753e-07;3.067564999801107e-05
1.716650500020478e-08;5.386150000267662e-08;3.497380999906454e-07;2.8953390000970102e-05
1.5778759999375325e-08;5.522983999690041e-08;4.405755999614485e-07;5.906301999930292e-05
1.7653455000254327e-08;5.2594879997195676e-08;4.340675999992527e-07;5.237625999725424e-05
1.6580690001137554e-08;5.671622000518255e-08;4.4429079996189104e-07;5.9391260001575575e-05
1.6093285000533798e-08;5.183652000268921e-08;4.0100499999243767e-07;5.3615599998738614e-05
1.863440500019351e-08;5.717290000175126e-08;4.295231999712996e-07;5.9409420000156385e-05
1.7980049998732285e-08;5.14312399958726e-08;4.584612000035122e-07;6.228135999990628e-05
2.3336250000284052e-08;5.169951999559999e-08;4.4592759996885433e-07;5.770515999756753e-05
1.5905945000122303e-08;4.798280000104569e-08;4.1110299999127164e-07;5.509281999547966e-05
1.8590890000632498e-08;5.138592000002973e-08;4.5975579996593296e-07;5.180268000112847e-05
1.7652975000964944e-08;4.524526000022888e-08;4.5501759997569024e-07;6.192290000035428e-05
1.8431514999247157e-08;5.572374000330455e-08;4.819400000269525e-07;6.112913999822923e-05
1.9518470000184608e-08;4.968368000118062e-08;4.178155999979936e-07;6.466387999826111e-05
1.7612730000109876e-08;4.64391199988313e-08;4.503859999822453e-07;5.8549519994994625e-05
1.8444430000090504e-08;5.8945159998256714e-08;4.134360000025481e-07;5.400405999971554e-05
1.9871874999080318e-08;4.796238000271842e-08;4.1345120000187305e-07;5.1803699997253716e-05
1.757348999963142e-08;5.437822000239976e-08;4.0654820000054314e-07;5.663589999894611e-05
1.5580574999330565e-08;5.990793999517336e-08;4.2011060001095756e-07;5.633383999811485e-05
1.6304309999395627e-08;5.868415999575518e-08;4.436386000015773e-07;6.174498000182211e-05
1.9423730000562502e-08;5.07969599973876e-08;4.4501880003372206e-07;6.556426000315696e-05
2.01990499990643e-08;5.320644000312314e-08;4.526797999860719e-07;5.816508000134491e-05
1.569588999991538e-08;4.824466000427492e-08;4.1577859997050836e-07;5.2152379998005926e-05
1.6420655000547413e-08;4.5935040002223104e-08;4.7605979995569214e-07;5.292588000302203e-05
1.576993000053335e-08;5.3440100001171234e-08;4.2722919996595013e-07;5.074112000293099e-05
1.4870130000053904e-08;7.275836000335403e-08;4.6052060002693904e-07;5.091709999833256e-05
1.5128684999945106e-08;6.002389999921434e-08;4.1594699997222053e-07;6.027617999934591e-05
1.5397750001284294e-08;5.102744000032544e-08;4.3857840000418944e-07;5.039585999911651e-05
1.547615000017686e-08;5.7841399998869744e-08;4.211469999863766e-07;6.238669999875129e-05
2.0347189999301917e-08;4.9161840003216636e-08;4.415967999957502e-07;6.074012000462972e-05
2.1804795000934972e-08;5.7165040000109005e-08;4.554327999940142e-07;5.9263580001425e-05
2.079278999881353e-08;5.1353200001176444e-08;4.1524579998804257e-07;6.395438000326977e-05
2.1246950000931973e-08;4.761407999903895e-08;4.845749999512918e-07;5.4956899996614086e-05
1.938984500011429e-08;5.452975999796763e-08;4.4431380002060906e-07;5.742453999700956e-05
1.876586500002304e-08;5.329969999729656e-08;4.594617999973707e-07;6.398431999841705e-05
1.7121709999628364e-08;5.79310400004033e-08;4.4793460000073536e-07;5.714005999616347e-05
1.6988929999934042e-08;6.52388799993787e-08;4.539208000060171e-07;6.226757999975235e-05
1.7305164999561384e-08;5.3187920001801104e-08;4.78648400050588e-07;5.2395100001012905e-05
1.6329515000688842e-08;5.847883999813348e-08;4.4518280000193045e-07;5.226033999933861e-05
1.7950919999566396e-08;4.941103999735788e-08;4.802023999509402e-07;6.166450000018813e-05
2.1124330000020564e-08;6.135313999839127e-08;4.564465999719687e-07;5.7394959998782725e-05
1.8095584999537095e-08;5.457956000464037e-08;4.197199999471195e-07;6.025336000020616e-05
1.7458294999960343e-08;5.4506400000536814e-08;4.4875579996732995e-07;5.8849920000648124e-05
1.575511999981245e-08;5.849038000451401e-08;4.44878600013908e-07;6.357450000359677e-05
1.5878054998756853e-08;4.872871999978088e-08;4.6231860003899785e-07;5.422970000072383e-05
1.8297419999726117e-08;5.50308000005316e-08;4.60438999987673e-07;5.865257999976166e-05
1.9549840000399854e-08;6.214874000288546e-08;4.587293999502435e-07;5.3063819999806585e-05
1.7265715000394266e-08;5.0857740000355986e-08;4.7054940002271905e-07;5.819227999891154e-05
1.8944324999756645e-08;5.3350540000246835e-08;4.5085979998111727e-07;5.433031999855302e-05
1.6369294999458363e-08;5.2390619996003805e-08;4.4336699997074904e-07;6.237142000463791e-05
1.8428425000456628e-08;5.7394319999730214e-08;4.4450720003806053e-07;5.943188000237569e-05
2.0306229998823257e-08;5.2684679999947546e-08;4.520804000203498e-07;5.37012999993749e-05
1.9637995000812224e-08;5.400184000027366e-08;4.754977999837138e-07;5.9394639998208734e-05
1.6232485001091844e-08;5.44081800035201e-08;4.327515999902971e-07;5.332932000164874e-05
1.9342719999258406e-08;4.995535999769345e-08;4.3800139997620137e-07;5.22270200017374e-05
1.673628499993356e-08;5.281410000170581e-08;4.5241620001615954e-07;6.098496000049636e-05
1.8480129999807104e-08;5.4032059997553004e-08;4.5521299995016306e-07;5.66227399976924e-05
1.8816284999775235e-08;5.140949999913573e-08;4.7076539997942744e-07;5.4375559999607504e-05
2.3572929998044856e-08;5.274853999726474e-08;4.4520680001005533e-07;5.5514279997441916e-05
1.7317869998805692e-08;5.650502000353299e-08;4.5133859995985405e-07;6.617924000020138e-05
1.716916500008665e-08;5.924856000347063e-08;4.435531999915838e-07;5.7876140001462774e-05
2.1623844999703577e-08;5.459007999743335e-08;4.3152440001722427e-07;5.61571600032039e-05
1.6095614999358075e-08;5.2431319997413086e-08;4.580685999826528e-07;5.232685999944806e-05
1.8774424999719486e-08;5.2045380003983155e-08;4.819096000283025e-07;5.900325999828055e-05
1.806757500016829e-08;4.98267000017222e-08;4.628245999920182e-07;5.389114000136033e-05
1.5604369998618493e-08;5.057309999829158e-08;4.3127159995492546e-07;4.970527999685146e-05
1.6329730000870768e-08;5.4494799999520184e-08;4.1750559996580704e-07;5.373975999536924e-05
1.7400675000681078e-08;4.946316000423394e-08;4.3356819998007267e-07;6.594634000211954e-05
1.752420500124572e-08;5.7763419998809694e-08;4.4838819996220993e-07;5.312202000059187e-05
1.721974000101909e-08;5.254519999725744e-08;4.0642140002455565e-07;5.275516000110656e-05
1.7426450000493788e-08;5.159570000250824e-08;4.3450879998272284e-07;5.636034000199288e-05
1.715175499994075e-08;5.990083999931813e-08;4.2732179997256027e-07;5.5430719995638355e-05
1.678257500025211e-08;5.282845999463461e-08;4.489062000066042e-07;6.326840000110679e-05
1.705777500028489e-08;5.654185999883339e-08;4.524478000239469e-07;5.45296199969016e-05
1.6587820000131616e-08;4.704946000128985e-08;4.7217259998433294e-07;5.3312360000563784e-05
1.6411539999535307e-08;5.417202000389807e-08;4.3757940002251416e-07;5.796363999834284e-05
1.5460814999823926e-08;5.169968000263907e-08;4.3660519999684766e-07;5.597984000341967e-05
1.6832505000638776e-08;4.728660000255331e-08;4.4342559995129706e-07;5.483725999947637e-05
1.5965949998644647e-08;5.2965759998187424e-08;4.321541999815963e-07;5.3285080002387983e-05
1.6807039998820982e-08;4.94676599977538e-08;4.3309820001013577e-07;5.583779999869876e-05
1.6678625000349712e-08;4.786335999961011e-08;4.384703999967314e-07;5.126359999994747e-05
1.91509699987364e-08;5.868341999594122e-08;4.250906000379473e-07;5.212957999901846e-05
1.4788370000314898e-08;4.947048000176437e-08;4.3027360003907234e-07;5.7642220001434904e-05
1.7585395000060088e-08;5.903391999891028e-08;4.3344980000983926e-07;5.493198000476695e-05
1.9054174999473618e-08;5.300547999795526e-08;4.4124660000670703e-07;5.6823479995364325e-05
1.9699909999326336e-08;5.591095999698155e-08;4.6555219998117535e-07;6.035193999996409e-05
1.626014000066789e-08;5.326490000006743e-08;4.6748379996279256e-07;6.072785999858752e-05
1.6342325000732673e-08;5.676657999865711e-08;4.394040000042878e-07;5.8001199999125675e-05
1.617330500012031e-08;4.945980000193231e-08;4.210762000293471e-07;5.931635999586433e-05
1.9371165000484326e-08;5.131958000129089e-08;4.362352000316605e-07;4.9814639997202906e-05
1.7843359999824315e-08;5.612398000084795e-08;4.5763479999732226e-07;5.990330000058748e-05
1.9716120000521188e-08;5.3045139997266235e-08;4.3890700000338255e-07;5.64101199968718e-05
1.7132254999887665e-08;5.286542000249028e-08;4.355703999754041e-07;6.0192359995562585e-05
1.8741465000493918e-08;5.260875999811105e-08;4.768521999940276e-07;5.153759999666363e-05
1.859553000103915e-08;5.2892959996825085e-08;4.529935999889858e-07;5.2091620001010594e-05
1.695103500096593e-08;5.4911779996473344e-08;4.559536000015214e-07;5.418772000120953e-05
2.2286079998593777e-08;5.102423999924213e-08;4.356027999892831e-07;5.364761999808252e-05
1.7943464999552816e-08;5.0410660001216456e-08;4.3536860001040624e-07;5.60813199961558e-05
1.78878499995335e-08;5.021528000361286e-08;4.4483140000374986e-07;5.362584000104107e-05
1.6406749999441672e-08;5.8387899998342616e-08;4.305655999924056e-07;5.534157999791205e-05
1.834496999945259e-08;5.2055239997571334e-08;4.037785999826156e-07;5.828669999609701e-05
2.0484510000096635e-08;5.20952999999281e-08;4.3910700001288204e-07;5.490238000056706e-05
1.6738330000953283e-08;5.256298000458628e-08;5.209193999762647e-07;8.794110000017099e-05
1.7603190000227187e-08;5.41581200028304e-08;5.151021999772638e-07;7.401360000367276e-05
1.8021954999130686e-08;4.8315340001136065e-08;4.966824000002816e-07;7.795869999681599e-05
1.901196999970125e-08;5.287508000037633e-08;5.402866000076756e-07;7.829583999700844e-05
1.749963500042213e-08;5.0463900004979226e-08;5.153913999674842e-07;8.215785999782383e-05
2.127467000100296e-08;5.2349120000144465e-08;5.249706000322476e-07;8.775093999574893e-05
1.6149855000548996e-08;5.5767519999062645e-08;5.105337999993936e-07;7.156854000058956e-05
1.7673680000007154e-08;4.771982000092976e-08;5.16271400032565e-07;7.489651999785564e-05
1.7933884999365546e-08;4.678964000195265e-08;5.242991999839433e-07;6.795259999926201e-05
1.6231864999281242e-08;4.9819640000350774e-08;5.311444000108167e-07;7.682617999962531e-05
1.586340000067139e-08;4.927801999729127e-08;5.078119999961927e-07;7.327946000150405e-05
2.0359764999011532e-08;5.723246000125073e-08;5.514316000044346e-07;7.108358000405132e-05
1.6762930000550115e-08;4.893271999899298e-08;5.061839999980293e-07;7.08634999988135e-05
1.749098000000231e-08;5.041782000334933e-08;5.101923999609425e-07;7.696112000267022e-05
1.6743755000061356e-08;4.723419999936596e-08;4.990241999621504e-07;7.104287999682129e-05
1.4818609999201726e-08;5.0529840000672265e-08;5.268335999571718e-07;7.870269999839366e-05
1.7035305000899825e-08;4.7715320001589137e-08;5.213107999879867e-07;8.486237999750302e-05
1.5778634999878704e-08;4.978961999877356e-08;5.048827999853529e-07;8.014646000228823e-05
1.5601835001143627e-08;4.758939999737777e-08;5.10870199999772e-07;6.98023800039664e-05
1.5431374999752734e-08;4.9975760001689195e-08;5.367879999685101e-07;8.334885999793187e-05
1.6553914999531118e-08;5.012642000219785e-08;5.189734000014141e-07;6.956504000118002e-05
1.649306000035722e-08;4.879109999747015e-08;5.130177999963052e-07;7.366259999689646e-05
2.1513359999516977e-08;4.812028000014834e-08;5.114990000147373e-07;7.660441999905742e-05
1.6477319999830797e-08;4.916507999878377e-08;5.227715999935754e-07;7.561845999443903e-05
1.5789900001254865e-08;5.2926499996101485e-08;5.29141599952709e-07;7.3560199997155e-05
1.6258019999077077e-08;5.151712000370026e-08;5.268833999871277e-07;7.284906000131741e-05
1.546523500001058e-08;5.128557999851182e-08;5.438282000250183e-07;7.823708000360056e-05
1.6234964999603107e-08;4.976597999921069e-08;4.957076000282541e-07;7.581627999898046e-05
2.010842000017874e-08;6.343143999692984e-08;5.356985999969765e-07;7.505879999953322e-05
1.8635555000219027e-08;4.909756000270136e-08;5.343993999995291e-07;7.404255999717861e-05
1.59769400008372e-08;4.9194839998381214e-08;5.038530000019819e-07;7.483075999771245e-05
1.7714589998649897e-08;5.354784000082873e-08;5.246992000029423e-07;7.732054000371136e-05
1.6011665000405627e-08;4.892283999943174e-08;4.989622000139207e-07;7.477891999878921e-05
1.6167529999802355e-08;5.7984319998649883e-08;5.330071999924257e-07;7.575191999785601e-05
1.469286500068847e-08;4.687627999810502e-08;5.073016000096686e-07;7.622642000205816e-05
1.6686339999432677e-08;4.723686000215821e-08;5.517688000109047e-07;7.820187999750487e-05
1.736924999859184e-08;4.81804600043688e-08;5.152076000231318e-07;7.098665999947116e-05
1.6405029999441468e-08;4.6143960003973915e-08;5.005770000279881e-07;7.847234000219032e-05
1.5189414999622387e-08;5.885528000071645e-08;4.992637999821454e-07;7.493927999748849e-05
1.6298034999636003e-08;4.95448799978476e-08;5.232518000411801e-07;7.515304000116884e-05
2.2301465000782627e-08;5.2233259996864945e-08;5.370919999550096e-07;7.555075999698602e-05
1.726092000026256e-08;4.647413999773562e-08;5.330782000091858e-07;8.466684000450186e-05
1.6122619999805466e-08;5.096190000185743e-08;5.301762000308372e-07;7.193217999883927e-05
1.6722859999572393e-08;4.918074000161141e-08;5.395337999798357e-07;8.235176000162028e-05
1.6158464999170974e-08;4.615935999900103e-08;5.162020000279881e-07;8.09694199997466e-05
1.7924815000151285e-08;5.4782119998708366e-08;5.049513999838382e-07;7.246378000127151e-05
1.581941000040388e-08;5.202376000233926e-08;5.362701999838464e-07;8.258577999658883e-05
1.5392455000255724e-08;5.120648000156507e-08;5.703356000012719e-07;7.704823999665677e-05
1.6219509999791625e-08;5.1883459999226033e-08;5.033676000311971e-07;7.276167999953032e-05
1.7808225000044332e-08;5.1567100000102074e-08;5.353515999740921e-07;7.680009999894537e-05
1.77938599998015e-08;5.458250000374392e-08;5.437258000019938e-07;7.679420000058598e-05
1.6047074999369214e-08;5.620600000256672e-08;5.359915999579243e-07;8.257878000149503e-05
1.8872029999329244e-08;5.020007999846712e-08;5.24106600030791e-07;8.038648000219837e-05
1.807346499990672e-08;4.96828600007575e-08;5.32368200016208e-07;8.023991999798455e-05
1.9692390000273006e-08;5.268140000407584e-08;5.146289999829605e-07;8.126127999857999e-05
1.7073950001213234e-08;5.699579999782145e-08;5.181135999737307e-07;8.077898000483402e-05
1.718206499936059e-08;5.1737899996805936e-08;5.149875999777578e-07;8.233545999974013e-05
2.0223144999181387e-08;4.824076000368223e-08;5.494654000503943e-07;8.63022200006526e-05
1.741134000039892e-08;5.188280000002123e-08;5.271677999990061e-07;7.861263999948278e-05
2.094593000074383e-08;5.3637380001600834e-08;5.2039479999803e-07;7.416211999952793e-05
1.7175434999808203e-08;4.85234199964907e-08;5.184269999735988e-07;7.638754000072367e-05
1.7675014999986162e-08;5.5896220001159234e-08;5.188713999814354e-07;9.446069999830798e-05
1.686654500081204e-08;5.946444000001065e-08;5.423526000231505e-07;7.52012199955061e-05
1.8806909999693743e-08;5.557752000167966e-08;4.976250000181608e-07;9.021267999778502e-05
2.066311999951722e-08;5.319149999995716e-08;5.537769999937154e-07;8.022089999867604e-05
1.6691050000372344e-08;5.500426000216976e-08;5.272793999756686e-07;7.824594000121579e-05
2.05249000020558e-08;5.2660560002550485e-08;5.43143599992618e-07;8.145707999938167e-05
1.7675154999597e-08;5.1393100002314896e-08;5.672887999680825e-07;7.842162000015378e-05
2.0609464999870396e-08;4.697582000517286e-08;5.402950000134297e-07;7.950593999703414e-05
1.9456569998874328e-08;5.695722000091337e-08;5.16509999986738e-07;8.332186000188813e-05
1.5559969999594614e-08;5.624472000054084e-08;5.229102000012062e-07;7.660727999755182e-05
1.6654279999784193e-08;6.645718000363559e-08;5.331729999743402e-07;8.824096000171267e-05
1.7612454999471083e-08;5.513882000232115e-08;5.308398000197485e-07;7.799329999834299e-05
1.831763500085799e-08;5.428578000282869e-08;5.284730000421405e-07;7.55128999997396e-05
1.9108985000639223e-08;5.112511999905109e-08;4.978984000044875e-07;8.339373999624513e-05
1.5982595000241416e-08;5.2221079997252676e-08;5.15797600033693e-07;7.276680000359192e-05
1.78478849993553e-08;4.957574000000022e-08;6.018659999826923e-07;7.092804000130855e-05
1.7748545001086313e-08;5.327983999741264e-08;5.384066000115127e-07;7.487057999824174e-05
1.8221944999822882e-08;6.587016000412405e-08;5.186470000189729e-07;7.320649999892339e-05
2.1458729999721982e-08;5.276428000070155e-08;5.545434000086971e-07;8.455373999895528e-05
2.2776969999540597e-08;4.9331359995994714e-08;5.09444799972698e-07;7.353590000420809e-05
1.8141499999910592e-08;5.208332000183873e-08;5.2148739999393e-07;7.43352200021036e-05
1.8218410000554287e-08;5.099392000120133e-08;5.338691999786534e-07;7.516869999817573e-05
1.8275064999761525e-08;5.038395999581553e-08;5.383407999761402e-07;7.869883999810554e-05
1.7081184999551624e-08;4.6710860001621766e-08;5.16652200021781e-07;7.593592000193894e-05
1.6127269998833073e-08;5.474597999709658e-08;5.170690000522882e-07;7.193679999909363e-05
1.701630500028841e-08;4.954285999992862e-08;5.337330000475049e-07;7.119203999754972e-05
1.826807000034023e-08;4.884572000009939e-08;4.983050000155345e-07;6.820849999785423e-05
1.7194680000829977e-08;5.112251999671571e-08;5.113591999979689e-07;7.402040000306443e-05
1.577415500069037e-08;4.6582300000591205e-08;5.008001999813132e-07;7.42907399951946e-05
1.6544934999546966e-08;5.513191999634728e-08;5.407929999637418e-07;8.354393999907188e-05
1.560588499996811e-08;5.172022000188008e-08;5.057040000101552e-07;7.34619399998337e-05
1.7275209999934304e-08;4.9273080000421035e-08;4.976525999954902e-07;7.206862000166439e-05
1.6152860000147484e-08;4.840437999810092e-08;5.098575999727473e-07;7.163278000080027e-05
1.7890455000451766e-08;4.764741999679245e-08;5.164725999929943e-07;7.5753420003457e-05
1.7037054999673274e-08;5.2793799998471514e-08;5.233522000489756e-07;7.313891999656335e-05
2.0118159998673947e-08;4.758179999771528e-08;5.095645999535918e-07;8.308020000113174e-05
1.5151340000738855e-08;5.451999999932013e-08;5.239421999431215e-07;7.102303999708965e-05
1.5224374999525025e-08;5.731753999716602e-08;5.097677999874577e-07;8.584803999983706e-05
1.4309535000938922e-08;5.971316000213847e-08;5.158447999856435e-07;7.442414000397549e-05
1.7848634999245405e-08;7.675078000174835e-08;6.25224600022193e-07;9.355824000085704e-05
2.057265999901574e-08;6.774591999710538e-08;6.237205999786965e-07;8.659696000395343e-05
1.640420500043547e-08;7.769922000006773e-08;6.037101999972947e-07;9.881750000058674e-05
1.7517924999992828e-08;7.0636100001866e-08;6.001374000334181e-07;8.502391999936662e-05
1.7273679999925663e-08;8.103910000063479e-08;6.09422400011681e-07;8.912051999941468e-05
1.683317999995779e-08;7.526468000141904e-08;6.584898000000976e-07;9.931062000105158e-05
1.7112410000117962e-08;7.617548000416719e-08;6.063701999955811e-07;9.378283999976701e-05
1.6243090000352823e-08;6.724953999510035e-08;6.354859999846667e-07;9.37515199999325e-05
1.7998765000083948e-08;7.312452000332996e-08;6.12691399990581e-07;0.0001054095400031656
1.5577099999063648e-08;7.342367999954149e-08;6.32450399978552e-07;8.53666200011503e-05
1.8103389999305362e-08;6.709222000208683e-08;6.136159999878145e-07;9.18723199982196e-05
1.7134070000611246e-08;7.91683399991598e-08;6.221369999693707e-07;9.946061999653466e-05
1.738201999978628e-08;8.183864000020549e-08;6.220878000021912e-07;8.795658000162802e-05
1.7297059998963958e-08;6.52620000008028e-08;6.001325999968685e-07;0.00010051294000004418
1.570977499941364e-08;7.581911999732257e-08;6.058929999708198e-07;9.134672000072896e-05
1.6430145000049378e-08;6.784308000351302e-08;6.167503999895416e-07;9.493350000120699e-05
1.6213369999604766e-08;7.008071999880486e-08;6.103135999874211e-07;9.101598000270314e-05
1.492083999910392e-08;6.912546000094154e-08;5.886946000391617e-07;9.455916000297293e-05
1.6980780000449157e-08;7.510704000014812e-08;6.063523999764584e-07;8.828677999554202e-05
1.6002360000857153e-08;7.551959999836981e-08;5.972217999515124e-07;8.79917599959299e-05
1.601723000057973e-08;7.385674000252038e-08;6.034010000294074e-07;9.662449999595992e-05
1.6581560000486205e-08;6.482133999816142e-08;6.044891999918036e-07;8.41418199997861e-05
1.6940140000951942e-08;7.14664199971594e-08;6.261776000028476e-07;0.00010344785000779667
1.7647915000270587e-08;6.976299999514595e-08;6.102457999950275e-07;0.00011120065000432077
1.7539584999030922e-08;7.047224000561982e-08;6.110393999842927e-07;8.462888000067323e-05
1.6194744998938405e-08;6.34111599996686e-08;6.153784000198357e-07;0.00010081375000299886
1.4886344999831635e-08;8.465572000131943e-08;5.953622000524774e-07;9.761701999814249e-05
1.570206500036875e-08;7.062866000342183e-08;6.241630000295117e-07;0.00010316529999836348
1.833642499987036e-08;6.995063999784179e-08;6.557844000053592e-07;9.999079999979586e-05
1.794252500112634e-08;6.985859999549575e-08;6.11681199981831e-07;8.818101999931969e-05
1.7105820000870154e-08;6.547212000004948e-08;6.109202000079677e-07;0.00010262179999845102
1.7188639999949374e-08;6.728949999669567e-08;6.089806000236422e-07;8.999466000241228e-05
1.6252285000518894e-08;6.161940000019967e-08;6.151371999876573e-07;9.401381999487057e-05
1.7165010000462644e-08;8.23247199994512e-08;6.132803999935277e-07;0.0001011873499955982
1.55149900005199e-08;6.731121999910101e-08;5.974984000204131e-07;9.287333999527619e-05
1.6966400000092108e-08;6.869707999867387e-08;6.561455999617465e-07;0.0001083795500017004
1.6290255000058095e-08;7.061871999758296e-08;6.161599999759346e-07;0.00010250495000218507
1.709125000052154e-08;8.407976000453345e-08;6.214192000334151e-07;9.354010000242851e-05
1.7165224999189377e-08;7.173078000196255e-08;6.013551999931224e-07;8.598950000014156e-05
1.848390999948606e-08;7.223974000080488e-08;6.217086000251583e-07;0.00010239717999938876
1.7556645000877323e-08;7.647238000063226e-08;6.196351999533363e-07;9.886026000021957e-05
1.896912499942118e-08;7.296540000243113e-08;6.286870000185445e-07;0.00010061974000418558
1.6038734999892768e-08;7.163393999799155e-08;5.872150000068359e-07;9.204720000270755e-05
1.840680000022985e-08;7.054325999924913e-08;6.085076000308618e-07;0.0001065412500029197
1.6044555000553373e-08;7.088349999976344e-08;5.870827999897301e-07;0.00010026339999749326
2.0498069998575375e-08;6.838340000249445e-08;6.220206000143662e-07;0.00010274883999954908
1.8239674999495038e-08;7.781104000168853e-08;6.001481999992393e-07;0.00010642910000751726
1.6848184999253134e-08;6.890235999599099e-08;6.155573999858461e-07;8.847404000116512e-05
1.635725500091212e-08;7.311740000150167e-08;6.281310000340454e-07;0.00011293685001146514
1.5599015000043438e-08;6.421517999842763e-08;6.023339999956078e-07;0.00010901294999348465
1.635958999977447e-08;6.800608000485226e-08;6.225544000044466e-07;9.812159999855794e-05
1.770749999996042e-08;7.774217999540269e-08;6.209675999707542e-07;9.107100000255741e-05
1.686090000002878e-08;7.050047999946401e-08;6.137822000309825e-07;9.284340000012889e-05
1.5663374999712687e-08;6.548546000267379e-08;6.005174000165425e-07;9.35518599988427e-05
1.6703650000272317e-08;6.819529999629594e-08;6.303362000035122e-07;8.84773799974937e-05
1.711510500026634e-08;6.92100600048434e-08;5.827622000360861e-07;9.341705999686383e-05
1.698173500044504e-08;6.893891999498009e-08;6.268854000372812e-07;9.486325999605469e-05
1.70901950012194e-08;6.988676000037231e-08;6.162954000174068e-07;0.00010069832000299356
1.5984505000233184e-08;7.979477999615483e-08;6.26066200027708e-07;0.00011363664999953471
1.8483180001203437e-08;8.212501999805681e-08;6.102827999857255e-07;9.370078000356444e-05
2.0569510001223533e-08;7.914488000096754e-08;6.156998000224121e-07;9.293277999968268e-05
1.790534000028856e-08;7.168086000019684e-08;6.524762000190094e-07;9.180729999789036e-05
2.034644999948796e-08;7.365283999824896e-08;6.312811999814584e-07;0.00010430580000684132
1.571801499958383e-08;7.536242000060156e-08;6.281656000064686e-07;0.00010039170000236481
1.7909674999827985e-08;7.001845999620855e-08;6.040478000068106e-07;0.00011485625000204892
1.6119235000223854e-08;7.350971999694593e-08;6.013899999670684e-07;0.00010344390000682324
1.5188605000730603e-08;7.330710000242106e-08;6.306074000312947e-07;0.0001132892999885371
2.2047259999089875e-08;7.614686000160874e-08;6.147855999879539e-07;0.00012978735000069718
1.8712079999386333e-08;6.841410000342876e-08;6.54861000017263e-07;0.00010997740000311751
1.723494499892695e-08;8.781604000250809e-08;6.380779999890364e-07;0.00010581641999888234
1.8134450000070502e-08;6.78360799967777e-08;6.162499999627471e-07;0.00010577069999999366
1.7039980000117793e-08;7.89654799969867e-08;6.437070000101812e-07;9.152828000369481e-05
1.7027560000133236e-08;7.453328000265174e-08;6.587382000288926e-07;9.300286000361666e-05
1.6377339999598918e-08;7.653980000177399e-08;6.445887999725528e-07;9.156099999672734e-05
1.7614944999513682e-08;8.264390000258573e-08;6.288246000185609e-07;9.327540000085719e-05
1.914822499966249e-08;7.523838000488467e-08;6.03713600023184e-07;0.00010448300000280142
1.65277000007336e-08;6.828367999987677e-08;6.094499999890104e-07;0.00010379575000843033
1.5580269999918527e-08;6.795917999697849e-08;6.020852000219747e-07;9.79987800004892e-05
2.1198805001040455e-08;7.285795999923721e-08;5.962543999776244e-07;0.0001299146999954246
1.5234284999314695e-08;7.134452000027522e-08;5.95167399966158e-07;0.00010197965000406839
1.54558399997768e-08;6.525458000251092e-08;6.044248000252992e-07;9.32463800010737e-05
1.6369075000693554e-08;6.86342799977865e-08;5.846825999906286e-07;9.664627999882214e-05
1.7294274999585468e-08;7.178397999959997e-08;6.10830600024201e-07;9.10416200000327e-05
1.759839500009548e-08;7.137423999956809e-08;5.745180000085383e-07;9.094348000362516e-05
1.6056870001193603e-08;7.105560000054539e-08;6.073966000112705e-07;9.237488000071608e-05
1.7105454999546056e-08;7.097900000517257e-08;6.415454000234603e-07;9.4440559996292e-05
1.5563870000187308e-08;7.286457999725826e-08;5.994554000208154e-07;9.20726599986665e-05
1.7483114999777173e-08;6.985486000194215e-08;6.00953200017102e-07;8.588456000434234e-05
1.6239754999696742e-08;7.327934000059031e-08;5.97749600012321e-07;0.00010082669999974315
1.562305500119692e-08;7.327647999627515e-08;6.112710000015795e-07;9.757669999962672e-05
1.697139000025345e-08;7.871148000122049e-08;6.159956000046804e-07;9.945966000086628e-05
1.6064274999371266e-08;6.895051999599672e-08;5.939663999597542e-07;9.470776000525803e-05
1.7172430000209715e-08;7.138837999664247e-08;6.081550000235438e-07;9.36959599959664e-05
1.5823585000180173e-08;6.856877999962308e-08;6.746426000026986e-07;9.296922000357881e-05
1.6236210000352003e-08;6.738752000383101e-08;6.021712000365369e-07;9.157017999677919e-05
1.633183999947505e-08;6.381660000188276e-08;6.118682000087574e-07;9.965166000183672e-05
1.6677000001072884e-08;7.087873999844305e-08;6.518715999554842e-07;9.488450000062584e-05
1.6853909999190363e-08;6.957913999794982e-08;6.193020000355319e-07;9.112450000247918e-05
1.542665000015404e-08;7.280406000209041e-08;6.116334000253118e-07;9.630416000145488e-05
1.7879044999426696e-08;7.201291999663226e-08;5.95770200015977e-07;9.080535999964923e-05
1.5565655000682455e-08;4.840410000178963e-08;4.295748000149615e-07;1.844816999946488e-06
1.621358499978669e-08;4.7320159996161234e-08;4.092371999868192e-07;1.858907999994699e-06
1.617952999949921e-08;4.7348220000276343e-08;4.0039540000725537e-07;1.8699344999913593e-06
1.580773999885423e-08;5.6260900001507253e-08;3.9385629998287186e-07;1.995730500057107e-06
1.5789570000197272e-08;5.663659999845549e-08;4.103733999945689e-07;1.832429000060074e-06
1.702184000023408e-08;4.656902000424452e-08;4.0100330000859687e-07;1.7727519999607465e-06
1.667202999960864e-08;4.935218000318855e-08;4.123173999832943e-07;1.7815859999973327e-06
1.5406704999622887e-08;5.318983999895863e-08;3.9269300000160003e-07;1.8358934999560007e-06
1.807023500005016e-08;5.117886000080034e-08;4.095509999897331e-07;1.8633055000100285e-06
1.67186299993773e-08;5.731500000110828e-08;4.238438000320457e-07;1.9148609999683685e-06
1.8734990000666584e-08;5.004392000264488e-08;4.1347159998258573e-07;1.7731185001321136e-06
1.6279070000746288e-08;4.870247999788262e-08;4.024554000352509e-07;1.8459410000650679e-06
1.8355919999885373e-08;5.326366000226699e-08;4.059861999703571e-07;1.799841999891214e-06
1.7124184999556745e-08;5.129247999866493e-08;4.189300000143703e-07;1.867162999988068e-06
1.748823999951128e-08;5.042497999966145e-08;4.044856999826152e-07;1.8176614999538287e-06
1.658605999982683e-08;4.8809140000957996e-08;4.013083999743685e-07;1.938742999918759e-06
1.7727274999197108e-08;5.2569559996481987e-08;4.5469479996245357e-07;1.7750279999745544e-06
1.9556990001001396e-08;4.8870639997767286e-08;4.0408160001970827e-07;1.8657205000636169e-06
1.6911100001016165e-08;5.858178000198677e-08;4.044206000398844e-07;1.8924129998777062e-06
1.9872849999228492e-08;5.558768000337295e-08;4.073160000261851e-07;1.7780634999508038e-06
1.747713500080863e-08;5.156386000453495e-08;4.377610000083223e-07;1.8270074999600183e-06
1.8194004999531897e-08;5.347216000081971e-08;4.069995999452658e-07;1.8242459998873527e-06
1.6670480000902898e-08;5.0430620001861826e-08;4.1743039997527375e-07;1.7803799999819603e-06
1.645275499904528e-08;5.467852000147104e-08;4.440317999687977e-07;1.9169284999952654e-06
1.6123324999352916e-08;4.965612000087276e-08;4.4398480001837016e-07;2.069391499971971e-06
1.700272500020219e-08;5.521593999583274e-08;4.05266500019934e-07;1.8663229999947361e-06
1.656986999878427e-08;4.947225999785587e-08;4.2472360003739597e-07;1.7932874998950865e-06
1.7043544999614823e-08;5.0508719997014853e-08;4.1782520001288505e-07;1.9800854999630247e-06
1.523849000077462e-08;4.841188000282273e-08;4.0390919998753816e-07;2.0280500000808387e-06
2.0564820000436157e-08;5.165569999953732e-08;4.0856340003665535e-07;1.8109040000126697e-06
1.638832500029821e-08;5.4272159998072314e-08;4.0638359996955843e-07;1.8383834999985993e-06
1.6415609999967274e-08;5.4073199996491895e-08;4.021608000039123e-07;2.0836079999571664e-06
1.6200684999057556e-08;5.445292000076734e-08;4.2334360000677405e-07;1.8437735000043176e-06
1.7212990000552964e-08;4.7404599998844784e-08;4.1105019999668e-07;2.0842189999530093e-06
1.5475594998861196e-08;5.175768000190146e-08;4.0729100001044573e-07;1.8504415001370945e-06
1.7300424999848473e-08;5.0952740001957867e-08;3.988258000172209e-07;1.8784495000727475e-06
1.7037919998983853e-08;5.5192379996879025e-08;3.9467459998559206e-07;1.826788500038674e-06
1.755018499970902e-08;4.671889999881387e-08;4.032770000048913e-07;1.8997999999555759e-06
1.742151499929605e-08;4.8796699999365957e-08;4.087725999997929e-07;1.8384085000434424e-06
1.6893410000193398e-08;5.57903399982024e-08;4.067305999924429e-07;1.919855500018457e-06
1.779254499997478e-08;5.03084999974817e-08;4.0781579999020324e-07;1.8648960000427906e-06
1.8243169999914242e-08;5.4809220001334324e-08;4.370599999674596e-07;1.7549680000229274e-06
1.7763634999573696e-08;5.561389999929815e-08;4.2432440002448857e-07;1.922698999987915e-06
1.755115500127431e-08;5.071987999835983e-08;4.0262520001851953e-07;1.8412590000662022e-06
1.6595634999976026e-08;5.4433860001154246e-08;4.0120619995286686e-07;1.8726985000830608e-06
1.7535800000769087e-08;5.058204000233673e-08;4.0403099998366087e-07;1.7588145000627265e-06
1.8457635000231675e-08;4.951793999643996e-08;4.300441999803297e-07;1.9007615000009537e-06
1.6936230000283105e-08;5.006395999807864e-08;4.1214319999562576e-07;1.9326094999269117e-06
1.7683455000224056e-08;5.3605499997502196e-08;4.140437999740243e-07;1.812253999960376e-06
1.77541699988069e-08;5.572001999826171e-08;4.258613999700174e-07;1.8989080000028479e-06
1.9822010000643785e-08;5.721330000087619e-08;4.2072460002964365e-07;1.8292384999222122e-06
2.0111855000141076e-08;5.042340000509284e-08;4.056924000033177e-07;1.829680500086397e-06
1.5571695000107865e-08;5.041503999964334e-08;4.2751979996683074e-07;1.8972409999696539e-06
1.6544865000469144e-08;5.4943279997678476e-08;4.0783580002607775e-07;1.9051305000903084e-06
1.869169999990845e-08;5.844441999797709e-08;4.236418000073172e-07;1.8882830000075047e-06
1.5080785000463948e-08;5.181958000175655e-08;4.2040840000845493e-07;1.9690819999959786e-06
1.6774145000090356e-08;5.088267999817617e-08;4.356801999965683e-07;1.828973999945447e-06
1.593040000007022e-08;4.730812000343576e-08;4.344361999537796e-07;1.9449044999782927e-06
1.639930499950424e-08;5.309074000106193e-08;4.300647000200115e-07;2.131904999841936e-06
1.637217499956023e-08;5.556458000210114e-08;4.1146699999808336e-07;2.044535000168253e-06
1.9213814999966416e-08;5.0844279996817934e-08;4.2375539999920873e-07;2.0143789998837746e-06
1.689607000007527e-08;5.192946000024676e-08;4.3342720001237467e-07;1.8555184999422635e-06
1.6593569998804014e-08;5.040764000150375e-08;4.1470140000456013e-07;1.8712410000443924e-06
1.8186510000668933e-08;4.9700339999981224e-08;4.148445999599062e-07;1.7950615000154358e-06
1.7258240000228396e-08;5.128545999759808e-08;4.3093420000514016e-07;1.7733874999976251e-06
1.877933500072686e-08;5.340336000081152e-08;4.22050199995283e-07;2.0357954999781214e-06
1.6005854999821168e-08;4.892760000075214e-08;4.211601999704726e-07;2.035421500040684e-06
2.0791880000615492e-08;5.077638000366278e-08;4.267149999504909e-07;2.0195934998628216e-06
1.7274280000128782e-08;5.084740000311285e-08;4.002543999813497e-07;1.8471664999378844e-06
1.6908520000288264e-08;4.930666000000201e-08;3.991552000225056e-07;1.8275639999774284e-06
1.5153775000362658e-08;5.3369199996814134e-08;4.198122000088915e-07;2.0926659999531695e-06
1.7216840000764933e-08;5.4725259996484964e-08;4.073825000086799e-07;1.8006025000067893e-06
1.5872564999153837e-08;5.0624699995387345e-08;4.0495960001135244e-07;1.7791610000131187e-06
1.6222030000062658e-08;4.839600000414066e-08;4.1567429999122394e-07;1.894256000086898e-06
1.7481144999328534e-08;4.996968000195921e-08;4.060129999998026e-07;1.8571494999923743e-06
1.6315290000056848e-08;5.025786000187509e-08;4.034036000375636e-07;1.733319499908248e-06
1.5997069999866652e-08;4.9264020001282914e-08;3.9264589999220334e-07;1.7858044999593402e-06
1.692036000022199e-08;5.161237999564037e-08;4.0126439998857676e-07;1.780192000005627e-06
1.8102029999135992e-08;4.7235140000702816e-08;4.0483780001522974e-07;1.8379694999021013e-06
1.640185999858659e-08;4.790531999897212e-08;4.0196939994348214e-07;1.8157865000830497e-06
1.5873435001412873e-08;4.660304000135511e-08;4.2961220000870526e-07;1.944134500081418e-06
2.4487809999845922e-08;5.0114320003194734e-08;4.079436000320129e-07;1.9264765000843907e-06
1.5664929999911693e-08;5.083790000062436e-08;4.210947999963537e-07;1.7542120000871364e-06
1.728043000039179e-08;5.368670000461861e-08;4.171317999716848e-07;1.8027004999748897e-06
1.795774500060361e-08;5.017050000024028e-08;4.2301900003803894e-07;1.8908804999955465e-06
1.6550479999568778e-08;5.272230000118725e-08;3.987611000193283e-07;1.9172565000189935e-06
1.7881080000370275e-08;5.728986000176519e-08;4.128290000371635e-07;1.8457070000295061e-06
1.559245499956887e-08;4.7684519999893385e-08;4.0598080004565415e-07;1.9253330001083667e-06
1.6485799998918083e-08;5.6907399999909106e-08;4.192378000007011e-07;1.7942515001050198e-06
1.7475730000296608e-08;5.4026839998550713e-08;4.115237999940291e-07;1.9844155000464525e-06
1.6404945000249427e-08;5.055611999705434e-08;4.286430000211112e-07;2.041280999983428e-06
1.674944999977015e-08;4.984750000294298e-08;4.2085019999649376e-07;1.9523144999402575e-06
1.5236755000660197e-08;5.465477999532595e-08;4.121178999776021e-07;1.9562869999208487e-06
1.7901905000326223e-08;5.2751280000666155e-08;4.018925999989733e-07;1.9007330000749789e-06
1.5844395000021903e-08;4.976100000203587e-08;4.1985609999392184e-07;1.8417159999080468e-06
1.5673955000238494e-08;5.15213800012134e-08;4.0680480003356936e-07;1.812420500064036e-06
1.7785935000574682e-08;5.089997999602929e-08;4.255068000056781e-07;1.9375730000319892e-06
1.6870039999776053e-08;5.087575999787077e-08;3.87389700015774e-07;2.0483919998514465e-06
1.5434700000332668e-08;4.855914000072516e-08;4.239445999846794e-07;1.822876499936683e-06
1.5318669998669067e-08;5.0179579999530686e-08;4.040982000005897e-07;1.7976835000445135e-06
1.625728499930119e-08;4.761109999963083e-08;6.145280000055209e-07;0.00010738054999092129
1.6477789999044034e-08;4.8380660003749655e-08;5.85317200049758e-07;9.446393999969587e-05
1.7148780000570695e-08;4.9295960000017656e-08;5.53345000022091e-07;9.587246000301092e-05
1.620165500062285e-08;5.1910739997401836e-08;5.746599999838508e-07;9.526975999469868e-05
1.574271499994211e-08;5.633504000143148e-08;6.022532000206411e-07;0.00010055318000377156
2.1488369998405688e-08;4.647498000413179e-08;5.979344000224956e-07;0.00010400059999665245
1.6140974999871106e-08;5.405360000440851e-08;5.680958000011742e-07;0.00010073010000633076
1.5417660000093746e-08;4.615208000177518e-08;5.641916000167839e-07;9.576291999546811e-05
1.7715155000041703e-08;5.088830000022426e-08;5.910230000154115e-07;9.957781999837607e-05
1.8775779999850785e-08;5.3359960002126175e-08;5.871072000009007e-07;0.00010306867999606766
1.6484670000500046e-08;5.473808000097051e-08;5.963834000285715e-07;0.00010628235001058784
1.71430499991402e-08;5.202869999920949e-08;5.888075999682769e-07;9.734799999860115e-05
2.0186885001021436e-08;5.3597899997839704e-08;6.001995999831706e-07;0.00010657975999638439
1.5934445000311826e-08;5.505728000425734e-08;5.765421999967657e-07;0.00010057905999710783
1.5756695000163744e-08;5.472177999909036e-08;5.891166000510566e-07;9.440317999687977e-05
1.5986855000664947e-08;5.477641999605112e-08;5.755260000005364e-07;9.764968000235968e-05
1.6158465000626167e-08;5.106599999708123e-08;5.887801999924705e-07;9.372017999994568e-05
1.729951500019524e-08;4.764757999801077e-08;5.910162000218407e-07;0.0001041008000029251
1.7964679999568033e-08;5.2828900003805756e-08;5.938403999898583e-07;9.795308000175282e-05
1.8935975000204052e-08;5.552076000021771e-08;6.275899999891408e-07;0.00010104510000383016
1.6825774998869746e-08;5.0355160003528e-08;5.593651999952271e-07;0.00010580109999864363
1.5530129999388008e-08;4.8675460001686587e-08;6.146417999989353e-07;0.00011089974999777041
1.5452450000157114e-08;4.951106000225991e-08;5.853659999556839e-07;0.00010278425000433345
1.8270199999096803e-08;5.597465999890119e-08;5.826109999907203e-07;0.00010790414999064523
1.642763500130968e-08;4.810255999909714e-08;5.760739999823272e-07;0.00011108585000329186
1.5605355000298004e-08;5.701064000022598e-08;5.775707999709993e-07;9.390090000233613e-05
1.555950500041945e-08;4.92621399986092e-08;5.785902000498027e-07;0.00010322529999539256
1.6824099999212194e-08;5.168122000177391e-08;5.616680000093766e-07;0.00010145119999651796
1.6951874998630955e-08;5.0755199999548496e-08;5.685678000445477e-07;0.0001051863000029698
1.8067025000345894e-08;4.920854000374675e-08;5.802493999945e-07;0.00011128137999912724
1.722408500063466e-08;4.656307999975979e-08;5.715438000042922e-07;9.998539999942295e-05
1.6735944998799825e-08;4.787518000230193e-08;5.674379999982193e-07;9.930315999663434e-05
1.676113499997882e-08;5.688521999982186e-08;5.9464740002295e-07;9.381732000038028e-05
2.0235539998975582e-08;5.35511999973096e-08;5.9499599999981e-07;0.00010583711999934166
1.770595499983756e-08;5.113370000035502e-08;5.707133999676444e-07;0.00010945389998960309
1.8030574999284e-08;5.327631999971345e-08;5.950361999566667e-07;0.00010107235999894328
1.5789760000188836e-08;4.771878000465222e-08;5.652692000148818e-07;9.60832400014624e-05
1.5335760000743902e-08;4.60863399959635e-08;6.022888000006788e-07;9.595546000055037e-05
1.7426574999990406e-08;5.170123999705538e-08;5.784475999535062e-07;0.00010207579999405425
1.8336304998956622e-08;4.726379999774508e-08;5.798222000012174e-07;0.00010169919999316335
1.521223000017926e-08;5.128130000084639e-08;5.766710000461898e-07;9.421277999645099e-05
1.5822324999317062e-08;4.695621999562718e-08;5.60951599967666e-07;9.887907999800518e-05
1.6875730000901966e-08;4.715625999961048e-08;5.754822000162676e-07;9.782919999561272e-05
2.005222000007052e-08;5.083075999864377e-08;5.616242000251077e-07;9.195000000181608e-05
1.590544999926351e-08;4.653071999782696e-08;5.562170000048354e-07;9.766010000021197e-05
1.5873999999894293e-08;4.820155999623239e-08;5.785653999773785e-07;0.00010169991999864578
1.7553220000991133e-08;5.1301759999478236e-08;5.836102000321261e-07;0.00010145760000450536
1.7297170001256746e-08;5.442778000142425e-08;6.054827999905683e-07;0.00010301784999319353
1.60384549992159e-08;5.282098000170663e-08;5.803164000390097e-07;0.00010819160001119598
1.631411999987904e-08;4.951349999755621e-08;5.902393999858759e-07;9.880709999706596e-05
1.664679499954218e-08;4.849387999856845e-08;5.777219999581575e-07;9.690579999587499e-05
1.5691230000811628e-08;5.134607999934815e-08;6.058683999581262e-07;0.00010060299999895506
1.637324999901466e-08;5.931476000114344e-08;5.765830000163987e-07;9.525729999877513e-05
1.6119980000075884e-08;5.415116000222042e-08;5.675688000046648e-07;9.909413999994286e-05
1.6353029999299905e-08;5.0012400001287463e-08;5.812051999964751e-07;9.420317999902181e-05
1.6808355000102893e-08;5.4045120003866034e-08;6.012528000283055e-07;9.688360000145622e-05
1.6563714999938382e-08;5.2661519998218866e-08;5.762792000314221e-07;9.666051999665797e-05
1.7966355000680777e-08;5.147409999626689e-08;5.957554000196978e-07;9.868309999583289e-05
1.5955620000022465e-08;5.2015240001492204e-08;5.8685580000747e-07;9.909833999699913e-05
1.570087500003865e-08;4.912647999590263e-08;6.236430000280962e-07;0.00010229642000049353
1.588177499943413e-08;4.97884200012777e-08;6.043688000063412e-07;9.510100000188686e-05
1.6977054999733808e-08;4.936961999628693e-08;5.615522000007331e-07;9.892676000017673e-05
1.639306500001112e-08;5.4507059999741614e-08;6.017599999904632e-07;9.310960000148043e-05
1.8813019999652168e-08;4.929622000199743e-08;5.717257999931462e-07;0.00010163281999994069
1.5938370001094882e-08;5.3667440003482624e-08;5.94034199952148e-07;9.288223999901675e-05
1.8491935000929516e-08;4.815139999845996e-08;5.801111999899149e-07;0.00010212105999817141
1.9668380000803153e-08;5.222883999813348e-08;6.112230000435375e-07;0.00011424260000057984
1.706304499966791e-08;5.231278000283055e-08;5.789744000067003e-07;0.0001045752200006973
1.6871919999539388e-08;4.886306000407785e-08;5.852580000064336e-07;9.452439999440685e-05
1.6856995000853202e-08;5.0173700001323595e-08;6.191534000099636e-07;9.757146000047214e-05
1.6623160000017378e-08;5.165393999777734e-08;5.898239999660291e-07;0.00010158499999670311
1.7860519999521783e-08;4.975008000037633e-08;5.80528599966783e-07;9.894921999657527e-05
1.5227570000570266e-08;5.145446000387892e-08;5.792040000087581e-07;9.531238000490703e-05
1.9957495000562632e-08;5.3098379995208234e-08;5.922916000126861e-07;0.00010293120000278577
1.83454250000068e-08;5.367626000079326e-08;6.178795999730937e-07;0.00010715725000773091
1.657711999869207e-08;5.248435999965295e-08;5.898665999993681e-07;0.00010483940000995062
1.8073185000685043e-08;5.188457999611274e-08;6.259647999540903e-07;0.00010440048000309617
2.1781279999413527e-08;5.0739399995654824e-08;5.898832000093535e-07;0.00010462085000472143
1.8796505000500475e-08;5.922840000130236e-08;5.896608000039123e-07;0.0001048865500051761
1.6864864999661222e-08;5.3116579999914394e-08;5.977761999820359e-07;9.929565999773331e-05
1.6775024999515154e-08;4.805786000215448e-08;5.974923999747262e-07;9.93806799990125e-05
1.740986999939196e-08;5.2859020000323656e-08;5.888475999818184e-07;0.00010650419999728911
1.8543805000081194e-08;4.951640000217594e-08;5.867955999565311e-07;0.00010042740000062621
1.8310709999059328e-08;5.449134000227787e-08;5.685178000130691e-07;0.00010507315999711864
1.5461849998973775e-08;5.98444200004451e-08;5.679818000062369e-07;0.00010209382000030018
1.8143740000959953e-08;4.704344000201672e-08;6.069311999599449e-07;0.00010888420000264887
1.576638500118861e-08;5.20007400016766e-08;5.639945999719202e-07;0.00010257829999318346
1.755632999993395e-08;4.9247359996661545e-08;5.868215999798849e-07;9.422357999719679e-05
1.5958365000551568e-08;4.489420000463724e-08;5.783959999680519e-07;9.609548000153154e-05
1.6545859999314416e-08;5.615128000499681e-08;6.001311999862083e-07;0.00010423154999443796
1.440118999889819e-08;5.902566000004299e-08;6.016367999836803e-07;0.00010463382000452839
1.6294600001128856e-08;5.071825999766588e-08;5.838492000475526e-07;9.516748000169173e-05
1.8248555000172928e-08;4.9596880003809927e-08;5.873111999826506e-07;9.783906000084244e-05
1.6387800000666175e-08;5.2578019996872174e-08;5.868372000404634e-07;0.00010043031999957748
1.8040119999204762e-08;5.7554019999224694e-08;6.005392000079155e-07;0.00010458749999816064
1.804162000044016e-08;5.0497400003951045e-08;5.717976000159979e-07;0.00010013262000284157
2.009932000073604e-08;5.1042720000259575e-08;5.828239999827929e-07;0.00010223088000202552
1.9846485000743996e-08;5.169001999893226e-08;6.10456999973394e-07;0.00010704810000606812
1.679203000094276e-08;6.077948000165635e-08;5.866817999631167e-07;0.00010038504999829456
1.6663140000309796e-08;5.2748160000192e-08;6.217130000004545e-07;0.00010226610000245273
1.6687494999496265e-08;6.465972000150941e-08;7.73146599996835e-07;0.00017523489998711738
1.7984435000107623e-08;5.209751999936998e-08;7.3992179997731e-07;0.00017288155001006088
1.9462799999746495e-08;6.15522800013423e-08;7.525301999994553e-07;0.00017271184999844991
2.000018499966245e-08;5.655343999969773e-08;8.064655999769456e-07;0.00019390775001375005
2.0100040000397713e-08;5.712008000118658e-08;7.794844000018201e-07;0.00017767564998939634
2.3025339999003335e-08;5.696855999995023e-08;7.72309799969662e-07;0.00017895874999521765
1.62208149995422e-08;5.366338000167161e-08;8.206843999796547e-07;0.00021926060001715086
2.1159774999250657e-08;5.38258200045675e-08;7.890486000105738e-07;0.00018596260000776964
1.7662810000183528e-08;5.6081940000876785e-08;7.826376000302843e-07;0.00017130985000403598
1.650068500021007e-08;4.666723999544047e-08;7.518547999789007e-07;0.00016680880000058095
1.651930999942124e-08;5.849969999981113e-08;7.480164000298828e-07;0.0001871870999893872
1.6738720001012554e-08;5.598193999612704e-08;7.492885999963619e-07;0.00017057930000009946
1.5730264999729116e-08;4.684068000060506e-08;7.74822800012771e-07;0.0001743193500005873
1.7294220000621864e-08;5.0139640003908424e-08;7.64075800019782e-07;0.0001866473000118276
1.6565429999900515e-08;5.2913099998841065e-08;7.567204000079072e-07;0.0001735521999944467
1.7970310000237078e-08;4.9339879996841777e-08;7.700495999888517e-07;0.00017653255000186618
1.8565435000346044e-08;5.329311999958009e-08;7.693779999972321e-07;0.00017626215000927914
1.684120999998413e-08;5.2284960000542923e-08;8.249072000035085e-07;0.00019428379999590105
1.7406170000322162e-08;5.984191999887116e-08;7.72121399990283e-07;0.000201244099996984
1.6466059999947903e-08;4.6902740001678465e-08;7.695880000246689e-07;0.0001873704500030726
1.7821990000084044e-08;4.865412000217475e-08;7.687665999983438e-07;0.00017855169999529607
1.650678000005428e-08;4.928466000128537e-08;7.806782000116072e-07;0.00016780034999828785
1.5556954999919982e-08;5.668403999879956e-08;7.600834000040777e-07;0.00016753575000620912
1.5209829999366774e-08;4.603578000096604e-08;7.753340000053868e-07;0.0001797497000079602
1.5014055000210645e-08;4.641502000158653e-08;7.447999999858439e-07;0.00018072629999369382
1.5012500000011643e-08;5.0333300000056627e-08;7.372099999920465e-07;0.00017049874999793246
1.7094210001232567e-08;5.4383059998508544e-08;7.675167999695986e-07;0.00017083180000190622
1.6316730000835376e-08;5.492416000342928e-08;7.966240000096149e-07;0.0001781300500006182
1.5812910000386183e-08;4.964916000026278e-08;7.431069999583997e-07;0.00017318060000252444
1.6389675000391434e-08;4.6673240000382066e-08;7.401658000308089e-07;0.00017022309999447315
1.6075010001077317e-08;5.6412060000002384e-08;7.711222000070848e-07;0.00016660129999218043
2.0439339999575168e-08;5.495195999974385e-08;8.104049999965355e-07;0.0001741689999907976
1.5840814998955466e-08;4.835130000137724e-08;7.686179999727756e-07;0.00017972324999573176
1.743587499950081e-08;4.789287999738008e-08;7.753095999942161e-07;0.00016447629999311175
1.5950865000195335e-08;5.046889999648556e-08;7.487127999775111e-07;0.00016191924999293405
1.5091469998878893e-08;5.212725999881513e-08;7.450907999882475e-07;0.00018172634999791626
1.5722960000857712e-08;4.967493999865837e-08;7.928552000084891e-07;0.0001697615000011865
1.6743444999156053e-08;5.038447999977507e-08;7.529278000001795e-07;0.0001678972500085365
1.6199495000182652e-08;4.824522000271827e-08;7.924179999972694e-07;0.0001755622499913443
1.6307604999747127e-08;5.120112000149675e-08;7.661853999597952e-07;0.0001720878000051016
1.775684000022011e-08;4.7187760000815615e-08;7.581775999860838e-07;0.00018520750000607222
1.6232529999979307e-08;4.932316000340506e-08;7.564756000065245e-07;0.00017078505000972654
1.5136319999874103e-08;4.892573999823071e-08;7.470066000241786e-07;0.00016766039999492933
1.6752514999825507e-08;5.2141039998969065e-08;7.580981999635697e-07;0.0002192466999986209
1.5438574999279807e-08;4.9851060000946745e-08;7.705171999987215e-07;0.00017255620000651106
1.6023750000749715e-08;5.309844000148587e-08;7.748007999616675e-07;0.0001729786500072805
1.507904000027338e-08;5.039609999512322e-08;7.727009999798611e-07;0.0001921802500000922
2.269854000187479e-08;5.0739759998396037e-08;7.739675999619067e-07;0.00018652485001075547
1.830237000103807e-08;5.310466000228189e-08;7.79413599986583e-07;0.00018420079999486916
1.766992500051856e-08;5.5831639998359606e-08;7.928726000245661e-07;0.0001843399499921361
1.861650500068208e-08;4.894754000124521e-08;7.774914000183344e-07;0.0001877756999892881
1.5372635000676383e-08;5.414860000018962e-08;7.975332000060007e-07;0.0001863374999957159
2.097432999871671e-08;4.823344000033103e-08;7.846781999687664e-07;0.00018090264999773354
1.545073000015691e-08;5.2176400000462307e-08;7.806285999831744e-07;0.00018191529999603517
1.968600999971386e-08;4.9593080003978684e-08;7.53658399975393e-07;0.0001725189999997383
1.7046699998900294e-08;5.3833179996581746e-08;7.831437999848277e-07;0.0001751737000013236
1.7548174998955803e-08;5.467217999976128e-08;7.674107999773696e-07;0.00017415219999384135
1.5782154999033084e-08;5.3024140000343323e-08;7.922747999546118e-07;0.00018200230000365992
1.6594775000703522e-08;6.212970000342466e-08;7.818267999682575e-07;0.00017087159999937284
1.7133474998991006e-08;4.9260019999928775e-08;7.846610000124201e-07;0.00016899010000634006
1.752357499935897e-08;5.234703999594785e-08;7.559258000110276e-07;0.00020406590000493453
1.5539659999194554e-08;5.036271999706514e-08;7.69536399981007e-07;0.00017995185000472703
1.609362000017427e-08;4.985041999607347e-08;7.58003800001461e-07;0.00017162040001130662
1.7389330000150948e-08;4.928293999982998e-08;7.669362000306137e-07;0.00017471034999471158
1.775677999976324e-08;5.3648779995273797e-08;7.756679999874905e-07;0.00017213484999956564
1.6196830000262707e-08;5.005951999919489e-08;7.640202000038698e-07;0.0002012867999728769
2.013669000007212e-08;5.441121999756433e-08;8.244197999592871e-07;0.0001739473499910673
1.729586999863386e-08;5.17275599995628e-08;7.82999999995809e-07;0.00018197734998830128
1.779427500005113e-08;5.271283999900334e-08;7.929204000392929e-07;0.0001904768999957014
1.748290499963332e-08;5.448609999730252e-08;7.739097999874502e-07;0.00020030570001108573
1.8402754999988248e-08;5.716311999713071e-08;7.850128000136465e-07;0.000173626100004185
1.7280685000878294e-08;4.675274000037461e-08;7.630090000457131e-07;0.00017841110000154004
1.654456999967806e-08;5.342347999685444e-08;7.700860000331886e-07;0.0001822898499958683
1.581619999924442e-08;4.5789399999193845e-08;7.529933999758214e-07;0.00016380419999768492
1.5508029999909922e-08;5.168263999512419e-08;7.744025999563746e-07;0.00017159949999768286
1.7290720000164582e-08;5.579865999752656e-08;7.74206799978856e-07;0.00018729260000691284
1.641426499991212e-08;5.13989600003697e-08;7.807897999882698e-07;0.00017063349999079947
1.764504000020679e-08;5.333807999850251e-08;7.760207999963313e-07;0.00018065690000366885
1.7966594999597872e-08;4.890789999626577e-08;7.677451999625191e-07;0.00018327180000778754
1.5235999999276827e-08;5.2161920000799e-08;7.66624599986244e-07;0.00017115650000050663
1.6735324999899602e-08;5.329331999528222e-08;8.026385999983177e-07;0.00020645409999997354
1.7294560000300408e-08;4.958399999886751e-08;7.833085999591276e-07;0.0001730171499948483
1.7380190000403673e-08;5.543039999902249e-08;7.903268000227399e-07;0.00017441424999560694
1.882148499862524e-08;5.08925799978897e-08;7.594913999782875e-07;0.00017897710000397638
1.609022500051651e-08;5.341410000110045e-08;7.702182000502944e-07;0.00018063130001246463
1.7918044999532868e-08;5.15131400024984e-08;7.850126000121236e-07;0.00017064725000818726
1.6803624999010936e-08;5.500754000386223e-08;7.691304000327364e-07;0.0002072667999891564
1.6719960000773428e-08;4.8348920000717046e-08;7.711244000238367e-07;0.00017181025000172667
1.6709555000124966e-08;5.3415720001794396e-08;8.019034000462852e-07;0.0001755900999996811
1.5910894999979065e-08;5.0747680000495166e-08;7.547771999961697e-07;0.00017314025000086984
1.753154500038363e-08;5.326886000111699e-08;7.800088000367395e-07;0.00017375935000018216
2.2719490001327357e-08;5.4810100002214314e-08;7.602353999973274e-07;0.00017895144999783953
1.8712344999948983e-08;5.4754179995507e-08;7.863167999894359e-07;0.00016617529999348336
1.9063260000257286e-08;5.417162000085227e-08;7.806652000290341e-07;0.0001752383999992162
1.721888000029139e-08;6.279104000423103e-08;7.741283999639563e-07;0.0002200163999805227
1.6185819999373052e-08;4.879146000021137e-08;7.706028000102378e-07;0.0001727322000078857
1.733736000023782e-08;5.166293999645859e-08;7.65069599961862e-07;0.0001799306000029901
1.616179499978898e-08;4.9821680004242806e-08;7.691851999843493e-07;0.0001706854499934707
1.7102310000336728e-08;5.184517999878153e-08;7.77453400020022e-07;0.00019709684999543242
1.8311934999655934e-08;4.717200000304729e-08;7.774317999719642e-07;0.0002012205999926664
1.6336275001231116e-08;4.961786000058055e-08;9.839119999669491e-07;0.000251866099977633
1.6978414999903178e-08;5.061388000031002e-08;9.62807200034149e-07;0.00024256300000706689
2.0429919997695835e-08;5.426356000243686e-08;9.264727999689058e-07;0.0002864202999917325
1.8426460000046064e-08;5.914436000166461e-08;9.264971999800764e-07;0.00024264180002501234
1.6959780000615866e-08;5.081112000043504e-08;9.446636000066065e-07;0.00023480340000241995
1.8239674999495038e-08;4.9732820002827795e-08;9.765968000283465e-07;0.0002438158000004478
1.7225765000330283e-08;4.9104980000993234e-08;9.373360000317916e-07;0.000244697099988116
1.83168100003968e-08;5.24844600004144e-08;9.163330000010319e-07;0.0002579161000030581
2.0884709997335448e-08;4.758144000079483e-08;9.611378000117838e-07;0.00022720459999982267
1.842319999996107e-08;5.2146739995805546e-08;9.620059999870137e-07;0.0002449825000076089
1.8008605000795797e-08;5.3656399995088575e-08;9.148504000040703e-07;0.00023595139998360538
1.6015159999369645e-08;4.825447999755852e-08;9.538509999983945e-07;0.00024088490000576712
1.5780760000052397e-08;5.4217119998065754e-08;1.046665500034578e-06;0.0002494651999732014
1.6845749999629334e-08;4.891589999897405e-08;9.543800000101328e-07;0.0002524588000087533
1.6638560000865254e-08;5.032612000359222e-08;9.180747999926098e-07;0.0002447295000019949
1.6604554999503307e-08;4.8030259995721283e-08;9.57354599959217e-07;0.00024550009999074973
1.541043000033824e-08;5.641752000083215e-08;9.61128000053577e-07;0.0002346517000114545
1.8729209998855367e-08;5.441047999775037e-08;9.636110000428743e-07;0.00023657649999950082
2.2046149999368936e-08;4.9973359995055944e-08;9.660450000083074e-07;0.00027028289998997935
2.0922730001620948e-08;5.5653260002145547e-08;9.835535999736749e-07;0.00025802369997836647
1.6951834999781567e-08;5.412732000113465e-08;9.449439999880269e-07;0.00028773559999535793
1.6795935000118333e-08;5.3525859996443614e-08;9.374772000010125e-07;0.00025831950001884254
2.1808630001032727e-08;5.133111999602988e-08;1.0020974000217393e-06;0.0002587447999976575
1.8775979999918492e-08;5.5272400000831113e-08;1.0598434999701567e-06;0.00022472759999800474
1.694320999959018e-08;6.692388000083156e-08;1.0409305000212044e-06;0.0002641435999830719
1.6240310001012404e-08;5.7677300000796096e-08;1.0075559999677352e-06;0.00028077929999562913
1.7385864999960177e-08;5.5512420000741256e-08;1.0240954000037163e-06;0.00021276140000554733
2.243508500105236e-08;5.5197620001854374e-08;9.703818000270986e-07;0.00023821340000722556
1.921783500001766e-08;6.154695999575778e-08;9.66004000045359e-07;0.00027466590001131407
1.9874649999837858e-08;4.9598400003742423e-08;9.217636000248603e-07;0.000226327600015793
1.5969179999956394e-08;5.2112980000674726e-08;9.25556999980472e-07;0.00023387900000670925
1.8644915000186303e-08;5.0241660000756386e-08;9.416984000126831e-07;0.0002789358999871183
1.744143000105396e-08;4.8487079999176785e-08;1.0133695999975317e-06;0.0002301329000038095
1.4674524999281857e-08;5.156131999683566e-08;9.669255999615417e-07;0.0002473766999901272
1.7488585000683088e-08;4.590730000054464e-08;1.0046169999986887e-06;0.0002311912999721244
1.685480500018457e-08;5.1894180005183444e-08;9.504233999759891e-07;0.00023563099998864345
1.5849779998825396e-08;5.6734260002849624e-08;9.662290000123903e-07;0.0002797971999971196
1.686349999945378e-08;5.293706000084057e-08;9.555251999991014e-07;0.00023953989997971804
1.5248750000318977e-08;4.967146000126377e-08;9.127619999926538e-07;0.00022946100000990555
1.7955800000345336e-08;4.988388000056148e-08;9.841096000163815e-07;0.0002387064999784343
1.650812500010943e-08;4.9381499999435616e-08;9.392444000113755e-07;0.00025432189999264666
1.7790824999974577e-08;5.20388400007505e-08;9.538781999726779e-07;0.00027976309999939986
1.7549295000208078e-08;5.263508000061847e-08;9.555625999928452e-07;0.00024985049999668265
1.5996744998847134e-08;5.6476939999265593e-08;9.381411999929696e-07;0.0002582040999841411
1.6660480000427923e-08;5.200795999844559e-08;9.407327999942936e-07;0.0002518233000009786
1.7765904999396298e-08;5.373124000034295e-08;9.423909999895841e-07;0.00023181270001805388
1.7148260000976734e-08;5.086913999984972e-08;9.237970000249333e-07;0.00026241789999767207
1.7092640000919346e-08;5.459772000322119e-08;1.0317005000251811e-06;0.00024357589997816832
2.0987160000368022e-08;5.435614000307396e-08;9.627048000111245e-07;0.0002369720000133384
1.990376499888953e-08;5.881347999675199e-08;9.467265999992378e-07;0.0002505599000141956
2.0097780000651254e-08;5.752080000238493e-08;9.625787999830209e-07;0.00021911559998989105
1.764631000114605e-08;5.23325800022576e-08;1.0128945000178646e-06;0.00022047509998083116
1.9193894999625627e-08;5.269310000003315e-08;9.70409400004428e-07;0.00030322239999077284
1.6671219999261667e-08;5.1154619996668773e-08;9.554347999510356e-07;0.0002941139999893494
1.6192975000012666e-08;5.443891999893822e-08;9.68685399973765e-07;0.0002473323000012897
1.7176134999317584e-08;5.708371999789961e-08;9.608207999845036e-07;0.00021886359999189153
1.947280999884242e-08;5.3462360001867636e-08;1.0266798000084236e-06;0.00033216590000665746
1.710579999926267e-08;5.6777119997423145e-08;1.0335885999957099e-06;0.0002832633999933023
2.3417609999887645e-08;6.609091999707744e-08;1.0105295000539627e-06;0.00025524950001272375
1.6103104999638164e-08;5.1411280001048e-08;9.39540199993644e-07;0.00024206219997722657
1.9319164998887573e-08;6.224287999793888e-08;1.0586185001011473e-06;0.0002847419999889098
2.2335820001899264e-08;5.309074000106193e-08;9.209122000029311e-07;0.0003021068000234663
1.980718499980867e-08;5.174359999946319e-08;1.082876500004204e-06;0.0002644144000078086
2.066447999968659e-08;6.298667999799363e-08;9.23239600029774e-07;0.0002839245999930426
1.8110395000257996e-08;4.95463999977801e-08;1.0469976000022142e-06;0.00023509770000237042
2.1366050001233816e-08;5.601400000159629e-08;9.178090000059456e-07;0.00023269810000783764
2.2978399999556132e-08;4.9459700001170855e-08;9.751596000278369e-07;0.000252017299993895
1.5649144999042618e-08;5.4610119998687876e-08;9.522444000467658e-07;0.0002624952000041958
1.7640319999190978e-08;5.4454799997620283e-08;9.75669800012838e-07;0.0002589736999943852
1.8182514999352863e-08;5.592343999887816e-08;9.480136000202037e-07;0.00022780270001385362
1.5429930000391323e-08;5.056967999553308e-08;9.54327600018587e-07;0.0002726221000193618
1.7571440000028816e-08;5.589638000237756e-08;9.706303999992087e-07;0.00024470300000393764
1.7743814999994356e-08;4.946465999819338e-08;9.374068000470288e-07;0.000234328499995172
2.3026030001346955e-08;5.4263939999509604e-08;9.522401999565773e-07;0.00025081679999129847
1.9551350000256208e-08;4.9754579999716955e-08;9.784231999656186e-07;0.00026487519999500366
1.647635499975877e-08;5.25273000006564e-08;9.415313999634236e-07;0.0002461523999809288
1.7726699999184348e-08;5.38194399967324e-08;9.604677999741397e-07;0.0002861999000015203
1.7478665000817274e-08;5.087626000167802e-08;1.0019519999332261e-06;0.00027077329999883657
2.0370569999795408e-08;5.1867000001948325e-08;9.256787999765947e-07;0.00025820569999632426
1.6467450000345708e-08;5.4746640002122147e-08;9.345778000424616e-07;0.00024632669999846257
1.6552569999475963e-08;4.937798000173643e-08;9.372402000008151e-07;0.00022601470001973212
1.758646999951452e-08;5.2968420000979676e-08;9.300505999708548e-07;0.00023685339998337441
1.7334485000174026e-08;4.8652360000414775e-08;9.786580000072717e-07;0.00022900530000333674
1.7658245000347962e-08;5.652655999874696e-08;1.0171812000335194e-06;0.0002291296999901533
1.7105985000671353e-08;5.2667859999928625e-08;1.0051464999560267e-06;0.00025921630000812
1.8574420000368264e-08;4.975181999616325e-08;9.212880000122823e-07;0.0002405334999784827
1.6568525000184308e-08;4.634747999953106e-08;1.047647999948822e-06;0.0002451269000011962
1.659028499998385e-08;5.054534000228159e-08;1.039773999946192e-06;0.00024098600001889282
1.694634000014048e-08;4.5957899995846675e-08;1.00143850009772e-06;0.0002237987999978941
1.7359199999191333e-08;4.9279839999508116e-08;9.033498000353575e-07;0.00024258829999598675
1.6613055000198072e-08;4.9304020003182815e-08;9.779359999811276e-07;0.0002429929999925662
1.844888999912655e-08;4.986324000055902e-08;9.292333999765106e-07;0.0002616027999902144
1.7767874999844934e-08;4.8324799997499215e-08;9.104814000311308e-07;0.00022264849999919533
1.6435910000291188e-08;5.7031759998062624e-08;9.135805999976582e-07;0.0002326026000082493
1.6966605000197887e-08;5.2058599999872966e-08;9.138179999426939e-07;0.0002442956000159029
1.8246920000819957e-08;4.7866280004382135e-08;9.622450000024401e-07;0.00024380990001372993
1.554995499900542e-08;4.654091999982484e-08;9.180973999900743e-07;0.00023461300000781195
1.6585349998786114e-08;5.985210000071674e-08;9.114533999818377e-07;0.00025120629998855295
1.954204000066966e-08;5.059233999927528e-08;1.0103709999821148e-06;0.0002257464999856893
2.05755400005728e-08;5.3932460001669823e-08;9.60921399993822e-07;0.0002534701999975368
1.5856535000784788e-08;7.943856000201777e-08;1.1615854999399743e-06;0.0002843719999946188
1.972741500067059e-08;1.0791710000194143e-07;1.1823064999771305e-06;0.000286729200015543
1.684162500023376e-08;7.317831999971531e-08;1.124654000013834e-06;0.00031317140001920054
1.7166379999252968e-08;7.350288000307046e-08;1.164940500020748e-06;0.0002873747000121511
1.8033825000748038e-08;7.36289999971632e-08;1.0703790000115986e-06;0.00028199710001354105
1.540073000069242e-08;6.521861999644898e-08;1.1039344999880995e-06;0.00028209560000686906
1.5954259999853095e-08;7.64699399995152e-08;1.0893980000400916e-06;0.00027775730000576004
1.6731174998858476e-08;6.556098000146449e-08;1.131435999996029e-06;0.0002678236000065226
1.611360999959288e-08;6.855747999507002e-08;1.0905395000008865e-06;0.00026257940000505185
2.327144999871962e-08;8.026166000054217e-08;1.1670680000679568e-06;0.000329280399979325
1.6934809999656864e-08;7.021207999787293e-08;1.1020869998901617e-06;0.0003357545000035316
1.5455604999442586e-08;6.651288000284694e-08;1.0568224999587983e-06;0.0003359296999988146
1.6045574999589007e-08;6.78308000031393e-08;1.1020019999705254e-06;0.0003002553000114858
1.9079939999210182e-08;7.10017199977301e-08;1.060688500001561e-06;0.00029151849998743275
1.704740999994101e-08;7.026023999787866e-08;1.0964725000667386e-06;0.00033927690002019515
2.013002999883611e-08;7.77023000002373e-08;1.0785439999017398e-06;0.0003201963999890722
1.6294460000062827e-08;7.509899999713526e-08;1.1528299999190495e-06;0.0003313045999966562
1.693078499956755e-08;8.856808000127784e-08;1.187146500014933e-06;0.00034588159999111666
1.654071999946609e-08;7.74498799990397e-08;1.1839440000767354e-06;0.0003316937999916263
2.0901810002396815e-08;6.342187999980525e-08;1.1388909998640885e-06;0.0002974565000040457
1.6855935000057798e-08;8.621517999563366e-08;1.0780569999769795e-06;0.00030043790000490846
2.0823980000568553e-08;7.808337999740616e-08;1.1712934999377467e-06;0.0003067722000123467
2.1947540002292953e-08;8.192253999877721e-08;1.1018350000085776e-06;0.0004036830000113696
1.8205455000861548e-08;6.975671999971382e-08;1.1851590000151191e-06;0.000282292400021106
1.8564060000062455e-08;7.510046000243165e-08;1.061677499965299e-06;0.0003085860999999568
2.089726999984123e-08;7.176925999810919e-08;1.0912034999637398e-06;0.0003200570000044536
1.6298085000016728e-08;7.089487999910489e-08;1.175051500031259e-06;0.0002586580000061076
1.797214999969583e-08;7.096511999843642e-08;1.128119999921182e-06;0.000277586300013354
1.6634250000061002e-08;6.689962000236847e-08;1.1470679999911226e-06;0.0002660969000135083
1.9457375000638422e-08;6.209716000012122e-08;1.0811470000771805e-06;0.00031332709998241624
1.8330250000872182e-08;7.019619999919087e-08;1.112060500017833e-06;0.0004222384000313468
1.670715999935055e-08;7.801483999937772e-08;1.093385499989381e-06;0.00032454800000414254
1.783358999964548e-08;7.091593999648467e-08;1.0807219998969231e-06;0.0002932820999994874
1.898889000003692e-08;7.787905999575742e-08;1.12114150004345e-06;0.00029573869999148885
1.50989000001573e-08;7.36858399992343e-08;1.082611000019824e-06;0.00030185530000017023
2.0286529997247273e-08;6.544243999524042e-08;1.1351725000713487e-06;0.00033039079999434764
1.5906119999999645e-08;6.507720000226982e-08;1.108729499974288e-06;0.0003021390999783762
1.595584499882534e-08;7.608406000072137e-08;1.1417600000277162e-06;0.0003050247000064701
2.0668995000596625e-08;8.16198999993503e-08;1.0771850000310224e-06;0.000299204600014491
1.6946985000686254e-08;7.220846000127494e-08;1.1283825000282377e-06;0.000267951699992409
1.5247364999959245e-08;7.080812000203877e-08;1.097626999981003e-06;0.00027767119999043643
1.702969499892788e-08;7.479456000146455e-08;1.0758939999504947e-06;0.00028448860000935384
1.7523204999451993e-08;6.836985999834723e-08;1.1040200000570621e-06;0.00029986379999900236
1.707023999915691e-08;7.606533999787644e-08;1.184864499955438e-06;0.0002677673000143841
1.7995249999512453e-08;7.041929999832064e-08;1.163113499933388e-06;0.0003223209000134375
1.779662500048289e-08;6.961977999890223e-08;1.11873950008885e-06;0.00031679810001514853
1.6074305000074675e-08;7.32071399979759e-08;1.1303870000119786e-06;0.00026459770000656133
2.1906999999191612e-08;7.021028000162915e-08;1.0999979999905918e-06;0.00031141049999860114
1.9562245000270196e-08;7.104223999776878e-08;1.1844980000751094e-06;0.00027656660001957787
1.6427649999968707e-08;7.535045999684371e-08;1.1330999998608604e-06;0.00031340040001668967
1.75973849996808e-08;7.282622000202537e-08;1.1091429999214597e-06;0.0002943531000055373
1.6285325000353624e-08;8.235388000030071e-08;1.110432999994373e-06;0.00029016230002162045
1.6084389999741687e-08;7.00176400016062e-08;1.1761800000385846e-06;0.0003312002999882679
1.7820049999863842e-08;7.064459999674e-08;1.1436375000630506e-06;0.0003295104000135325
1.6488280000339728e-08;7.854785999516026e-08;1.155078999872785e-06;0.0003670816000085324
1.6590459999861195e-08;8.778746000025421e-08;1.150721499870997e-06;0.00037473740000859833
1.8344984999566804e-08;6.801344000268727e-08;1.1168719999841413e-06;0.00036076589999720456
1.5822764999757054e-08;8.686580000212415e-08;1.098379500035662e-06;0.0002747251999971922
1.8116570000711363e-08;7.824844000278972e-08;1.099186500068754e-06;0.0002862807000055909
1.7079560000274796e-08;7.957224000128917e-08;1.0659939999459312e-06;0.00035503149998839943
1.832953999983147e-08;8.681259999866598e-08;1.1110934999305755e-06;0.0002733321999839973
1.657876999961445e-08;8.108013999881222e-08;1.2464130000444129e-06;0.00039527850001468324
2.5897000002441927e-08;8.79008000018075e-08;1.1075350000464823e-06;0.0003252170999767259
1.887554499990074e-08;8.23552199988626e-08;1.162083000090206e-06;0.0002814508999872487
2.309262999915518e-08;1.0155944999132771e-07;1.2259850000555162e-06;0.0004149209999595769
1.853618000022834e-08;9.709596000029706e-08;1.145284499943955e-06;0.0004484649999649264
1.7432414999348112e-08;6.641971999779344e-08;1.0817699998733588e-06;0.00026665479998337106
1.8490965000819414e-08;8.198772000032477e-08;1.260574500047369e-06;0.00026023600000189617
1.7095430000335908e-08;6.648304000264033e-08;1.0933749999094288e-06;0.00035917219999828377
1.703091499948641e-08;8.467819999787025e-08;1.2015105001046323e-06;0.00031009329998050815
1.6588294999382924e-08;6.993045999552123e-08;1.1797774999286049e-06;0.00030166229998576454
1.9767044999753125e-08;7.121854000142775e-08;1.142353000032017e-06;0.0003531735000142362
1.8380854999122677e-08;7.711029999773019e-08;1.0983425000449643e-06;0.0002850195000064559
1.76032600007602e-08;8.366444000275805e-08;1.0866765001264866e-06;0.00027271610000752846
1.8359564999991563e-08;7.295263999840245e-08;1.0880655000801198e-06;0.0003018754000077024
1.7015199999150355e-08;6.818309999653139e-08;1.1961914999119473e-06;0.0004023005999624729
1.8004185000609142e-08;9.211079999804497e-08;1.2248014999204315e-06;0.00035531210000044666
1.740369000035571e-08;8.295778000028803e-08;1.2592869999934918e-06;0.00034332549999817276
2.096453000121983e-08;7.431093999766745e-08;1.1569900000176859e-06;0.00028620349999982866
1.624127000104636e-08;7.653896000119857e-08;1.2513544999819714e-06;0.00030879670000285843
1.6601565000019037e-08;6.87199399981182e-08;1.131905500078574e-06;0.0004138309999834746
2.0304749999195337e-08;7.051607999601402e-08;1.1235199999646284e-06;0.00028163030001451264
2.0983559999149294e-08;8.355838000425138e-08;1.0929299998679198e-06;0.0002967932000174187
1.7039079999085516e-08;8.156044000061229e-08;1.0982085000432561e-06;0.0003239090999995824
2.1724660000472795e-08;8.208038000157103e-08;1.146325000008801e-06;0.00029361329998937435
1.6278235000208953e-08;7.151339999982156e-08;1.0657540000102017e-06;0.00030726729999878445
2.1257269999478012e-08;7.880158000043594e-08;1.182522000017343e-06;0.0003703721000056248
1.7319734999909997e-08;6.89799000043422e-08;1.1784194999199827e-06;0.0002934057000093162
1.698185499990359e-08;7.087148000136949e-08;1.1516994998964947e-06;0.0002826991000038106
1.6089489999285432e-08;7.85926999989897e-08;1.1429844998929183e-06;0.0003101473999849986
1.7940954999357926e-08;7.201537999790162e-08;1.1177144999965094e-06;0.00027278800000203775
1.878355999942869e-08;6.930097999866121e-08;1.1256110000249463e-06;0.0003144237000087742
1.7902840000169817e-08;7.478754000039772e-08;1.1077785000088624e-06;0.0003078827999997884
2.305892999866046e-08;7.335169999860227e-08;1.0992429999168962e-06;0.00030992020000121555
1.6439945000456646e-08;7.142874000128358e-08;1.1392229999182745e-06;0.00031394089999957944
1.58267299993895e-08;8.30638799990993e-08;1.1241829999198672e-06;0.0003186186000239104
1.7575184999441262e-08;7.326681999838911e-08;1.1806239999714308e-06;0.0002697982999961823
1.729334999981802e-08;7.178539999877102e-08;1.0893204998865259e-06;0.00029828329998417757
1.7602244998852257e-08;7.617196000064723e-08;1.1583065000013447e-06;0.00029715569998370485
1.6543860000092536e-08;6.449096000287682e-08;1.0865510000439826e-06;0.00030238969999481924
1.7481479998969006e-08;5.618881999980658e-08;7.10990399995353e-07;3.057107999920845e-06
1.56741550003062e-08;5.494479999761097e-08;6.977947999839671e-07;3.036838000116404e-06
1.5750900001148694e-08;5.004744000034407e-08;7.128876000060699e-07;2.986146000039298e-06
1.7388655000831932e-08;4.5308659999864173e-08;7.201388000394218e-07;3.066590999951586e-06
1.62339599992265e-08;5.0238439999520775e-08;6.88876000000164e-07;3.0412399998749606e-06
1.5984604999539443e-08;5.523399999947287e-08;7.212451999657787e-07;3.3802349999314176e-06
1.6179050000209827e-08;4.7639159997925165e-08;7.288432000204921e-07;3.1801220000488683e-06
1.680192000058014e-08;4.8795400001108643e-08;7.37436199968215e-07;3.2972239999799056e-06
1.6473419999238103e-08;4.7588939999695866e-08;7.267493999679573e-07;2.9872449999675156e-06
2.233241000212729e-08;5.059244000003673e-08;7.519379999721423e-07;2.907750999729615e-06
1.860393499955535e-08;5.2382880001096055e-08;7.177118000108749e-07;3.006242999981623e-06
1.769914000033168e-08;4.8422840004786846e-08;7.211436000070535e-07;3.0686809998587704e-06
1.5778454999963287e-08;4.7986600000876934e-08;7.272072000196203e-07;3.070988999970723e-06
1.62781349994475e-08;5.5644780001603065e-08;7.505689999670722e-07;2.936526999983471e-06
1.6434180000214837e-08;5.2072860003681855e-08;7.280016000149772e-07;2.959878999972716e-06
1.6371160000562668e-08;4.6108099998673424e-08;6.959231999935583e-07;3.102214999962598e-06
1.5231980000680777e-08;5.346106000361033e-08;6.849302000482567e-07;3.353925999836065e-06
1.832622999936575e-08;5.100002000108361e-08;6.968945999979042e-07;3.0942519998643546e-06
1.868541000003461e-08;5.071153999888338e-08;6.943766000331379e-07;3.4353310000733473e-06
1.570359500037739e-08;4.824171999935061e-08;7.058166000060737e-07;2.918430000136141e-06
1.5472064999630676e-08;5.0984040001640095e-08;7.004169999854639e-07;3.1294179998803885e-06
1.6460955000366084e-08;5.431511999922805e-08;6.943623999832198e-07;3.2828230000450276e-06
1.585876500030281e-08;4.831786000286229e-08;7.106034000171348e-07;2.965371000173036e-06
1.54543199998443e-08;4.785890000057407e-08;7.051035999902524e-07;3.0915929999900984e-06
1.7890534999605734e-08;5.418624000158161e-08;7.230406000162475e-07;3.088098999869544e-06
1.8912555000861177e-08;5.222736000432633e-08;7.234556000330485e-07;3.4111000000848433e-06
1.8155404999561144e-08;5.5481959995813666e-08;7.221733999904245e-07;3.5194120000232943e-06
1.8348379999224563e-08;5.117882000049576e-08;7.405537999584339e-07;3.2877280001412146e-06
1.7719070000748616e-08;5.153194000013173e-08;7.623251999611966e-07;3.343190000159666e-06
1.7865114999585786e-08;5.103070000186562e-08;7.174641999881715e-07;3.034005999797955e-06
1.613194000092335e-08;5.409814000013284e-08;7.315967999747954e-07;2.97659100004239e-06
1.645509500085609e-08;5.3154719999292865e-08;7.324615999823436e-07;3.1895749998511745e-06
1.5401554999698418e-08;5.096377999871038e-08;7.067697999882512e-07;3.1419509998522697e-06
1.6580799999064767e-08;5.7781160000013186e-08;7.337736000190489e-07;3.0565729999216274e-06
1.6732584999408574e-08;5.048172000097111e-08;7.153279999620281e-07;3.0077910001273266e-06
1.6419465000217316e-08;5.3234460001112895e-08;7.037279999931343e-07;3.1780250000883823e-06
2.0479680001153612e-08;5.1231540000298993e-08;7.16530000034254e-07;3.096042999823112e-06
1.5107164999062663e-08;4.9843760003568605e-08;7.214291999698616e-07;3.2697260001441465e-06
1.5755214999080635e-08;4.9159220000728965e-08;6.995480000041425e-07;3.0419029999757184e-06
1.9166394999774638e-08;5.179013999877497e-08;7.219817999866791e-07;3.0418180002016014e-06
1.746887500048615e-08;4.591918000369333e-08;7.042588000185787e-07;2.901748000003863e-06
2.1179689999553374e-08;5.4887759999837725e-08;7.168761999928392e-07;3.1840879999799654e-06
1.6063905000919478e-08;5.31224399979692e-08;7.352420000243001e-07;3.0416209998656997e-06
1.6061700000136626e-08;5.7630040001822636e-08;7.343939999700524e-07;3.446016000234522e-06
1.7565555000328457e-08;5.041925999685191e-08;7.00762799999211e-07;3.208050999965053e-06
1.828069500043057e-08;5.371107999817468e-08;7.08409600018058e-07;3.397440999979153e-06
1.845117500051856e-08;4.597269999794662e-08;7.087585999979638e-07;3.0997120001120494e-06
1.842571000015596e-08;5.621685999794863e-08;7.525088000111282e-07;3.3285949999117293e-06
1.8955739999364597e-08;5.678531999583356e-08;7.584509999724105e-07;2.8656789998058228e-06
2.0977610000409185e-08;5.0103280000621456e-08;7.358145999605768e-07;3.200319000170566e-06
2.0023990000481718e-08;6.414657999994233e-08;7.186289999517612e-07;3.1153370000538417e-06
1.6108770000573714e-08;4.988825999898836e-08;7.818199999746866e-07;3.2314990001032127e-06
2.1303909999551252e-08;5.6686960003571584e-08;7.48693400004413e-07;2.9597669999930075e-06
1.7117620000499302e-08;4.882170000346378e-08;7.480199999990873e-07;3.310355999856256e-06
1.997274000023026e-08;5.214261999935843e-08;7.546976000303402e-07;3.516786000109278e-06
2.047277999809012e-08;5.2513640001416207e-08;7.635010000085458e-07;3.442335000145249e-06
1.66622249991633e-08;5.6009320000885055e-08;7.721592000452802e-07;3.3043760000145993e-06
2.176282000145875e-08;5.476488000131212e-08;7.394641999853775e-07;3.3014609999372624e-06
2.1919329999946056e-08;5.629351999959908e-08;7.515238000196404e-07;3.6025189998326823e-06
1.9120010000187904e-08;5.327151999808848e-08;7.182595999911427e-07;3.2265310001093894e-06
2.2915349999675526e-08;4.983416000031866e-08;6.940323999733664e-07;3.3328619998064823e-06
2.01126200001454e-08;5.847576000378467e-08;7.385237999842502e-07;3.1775040001957677e-06
2.110894999932498e-08;4.9884519999613983e-08;7.531175999902189e-07;3.395120999775827e-06
1.7274915000598412e-08;5.5277880001813175e-08;6.998344000312499e-07;3.6419169997680003e-06
1.7477660000440666e-08;6.138130000326783e-08;7.256738000432961e-07;3.302356000058353e-06
2.0057650000671857e-08;5.3643999999621886e-08;7.169556000153534e-07;3.320184999902267e-06
1.9852935000380968e-08;4.5393980003427714e-08;7.348175999941304e-07;3.2430559999193065e-06
2.1114599998691118e-08;6.1126360000344e-08;7.219735999824479e-07;3.0442599998787044e-06
2.0880930000566878e-08;4.8736100003588944e-08;6.824510000296869e-07;3.203446999832522e-06
1.8407945000217298e-08;5.505084000178613e-08;7.260697999736294e-07;2.915336000151001e-06
1.5905454999301584e-08;4.790118000237271e-08;7.269289999967441e-07;3.1994730001315475e-06
1.7445294999924955e-08;5.523767999839038e-08;6.88362999993842e-07;3.249115999788046e-06
1.919744000042556e-08;4.8896320001222195e-08;7.165775999892503e-07;3.160924999974668e-06
1.660379999957513e-08;4.7797059995355083e-08;6.790930000133812e-07;2.9874160001054408e-06
1.587116500013508e-08;5.1762699999380854e-08;7.102200000081212e-07;3.1048099999316035e-06
1.800962499983143e-08;5.279648000141606e-08;6.826655999757349e-07;3.1344030000036582e-06
1.716057500016177e-08;5.3556300001218916e-08;7.247429999988526e-07;3.17953200021293e-06
1.7127559999062214e-08;5.2831999998306853e-08;7.194261999684386e-07;2.9319440000108443e-06
1.7114494999987072e-08;5.040355999954045e-08;6.910531999892555e-07;3.0067120000603607e-06
2.0935150000150315e-08;5.053144000121392e-08;7.111602000077255e-07;3.030559000035282e-06
1.639357999956701e-08;4.890035999706015e-08;7.124509999994188e-07;3.1153189999167807e-06
1.6662010000436567e-08;5.0242319999961186e-08;7.408873999956995e-07;3.1612040000618436e-06
1.7059535000589676e-08;4.986541999969632e-08;7.410709999967366e-07;3.1251950000296345e-06
1.6313179999997373e-08;5.366882000234909e-08;7.103539999807254e-07;2.9549280001083387e-06
1.6219350000028498e-08;5.637089999509044e-08;7.202089999918826e-07;3.291065999947023e-06
2.0706880000943783e-08;4.814087999984622e-08;7.075598000083119e-07;2.9423669999232517e-06
1.5472440001030918e-08;5.341657999670133e-08;7.241077999933622e-07;2.995336999883875e-06
1.6930604999652132e-08;5.003361999988556e-08;6.942415999947115e-07;2.9319700002088212e-06
1.569415499980096e-08;5.175195999909192e-08;7.432187999947928e-07;2.9548000000067988e-06
1.601634499966167e-08;4.849032000056468e-08;7.473884000210092e-07;3.4946060000220315e-06
1.6590344998985528e-08;5.102333999820985e-08;7.052614000276662e-07;3.0982809999841263e-06
1.6803889999573586e-08;6.156148000154644e-08;7.069668000331149e-07;3.058646999998018e-06
1.7052850000618492e-08;5.645711999968625e-08;7.04600999946706e-07;3.023016999941319e-06
1.6930105000210462e-08;5.100423999829218e-08;7.020708000054583e-07;3.000727999897208e-06
2.0512400000006892e-08;4.903723999741487e-08;7.087319999700412e-07;3.0986019998090342e-06
1.6383510000014213e-08;5.520417999941856e-08;7.253009999985807e-07;3.1812509999144823e-06
1.5470970000023952e-08;4.753899999777786e-08;6.787865999503993e-07;3.0771059999824502e-06
1.5645265000057407e-08;4.9796219996642324e-08;6.998306000023149e-07;3.210022000130266e-06
1.5970234999258537e-08;5.0534000003244726e-08;7.246883999905549e-07;3.1287480000173674e-06
1.5990790000068954e-08;4.6911000000545756e-08;7.336964000132866e-07;2.884673000080511e-06
1.595285500079626e-08;4.942681999527849e-08;1.022886999999173e-06;0.00033322559998487123
1.782806499977596e-08;4.665859999950044e-08;1.0715470000286586e-06;0.00035093490002327597
1.604700000025332e-08;4.8830520000774415e-08;1.120579000125872e-06;0.0003398537999892142
1.765233500045724e-08;5.385516000096686e-08;1.1098149999452289e-06;0.0003381527999881655
1.6228364998823963e-08;4.6781220001867044e-08;1.0531729999638629e-06;0.0003345019999833312
1.6688464999606368e-08;5.028652000473812e-08;1.0691504999704194e-06;0.000345743300014874
1.6687974998785648e-08;4.860365999629721e-08;1.070348999928683e-06;0.000332148400018923
1.6429210000205785e-08;4.5908480003708976e-08;1.0520914998778607e-06;0.000344224700005725
1.5863240000908262e-08;5.1686479995260015e-08;1.035268499981612e-06;0.00033000919999904
1.5334335000079592e-08;4.756247999612242e-08;1.068602000013925e-06;0.00036189159998320974
1.532244500122033e-08;5.278120000148192e-08;1.1497369999415242e-06;0.00036405989999184387
1.4560879999771715e-08;5.2485700004035604e-08;1.0726030000660103e-06;0.00035599969999748285
1.700183999928413e-08;4.8308179999003184e-08;1.048993500007782e-06;0.00038999269998748787
1.949313500081189e-08;5.54262799967546e-08;1.209307999961311e-06;0.0003461144000175409
1.5524880000157283e-08;5.7446400000480935e-08;1.0705310000048484e-06;0.00040625199998612515
1.9784120000258552e-08;4.740824000327848e-08;1.0518660000525414e-06;0.00035049360000994056
1.6248929999710526e-08;7.164120000088587e-08;1.2305675000243354e-06;0.00038168079999741165
2.1119429999089334e-08;5.7915319997118787e-08;1.1119685000448953e-06;0.00043524159997468815
2.036521999980323e-08;5.373736000037752e-08;1.1871950000931975e-06;0.00036121589998947456
1.8742180000117514e-08;5.19962000020314e-08;1.1179954999533947e-06;0.00036175149999326093
1.7956920000142418e-08;5.727197999949567e-08;1.0931610000261572e-06;0.00035427250000066125
1.9258315001206937e-08;5.7744859997183086e-08;1.1660195000877138e-06;0.0003738385000033304
2.2220829999423587e-08;6.671915999613703e-08;1.1872305000724738e-06;0.0003712472000042908
1.9485344999702648e-08;5.5431459995452316e-08;1.1958769999910145e-06;0.0004060934000299312
2.1570554999925662e-08;5.3437619999749586e-08;1.1425074998987838e-06;0.00041895520000252874
2.179552000015974e-08;6.230776000302284e-08;1.108999000134645e-06;0.0003926420999923721
1.726035000028787e-08;5.9418800001731143e-08;1.0412189998896792e-06;0.00033039450002252124
1.6843320000043606e-08;5.4519319999963044e-08;1.1445234999700916e-06;0.00036522100001457145
1.7156324999814387e-08;6.10625599976629e-08;1.1930350000329781e-06;0.0004104679999873042
1.6167699999641626e-08;5.918796000187285e-08;1.048923000053037e-06;0.0003756004000024404
1.9442729999718723e-08;5.6153460004134104e-08;1.0860765000688843e-06;0.00033563479999429544
1.5355364998686128e-08;4.563976000063121e-08;1.1021645000437274e-06;0.00044246500002918766
1.628993499907665e-08;5.48739799996838e-08;1.1431634999462404e-06;0.0004121818000567146
2.0066689999657684e-08;7.357602000120096e-08;1.2497965000511613e-06;0.00037144980000448414
1.8420509999850766e-08;6.483649999718182e-08;1.0622069999226368e-06;0.00041156099998624994
2.0247684999776538e-08;6.275283999857493e-08;1.0293159999127965e-06;0.00032948770001530646
2.0087375000002793e-08;6.336098000174388e-08;1.0730524999962654e-06;0.0003619565999833867
2.073374000028707e-08;5.539201999781653e-08;1.1458034999668597e-06;0.0003301725999917835
1.8238914999528786e-08;5.413597999722697e-08;1.2083035000250674e-06;0.0003524690000049304
1.5594969999801833e-08;4.952026000246406e-08;1.1180650000460445e-06;0.0004080632000113837
1.73468299995875e-08;6.341620000312105e-08;1.0425690001284237e-06;0.0003647395999869332
1.867820000043139e-08;4.731191999744624e-08;1.0720394999952988e-06;0.0003745442999934312
1.8161590000090655e-08;5.6635540002025663e-08;1.1476665000373032e-06;0.0003552355000283569
2.0492420000664425e-08;4.837097999989055e-08;1.173102500033565e-06;0.00035646740000811405
1.6599419999693053e-08;4.6491640002932396e-08;1.0760055000719148e-06;0.00033956349999061784
1.8654105000314302e-08;4.8365859995828945e-08;1.1233079999510664e-06;0.00035787219999474474
1.6692214999056886e-08;6.112258000066504e-08;1.0590100000263192e-06;0.0003625289000046905
1.71997849989566e-08;6.712676000315696e-08;1.0364460000710097e-06;0.00032109059998765586
1.872080500033917e-08;4.843739999923855e-08;1.055830999976024e-06;0.00034514729998772967
1.7742439999710767e-08;6.08872800017707e-08;1.1186889999953565e-06;0.000337002600019332
1.587452500098152e-08;5.2683419996174056e-08;1.0545630000706297e-06;0.00032820479999645614
2.1882020001066848e-08;5.2428640000289305e-08;1.104423500073608e-06;0.000347873199993046
1.7292949999682606e-08;4.669607999967411e-08;1.1163914999633562e-06;0.00034535250000772066
1.7433940000773874e-08;5.4776499996660276e-08;1.1664039999595843e-06;0.00037289790000068023
1.624108500109287e-08;5.27299800014589e-08;1.0280015000898857e-06;0.00035541799999191427
1.76331750000827e-08;5.087604000000283e-08;1.1298629999510013e-06;0.00041715639998437837
1.69420150006772e-08;5.253854000475257e-08;1.0115165000024718e-06;0.0004201007999945432
2.294461000128649e-08;5.217718000058085e-08;1.062443999981042e-06;0.000345740199991269
1.529543500073487e-08;5.6379379995632917e-08;1.0760054999263958e-06;0.0003777768999862019
2.3958630001288838e-08;4.887295999797061e-08;1.0826674998679665e-06;0.0003572701000084635
1.6356500000983943e-08;5.135709999594838e-08;1.1029164999490605e-06;0.00035002079998957923
1.7493889998877422e-08;4.70755799964536e-08;1.0450124999624677e-06;0.0003299218000029214
1.8490364999161103e-08;5.22532399976626e-08;1.0344829999667126e-06;0.0003443364999839105
1.554484000080265e-08;5.470946000423283e-08;1.0851420000835787e-06;0.0003517660000070464
1.596774500067113e-08;6.441994000342675e-08;1.0622109999530948e-06;0.00033127989998320116
1.891532999870833e-08;5.7879619998857376e-08;1.0952249998808838e-06;0.0003402237999835052
1.5280905000690837e-08;5.230180000071414e-08;1.081934999965597e-06;0.0003548399999854155
1.9975015000090934e-08;5.0445180002134295e-08;1.1097295000217855e-06;0.00034493120000115597
1.7017650000343566e-08;4.97782799997367e-08;1.0372084999107756e-06;0.00032389230001717803
1.839720499992836e-08;5.944670000462793e-08;1.1408310000842903e-06;0.0004195017000020016
2.332592000020668e-08;6.133200000040234e-08;1.046982499974547e-06;0.0004388182000257075
1.6487469999992755e-08;5.161882000393234e-08;1.1599985000793822e-06;0.00040246219997061415
1.8213855000794865e-08;6.141454000025988e-08;1.1562994999985676e-06;0.0004001976000145078
2.162010000029113e-08;6.747415999998339e-08;1.03980900006718e-06;0.0004268939000030514
1.8031630000041333e-08;6.055824000504799e-08;1.0760420000588055e-06;0.0004034268999821506
1.9938589999219402e-08;5.229849999886937e-08;1.1181434999161865e-06;0.00033125740001560186
1.6863719999673778e-08;5.750285999965854e-08;1.075828500033822e-06;0.0003811351000040304
1.6440520000469406e-08;5.846692000050098e-08;1.0901299999386538e-06;0.0003487812999810558
1.7431849999411496e-08;5.240570000023581e-08;1.0845729999709875e-06;0.00035105959998327305
1.658948499971302e-08;5.2753000002121555e-08;1.0342355001193938e-06;0.00032033429999137297
1.6407535001053475e-08;5.3874779999023305e-08;1.074067999870749e-06;0.00031492020000587216
1.6223894999711774e-08;4.948066000360996e-08;1.086110999895027e-06;0.00038768079999135804
1.8862824999087023e-08;5.810599999967963e-08;1.1521195000386797e-06;0.0003820661000208929
1.7946469999151304e-08;5.041312000248581e-08;1.125748000049498e-06;0.00036532840001746083
1.812156999949366e-08;5.4892640002071854e-08;1.084640499902889e-06;0.00033362920000217856
2.2500139998737724e-08;5.610583999659866e-08;1.1412230000132694e-06;0.0003667822999996133
1.915961500053527e-08;5.542366000008769e-08;1.112800499977311e-06;0.00033871999999973923
1.954840999969747e-08;5.9473800001433116e-08;1.0837134999746923e-06;0.0003365350000094622
1.6520964998926503e-08;5.483398000360467e-08;1.1773394999909216e-06;0.00033350869998685086
1.740109500096878e-08;5.6351519998861475e-08;1.0539175001031253e-06;0.0004169899999978952
2.140038499928778e-08;5.3087600000435484e-08;1.1298284999793396e-06;0.00041281080001499506
1.9301780000387225e-08;5.429238000069745e-08;1.1774110000988003e-06;0.0003271316000027582
2.141371000034269e-08;4.9863400001777336e-08;1.2206310000328812e-06;0.0003444477999873925
1.9449205001001246e-08;5.851065999595448e-08;1.0741909999342169e-06;0.00037641130000702107
1.6877439999370837e-08;6.915746000013315e-08;1.1137774999951943e-06;0.00035624819999793546
1.956956999929389e-08;5.671773999929428e-08;1.105113500088919e-06;0.00032969790001516233
1.946627999859629e-08;5.259570000343956e-08;1.2423829999170267e-06;0.00034017159999348226
2.1920649998355657e-08;6.108772000297904e-08;1.1019685000064782e-06;0.0003280273000127636
2.1139725000830368e-08;5.126651999889873e-08;1.085159499925794e-06;0.0003568826999980956
1.8572939999285155e-08;5.090885999961756e-08;1.0385060000407976e-06;0.0003621790000179317
1.6829084999335465e-08;5.795835999888368e-08;1.5105195000069215e-06;0.000699023200024385
1.998099500051467e-08;7.015518000116572e-08;1.4532640000106766e-06;0.0006557147999992594
1.8410295000649058e-08;5.6595339998602866e-08;1.3884815000346861e-06;0.000728851800027769
2.2685785000794566e-08;6.223257999517955e-08;1.423124499997357e-06;0.0006977758000139147
1.9698339999013115e-08;5.757855999981985e-08;1.511919500044314e-06;0.0006283410000032745
1.9749020000745078e-08;5.5013920000055805e-08;1.5044029999990016e-06;0.0006987593999947422
1.7384049999236596e-08;6.676114000147208e-08;1.6198124999937135e-06;0.0007623759999987669
1.7446565000864213e-08;5.764541999669746e-08;1.501284999976633e-06;0.0006685466000344604
2.149396000022534e-08;6.18845599994529e-08;1.4468464998935815e-06;0.0007665697999764234
1.6805084999941754e-08;6.386204000446014e-08;1.4068530000804457e-06;0.0005973078000242822
1.9246320000092964e-08;5.363407999975607e-08;1.5723565001098904e-06;0.0007544748000218533
1.972556000109762e-08;5.0638599996455014e-08;1.516272500011837e-06;0.0006698979999637231
2.0162074999825564e-08;5.3374300000723454e-08;1.5043284998682794e-06;0.0007004852000391111
1.954717500047991e-08;5.847809999831952e-08;1.5902239999559243e-06;0.0006033454000134952
1.7537070000253153e-08;4.755552000133321e-08;1.437475499988068e-06;0.0006151883999700658
1.554619999951683e-08;5.8817600004840644e-08;1.3881789999140892e-06;0.0006183875999995508
1.667553500010399e-08;5.322083999635652e-08;1.3769615000637714e-06;0.0005894328000140376
1.6332284999953117e-08;5.833491999655962e-08;1.5621220000321045e-06;0.0005864249999867752
2.2572855000908022e-08;4.9922559998231007e-08;1.4593514999432956e-06;0.000641399200016167
1.6326455000671558e-08;5.478506000363268e-08;1.5110955000272952e-06;0.0006027761999866925
1.926434000051813e-08;6.70804199995473e-08;1.4007235001190565e-06;0.0006150383999920451
1.6187310000532308e-08;5.166383999749087e-08;1.401668000034988e-06;0.0006626390000456012
1.6978529999323656e-08;5.2019479998853056e-08;1.4926885000022594e-06;0.0006055815999861806
1.7872660000284667e-08;5.754327999893576e-08;1.3876855000853538e-06;0.0006535730000468902
1.8130909999308642e-08;5.2815559995360675e-08;1.508929500123486e-06;0.0006428590000141412
1.851527000108035e-08;5.127473999746144e-08;1.4475695000146516e-06;0.0006537495999946259
1.8927925000025426e-08;5.853207999607548e-08;1.571424000139814e-06;0.0007453087999601849
2.4511790000542532e-08;5.665392000228167e-08;1.63825600000564e-06;0.0007142880000174046
2.1669839997775854e-08;5.169853999977931e-08;1.4566959999501706e-06;0.0007293746000505052
1.717285000049742e-08;6.583663999917917e-08;1.382214000041131e-06;0.0006662262000027112
2.1593820000998675e-08;5.7380240003112706e-08;1.3833645000704563e-06;0.0005547765999799595
1.7055289998825175e-08;5.161933999625035e-08;1.5518955000152346e-06;0.0005803596000187099
1.7726400001265574e-08;5.723768000025302e-08;1.5919639999628998e-06;0.0006480562000069767
2.0109730001422578e-08;6.46604200010188e-08;1.5210819999629165e-06;0.0007136649999883957
2.016418999992311e-08;6.260711999493651e-08;1.5564774999802467e-06;0.0006633524000062607
2.0070210000267253e-08;4.876940000103787e-08;1.5858385000319685e-06;0.0005960856000310741
2.072866999951657e-08;5.832788000116125e-08;1.4851100000669248e-06;0.000675669200019911
1.963030000042636e-08;5.8949980000033976e-08;1.3343605000409299e-06;0.000632714599953033
1.919381999905454e-08;5.14419800019823e-08;1.5153070000815205e-06;0.0006926712000276894
1.9510805000027177e-08;5.087172000203282e-08;1.5491140000813176e-06;0.0005632034000009298
2.0608080000965856e-08;6.209868000005372e-08;1.5604750000056811e-06;0.0006259266000124626
2.0906404999550433e-08;4.6476940001593905e-08;1.6320719999202994e-06;0.0008300292000058107
2.007074999855831e-08;7.33898600039538e-08;1.5595719999691938e-06;0.0006047164000337943
2.0317289998638443e-08;5.205627999966964e-08;1.420361999917077e-06;0.0006377446000115015
1.556607500097016e-08;6.559074000106193e-08;1.5734304999932648e-06;0.0006678278000326827
1.7065014998661353e-08;5.993644000263885e-08;1.4744950000022073e-06;0.0006324388000066392
2.217264999926556e-08;6.078675999888218e-08;1.463810499990359e-06;0.0006942986000212841
2.4563299998408183e-08;5.270111999707297e-08;1.4803260000189766e-06;0.0007430608000140637
2.254421999969054e-08;6.751061999821104e-08;1.5734979999251663e-06;0.0008092682000133209
1.8605155000113883e-08;5.638486000243574e-08;1.5595364999899175e-06;0.000726749999972526
1.8001250000088476e-08;5.713372000027448e-08;1.6312440000183415e-06;0.0006290156000177376
1.9809895000071266e-08;5.521505999495275e-08;1.5100055000220891e-06;0.0006755040000425652
2.104428000166081e-08;6.032450000056997e-08;1.569626000127755e-06;0.000681945199961774
2.359188000264112e-08;5.738216000027023e-08;1.483933999988949e-06;0.0006894313999800943
1.824747000064235e-08;4.825443999725394e-08;1.5461635000247042e-06;0.0006114168000058271
1.713198000070406e-08;5.2752200001850726e-08;1.4322579999861774e-06;0.0006431201999657787
2.100866999826394e-08;6.042286000447348e-08;1.564244999899529e-06;0.0008198046000325121
2.5013119998038747e-08;6.068180000293068e-08;1.5471444999275264e-06;0.0006610943999839947
1.92911849997472e-08;5.764903999515809e-08;1.4194780000252648e-06;0.0006806223999592476
1.9748504999733997e-08;6.146029999945313e-08;1.4781324999057689e-06;0.0006573054000036791
1.705554500076687e-08;4.9594079999951646e-08;1.40539500003797e-06;0.0007021392000024207
1.6934279999986756e-08;5.5353099998319525e-08;1.5612425000290386e-06;0.0007371101999888197
1.9287894999433775e-08;5.6028140004491434e-08;1.5085439999529626e-06;0.0006117324000224471
1.9061854999745264e-08;5.295614000060596e-08;1.4531664999958594e-06;0.0006861138000385836
1.7552730000170414e-08;6.455067999777384e-08;1.487965499982238e-06;0.0006810137999709695
2.0305690000532195e-08;6.489447999629192e-08;1.493969000002835e-06;0.0006088030000100844
2.140263000037521e-08;6.131166000268422e-08;1.5129750000778585e-06;0.0007545469999895431
1.7936259999987668e-08;5.8234339999035e-08;1.443033999967156e-06;0.0008365293999668211
1.9618474999151657e-08;5.746010000002571e-08;1.5069970001059118e-06;0.0006709810000029392
2.1118499999283812e-08;7.415834000566974e-08;1.4981500001158565e-06;0.0007761157999630086
2.1798290000879204e-08;6.261587999761105e-08;1.565643999929307e-06;0.0007723107999772765
2.1589930000482128e-08;6.113558000070043e-08;1.5832344999944326e-06;0.0008201325999689288
1.8386190000455827e-08;5.357112000347115e-08;1.426818500040099e-06;0.0006796831999672576
1.802289499901235e-08;5.830731999594718e-08;1.6689880000194535e-06;0.0007114594000158832
1.8834369999240152e-08;6.168936000321992e-08;1.4526060000935104e-06;0.0006062958000111393
1.8440164999628905e-08;5.604157999623567e-08;1.4617550000548362e-06;0.0006696290000109002
1.655524499947205e-08;5.050252000219189e-08;1.4696749999711755e-06;0.000590407799987588
1.559494499961147e-08;5.678249999764375e-08;1.5574264999304432e-06;0.0006267531999619677
1.6929125000024216e-08;6.275523999938742e-08;1.5065759999561123e-06;0.0005833354000351392
2.487117999990005e-08;4.835804000031203e-08;1.5313385000627022e-06;0.0005870886000338941
2.0214715000474826e-08;5.177655999432318e-08;1.4495409998926334e-06;0.0006397632000152953
1.887045500043314e-08;5.3589980001561345e-08;1.4740365000034216e-06;0.0006169238000293262
1.953528500016546e-08;4.92231999989599e-08;1.367706999881193e-06;0.0006323922000010498
1.720700999867404e-08;6.71810399973765e-08;1.5677449999202508e-06;0.0006241041999892332
1.749798499949975e-08;5.797632000176236e-08;1.4078434999100863e-06;0.0006558360000490211
1.715175999997882e-08;5.2970820001792163e-08;1.4731065000523814e-06;0.0006055255999672227
1.6975464999268297e-08;5.419984000036493e-08;1.5154219999385532e-06;0.0005880870000110008
1.7811470000015105e-08;5.136380000039935e-08;1.4871080000011716e-06;0.0006626918000401929
1.7305440000200177e-08;5.459107999922708e-08;1.5520750000723638e-06;0.0006290904000052251
1.6992050000408197e-08;5.474823999684304e-08;1.4661789999809116e-06;0.0006389376000151969
1.572413000103552e-08;6.25527800002601e-08;1.4868774999922607e-06;0.000621763400034979
1.8566334999923128e-08;5.227797999978065e-08;1.448915999935707e-06;0.0005900230000261217
1.7010045000643003e-08;5.009186000097543e-08;1.5079125000920613e-06;0.0006156949999858625
1.6016949999902864e-08;5.3516080003464596e-08;1.5253034999477677e-06;0.0005763409999781288
1.6959414999291768e-08;5.572560000000522e-08;1.4178449999599252e-06;0.0006195066000218503
1.6345994999574033e-08;4.854197999811731e-08;1.3812489999691024e-06;0.0006445545999449678
1.9872984998801257e-08;4.8745379998581484e-08;1.4270609999948647e-06;0.0006053461999981665
1.6326970000227446e-08;4.898049999610521e-08;1.4432074999785981e-06;0.0006940969999996014
1.91997949994402e-08;6.535511999973096e-08;1.4364214999659452e-06;0.0007042092000483536
1.7116665000503418e-08;5.473464000388049e-08;1.4551924999977928e-06;0.0006407763999886811
1.749604500073474e-08;5.3199940000195056e-08;1.7981495001004077e-06;0.0008799503999762237
1.5342050000617747e-08;5.86040000023786e-08;1.762717999954475e-06;0.0008220847999909893
1.91231599994353e-08;5.0525759998708964e-08;1.7230760000529699e-06;0.0009364717999706044
1.7017684999154882e-08;5.000817999825813e-08;1.7844704999879469e-06;0.0007988087999983691
1.8906620000780094e-08;4.772630000370555e-08;1.72496350001893e-06;0.0007802054000203498
1.595161500008544e-08;6.10439000010956e-08;1.8327205000969117e-06;0.0008799903999897651
1.668231000076048e-08;5.0135780003620314e-08;1.896804499992868e-06;0.0008549580000108108
1.603729999915231e-08;4.6869820001302284e-08;1.802433499979088e-06;0.000803312600008212
2.027436499920441e-08;5.4281099996296686e-08;1.8373754998901858e-06;0.0008917689999798313
1.887948499934282e-08;5.784493999672122e-08;1.9115519999468233e-06;0.000979254600009881
1.8004305000067688e-08;5.172206000424922e-08;1.7810165000264534e-06;0.0008324809999903664
2.0444459999271203e-08;4.941152000101283e-08;1.818562499975087e-06;0.0007863146000308916
2.079037000075914e-08;5.037728000315837e-08;1.7791490000672639e-06;0.0008508020000299439
1.7352535000827628e-08;5.2715119998902084e-08;1.70135799999116e-06;0.0008377054000156932
1.577617500006454e-08;4.9495620001107456e-08;1.7529585000011139e-06;0.0008807297999737784
1.7818344999977853e-08;5.272196000441909e-08;1.8945979999261908e-06;0.0010577230001217685
1.7307669999718202e-08;5.036079999990761e-08;1.7578575000516139e-06;0.0007881474000168965
1.7137135000666605e-08;5.383410000358708e-08;1.7875994999485556e-06;0.0008607530000153929
2.047010000096634e-08;6.357513999682851e-08;1.7780600000696722e-06;0.0009109955999883823
1.855290999956196e-08;6.339101999765262e-08;1.7511424999975134e-06;0.0008517331999610178
2.136760000139475e-08;6.011395999812522e-08;1.8719630000123288e-06;0.0008078237999579869
2.3284179999609478e-08;5.736554000177421e-08;1.951363500120351e-06;0.0010308751999982633
2.1157769999990705e-08;5.5019899999024344e-08;1.915288500022143e-06;0.0010676772000151687
2.2824060000129976e-08;5.58651200029999e-08;2.008080999949016e-06;0.0010010295000392943
1.767214499996044e-08;5.994723999756388e-08;1.8968565000977834e-06;0.0010947271999903023
1.885545999975875e-08;5.526351999724284e-08;1.946705500013195e-06;0.0009732203999883495
1.7863470000156668e-08;5.5255280004348605e-08;1.9601684999361167e-06;0.001164231500006281
2.1062210001400673e-08;5.5163579998770726e-08;2.0070255000609904e-06;0.001004804200027138
2.240423000184819e-08;5.607970000128262e-08;2.041972999868449e-06;0.001175055999920005
1.5998065000167117e-08;5.455063999979757e-08;1.8437809999159071e-06;0.0010167676000273787
2.0226769999135284e-08;5.523979999707081e-08;1.951775499910582e-06;0.0010118495000642725
1.7344615000183694e-08;5.403190000215545e-08;1.8721340000047348e-06;0.0009452191999880597
1.6439735000312795e-08;5.8646719995886086e-08;1.8776750001416076e-06;0.0009776933999964968
2.0311775000300258e-08;5.159357999800704e-08;1.941256499994779e-06;0.0010664942000294104
1.524183000001358e-08;5.5896340002072976e-08;1.7428420000942423e-06;0.0009231277999933809
1.8701555000734515e-08;5.226931999786757e-08;2.067658999876585e-06;0.0008323224000050686
1.620070500066504e-08;4.6780059998854995e-08;1.8145269999513403e-06;0.0009419218000257388
1.8006199999945237e-08;5.080206000129692e-08;1.7666169999574777e-06;0.0007673080000095069
1.7945150000741704e-08;5.7677800004603344e-08;1.7501520000223536e-06;0.001098688499914715
1.560733999940567e-08;5.322386000188999e-08;1.78709150000941e-06;0.0007714620000333525
1.6978584999742452e-08;4.3818779999855905e-08;1.7433330000494608e-06;0.0008325595999485813
1.6013444999407512e-08;5.2521480002906175e-08;1.9028734999301378e-06;0.0008940258000511676
1.6895674999977928e-08;4.916132000507787e-08;1.7470450000837446e-06;0.0007623336000251584
1.4831955000408926e-08;4.6351480000885206e-08;1.7929360001289751e-06;0.0009431744000175968
1.528693000000203e-08;5.224098000326194e-08;1.7934899999818299e-06;0.0008430605999892578
1.5600770000310148e-08;5.141374000231735e-08;1.7597764999663922e-06;0.0008427711999975145
2.298521999910008e-08;4.9725260003469884e-08;1.8532199999026488e-06;0.0008553659999743104
2.0312779999221677e-08;6.416300000273622e-08;1.936141500045778e-06;0.0009402482000296004
1.8921810000028926e-08;4.711351999430917e-08;1.8049785000039264e-06;0.0007940176000120118
1.644300499901874e-08;4.891780000180006e-08;1.9456334999995308e-06;0.0010611125000286848
1.7093610001029448e-08;5.765264000510797e-08;1.8666925000434275e-06;0.000972198200004641
1.7705754999769853e-08;5.1104439998744055e-08;1.8046575000334996e-06;0.0009085222000139766
1.8119805000605993e-08;5.3044259996386245e-08;1.8019060000369791e-06;0.0008134701999952085
1.8297850000089965e-08;4.9958060000790284e-08;1.7667625000467523e-06;0.0008542876000283286
1.8510894999781157e-08;5.3341639996506274e-08;1.859398000087822e-06;0.0008657489999895915
1.937037500028964e-08;5.084564000135288e-08;1.866110499977367e-06;0.0011021560001245234
1.7485344999295194e-08;5.5434900004183874e-08;1.8066520000866148e-06;0.0008275919999578037
1.945914499956416e-08;5.2944379998371006e-08;1.8595650000497698e-06;0.0009727718000067398
1.7525480000767856e-08;6.449542000191286e-08;1.8569540001044516e-06;0.001017515400017146
1.705173499940429e-08;6.389216000097804e-08;1.7689894999784883e-06;0.0010248275999911129
1.9114609999815004e-08;5.869197999709286e-08;1.9589999999152495e-06;0.0008012465999927372
2.090953000006266e-08;5.255096000037156e-08;2.0500660000834615e-06;0.0008624446000321768
1.874019499955466e-08;5.132745999726467e-08;1.8632555000658612e-06;0.0008459428000496701
1.9592445000307636e-08;5.931704000104219e-08;1.8953669999609702e-06;0.000923313999956008
1.5816540000378155e-08;5.706939999945462e-08;1.7275394999887795e-06;0.0009287592000328005
1.672769500000868e-08;5.333906000014395e-08;1.7819464999774936e-06;0.0008725564000196755
1.6589145000034477e-08;5.6067959999199954e-08;1.8737625000358093e-06;0.0009525760000105947
1.7070849999436177e-08;5.253508000168949e-08;1.9807669999136123e-06;0.0008825766000081785
1.5778194999438712e-08;5.664502000436187e-08;1.886056500079576e-06;0.0008990021999925375
1.937532000010833e-08;4.8961859999690205e-08;1.919004499941366e-06;0.0008934249999583699
2.0253285000217146e-08;5.684469999978319e-08;1.7731109999294859e-06;0.0007943087999592535
1.8235319999803323e-08;5.217872000066563e-08;1.7388110001047607e-06;0.0008367814000230282
1.7132920000585726e-08;5.606533999671228e-08;1.7412900000636e-06;0.0009161318000406027
1.623954499955289e-08;5.083556000026874e-08;1.8306949999532662e-06;0.0008913912000134588
1.7587320000166075e-08;5.474470000481233e-08;1.8818364999606273e-06;0.00089611979998881
2.1129069998278282e-08;6.129363999934867e-08;1.7711585000506603e-06;0.0008174913999973797
1.7625025000597815e-08;6.291524000116623e-08;1.7348514999321196e-06;0.0008710356000228785
1.6952159999345895e-08;5.861148000112735e-08;1.806347999954596e-06;0.0008401941999909468
1.7230584999197162e-08;5.182588000316173e-08;1.8459760000405368e-06;0.0009305236000218429
1.5759025000443217e-08;5.4229480004869403e-08;1.8382279999786988e-06;0.0007976357999723404
1.6362974999356084e-08;5.0313040002947676e-08;1.7420454999955837e-06;0.0008240740000037476
1.6145074999076315e-08;5.810457999468781e-08;1.7212644999381155e-06;0.0008736957999644801
1.5774994999810588e-08;5.2826679998543114e-08;1.87603800004581e-06;0.0009102409999468364
1.799073000001954e-08;5.1150820002658295e-08;1.78252199999406e-06;0.0008152637999737635
1.7060579999815673e-08;5.054734000004828e-08;1.7957814999681431e-06;0.000766395199985709
1.605872500076657e-08;5.03538999997545e-08;1.7514925000432412e-06;0.0009027162000420503
1.653983500000322e-08;5.050468000117689e-08;1.8121560000872705e-06;0.0009407590000191703
1.6145485000743065e-08;5.367965999757871e-08;1.7724844999611378e-06;0.0008422004000167362
1.5721610000764485e-08;5.185191999771632e-08;1.7551274999277667e-06;0.000791502199950628
2.1076029998948798e-08;5.7920019997982306e-08;1.8322379999153782e-06;0.0008584843999706208
1.6449974999704862e-08;6.032550000236369e-08;1.8179190000228117e-06;0.0008930553999962285
1.704987999983132e-08;4.969981999602169e-08;1.8436099999235011e-06;0.0008536229999735951
1.650616999977501e-08;5.0133480003569275e-08;1.8073565000668167e-06;0.0008781923999777064
1.563851499959128e-08;4.771809999947436e-08;1.8326549998892005e-06;0.0009253563999664039
1.585993500048062e-08;5.34981400007382e-08;1.6970509999373462e-06;0.000901709400000982
1.6303065000101923e-08;4.983925999840722e-08;1.928961500088917e-06;0.0010635675000958144
1.666743999958271e-08;5.678916000179015e-08;1.899274500028696e-06;0.000924044799990952
1.8266054999548942e-08;5.3483200003392996e-08;2.0100680002360605e-06;0.0008261749999946915
2.394477000052575e-08;6.045440000016242e-08;2.0486639998853205e-06;0.000841015600017272
1.842451500124298e-08;5.4592639999464155e-08;1.7682505000266247e-06;0.0008317662000190466
1.7771460000949446e-08;7.040439999545925e-08;2.1675859999959358e-06;0.001030540600011591
1.5992479999840724e-08;7.793269999674522e-08;2.2354239999549464e-06;0.0010329744999762625
1.5326805000950116e-08;6.77825800026767e-08;2.2091949998866768e-06;0.0011715755999903194
1.558449500007555e-08;7.335089999833144e-08;2.1286879997933283e-06;0.0010713394999038429
1.872719500097446e-08;7.233452000073157e-08;2.1385759999975562e-06;0.0009894013999728487
1.6067204999853857e-08;7.218292000470684e-08;2.060285000188742e-06;0.0010573724000132643
1.8736405001254753e-08;7.132426000316628e-08;2.4163010000484065e-06;0.0009884457999723964
1.7893855000147597e-08;6.911574000259861e-08;2.1973799998522734e-06;0.0009313133999821729
1.6650750000553673e-08;8.416377999819816e-08;2.2945810001692733e-06;0.0010115945000143255
1.740770999895176e-08;7.498125999700278e-08;2.1225360000971705e-06;0.0010728742000064813
1.6740890000073704e-08;8.01121000025887e-08;2.2426469999481922e-06;0.0010280300000158604
1.786175000015646e-08;8.304421999491751e-08;2.1895849998691118e-06;0.0010787630001141224
2.129514500120422e-08;7.084028000244871e-08;2.121716999972705e-06;0.001122371499950532
1.9103449999238365e-08;1.0148574999766425e-07;2.127617999794893e-06;0.0011301605000335257
1.763414499873761e-08;8.428221999784e-08;2.324568000040017e-06;0.001235774999950081
2.017690000066068e-08;6.934161999961362e-08;2.3578489999636076e-06;0.0010830590000841767
1.7741735000163318e-08;7.471703999908641e-08;2.1591530001023785e-06;0.0010065195999923162
1.6843460001109635e-08;6.718030000338331e-08;2.2655710001708938e-06;0.0010316605000116397
1.881573999999091e-08;7.796622000169008e-08;2.2429270000429825e-06;0.0012474429998837876
2.017158499947982e-08;7.406228000181727e-08;2.088475000055041e-06;0.0011153794999700039
1.7841469999984838e-08;7.746038000332191e-08;2.0686219999333844e-06;0.0010328944999491796
1.9410994999634567e-08;8.318589999689721e-08;2.506201999785844e-06;0.0009803822000394576
2.04100050003035e-08;1.0502020000421908e-07;2.125135000096634e-06;0.001044724999985192
2.2727109998231753e-08;8.235558000160382e-08;2.1233149999170563e-06;0.0010964750000857749
1.6731820000859443e-08;7.002579999971203e-08;2.0783030000166035e-06;0.0010554644999501762
1.634282000013627e-08;7.579034000518732e-08;2.0705749999615363e-06;0.001099201400007587
2.079776999889873e-08;6.801110000233166e-08;2.179965999966953e-06;0.001004617500002496
1.6919190000044183e-08;8.128711999743246e-08;2.190818999952171e-06;0.001150262000010116
1.744765500043286e-08;7.690947999944911e-08;2.1571590000530706e-06;0.0010449515000800602
1.557844000053592e-08;7.026573999901302e-08;2.112259000132326e-06;0.0010306729999138042
1.4920665000681766e-08;6.68138800014276e-08;2.212314000062179e-06;0.001091487199999392
2.174654000264127e-08;7.805274000274948e-08;2.4780620000092312e-06;0.0012217899999814109
2.373900999955367e-08;8.067731999908574e-08;2.191754000086803e-06;0.0010862369999813382
1.6883725000661797e-08;1.0236924998753238e-07;2.397435999882873e-06;0.0015181334999215324
1.9566615000076126e-08;8.789061999996192e-08;2.1336940000765026e-06;0.001267597999976715
1.9369784998707472e-08;7.720224000513554e-08;2.1188179997261615e-06;0.001172428999998374
1.8440954999823587e-08;7.980473999632523e-08;2.317406999936793e-06;0.0011927989999821875
2.20050550007727e-08;9.279716000310146e-08;2.432991999958176e-06;0.0010786010000447277
1.8367250000301284e-08;7.700574000482448e-08;2.0580720002180897e-06;0.0011517155000183266
2.4730090000957716e-08;8.74418399995193e-08;2.2395010001491754e-06;0.0011338885000441224
2.1366499998839573e-08;6.797397999907843e-08;2.172121000185143e-06;0.001269393999973545
1.6590685000119265e-08;8.695146000245586e-08;2.473296000098344e-06;0.0011419379999279044
2.2926999998162502e-08;8.210656000301242e-08;2.4331559997517616e-06;0.0010300723999971523
1.614429500041297e-08;7.509216000325977e-08;2.1577179999439978e-06;0.0012040980000165291
2.1246745000826194e-08;8.151195999816992e-08;2.1940980001818387e-06;0.0012648510000144598
2.0868219999829306e-08;8.097272000159137e-08;2.3318330000620334e-06;0.0011494149999634828
1.725862000021152e-08;7.452546000131405e-08;2.3196089998236857e-06;0.0013004150000051596
2.012725999811664e-08;8.293940000003204e-08;2.094949999882374e-06;0.0011433000001125038
2.1946270001353694e-08;7.282462000148371e-08;2.307454000110738e-06;0.0013590530000510625
2.3771230000420475e-08;8.034630000474863e-08;2.3161099999560974e-06;0.0013064980000490323
1.6366234999441075e-08;9.577828000183217e-08;2.151721999980509e-06;0.0010337929999514018
2.343970999936573e-08;7.690839999704622e-08;2.2773089999100195e-06;0.001057604999950854
2.140425000106916e-08;7.9335120000178e-08;2.5245209998684004e-06;0.001264002999989316
1.640853999997489e-08;8.151215999969281e-08;2.4407510002492925e-06;0.0013928894999844488
1.9069185000262223e-08;8.428987999795936e-08;2.3593880000407807e-06;0.0011745030000747648
2.0871989999432117e-08;8.925355999963358e-08;2.2506090000388214e-06;0.0015824335000070278
2.1582509999279865e-08;8.910541999503038e-08;2.1863869999651795e-06;0.0010836399999971035
1.7825269998866133e-08;7.215638000052422e-08;2.1230959999957123e-06;0.001182828500022879
2.0681800000602378e-08;7.578900000080466e-08;2.3119270001188853e-06;0.0011799780000001192
2.0726669998839497e-08;7.676963999983854e-08;2.2315979999257253e-06;0.0010405249999894295
1.844194500008598e-08;7.009145999909378e-08;2.2984089999226853e-06;0.001312130000005709
1.9580290000885726e-08;8.086001999909058e-08;2.3692080000182615e-06;0.0010252329999639188
2.389455999946222e-08;7.172969999955967e-08;2.2367380000650884e-06;0.001134660499956226
1.7509324999991803e-08;7.275755999726243e-08;2.126482000167016e-06;0.0009773500000010244
1.750741500000004e-08;8.308953999658115e-08;2.0738799998071044e-06;0.0010284524000016971
2.1274575000279584e-08;6.897473999997601e-08;2.3118040000554173e-06;0.0010439454999868758
1.7642720000003466e-08;6.626295999740251e-08;2.1280649999971503e-06;0.0011608439999690745
1.8103720000362955e-08;7.499010000028647e-08;2.2408349998295305e-06;0.0011496579999220559
1.709582500043325e-08;7.67851000011433e-08;2.167193000204861e-06;0.001026990999962436
1.5109909999591765e-08;7.479074000148103e-08;2.1419860000605697e-06;0.0010597134999989065
1.5768684999784456e-08;7.942277999827639e-08;2.098132999963127e-06;0.00110208350000903
1.766514500050107e-08;6.872342000133357e-08;2.4144979999982753e-06;0.001144254999962868
2.216031000134535e-08;6.932623999891803e-08;2.1932299999753014e-06;0.0009605701999971643
2.0509360000141895e-08;7.221955999848433e-08;2.1799440000904725e-06;0.0009796282000024803
1.62880399991991e-08;7.422657999559305e-08;2.1077820000937207e-06;0.000985587800038047
1.7053504999785217e-08;7.225069999694825e-08;2.13314900000114e-06;0.0009931590000051074
1.549148500052979e-08;7.002319999737665e-08;2.1338820000528357e-06;0.001104203399969265
1.701722500001779e-08;6.852642000303603e-08;2.2428549997857773e-06;0.0011193089999142103
1.5472425000916702e-08;6.991269999998622e-08;2.1656850000726992e-06;0.0012996634999581148
1.7707064999558496e-08;7.2841119999066e-08;2.12603299994953e-06;0.001095550399972126
2.3320639997837133e-08;7.321466000285e-08;2.301999000192154e-06;0.0010666180000407622
1.6210450000653508e-08;6.638363999663852e-08;2.1739529998740183e-06;0.001216925800021272
1.6600060000200756e-08;7.19342999975197e-08;2.278851000010036e-06;0.0009428524000104517
1.7887880001217126e-08;7.246807999908924e-08;2.221076999849174e-06;0.001066906599968206
1.7405460000736638e-08;7.49110600037966e-08;2.102573000011034e-06;0.0010358694999013096
1.60429399998975e-08;6.887371999910101e-08;2.205039999971632e-06;0.0010397909999301192
1.669841999973869e-08;7.899188000010327e-08;2.2791260000667536e-06;0.0010677164000226186
1.6751190001377835e-08;6.790295999962836e-08;2.0861919998424127e-06;0.0009263322000042536
1.566790999931982e-08;8.188970000483096e-08;2.2182840001187286e-06;0.0010466645000269637
1.7613389999314676e-08;6.956319999881088e-08;2.212166000099387e-06;0.0010811880000983366
1.7083945000194945e-08;7.019373999792151e-08;2.050466999935452e-06;0.0010140649999957532
1.7267904999607707e-08;6.522752000018954e-08;2.1573500000522473e-06;0.0012653159999172204
1.777923500048928e-08;7.358495999942534e-08;2.159834000049159e-06;0.0009868618000182323
1.7324775000452063e-08;6.294882000074721e-08;2.2523340000770987e-06;0.0011292455000511837
1.6805059999751392e-08;6.821865999954752e-08;2.2502099999110212e-06;0.00101237620000029
1.660138500010362e-08;7.011240000138059e-08;2.1263640001416205e-06;0.0010009786000009626
1.6613675000553484e-08;6.306648000027053e-08;2.167230999912135e-06;0.0011712910000642295
1.8765730000450275e-08;7.670382000505924e-08;2.1295329998247328e-06;0.0010412177999969572
1.7506429999775718e-08;7.143776000011713e-08;2.2225340001750737e-06;0.0011321328000049107
1.766256999981124e-08;7.208446000004188e-08;2.203006999916397e-06;0.0011492120000184513
1.774631999869598e-08;4.756665999884717e-08;1.2899774999823422e-06;5.462861999985762e-06
1.6809345000365282e-08;4.887085999944247e-08;1.401563000108581e-06;5.669523999677039e-06
1.6745690000243486e-08;4.771708000334911e-08;1.3558919999923092e-06;5.614392000134103e-06
1.7055350000737235e-08;5.410812000045553e-08;1.2885944999288768e-06;5.636820000363514e-06
1.7325505000189878e-08;5.569166000350378e-08;1.3956270000198855e-06;5.847815999877639e-06
1.7932095000287517e-08;5.27020999987144e-08;1.310345500096446e-06;5.849518000031821e-06
1.6491844999836757e-08;4.787789999973029e-08;1.3478670000040437e-06;5.69933399965521e-06
1.948984499904327e-08;5.436144000268541e-08;1.4198265000595711e-06;5.487499999580905e-06
1.725052499969024e-08;4.833068000152707e-08;1.4029244999983348e-06;6.216348000452854e-06
1.9513089999963994e-08;5.115288000088185e-08;1.3582129999122117e-06;5.80358199949842e-06
1.6894714999943972e-08;5.024936000118032e-08;1.2955035000049974e-06;6.329746000119485e-06
1.8407740000111515e-08;6.664807999623008e-08;1.3147125000250526e-06;6.206875999923796e-06
1.8373704999976324e-08;5.4730959999142216e-08;1.2707529999897816e-06;5.754375999676995e-06
1.6880090000631753e-08;4.89977799996268e-08;1.3246695000270846e-06;5.547529999748803e-06
1.6715659998590127e-08;5.745450000395067e-08;1.298864999989746e-06;5.561653999611735e-06
1.5087904999381863e-08;5.056279999553226e-08;1.2541325000347569e-06;5.807338000158779e-06
1.649081500072498e-08;5.411514000152238e-08;1.2938204999954904e-06;5.546925999806263e-06
1.569520500052022e-08;5.140170000377111e-08;1.3872329999867362e-06;6.209389999858104e-06
1.5828329999931156e-08;5.0136300001759085e-08;1.3432024999929125e-06;5.710086000035517e-06
1.5813635000085922e-08;5.093453999725171e-08;1.3878875000227708e-06;6.303465999662876e-06
1.607750999974087e-08;4.93542600015644e-08;1.3611744999070653e-06;5.5950700002722445e-06
1.7279725000844338e-08;4.690224000369199e-08;1.3937869999790564e-06;5.420834000105969e-06
1.871359999931883e-08;5.05432199977804e-08;1.3349890000245068e-06;6.291442000074312e-06
2.174018000077922e-08;5.153752000187524e-08;1.3847044999420177e-06;5.384911999572068e-06
1.771312999917427e-08;4.8599259997718034e-08;1.3529045000905171e-06;5.992499999701977e-06
1.7684374999953435e-08;5.3691079997224736e-08;1.2941400001000148e-06;5.6337980000535025e-06
1.7190210000262595e-08;4.9765199999092146e-08;1.3113044999772682e-06;6.222973999683745e-06
1.5749335000873544e-08;4.75380000018049e-08;1.3284905000182334e-06;5.318533999961801e-06
1.67971850009053e-08;4.5610240002861244e-08;1.2524624999787194e-06;5.655279999482445e-06
1.5755704999901355e-08;4.5777099998667835e-08;1.3151654999819583e-06;5.425129999639467e-06
1.6517164999095258e-08;4.5403559994883834e-08;1.331827000103658e-06;5.720368000329472e-06
1.494912500056671e-08;4.5382679998874664e-08;1.313384500099346e-06;5.491480000200682e-06
1.6098390000115615e-08;4.948892000247724e-08;1.3496280000254045e-06;5.435159999760799e-06
1.5291020000586287e-08;4.8930000001564624e-08;1.3885485001082998e-06;5.670741999638267e-06
1.640822500048671e-08;4.9622799997450784e-08;1.2846750000608154e-06;5.511434000218287e-06
1.669030500052031e-08;4.9955619999673216e-08;1.348435999971116e-06;5.264585999539122e-06
1.785295000008773e-08;5.253544000443071e-08;1.4139330000034533e-06;5.430476000183262e-06
1.6132100000686478e-08;4.8289460001979024e-08;1.318370000080904e-06;5.285102000343613e-06
1.6758275000029244e-08;5.133633999503218e-08;1.2804359999427107e-06;5.39679600042291e-06
1.523358999984339e-08;5.518726000445895e-08;1.2898794999637174e-06;5.566431999905035e-06
1.729233500082046e-08;5.664367999997921e-08;1.3405609999608714e-06;5.7960579998325555e-06
1.713523000071291e-08;5.4400140000507236e-08;1.2833199999295175e-06;5.640789999742992e-06
1.5581875000498257e-08;4.948564000078477e-08;1.3153124999371357e-06;5.552404000191018e-06
1.6398010001285e-08;4.992144000134431e-08;1.35318050000933e-06;5.525250000064261e-06
1.6326220000337345e-08;5.0904620002256704e-08;1.263706499885302e-06;5.7384540000930425e-06
1.8500514999323058e-08;5.7540819997666405e-08;1.4248734999273438e-06;5.314603999722749e-06
1.618109499977436e-08;5.869909999892116e-08;1.3188394998724107e-06;5.9189179999521006e-06
1.9479834999947342e-08;5.736934000160545e-08;1.3330970000242814e-06;5.821627999539487e-06
1.886130500060972e-08;5.731979999691248e-08;1.3432834998820909e-06;5.655553999822587e-06
2.4945699999807403e-08;5.91454999987036e-08;1.4068179999594577e-06;6.227283999905922e-06
1.9378185000095982e-08;6.301979999989271e-08;1.4085529999283608e-06;6.407125999685377e-06
1.981068500026595e-08;5.2606280002510173e-08;1.3114515000779648e-06;5.752512000035495e-06
1.5879950000089595e-08;5.241256000008434e-08;1.3325785000051837e-06;5.874172000330873e-06
1.78327800007537e-08;5.154869999969378e-08;1.3385564999771305e-06;5.614148000022396e-06
1.6150924999965354e-08;5.342432000325061e-08;1.3810804999957326e-06;5.6597180000972e-06
1.6550969998934308e-08;6.009703999734484e-08;1.283343500108458e-06;5.634068000363186e-06
1.6303164999408182e-08;5.4190959996776655e-08;1.3082524998753797e-06;5.763743999996222e-06
1.6381805000128224e-08;5.2364480000687763e-08;1.2625005000154487e-06;6.146286000148393e-06
1.9264909999037627e-08;5.6117279996396975e-08;1.2999084999319165e-06;5.423255999921821e-06
1.736947000026703e-08;6.19444600015413e-08;1.3479545000882354e-06;5.536217999760993e-06
1.9262205000268294e-08;5.361828000168316e-08;1.3079835000098682e-06;6.622259999858216e-06
2.1424909998313524e-08;5.3767879999941214e-08;1.3002569999662228e-06;5.779435999575071e-06
1.743949999945471e-08;5.387087999843061e-08;1.3072449999162927e-06;5.937175999861211e-06
1.8670135000138544e-08;5.4204460000619295e-08;1.4006949999020435e-06;5.938444000203163e-06
2.2011100000236183e-08;6.398342000320554e-08;1.320811500045238e-06;6.1337219999404625e-06
1.696912500046892e-08;5.336154000251554e-08;1.4581750000070315e-06;5.9195960004581135e-06
1.971985499985749e-08;5.8908920001704246e-08;1.3243374999728986e-06;5.589614000055008e-06
1.7935824999585748e-08;5.613355999812484e-08;1.3253900001291185e-06;5.512786000035703e-06
1.629370000009658e-08;4.876205999753438e-08;1.345593000005465e-06;5.714702000259422e-06
1.6067344999464693e-08;5.2911719999974597e-08;1.3192749999871011e-06;5.84837400005199e-06
2.1756380001897925e-08;5.221254000207409e-08;1.3567049999255687e-06;5.871838000020944e-06
1.644998999981908e-08;5.2687459997832775e-08;1.330467000079807e-06;5.763487999793142e-06
1.548252000065986e-08;5.169806000194512e-08;1.3141755000106058e-06;6.058335999841802e-06
1.8976550000661517e-08;5.0385519996052606e-08;1.3305420000688173e-06;5.6555039994418625e-06
1.7321584999444894e-08;5.423327999887988e-08;1.3633550000668038e-06;6.061383999767714e-06
1.8270640000991988e-08;5.4835539998020975e-08;1.3371675000234973e-06;5.898394000250846e-06
1.6437959999893792e-08;5.097330000135116e-08;1.2831729999743401e-06;5.587492000195198e-06
1.703523000032874e-08;5.413901999709196e-08;1.384004499996081e-06;5.532970000058413e-06
1.7266804999962915e-08;5.838212000089697e-08;1.3208325000596234e-06;5.531337999855168e-06
1.557186999998521e-08;5.1017360005062076e-08;1.3109979999717326e-06;5.6210520002059635e-06
1.7619154999556486e-08;5.1000979996751994e-08;1.353774000017438e-06;5.608869999996387e-06
1.8282354999973906e-08;4.9615640001138674e-08;1.353438000078313e-06;5.403206000337377e-06
1.7036540000117385e-08;5.50941200053785e-08;1.3688545000331942e-06;5.450996000436135e-06
1.7328995000571014e-08;5.421974000055343e-08;1.386429499980295e-06;5.817062000278383e-06
1.7114600000786595e-08;5.669262000010349e-08;1.3177014999382664e-06;5.622794000082649e-06
1.8167499999981372e-08;5.362992000300437e-08;1.3887019999674521e-06;5.901062000193633e-06
1.784273499943083e-08;4.902213999885134e-08;1.3044885000272187e-06;5.4866579995723445e-06
1.7282419999537524e-08;5.24288400018122e-08;1.3760450000700075e-06;5.754683999693952e-06
1.710134000022663e-08;6.372905999887734e-08;1.2874025000201072e-06;5.6083999999100345e-06
1.7538325001078193e-08;5.2395240002078934e-08;1.3468355000077281e-06;5.740676000132225e-06
1.6195379999408032e-08;4.9108639999758454e-08;1.3026010000612588e-06;5.677218000055291e-06
1.599244999961229e-08;5.237681999569759e-08;1.3023840000096242e-06;5.722944000153802e-06
1.8318464999902063e-08;5.2500940003665167e-08;1.2919185000646395e-06;5.4883200000040236e-06
1.8538414999784437e-08;5.290034000063315e-08;1.2989850000303703e-06;6.368465999839827e-06
1.840872000029776e-08;5.5639939999673516e-08;1.3132274999225047e-06;5.925243999809027e-06
1.5597594999417197e-08;5.007916000322439e-08;1.2651310001092496e-06;6.123748000245541e-06
1.6485785000259057e-08;5.054091999772936e-08;1.2862994999159127e-06;5.586780000012368e-06
1.6399310000997503e-08;5.5458139994880186e-08;1.4046954999503214e-06;5.320886000408791e-06
1.6220944999076892e-08;5.7426359999226404e-08;1.3351579998561647e-06;5.618130000075325e-06
1.488023499987321e-08;5.746806000242941e-08;1.345292000041809e-06;5.547025999985635e-06
1.5846230000897778e-08;5.075006000115536e-08;2.076021999819204e-06;0.0013416545001382473
1.710410499945283e-08;4.9955360003514216e-08;2.046509000065271e-06;0.0012573055000393652
1.6595565000898204e-08;5.0509120000060647e-08;2.034393999929307e-06;0.0012559685000451282
1.5963165000721346e-08;5.5976480001118036e-08;2.548411000170745e-06;0.0012773840001318603
1.791170000069542e-08;5.554296000045724e-08;2.023930999857839e-06;0.0013229174999287352
1.796784500038484e-08;5.113251999719069e-08;2.054894000175409e-06;0.0014199289999669417
1.936454499955289e-08;5.789951999904588e-08;2.078658000100404e-06;0.0012445470000966453
1.6177484999934678e-08;4.7801919997436926e-08;2.050732999923639e-06;0.0012489389999245759
1.8203740000899415e-08;4.625924000283703e-08;2.053172500018263e-06;0.0011780404999444727
1.563217499933671e-08;5.451763999881223e-08;2.0064819999970495e-06;0.0011737080001330469
1.635567999910563e-08;4.748999999719672e-08;2.0746520001557657e-06;0.00130243050007266
1.5528479999920818e-08;5.909172000247054e-08;2.067168999928981e-06;0.0013984550000168384
1.534036999946693e-08;4.91735800052993e-08;2.0846954999433364e-06;0.0012302260000433306
1.6201724999700673e-08;5.8791819994803516e-08;2.137038999935612e-06;0.0011957365000853314
1.5022310000495054e-08;4.729587999754585e-08;2.0641450001858175e-06;0.0011974705000466202
1.77203550003469e-08;4.7966020001331344e-08;2.117873000097461e-06;0.0013493044998904224
2.235385999956634e-08;5.1817639998625966e-08;2.0651695001288316e-06;0.0012292239999806042
1.6265925001061988e-08;5.205225999816321e-08;2.095740999939153e-06;0.0013185184999019838
1.6287965000083203e-08;4.8426600004313514e-08;2.0262989998445844e-06;0.001247931500111008
1.6745219999575057e-08;4.843899999978021e-08;2.0511029998306184e-06;0.001264423000102397
2.214419999800157e-08;4.817948000272736e-08;2.080137000011746e-06;0.0013387809999403544
1.7981575000158046e-08;5.394789999700151e-08;2.240004999912344e-06;0.0012726880000263918
1.6224805000820198e-08;5.114420000463724e-08;2.038056000019424e-06;0.0012269590000505558
1.602082000026712e-08;5.374653999460861e-08;2.2329699998954313e-06;0.0012619169999379665
1.8415379998623395e-08;4.95193200011272e-08;2.053447999933269e-06;0.001185362999967765
1.812964499986265e-08;5.6648219999624416e-08;2.1234410000033677e-06;0.001217602000106126
1.5190900000743567e-08;5.389440000290051e-08;2.126914000255056e-06;0.0013689595001051202
1.8022070000006353e-08;5.0120160001097245e-08;2.0677029999205843e-06;0.0011631280000437983
1.668181499990169e-08;5.286950000445358e-08;2.083991999970749e-06;0.0013583625000319443
1.670897000003606e-08;4.8185679997550324e-08;2.1369709999999033e-06;0.001290487999940524
1.5707380000094416e-08;4.760651999968104e-08;2.026146999851335e-06;0.0012096255000506062
1.853601499897195e-08;5.50195200019516e-08;2.0395850000204518e-06;0.0013837020000210033
1.6379915000288747e-08;5.6258160003926604e-08;2.1374519998789766e-06;0.0013774499999999535
1.78615600001649e-08;4.985820000292733e-08;2.017263999732677e-06;0.0012108234998595435
1.5247934999933933e-08;4.926172000123188e-08;2.0364010002231224e-06;0.0013105934999475721
1.4696759999787901e-08;5.39838399970904e-08;2.0473239998682403e-06;0.0012458189998869784
1.576939499936998e-08;4.6600620000390336e-08;2.03736099996604e-06;0.0012018019999959506
2.0292174999485722e-08;4.946161999832839e-08;2.023901000211481e-06;0.0012458294999669307
1.9587935000890866e-08;5.740109999896958e-08;2.012269999831915e-06;0.0013235235000320245
1.719119000044884e-08;5.792616000398993e-08;2.146649000060279e-06;0.001256293500046013
1.649681999988388e-08;5.7427099999040365e-08;2.1832760001416316e-06;0.0012311125000996981
1.6858299999148584e-08;5.441743999836035e-08;2.2233270001015627e-06;0.0013602380000520497
1.6364600000088104e-08;5.1196139998501164e-08;1.9894364998617674e-06;0.0012679455000034069
1.623651499976404e-08;4.813781999982893e-08;2.04741350011318e-06;0.0012754474999383091
1.7273480001313145e-08;4.8461320000933486e-08;2.0424899997306055e-06;0.0012044430000241846
1.5565179999975954e-08;5.440606000483967e-08;2.0121229998767374e-06;0.0012488655000925065
1.576398000033805e-08;5.519159999676049e-08;2.0529650000389667e-06;0.0012361100000271108
1.6518374999577645e-08;5.782626000000164e-08;2.145046000077855e-06;0.001181712000106927
1.6671429999405517e-08;5.0124940002569926e-08;2.1445909998146816e-06;0.001387638500018511
1.688758499949472e-08;5.6662379996851086e-08;2.3238549998495726e-06;0.0012607245000253898
2.1794539998518304e-08;5.1064880000194535e-08;2.234157999919262e-06;0.001186598999920534
1.7535050000878983e-08;6.589669999666512e-08;2.253130000026431e-06;0.0012606005000998265
1.5162409999175e-08;5.489802000229247e-08;2.1221749999676833e-06;0.0013401740000699646
1.529574500018498e-08;6.252349999849684e-08;2.144836999941617e-06;0.0012983094999799505
1.6915589998825452e-08;5.261590000009164e-08;1.971512000018265e-06;0.0013704750000033527
1.7115864998777396e-08;5.482114000478759e-08;2.012930999917444e-06;0.0013176715000008698
1.6041525000764523e-08;4.8658020002767446e-08;2.0448849999229424e-06;0.0011900345000321977
2.0094380000955427e-08;5.5798460001824425e-08;2.0448690000921486e-06;0.0012737930000002963
1.8091179999464656e-08;4.897555999923498e-08;2.1472620000713506e-06;0.0013162105000810698
1.69093199991039e-08;5.533439999562688e-08;2.0236339999246413e-06;0.0011495030000514817
1.7166214999451767e-08;5.1696939999237654e-08;2.095059000130277e-06;0.0012181755001074634
1.8809799999871757e-08;5.055022000451572e-08;2.159395000198856e-06;0.0013842299999669194
1.780938000010792e-08;5.246497999760322e-08;2.029857000161428e-06;0.0013515719999850262
1.766603500000201e-08;4.537965999916196e-08;2.054035000037402e-06;0.001200302500074031
1.7288319999352098e-08;5.429392000078224e-08;2.113326000107918e-06;0.0013069600000744684
1.6982930000813213e-08;5.1842259999830275e-08;2.1277589999954215e-06;0.0012782574999437202
1.630260500096483e-08;5.401663999655284e-08;2.005254999967292e-06;0.0012574920000042766
1.787400499888463e-08;5.168923999881372e-08;2.1167869999771937e-06;0.0013824520001071506
2.0085570000810548e-08;5.078292000107467e-08;2.287413000012748e-06;0.0013739165000151842
1.785511000052793e-08;5.8640879997983575e-08;2.090788000205066e-06;0.0011800370000128169
1.6777169999841135e-08;5.519590000039898e-08;2.049961999873631e-06;0.001294276500120759
1.550215499883052e-08;5.571206000167876e-08;2.1695470000850035e-06;0.0012224810000043362
1.618453999981284e-08;5.910571999847889e-08;2.3142860000371e-06;0.0013162124999507795
2.0670670000254177e-08;6.09158999985084e-08;2.1351870000944473e-06;0.0013390610000351443
2.129222999792546e-08;4.929860000265762e-08;2.203038000152446e-06;0.0012270770000759512
1.8496489999233746e-08;4.612997999647632e-08;2.1321180000086316e-06;0.0013122580001072492
2.062554000003729e-08;5.536972000263631e-08;2.0877300002030096e-06;0.0013478434999706225
1.7536374999326655e-08;5.592349999933504e-08;2.2308739999425595e-06;0.0012900225000339561
1.5300069999648257e-08;5.27587799995672e-08;2.225361000164412e-06;0.0014262885000789539
1.9230439999955705e-08;4.644588000373915e-08;2.0128539999132044e-06;0.0012641089998942335
1.699209499929566e-08;5.819595999782905e-08;2.097888000134844e-06;0.0012129209999693557
1.810162999900058e-08;5.6033880001632496e-08;2.175182000210043e-06;0.0012822645000414923
1.6155864999745972e-08;6.011025999905542e-08;2.1667615001206288e-06;0.0013960450000013226
1.7383929999778047e-08;4.923832000349648e-08;2.3225770000135525e-06;0.001344871500041336
2.1823080000467597e-08;5.337483999901451e-08;2.0428810000885277e-06;0.0013480265000544022
1.86518350004917e-08;5.787419999833219e-08;2.0446450001327322e-06;0.001185569000081159
1.5534860000479965e-08;5.348309999681078e-08;2.0815150000271386e-06;0.0013443890000053216
1.7068164999363945e-08;5.8931139996275303e-08;2.090485000226181e-06;0.0012540294999780599
1.550771500042174e-08;4.881770000210963e-08;2.1822439998504707e-06;0.0012032789998920634
1.5935430000536144e-08;4.761142000206746e-08;2.0937599999888335e-06;0.0012177205001353286
1.7155110000749117e-08;5.0063099997350946e-08;2.0692150000832043e-06;0.0012512760001118296
1.7236810000031254e-08;5.802984000183642e-08;2.062675999768544e-06;0.0012046955000550952
1.732062999944901e-08;4.877455999958329e-08;2.1357809999608434e-06;0.0011934225000732113
1.8076755000220147e-08;4.75471000012476e-08;2.1167469999636524e-06;0.0012014144999557175
1.5615549999347422e-08;4.9083759996574375e-08;2.055289000272751e-06;0.0012600950000341983
1.7757059998984914e-08;4.88640800002031e-08;2.041312000073958e-06;0.001196202999999514
1.4852225000504405e-08;5.173014000174589e-08;2.034711500018602e-06;0.0011924585000087974
1.8146525000338444e-08;4.89741800003685e-08;2.0015660001081415e-06;0.0013132995000341907
2.100321000034455e-08;5.248945999774151e-08;2.0373929999186656e-06;0.0012537395000981632
1.671247000049334e-08;4.6517679997486996e-08;2.052706999820657e-06;0.0012378444999922066
1.7381350000505336e-08;4.8354819999076424e-08;2.9491929998039268e-06;0.0022497529999236576
1.684759499912616e-08;5.2168819995131345e-08;2.922524999885354e-06;0.0024403040000470356
1.5819555000052787e-08;5.5925059999572115e-08;2.7506650000577794e-06;0.0022231680000550113
1.6357635000895244e-08;4.881242000265047e-08;2.8350059999502264e-06;0.002730492000118829
1.6294680000282825e-08;5.3780879999976606e-08;2.9261679999763144e-06;0.0022080800001276655
1.6529434999392835e-08;4.812296000309288e-08;2.875421000062488e-06;0.0024433320001116953
1.769235999963712e-08;5.618376000202261e-08;2.880365000164602e-06;0.002291341999953147
2.0480949999182485e-08;5.428073999937624e-08;2.84597699996084e-06;0.002233858999970835
1.8121680000331252e-08;4.810985999647528e-08;2.8672760000335982e-06;0.002195865999965463
1.8762019999849145e-08;5.7985120004741477e-08;2.931905000004917e-06;0.0021666070001083427
1.5444470000511502e-08;4.95898200024385e-08;3.0279510002583266e-06;0.0021789369999896733
1.9145030000072438e-08;4.9463759997161105e-08;2.9991500001051463e-06;0.0021076089999405665
2.0941019999736455e-08;5.325512000126764e-08;2.805379999917932e-06;0.0024620759999379517
1.722470999957295e-08;4.9169479997362944e-08;2.8337429999373854e-06;0.002195408999978099
1.5597345000423958e-08;5.027271999861114e-08;2.8089449999970384e-06;0.0022221560002071783
1.5279649999865798e-08;4.8514819995034485e-08;2.9331780000939033e-06;0.0023064500000327826
1.507832000061171e-08;4.808507999987342e-08;3.187052000139374e-06;0.002096247999870684
1.646870999975363e-08;4.8190099996281786e-08;2.8432820001034997e-06;0.002566812999721151
2.1036569998250345e-08;5.128604000201449e-08;2.9722659999970348e-06;0.0024337750000995584
1.553900500002783e-08;5.239631999866106e-08;2.9796340002212674e-06;0.0023768720001680777
1.7097649999777786e-08;4.934851999860257e-08;3.0381000001216307e-06;0.0022080699997604823
1.7967119999229908e-08;5.2480319997994226e-08;2.795554999902379e-06;0.002151128000114113
1.731901500024833e-08;5.062453999998979e-08;3.2911359998979608e-06;0.0024943679998978043
2.600856000208296e-08;5.265937999938615e-08;3.2263149999198505e-06;0.0023168930000974797
1.7486259998986497e-08;4.757882000412792e-08;3.0853079998632894e-06;0.0020560680000926367
1.7666519999329465e-08;6.897256000083872e-08;2.942539000068791e-06;0.0030360579999978653
2.0926080000936055e-08;5.8446100004948676e-08;2.8701999998884276e-06;0.002427787999913562
2.1348465001210572e-08;4.722240000264719e-08;3.0819350000820123e-06;0.002494730000034906
1.5818850000505337e-08;4.949736000271514e-08;2.9174079999211243e-06;0.0026484020001953466
1.5699725000013132e-08;6.574935999815352e-08;3.336686000111513e-06;0.0025652589998207986
2.1067499998025596e-08;4.9469740001950415e-08;2.882769999851007e-06;0.002447851999895647
1.5990174999751617e-08;5.355704000103287e-08;2.9147219998412766e-06;0.0021788380001089534
1.8552455000462942e-08;5.533302000258118e-08;2.872835000162013e-06;0.00228700999985449
1.6739480000978802e-08;6.33507400052622e-08;2.9333640000550076e-06;0.002383751000161283
1.5182379999896512e-08;5.369170000194572e-08;3.1176829998730683e-06;0.0022694870000123045
2.021339000057196e-08;5.445362000027671e-08;2.86062099999981e-06;0.0020456869999179615
2.093763000157196e-08;5.092024000477977e-08;2.986500000115484e-06;0.0022144439999829046
1.569316999957664e-08;5.138520000036806e-08;2.986166000191588e-06;0.00214816299994709
1.7086769999878016e-08;5.0227019999874755e-08;3.1314699997892603e-06;0.0021106129998224787
1.6111734999867622e-08;5.144882000167854e-08;2.975758999818936e-06;0.002192225999897346
2.0413430000189693e-08;5.358784000272863e-08;2.9657310000038706e-06;0.0023562019999371843
1.6817114999867044e-08;4.9228880001464856e-08;2.72332099993946e-06;0.0023727399998460896
1.6695300000719725e-08;5.711589999846183e-08;2.8504390001762657e-06;0.0022547190001932903
1.6468410000379663e-08;4.876837999909185e-08;3.132329999934882e-06;0.0026250189999700523
1.810041499993531e-08;4.7217219998128715e-08;2.824335000186693e-06;0.002230200999765657
1.6797399999632034e-08;5.846175999613479e-08;3.159843999892473e-06;0.0024961279999115506
2.0422280000639148e-08;5.114539999631234e-08;3.0280050000874324e-06;0.0023940379999112336
1.5825259999837725e-08;5.109284000354819e-08;2.7999359997920693e-06;0.0020570419999421576
1.538585999951465e-08;4.773477999842726e-08;2.7832380001200365e-06;0.002225994000036735
1.9225064999773167e-08;4.653898000251502e-08;2.817271999956574e-06;0.0023769890001858586
1.6887405001034493e-08;4.998652000213042e-08;3.1534550001379103e-06;0.002159113000088837
1.852684499899624e-08;6.176125999772921e-08;2.8729720000410454e-06;0.0023584140001912603
1.475124999997206e-08;5.349894000100903e-08;2.8353040001820772e-06;0.0025530410002102145
1.7371299999649636e-08;6.523027999792249e-08;2.942847999802325e-06;0.0028220680000958964
1.710841500025708e-08;5.705393999814987e-08;3.162700000102632e-06;0.0023036089999368416
1.6712100000586362e-08;5.117215999634936e-08;2.83608900004765e-06;0.002182609000010416
1.7777105000277517e-08;5.510531999752857e-08;3.0102899999474174e-06;0.0026143870002124456
1.6887680000218097e-08;6.28283999976702e-08;2.894449000013992e-06;0.002167945000110194
1.6791074999491683e-08;5.554437999962829e-08;3.0167819999041968e-06;0.002646766000252683
1.835815999947954e-08;4.950526000466198e-08;2.961389000120107e-06;0.002336183000006713
1.737174000008963e-08;6.373599999933504e-08;3.0136009998386725e-06;0.0024174980001407677
2.0652729998982978e-08;5.447448000195436e-08;2.826104999985546e-06;0.003145850999862887
1.854971499997191e-08;4.966780000249855e-08;3.010818000184372e-06;0.002516753999807406
1.6207335000217428e-08;5.5441300000529736e-08;3.0629900001804344e-06;0.002446683000016492
1.6895739999017678e-08;5.7300860004033895e-08;3.1129549999604934e-06;0.0023326320000342095
2.0674120000330732e-08;5.3059580002445727e-08;2.9002420001779685e-06;0.002295936000009533
2.1461739999358542e-08;5.2891679998720066e-08;3.125599000195507e-06;0.0023190990000148304
2.4840609999955632e-08;4.657108000246808e-08;3.0639870002050884e-06;0.002275921999826096
1.705340000044089e-08;6.475335999857634e-08;2.9608890000963583e-06;0.0025879389999317937
1.907305499917129e-08;5.050172000192106e-08;3.169223000004422e-06;0.0020679639998706987
1.8055735000234563e-08;5.5069640005240216e-08;3.0770710000069812e-06;0.0024136450001969933
2.5618580001173542e-08;5.712739999871701e-08;3.4818810000433585e-06;0.0027295949999825097
1.8910649999452288e-08;5.050435999874025e-08;2.899887999810744e-06;0.0021691250000731087
1.6601609998906497e-08;5.717812000075355e-08;2.908473999996204e-06;0.002774189000192564
2.1099364999099634e-08;5.522042000084184e-08;2.862271000049077e-06;0.0025479600002290682
1.8198535000556147e-08;5.513191999634728e-08;2.9962000000523405e-06;0.002100108999875374
1.7439775000093505e-08;5.0694099999964235e-08;2.995193999959156e-06;0.002263210999954026
1.8485504999989642e-08;5.284563999739476e-08;3.39276599988807e-06;0.0021715939999558034
2.3145355000451674e-08;5.4391260002739725e-08;3.1679509999230506e-06;0.0027269410001463257
1.6294594999635592e-08;5.8162940002512184e-08;2.8144600000814533e-06;0.0024106329999631273
1.82534650011803e-08;5.430803999770433e-08;2.9509480000706388e-06;0.0023050490001332944
1.9357345000025815e-08;5.776647999882698e-08;2.9708180000307037e-06;0.002283617999928538
1.852495000057388e-08;4.857062000082806e-08;2.934273999999277e-06;0.002496638000011444
1.914686499949312e-08;6.005445999908261e-08;3.077429000113625e-06;0.0020859729999210684
2.0511999999871478e-08;5.311879999935627e-08;3.058409999939613e-06;0.0024384969999664465
1.6775855000014417e-08;5.5769599997438494e-08;2.941642999940086e-06;0.002450163000030443
1.7857370000274387e-08;6.469773999997415e-08;3.3264280000003053e-06;0.0025900250000995585
2.155880000209436e-08;4.9021419999189675e-08;3.0130819999612867e-06;0.002336232000088785
1.8932105001294985e-08;5.001935999607667e-08;3.2038429999374786e-06;0.002612649999791756
1.7650104999484028e-08;5.6500440003583205e-08;2.917108999972697e-06;0.002383836999943014
1.611438999971142e-08;6.091766000026836e-08;2.979861999920104e-06;0.0022112039997591636
1.6611405000730883e-08;5.798331999685615e-08;3.0851780000375582e-06;0.002167773999972269
1.8250199999602046e-08;5.1174600003287194e-08;3.0933779999031686e-06;0.0026088469999376684
2.0208129999809897e-08;4.780346000334248e-08;2.9614729998866096e-06;0.0023251820000587033
1.5266585000790656e-08;5.536428000195883e-08;2.9721570000401697e-06;0.0025110150000546127
1.741776499984553e-08;5.360926000284962e-08;3.1634210000629536e-06;0.002075030000123661
2.5047580001410097e-08;4.739063999732025e-08;3.0592079999041744e-06;0.002150885000010021
1.7085059999953956e-08;4.9383039999520406e-08;2.8624719998333604e-06;0.0024705120001453904
1.546377500053495e-08;4.972884000162594e-08;2.857281000178773e-06;0.0022213309997459875
1.7101910000201314e-08;5.404386000009254e-08;2.9548349999822678e-06;0.002285050000064075
1.65598300009151e-08;5.407828000024892e-08;3.61100100009935e-06;0.0029237779998220505
2.0612669998081402e-08;5.0928220001515e-08;3.7022820001584477e-06;0.0031998190001468175
1.5772149999975226e-08;4.989308000076562e-08;3.784123999939766e-06;0.003350473000027705
1.6313089999312068e-08;6.092758000013419e-08;3.567971000156831e-06;0.003386670000036247
1.761337000061758e-08;5.1540899998508394e-08;3.7210720000439325e-06;0.003284734000044409
2.2155169997131454e-08;5.483292000135407e-08;3.743061000132002e-06;0.002865033999842126
1.7914829999790525e-08;5.204336000024341e-08;3.631645999848843e-06;0.0032143840001663195
2.0397410000441594e-08;6.056252000271342e-08;3.6996120002004317e-06;0.0034006340001360514
1.6753849999804515e-08;5.434290000121109e-08;3.676774999767076e-06;0.003261629000189714
2.099097000027541e-08;4.9702219996834176e-08;3.616422000050079e-06;0.003288250000041444
2.0463870000094175e-08;5.203627999871969e-08;4.016636000014842e-06;0.003524901999917347
1.693397499911953e-08;5.1929379999637606e-08;3.7459300001501107e-06;0.003369529999908991
1.9852269999682903e-08;5.49912000016775e-08;3.8113509997492657e-06;0.0040359490000992084
2.0319055000436492e-08;5.3415860002860425e-08;3.7194679997628554e-06;0.0034559230000013484
1.7375995000475087e-08;6.892694000271148e-08;3.716454000095837e-06;0.0031663790001766755
1.4926780000678263e-08;5.5889260000549256e-08;4.03163000009954e-06;0.0029197379999095574
1.604841999942437e-08;5.5865640001138673e-08;3.5866560001159088e-06;0.003097782999975607
1.6625569999450816e-08;5.365262000123039e-08;3.557470999949146e-06;0.002964800999907311
1.782173500105273e-08;4.84253800008446e-08;3.676752999890596e-06;0.003561915000027511
2.2276945000339767e-08;6.12872800033074e-08;3.4770459998981095e-06;0.003088261999946553
1.649120999936713e-08;6.195227999705821e-08;4.093588000396266e-06;0.0028286159998970107
1.667221500101732e-08;6.007678000023588e-08;3.686362000007648e-06;0.003326525000156835
1.5375999998650513e-08;5.06801399984397e-08;3.6063499998999758e-06;0.00289493099990068
1.601520999975037e-08;5.167492000036873e-08;3.5714439998264423e-06;0.003365513999888208
1.5833315000054427e-08;5.3788140002870935e-08;3.5735740000382064e-06;0.0034075380000285803
1.6556110000237823e-08;5.798211999936029e-08;3.5820950000197626e-06;0.003166474999743514
1.6338589999941177e-08;5.31520200020168e-08;3.66744099999778e-06;0.002828451999812387
1.5694810000422876e-08;5.47720999980811e-08;3.90431300009368e-06;0.0033547310001449658
1.4594614999077749e-08;4.574547999654897e-08;3.840085999981966e-06;0.0033035399997606873
2.0656759999110364e-08;5.235800000373274e-08;4.021175999660045e-06;0.003272190999996383
1.8675870000151916e-08;5.152169999782927e-08;3.748640000121668e-06;0.0034335279997321777
1.801021999999648e-08;5.357220000005327e-08;3.838969999924302e-06;0.0037639290001243355
2.1059250000689644e-08;4.8501499998383225e-08;3.6721589998342095e-06;0.003744542999775149
1.5335555000638123e-08;5.17027199966833e-08;4.065796000068076e-06;0.0035238709999248384
2.176778999855742e-08;5.9443140000803394e-08;4.068436000379733e-06;0.004178045999724418
1.9140840000181925e-08;4.971839999780059e-08;4.0827259997604415e-06;0.0032608559998334387
2.0934699999634177e-08;5.48346399969887e-08;3.7990320002427325e-06;0.002940365999820642
1.645503499894403e-08;4.991528000100516e-08;4.019570000236854e-06;0.003184389999951236
2.3015920000034384e-08;4.9802780000027266e-08;3.752089000190608e-06;0.0029804160000639966
1.5185870000277648e-08;4.617810000199825e-08;3.744558999896981e-06;0.003229806000017561
1.627907500078436e-08;5.969653999782168e-08;4.09676400013268e-06;0.0029546540000592357
1.6431359999114648e-08;5.225322000333108e-08;3.814882999868132e-06;0.0031769600001280195
1.7919589999655727e-08;5.6881999998586255e-08;3.7564300000667573e-06;0.0034548310001264325
1.7840839999553282e-08;5.893888000282459e-08;3.6055260000284763e-06;0.0034851539999363012
1.8575974999112077e-08;5.753651999984868e-08;3.71705400000792e-06;0.0034993729999405333
1.7290869999851565e-08;5.378349999664351e-08;3.691967999911867e-06;0.003869892999937292
1.642776499938918e-08;5.2931519999401644e-08;3.741415999829769e-06;0.004414782000239938
1.675581500021508e-08;5.068732000072487e-08;3.667391999915708e-06;0.003216027999878861
1.8126485000539105e-08;6.006361999898217e-08;3.642627000226639e-06;0.003853614999970887
1.876823000056902e-08;4.85296799975913e-08;4.098202000022866e-06;0.0028425920000881887
1.603774999966845e-08;5.305353999719955e-08;3.734325999976136e-06;0.003024198000202887
1.7479085001104975e-08;5.00038800004404e-08;3.655983000062406e-06;0.002924347999796737
1.7056549999688286e-08;4.7019419999560344e-08;3.597292999911588e-06;0.0035703109999303704
1.7781950000789948e-08;5.56445199996233e-08;3.901601000106893e-06;0.004013089000072796
2.1536240000568795e-08;5.6277439999394116e-08;3.7038889998802915e-06;0.002898426000028849
1.9534080001176334e-08;5.2192759996978566e-08;3.689094000146724e-06;0.0029870309997932056
1.5776414998981636e-08;4.905568000394851e-08;3.971027000225149e-06;0.003227134000044316
1.6510995000135155e-08;5.787507999921217e-08;3.9100539998617024e-06;0.003647190000046976
2.3157654999522492e-08;5.275446000159718e-08;3.965760999999475e-06;0.00345598300016718
1.7205579999426847e-08;4.885184000013396e-08;3.6188009998295454e-06;0.00319710900017526
1.5589145000558345e-08;5.4131840000627565e-08;3.795486000017263e-06;0.0031200150001677684
2.0610099998884834e-08;5.211876000394113e-08;3.7115110000013375e-06;0.00348859599995194
1.7141335000633262e-08;5.4890140000497925e-08;3.822341999912169e-06;0.00316917399992235
1.6034294999553823e-08;5.031721999985166e-08;3.647425000090152e-06;0.0030477630000677893
1.5723440000147092e-08;4.7234979999484494e-08;3.711934000020847e-06;0.0033999109998694623
1.736073500069324e-08;5.151563999825157e-08;3.6205899997730738e-06;0.003325201000261586
1.987898499937728e-08;4.888684000470676e-08;3.7261299998499453e-06;0.0032236419999389907
1.8640469999809283e-08;5.6419699999969456e-08;3.5984290001215415e-06;0.003176448000012897
1.6827969999576454e-08;5.3067499998724086e-08;3.7176069998531602e-06;0.002909825000097044
1.601683500048239e-08;4.841016000136733e-08;3.617706999939401e-06;0.0034191269997972994
1.6387879999820144e-08;4.9726480001118036e-08;3.5876360000111164e-06;0.002890368000080343
1.749570000101812e-08;4.886414000065997e-08;3.693920999940019e-06;0.0029152460000477732
1.591883999935817e-08;5.4856339999241754e-08;3.6674100000527686e-06;0.002978562000207603
1.7669569999270606e-08;5.134410000173375e-08;3.726897000160534e-06;0.0032436289999168365
1.86799199989764e-08;5.0186620000749825e-08;3.6495170000125655e-06;0.0029513969999970867
1.60354699997697e-08;5.1928459998453035e-08;3.703431999892928e-06;0.0028715759998885915
2.1449449998908678e-08;5.112850000150502e-08;3.7694309998187236e-06;0.003410900000017136
1.7991560000518803e-08;4.900970000308007e-08;3.6788370000431316e-06;0.0030256979999830945
1.532596500037471e-08;4.947398000513204e-08;3.8095190000603905e-06;0.003146735000191256
1.7040490001090803e-08;5.1741319999564436e-08;3.796350999909919e-06;0.003053688000072725
1.599502499884693e-08;5.24334000016097e-08;3.4646309999516235e-06;0.003009382000018377
1.652448000095319e-08;5.0618159997975454e-08;3.6532749998150395e-06;0.002995359000051394
1.82739349998883e-08;5.203717999975197e-08;3.6860519999754616e-06;0.003051463000010699
1.6259414999512956e-08;4.939115999732166e-08;3.6327840000740253e-06;0.003373820999986492
2.006196500005899e-08;5.0974079995648933e-08;3.6147810000693426e-06;0.0033924100000876935
1.7893694998929278e-08;5.4871920001460236e-08;3.7132979999296366e-06;0.0035014210001099856
1.713960499910172e-08;4.9779360002139586e-08;3.6525889998301863e-06;0.0029619069999898785
1.7458230000920593e-08;5.1362000004155564e-08;3.7382350000552833e-06;0.0032727159999194557
1.64018199997372e-08;5.9241199999814856e-08;3.87323800008744e-06;0.0029368870001053437
1.5582110000832473e-08;4.640219999710098e-08;3.5994269998627717e-06;0.0032135959999868647
1.6451660000893754e-08;4.9200319999363276e-08;3.7192600002163088e-06;0.0031654400000115856
2.036253999976907e-08;5.4377680004108695e-08;3.596568999928422e-06;0.00328358600003412
1.8313819999457336e-08;5.0021379999816416e-08;3.930309000134002e-06;0.0031948330000159332
1.722371999931056e-08;5.2936700003920125e-08;3.5469499998725952e-06;0.0030835529998876152
1.657431500061648e-08;5.479556000209413e-08;4.0227119997143745e-06;0.002951706000021659
1.799612500035437e-08;4.551454000174999e-08;3.7182770000072197e-06;0.0032543339999392628
1.8435034999856726e-08;5.091013999772258e-08;3.580130000191275e-06;0.003178411000117194
1.5894125000340865e-08;5.1226540002971886e-08;3.768256999901496e-06;0.0035314749999088234
1.5626950000296348e-08;5.7088840001961217e-08;4.022099999710918e-06;0.0034987120001460426
1.6715710000426043e-08;5.15862800006289e-08;3.6549060000106693e-06;0.003471684000105597
2.006374000047799e-08;7.651822000043466e-08;4.455590000143274e-06;0.0036722139999619684
1.542200999974739e-08;7.46073999966029e-08;4.4992679997812955e-06;0.004292858000262641
1.744889499968849e-08;6.899948000209407e-08;4.3319780001183974e-06;0.0037087070001871323
1.8045835000521036e-08;7.184283999959007e-08;4.997359999688342e-06;0.004803902000421658
1.6715259999909905e-08;7.746813999838196e-08;4.136348000029102e-06;0.004200294000038411
1.9465504999971017e-08;8.215692000230774e-08;4.16886999970302e-06;0.0033488790001138112
1.657279000064591e-08;9.201718000113033e-08;4.5278719998896125e-06;0.004265968999825418
1.8621850000636186e-08;7.86281400010921e-08;4.351869999663904e-06;0.004604016999946907
1.7937815000186674e-08;7.838151999749244e-08;4.446680000401102e-06;0.0032735500001581388
1.8058744999871123e-08;8.004957999801263e-08;4.6540939999977125e-06;0.0036959980000392536
1.5337829999043607e-08;7.505966000026092e-08;4.275400000042282e-06;0.0035623080001096243
1.8738464999478312e-08;7.46923999977298e-08;4.337254000129178e-06;0.004162294000270777
2.1598269999958574e-08;9.027177999960258e-08;4.429151999647729e-06;0.00406890399986878
1.9257949999882838e-08;7.69406399980653e-08;4.607700000051409e-06;0.004223387999809347
1.672268999973312e-08;7.781073999940418e-08;4.184423999977298e-06;0.0034624539999640546
1.5946784999687225e-08;7.044868000084534e-08;4.345829999656417e-06;0.004249939000001177
1.6713719999825118e-08;6.799246000009589e-08;4.446001999895088e-06;0.003299297999765258
1.7395704999216833e-08;6.89453599974513e-08;4.087245999835431e-06;0.0037947780001559295
1.765704999997979e-08;7.466308000148274e-08;4.611264000413939e-06;0.004378082999901381
1.781580499955453e-08;7.259096000343561e-08;4.634624000173062e-06;0.005628654000465758
1.7031815000518692e-08;7.52461000054609e-08;4.492081999778748e-06;0.004682690000045113
1.63357299999916e-08;7.243485999642872e-08;4.226833999855444e-06;0.0037425169997732156
1.8341179999697487e-08;7.949387999833562e-08;4.289453999954276e-06;0.00442737200006377
1.805612000025576e-08;6.433242000057362e-08;4.2210339999292046e-06;0.003754820999747608
1.862025499867741e-08;7.543688000296242e-08;4.796869999845512e-06;0.004386079999967478
1.7682439999771305e-08;8.156628000433557e-08;4.31815599964466e-06;0.003699571000179276
1.7913884999870788e-08;7.455322000314482e-08;4.783047999953851e-06;0.004265574000310152
1.7240319999109487e-08;8.829542000312358e-08;4.332100000465289e-06;0.004435026000137441
1.7579209999530577e-08;8.030957999872043e-08;4.360086000524462e-06;0.004097251999774017
1.7146699999284464e-08;8.377555999904872e-08;4.684368000016548e-06;0.00512721800012514
2.058394500054419e-08;7.342036000336521e-08;4.450337999733165e-06;0.0040149359998758885
1.5678804999333807e-08;7.692180000012741e-08;4.506675999728032e-06;0.004071255999733694
2.1056020000833087e-08;8.032230000244454e-08;4.52867999963928e-06;0.00401973599975463
2.0192839999799617e-08;6.706836000084876e-08;4.230443999986164e-06;0.004245939999818802
1.9302789999346716e-08;7.418948000413365e-08;4.271908000227995e-06;0.004042476000031456
1.7116024999995716e-08;7.460486000054517e-08;4.508807999663986e-06;0.004172220000182279
1.735527499986347e-08;7.571680000401102e-08;4.437726000323892e-06;0.0043912060000002385
1.7167914999299684e-08;7.896674000076018e-08;4.368392000324093e-06;0.004186301999725401
1.8242354999529198e-08;8.149472000077366e-08;4.435782000073232e-06;0.0038523759998497554
1.5216810000129046e-08;7.783877999754622e-08;4.5683260000078006e-06;0.004006468000006862
1.8017759999202097e-08;6.699023999972269e-08;4.541650000028312e-06;0.004704385999939404
2.0710960001451894e-08;7.148093999712729e-08;4.59807200008072e-06;0.004136889999790583
1.7218699998920785e-08;7.006579999579116e-08;4.672144000069238e-06;0.0033043349999934434
1.681030499894405e-08;7.933427999960258e-08;4.473609999986366e-06;0.004111090000078548
2.172720000089612e-08;7.504947999841534e-08;4.595816000364721e-06;0.0044451219995971765
1.5096640000410845e-08;8.215410000411793e-08;4.402072000084445e-06;0.004213840999873355
2.0595265000883957e-08;8.761905999854208e-08;4.534751999890432e-06;0.003772473000281025
1.8621270000585355e-08;6.564824000233784e-08;4.691808000206947e-06;0.004045683000003919
1.9264064999879338e-08;7.573694000020623e-08;4.354417999857105e-06;0.0035900280001806093
1.8392340000718833e-08;7.61778999993112e-08;4.489723999868147e-06;0.004048235999653116
1.73246049991576e-08;8.58410399989225e-08;4.311513999709859e-06;0.004099908000207506
1.6240215000289028e-08;8.316473999875597e-08;4.067794000147842e-06;0.004431066000252031
2.0100714999716728e-08;7.227826000307687e-08;4.549922000151127e-06;0.005187819999991916
1.7911615000048186e-08;6.910215999814681e-08;4.273958000121638e-06;0.004068041999998968
1.7595569998957216e-08;7.391131999902427e-08;4.318185999873095e-06;0.0034520909999264404
1.9830240000737832e-08;7.399127999669872e-08;4.546603999915533e-06;0.003616790999949444
1.622321000031661e-08;6.694604000076652e-08;4.871316000353545e-06;0.003231897000223398
1.817408499919111e-08;8.543815999873914e-08;4.211023999960162e-06;0.0035451040000771174
1.5558485001383815e-08;7.436556000029668e-08;4.230423999833875e-06;0.0040961960004642604
1.5912219999881926e-08;7.634603999904357e-08;4.218113999813795e-06;0.003700279999757186
1.6559490001236556e-08;7.37935000041034e-08;4.411225999938324e-06;0.0036945359999663195
1.7762230000516866e-08;7.203640000079758e-08;4.252013999503106e-06;0.0033588669999153353
1.7916679999325426e-08;6.499130000011064e-08;4.671205999911763e-06;0.003567797000287101
1.587778499961132e-08;7.277497999602929e-08;4.43033599993214e-06;0.00405815000005532
1.707637999934377e-08;6.642403999576344e-08;4.440509999985807e-06;0.0036285919998772444
1.6696559998672457e-08;7.197955999872648e-08;4.397434000275098e-06;0.003790813999949023
1.5436774998670445e-08;6.724691999843345e-08;4.210599999642e-06;0.0033267990002059378
1.6305334999924525e-08;6.741466000094078e-08;4.455209999578073e-06;0.0033969780002371408
1.494294500007527e-08;6.784134000190534e-08;4.317655999911949e-06;0.00339494999992894
1.7553144998964855e-08;8.182520000264048e-08;4.157787999720313e-06;0.0034624469999107533
1.8250100000295787e-08;7.02329199993983e-08;4.407118000090122e-06;0.004057226000004448
1.6582305000338238e-08;7.762543999706395e-08;4.249083999893628e-06;0.003444180000224151
1.7208035000658127e-08;7.161688000196591e-08;4.504658000078052e-06;0.003263493999838829
1.526884000049904e-08;7.060840000049211e-08;4.202706000069156e-06;0.004087504000053741
1.610894500045106e-08;7.136957999900915e-08;4.231806000461802e-06;0.003981159999966621
1.8811484999605456e-08;7.974650000105612e-08;4.233670000103303e-06;0.004114966000197455
1.8333960000018123e-08;7.945186000433751e-08;4.5406519999960435e-06;0.0037674409997998735
1.8661669999710284e-08;7.312125999596901e-08;4.146423999918625e-06;0.00387130100018112
1.7108544999791774e-08;7.621085999999195e-08;4.268170000286773e-06;0.003385833000065759
1.7105800000717864e-08;7.452764000045136e-08;4.211364000220783e-06;0.003607061000075191
1.785245000064606e-08;6.815279999864287e-08;4.2107280000345785e-06;0.0035864869999932126
1.8514185000094585e-08;6.648133999551647e-08;4.3492860003607344e-06;0.003622300999995787
2.079632999957539e-08;8.244919999851846e-08;4.5172379998257386e-06;0.005101770000183023
1.7354844999499618e-08;7.573090000078082e-08;4.337774000014178e-06;0.0035510899999644605
2.022396999964258e-08;7.045932000037283e-08;4.279431999893859e-06;0.0038900830000056885
1.9015395001042633e-08;6.559715999756008e-08;4.544254000065848e-06;0.0037508629998774267
1.6414480000094045e-08;7.845178000279702e-08;4.175633999984711e-06;0.0035854019998805596
1.782453500054544e-08;7.139867999940179e-08;4.5922499999869616e-06;0.003673291000013705
1.6959279999719e-08;7.840545999933965e-08;4.167413999675773e-06;0.0036606190001475625
1.9754495000233872e-08;7.129201999632641e-08;4.2756019998341796e-06;0.003706069999898318
2.0668689999729395e-08;7.593006000388413e-08;4.509145999909378e-06;0.004116490999876987
1.6754355000739453e-08;7.145860000164249e-08;4.401743999915198e-06;0.0034468149999156593
1.9202030000451487e-08;7.137766000232659e-08;4.161230000318028e-06;0.003960705999925267
1.850836500088917e-08;6.708117999951355e-08;4.287309999926947e-06;0.004133739999961108
2.454968999954872e-08;7.981857999693602e-08;4.233237999724224e-06;0.003392091999994591
1.7247460001090075e-08;8.106020000413991e-08;4.441341999918222e-06;0.004042903999798
2.3319340001035016e-08;7.38141399982851e-08;4.627628000453115e-06;0.0046457950002513826
2.4240309998276642e-08;7.334094000398181e-08;5.127526000142097e-06;0.0042164559999946505
2.3162649999721906e-08;7.330553999636322e-08;4.650785999838263e-06;0.00381240999995498
1.8346035000286064e-08;7.140350000117905e-08;4.34703000006266e-06;0.004061048000003211
1.6496039999765343e-08;5.024484000168741e-08;2.7651140000671146e-06;1.199071000010008e-05
1.766559999960009e-08;5.753468000330031e-08;2.8592039999784902e-06;1.1929394998878706e-05
2.5813770000240764e-08;4.707988000009209e-08;2.8797629999462515e-06;1.2018415000056847e-05
1.55889899993781e-08;6.085060000186786e-08;2.910871999920346e-06;1.1748779998742975e-05
2.0528840000042692e-08;5.3218400001060216e-08;2.839614000113215e-06;1.352234999940265e-05
2.0477300000493415e-08;5.735409999615513e-08;2.7232570000342092e-06;1.3694695000594948e-05
1.96792299990193e-08;6.355973999598063e-08;2.6457880000816657e-06;1.2767775000247638e-05
2.2930059998179786e-08;5.689628000254743e-08;3.0683879999560303e-06;1.1909239999658894e-05
1.964330499904463e-08;5.186279999907128e-08;3.1637169999885372e-06;1.301019500097027e-05
2.0905259999562985e-08;5.4518300003837796e-08;2.9637220001313836e-06;1.256967499939492e-05
2.508019999950193e-08;6.663675999734551e-08;2.911080000048969e-06;1.1688644999230747e-05
1.671443000086583e-08;5.189834000193514e-08;2.8879250001045874e-06;1.2332860000606161e-05
2.4653209999087266e-08;5.055642000515945e-08;2.7131360000930725e-06;1.108148000057554e-05
1.9680089999746996e-08;5.631869999924675e-08;2.7660589999868536e-06;1.1864524999691639e-05
2.6104840001789853e-08;5.594683999661356e-08;2.6453159999800845e-06;1.2302709999494254e-05
2.137378499901388e-08;7.018911999766714e-08;2.742098999733571e-06;1.2107754999306053e-05
1.5709305000200403e-08;4.7985540004447104e-08;2.9002600000239907e-06;1.1363340000389143e-05
1.5915739999036303e-08;5.207159999990836e-08;2.7790459999232554e-06;1.1513135000132024e-05
1.6780070000095292e-08;5.4678540001623334e-08;2.718163999961689e-06;1.2837104999925942e-05
2.0093619998078793e-08;5.602908000000753e-08;2.638292000046931e-06;1.2075425000512041e-05
1.7306215000280644e-08;5.77195199963171e-08;2.7498580000246874e-06;1.3101675000507385e-05
1.7948535000323317e-08;5.675998000078834e-08;2.824739000061527e-06;1.281738999969093e-05
1.8023720000928735e-08;4.6628460002830255e-08;2.6711220000288448e-06;1.1181040000519715e-05
2.6084750000154598e-08;5.4379620001418515e-08;2.766362999973353e-06;1.1904915000195615e-05
1.8696205000742338e-08;5.0362679996760565e-08;2.9232189999311232e-06;1.1411510000471026e-05
1.9209364999551325e-08;5.677004000172019e-08;3.0099970000446773e-06;1.1364954999589827e-05
1.645093499973882e-08;5.054832000168972e-08;2.8042520000599326e-06;1.2382454999897164e-05
2.2710089999600315e-08;5.2107399998931216e-08;2.7806499999132937e-06;1.0399419999157545e-05
2.0358364999992774e-08;4.564931999775581e-08;2.9214000000501982e-06;1.2398220000613947e-05
2.22135200019693e-08;5.891859999974258e-08;2.7763769999728537e-06;1.1378800000238697e-05
1.8817680000211114e-08;6.251335999695584e-08;2.617494000005536e-06;1.1295870000321884e-05
1.7431615000532476e-08;5.290800000075251e-08;2.831630999862682e-06;1.1145339999347924e-05
1.739081999985501e-08;5.238520000129938e-08;2.9661970000597647e-06;1.2037049999344163e-05
1.752900999999838e-08;5.3028519998770205e-08;2.6759750000201164e-06;1.1276630000793375e-05
1.7559805000200866e-08;5.1026419998379425e-08;2.6804979998269117e-06;1.1135654999816325e-05
2.1168959999340588e-08;5.329469999996945e-08;2.610973999835551e-06;1.068989499908639e-05
2.1682110000983813e-08;5.262864000396803e-08;2.6857310000923463e-06;1.0884704999625682e-05
1.8631265001022258e-08;5.342215999844484e-08;2.6069940000888894e-06;1.1033244999998715e-05
1.610248000069987e-08;5.394355999887921e-08;2.602838999882806e-06;1.1974934999307153e-05
1.650167500047246e-08;5.107482000021264e-08;2.6343300001462922e-06;1.1369319999357686e-05
2.061050000193063e-08;5.509934000438079e-08;2.6928189999307506e-06;1.2731854998855851e-05
1.6088219999801366e-08;4.6851360000437125e-08;2.6776359998621044e-06;1.1011799999687355e-05
1.7621849999704864e-08;4.8537840001517906e-08;2.6245949999429285e-06;1.0868104999826755e-05
1.9935075000103097e-08;4.8792059998959305e-08;2.66640699992422e-06;1.1301970000204165e-05
1.77884049990098e-08;5.0795659999130294e-08;2.8405190000194124e-06;1.1406130000250415e-05
1.756472999986727e-08;5.124341999762692e-08;2.93499299994437e-06;1.0503325000172481e-05
1.5966340000159108e-08;5.0748520001070576e-08;2.7573009999468924e-06;1.1655454999709036e-05
1.8518554999900516e-08;5.477816000347957e-08;2.891454999917187e-06;1.1455655000463594e-05
1.694763499981491e-08;5.187779999687336e-08;2.6973390000057408e-06;1.1218885000562295e-05
1.710103999939747e-08;5.5159579997416587e-08;2.9134570001042448e-06;1.1422760000277777e-05
1.740987499943003e-08;5.2862059994367886e-08;2.9114529999787917e-06;1.109429500065744e-05
1.7057534999912604e-08;4.704418000183068e-08;2.7744959999108686e-06;1.0991670000657905e-05
2.140307999943616e-08;5.507451999583282e-08;2.6991580001777037e-06;1.0826194999390281e-05
1.6053480000118726e-08;5.138600000063889e-08;2.7545180000015536e-06;1.0888514999533072e-05
1.7097350000403823e-08;5.647404000046663e-08;2.671971999807283e-06;1.1264970000775065e-05
1.6188785000122153e-08;5.222061999957077e-08;2.674674000008963e-06;1.161992499983171e-05
1.8586129999312107e-08;5.249762000166811e-08;2.8080310000223107e-06;1.1300510000728537e-05
1.6839284999878147e-08;6.55724200012628e-08;2.8101999999489635e-06;1.1215364999952726e-05
1.6097404999891297e-08;5.167146000312641e-08;2.7383089999784715e-06;1.140206499985652e-05
1.945508500066353e-08;4.583008000045083e-08;2.7522959999623708e-06;1.1179840000113472e-05
1.711527000006754e-08;4.866113999742083e-08;2.634503000008408e-06;1.0491730000649114e-05
1.6366214999288785e-08;5.209973999881186e-08;2.8404949998366648e-06;1.0947310000483412e-05
1.8337384999904316e-08;5.314973999629729e-08;2.720449999906123e-06;1.1891279999690595e-05
1.6529309999896214e-08;4.96694200031925e-08;2.677286000107415e-06;1.0991569999896455e-05
1.5847364999353886e-08;5.268054000334814e-08;2.699877999839373e-06;1.0696345000178554e-05
1.614852999919094e-08;5.1472179999109355e-08;2.6378720000502653e-06;1.1419890000252053e-05
1.609065999946324e-08;4.807245999691077e-08;2.702620000054594e-06;1.0618964998866431e-05
1.5682775000459515e-08;4.9772500002291057e-08;2.701727000239771e-06;1.1047690000850708e-05
1.6398314999241846e-08;5.217646000091918e-08;2.7012840000679717e-06;1.0609684999508318e-05
1.6909374999522697e-08;4.963218000484631e-08;2.677638999884948e-06;1.0640284999681171e-05
1.781007499957923e-08;4.70212200016249e-08;2.7669219998642802e-06;1.1204444999748376e-05
1.694156000012299e-08;4.928226000047289e-08;2.6485990002402106e-06;1.1099390000163112e-05
1.6498809999029618e-08;6.154328000266105e-08;2.5922629999695345e-06;1.1355829999956768e-05
1.5939990000333638e-08;5.248241999652237e-08;2.760036999825388e-06;1.1149105000367855e-05
1.7609675000130664e-08;5.5731679999735206e-08;2.675725000153761e-06;1.1112685000989585e-05
1.6425170000002254e-08;5.428472000057809e-08;2.6004890000331214e-06;1.0704694999731146e-05
1.6368269998929464e-08;5.205916000413708e-08;2.653731000027619e-06;1.2333285000931938e-05
1.7902570001024288e-08;5.2501380001194776e-08;2.7628409999306315e-06;1.1355629999889061e-05
1.605066499905661e-08;5.6439100002171474e-08;2.7489949998562224e-06;1.0811105000902899e-05
2.3084559998824262e-08;6.007965999888257e-08;2.8807049998431466e-06;1.2129270000150427e-05
2.0348070000181907e-08;5.665201999945566e-08;2.877316000231076e-06;1.039547499967739e-05
2.1257419997709803e-08;5.193851999938488e-08;2.888368999992963e-06;1.2224280000373255e-05
2.0234894999885e-08;5.876362000126392e-08;2.7243419998558238e-06;1.0844014999747743e-05
1.6381709999404848e-08;5.425582000170834e-08;2.657461000198964e-06;1.1492780000844505e-05
2.194223999977112e-08;5.371185999829322e-08;2.878439000051003e-06;1.0982159999548457e-05
1.747499500052072e-08;6.067316000116989e-08;2.9273350001312793e-06;1.0994444999960251e-05
1.539090500009479e-08;4.810245999833569e-08;2.6687250001123174e-06;1.0671394999371841e-05
1.7526894999900833e-08;4.781747999950312e-08;2.6831179999862796e-06;1.1761689999548252e-05
1.815020999929402e-08;5.513871999573894e-08;2.7277050001430326e-06;1.0626240000419784e-05
1.824328499933472e-08;5.81285200023558e-08;2.8521289999480357e-06;1.1313114999211393e-05
1.6536400000040884e-08;4.679116000188515e-08;2.818553000106476e-06;1.0616285000287462e-05
1.948788500012597e-08;5.4822799999965354e-08;2.748143000062555e-06;1.1337159998947754e-05
1.7999230000714305e-08;5.160262000281364e-08;2.564804000139702e-06;1.0671320000255947e-05
1.722178499912843e-08;5.080079999752343e-08;2.835874000156764e-06;1.0583820000465494e-05
1.6139824999845587e-08;5.283782000187785e-08;2.8777950000949205e-06;1.1070520000066609e-05
1.7431409998971504e-08;5.1400620001368226e-08;2.9836310000973752e-06;1.2249575000896585e-05
1.8168389999482314e-08;4.877324000117369e-08;2.5663839999469928e-06;1.0779254999943078e-05
1.7930954998882955e-08;4.998432000284083e-08;2.62235200003488e-06;1.0318745000404306e-05
1.7780200000561307e-08;5.40147399995476e-08;2.5941790000069886e-06;1.1550124999484978e-05
1.7179595000925475e-08;5.239099999889731e-08;2.7105799998389555e-06;1.102464499999769e-05
1.831441500107758e-08;4.895555999828503e-08;4.285950000048615e-06;0.0045500179997179655
1.707598500070162e-08;5.668103999923915e-08;4.310058000264689e-06;0.004497556000133045
1.6160644999763464e-08;5.0320779997855426e-08;4.246969000087119e-06;0.004792034000274725
1.6631660000712147e-08;5.650017999578267e-08;4.092182000167668e-06;0.004851968000293709
1.6365884999686385e-08;5.083388000493869e-08;4.2221679998328905e-06;0.00459621399990283
1.6370905000076164e-08;4.578835999709554e-08;4.707016000174917e-06;0.004763253999990411
1.8077745000482537e-08;5.352769999881275e-08;4.0957420004997405e-06;0.004479428000049666
1.4725834999990184e-08;4.9327560001984236e-08;4.168739999877289e-06;0.005171360000385903
1.6355810000095516e-08;5.162094000261277e-08;4.174746000207961e-06;0.0046255880000535396
1.5215989999705926e-08;4.815900000394322e-08;4.219577999901958e-06;0.00527927000017371
1.7173894999723416e-08;5.434530000202358e-08;4.303692000103183e-06;0.004841168000129983
1.8825994999497198e-08;5.618013999774121e-08;4.266044000396505e-06;0.004582451999885962
1.796928499970818e-08;6.25871600001119e-08;4.200650000129827e-06;0.004666022000019438
1.6332254999724683e-08;4.797033999930136e-08;4.185333999921567e-06;0.004701345999492333
1.6006730000663083e-08;5.2886419999413194e-08;4.147265999927185e-06;0.004861165999900549
1.754657999990741e-08;5.479106000275351e-08;4.103841999894939e-06;0.0045272900001145895
1.702657999994699e-08;4.7928659996250644e-08;4.352737999870442e-06;0.004957091999822296
1.632620999880601e-08;4.9329720000969246e-08;4.2224320000968875e-06;0.004731106000253931
1.713811999943573e-08;5.065748000051826e-08;4.082302000024356e-06;0.004940256000263616
1.7600409999431575e-08;5.350752000231296e-08;4.193593999953009e-06;0.004831882000435144
1.617063000012422e-08;4.985406000050716e-08;4.026247999863699e-06;0.004566044000093825
1.4736430000630208e-08;5.42334400000982e-08;4.254347999813035e-06;0.004928910000016913
1.760730000096373e-08;5.3742300003068525e-08;4.154131999821402e-06;0.005087289999937639
1.95356800002628e-08;6.409965999773704e-08;4.12893200002145e-06;0.004914599999901839
1.7979709999053738e-08;5.476351999677718e-08;4.306067999568768e-06;0.004715455999830738
1.6294169999309815e-08;5.006611999706365e-08;4.6803279995219785e-06;0.004500152000109665
1.9691210000019056e-08;5.328080000472255e-08;4.415857999701985e-06;0.004792413999675773
1.6325944999698548e-08;5.0703739997697995e-08;4.25472400005674e-06;0.0050236680003581564
1.771077500015963e-08;4.6855580003466454e-08;4.113857999909669e-06;0.004797206000075676
1.857048499950906e-08;5.1104439998744055e-08;4.379925999674015e-06;0.005360510000027716
2.0834260000265204e-08;4.8938399995677174e-08;4.178392000030726e-06;0.004835814000107348
1.6594634999637493e-08;5.359831999521703e-08;4.304450000054203e-06;0.004963642000220716
2.048904999974184e-08;4.9304679996566844e-08;4.143500000354834e-06;0.005132081999909133
1.8057370001042727e-08;5.902701999875717e-08;4.280323999701068e-06;0.004693966000340879
1.6989464999642225e-08;4.618202000274323e-08;4.439014000236056e-06;0.005446534000220708
2.458397000154946e-08;6.251868000254035e-08;4.643112000194378e-06;0.004666849999921396
2.0402099998318592e-08;6.315793999820016e-08;4.059651999850758e-06;0.004686998000252061
1.7939609999302775e-08;4.932747999555431e-08;4.305149999563582e-06;0.00483700199984014
2.3083309998037294e-08;4.896851999801584e-08;4.206177000014577e-06;0.005113325999700464
1.890129500097828e-08;5.7513379998272287e-08;4.245228000218049e-06;0.0058113880001474175
2.0120654998754618e-08;5.626622000127099e-08;4.339581999811344e-06;0.004724982000188902
1.7658585000026506e-08;5.080754000227898e-08;4.1023919999133795e-06;0.005369342000340112
1.8274175000260583e-08;4.860824000206776e-08;4.199920000392013e-06;0.005529390000156127
2.162045000004582e-08;5.987373999669217e-08;4.543586000218056e-06;0.005644352000090293
1.7940539999108297e-08;5.052281999960542e-08;4.946494000032544e-06;0.004845861999783665
1.9494920001307036e-08;4.7320499998750167e-08;4.43667399988044e-06;0.0053007939999224615
1.728464000043459e-08;5.1262160000624135e-08;4.303308000089601e-06;0.004762662000139244
2.1064149998710492e-08;5.2296139998361467e-08;4.471740000299178e-06;0.005052045999909751
1.688892000092892e-08;5.2547059999778865e-08;4.069254000205546e-06;0.00495922000030987
1.9388469999830705e-08;5.3617159998975693e-08;4.271397999837063e-06;0.005748581999796443
1.9076110000605695e-08;5.699445999925956e-08;4.315030000288971e-06;0.004938513999804855
2.1256280000670812e-08;5.423728000023402e-08;4.1586920002009716e-06;0.005088532000081613
2.155322000035085e-08;5.1122399995801974e-08;4.316300000064075e-06;0.0054098400002112615
2.0074440000462347e-08;5.079009999753907e-08;4.2429039999842644e-06;0.004878994000027888
2.1712460002163425e-08;5.626825999934226e-08;4.239373999880627e-06;0.004930852000252344
2.0241579998400992e-08;4.880885999882594e-08;4.332091999822296e-06;0.005730076000327244
1.8376755001372658e-08;5.431914000073448e-08;4.197493999963626e-06;0.004919899999513291
2.263146999903256e-08;4.959581999573857e-08;4.510100000188686e-06;0.005379172000102699
2.0323924999684096e-08;5.321078000124544e-08;4.076658000121824e-06;0.005049741999828257
1.8149399998947046e-08;4.936243999982253e-08;4.288250000099652e-06;0.0054372580000199375
2.624872000014875e-08;4.97533600020688e-08;4.2571239999961105e-06;0.004855486000305973
1.8087445000128353e-08;5.670705999946222e-08;4.305651999893598e-06;0.004541257999953814
2.0561029997770673e-08;5.543090000282973e-08;4.116602000431158e-06;0.004774662000127137
2.0169529999839143e-08;4.745709999697283e-08;4.7531639999942854e-06;0.0052392859995597976
1.8409749999409542e-08;5.3567799995653334e-08;4.351084000081755e-06;0.004642418000148609
1.9275349999952597e-08;5.4372940002940595e-08;4.135021999827586e-06;0.004564935999806039
1.8220730000757613e-08;6.153616000083275e-08;4.177462000516243e-06;0.004714751999708824
2.1622279999428428e-08;5.452124000294134e-08;4.463154000113718e-06;0.005127269999939017
1.6740060001029634e-08;6.928924000239932e-08;4.2312000005040314e-06;0.004895134000107646
2.163853999954881e-08;5.4063140001380813e-08;4.123010000039357e-06;0.004637727999943308
1.7961249999643768e-08;5.1544879999710246e-08;4.1901199996937066e-06;0.005123421999742277
1.6264835000038147e-08;4.96266000031028e-08;4.2816920002223925e-06;0.004925769999972545
2.1223620002274403e-08;6.015120000229217e-08;4.211574000073597e-06;0.00458182799979113
2.1115030001965352e-08;5.5958779994398354e-08;4.10939600027632e-06;0.004466307999682613
2.0137185000930912e-08;5.311591999488883e-08;4.182802000432275e-06;0.004862668000278063
1.6157799999928102e-08;5.521869999938645e-08;4.069819999858737e-06;0.005212387999636121
1.689852499985136e-08;4.842838000040501e-08;4.12577599985525e-06;0.00488935399975162
2.1010830000159332e-08;5.501119999680668e-08;4.048725999891758e-06;0.005573975999723189
1.670927000086522e-08;4.936079999897629e-08;4.2626219999510794e-06;0.004644402000121772
1.639322999981232e-08;5.225275999982841e-08;4.14626199984923e-06;0.004995350000099279
1.850611999980174e-08;4.9617960001342e-08;4.299393999972381e-06;0.005227116000023671
1.6578640000079757e-08;5.611042000236921e-08;4.048211999470368e-06;0.005442831999971531
1.924707500002114e-08;5.703039999934845e-08;4.435110000194982e-06;0.0050342619995353746
2.003345499979332e-08;5.2785299997776746e-08;4.149643999990076e-06;0.0048443039995618165
1.821924499963643e-08;4.981462000287138e-08;4.027619999833405e-06;0.005288042000029236
1.744803000037791e-08;4.79122799995821e-08;4.098547999747097e-06;0.004629140000324696
1.921310000034282e-08;5.4394800000591203e-08;4.182764000142925e-06;0.0052214419998927045
2.137312999984715e-08;5.779960000072606e-08;4.3154540000250565e-06;0.005026288000517525
1.9353340000088793e-08;5.852962000062689e-08;4.168300000019371e-06;0.005801602000137791
1.599178500036942e-08;5.534586000139825e-08;4.198506000102498e-06;0.005206927999970503
1.7442389999632722e-08;5.698813999770209e-08;4.148405999876559e-06;0.0049640280002495275
1.935096500092186e-08;5.300508000073023e-08;4.58284399996046e-06;0.005056509999558329
1.6689695000241045e-08;5.68187199998647e-08;4.08932599995751e-06;0.005426471999962814
1.9337675000133457e-08;5.240641999989748e-08;4.142392000067048e-06;0.004700029999949038
1.7326429999957328e-08;4.927084000082686e-08;4.0477480000117795e-06;0.0052299460000358525
1.909682999976212e-08;5.4004180000629276e-08;4.030893999733962e-06;0.005100021999678575
1.690958499966655e-08;5.6521979998797175e-08;4.273020999971777e-06;0.005247589999926277
1.6897295000671876e-08;4.735305999638513e-08;4.400671999901533e-06;0.00481143599958159
1.553740000090329e-08;6.16641399974469e-08;4.362420000252314e-06;0.005960035999887623
1.9504649999726097e-08;5.1451080001424995e-08;4.540879999985918e-06;0.005138639999786392
1.7539755000325385e-08;5.975570000009612e-08;5.8366760000353676e-06;0.009753197999671101
1.7094919999362902e-08;6.093068000045606e-08;5.7263579999562355e-06;0.009106295999954455
1.6184780000185128e-08;5.68755800020881e-08;5.444068000069819e-06;0.00816923200036399
1.836504000093555e-08;4.844315999653191e-08;5.8164839999517425e-06;0.010310171999735758
2.1550895000109448e-08;6.05366200034041e-08;5.329621999990195e-06;0.00921942199987825
1.6241690001334065e-08;4.969899999559857e-08;6.057433999958448e-06;0.00958247400005348
1.746518500003731e-08;5.1418460003333166e-08;5.7263279997278005e-06;0.009215248000109567
1.7347174999304115e-08;5.125285999965854e-08;5.519910000148229e-06;0.00911281600012444
1.5978279999399092e-08;4.705938000115566e-08;5.763240000233054e-06;0.009891788000240922
2.1323959999426734e-08;5.4670519998762756e-08;5.814341999939643e-06;0.010571214999072254
1.8105900000955445e-08;6.06895400036592e-08;5.994667999912054e-06;0.00967544800019823
2.2292669999296778e-08;5.541296000010334e-08;5.606350000016391e-06;0.009840544000035152
1.5994934999616818e-08;5.924700000323355e-08;5.6599920004373415e-06;0.009117984000477008
1.8983649999427145e-08;6.11596200033091e-08;6.16887999989558e-06;0.01046430499991402
2.1686305000912398e-08;4.95861999981571e-08;5.986769999726676e-06;0.00912426199996844
2.0514444999571425e-08;7.551440000534057e-08;5.660206000320613e-06;0.008984868000261485
2.271783000032883e-08;5.3273860004264863e-08;5.798721999744885e-06;0.010994550000759773
1.8932504999975207e-08;5.732477999990806e-08;5.702020000317134e-06;0.010028275000513532
2.0024130000092554e-08;5.3592279995791614e-08;5.973846000269987e-06;0.008408952000318095
1.6308545001083985e-08;5.628398000262678e-08;5.487381999846548e-06;0.008232408000039868
2.209777999960352e-08;6.409176000161097e-08;5.9422560001257805e-06;0.010555380000150763
2.007129000267014e-08;6.025421999511309e-08;6.101059999782592e-06;0.009856895999982953
2.257171999954153e-08;6.122797999996692e-08;6.126246000058017e-06;0.010253359998750966
2.1562740000081248e-08;6.240719999768771e-08;5.785547999548726e-06;0.009091289999778382
1.7431970000325238e-08;5.127988000167534e-08;5.638398000155576e-06;0.010058919999573845
1.7819874999986497e-08;5.4324819997418674e-08;6.008298000087962e-06;0.011806480000086595
1.7957429999660235e-08;5.619836000259966e-08;6.4556400000583385e-06;0.01045280999969691
2.201698499993654e-08;5.278818000224419e-08;6.080538000096567e-06;0.01013673400040716
2.298536000016611e-08;6.512226000195369e-08;5.429830000502989e-06;0.010709849999693688
2.0839489999343642e-08;5.634293999755755e-08;5.933887999854051e-06;0.011125969998829532
2.1763300000748133e-08;5.0362639996455984e-08;5.8896880003158e-06;0.010549494999577292
2.0054930000333116e-08;6.30457999999635e-08;5.572578000137582e-06;0.009687409999896772
2.1829814999364317e-08;6.788780000060797e-08;5.762304000090808e-06;0.011423005000688135
2.325135999999475e-08;6.981758000329137e-08;5.8387000003131105e-06;0.010091034999641124
2.0729750001919457e-08;5.020796000026166e-08;5.859560000244528e-06;0.011975069998879918
1.7772759999206756e-08;6.015905999811367e-08;5.716686000232585e-06;0.008903274000040255
1.786873499950161e-08;7.2116219997406e-08;6.141101999673992e-06;0.011528944999736269
1.9563630000629928e-08;6.491812000167556e-08;5.441509999800473e-06;0.01045608499989612
2.2145110002020375e-08;5.7502059999387715e-08;6.2471459998050705e-06;0.011386060000222641
1.7976790000102483e-08;4.7326579998480154e-08;5.642706000362523e-06;0.009174732000101358
2.4703835000400433e-08;5.15962999954354e-08;6.58392199955415e-06;0.011904345000220928
2.0244850000017323e-08;6.791077999514527e-08;5.644393999828026e-06;0.010293470000033268
1.9238924999081066e-08;6.634022000362165e-08;5.744136000284925e-06;0.00951950799964834
2.1036654998897574e-08;4.9884240003302696e-08;5.652942000306211e-06;0.009349596000392922
2.413206000055652e-08;6.652570000151172e-08;5.532240000320598e-06;0.009803796000196598
1.619412000000011e-08;6.899480000138283e-08;6.1358099995413796e-06;0.009194920000154524
1.8237770000996535e-08;4.779273999738507e-08;5.708358000265434e-06;0.008417801999603397
1.78020600011223e-08;6.423110000323504e-08;5.643961999448947e-06;0.009518467999878339
2.3332879997906276e-08;5.926052000140771e-08;5.847677999990992e-06;0.008697484000003896
2.179589000006672e-08;5.250550000346266e-08;6.672615999705158e-06;0.009523836000007578
1.536433000001125e-08;6.033834000118077e-08;5.791132000158541e-06;0.009695717999711632
1.633198000054108e-08;5.5854520003777e-08;6.032183999777772e-06;0.010041524999542162
2.0057705001090653e-08;6.145728000556118e-08;5.407988000079058e-06;0.009356278000050225
1.6022604999307078e-08;5.176721999887377e-08;6.37700599967502e-06;0.008990342000033706
1.743428500049049e-08;4.617727999575436e-08;5.622627999982797e-06;0.00849601200025063
1.6634254998643884e-08;4.9027800001204014e-08;5.41720399982296e-06;0.009076434000162408
2.279112999967765e-08;4.9924340000143274e-08;5.428554000100121e-06;0.008746897999662906
1.7900590000499506e-08;4.980514000053517e-08;5.792106000008062e-06;0.008818097999901511
1.5418949999730102e-08;5.6433899997500706e-08;6.082058000029065e-06;0.009272300000302493
1.674662500008708e-08;4.8831220000283795e-08;5.965857999981381e-06;0.008623401999939233
1.777320000110194e-08;5.919014000101015e-08;5.751226000138558e-06;0.009076386000378989
1.8572324998967814e-08;5.365965999662876e-08;5.432288000010885e-06;0.008831876000040212
1.6110800000024028e-08;4.882341999909841e-08;5.5580719996942205e-06;0.009002031999989413
1.7073230000096374e-08;5.386516000144184e-08;5.5839100002776835e-06;0.008692874000407755
2.0788609998999164e-08;5.5679160001454875e-08;5.561504000215791e-06;0.0089677000005031
2.1655489999102428e-08;5.1068899995880204e-08;5.786530000041239e-06;0.008387210000073538
1.5600540000014007e-08;5.343782000127248e-08;5.504688000073657e-06;0.00966158399998676
2.0433569999295287e-08;4.911762000410818e-08;5.702078000176698e-06;0.008328319999855012
1.7962495000392664e-08;5.184550000121817e-08;5.6852660002186894e-06;0.009497098000138067
1.9412465000641533e-08;5.625479999580421e-08;5.56737000006251e-06;0.009013206000090576
1.848360499861883e-08;5.151707999757491e-08;5.593839999637566e-06;0.008244221999775618
1.7334855000081007e-08;5.2495059999637305e-08;5.749986000009812e-06;0.008801736000459642
1.8936129999929107e-08;5.361768000293523e-08;5.874976000050083e-06;0.008613648000173271
1.8158245000813623e-08;5.526683999923989e-08;5.662741999840364e-06;0.00886821600026451
1.634883499937132e-08;6.014202000224031e-08;5.332924000103958e-06;0.011736329999985173
1.549273999989964e-08;6.653519999817945e-08;5.983171999687329e-06;0.010491310000361409
1.7789964999246876e-08;5.0181139999767764e-08;5.451080000493676e-06;0.008784369999775664
2.1757545000582467e-08;5.535870000021532e-08;5.6825519999256356e-06;0.009238616000511684
1.904142000130378e-08;4.851141999824904e-08;6.176571999676525e-06;0.008932486000121571
1.5428055000666064e-08;5.305287999799475e-08;5.5726779997348785e-06;0.010410925999749451
2.1220300000277347e-08;4.7993099997984244e-08;5.375048000132665e-06;0.00903433200030122
2.1674910001456736e-08;5.904812000226229e-08;5.399858000455424e-06;0.009242566000320949
2.5358190000406465e-08;6.937938000191934e-08;5.327139999717474e-06;0.010566390000167302
1.4767465001204982e-08;5.240093999891542e-08;5.512755999807268e-06;0.008847944000153802
1.5388384999823756e-08;5.967999999993481e-08;6.494231999968178e-06;0.010359712000354192
1.722818999987794e-08;4.960369999753311e-08;5.365497999591753e-06;0.008090043999836781
2.1318419999442994e-08;6.913422000361607e-08;5.348908000160009e-06;0.011060359999828507
1.6133519999857526e-08;6.558232000097632e-08;5.936561999842524e-06;0.010941965000529307
2.4853680000524038e-08;5.696814000257291e-08;5.337608000263572e-06;0.008952159999753349
1.8844714999431743e-08;5.3526259999489414e-08;5.5036559997824955e-06;0.008615977999870666
2.061122500017518e-08;5.471356000052765e-08;5.787759999511763e-06;0.009307259999914094
1.940524999954505e-08;6.941132000065409e-08;5.295031999703496e-06;0.010158109999611042
2.118161500111455e-08;5.495861999806948e-08;5.653152000159025e-06;0.009233054000069386
1.680029999988619e-08;6.287149999989197e-08;5.895269999746233e-06;0.008467872000182978
1.8293105000338983e-08;5.326046000118367e-08;5.880016000010073e-06;0.01021144000114873
1.912212500028545e-08;4.9394880002364514e-08;5.876502000028267e-06;0.010293728000251577
1.7869349999818952e-08;6.489473999827169e-08;6.121744000120089e-06;0.00947505199990701
2.2709899998153558e-08;6.614744000253268e-08;5.666415999876335e-06;0.010481459999573417
2.2186570000485516e-08;5.905925999977626e-08;6.155885999905877e-06;0.009135945999878459
1.9145374999789057e-08;6.410393999540247e-08;5.814586000051349e-06;0.011023434999515302
1.9492069999978413e-08;6.123991999775171e-08;6.813586000353098e-06;0.013780584999767597
2.0382349999272266e-08;5.944492000271566e-08;7.073573999805376e-06;0.012858410000626463
2.000486000033561e-08;5.116637999890372e-08;7.138598000165075e-06;0.01367230999894673
1.831834499898832e-08;6.018069999990984e-08;7.093541999929584e-06;0.01306806500069797
1.923195000126725e-08;6.341795999906026e-08;6.998618000070564e-06;0.011050734999298584
1.752137000003131e-08;5.84720799990464e-08;7.1077279996825385e-06;0.012049324999679811
2.260128000052646e-08;6.49085000040941e-08;7.298187999986112e-06;0.0120130600000266
2.0870379998814316e-08;5.235569999786094e-08;7.043397999950685e-06;0.012417949999507983
2.0489900000393392e-08;5.447915999684483e-08;7.729488000040874e-06;0.011123775001033209
1.743257500056643e-08;5.238553999806754e-08;7.063144000130705e-06;0.011196539999218658
1.6563854999549222e-08;5.271460000076331e-08;7.1833320002770055e-06;0.011118765000719576
1.6246900000260212e-08;5.674332000198774e-08;7.1882499998901036e-06;0.01088988999981666
1.6989114999887534e-08;5.124620000133291e-08;7.454216000041924e-06;0.010780554999655578
1.9425454999145585e-08;6.053437999798916e-08;7.45182599988766e-06;0.015122090000659227
1.6491599999426398e-08;4.9654259998351336e-08;7.129901999724097e-06;0.011083464999683202
1.6465039999457077e-08;4.9481899995589626e-08;7.372576000052504e-06;0.01497289999970235
1.832221499935258e-08;5.8758460002718496e-08;7.244465999538079e-06;0.014488754999183584
1.5196874999674038e-08;6.161919999867678e-08;7.256862000213004e-06;0.012629635000484996
2.2145900002215057e-08;5.2474760002223774e-08;7.387069999822416e-06;0.014734594999754335
2.3421320001943968e-08;5.048841999960132e-08;6.881824000156485e-06;0.011193544999696315
1.6404215000511613e-08;5.620592000195757e-08;6.976468000211753e-06;0.013035490000038407
1.737503999902401e-08;5.580230000196025e-08;7.707157999975607e-06;0.012318634999974164
1.5173990000039338e-08;5.1660920004360376e-08;7.499623999465257e-06;0.0114292550002574
1.626601000025403e-08;5.1423860003706066e-08;7.3914899997180325e-06;0.011263414999120869
1.5641635000065435e-08;5.204375999746844e-08;6.828154000104405e-06;0.013321165001252666
1.896256000036374e-08;5.5011760001070795e-08;8.042410000343807e-06;0.013186615001177415
1.9178649999957996e-08;5.706315999850631e-08;7.228604000410996e-06;0.011802565000834875
1.9179145000816787e-08;5.1083859999198466e-08;7.316408000187948e-06;0.011371420000796207
1.6466990001208615e-08;6.273446000413969e-08;7.061528000049293e-06;0.011074864999682178
1.804104000038933e-08;5.449995999806561e-08;7.118564000120387e-06;0.013134244999673684
1.7706524999812245e-08;5.765855999779888e-08;7.283585999975912e-06;0.01492164499941282
2.150149999943096e-08;5.878975999657996e-08;7.373627999913879e-06;0.016007189999800175
1.6385924999485723e-08;5.486976000247523e-08;7.531086000381038e-06;0.014648070000112057
2.2186869999859482e-08;5.465331999585032e-08;7.131663999753073e-06;0.015111315000103787
2.069169000023976e-08;5.2679500001249835e-08;7.91049599996768e-06;0.012106679999851622
2.0962780000991187e-08;5.3411340003367515e-08;7.697230000048876e-06;0.014727220000349917
2.0219320000614972e-08;4.961872000130825e-08;7.725489999866113e-06;0.011848689999897032
1.7285529999935535e-08;5.061320000095293e-08;7.764185999985784e-06;0.012225264999142383
1.9286100000317674e-08;5.368523999932222e-08;7.374562000040896e-06;0.012653725000564008
1.8671930000709834e-08;5.540725999744609e-08;6.902051999932155e-06;0.013068380000186152
1.7745719999948052e-08;5.108455999870785e-08;6.977000000188127e-06;0.011738699999114033
2.1179255000606643e-08;5.432428000494838e-08;7.259681999566965e-06;0.012146309998934157
1.926726000092458e-08;5.246000000042841e-08;7.509414000087418e-06;0.012612514999636915
1.8830730000627226e-08;5.748291999916546e-08;6.94621599977836e-06;0.014162515000498388
1.930023000022629e-08;5.851652000565082e-08;6.772206000168808e-06;0.012945254999794997
1.8608809998841024e-08;5.3755479998653755e-08;7.236710000433959e-06;0.012591174998669885
1.682054499979131e-08;5.5303060001460836e-08;7.619534000405111e-06;0.012325040000723675
1.9743334999657237e-08;5.155707999947481e-08;7.136376000125892e-06;0.013544865000585559
1.6410794999683277e-08;5.233886000351049e-08;6.957819999661296e-06;0.011536344999331049
1.7882169999938923e-08;5.186304000089876e-08;6.721828000154346e-06;0.013166820000333247
1.742668499937281e-08;5.469990000128746e-08;6.851119999773801e-06;0.013174459998845122
1.6747109999414534e-08;5.3510320000350477e-08;7.2887880000052974e-06;0.013599065000016708
1.6323335000197403e-08;6.413298000115901e-08;8.03764800017234e-06;0.013262324999959673
1.7738994999672287e-08;5.001456000027247e-08;7.141730000148527e-06;0.013133540000126231
2.0820320000348147e-08;5.373365999548696e-08;6.733558000414632e-06;0.013051954998809378
1.6551050000998658e-08;5.5140880000544714e-08;7.860704000340775e-06;0.01289025500009302
2.2517989997868425e-08;6.498066000058316e-08;7.951369999791495e-06;0.012233969999942928
2.190769500011811e-08;4.708538000122644e-08;7.179057999746874e-06;0.012491769999905955
1.8422510000527835e-08;5.472608000272885e-08;7.058223999920301e-06;0.01170719499932602
1.881546999939019e-08;5.920985999982804e-08;6.910646000178531e-06;0.011918650000006891
1.501514999981737e-08;5.173314000130631e-08;7.356257999781519e-06;0.010704284999519587
1.9133105000946672e-08;5.0022260000696406e-08;7.403893999871798e-06;0.013679254999442492
1.8066130000806878e-08;5.0226219999603926e-08;6.854833999532275e-06;0.012160369999764952
1.5911890000279526e-08;5.413560000015423e-08;7.618200000142679e-06;0.0107938050001394
1.6901845000393223e-08;4.802024000091478e-08;6.907040000078269e-06;0.013633069999923465
1.6470805001154076e-08;4.916433999896981e-08;7.382376000168733e-06;0.01044300000066869
2.0294239997747356e-08;4.961810000240803e-08;6.95480199996382e-06;0.014416275000257883
2.0137359999353065e-08;5.7631539995782075e-08;7.224539999733679e-06;0.011816309999267105
1.599770000029821e-08;5.866286000236869e-08;7.560285999788903e-06;0.014443190000019968
1.6076494999288115e-08;5.8653619996039196e-08;7.350519999745302e-06;0.012071149999974296
1.8010255000262986e-08;5.0030539999715985e-08;7.353893999825232e-06;0.010622180000063963
2.0630879999953323e-08;5.15669800050091e-08;7.216619999962859e-06;0.01190004499949282
1.8393549999746027e-08;6.393735999590717e-08;7.694771999958903e-06;0.014517859999614302
2.0092450000811368e-08;5.1380439999047666e-08;7.464751999941654e-06;0.014108169999963139
1.7884435001178646e-08;6.167610000120475e-08;7.720562000176869e-06;0.013105455000186339
2.089863000146579e-08;5.592926000244916e-08;7.672696000081487e-06;0.012536740000359713
1.677120500098681e-08;6.2466279999353e-08;7.062807999900542e-06;0.013090775000455324
2.6234939999994822e-08;5.287179999868386e-08;7.056182000087574e-06;0.01223658999952022
1.730066000018269e-08;6.545019999612123e-08;7.127483999938704e-06;0.011041144999035168
2.0165904999885243e-08;5.6981219997396694e-08;7.218922000029124e-06;0.011671395000303165
2.1697574999416246e-08;4.9752600002102555e-08;7.1594359999289735e-06;0.012656620000780095
2.1013640001183374e-08;5.993183999671601e-08;7.259479999775067e-06;0.013012795000395271
1.8147645000135526e-08;5.3826020000269636e-08;7.2957260004477575e-06;0.01447337499994319
1.947632499941392e-08;5.2242440002737564e-08;8.243796000024304e-06;0.013053245001356118
2.2387390001676975e-08;5.208839999977499e-08;7.403674000524916e-06;0.012552210000285413
2.20095049997326e-08;5.65718800004106e-08;6.911088000051677e-06;0.012622594999265857
1.9438879999506753e-08;4.98890399991069e-08;7.125726000522263e-06;0.011999500000092667
1.9102700000803453e-08;5.210193999810144e-08;7.156289999838919e-06;0.0117807200003881
2.3893970000790433e-08;5.617805999936536e-08;7.213525999686681e-06;0.011896764999255538
1.8359894999593963e-08;5.120196000207216e-08;7.369530000141822e-06;0.013663049999740906
1.7804240000259598e-08;5.3354959998978304e-08;7.337071999791078e-06;0.010605935000057798
1.5718150000611786e-08;6.639460000442342e-08;7.419812000007368e-06;0.01109098000015365
2.05076399986865e-08;6.589618000434712e-08;6.8613079999340696e-06;0.01296730499889236
1.7326164999394678e-08;6.28320400021039e-08;7.338556000031531e-06;0.011987359999329783
1.92058900007396e-08;5.385990000213496e-08;7.3366879997774955e-06;0.012704229999508243
1.6088765001040885e-08;5.507360000046902e-08;7.2828099998878315e-06;0.012241055000049527
2.0061939998413436e-08;5.6578659999649974e-08;7.242746000410989e-06;0.011878054999397137
2.0350520001375116e-08;5.591641999781132e-08;6.913398000178859e-06;0.012001060000329744
1.9915844999195542e-08;5.440558000118472e-08;8.101045999792404e-06;0.010690060000342783
1.7872865000390446e-08;5.4178879997925834e-08;7.119979999843053e-06;0.010701005000737496
2.1175230000517332e-08;7.023302000015974e-08;8.706159999710508e-06;0.019674320000922306
2.1537269998225383e-08;8.070506000076421e-08;8.95026400045026e-06;0.013627904999884777
1.731030499940971e-08;8.15911200013943e-08;8.647479999926872e-06;0.013551849999930709
1.6746805000002496e-08;6.969351999578066e-08;8.43767599959392e-06;0.015570005000336095
2.0089160001953132e-08;7.490064000012353e-08;8.594101999769919e-06;0.015445484999509063
1.576487999991514e-08;8.886209999909624e-08;8.738156000035814e-06;0.019611049999366515
1.740773500059731e-08;7.61307000007946e-08;9.171208000043407e-06;0.014934899999934715
1.511459500034107e-08;9.035316000226886e-08;8.903385999728926e-06;0.015818950001266784
1.894579999934649e-08;7.183575999806635e-08;8.489541999879293e-06;0.01468165499973111
1.4870694999990519e-08;7.323007999802939e-08;8.992325999424793e-06;0.015980695000325795
1.7610810000041965e-08;7.00256799987983e-08;9.06872600025963e-06;0.015480874999775551
1.8134814999939408e-08;8.097907999763265e-08;9.700911999680101e-06;0.014714419998927041
1.822779000067385e-08;7.459766000392847e-08;8.867426000069826e-06;0.014334855000197422
2.015735499880975e-08;7.50201000017114e-08;8.732894000131637e-06;0.014827674999833108
1.8517419999989215e-08;7.318123999866657e-08;8.701641999650746e-06;0.01379124000086449
1.6770664999785367e-08;7.38874599977862e-08;8.621604000218212e-06;0.015423709999595303
2.0521364999876822e-08;7.758245999575593e-08;8.435485999798402e-06;0.014443610000307671
2.0926580000377725e-08;8.035599999711848e-08;8.658376000239513e-06;0.01749085500050569
1.5913105000799988e-08;7.424559999490157e-08;9.38354599988088e-06;0.013555549999000504
1.5709269999933894e-08;7.646898000384681e-08;8.593886000453494e-06;0.014182990000699646
1.6492354999354575e-08;6.602044000173918e-08;9.377673999988474e-06;0.012377965000632684
2.2823730000527576e-08;7.776686000288464e-08;9.143895999877714e-06;0.01613884499965934
1.729771500104107e-08;7.861721999943257e-08;8.486465999740175e-06;0.012324519999674521
1.8707670000731014e-08;7.629676000215113e-08;8.317127999616787e-06;0.01643694500089623
1.788549999910174e-08;7.19926799996756e-08;8.352516000159085e-06;0.017913400000543332
1.6558390000136568e-08;7.748368000029586e-08;8.390504000126384e-06;0.013220900000305846
1.687376000045333e-08;7.303780000074766e-08;8.613126000273041e-06;0.014644275000318886
2.0134650000545663e-08;6.54619399982039e-08;8.656041999929584e-06;0.016703080000297632
1.881442000012612e-08;7.69655000010971e-08;8.811852000071667e-06;0.013264594999782275
2.272545000014361e-08;7.954103999654762e-08;8.69165999989491e-06;0.018095434999850113
2.1424544999899807e-08;6.99646599998232e-08;8.91888200014364e-06;0.017025979999743868
2.0483990001957864e-08;8.301429999992252e-08;8.702226000023074e-06;0.01552265000063926
2.1285869998973794e-08;7.954757999978028e-08;8.628432000405156e-06;0.01315078000043286
1.6917789999570232e-08;7.40170799952466e-08;8.597202000091783e-06;0.014072340000711846
1.6137570000137203e-08;8.255095999920741e-08;8.225680000032298e-06;0.013209475000621751
1.5495099998952355e-08;6.473324000253342e-08;8.366167999920435e-06;0.014699174999259412
1.6360465000616387e-08;7.278202000306919e-08;8.340619999798946e-06;0.013553444998979102
1.752344999986235e-08;8.191605999600142e-08;8.261012000148184e-06;0.012873810000019147
1.7681799999263602e-08;7.545802000095137e-08;8.547666000085882e-06;0.012418344999605323
1.6456775000551717e-08;7.77209599968046e-08;8.621197999455035e-06;0.0129114950002986
1.7159374999755527e-08;7.132449999917299e-08;8.605468000168912e-06;0.013144934999581892
1.9814535000477918e-08;6.945610000402666e-08;8.549722000025213e-06;0.016972309999982827
2.086095499980729e-08;7.431245999759994e-08;8.644232000224293e-06;0.014522419999411795
1.7062064999481664e-08;7.432048000046052e-08;8.517741999821738e-06;0.01260519000061322
1.771593000012217e-08;7.802900000242516e-08;8.769209999591111e-06;0.0177485849999357
2.1364810000522992e-08;8.429960000212305e-08;8.804212000104599e-06;0.014475254999706522
1.8060925000463613e-08;7.081359999720007e-08;8.750719999661668e-06;0.01547932999965269
1.8427655000414233e-08;7.761109999846667e-08;8.763544000103139e-06;0.014496920000237879
1.9022239999321755e-08;8.032023999840021e-08;9.065779999946245e-06;0.016875125000660775
2.1244834999379237e-08;9.054856000002474e-08;8.487316000391729e-06;0.01384488500043517
1.9340365000243764e-08;6.97221200040076e-08;9.083318000193685e-06;0.015204714999708813
1.5402595000341535e-08;8.110379999852739e-08;9.249838000396267e-06;0.015854960000433495
1.8374134998884983e-08;6.744444000069052e-08;8.969790000119246e-06;0.014282630001252983
1.9205114999203944e-08;7.070839999942109e-08;8.641910000005736e-06;0.020191419997718184
2.4007725001138168e-08;8.745481999940239e-08;9.094884000369348e-06;0.013376275000337046
1.727783999958774e-08;7.309449999593199e-08;8.439930000458844e-06;0.013579174999904353
2.1262259999639355e-08;7.478977999999188e-08;8.244898000266403e-06;0.013888175001193303
1.5544664999470115e-08;7.561242000083438e-08;8.99669400008861e-06;0.016209845000412317
1.5083184999821243e-08;7.144125999766402e-08;8.744062000187114e-06;0.016068689999519846
1.7110175000561866e-08;6.875316000077873e-08;8.870521999779158e-06;0.014060914999572561
2.2833995000110008e-08;6.80069199996069e-08;8.98944400018081e-06;0.01669912000070326
1.9232714999816382e-08;7.256730000372045e-08;8.453566000098363e-06;0.013130725000519306
1.9596009999804665e-08;7.268842000048607e-08;8.501327999983914e-06;0.012730025000928435
1.7928024999855553e-08;7.018026000005193e-08;8.494933999609203e-06;0.013239769999927375
1.5802039999107364e-08;8.568872000323609e-08;8.397057999973186e-06;0.013614854999468661
1.6594789999362548e-08;7.867394000058993e-08;8.722887999610976e-06;0.014303910000307951
1.5979800000786782e-08;8.47310799988918e-08;8.464157999842428e-06;0.015037575000314973
1.8526174999715294e-08;7.600421999813989e-08;8.665616000071169e-06;0.01641146000038134
1.616684000036912e-08;8.295856000040658e-08;8.50899200013373e-06;0.01782217500003753
1.6138785000657662e-08;6.897018000017852e-08;8.37117999966722e-06;0.015593794999585953
1.7785700000240466e-08;7.005701999878511e-08;8.798191999667324e-06;0.015212285000598059
1.6956480000226294e-08;8.013088000006974e-08;8.474185999948532e-06;0.012559384999622124
1.542537000059383e-08;6.942995999706909e-08;8.566090000094846e-06;0.014175295000313781
1.6904670000076295e-08;7.39264399977401e-08;9.001458000275306e-06;0.015513384999940172
1.9153270000242628e-08;8.149358000373467e-08;8.291817999561317e-06;0.014103584999975282
2.1604949998436494e-08;7.720065999892541e-08;8.357894000364467e-06;0.016402194999682252
1.7114705000130926e-08;8.057426000013948e-08;8.77015400037635e-06;0.014861340000061318
2.174471500038635e-08;7.874139999621548e-08;8.707974000135436e-06;0.01575726500013843
2.171390000003157e-08;7.680925999884494e-08;8.725386000005529e-06;0.01369834500073921
1.888920499914093e-08;6.436333999736235e-08;8.448070000158623e-06;0.015636730000551324
1.813737000047695e-08;7.901198000181466e-08;8.576543999952265e-06;0.015980324998963624
1.762303499999689e-08;8.047896000207402e-08;8.765335999778471e-06;0.014369720000831875
1.6201045000343583e-08;7.113091999781318e-08;8.961116000427865e-06;0.014425035000022035
2.3202759999549017e-08;7.180387999978848e-08;8.31875999982003e-06;0.017054034999455327
1.8727124998986257e-08;7.116572000086308e-08;8.335480000241659e-06;0.014043145001051017
2.021553000085987e-08;8.992513999692164e-08;8.694527999614366e-06;0.015882620000047608
1.575058500020532e-08;7.580918000312523e-08;8.595397999743e-06;0.01891693499928806
1.5207509999163448e-08;7.667746000224724e-08;8.850945999729447e-06;0.015545440001005773
2.0570709998719395e-08;7.019174000015483e-08;8.40964199975133e-06;0.015364299999782815
1.6410759999416768e-08;7.25923000019975e-08;9.19441599980928e-06;0.01593296999926679
1.7619174999708776e-08;7.286750000203029e-08;8.666220000013708e-06;0.017080604999500794
1.983419999887701e-08;7.04962199961301e-08;8.978744000196457e-06;0.014647495000099297
1.7817045000265354e-08;7.19234400021378e-08;9.084539999603294e-06;0.015528629999607801
2.2289040000759995e-08;8.167037999955938e-08;8.745878000045195e-06;0.016661015000136104
2.3977720001130364e-08;8.136815999750979e-08;8.704567999811842e-06;0.014708794999751262
1.5278124999895226e-08;7.590647999895737e-08;8.616496000322513e-06;0.01703387500019744
2.151881999889156e-08;8.604388000094332e-08;8.723957999609411e-06;0.014981144999910611
1.8138409999664874e-08;7.063737999997102e-08;8.64203599980101e-06;0.020009629998821766
1.627633499883814e-08;6.937246000161395e-08;8.222749999840744e-06;0.012508544999582228
2.2499290000996552e-08;9.005615999922156e-08;8.828232000232674e-06;0.015367224998772144
