0;120;120;56
0;120;120;48
0;120;120;48
0;120;120;48
0;120;120;48
0;120;120;48
0;120;120;48
0;120;120;48
0;120;120;48
0;120;120;48
0;120;120;48
0;120;120;48
0;120;120;48
0;120;120;48
0;120;120;48
0;120;120;48
0;120;120;48
0;120;120;48
0;120;120;48
0;120;120;48
0;120;120;48
0;120;120;48
0;120;120;48
0;120;120;48
0;120;120;48
0;120;120;48
0;120;120;48
0;120;120;48
0;120;120;48
0;120;120;48
0;120;120;48
0;120;120;48
0;120;120;48
0;120;120;48
0;120;120;48
0;120;120;48
0;120;120;48
0;120;120;48
0;120;120;48
0;120;120;48
0;120;120;48
0;120;120;48
0;120;120;48
0;120;120;48
0;120;120;48
0;120;120;48
0;120;120;48
0;120;120;48
0;120;120;48
0;120;120;48
0;120;120;48
0;120;120;48
0;120;120;48
0;120;120;48
0;120;120;48
0;120;120;48
0;120;120;48
0;120;120;48
0;120;120;48
0;120;120;48
0;120;120;48
0;120;120;48
0;120;120;48
0;120;120;48
0;120;120;48
0;120;120;48
0;120;120;48
0;120;120;48
0;120;120;48
0;120;120;48
0;120;120;48
0;120;120;48
0;120;120;48
0;120;120;48
0;120;120;48
0;120;120;48
0;120;120;48
0;120;120;48
0;120;120;48
0;120;120;48
0;120;120;48
0;120;120;48
0;120;120;48
0;120;120;48
0;120;120;48
0;120;120;48
0;120;120;48
0;120;120;48
0;120;120;48
0;120;120;48
0;120;120;48
0;120;120;48
0;120;120;48
0;120;120;48
0;120;120;48
0;120;120;48
0;120;120;48
0;120;120;48
0;120;120;48
0;120;120;48
0;120;120;48
0;120;120;48
0;120;120;48
0;120;120;48
0;120;120;48
0;120;120;48
0;120;120;48
0;120;120;48
0;120;120;48
0;120;120;48
0;120;120;48
0;120;120;48
0;120;120;48
0;120;120;48
0;120;120;48
0;120;120;48
0;120;120;48
0;120;120;48
0;120;120;48
0;120;120;48
0;120;120;48
0;120;120;48
0;120;120;48
0;120;120;48
0;120;120;48
0;120;120;48
0;120;120;48
0;120;120;48
0;120;120;48
0;120;120;48
0;120;120;48
0;120;120;48
0;120;120;48
0;120;120;48
0;120;120;48
0;120;120;48
0;120;120;48
0;120;120;48
0;120;120;48
0;120;120;48
0;120;120;48
0;120;120;48
0;120;120;48
0;120;120;48
0;120;120;48
0;120;120;48
0;120;120;48
0;120;120;48
0;120;120;48
0;120;120;48
0;120;120;48
0;120;120;48
0;120;120;48
0;120;120;48
0;120;120;48
0;120;120;48
0;120;120;48
0;120;120;48
0;120;120;48
0;120;120;48
0;120;120;48
0;120;120;48
0;120;120;48
0;120;120;48
0;120;120;48
0;120;120;48
0;120;120;48
0;120;120;48
0;120;120;48
0;120;120;48
0;120;120;48
0;120;120;48
0;120;120;48
0;120;120;48
0;120;120;48
0;120;120;48
0;120;120;48
0;120;120;48
0;120;120;48
0;120;120;48
0;120;120;48
0;120;120;48
0;120;120;48
0;120;120;48
0;120;120;48
0;120;120;48
0;120;120;48
0;120;120;48
0;120;120;48
0;120;120;48
0;120;120;48
0;120;120;48
0;120;120;48
0;120;120;48
0;120;120;48
0;120;120;48
0;120;120;48
0;120;120;48
0;120;120;48
0;120;120;48
0;120;120;48
0;120;120;48
0;120;120;48
0;120;120;48
0;120;120;48
0;120;120;48
0;120;120;48
0;120;120;48
0;120;120;48
0;120;120;48
0;120;120;48
0;120;120;48
0;120;120;48
0;120;120;48
0;120;120;48
0;120;120;48
0;120;120;48
0;120;120;48
0;120;120;48
0;120;120;48
0;120;120;48
0;120;120;48
0;120;120;48
0;120;120;48
0;120;120;48
0;120;120;48
0;120;120;48
0;120;120;48
0;120;120;48
0;120;120;48
0;120;120;48
0;120;120;48
0;120;120;48
0;120;120;48
0;120;120;48
0;120;120;48
0;120;120;48
0;120;120;48
0;120;120;48
0;120;120;48
0;120;120;48
0;120;120;48
0;120;120;48
0;120;120;48
0;120;120;48
0;120;120;48
0;120;120;48
0;120;120;48
0;120;120;48
0;120;120;48
0;120;120;48
0;120;120;48
0;120;120;48
0;120;120;48
0;120;120;48
0;120;120;48
0;120;120;48
0;120;120;48
0;120;120;48
0;120;120;48
0;120;120;48
0;120;120;48
0;120;120;48
0;120;120;48
0;120;120;48
0;120;120;48
0;120;120;48
0;120;120;48
0;120;120;48
0;120;120;48
0;120;120;48
0;120;120;48
0;120;120;48
0;120;120;48
0;120;120;48
0;120;120;48
0;120;120;48
0;120;120;48
0;120;120;48
0;120;120;48
0;120;120;48
0;120;120;48
0;120;120;48
0;120;120;48
0;120;120;48
0;120;120;48
0;120;120;48
0;120;120;48
0;120;120;48
0;120;120;48
0;120;120;48
0;120;120;48
0;120;120;48
0;120;120;48
0;120;120;48
0;120;120;48
0;120;120;48
0;120;120;48
0;120;120;48
0;120;120;48
0;120;120;48
0;120;120;48
0;120;120;48
0;120;120;48
0;120;120;48
0;120;120;48
0;120;120;48
0;120;120;48
0;120;120;48
0;120;120;48
0;120;120;48
0;120;120;48
0;120;120;48
0;120;120;48
0;120;120;48
0;120;120;48
0;120;120;48
0;120;120;48
0;120;120;48
0;120;120;48
0;120;120;48
0;120;120;48
0;120;120;48
0;120;120;48
0;120;120;48
0;120;120;48
0;120;120;48
0;120;120;48
0;120;120;48
0;120;120;48
0;120;120;48
0;120;120;48
0;120;120;48
0;120;120;48
0;120;120;48
0;120;120;48
0;120;120;48
0;120;120;48
0;120;120;48
0;120;120;48
0;120;120;48
0;120;120;48
0;120;120;48
0;120;120;48
0;120;120;48
0;120;120;48
0;120;120;48
0;120;120;48
0;120;120;48
0;120;120;48
0;120;120;48
0;120;120;48
0;120;120;48
0;120;120;48
0;120;120;48
0;120;120;48
0;120;120;48
0;120;120;48
0;120;120;48
0;120;120;48
0;120;120;48
0;120;120;48
0;120;120;48
0;120;120;48
0;120;120;48
0;120;120;48
0;120;120;48
0;120;120;48
0;120;120;48
0;120;120;48
0;120;120;48
0;120;120;48
0;120;120;48
0;120;120;48
0;120;120;48
0;120;120;48
0;120;120;48
0;120;120;48
0;120;120;48
0;120;120;48
0;120;120;48
0;120;120;48
0;120;120;48
0;120;120;48
0;120;120;48
0;120;120;48
0;120;120;48
0;120;120;48
0;120;120;48
0;120;120;48
0;120;120;48
0;120;120;48
0;120;120;48
0;120;120;48
0;120;120;48
0;120;120;48
0;120;120;48
0;120;120;48
0;120;120;48
0;120;120;48
0;120;120;48
0;120;120;48
0;120;120;48
0;120;120;48
0;120;120;48
0;120;120;48
0;120;120;48
0;120;120;48
0;120;120;48
0;120;120;48
0;120;120;48
0;120;120;48
0;120;120;48
0;120;120;48
0;120;120;48
0;120;120;48
0;120;120;48
0;120;120;48
0;120;120;48
0;120;120;48
0;120;120;48
0;120;120;48
0;120;120;48
0;120;120;48
0;120;120;48
0;120;120;48
0;120;120;48
0;120;120;48
0;120;120;48
0;120;120;48
0;120;120;48
0;120;120;48
0;120;120;48
0;120;120;48
0;120;120;48
0;120;120;48
0;120;120;48
0;120;120;48
0;120;120;48
0;120;120;48
0;120;120;48
0;120;120;48
0;120;120;48
0;120;120;48
0;120;120;48
0;120;120;48
0;120;120;48
0;120;120;48
0;120;120;48
0;120;120;48
0;120;120;48
0;120;120;48
0;120;120;48
0;120;120;48
0;120;120;48
0;120;120;48
0;120;120;48
0;120;120;48
0;120;120;48
0;120;120;48
0;120;120;48
0;120;120;48
0;120;120;48
0;120;120;48
0;120;120;48
0;120;120;48
0;120;120;48
0;120;120;48
0;120;120;48
0;120;120;48
0;120;120;48
0;120;120;48
0;120;120;48
0;120;120;48
0;120;120;48
0;120;120;48
0;120;120;48
0;120;120;48
0;120;120;48
0;120;120;48
0;120;120;48
0;120;120;48
0;120;120;48
0;120;120;48
0;120;120;48
0;120;120;48
0;120;120;48
0;120;120;48
0;120;120;48
0;120;120;48
0;120;120;48
0;120;120;48
0;120;120;48
0;120;120;48
0;120;120;48
0;120;120;48
0;120;120;48
0;120;120;48
0;120;120;48
0;120;120;48
0;120;120;48
0;120;120;48
0;120;120;48
0;120;120;48
0;120;120;48
0;120;120;48
0;120;120;48
0;120;120;48
0;120;120;48
0;120;120;48
0;120;120;48
0;120;120;48
0;120;120;48
0;120;120;48
0;120;120;48
0;120;120;48
0;120;120;48
0;120;120;48
0;120;120;48
0;120;120;48
0;120;120;48
0;120;120;48
0;120;120;48
0;120;120;48
0;120;120;48
0;120;120;48
0;120;120;48
0;120;120;48
0;120;120;48
0;120;120;48
0;120;120;48
0;120;120;48
0;120;120;48
0;120;120;48
0;120;120;48
0;120;120;48
0;120;120;48
0;120;120;48
0;120;120;48
0;120;120;48
0;120;120;48
0;120;120;48
0;120;120;48
0;120;120;48
0;120;120;48
0;120;120;48
0;120;120;48
0;120;120;48
0;120;120;48
0;120;120;48
0;120;120;48
0;120;120;48
0;120;120;48
0;120;120;48
0;120;120;48
0;120;120;48
0;120;120;48
0;120;120;48
0;120;120;48
0;120;120;48
0;120;120;48
0;120;120;48
0;120;120;48
0;120;120;48
0;120;120;48
0;120;120;48
0;120;120;48
0;120;120;48
0;120;120;48
0;120;120;48
0;120;120;48
0;120;120;48
0;120;120;48
0;120;120;48
0;120;120;48
0;120;120;48
0;120;120;48
0;120;120;48
0;120;120;48
0;120;120;48
0;120;120;48
0;120;120;48
0;120;120;48
0;120;120;48
0;120;120;48
0;120;120;48
0;120;120;48
0;120;120;48
0;120;120;48
0;120;120;48
0;120;120;48
0;120;120;48
0;120;120;48
0;120;120;48
0;120;120;48
0;120;120;48
0;120;120;48
0;120;120;48
0;120;120;48
0;120;120;48
0;120;120;48
0;120;120;48
0;120;120;48
0;120;120;48
0;120;120;48
0;120;120;48
0;120;120;48
0;120;120;48
0;120;120;48
0;120;120;48
0;120;120;48
0;120;120;48
0;120;120;48
0;120;120;48
0;120;120;48
0;120;120;48
0;120;120;48
0;120;120;48
0;120;120;48
0;120;120;48
0;120;120;48
0;120;120;48
0;120;120;48
0;120;120;48
0;120;120;48
0;120;120;48
0;120;120;48
0;120;120;48
0;120;120;48
0;120;120;48
0;120;120;48
0;120;120;48
0;120;120;48
0;120;120;48
0;120;120;48
0;120;120;48
0;120;120;48
0;120;120;48
0;120;120;48
0;120;120;48
0;120;120;48
0;120;120;48
0;120;120;48
0;120;120;48
0;120;120;48
0;120;120;48
0;120;120;48
0;120;120;48
0;120;120;48
0;120;120;48
0;120;120;48
0;120;120;48
0;120;120;48
0;120;120;48
0;120;120;48
0;120;120;48
0;120;120;48
0;120;120;48
0;120;120;48
0;120;120;48
0;120;120;48
0;120;120;48
0;120;120;48
0;120;120;48
0;120;120;48
0;120;120;48
0;120;120;48
0;120;120;48
0;120;120;48
0;120;120;48
0;120;120;48
0;120;120;48
0;120;120;48
0;120;120;48
0;120;120;48
0;120;120;48
0;120;120;48
0;120;120;48
0;120;120;48
0;120;120;48
0;120;120;48
0;120;120;48
0;120;120;48
0;120;120;48
0;120;120;48
0;120;120;48
0;120;120;48
0;120;120;48
0;120;120;48
0;120;120;48
0;120;120;48
0;120;120;48
0;120;120;48
0;120;120;48
0;120;120;48
0;120;120;48
0;120;120;48
0;120;120;48
0;120;120;48
0;120;120;48
0;120;120;48
0;120;120;48
0;120;120;48
0;120;120;48
0;120;120;48
0;120;120;48
0;120;120;48
0;120;120;48
0;120;120;48
0;120;120;48
0;120;120;48
0;120;120;48
0;120;120;48
0;120;120;48
0;120;120;48
0;120;120;48
0;120;120;48
0;120;120;48
0;120;120;48
0;120;120;48
0;120;120;48
0;120;120;48
0;120;120;48
0;120;120;48
0;120;120;48
0;120;120;48
0;120;120;48
0;120;120;48
0;120;120;48
0;120;120;48
0;120;120;48
0;120;120;48
0;120;120;48
0;120;120;48
0;120;120;48
0;120;120;48
0;120;120;48
0;120;120;48
0;120;120;48
0;120;120;48
0;120;120;48
0;120;120;48
0;120;120;48
0;120;120;48
0;120;120;48
0;120;120;48
0;120;120;48
0;120;120;48
0;120;120;48
0;120;120;48
0;120;120;48
0;120;120;48
0;120;120;48
0;120;120;48
0;120;120;48
0;120;120;48
0;120;120;48
0;120;120;48
0;120;120;48
0;120;120;48
0;120;120;48
0;120;120;48
0;120;120;48
0;120;120;48
0;120;120;48
0;120;120;48
0;120;120;48
0;120;120;48
0;120;120;48
0;120;120;48
0;120;120;48
0;120;120;48
0;120;120;48
0;120;120;48
0;120;120;48
0;120;120;48
0;120;120;48
0;120;120;48
0;120;120;48
0;120;120;48
0;120;120;48
0;120;120;48
0;120;120;48
0;120;120;48
0;120;120;48
0;120;120;48
0;120;120;48
0;120;120;48
0;120;120;48
0;120;120;48
0;120;120;48
0;120;120;48
0;120;120;48
0;120;120;48
0;120;120;48
0;120;120;48
0;120;120;48
0;120;120;48
0;120;120;48
0;120;120;48
0;120;120;48
0;120;120;48
0;120;120;48
0;120;120;48
0;120;120;48
0;120;120;48
0;120;120;48
0;120;120;48
0;120;120;48
0;120;120;48
0;120;120;48
0;120;120;48
0;120;120;48
0;120;120;48
0;120;120;48
0;120;120;48
0;120;120;48
0;120;120;48
0;120;120;48
0;120;120;48
0;120;120;48
0;120;120;48
0;120;120;48
0;120;120;48
0;120;120;48
0;120;120;48
0;120;120;48
0;120;120;48
0;120;120;48
0;120;120;48
0;120;120;48
0;120;120;48
0;120;120;48
0;120;120;48
0;120;120;48
0;120;120;48
0;120;120;48
0;120;120;48
0;120;120;48
0;120;120;48
0;120;120;48
0;120;120;48
0;120;120;48
0;120;120;48
0;120;120;48
0;120;120;48
0;120;120;48
0;120;120;48
0;120;120;48
0;120;120;48
0;120;120;48
0;120;120;48
0;120;120;48
0;120;120;48
0;120;120;48
0;120;120;48
0;120;120;48
0;120;120;48
0;120;120;48
0;120;120;48
0;120;120;48
0;120;120;48
0;120;120;48
0;120;120;48
0;120;120;48
0;120;120;48
0;120;120;48
0;120;120;48
0;120;120;48
0;120;120;48
0;120;120;48
0;120;120;48
0;120;120;48
0;120;120;48
0;120;120;48
0;120;120;48
0;120;120;48
0;120;120;48
0;120;120;48
0;120;120;48
0;120;120;48
0;120;120;48
0;120;120;48
0;120;120;48
0;120;120;48
0;120;120;48
0;120;120;48
0;120;120;48
0;120;120;48
0;120;120;48
0;120;120;48
0;120;120;48
0;120;120;48
0;120;120;48
0;120;120;48
0;120;120;48
0;120;120;48
0;120;120;48
0;120;120;48
0;120;120;48
0;120;120;48
0;120;120;48
0;120;120;48
0;120;120;48
0;120;120;48
0;120;120;48
0;120;120;48
0;120;120;48
0;120;120;48
0;120;120;48
0;120;120;48
0;120;120;48
0;120;120;48
0;120;120;48
0;120;120;48
0;120;120;48
0;120;120;48
0;120;120;48
0;120;120;48
0;120;120;48
0;120;120;48
0;120;120;48
0;120;120;48
0;120;120;48
0;120;120;48
0;120;120;48
0;120;120;48
0;120;120;48
0;120;120;48
0;120;120;48
0;120;120;48
0;120;120;48
0;120;120;48
0;120;120;48
0;120;120;48
0;120;120;48
0;120;120;48
0;120;120;48
0;120;120;48
0;120;120;48
0;120;120;48
0;120;120;48
0;120;120;48
0;120;120;48
0;120;120;48
0;120;120;48
0;120;120;48
0;120;120;48
0;120;120;48
0;120;120;48
0;120;120;48
0;120;120;48
0;120;120;48
0;120;120;48
0;120;120;48
0;120;120;48
0;120;120;48
0;120;120;48
0;120;120;48
0;120;120;48
0;120;120;48
0;120;120;48
0;120;120;48
0;120;120;48
0;120;120;48
0;120;120;48
0;120;120;48
0;120;120;48
0;120;120;48
0;120;120;48
0;120;120;48
0;120;120;48
0;120;120;48
0;120;120;48
0;120;120;48
0;120;120;48
0;120;120;48
0;120;120;48
0;120;120;48
0;120;120;48
0;120;120;48
0;120;120;48
0;120;120;48
0;120;120;48
0;120;120;48
0;120;120;48
0;120;120;48
0;120;120;48
0;120;120;48
0;120;120;48
0;120;120;48
0;120;120;48
0;120;120;48
0;120;120;48
0;120;120;48
0;120;120;48
0;120;120;48
0;120;120;48
0;120;120;48
0;120;120;48
0;120;120;48
0;120;120;48
0;120;120;48
0;120;120;48
0;120;120;48
0;120;120;48
0;120;120;48
0;120;120;48
0;120;120;48
0;120;120;48
0;120;120;48
0;120;120;48
0;120;120;48
0;120;120;48
0;120;120;48
0;120;120;48
0;120;120;48
0;120;120;48
0;120;120;48
0;120;120;48
0;120;120;48
0;120;120;48
0;120;120;48
0;120;120;48
0;120;120;48
0;120;120;48
0;120;120;48
0;120;120;48
0;120;120;48
0;120;120;48
0;120;120;48
0;120;120;48
0;120;120;48
0;120;120;48
0;120;120;48
0;120;120;48
0;120;120;48
0;120;120;48
0;120;120;48
0;120;120;48
0;120;120;48
0;120;120;48
0;120;120;48
0;120;120;48
0;120;120;48
0;120;120;48
0;120;120;48
0;120;120;48
0;120;120;48
0;120;120;48
0;120;120;48
0;120;120;48
0;120;120;48
0;120;120;48
0;120;120;48
0;120;120;48
0;120;120;48
0;120;120;48
0;120;120;48
0;120;120;48
0;120;120;48
0;120;120;48
0;120;120;48
0;120;120;48
0;120;120;48
0;120;120;48
0;120;120;48
0;120;120;48
0;120;120;48
0;120;120;48
0;120;120;48
0;120;120;48
0;120;120;48
0;120;120;48
0;120;120;48
0;120;120;48
0;120;120;48
0;120;120;48
0;120;120;48
0;120;120;48
0;120;120;48
0;120;120;48
0;120;120;48
0;120;120;48
0;120;120;48
0;120;120;48
0;120;120;48
0;120;120;48
0;120;120;48
0;120;120;48
0;120;120;48
0;120;120;48
0;120;120;48
0;120;120;48
0;120;120;48
0;120;120;48
0;120;120;48
0;120;120;48
0;120;120;48
0;120;120;48
0;120;120;48
0;120;120;48
0;120;120;48
0;120;120;48
0;120;120;48
0;120;120;48
0;120;120;48
0;120;120;48
0;120;120;48
0;120;120;48
0;120;120;48
0;120;120;48
0;120;120;48
0;120;120;48
0;120;120;48
0;120;120;48
0;120;120;48
0;120;120;48
0;120;120;48
0;120;120;48
0;120;120;48
0;120;120;48
0;120;120;48
0;120;120;48
0;120;120;48
0;120;120;48
0;120;120;48
0;120;120;48
0;120;120;48
0;120;120;48
0;120;120;48
0;120;120;48
0;120;120;48
0;120;120;48
0;120;120;48
0;120;120;48
0;120;120;48
0;120;120;48
0;120;120;48
0;120;120;48
0;120;120;48
0;120;120;48
0;120;120;48
0;120;120;48
0;120;120;48
0;120;120;48
0;120;120;48
0;120;120;48
0;120;120;48
0;120;120;48
0;120;120;48
0;120;120;48
0;120;120;48
0;120;120;48
0;120;120;48
0;120;120;48
0;120;120;48
0;120;120;48
0;120;120;48
0;120;120;48
0;120;120;48
0;120;120;48
0;120;120;48
0;120;120;48
0;120;120;48
0;120;120;48
0;120;120;48
0;120;120;48
0;120;120;48
0;120;120;48
0;120;120;48
0;120;120;48
0;120;120;48
0;120;120;48
0;120;120;48
0;120;120;48
0;120;120;48
0;120;120;48
0;120;120;48
0;120;120;48
0;120;120;48
0;120;120;48
0;120;120;48
0;120;120;48
0;120;120;48
0;120;120;48
0;120;120;48
0;120;120;48
0;120;120;48
0;120;120;48
0;120;120;48
0;120;120;48
0;120;120;48
0;120;120;48
0;120;120;48
0;120;120;48
0;120;120;48
0;120;120;48
0;120;120;48
0;120;120;48
0;120;120;48
0;120;120;48
0;120;120;48
0;120;120;48
0;120;120;48
0;120;120;48
0;120;120;48
0;120;120;48
0;120;120;48
0;120;120;48
0;120;120;48
0;120;120;48
0;120;120;48
0;120;120;48
0;120;120;48
0;120;120;48
0;120;120;48
0;120;120;48
0;120;120;48
0;120;120;48
0;120;120;48
0;120;120;48
0;120;120;48
0;120;120;48
0;120;120;48
0;120;120;48
0;120;120;48
0;120;120;48
0;120;120;48
0;120;120;48
0;120;120;48
0;120;120;48
0;120;120;48
0;120;120;48
0;120;120;48
0;120;120;48
0;120;120;48
0;120;120;48
0;120;120;48
0;120;120;48
0;120;120;48
0;120;120;48
0;120;120;48
0;120;120;48
0;120;120;48
0;120;120;48
0;120;120;48
0;120;120;48
0;120;120;48
0;120;120;48
0;120;120;48
0;120;120;48
0;120;120;48
0;120;120;48
0;120;120;48
0;120;120;48
0;120;120;48
0;120;120;48
0;120;120;48
0;120;120;48
0;120;120;48
0;120;120;48
0;120;120;48
0;120;120;48
0;120;120;48
0;120;120;48
0;120;120;48
0;120;120;48
0;120;120;48
0;120;120;48
0;120;120;48
0;120;120;48
0;120;120;48
0;120;120;48
0;120;120;48
0;120;120;48
0;120;120;48
0;120;120;48
0;120;120;48
0;120;120;48
0;120;120;48
0;120;120;48
0;120;120;48
0;120;120;48
0;120;120;48
0;120;120;48
0;120;120;48
0;120;120;48
0;120;120;48
0;120;120;48
0;120;120;48
0;120;120;48
0;120;120;48
0;120;120;48
0;120;120;48
0;120;120;48
0;120;120;48
0;120;120;48
0;120;120;48
0;120;120;48
0;120;120;48
0;120;120;48
0;120;120;48
0;120;120;48
0;120;120;48
0;120;120;48
0;120;120;48
0;120;120;48
0;120;120;48
0;120;120;48
0;120;120;48
0;120;120;48
0;120;120;48
0;120;120;48
0;120;120;48
0;120;120;48
0;120;120;48
0;120;120;48
0;120;120;48
0;120;120;48
0;120;120;48
0;120;120;48
0;120;120;48
0;120;120;48
0;120;120;48
0;120;120;48
0;120;120;48
0;120;120;48
0;120;120;48
0;120;120;48
0;120;120;48
0;120;120;48
0;120;120;48
0;120;120;48
0;120;120;48
0;120;120;48
0;120;120;48
0;120;120;48
0;120;120;48
0;120;120;48
0;120;120;48
0;120;120;48
0;120;120;48
0;120;120;48
0;120;120;48
0;120;120;48
0;120;120;48
0;120;120;48
0;120;120;48
0;120;120;48
0;120;120;48
0;120;120;48
0;120;120;48
0;120;120;48
0;120;120;48
0;120;120;48
0;120;120;48
0;120;120;48
0;120;120;48
0;120;120;48
0;120;120;48
0;120;120;48
0;120;120;48
0;120;120;48
0;120;120;48
0;120;120;48
0;120;120;48
0;120;120;48
0;120;120;48
0;120;120;48
0;120;120;48
0;120;120;48
0;120;120;48
0;120;120;48
0;120;120;48
0;120;120;48
0;120;120;48
0;120;120;48
0;120;120;48
0;120;120;48
0;120;120;48
0;120;120;48
0;120;120;48
0;120;120;48
0;120;120;48
0;120;120;48
0;120;120;48
0;120;120;48
0;120;120;48
0;120;120;48
0;120;120;48
0;120;120;48
0;120;120;48
0;120;120;48
0;120;120;48
0;120;120;48
0;120;120;48
0;120;120;48
0;120;120;48
0;120;120;48
0;120;120;48
0;120;120;48
0;120;120;48
0;120;120;48
0;120;120;48
0;120;120;48
0;120;120;48
0;120;120;48
0;120;120;48
0;120;120;48
0;120;120;48
0;120;120;48
0;120;120;48
0;120;120;48
0;120;120;48
0;120;120;48
0;120;120;48
0;120;120;48
0;120;120;48
0;120;120;48
0;120;120;48
0;120;120;48
0;120;120;48
0;120;120;48
0;120;120;48
0;120;120;48
0;120;120;48
0;120;120;48
0;120;120;48
0;120;120;48
0;120;120;48
0;120;120;48
0;120;120;48
0;120;120;48
0;120;120;48
0;120;120;48
0;120;120;48
0;120;120;48
0;120;120;48
0;120;120;48
0;120;120;48
0;120;120;48
0;120;120;48
0;120;120;48
0;120;120;48
0;120;120;48
0;120;120;48
0;120;120;48
0;120;120;48
0;120;120;48
0;120;120;48
0;120;120;48
0;120;120;48
0;120;120;48
0;120;120;48
0;120;120;48
0;120;120;48
0;120;120;48
0;120;120;48
0;120;120;48
0;120;120;48
0;120;120;48
0;120;120;48
0;120;120;48
0;120;120;48
0;120;120;48
0;120;120;48
0;120;120;48
0;120;120;48
0;120;120;48
0;120;120;48
0;120;120;48
0;120;120;48
0;120;120;48
0;120;120;48
0;120;120;48
0;120;120;48
0;120;120;48
0;120;120;48
0;120;120;48
0;120;120;48
0;120;120;48
0;120;120;48
0;120;120;48
0;120;120;48
0;120;120;48
0;120;120;48
0;120;120;48
0;120;120;48
0;120;120;48
0;120;120;48
0;120;120;48
0;120;120;48
0;120;120;48
0;120;120;48
0;120;120;48
0;120;120;48
0;120;120;48
0;120;120;48
0;120;120;48
0;120;120;112
0;120;120;120
0;120;120;120
0;120;120;120
0;120;120;120
0;120;120;112
0;120;120;120
0;120;120;120
0;120;120;120
0;120;120;120
0;120;120;112
0;120;120;120
0;120;120;120
0;120;120;120
0;120;120;120
0;120;120;120
0;120;120;120
0;120;120;112
0;120;120;120
0;120;120;120
0;120;120;120
0;120;120;120
0;120;120;120
0;120;120;120
0;120;120;120
0;120;120;120
0;120;120;120
0;120;120;120
0;120;120;120
0;120;120;120
0;120;120;120
0;120;120;120
0;120;120;120
0;120;120;120
0;120;120;120
0;120;120;120
0;120;120;120
0;120;120;112
0;120;120;112
0;120;120;120
0;120;120;120
0;120;120;120
0;120;120;120
0;120;120;120
0;120;120;120
0;120;120;120
0;120;120;120
0;120;120;120
0;120;120;148
0;120;120;120
0;120;120;120
0;120;120;112
0;120;120;120
0;120;120;120
0;120;120;120
0;120;120;120
0;120;120;120
0;120;120;112
0;120;120;120
0;120;120;120
0;120;120;148
0;120;120;120
0;120;120;120
0;120;120;120
0;120;120;112
0;120;120;112
0;120;120;184
0;120;120;120
0;120;120;120
0;120;120;120
0;120;120;120
0;120;120;120
0;120;120;120
0;120;120;112
0;120;120;120
0;120;120;120
0;120;120;120
0;120;120;120
0;120;120;120
0;120;120;120
0;120;120;184
0;120;120;120
0;120;120;112
0;120;120;120
0;120;120;120
0;120;120;120
0;120;120;120
0;120;120;120
0;120;120;120
0;120;120;120
0;120;120;120
0;120;120;120
0;120;120;112
0;120;120;120
0;120;120;112
0;120;120;120
0;120;120;120
0;120;120;120
0;120;120;120
0;120;120;120
0;120;160;184
0;120;160;120
0;120;160;120
0;120;160;120
0;120;160;112
0;120;160;120
0;120;160;120
0;120;160;120
0;120;160;120
0;120;160;112
0;120;160;120
0;120;160;120
0;120;160;120
0;120;160;184
0;120;160;120
0;120;160;120
0;120;160;120
0;120;160;120
0;120;160;120
0;120;160;120
0;120;160;120
0;120;160;120
0;120;160;120
0;120;160;120
0;120;160;120
0;120;160;148
0;120;160;120
0;120;160;120
0;120;160;120
0;120;160;112
0;120;160;148
0;120;160;120
0;120;160;120
0;120;160;120
0;120;160;120
0;120;160;112
0;120;160;120
0;120;160;112
0;120;160;120
0;120;160;120
0;120;160;120
0;120;160;148
0;120;160;120
0;120;160;120
0;120;160;120
0;120;160;120
0;120;160;120
0;120;160;112
0;120;160;148
0;120;160;120
0;120;160;120
0;120;160;120
0;120;160;120
0;120;160;120
0;120;160;120
0;120;160;120
0;120;160;120
0;120;160;120
0;120;160;120
0;120;160;120
0;120;160;120
0;120;160;120
0;120;160;120
0;120;160;112
0;120;160;120
0;120;160;120
0;120;160;120
0;120;160;120
0;120;160;112
0;120;160;120
0;120;160;120
0;120;160;120
0;120;160;112
0;120;160;120
0;120;160;120
0;120;160;120
0;120;160;120
0;120;160;120
0;120;160;120
0;120;160;120
0;120;160;120
0;120;160;120
0;120;160;112
0;120;160;184
0;120;160;120
0;120;160;120
0;120;160;120
0;120;160;148
0;120;160;120
0;120;160;120
0;120;160;120
0;120;160;120
0;120;160;120
0;120;160;120
0;120;160;148
0;120;160;112
0;120;160;120
0;120;160;120
0;120;160;120
0;120;160;120
0;120;120;120
0;120;120;120
0;120;120;120
0;120;120;120
0;120;120;112
0;120;120;112
0;120;120;120
0;120;120;120
0;120;120;120
0;120;120;120
0;120;120;120
0;120;120;184
0;120;120;120
0;120;120;112
0;120;120;120
0;120;120;120
0;120;120;120
0;120;120;120
0;120;120;148
0;120;120;120
0;120;120;120
0;120;120;120
0;120;120;120
0;120;120;120
0;120;120;120
0;120;120;120
0;120;120;120
0;120;120;120
0;120;120;120
0;120;120;120
0;120;120;148
0;120;120;120
0;120;120;120
0;120;120;120
0;120;120;120
0;120;120;112
0;120;120;120
0;120;120;120
0;120;120;120
0;120;120;120
0;120;120;120
0;120;120;120
0;120;120;120
0;120;120;184
0;120;120;112
0;120;120;120
0;120;120;112
0;120;120;120
0;120;120;120
0;120;120;148
0;120;120;112
0;120;120;120
0;120;120;120
0;120;120;120
0;120;120;184
0;120;120;120
0;120;120;120
0;120;120;120
0;120;120;112
0;120;120;120
0;120;120;120
0;120;120;120
0;120;120;148
0;120;120;120
0;120;120;120
0;120;120;120
0;120;120;120
0;120;120;120
0;120;120;112
0;120;120;120
0;120;120;120
0;120;120;120
0;120;120;184
0;120;120;120
0;120;120;120
0;120;120;112
0;120;120;120
0;120;120;120
0;120;120;120
0;120;120;120
0;120;120;120
0;120;120;120
0;120;120;120
0;120;120;120
0;120;120;120
0;120;120;120
0;120;120;184
0;120;120;120
0;120;120;148
0;120;120;120
0;120;120;120
0;120;120;120
0;120;120;120
0;120;120;120
0;120;120;120
0;120;120;120
0;120;120;120
0;120;120;184
0;120;120;120
0;120;120;112
0;120;120;120
0;120;120;120
0;120;120;120
0;120;120;120
0;120;120;120
0;120;120;120
0;120;120;120
0;120;120;120
0;120;120;120
0;120;120;120
0;120;120;112
0;120;120;120
0;120;120;120
0;120;120;120
0;120;120;120
0;120;120;120
0;120;120;112
0;120;120;120
0;120;120;120
0;120;120;112
0;120;120;120
0;120;120;120
0;120;120;120
0;120;120;112
0;120;120;120
0;120;120;120
0;120;120;120
0;120;120;120
0;120;120;120
0;120;120;112
0;120;120;120
0;120;120;120
0;120;120;120
0;120;120;120
0;120;120;120
0;120;120;120
0;120;120;120
0;120;120;120
0;120;120;112
0;120;120;120
0;120;120;112
0;120;120;120
0;120;120;120
0;120;120;112
0;120;120;120
0;120;120;120
0;120;120;120
0;120;120;120
0;120;120;148
0;120;120;120
0;120;120;120
0;120;120;120
0;120;120;120
0;120;120;120
0;120;120;120
0;120;120;120
0;120;120;148
0;120;120;120
0;120;120;120
0;120;120;120
0;120;120;120
0;120;120;120
0;120;120;120
0;120;120;112
0;120;120;120
0;120;120;120
0;120;120;120
0;120;120;120
0;120;120;112
0;120;120;112
0;120;120;120
0;120;120;112
0;120;120;120
0;120;120;120
0;120;120;184
0;120;120;120
0;120;120;120
0;120;120;120
0;120;120;120
0;120;120;120
0;120;120;120
0;120;120;120
0;120;120;120
0;120;120;120
0;120;120;112
0;120;120;112
0;120;120;120
0;120;120;120
0;120;120;120
0;120;120;112
0;120;120;120
0;120;120;120
0;120;120;120
0;120;120;148
0;120;120;120
0;120;120;120
0;120;120;120
0;120;120;120
0;120;120;120
0;120;120;120
0;120;160;184
0;120;160;248
0;120;160;184
0;120;160;212
0;120;160;184
0;120;160;196
0;120;160;212
0;120;160;184
0;120;160;212
0;120;160;184
0;120;160;196
0;120;160;184
0;120;160;184
0;120;160;184
0;120;160;184
0;120;160;184
0;120;160;196
0;120;160;184
0;120;160;184
0;120;160;184
0;120;160;184
0;120;160;196
0;120;160;184
0;120;160;184
0;120;160;196
0;120;160;184
0;120;160;184
0;120;160;184
0;120;160;212
0;120;160;184
0;120;160;248
0;120;160;184
0;120;160;196
0;120;160;184
0;120;160;184
0;120;160;196
0;120;160;184
0;120;160;184
0;120;160;196
0;120;160;184
0;120;160;184
0;120;160;184
0;120;160;184
0;120;160;184
0;120;160;184
0;120;160;184
0;120;160;184
0;120;160;184
0;120;160;184
0;120;160;184
0;120;160;184
0;120;160;184
0;120;160;196
0;120;160;196
0;120;160;184
0;120;160;184
0;120;160;184
0;120;160;184
0;120;160;184
0;120;160;184
0;120;160;184
0;120;160;184
0;120;160;248
0;120;160;184
0;120;160;184
0;120;160;184
0;120;160;184
0;120;160;184
0;120;160;184
0;120;160;184
0;120;160;196
0;120;160;184
0;120;160;184
0;120;160;196
0;120;160;184
0;120;160;212
0;120;160;184
0;120;160;184
0;120;160;184
0;120;160;184
0;120;160;184
0;120;160;184
0;120;160;184
0;120;160;184
0;120;160;184
0;120;160;184
0;120;160;184
0;120;160;184
0;120;160;184
0;120;160;196
0;120;160;184
0;120;160;184
0;120;160;184
0;120;160;184
0;120;160;184
0;120;160;184
0;120;160;184
0;120;160;184
0;120;160;248
0;120;160;184
0;120;176;128
0;120;176;128
0;120;176;128
0;120;176;128
0;120;176;200
0;120;176;200
0;120;176;192
0;120;176;128
0;120;176;128
0;120;176;128
0;120;176;128
0;120;176;128
0;120;176;128
0;120;176;200
0;120;176;128
0;120;176;192
0;120;176;128
0;120;176;128
0;120;176;128
0;120;176;200
0;120;176;192
0;120;176;200
0;120;176;128
0;120;176;128
0;120;184;128
0;120;176;128
0;120;176;128
0;120;176;128
0;120;176;128
0;120;176;128
0;120;176;128
0;120;176;128
0;120;176;128
0;120;176;128
0;120;176;128
0;120;176;200
0;120;184;128
0;120;176;128
0;120;176;128
0;120;176;128
0;120;176;128
0;120;176;128
0;120;176;128
0;120;176;128
0;120;176;128
0;120;176;200
0;120;176;200
0;120;176;128
0;120;176;128
0;120;176;128
0;120;176;128
0;120;176;128
0;120;176;128
0;120;176;128
0;120;176;128
0;120;176;200
0;120;176;128
0;120;176;128
0;120;176;128
0;120;176;200
0;120;176;128
0;120;176;128
0;120;176;192
0;120;176;128
0;120;176;128
0;120;176;128
0;120;176;128
0;120;176;128
0;120;176;200
0;120;176;128
0;120;176;200
0;120;176;200
0;120;176;200
0;120;176;128
0;120;176;128
0;120;184;128
0;120;184;128
0;120;176;128
0;120;176;128
0;120;176;128
0;120;176;128
0;120;176;128
0;120;176;128
0;120;176;128
0;120;176;128
0;120;176;128
0;120;176;192
0;120;176;128
0;120;176;128
0;120;176;128
0;120;176;128
0;120;176;128
0;120;176;128
0;120;176;128
0;120;176;128
0;120;184;128
0;120;176;128
0;120;184;128
0;120;176;128
0;120;176;128
0;120;184;128
0;120;184;128
0;120;184;128
0;120;184;128
0;120;184;128
0;120;184;128
0;120;184;128
0;120;184;200
0;120;184;192
0;120;184;200
0;120;184;200
0;120;184;128
0;120;184;128
0;120;184;128
0;120;184;128
0;120;184;128
0;120;184;128
0;120;184;128
0;120;184;128
0;120;184;128
0;120;184;128
0;120;184;200
0;120;184;128
0;120;184;192
0;120;184;128
0;120;184;196
0;120;184;128
0;120;184;192
0;120;184;128
0;120;184;128
0;120;184;128
0;120;184;128
0;120;184;128
0;120;184;128
0;120;184;128
0;120;184;200
0;120;184;128
0;120;184;128
0;120;184;128
0;120;184;128
0;120;184;128
0;120;184;128
0;120;184;200
0;120;184;192
0;120;184;128
0;120;184;200
0;120;184;200
0;120;184;128
0;120;184;128
0;120;184;128
0;120;184;200
0;120;184;128
0;120;184;128
0;120;184;200
0;120;184;128
0;120;184;128
0;120;184;200
0;120;184;128
0;120;184;128
0;120;184;128
0;120;184;128
0;120;184;200
0;120;184;128
0;120;184;128
0;120;184;128
0;120;184;128
0;120;184;128
0;120;184;128
0;120;184;128
0;120;184;128
0;120;184;128
0;120;184;128
0;120;184;128
0;120;184;128
0;120;184;128
0;120;184;128
0;120;184;200
0;120;184;128
0;120;184;128
0;120;184;128
0;120;184;128
0;120;184;128
0;120;184;128
0;120;184;128
0;120;184;128
0;120;184;128
0;120;184;128
0;120;184;128
0;120;184;200
0;120;184;128
0;120;184;128
0;120;184;128
0;120;184;128
0;120;184;128
0;120;184;128
0;120;184;128
0;120;184;128
0;120;184;128
0;120;184;128
0;120;184;200
0;120;176;192
0;120;176;192
0;120;176;192
0;120;176;264
0;120;176;192
0;120;176;264
0;120;176;192
0;120;176;192
0;120;176;192
0;120;176;264
0;120;176;192
0;120;176;192
0;120;176;264
0;120;176;264
0;120;176;192
0;120;176;192
0;120;176;264
0;120;176;192
0;120;176;192
0;120;176;192
0;120;176;192
0;120;176;256
0;120;176;192
0;120;176;264
0;120;176;192
0;120;176;264
0;120;176;192
0;120;176;192
0;120;176;192
0;120;176;256
0;120;176;192
0;120;176;264
0;120;176;192
0;120;176;264
0;120;176;192
0;120;176;192
0;120;176;264
0;120;176;192
0;120;176;192
0;120;176;256
0;120;176;192
0;120;176;192
0;120;176;192
0;120;176;192
0;120;176;192
0;120;176;192
0;120;176;192
0;120;176;192
0;120;176;264
0;120;176;192
0;120;176;264
0;120;176;192
0;120;176;192
0;120;176;192
0;120;176;192
0;120;176;192
0;120;176;192
0;120;176;192
0;120;176;260
0;120;176;192
0;120;176;192
0;120;176;192
0;120;176;256
0;120;176;192
0;120;176;192
0;120;176;192
0;120;176;192
0;120;176;192
0;120;176;192
0;120;176;264
0;120;176;192
0;120;176;192
0;120;176;192
0;120;176;192
0;120;176;192
0;120;176;192
0;120;176;192
0;120;176;192
0;120;176;264
0;120;176;192
0;120;176;192
0;120;176;192
0;120;176;192
0;120;176;192
0;120;176;256
0;120;176;264
0;120;176;192
0;120;176;192
0;120;176;192
0;120;176;264
0;120;176;192
0;120;176;192
0;120;176;192
0;120;176;192
0;120;176;192
0;120;176;192
0;120;176;192
0;120;176;264
0;120;176;192
0;120;176;192
0;120;184;256
0;120;184;264
0;120;184;192
0;120;184;192
0;120;184;192
0;120;184;192
0;120;184;192
0;120;184;256
0;120;184;192
0;120;184;192
0;120;184;192
0;120;184;192
0;120;184;192
0;120;184;192
0;120;184;192
0;120;184;192
0;120;184;192
0;120;184;192
0;120;184;192
0;120;184;264
0;120;184;192
0;120;184;192
0;120;184;192
0;120;184;192
0;120;184;264
0;120;184;192
0;120;184;264
0;120;184;192
0;120;184;192
0;120;184;192
0;120;184;288
0;120;184;192
0;120;184;192
0;120;184;192
0;120;184;192
0;120;184;192
0;120;184;192
0;120;184;264
0;120;184;192
0;120;184;192
0;120;184;260
0;120;184;192
0;120;184;192
0;120;184;192
0;120;184;264
0;120;184;264
0;120;184;192
0;120;184;192
0;120;184;192
0;120;184;192
0;120;184;192
0;120;184;264
0;120;184;192
0;120;184;192
0;120;184;260
0;120;184;192
0;120;184;192
0;120;184;192
0;120;184;192
0;120;184;192
0;120;184;264
0;120;184;192
0;120;184;192
0;120;184;192
0;120;184;192
0;120;184;192
0;120;184;264
0;120;184;192
0;120;184;192
0;120;184;192
0;120;184;192
0;120;184;192
0;120;184;192
0;120;184;192
0;120;184;192
0;120;184;192
0;120;184;192
0;120;184;264
0;120;184;264
0;120;184;264
0;120;184;256
0;120;184;192
0;120;184;192
0;120;184;192
0;120;184;192
0;120;184;192
0;120;184;264
0;120;184;264
0;120;184;192
0;120;184;192
0;120;184;192
0;120;184;192
0;120;184;264
0;120;184;264
0;120;184;192
0;120;184;256
0;120;184;192
0;120;184;192
0;120;184;192
0;120;184;192
0;120;184;164
0;120;184;164
0;120;184;236
0;120;184;164
0;120;184;164
0;120;184;164
0;120;184;164
0;120;184;164
0;120;184;164
0;120;184;164
0;120;184;164
0;120;184;164
0;120;184;164
0;120;184;164
0;120;184;164
0;120;184;164
0;120;184;164
0;120;184;164
0;120;184;164
0;120;184;164
0;120;184;164
0;120;184;164
0;120;184;164
0;120;184;164
0;120;184;164
0;120;184;236
0;120;184;164
0;120;184;164
0;120;184;164
0;120;184;164
0;120;184;164
0;120;184;164
0;120;184;164
0;120;184;164
0;120;184;164
0;120;184;164
0;120;184;236
0;120;184;164
0;120;184;164
0;120;184;164
0;120;184;164
0;120;184;164
0;120;184;228
0;120;184;164
0;120;184;164
0;120;184;164
0;120;184;164
0;120;184;164
0;120;184;228
0;120;184;164
0;120;184;164
0;120;184;164
0;120;184;164
0;120;184;236
0;120;184;164
0;120;184;236
0;120;184;164
0;120;184;164
0;120;184;164
0;120;184;164
0;120;184;164
0;120;184;164
0;120;184;164
0;120;184;164
0;120;184;164
0;120;184;228
0;120;184;164
0;120;184;164
0;120;184;164
0;120;184;164
0;120;184;164
0;120;184;164
0;120;184;164
0;120;184;164
0;120;184;164
0;120;184;228
0;120;184;236
0;120;184;164
0;120;184;164
0;120;184;164
0;120;184;164
0;120;184;164
0;120;184;164
0;120;184;164
0;120;184;164
0;120;184;164
0;120;184;236
0;120;184;232
0;120;184;164
0;120;184;164
0;120;184;164
0;120;184;164
0;120;184;164
0;120;184;164
0;120;184;236
0;120;184;236
0;120;184;164
0;120;184;236
0;120;184;228
0;120;184;164
0;120;232;144
0;120;232;144
0;120;232;144
0;120;232;144
0;120;232;144
0;120;232;144
0;120;232;144
0;120;232;144
0;120;232;144
0;120;232;232
0;120;232;144
0;120;232;144
0;120;232;144
0;120;232;144
0;120;232;144
0;120;232;144
0;120;232;144
0;120;232;144
0;120;232;144
0;120;232;144
0;120;232;144
0;120;232;144
0;120;232;232
0;120;232;232
0;120;232;144
0;120;232;232
0;120;232;144
0;120;232;144
0;120;232;144
0;120;232;144
0;120;232;144
0;120;232;144
0;120;232;144
0;120;232;232
0;120;232;144
0;120;232;144
0;120;232;144
0;120;232;144
0;120;232;232
0;120;232;144
0;120;232;144
0;120;232;144
0;120;232;144
0;120;232;232
0;120;232;144
0;120;232;232
0;120;232;144
0;120;232;144
0;120;232;232
0;120;232;144
0;120;232;144
0;120;232;232
0;120;232;232
0;120;232;144
0;120;232;232
0;120;232;144
0;120;232;232
0;120;232;144
0;120;232;144
0;120;232;144
0;120;232;144
0;120;232;144
0;120;232;144
0;120;232;144
0;120;232;144
0;120;232;232
0;120;232;144
0;120;232;144
0;120;232;144
0;120;232;144
0;120;232;144
0;120;232;144
0;120;232;144
0;120;232;144
0;120;232;232
0;120;232;144
0;120;232;144
0;120;232;232
0;120;232;144
0;120;232;144
0;120;232;144
0;120;232;144
0;120;232;144
0;120;232;144
0;120;232;144
0;120;232;144
0;120;232;144
0;120;232;144
0;120;232;144
0;120;232;232
0;120;232;144
0;120;232;144
0;120;232;144
0;120;232;144
0;120;232;144
0;120;232;144
0;120;232;232
0;120;232;232
0;120;232;144
0;120;232;232
0;120;232;208
0;120;232;208
0;120;232;296
0;120;232;208
0;120;232;208
0;120;232;208
0;120;232;208
0;120;232;208
0;120;232;208
0;120;232;208
0;120;232;208
0;120;232;208
0;120;232;208
0;120;232;208
0;120;232;208
0;120;232;208
0;120;232;208
0;120;232;208
0;120;232;208
0;120;232;296
0;120;232;296
0;120;232;208
0;120;232;296
0;120;232;208
0;120;232;208
0;120;232;208
0;120;232;208
0;120;232;208
0;120;232;296
0;120;232;208
0;120;232;296
0;120;232;296
0;120;232;208
0;120;232;208
0;120;232;208
0;120;232;208
0;120;232;320
0;120;232;208
0;120;232;208
0;120;232;208
0;120;232;296
0;120;232;208
0;120;232;208
0;120;232;208
0;120;232;208
0;120;232;208
0;120;232;208
0;120;232;208
0;120;232;208
0;120;232;208
0;120;232;208
0;120;232;296
0;120;232;208
0;120;232;296
0;120;232;208
0;120;232;208
0;120;232;208
0;120;232;208
0;120;232;208
0;120;232;208
0;120;232;208
0;120;232;208
0;120;232;208
0;120;232;296
0;120;232;208
0;120;232;208
0;120;232;296
0;120;232;208
0;120;232;208
0;120;232;208
0;120;232;296
0;120;232;208
0;120;232;208
0;120;232;296
0;120;232;296
0;120;232;208
0;120;232;208
0;120;232;208
0;120;232;208
0;120;232;208
0;120;232;208
0;120;232;296
0;120;232;208
0;120;232;208
0;120;232;208
0;120;232;208
0;120;232;296
0;120;232;296
0;120;232;208
0;120;232;296
0;120;232;208
0;120;232;208
0;120;232;208
0;120;232;208
0;120;232;208
0;120;232;296
0;120;232;208
0;120;232;208
0;120;232;208
0;120;232;208
0;120;232;180
0;120;232;180
0;120;232;180
0;120;232;180
0;120;232;180
0;120;232;180
0;120;232;180
0;120;232;180
0;120;232;180
0;120;232;180
0;120;232;180
0;120;232;180
0;120;232;180
0;120;232;180
0;120;232;180
0;120;232;268
0;120;232;180
0;120;232;268
0;120;232;180
0;120;232;180
0;120;232;180
0;120;232;180
0;120;232;180
0;120;232;180
0;120;232;268
0;120;232;268
0;120;232;268
0;120;232;180
0;120;232;180
0;120;232;180
0;120;232;180
0;120;232;180
0;120;232;180
0;120;232;268
0;120;232;268
0;120;232;180
0;120;232;268
0;120;232;180
0;120;232;268
0;120;232;268
0;120;232;180
0;120;232;180
0;120;232;180
0;120;232;180
0;120;232;180
0;120;232;180
0;120;232;268
0;120;232;180
0;120;232;268
0;120;232;180
0;120;232;180
0;120;232;180
0;120;232;180
0;120;232;180
0;120;232;180
0;120;232;180
0;120;232;268
0;120;232;180
0;120;232;268
0;120;232;180
0;120;232;180
0;120;232;268
0;120;232;268
0;120;232;180
0;120;232;180
0;120;232;180
0;120;232;180
0;120;232;180
0;120;232;180
0;120;232;180
0;120;232;180
0;120;232;180
0;120;232;180
0;120;232;180
0;120;232;180
0;120;232;180
0;120;232;268
0;120;232;180
0;120;232;180
0;120;232;180
0;120;232;180
0;120;232;268
0;120;232;180
0;120;232;180
0;120;232;180
0;120;232;180
0;120;232;180
0;120;232;180
0;120;232;268
0;120;232;180
0;120;232;180
0;120;232;180
0;120;232;180
0;120;232;180
0;120;232;180
0;120;232;180
0;120;232;180
0;120;232;268
0;120;232;180
0;120;232;180
0;120;240;272
0;120;240;184
0;120;240;184
0;120;240;184
0;120;240;184
0;120;240;264
0;120;240;272
0;120;240;184
0;120;240;272
0;120;240;272
0;120;240;184
0;120;240;184
0;120;240;184
0;120;240;184
0;120;240;184
0;120;240;184
0;120;240;184
0;120;240;184
0;120;240;272
0;120;240;184
0;120;240;184
0;120;240;272
0;120;240;184
0;120;240;184
0;120;240;272
0;120;240;272
0;120;240;184
0;120;240;184
0;120;240;184
0;120;240;184
0;120;240;184
0;120;240;272
0;120;240;184
0;120;240;272
0;120;240;184
0;120;240;184
0;120;240;184
0;120;240;184
0;120;240;272
0;120;240;184
0;120;240;184
0;120;240;184
0;120;240;184
0;120;240;184
0;120;240;272
0;120;240;184
0;120;240;184
0;120;240;184
0;120;240;184
0;120;240;184
0;120;240;184
0;120;240;184
0;120;240;184
0;120;240;184
0;120;240;272
0;120;240;184
0;120;240;184
0;120;240;184
0;120;240;184
0;120;240;272
0;120;240;272
0;120;240;184
0;120;240;184
0;120;240;184
0;120;240;184
0;120;240;184
0;120;240;272
0;120;240;272
0;120;240;184
0;120;240;184
0;120;240;184
0;120;240;184
0;120;240;184
0;120;240;184
0;120;240;184
0;120;240;272
0;120;240;184
0;120;240;184
0;120;240;184
0;120;240;184
0;120;240;272
0;120;240;184
0;120;240;184
0;120;240;184
0;120;240;184
0;120;240;184
0;120;240;272
0;120;240;184
0;120;240;272
0;120;240;184
0;120;240;184
0;120;240;184
0;120;240;184
0;120;240;272
0;120;240;184
0;120;240;184
0;120;240;184
0;120;240;272
0;120;240;184
0;120;240;272
0;120;240;188
0;120;240;276
0;120;240;188
0;120;240;276
0;120;240;188
0;120;240;188
0;120;240;188
0;120;240;188
0;120;240;188
0;120;240;188
0;120;240;188
0;120;240;188
0;120;240;188
0;120;240;188
0;120;240;188
0;120;240;188
0;120;240;188
0;120;240;188
0;120;240;188
0;120;240;188
0;120;240;276
0;120;240;188
0;120;240;188
0;120;240;276
0;120;240;188
0;120;240;188
0;120;240;188
0;120;240;188
0;120;240;188
0;120;240;276
0;120;240;188
0;120;240;188
0;120;240;276
0;120;240;276
0;120;240;188
0;120;240;188
0;120;240;188
0;120;240;276
0;120;240;276
0;120;240;188
0;120;240;188
0;120;240;188
0;120;240;188
0;120;240;188
0;120;240;188
0;120;240;188
0;120;240;188
0;120;240;276
0;120;240;276
0;120;240;188
0;120;240;188
0;120;240;276
0;120;240;276
0;120;240;188
0;120;240;188
0;120;240;276
0;120;240;188
0;120;240;188
0;120;240;276
0;120;240;188
0;120;240;188
0;120;240;188
0;120;240;276
0;120;240;188
0;120;240;188
0;120;240;276
0;120;240;188
0;120;240;188
0;120;240;188
0;120;240;188
0;120;240;188
0;120;240;188
0;120;240;188
0;120;240;188
0;120;240;276
0;120;240;188
0;120;240;188
0;120;240;188
0;120;240;188
0;120;240;188
0;120;240;276
0;120;240;188
0;120;240;276
0;120;240;276
0;120;240;276
0;120;240;188
0;120;240;188
0;120;240;276
0;120;240;188
0;120;240;188
0;120;240;188
0;120;240;188
0;120;240;188
0;120;240;188
0;120;240;276
0;120;240;188
0;120;240;188
0;120;240;188
0;120;240;188
0;120;240;188
0;120;344;176
0;120;344;296
0;120;344;176
0;120;344;176
0;120;344;176
0;120;344;176
0;120;344;296
0;120;344;176
0;120;344;176
0;120;344;296
0;120;344;176
0;120;344;176
0;120;344;176
0;120;344;176
0;120;344;176
0;120;344;176
0;120;344;176
0;120;344;176
0;120;344;176
0;120;344;176
0;120;344;176
0;120;344;176
0;120;344;296
0;120;344;176
0;120;344;176
0;120;344;176
0;120;344;176
0;120;344;176
0;120;344;296
0;120;344;176
0;120;344;296
0;120;344;296
0;120;344;176
0;120;344;176
0;120;344;176
0;120;344;176
0;120;344;176
0;120;344;176
0;120;344;176
0;120;344;176
0;120;344;176
0;120;344;176
0;120;344;176
0;120;344;176
0;120;344;176
0;120;344;176
0;120;344;296
0;120;344;296
0;120;344;296
0;120;344;296
0;120;344;176
0;120;344;176
0;120;344;176
0;120;344;176
0;120;344;176
0;120;344;176
0;120;344;176
0;120;344;176
0;120;344;176
0;120;344;176
0;120;344;176
0;120;344;176
0;120;344;176
0;120;344;296
0;120;344;296
0;120;344;296
0;120;344;176
0;120;344;176
0;120;344;176
0;120;344;176
0;120;344;176
0;120;344;296
0;120;344;176
0;120;344;176
0;120;344;176
0;120;344;176
0;120;344;176
0;120;344;176
0;120;344;176
0;120;344;176
0;120;344;176
0;120;344;176
0;120;344;296
0;120;344;176
0;120;344;176
0;120;344;176
0;120;344;176
0;120;344;176
0;120;344;176
0;120;344;176
0;120;344;296
0;120;344;176
0;120;344;176
0;120;344;296
0;120;344;176
0;120;344;176
0;120;344;176
0;120;344;176
0;120;344;176
0;120;344;296
0;120;344;212
0;120;344;212
0;120;344;212
0;120;344;212
0;120;344;212
0;120;344;212
0;120;344;332
0;120;344;212
0;120;344;212
0;120;344;212
0;120;344;212
0;120;344;332
0;120;344;212
0;120;344;332
0;120;344;332
0;120;344;212
0;120;344;212
0;120;344;212
0;120;344;212
0;120;344;212
0;120;344;212
0;120;344;212
0;120;344;212
0;120;344;212
0;120;344;212
0;120;344;332
0;120;344;212
0;120;344;212
0;120;344;212
0;120;344;212
0;120;344;332
0;120;344;212
0;120;344;212
0;120;344;212
0;120;344;212
0;120;344;212
0;120;344;212
0;120;344;332
0;120;344;212
0;120;344;212
0;120;344;332
0;120;344;332
0;120;344;212
0;120;344;212
0;120;344;212
0;120;344;212
0;120;344;212
0;120;344;212
0;120;344;212
0;120;344;212
0;120;344;332
0;120;344;212
0;120;344;212
0;120;344;212
0;120;344;212
0;120;344;212
0;120;344;332
0;120;344;212
0;120;344;212
0;120;344;212
0;120;344;212
0;120;344;212
0;120;344;212
0;120;344;212
0;120;344;332
0;120;344;212
0;120;344;212
0;120;344;332
0;120;344;212
0;120;344;212
0;120;344;332
0;120;344;212
0;120;344;212
0;120;344;212
0;120;344;212
0;120;344;212
0;120;344;212
0;120;344;212
0;120;344;212
0;120;344;212
0;120;344;212
0;120;344;212
0;120;344;212
0;120;344;332
0;120;344;332
0;120;344;332
0;120;344;332
0;120;344;212
0;120;344;212
0;120;344;212
0;120;344;212
0;120;344;212
0;120;344;212
0;120;344;212
0;120;344;212
0;120;344;212
0;120;344;212
0;120;344;212
0;120;344;212
0;120;344;212
0;120;344;220
0;120;344;220
0;120;344;220
0;120;344;220
0;120;344;220
0;120;344;220
0;120;344;340
0;120;344;220
0;120;344;220
0;120;344;220
0;120;344;340
0;120;344;220
0;120;344;220
0;120;344;340
0;120;344;340
0;120;344;220
0;120;344;340
0;120;344;220
0;120;344;220
0;120;344;220
0;120;344;340
0;120;344;220
0;120;344;220
0;120;344;220
0;120;344;220
0;120;344;220
0;120;344;220
0;120;344;220
0;120;344;340
0;120;344;220
0;120;344;220
0;120;344;220
0;120;344;220
0;120;344;220
0;120;344;220
0;120;344;340
0;120;344;220
0;120;344;220
0;120;344;340
0;120;344;220
0;120;344;220
0;120;344;220
0;120;344;220
0;120;344;220
0;120;344;220
0;120;344;220
0;120;344;340
0;120;344;220
0;120;344;220
0;120;344;220
0;120;344;220
0;120;344;340
0;120;344;340
0;120;344;220
0;120;344;220
0;120;344;220
0;120;344;220
0;120;344;220
0;120;344;220
0;120;344;220
0;120;344;220
0;120;344;340
0;120;344;220
0;120;344;220
0;120;344;220
0;120;344;220
0;120;344;220
0;120;344;220
0;120;344;220
0;120;344;340
0;120;344;220
0;120;344;220
0;120;344;340
0;120;344;220
0;120;344;220
0;120;344;220
0;120;344;220
0;120;344;220
0;120;344;220
0;120;344;340
0;120;344;220
0;120;344;220
0;120;344;220
0;120;344;220
0;120;344;220
0;120;344;220
0;120;344;220
0;120;344;220
0;120;344;340
0;120;344;220
0;120;344;340
0;120;344;220
0;120;344;340
0;120;344;220
0;120;344;220
0;120;344;220
0;120;344;220
0;120;344;220
0;120;344;220
0;120;344;220
0;120;344;228
0;120;344;348
0;120;344;228
0;120;344;228
0;120;344;228
0;120;344;228
0;120;344;228
0;120;344;228
0;120;344;228
0;120;344;228
0;120;344;228
0;120;344;228
0;120;344;228
0;120;344;228
0;120;344;228
0;120;344;348
0;120;344;228
0;120;344;228
0;120;344;228
0;120;344;228
0;120;344;228
0;120;344;228
0;120;344;228
0;120;344;228
0;120;344;228
0;120;344;228
0;120;344;228
0;120;344;228
0;120;344;228
0;120;344;228
0;120;344;228
0;120;344;348
0;120;344;348
0;120;344;228
0;120;344;228
0;120;344;228
0;120;344;228
0;120;344;228
0;120;344;228
0;120;344;348
0;120;344;228
0;120;344;228
0;120;344;228
0;120;344;228
0;120;344;228
0;120;344;228
0;120;344;348
0;120;344;228
0;120;344;228
0;120;344;228
0;120;344;228
0;120;344;228
0;120;344;228
0;120;344;348
0;120;344;228
0;120;344;228
0;120;344;228
0;120;344;228
0;120;344;348
0;120;344;228
0;120;344;228
0;120;344;228
0;120;344;228
0;120;344;228
0;120;344;228
0;120;344;228
0;120;344;228
0;120;344;228
0;120;344;228
0;120;344;228
0;120;344;228
0;120;344;228
0;120;344;228
0;120;344;228
0;120;344;228
0;120;344;228
0;120;344;228
0;120;344;228
0;120;344;228
0;120;344;228
0;120;344;228
0;120;344;228
0;120;344;228
0;120;344;228
0;120;344;228
0;120;344;228
0;120;344;228
0;120;344;228
0;120;344;228
0;120;344;228
0;120;344;228
0;120;344;228
0;120;344;348
0;120;344;228
0;120;344;228
0;120;344;228
0;120;344;228
0;120;344;228
0;120;344;228
0;120;344;228
0;120;344;236
0;120;344;236
0;120;344;236
0;120;344;356
0;120;344;236
0;120;344;236
0;120;344;236
0;120;344;356
0;120;344;236
0;120;344;356
0;120;344;236
0;120;344;236
0;120;344;236
0;120;344;236
0;120;344;236
0;120;344;236
0;120;344;356
0;120;344;356
0;120;344;236
0;120;344;236
0;120;344;356
0;120;344;356
0;120;344;236
0;120;344;236
0;120;344;236
0;120;344;236
0;120;344;236
0;120;344;236
0;120;344;236
0;120;344;236
0;120;344;236
0;120;344;236
0;120;344;236
0;120;344;236
0;120;344;236
0;120;344;236
0;120;344;236
0;120;344;236
0;120;344;236
0;120;344;356
0;120;344;236
0;120;344;236
0;120;344;356
0;120;344;356
0;120;344;236
0;120;344;236
0;120;344;356
0;120;344;236
0;120;344;236
0;120;344;356
0;120;344;356
0;120;344;236
0;120;344;236
0;120;344;236
0;120;344;236
0;120;344;236
0;120;344;356
0;120;344;236
0;120;344;236
0;120;344;236
0;120;344;236
0;120;344;236
0;120;344;236
0;120;344;236
0;120;344;356
0;120;344;236
0;120;344;236
0;120;344;236
0;120;344;356
0;120;344;236
0;120;344;236
0;120;344;236
0;120;344;236
0;120;344;236
0;120;344;356
0;120;344;236
0;120;344;356
0;120;344;236
0;120;344;236
0;120;344;236
0;120;344;236
0;120;344;236
0;120;344;236
0;120;344;236
0;120;344;236
0;120;344;236
0;120;344;236
0;120;344;236
0;120;344;356
0;120;344;236
0;120;344;236
0;120;344;236
0;120;344;356
0;120;344;236
0;120;344;236
0;120;344;236
0;120;344;236
0;120;344;356
0;120;344;356
0;120;344;236
0;120;560;248
0;120;560;248
0;120;560;248
0;120;560;248
0;120;560;436
0;120;560;248
0;120;560;432
0;120;560;248
0;120;560;432
0;120;560;248
0;120;560;248
0;120;560;248
0;120;560;248
0;120;560;248
0;120;560;432
0;120;560;248
0;120;560;436
0;120;560;248
0;120;560;248
0;120;560;248
0;120;560;248
0;120;560;432
0;120;560;248
0;120;560;248
0;120;560;440
0;120;560;248
0;120;560;248
0;120;560;432
0;120;560;248
0;120;560;440
0;120;560;248
0;120;560;248
0;120;560;248
0;120;560;248
0;120;560;248
0;120;560;248
0;120;560;248
0;120;560;432
0;120;560;432
0;120;560;248
0;120;560;248
0;120;560;436
0;120;560;248
0;120;560;432
0;120;560;436
0;120;560;248
0;120;560;248
0;120;560;248
0;120;560;440
0;120;560;248
0;120;560;248
0;120;560;432
0;120;560;248
0;120;560;248
0;120;560;248
0;120;560;248
0;120;560;248
0;120;560;248
0;120;560;248
0;120;560;248
0;120;560;248
0;120;560;248
0;120;560;248
0;120;560;248
0;120;560;248
0;120;560;248
0;120;560;432
0;120;560;248
0;120;560;248
0;120;560;248
0;120;560;248
0;120;560;248
0;120;560;248
0;120;560;248
0;120;560;248
0;120;560;248
0;120;560;248
0;120;560;248
0;120;560;248
0;120;560;248
0;120;560;432
0;120;560;432
0;120;560;248
0;120;560;248
0;120;560;248
0;120;560;248
0;120;560;248
0;120;560;248
0;120;560;248
0;120;560;248
0;120;560;432
0;120;560;248
0;120;560;248
0;120;560;248
0;120;560;248
0;120;560;248
0;120;560;248
0;120;560;248
0;120;560;248
0;120;560;248
0;120;1640;476
0;120;1640;476
0;120;1640;292
0;120;1640;292
0;120;1640;292
0;120;1640;292
0;120;1640;292
0;120;1640;292
0;120;1640;292
0;120;1640;292
0;120;1640;292
0;120;1640;292
0;120;1640;292
0;120;1640;292
0;120;1640;476
0;120;1640;292
0;120;1640;292
0;120;1640;292
0;120;1640;292
0;120;1640;292
0;120;1640;292
0;120;1640;292
0;120;1640;476
0;120;1640;292
0;120;1640;292
0;120;1640;292
0;120;1640;292
0;120;1640;292
0;120;1640;292
0;120;1640;292
0;120;1640;476
0;120;1640;292
0;120;1640;476
0;120;1640;292
0;120;1640;292
0;120;1640;292
0;120;1640;476
0;120;1640;292
0;120;1640;292
0;120;1640;292
0;120;1640;292
0;120;1640;476
0;120;1640;292
0;120;1640;292
0;120;1640;292
0;120;1640;292
0;120;1640;292
0;120;1640;480
0;120;1640;292
0;120;1640;476
0;120;1640;480
0;120;1640;292
0;120;1640;292
0;120;1640;292
0;120;1640;292
0;120;1640;292
0;120;1640;292
0;120;1640;292
0;120;1640;292
0;120;1640;292
0;120;1640;476
0;120;1640;292
0;120;1640;484
0;120;1640;292
0;120;1640;484
0;120;1640;292
0;120;1640;292
0;120;1640;292
0;120;1640;292
0;120;1640;292
0;120;1640;476
0;120;1640;292
0;120;1640;292
0;120;1640;292
0;120;1640;292
0;120;1640;292
0;120;1640;292
0;120;1640;292
0;120;1640;292
0;120;1640;292
0;120;1640;292
0;120;1640;292
0;120;1640;292
0;120;1640;292
0;120;1640;292
0;120;1640;292
0;120;1640;292
0;120;1640;292
0;120;1640;292
0;120;1640;292
0;120;1640;476
0;120;1640;292
0;120;1640;292
0;120;1640;484
0;120;1640;292
0;120;1640;292
0;120;1640;292
0;120;1640;292
0;120;1640;292
0;120;1640;292
0;120;1720;308
0;120;1720;308
0;120;1720;308
0;120;1720;308
0;120;1720;308
0;120;1720;308
0;120;1720;308
0;120;1720;308
0;120;1720;308
0;120;1720;492
0;120;1720;308
0;120;1720;308
0;120;1720;308
0;120;1720;492
0;120;1720;308
0;120;1720;308
0;120;1720;492
0;120;1720;308
0;120;1720;496
0;120;1720;308
0;120;1720;308
0;120;1720;308
0;120;1720;308
0;120;1720;308
0;120;1720;308
0;120;1720;492
0;120;1720;308
0;120;1720;308
0;120;1720;308
0;120;1720;492
0;120;1720;308
0;120;1720;308
0;120;1720;308
0;120;1720;308
0;120;1720;496
0;120;1720;308
0;120;1720;496
0;120;1720;308
0;120;1720;308
0;120;1720;308
0;120;1720;496
0;120;1720;492
0;120;1720;308
0;120;1720;308
0;120;1720;308
0;120;1720;492
0;120;1720;308
0;120;1720;492
0;120;1720;308
0;120;1720;308
0;120;1720;308
0;120;1720;308
0;120;1720;308
0;120;1720;308
0;120;1720;308
0;120;1720;308
0;120;1720;308
0;120;1720;500
0;120;1720;308
0;120;1720;308
0;120;1720;492
0;120;1720;492
0;120;1720;308
0;120;1720;308
0;120;1720;308
0;120;1720;308
0;120;1720;308
0;120;1720;308
0;120;1720;308
0;120;1720;308
0;120;1720;308
0;120;1720;308
0;120;1720;308
0;120;1720;308
0;120;1720;308
0;120;1720;308
0;120;1720;308
0;120;1720;308
0;120;1720;308
0;120;1720;308
0;120;1720;308
0;120;1720;308
0;120;1720;308
0;120;1720;308
0;120;1720;492
0;120;1720;308
0;120;1720;308
0;120;1720;308
0;120;1720;308
0;120;1720;308
0;120;1720;308
0;120;1720;308
0;120;1720;492
0;120;1720;308
0;120;1720;308
0;120;1720;492
0;120;1720;308
0;120;1720;308
0;120;1720;308
0;120;1720;308
0;120;1800;324
0;120;1800;508
0;120;1800;324
0;120;1800;324
0;120;1800;324
0;120;1800;324
0;120;1800;324
0;120;1800;508
0;120;1800;516
0;120;1800;508
0;120;1800;324
0;120;1800;324
0;120;1800;508
0;120;1800;324
0;120;1800;324
0;120;1800;324
0;120;1800;324
0;120;1800;508
0;120;1800;324
0;120;1800;324
0;120;1800;324
0;120;1800;516
0;120;1800;508
0;120;1800;324
0;120;1800;324
0;120;1800;324
0;120;1800;324
0;120;1800;324
0;120;1800;516
0;120;1800;324
0;120;1800;508
0;120;1800;324
0;120;1800;324
0;120;1800;324
0;120;1800;324
0;120;1800;324
0;120;1800;324
0;120;1800;324
0;120;1800;324
0;120;1800;324
0;120;1800;324
0;120;1800;324
0;120;1800;324
0;120;1800;324
0;120;1800;324
0;120;1800;324
0;120;1800;324
0;120;1800;324
0;120;1800;324
0;120;1800;324
0;120;1800;324
0;120;1800;324
0;120;1800;324
0;120;1800;324
0;120;1800;324
0;120;1800;324
0;120;1800;324
0;120;1800;324
0;120;1800;324
0;120;1800;516
0;120;1800;508
0;120;1800;324
0;120;1800;324
0;120;1800;324
0;120;1800;516
0;120;1800;324
0;120;1800;324
0;120;1800;324
0;120;1800;324
0;120;1800;508
0;120;1800;324
0;120;1800;324
0;120;1800;324
0;120;1800;324
0;120;1800;324
0;120;1800;324
0;120;1800;324
0;120;1800;324
0;120;1800;324
0;120;1800;324
0;120;1800;324
0;120;1800;508
0;120;1800;508
0;120;1800;324
0;120;1800;516
0;120;1800;324
0;120;1800;324
0;120;1800;324
0;120;1800;324
0;120;1800;324
0;120;1800;324
0;120;1800;324
0;120;1800;324
0;120;1800;324
0;120;1800;508
0;120;1800;324
0;120;1800;512
0;120;1800;324
0;120;1800;516
0;120;1800;324
0;120;1864;344
0;120;1864;344
0;120;1864;344
0;120;1864;344
0;120;1864;344
0;120;1864;344
0;120;1864;532
0;120;1864;344
0;120;1864;344
0;120;1864;536
0;120;1864;528
0;120;1864;344
0;120;1864;344
0;120;1864;528
0;120;1864;344
0;120;1864;344
0;120;1864;344
0;120;1864;344
0;120;1864;344
0;120;1864;344
0;120;1864;344
0;120;1864;344
0;120;1864;344
0;120;1864;344
0;120;1864;344
0;120;1864;344
0;120;1864;344
0;120;1864;528
0;120;1864;344
0;120;1864;344
0;120;1864;528
0;120;1864;528
0;120;1864;344
0;120;1864;344
0;120;1864;528
0;120;1864;344
0;120;1864;344
0;120;1864;344
0;120;1864;344
0;120;1864;344
0;120;1864;344
0;120;1864;344
0;120;1864;344
0;120;1864;344
0;120;1864;528
0;120;1864;344
0;120;1864;344
0;120;1864;344
0;120;1864;536
0;120;1864;344
0;120;1864;344
0;120;1864;344
0;120;1864;536
0;120;1864;344
0;120;1864;344
0;120;1864;344
0;120;1864;344
0;120;1864;532
0;120;1864;344
0;120;1864;344
0;120;1864;344
0;120;1864;344
0;120;1864;344
0;120;1864;528
0;120;1864;344
0;120;1864;344
0;120;1864;344
0;120;1864;528
0;120;1864;344
0;120;1864;528
0;120;1864;344
0;120;1864;528
0;120;1864;344
0;120;1864;532
0;120;1864;344
0;120;1864;344
0;120;1864;344
0;120;1864;344
0;120;1864;344
0;120;1864;344
0;120;1864;344
0;120;1864;344
0;120;1864;344
0;120;1864;344
0;120;1864;344
0;120;1864;344
0;120;1864;532
0;120;1864;528
0;120;1864;344
0;120;1864;344
0;120;1864;344
0;120;1864;532
0;120;1864;344
0;120;1864;344
0;120;1864;344
0;120;1864;344
0;120;1864;344
0;120;1864;344
0;120;1864;344
0;120;1864;344
0;120;3000;708
0;120;3000;384
0;120;3000;384
0;120;3000;384
0;120;3000;704
0;120;3000;384
0;120;3000;384
0;120;3000;384
0;120;3000;384
0;120;3000;384
0;120;3000;384
0;120;3000;384
0;120;3000;384
0;120;3000;384
0;120;3000;384
0;120;3000;384
0;120;3000;712
0;120;3000;384
0;120;3000;708
0;120;3000;384
0;120;3000;384
0;120;3000;384
0;120;3000;384
0;120;3000;384
0;120;3000;384
0;120;3000;384
0;120;3000;712
0;120;3000;704
0;120;3000;384
0;120;3000;384
0;120;3000;384
0;120;3000;384
0;120;3000;384
0;120;3000;384
0;120;3000;384
0;120;3000;712
0;120;3000;712
0;120;3000;384
0;120;3000;384
0;120;3000;384
0;120;3000;384
0;120;3000;712
0;120;3000;384
0;120;3000;384
0;120;3000;712
0;120;3000;384
0;120;3000;384
0;120;3000;384
0;120;3000;384
0;120;3000;384
0;120;3000;384
0;120;3000;384
0;120;3000;384
0;120;3000;384
0;120;3000;384
0;120;3000;384
0;120;3000;384
0;120;3000;712
0;120;3000;384
0;120;3000;384
0;120;3000;712
0;120;3000;384
0;120;3000;712
0;120;3000;384
0;120;3000;384
0;120;3000;384
0;120;3000;384
0;120;3000;384
0;120;3000;384
0;120;3000;384
0;120;3000;384
0;120;3000;384
0;120;3000;384
0;120;3000;384
0;120;3000;384
0;120;3000;384
0;120;3000;384
0;120;3000;384
0;120;3000;384
0;120;3000;384
0;120;3000;384
0;120;3000;384
0;120;3000;712
0;120;3000;384
0;120;3000;384
0;120;3000;384
0;120;3000;384
0;120;3000;384
0;120;3000;384
0;120;3000;384
0;120;3000;384
0;120;3000;384
0;120;3000;384
0;120;3000;384
0;120;3000;384
0;120;3000;712
0;120;3000;384
0;120;3000;384
0;120;3000;712
0;120;3000;704
0;120;3144;444
0;120;3144;444
0;120;3144;444
0;120;3144;444
0;120;3144;444
0;120;3144;444
0;120;3144;444
0;120;3144;444
0;120;3144;772
0;120;3144;444
0;120;3144;772
0;120;3144;444
0;120;3144;444
0;120;3144;444
0;120;3144;444
0;120;3144;444
0;120;3144;772
0;120;3144;444
0;120;3144;444
0;120;3144;444
0;120;3144;764
0;120;3144;444
0;120;3144;772
0;120;3144;772
0;120;3144;444
0;120;3144;772
0;120;3144;444
0;120;3144;772
0;120;3144;444
0;120;3144;444
0;120;3144;444
0;120;3144;444
0;120;3144;444
0;120;3144;444
0;120;3144;444
0;120;3144;444
0;120;3144;444
0;120;3144;444
0;120;3144;444
0;120;3144;444
0;120;3144;444
0;120;3144;772
0;120;3144;768
0;120;3144;444
0;120;3144;444
0;120;3144;444
0;120;3144;444
0;120;3144;444
0;120;3144;444
0;120;3144;444
0;120;3144;772
0;120;3144;444
0;120;3144;444
0;120;3144;444
0;120;3144;444
0;120;3144;444
0;120;3144;444
0;120;3144;444
0;120;3144;444
0;120;3144;772
0;120;3144;772
0;120;3144;444
0;120;3144;772
0;120;3144;444
0;120;3144;444
0;120;3144;444
0;120;3144;444
0;120;3144;444
0;120;3144;444
0;120;3144;444
0;120;3144;444
0;120;3144;444
0;120;3144;444
0;120;3144;772
0;120;3144;772
0;120;3144;444
0;120;3144;764
0;120;3144;444
0;120;3144;444
0;120;3144;764
0;120;3144;772
0;120;3144;772
0;120;3144;444
0;120;3144;444
0;120;3144;444
0;120;3144;444
0;120;3144;444
0;120;3144;772
0;120;3144;444
0;120;3144;444
0;120;3144;444
0;120;3144;772
0;120;3144;444
0;120;3144;444
0;120;3144;772
0;120;3144;444
0;120;3144;444
0;120;3144;444
0;120;3144;444
0;120;3144;444
0;120;3280;808
0;120;3280;808
0;120;3280;480
0;120;3280;480
0;120;3280;480
0;120;3280;480
0;120;3280;480
0;120;3280;480
0;120;3280;808
0;120;3280;808
0;120;3280;480
0;120;3280;480
0;120;3280;480
0;120;3280;480
0;120;3280;800
0;120;3280;808
0;120;3280;808
0;120;3280;480
0;120;3280;480
0;120;3280;480
0;120;3280;808
0;120;3280;480
0;120;3280;480
0;120;3280;480
0;120;3280;480
0;120;3280;480
0;120;3280;480
0;120;3280;808
0;120;3280;480
0;120;3280;480
0;120;3280;480
0;120;3280;480
0;120;3280;480
0;120;3280;480
0;120;3280;480
0;120;3280;480
0;120;3280;480
0;120;3280;480
0;120;3280;480
0;120;3280;480
0;120;3280;480
0;120;3280;480
0;120;3280;800
0;120;3280;480
0;120;3280;808
0;120;3280;480
0;120;3280;800
0;120;3280;480
0;120;3280;480
0;120;3280;480
0;120;3280;480
0;120;3280;480
0;120;3280;480
0;120;3280;480
0;120;3280;480
0;120;3280;480
0;120;3280;480
0;120;3280;480
0;120;3280;480
0;120;3280;480
0;120;3280;480
0;120;3280;480
0;120;3280;808
0;120;3280;480
0;120;3280;480
0;120;3280;480
0;120;3280;480
0;120;3280;808
0;120;3280;480
0;120;3280;480
0;120;3280;808
0;120;3280;480
0;120;3280;808
0;120;3280;480
0;120;3280;480
0;120;3280;480
0;120;3280;808
0;120;3280;480
0;120;3280;480
0;120;3280;800
0;120;3280;808
0;120;3280;480
0;120;3280;480
0;120;3280;480
0;120;3280;480
0;120;3280;480
0;120;3280;480
0;120;3280;480
0;120;3280;808
0;120;3280;480
0;120;3280;808
0;120;3280;480
0;120;3280;808
0;120;3280;480
0;120;3280;480
0;120;3280;480
0;120;3280;480
0;120;3280;480
0;120;3280;480
0;120;3280;480
0;120;3448;512
0;120;3448;512
0;120;3448;840
0;120;3448;512
0;120;3448;512
0;120;3448;512
0;120;3448;840
0;120;3448;512
0;120;3448;512
0;120;3448;512
0;120;3448;512
0;120;3448;512
0;120;3448;512
0;120;3448;840
0;120;3448;512
0;120;3448;512
0;120;3448;512
0;120;3448;840
0;120;3448;512
0;120;3448;840
0;120;3448;512
0;120;3448;512
0;120;3448;512
0;120;3448;512
0;120;3448;512
0;120;3448;512
0;120;3448;512
0;120;3448;840
0;120;3448;512
0;120;3448;840
0;120;3448;512
0;120;3448;512
0;120;3448;840
0;120;3448;512
0;120;3448;512
0;120;3448;512
0;120;3448;512
0;120;3448;512
0;120;3448;512
0;120;3448;512
0;120;3448;512
0;120;3448;512
0;120;3448;512
0;120;3448;512
0;120;3448;512
0;120;3448;512
0;120;3448;512
0;120;3448;512
0;120;3448;512
0;120;3448;512
0;120;3448;512
0;120;3448;840
0;120;3448;512
0;120;3448;832
0;120;3448;512
0;120;3448;512
0;120;3448;512
0;120;3448;512
0;120;3448;512
0;120;3448;512
0;120;3448;512
0;120;3448;512
0;120;3448;512
0;120;3448;512
0;120;3448;512
0;120;3448;512
0;120;3448;512
0;120;3448;512
0;120;3448;512
0;120;3448;512
0;120;3448;512
0;120;3448;840
0;120;3448;512
0;120;3448;512
0;120;3448;512
0;120;3448;512
0;120;3448;512
0;120;3448;512
0;120;3448;512
0;120;3448;512
0;120;3448;512
0;120;3448;512
0;120;3448;840
0;120;3448;512
0;120;3448;840
0;120;3448;512
0;120;3448;512
0;120;3448;840
0;120;3448;512
0;120;3448;512
0;120;3448;512
0;120;3448;512
0;120;3448;512
0;120;3448;512
0;120;3448;512
0;120;3448;512
0;120;3448;512
0;120;3448;512
0;120;3448;512
0;120;3448;512
0;120;3592;548
0;120;3592;548
0;120;3592;548
0;120;3592;548
0;120;3592;876
0;120;3592;548
0;120;3592;548
0;120;3592;548
0;120;3592;548
0;120;3592;548
0;120;3592;548
0;120;3592;876
0;120;3592;548
0;120;3592;876
0;120;3592;876
0;120;3592;548
0;120;3592;548
0;120;3592;876
0;120;3592;548
0;120;3592;548
0;120;3592;548
0;120;3592;876
0;120;3592;548
0;120;3592;548
0;120;3592;548
0;120;3592;548
0;120;3592;876
0;120;3592;872
0;120;3592;548
0;120;3592;548
0;120;3592;548
0;120;3592;548
0;120;3592;548
0;120;3592;548
0;120;3592;876
0;120;3592;868
0;120;3592;548
0;120;3592;876
0;120;3592;548
0;120;3592;548
0;120;3592;548
0;120;3592;548
0;120;3592;548
0;120;3592;548
0;120;3592;876
0;120;3592;548
0;120;3592;548
0;120;3592;548
0;120;3592;548
0;120;3592;876
0;120;3592;548
0;120;3592;548
0;120;3592;876
0;120;3592;548
0;120;3592;548
0;120;3592;548
0;120;3592;548
0;120;3592;548
0;120;3592;548
0;120;3592;548
0;120;3592;548
0;120;3592;548
0;120;3592;548
0;120;3592;876
0;120;3592;548
0;120;3592;548
0;120;3592;876
0;120;3592;548
0;120;3592;548
0;120;3592;548
0;120;3592;548
0;120;3592;548
0;120;3592;548
0;120;3592;548
0;120;3592;548
0;120;3592;548
0;120;3592;548
0;120;3592;548
0;120;3592;548
0;120;3592;548
0;120;3592;868
0;120;3592;548
0;120;3592;548
0;120;3592;548
0;120;3592;548
0;120;3592;876
0;120;3592;548
0;120;3592;548
0;120;3592;876
0;120;3592;548
0;120;3592;548
0;120;3592;548
0;120;3592;548
0;120;3592;876
0;120;3592;548
0;120;3592;548
0;120;3592;548
0;120;3592;548
0;120;3592;548
0;120;3592;548
0;120;5848;656
0;120;5848;656
0;120;5848;1256
0;120;5848;656
0;120;5848;656
0;120;5848;656
0;120;5848;656
0;120;5848;656
0;120;5848;656
0;120;5848;656
0;120;5848;656
0;120;5848;656
0;120;5848;656
0;120;5848;656
0;120;5848;1256
0;120;5848;656
0;120;5848;656
0;120;5848;656
0;120;5848;656
0;120;5848;656
0;120;5848;1256
0;120;5848;656
0;120;5848;656
0;120;5848;1256
0;120;5848;656
0;120;5848;656
0;120;5848;1256
0;120;5848;1256
0;120;5848;656
0;120;5848;1256
0;120;5848;656
0;120;5848;656
0;120;5848;1256
0;120;5848;1256
0;120;5848;656
0;120;5848;656
0;120;5848;1256
0;120;5848;1256
0;120;5848;656
0;120;5848;656
0;120;5848;656
0;120;5848;656
0;120;5848;1256
0;120;5848;656
0;120;5848;656
0;120;5848;656
0;120;5848;656
0;120;5848;656
0;120;5848;656
0;120;5848;656
0;120;5848;656
0;120;5848;656
0;120;5848;656
0;120;5848;1256
0;120;5848;656
0;120;5848;656
0;120;5848;1256
0;120;5848;656
0;120;5848;656
0;120;5848;656
0;120;5848;656
0;120;5848;656
0;120;5848;656
0;120;5848;656
0;120;5848;656
0;120;5848;1256
0;120;5848;656
0;120;5848;656
0;120;5848;656
0;120;5848;656
0;120;5848;656
0;120;5848;656
0;120;5848;656
0;120;5848;656
0;120;5848;656
0;120;5848;656
0;120;5848;656
0;120;5848;656
0;120;5848;656
0;120;5848;656
0;120;5848;656
0;120;5848;656
0;120;5848;1256
0;120;5848;656
0;120;5848;656
0;120;5848;656
0;120;5848;656
0;120;5848;1256
0;120;5848;656
0;120;5848;656
0;120;5848;656
0;120;5848;656
0;120;5848;656
0;120;5848;1256
0;120;5848;656
0;120;5848;1248
0;120;5848;656
0;120;5848;656
0;120;5848;1256
0;120;5848;656
0;120;6128;752
0;120;6128;752
0;120;6128;752
0;120;6128;752
0;120;6128;752
0;120;6128;752
0;120;6128;1352
0;120;6128;752
0;120;6128;752
0;120;6128;752
0;120;6128;1352
0;120;6128;752
0;120;6128;1352
0;120;6128;752
0;120;6128;1352
0;120;6128;1352
0;120;6128;752
0;120;6128;752
0;120;6128;752
0;120;6128;1352
0;120;6128;752
0;120;6128;752
0;120;6128;752
0;120;6128;752
0;120;6128;752
0;120;6128;752
0;120;6128;752
0;120;6128;752
0;120;6128;752
0;120;6128;752
0;120;6128;752
0;120;6128;752
0;120;6128;1352
0;120;6128;752
0;120;6128;752
0;120;6128;752
0;120;6128;752
0;120;6128;752
0;120;6128;752
0;120;6128;752
0;120;6128;752
0;120;6128;752
0;120;6128;1352
0;120;6128;1352
0;120;6128;752
0;120;6128;752
0;120;6128;752
0;120;6128;752
0;120;6128;752
0;120;6128;752
0;120;6128;752
0;120;6128;752
0;120;6128;752
0;120;6128;1352
0;120;6128;752
0;120;6128;752
0;120;6128;752
0;120;6128;752
0;120;6128;752
0;120;6128;752
0;120;6128;752
0;120;6128;752
0;120;6128;752
0;120;6128;752
0;120;6128;1352
0;120;6128;752
0;120;6128;752
0;120;6128;752
0;120;6128;752
0;120;6128;1352
0;120;6128;752
0;120;6128;1352
0;120;6128;752
0;120;6128;752
0;120;6128;752
0;120;6128;752
0;120;6128;752
0;120;6128;752
0;120;6128;752
0;120;6128;752
0;120;6128;752
0;120;6128;1352
0;120;6128;1352
0;120;6128;1352
0;120;6128;752
0;120;6128;752
0;120;6128;1352
0;120;6128;752
0;120;6128;752
0;120;6128;752
0;120;6128;752
0;120;6128;1344
0;120;6128;752
0;120;6128;752
0;120;6128;752
0;120;6128;752
0;120;6128;752
0;120;6128;752
0;120;6128;752
0;120;6128;752
0;120;7008;1420
0;120;7008;820
0;120;7008;820
0;120;7008;820
0;120;7008;820
0;120;7008;820
0;120;7008;820
0;120;7008;820
0;120;7008;820
0;120;7008;820
0;120;7008;820
0;120;7008;820
0;120;7008;820
0;120;7008;820
0;120;7008;820
0;120;7008;820
0;120;7008;820
0;120;7008;820
0;120;7008;820
0;120;7008;1420
0;120;7008;820
0;120;7008;820
0;120;7008;820
0;120;7008;820
0;120;7008;820
0;120;7008;820
0;120;7008;820
0;120;7008;820
0;120;7008;820
0;120;7008;820
0;120;7008;820
0;120;7008;820
0;120;7008;820
0;120;7008;820
0;120;7008;1420
0;120;7008;820
0;120;7008;1420
0;120;7008;820
0;120;7008;1420
0;120;7008;1420
0;120;7008;820
0;120;7008;1420
0;120;7008;820
0;120;7008;820
0;120;7008;820
0;120;7008;820
0;120;7008;820
0;120;7008;820
0;120;7008;820
0;120;7008;820
0;120;7008;1420
0;120;7008;820
0;120;7008;820
0;120;7008;820
0;120;7008;820
0;120;7008;820
0;120;7008;820
0;120;7008;820
0;120;7008;820
0;120;7008;820
0;120;7008;820
0;120;7008;820
0;120;7008;820
0;120;7008;1420
0;120;7008;820
0;120;7008;820
0;120;7008;820
0;120;7008;820
0;120;7008;820
0;120;7008;820
0;120;7008;820
0;120;7008;820
0;120;7008;820
0;120;7008;1420
0;120;7008;820
0;120;7008;1420
0;120;7008;820
0;120;7008;820
0;120;7008;820
0;120;7008;820
0;120;7008;820
0;120;7008;820
0;120;7008;820
0;120;7008;820
0;120;7008;820
0;120;7008;820
0;120;7008;820
0;120;7008;1420
0;120;7008;820
0;120;7008;820
0;120;7008;820
0;120;7008;820
0;120;7008;820
0;120;7008;820
0;120;7008;1420
0;120;7008;820
0;120;7008;1420
0;120;7008;820
0;120;7008;820
0;120;7008;820
0;120;7464;888
0;120;7464;888
0;120;7464;1488
0;120;7464;888
0;120;7464;888
0;120;7464;888
0;120;7464;888
0;120;7464;888
0;120;7464;888
0;120;7464;1488
0;120;7464;1488
0;120;7464;888
0;120;7464;888
0;120;7464;888
0;120;7464;888
0;120;7464;888
0;120;7464;888
0;120;7464;888
0;120;7464;888
0;120;7464;888
0;120;7464;1488
0;120;7464;1488
0;120;7464;888
0;120;7464;888
0;120;7464;888
0;120;7464;888
0;120;7464;888
0;120;7464;888
0;120;7464;888
0;120;7464;1488
0;120;7464;888
0;120;7464;888
0;120;7464;888
0;120;7464;888
0;120;7464;888
0;120;7464;888
0;120;7464;888
0;120;7464;888
0;120;7464;888
0;120;7464;888
0;120;7464;888
0;120;7464;1488
0;120;7464;888
0;120;7464;888
0;120;7464;888
0;120;7464;888
0;120;7464;888
0;120;7464;888
0;120;7464;888
0;120;7464;888
0;120;7464;888
0;120;7464;1488
0;120;7464;888
0;120;7464;888
0;120;7464;1488
0;120;7464;888
0;120;7464;888
0;120;7464;888
0;120;7464;888
0;120;7464;888
0;120;7464;888
0;120;7464;888
0;120;7464;888
0;120;7464;888
0;120;7464;888
0;120;7464;888
0;120;7464;888
0;120;7464;888
0;120;7464;888
0;120;7464;1488
0;120;7464;888
0;120;7464;888
0;120;7464;888
0;120;7464;1488
0;120;7464;888
0;120;7464;1488
0;120;7464;888
0;120;7464;888
0;120;7464;888
0;120;7464;1488
0;120;7464;888
0;120;7464;888
0;120;7464;888
0;120;7464;888
0;120;7464;888
0;120;7464;1488
0;120;7464;1488
0;120;7464;888
0;120;7464;888
0;120;7464;1488
0;120;7464;888
0;120;7464;888
0;120;7464;888
0;120;7464;888
0;120;7464;888
0;120;7464;1488
0;120;7464;888
0;120;7464;888
0;120;7464;1488
0;120;7464;888
0;120;7920;1556
0;120;7920;1556
0;120;7920;956
0;120;7920;956
0;120;7920;1556
0;120;7920;956
0;120;7920;956
0;120;7920;956
0;120;7920;956
0;120;7920;956
0;120;7920;956
0;120;7920;956
0;120;7920;956
0;120;7920;956
0;120;7920;956
0;120;7920;956
0;120;7920;1556
0;120;7920;956
0;120;7920;956
0;120;7920;956
0;120;7920;1556
0;120;7920;956
0;120;7920;956
0;120;7920;956
0;120;7920;1556
0;120;7920;1556
0;120;7920;956
0;120;7920;1556
0;120;7920;956
0;120;7920;956
0;120;7920;956
0;120;7920;956
0;120;7920;956
0;120;7920;956
0;120;7920;956
0;120;7920;1556
0;120;7920;956
0;120;7920;956
0;120;7920;956
0;120;7920;956
0;120;7920;956
0;120;7920;956
0;120;7920;956
0;120;7920;956
0;120;7920;1556
0;120;7920;956
0;120;7920;956
0;120;7920;956
0;120;7920;1548
0;120;7920;956
0;120;7920;1556
0;120;7920;956
0;120;7920;956
0;120;7920;956
0;120;7920;956
0;120;7920;956
0;120;7920;956
0;120;7920;956
0;120;7920;956
0;120;7920;956
0;120;7920;956
0;120;7920;1556
0;120;7920;956
0;120;7920;956
0;120;7920;1556
0;120;7920;956
0;120;7920;956
0;120;7920;956
0;120;7920;1556
0;120;7920;956
0;120;7920;956
0;120;7920;956
0;120;7920;1556
0;120;7920;956
0;120;7920;956
0;120;7920;956
0;120;7920;956
0;120;7920;956
0;120;7920;956
0;120;7920;1556
0;120;7920;956
0;120;7920;956
0;120;7920;1556
0;120;7920;1556
0;120;7920;956
0;120;7920;956
0;120;7920;956
0;120;7920;956
0;120;7920;956
0;120;7920;956
0;120;7920;956
0;120;7920;1556
0;120;7920;1556
0;120;7920;956
0;120;7920;956
0;120;7920;956
0;120;7920;956
0;120;7920;956
0;120;7920;956
0;120;7920;956
0;120;12072;1200
0;120;12072;1200
0;120;12072;1200
0;120;12072;1200
0;120;12072;1200
0;120;12072;1200
0;120;12072;1200
0;120;12072;1200
0;120;12072;1200
0;120;12072;1200
0;120;12072;1200
0;120;12072;2344
0;120;12072;1200
0;120;12072;1200
0;120;12072;1200
0;120;12072;1200
0;120;12072;1200
0;120;12072;1200
0;120;12072;2344
0;120;12072;2344
0;120;12072;1200
0;120;12072;2344
0;120;12072;1200
0;120;12072;1200
0;120;12072;2344
0;120;12072;2344
0;120;12072;1200
0;120;12072;1200
0;120;12072;1200
0;120;12072;1200
0;120;12072;1200
0;120;12072;1200
0;120;12072;1200
0;120;12072;1200
0;120;12072;2344
0;120;12072;1200
0;120;12072;1200
0;120;12072;1200
0;120;12072;2344
0;120;12072;1200
0;120;12072;1200
0;120;12072;1200
0;120;12072;1200
0;120;12072;1200
0;120;12072;1200
0;120;12072;1200
0;120;12072;2344
0;120;12072;1200
0;120;12072;1200
0;120;12072;1200
0;120;12072;1200
0;120;12072;1200
0;120;12072;1200
0;120;12072;1200
0;120;12072;1200
0;120;12072;1200
0;120;12072;1200
0;120;12072;1200
0;120;12072;1200
0;120;12072;1200
0;120;12072;2344
0;120;12072;1200
0;120;12072;1200
0;120;12072;1200
0;120;12072;1200
0;120;12072;1200
0;120;12072;1200
0;120;12072;1200
0;120;12072;1200
0;120;12072;1200
0;120;12072;1200
0;120;12072;1200
0;120;12072;1200
0;120;12072;1200
0;120;12072;1200
0;120;12072;1200
0;120;12072;1200
0;120;12072;1200
0;120;12072;1200
0;120;12072;1200
0;120;12072;1200
0;120;12072;1200
0;120;12072;1200
0;120;12072;1200
0;120;12072;1200
0;120;12072;1200
0;120;12072;1200
0;120;12072;2344
0;120;12072;1200
0;120;12072;1200
0;120;12072;2344
0;120;12072;1200
0;120;12072;1200
0;120;12072;2344
0;120;12072;1200
0;120;12072;1200
0;120;12072;1200
0;120;12072;1200
0;120;12072;2344
0;120;12072;1200
0;120;12960;1364
0;120;12960;1364
0;120;12960;2508
0;120;12960;1364
0;120;12960;1364
0;120;12960;1364
0;120;12960;2508
0;120;12960;1364
0;120;12960;2508
0;120;12960;1364
0;120;12960;2508
0;120;12960;2508
0;120;12960;1364
0;120;12960;1364
0;120;12960;1364
0;120;12960;1364
0;120;12960;1364
0;120;12960;1364
0;120;12960;1364
0;120;12960;1364
0;120;12960;2508
0;120;12960;2508
0;120;12960;1364
0;120;12960;1364
0;120;12960;1364
0;120;12960;2508
0;120;12960;1364
0;120;12960;1364
0;120;12960;1364
0;120;12960;1364
0;120;12960;1364
0;120;12960;1364
0;120;12960;2508
0;120;12960;2508
0;120;12960;2508
0;120;12960;1364
0;120;12960;1364
0;120;12960;1364
0;120;12960;2508
0;120;12960;1364
0;120;12960;1364
0;120;12960;1364
0;120;12960;1364
0;120;12960;1364
0;120;12960;1364
0;120;12960;1364
0;120;12960;1364
0;120;12960;1364
0;120;12960;2508
0;120;12960;1364
0;120;12960;1364
0;120;12960;1364
0;120;12960;1364
0;120;12960;2508
0;120;12960;1364
0;120;12960;1364
0;120;12960;1364
0;120;12960;1364
0;120;12960;1364
0;120;12960;1364
0;120;12960;2508
0;120;12960;1364
0;120;12960;1364
0;120;12960;1364
0;120;12960;1364
0;120;12960;1364
0;120;12960;1364
0;120;12960;1364
0;120;12960;2508
0;120;12960;2508
0;120;12960;1364
0;120;12960;2508
0;120;12960;1364
0;120;12960;1364
0;120;12960;2508
0;120;12960;1364
0;120;12960;1364
0;120;12960;1364
0;120;12960;1364
0;120;12960;1364
0;120;12960;1364
0;120;12960;1364
0;120;12960;1364
0;120;12960;1364
0;120;12960;1364
0;120;12960;2508
0;120;12960;1364
0;120;12960;2508
0;120;12960;1364
0;120;12960;1364
0;120;12960;1364
0;120;12960;1364
0;120;12960;1364
0;120;12960;1364
0;120;12960;1364
0;120;12960;1364
0;120;12960;1364
0;120;12960;1364
0;120;12960;1364
0;120;12960;1364
0;120;13872;1500
0;120;13872;1500
0;120;13872;1500
0;120;13872;1500
0;120;13872;1500
0;120;13872;2644
0;120;13872;1500
0;120;13872;2644
0;120;13872;2644
0;120;13872;2644
0;120;13872;1500
0;120;13872;2644
0;120;13872;2644
0;120;13872;1500
0;120;13872;1500
0;120;13872;1500
0;120;13872;1500
0;120;13872;1500
0;120;13872;2644
0;120;13872;1500
0;120;13872;1500
0;120;13872;1500
0;120;13872;1500
0;120;13872;1500
0;120;13872;1500
0;120;13872;1500
0;120;13872;1500
0;120;13872;1500
0;120;13872;2644
0;120;13872;1500
0;120;13872;1500
0;120;13872;1500
0;120;13872;2644
0;120;13872;1500
0;120;13872;2644
0;120;13872;2644
0;120;13872;1500
0;120;13872;1500
0;120;13872;2644
0;120;13872;1500
0;120;13872;1500
0;120;13872;1500
0;120;13872;1500
0;120;13872;1500
0;120;13872;1500
0;120;13872;1500
0;120;13872;1500
0;120;13872;1500
0;120;13872;1500
0;120;13872;1500
0;120;13872;1500
0;120;13872;1500
0;120;13872;1500
0;120;13872;2644
0;120;13872;1500
0;120;13872;1500
0;120;13872;2644
0;120;13872;1500
0;120;13872;1500
0;120;13872;1500
0;120;13872;1500
0;120;13872;2644
0;120;13872;1500
0;120;13872;1500
0;120;13872;1500
0;120;13872;1500
0;120;13872;1500
0;120;13872;1500
0;120;13872;1500
0;120;13872;1500
0;120;13872;1500
0;120;13872;1500
0;120;13872;1500
0;120;13872;1500
0;120;13872;2644
0;120;13872;1500
0;120;13872;1500
0;120;13872;1500
0;120;13872;1500
0;120;13872;1500
0;120;13872;2644
0;120;13872;2644
0;120;13872;1500
0;120;13872;2644
0;120;13872;1500
0;120;13872;1500
0;120;13872;1500
0;120;13872;1500
0;120;13872;1500
0;120;13872;1500
0;120;13872;1500
0;120;13872;2644
0;120;13872;1500
0;120;13872;1500
0;120;13872;1500
0;120;13872;1500
0;120;13872;2644
0;120;13872;1500
0;120;13872;1500
0;120;13872;2644
0;120;14784;1636
0;120;14784;1636
0;120;14784;2780
0;120;14784;2780
0;120;14784;2780
0;120;14784;2780
0;120;14784;1636
0;120;14784;2780
0;120;14784;1636
0;120;14784;1636
0;120;14784;1636
0;120;14784;1636
0;120;14784;1636
0;120;14784;1636
0;120;14784;1636
0;120;14784;1636
0;120;14784;2780
0;120;14784;2780
0;120;14784;2780
0;120;14784;1636
0;120;14784;1636
0;120;14784;1636
0;120;14784;1636
0;120;14784;1636
0;120;14784;1636
0;120;14784;2780
0;120;14784;2780
0;120;14784;1636
0;120;14784;2780
0;120;14784;1636
0;120;14784;1636
0;120;14784;1636
0;120;14784;1636
0;120;14784;1636
0;120;14784;1636
0;120;14784;1636
0;120;14784;1636
0;120;14784;1636
0;120;14784;1636
0;120;14784;1636
0;120;14784;1636
0;120;14784;1636
0;120;14784;1636
0;120;14784;1636
0;120;14784;2780
0;120;14784;1636
0;120;14784;2780
0;120;14784;1636
0;120;14784;1636
0;120;14784;2780
0;120;14784;2780
0;120;14784;1636
0;120;14784;1636
0;120;14784;2780
0;120;14784;1636
0;120;14784;2780
0;120;14784;1636
0;120;14784;1636
0;120;14784;2780
0;120;14784;2780
0;120;14784;1636
0;120;14784;1636
0;120;14784;2780
0;120;14784;2780
0;120;14784;1636
0;120;14784;1636
0;120;14784;1636
0;120;14784;2780
0;120;14784;1636
0;120;14784;1636
0;120;14784;1636
0;120;14784;1636
0;120;14784;1636
0;120;14784;1636
0;120;14784;1636
0;120;14784;2780
0;120;14784;1636
0;120;14784;2780
0;120;14784;1636
0;120;14784;1636
0;120;14784;1636
0;120;14784;1636
0;120;14784;2780
0;120;14784;1636
0;120;14784;2780
0;120;14784;1636
0;120;14784;1636
0;120;14784;2780
0;120;14784;1636
0;120;14784;2780
0;120;14784;2780
0;120;14784;1636
0;120;14784;1636
0;120;14784;1636
0;120;14784;1636
0;120;14784;2780
0;120;14784;1636
0;120;14784;1636
0;120;14784;2780
0;120;14784;1636
0;120;15672;1772
0;120;15672;1772
0;120;15672;1772
0;120;15672;1772
0;120;15672;1772
0;120;15672;1772
0;120;15672;1772
0;120;15672;1772
0;120;15672;1772
0;120;15672;1772
0;120;15672;1772
0;120;15672;1772
0;120;15672;1772
0;120;15672;1772
0;120;15672;2916
0;120;15672;1772
0;120;15672;1772
0;120;15672;1772
0;120;15672;1772
0;120;15672;1772
0;120;15672;1772
0;120;15672;2916
0;120;15672;1772
0;120;15672;1772
0;120;15672;1772
0;120;15672;1772
0;120;15672;1772
0;120;15672;1772
0;120;15672;1772
0;120;15672;1772
0;120;15672;2916
0;120;15672;2916
0;120;15672;1772
0;120;15672;1772
0;120;15672;1772
0;120;15672;1772
0;120;15672;1772
0;120;15672;2916
0;120;15672;1772
0;120;15672;1772
0;120;15672;1772
0;120;15672;1772
0;120;15672;1772
0;120;15672;2916
0;120;15672;2916
0;120;15672;1772
0;120;15672;1772
0;120;15672;1772
0;120;15672;1772
0;120;15672;1772
0;120;15672;1772
0;120;15672;1772
0;120;15672;1772
0;120;15672;1772
0;120;15672;1772
0;120;15672;1772
0;120;15672;1772
0;120;15672;2916
0;120;15672;1772
0;120;15672;2916
0;120;15672;1772
0;120;15672;1772
0;120;15672;1772
0;120;15672;1772
0;120;15672;1772
0;120;15672;1772
0;120;15672;1772
0;120;15672;1772
0;120;15672;1772
0;120;15672;1772
0;120;15672;1772
0;120;15672;1772
0;120;15672;1772
0;120;15672;1772
0;120;15672;1772
0;120;15672;1772
0;120;15672;1772
0;120;15672;1772
0;120;15672;1772
0;120;15672;2916
0;120;15672;2916
0;120;15672;2916
0;120;15672;1772
0;120;15672;2916
0;120;15672;1772
0;120;15672;1772
0;120;15672;2916
0;120;15672;1772
0;120;15672;1772
0;120;15672;1772
0;120;15672;1772
0;120;15672;1772
0;120;15672;2916
0;120;15672;2916
0;120;15672;1772
0;120;15672;1772
0;120;15672;1772
0;120;15672;1772
0;120;15672;1772
0;120;15672;1772
0;120;23976;2296
0;120;23976;2296
0;120;23976;2296
0;120;23976;2296
0;120;23976;2296
0;120;23976;2296
0;120;23976;2296
0;120;23976;2296
0;120;23976;2296
0;120;23976;2296
0;120;23976;4532
0;120;23976;4528
0;120;23976;2296
0;120;23976;2296
0;120;23976;2296
0;120;23976;4528
0;120;23976;4532
0;120;23976;2296
0;120;23976;2296
0;120;23976;4528
0;120;23976;2296
0;120;23976;4528
0;120;23976;2296
0;120;23976;2296
0;120;23976;2296
0;120;23976;4528
0;120;23976;4528
0;120;23976;4532
0;120;23976;4528
0;120;23976;2296
0;120;23976;2296
0;120;23976;2296
0;120;23976;2296
0;120;23976;4536
0;120;23976;2296
0;120;23976;2296
0;120;23976;2296
0;120;23976;4528
0;120;23976;4532
0;120;23976;2296
0;120;23976;2296
0;120;23976;2296
0;120;23976;2296
0;120;23976;2296
0;120;23976;2296
0;120;23976;2296
0;120;23976;2296
0;120;23976;2296
0;120;23976;4528
0;120;23976;2296
0;120;23976;4528
0;120;23976;4528
0;120;23976;2296
0;120;23976;2296
0;120;23976;2296
0;120;23976;2296
0;120;23976;2296
0;120;23976;2296
0;120;23976;2296
0;120;23976;2296
0;120;23976;2296
0;120;23976;2296
0;120;23976;2296
0;120;23976;2296
0;120;23976;2296
0;120;23976;2296
0;120;23976;2296
0;120;23976;2296
0;120;23976;4532
0;120;23976;4532
0;120;23976;2296
0;120;23976;2296
0;120;23976;2296
0;120;23976;2296
0;120;23976;4532
0;120;23976;2296
0;120;23976;4528
0;120;23976;2296
0;120;23976;2296
0;120;23976;2296
0;120;23976;2296
0;120;23976;4536
0;120;23976;4532
0;120;23976;2296
0;120;23976;2296
0;120;23976;2296
0;120;23976;2296
0;120;23976;2296
0;120;23976;2296
0;120;23976;2296
0;120;23976;4528
0;120;23976;2296
0;120;23976;4536
0;120;23976;2296
0;120;23976;2296
0;120;23976;2296
0;120;23976;2296
0;120;23976;2296
0;120;23976;2296
0;120;23976;2296
0;120;25776;2596
0;120;25776;2596
0;120;25776;4832
0;120;25776;2596
0;120;25776;2596
0;120;25776;2596
0;120;25776;4832
0;120;25776;2596
0;120;25776;2596
0;120;25776;2596
0;120;25776;4828
0;120;25776;2596
0;120;25776;2596
0;120;25776;2596
0;120;25776;2596
0;120;25776;4828
0;120;25776;2596
0;120;25776;2596
0;120;25776;2596
0;120;25776;4828
0;120;25776;2596
0;120;25776;2596
0;120;25776;2596
0;120;25776;2596
0;120;25776;2596
0;120;25776;2596
0;120;25776;2596
0;120;25776;2596
0;120;25776;2596
0;120;25776;2596
0;120;25776;2596
0;120;25776;2596
0;120;25776;2596
0;120;25776;4828
0;120;25776;2596
0;120;25776;2596
0;120;25776;2596
0;120;25776;4836
0;120;25776;2596
0;120;25776;2596
0;120;25776;2596
0;120;25776;4828
0;120;25776;4828
0;120;25776;2596
0;120;25776;2596
0;120;25776;4828
0;120;25776;2596
0;120;25776;4828
0;120;25776;2596
0;120;25776;2596
0;120;25776;2596
0;120;25776;4828
0;120;25776;2596
0;120;25776;4828
0;120;25776;2596
0;120;25776;2596
0;120;25776;2596
0;120;25776;4828
0;120;25776;2596
0;120;25776;2596
0;120;25776;2596
0;120;25776;2596
0;120;25776;4828
0;120;25776;2596
0;120;25776;2596
0;120;25776;2596
0;120;25776;2596
0;120;25776;2596
0;120;25776;2596
0;120;25776;2596
0;120;25776;2596
0;120;25776;2596
0;120;25776;2596
0;120;25776;2596
0;120;25776;2596
0;120;25776;2596
0;120;25776;2596
0;120;25776;2596
0;120;25776;4832
0;120;25776;2596
0;120;25776;2596
0;120;25776;2596
0;120;25776;2596
0;120;25776;2596
0;120;25776;4832
0;120;25776;2596
0;120;25776;2596
0;120;25776;2596
0;120;25776;2596
0;120;25776;2596
0;120;25776;2596
0;120;25776;2596
0;120;25776;2596
0;120;25776;2596
0;120;25776;2596
0;120;25776;2596
0;120;25776;2596
0;120;25776;4832
0;120;25776;2596
0;120;25776;2596
0;120;27576;2868
0;120;27576;2868
0;120;27576;2868
0;120;27576;2868
0;120;27576;2868
0;120;27576;2868
0;120;27576;2868
0;120;27576;2868
0;120;27576;2868
0;120;27576;2868
0;120;27576;2868
0;120;27576;2868
0;120;27576;2868
0;120;27576;5104
0;120;27576;5100
0;120;27576;2868
0;120;27576;2868
0;120;27576;5104
0;120;27576;5100
0;120;27576;2868
0;120;27576;5100
0;120;27576;2868
0;120;27576;2868
0;120;27576;2868
0;120;27576;5100
0;120;27576;2868
0;120;27576;2868
0;120;27576;2868
0;120;27576;5104
0;120;27576;5104
0;120;27576;2868
0;120;27576;2868
0;120;27576;2868
0;120;27576;2868
0;120;27576;2868
0;120;27576;2868
0;120;27576;2868
0;120;27576;2868
0;120;27576;2868
0;120;27576;2868
0;120;27576;2868
0;120;27576;2868
0;120;27576;2868
0;120;27576;2868
0;120;27576;2868
0;120;27576;2868
0;120;27576;2868
0;120;27576;2868
0;120;27576;2868
0;120;27576;2868
0;120;27576;2868
0;120;27576;2868
0;120;27576;2868
0;120;27576;2868
0;120;27576;5100
0;120;27576;2868
0;120;27576;2868
0;120;27576;2868
0;120;27576;5100
0;120;27576;2868
0;120;27576;2868
0;120;27576;2868
0;120;27576;2868
0;120;27576;2868
0;120;27576;2868
0;120;27576;2868
0;120;27576;5104
0;120;27576;2868
0;120;27576;2868
0;120;27576;5100
0;120;27576;5100
0;120;27576;2868
0;120;27576;2868
0;120;27576;2868
0;120;27576;2868
0;120;27576;2868
0;120;27576;2868
0;120;27576;5100
0;120;27576;2868
0;120;27576;2868
0;120;27576;2868
0;120;27576;2868
0;120;27576;2868
0;120;27576;2868
0;120;27576;2868
0;120;27576;2868
0;120;27576;5108
0;120;27576;2868
0;120;27576;2868
0;120;27576;2868
0;120;27576;5108
0;120;27576;2868
0;120;27576;2868
0;120;27576;2868
0;120;27576;2868
0;120;27576;5100
0;120;27576;5100
0;120;27576;2868
0;120;27576;2868
0;120;27576;2868
0;120;29400;3140
0;120;29400;3140
0;120;29400;5372
0;120;29400;3140
0;120;29400;3140
0;120;29400;3140
0;120;29400;3140
0;120;29400;3140
0;120;29400;3140
0;120;29400;3140
0;120;29400;3140
0;120;29400;3140
0;120;29400;3140
0;120;29400;3140
0;120;29400;3140
0;120;29400;3140
0;120;29400;3140
0;120;29400;3140
0;120;29400;3140
0;120;29400;3140
0;120;29400;3140
0;120;29400;3140
0;120;29400;5372
0;120;29400;3140
0;120;29400;5372
0;120;29400;3140
0;120;29400;5372
0;120;29400;3140
0;120;29400;3140
0;120;29400;5376
0;120;29400;3140
0;120;29400;3140
0;120;29400;3140
0;120;29400;3140
0;120;29400;3140
0;120;29400;3140
0;120;29400;3140
0;120;29400;3140
0;120;29400;3140
0;120;29400;3140
0;120;29400;5372
0;120;29400;3140
0;120;29400;3140
0;120;29400;5372
0;120;29400;5372
0;120;29400;3140
0;120;29400;3140
0;120;29400;3140
0;120;29400;3140
0;120;29400;3140
0;120;29400;5372
0;120;29400;3140
0;120;29400;3140
0;120;29400;3140
0;120;29400;3140
0;120;29400;3140
0;120;29400;3140
0;120;29400;3140
0;120;29400;3140
0;120;29400;3140
0;120;29400;3140
0;120;29400;3140
0;120;29400;5380
0;120;29400;3140
0;120;29400;3140
0;120;29400;3140
0;120;29400;3140
0;120;29400;3140
0;120;29400;3140
0;120;29400;3140
0;120;29400;3140
0;120;29400;3140
0;120;29400;3140
0;120;29400;5380
0;120;29400;3140
0;120;29400;3140
0;120;29400;5372
0;120;29400;3140
0;120;29400;3140
0;120;29400;3140
0;120;29400;3140
0;120;29400;3140
0;120;29400;5380
0;120;29400;3140
0;120;29400;5372
0;120;29400;3140
0;120;29400;5376
0;120;29400;3140
0;120;29400;3140
0;120;29400;3140
0;120;29400;3140
0;120;29400;5376
0;120;29400;5372
0;120;29400;3140
0;120;29400;3140
0;120;29400;3140
0;120;29400;5372
0;120;29400;3140
0;120;29400;3140
0;120;29400;3140
0;120;31200;5648
0;120;31200;3416
0;120;31200;3416
0;120;31200;5652
0;120;31200;3416
0;120;31200;3416
0;120;31200;3416
0;120;31200;5648
0;120;31200;3416
0;120;31200;3416
0;120;31200;3416
0;120;31200;3416
0;120;31200;3416
0;120;31200;3416
0;120;31200;3416
0;120;31200;3416
0;120;31200;3416
0;120;31200;3416
0;120;31200;3416
0;120;31200;3416
0;120;31200;3416
0;120;31200;5656
0;120;31200;3416
0;120;31200;3416
0;120;31200;3416
0;120;31200;3416
0;120;31200;3416
0;120;31200;3416
0;120;31200;3416
0;120;31200;5648
0;120;31200;3416
0;120;31200;3416
0;120;31200;3416
0;120;31200;5656
0;120;31200;3416
0;120;31200;5648
0;120;31200;3416
0;120;31200;3416
0;120;31200;3416
0;120;31200;3416
0;120;31200;3416
0;120;31200;5652
0;120;31200;3416
0;120;31200;5648
0;120;31200;3416
0;120;31200;5652
0;120;31200;3416
0;120;31200;3416
0;120;31200;3416
0;120;31200;3416
0;120;31200;3416
0;120;31200;5648
0;120;31200;3416
0;120;31200;5652
0;120;31200;3416
0;120;31200;3416
0;120;31200;3416
0;120;31200;3416
0;120;31200;3416
0;120;31200;3416
0;120;31200;3416
0;120;31200;3416
0;120;31200;3416
0;120;31200;3416
0;120;31200;3416
0;120;31200;3416
0;120;31200;3416
0;120;31200;3416
0;120;31200;3416
0;120;31200;3416
0;120;31200;5648
0;120;31200;3416
0;120;31200;3416
0;120;31200;3416
0;120;31200;3416
0;120;31200;3416
0;120;31200;3416
0;120;31200;3416
0;120;31200;3416
0;120;31200;3416
0;120;31200;3416
0;120;31200;3416
0;120;31200;5652
0;120;31200;3416
0;120;31200;3416
0;120;31200;3416
0;120;31200;5648
0;120;31200;3416
0;120;31200;3416
0;120;31200;3416
0;120;31200;3416
0;120;31200;3416
0;120;31200;3416
0;120;31200;5648
0;120;31200;3416
0;120;31200;3416
0;120;31200;3416
0;120;31200;3416
0;120;31200;3416
0;120;31200;3416
0;120;47784;8904
0;120;47784;8904
0;120;47784;4480
0;120;47784;4480
0;120;47784;4480
0;120;47784;4480
0;120;47784;8896
0;120;47784;4480
0;120;47784;8904
0;120;47784;4480
0;120;47784;8904
0;120;47784;4480
0;120;47784;4480
0;120;47784;8904
0;120;47784;4480
0;120;47784;4480
0;120;47784;4480
0;120;47784;4480
0;120;47784;4480
0;120;47784;4480
0;120;47784;8896
0;120;47784;4480
0;120;47784;4480
0;120;47784;4480
0;120;47784;4480
0;120;47784;4480
0;120;47784;4480
0;120;47784;4480
0;120;47784;4480
0;120;47784;4480
0;120;47784;4480
0;120;47784;8904
0;120;47784;4480
0;120;47784;4480
0;120;47784;4480
0;120;47784;8904
0;120;47784;4480
0;120;47784;4480
0;120;47784;4480
0;120;47784;4480
0;120;47784;4480
0;120;47784;4480
0;120;47784;4480
0;120;47784;4480
0;120;47784;8904
0;120;47784;4480
0;120;47784;4480
0;120;47784;4480
0;120;47784;4480
0;120;47784;4480
0;120;47784;4480
0;120;47784;4480
0;120;47784;8904
0;120;47784;4480
0;120;47784;4480
0;120;47784;4480
0;120;47784;4480
0;120;47784;4480
0;120;47784;4480
0;120;47784;4480
0;120;47784;4480
0;120;47784;4480
0;120;47784;4480
0;120;47784;4480
0;120;47784;4480
0;120;47784;4480
0;120;47784;4480
0;120;47784;4480
0;120;47784;4480
0;120;47784;4480
0;120;47784;8904
0;120;47784;4480
0;120;47784;4480
0;120;47784;4480
0;120;47784;4480
0;120;47784;8896
0;120;47784;4480
0;120;47784;4480
0;120;47784;8904
0;120;47784;4480
0;120;47784;4480
0;120;47784;4480
0;120;47784;4480
0;120;47784;4480
0;120;47784;4480
0;120;47784;4480
0;120;47784;4480
0;120;47784;8896
0;120;47784;4480
0;120;47784;4480
0;120;47784;4480
0;120;47784;4480
0;120;47784;4480
0;120;47784;4480
0;120;47784;4480
0;120;47784;4480
0;120;47784;4480
0;120;47784;4480
0;120;47784;4480
0;120;47784;8904
0;120;51384;5052
0;120;51384;5052
0;120;51384;5052
0;120;51384;5052
0;120;51384;5052
0;120;51384;5052
0;120;51384;5052
0;120;51384;5052
0;120;51384;5052
0;120;51384;9476
0;120;51384;5052
0;120;51384;5052
0;120;51384;5052
0;120;51384;5052
0;120;51384;5052
0;120;51384;5052
0;120;51384;5052
0;120;51384;9476
0;120;51384;5052
0;120;51384;9476
0;120;51384;5052
0;120;51384;5052
0;120;51384;5052
0;120;51384;5052
0;120;51384;5052
0;120;51384;5052
0;120;51384;5052
0;120;51384;9476
0;120;51384;5052
0;120;51384;5052
0;120;51384;5052
0;120;51384;5052
0;120;51384;9476
0;120;51384;5052
0;120;51384;5052
0;120;51384;5052
0;120;51384;5052
0;120;51384;5052
0;120;51384;5052
0;120;51384;9472
0;120;51384;5052
0;120;51384;5052
0;120;51384;5052
0;120;51384;5052
0;120;51384;5052
0;120;51384;5052
0;120;51384;5052
0;120;51384;5052
0;120;51384;5052
0;120;51384;5052
0;120;51384;5052
0;120;51384;5052
0;120;51384;9476
0;120;51384;5052
0;120;51384;5052
0;120;51384;5052
0;120;51384;5052
0;120;51384;5052
0;120;51384;5052
0;120;51384;5052
0;120;51384;5052
0;120;51384;9476
0;120;51384;5052
0;120;51384;5052
0;120;51384;5052
0;120;51384;5052
0;120;51384;5052
0;120;51384;5052
0;120;51384;5052
0;120;51384;5052
0;120;51384;9476
0;120;51384;5052
0;120;51384;5052
0;120;51384;5052
0;120;51384;5052
0;120;51384;5052
0;120;51384;9476
0;120;51384;9476
0;120;51384;5052
0;120;51384;5052
0;120;51384;5052
0;120;51384;5052
0;120;51384;9476
0;120;51384;5052
0;120;51384;5052
0;120;51384;9476
0;120;51384;5052
0;120;51384;5052
0;120;51384;9468
0;120;51384;5052
0;120;51384;5052
0;120;51384;5052
0;120;51384;5052
0;120;51384;5052
0;120;51384;5052
0;120;51384;9476
0;120;51384;5052
0;120;51384;5052
0;120;51384;5052
0;120;51384;5052
0;120;55008;5600
0;120;55008;5600
0;120;55008;5600
0;120;55008;5600
0;120;55008;5600
0;120;55008;5600
0;120;55008;5600
0;120;55008;10024
0;120;55008;5600
0;120;55008;5600
0;120;55008;10024
0;120;55008;5600
0;120;55008;5600
0;120;55008;10024
0;120;55008;10024
0;120;55008;5600
0;120;55008;5600
0;120;55008;5600
0;120;55008;5600
0;120;55008;5600
0;120;55008;5600
0;120;55008;5600
0;120;55008;5600
0;120;55008;10024
0;120;55008;5600
0;120;55008;5600
0;120;55008;5600
0;120;55008;10024
0;120;55008;5600
0;120;55008;10024
0;120;55008;5600
0;120;55008;5600
0;120;55008;5600
0;120;55008;5600
0;120;55008;5600
0;120;55008;5600
0;120;55008;5600
0;120;55008;5600
0;120;55008;10024
0;120;55008;10024
0;120;55008;5600
0;120;55008;5600
0;120;55008;5600
0;120;55008;5600
0;120;55008;5600
0;120;55008;5600
0;120;55008;5600
0;120;55008;5600
0;120;55008;5600
0;120;55008;5600
0;120;55008;5600
0;120;55008;5600
0;120;55008;5600
0;120;55008;10024
0;120;55008;5600
0;120;55008;10024
0;120;55008;5600
0;120;55008;5600
0;120;55008;5600
0;120;55008;5600
0;120;55008;5600
0;120;55008;5600
0;120;55008;10024
0;120;55008;5600
0;120;55008;5600
0;120;55008;10024
0;120;55008;10024
0;120;55008;5600
0;120;55008;5600
0;120;55008;5600
0;120;55008;5600
0;120;55008;10024
0;120;55008;5600
0;120;55008;5600
0;120;55008;5600
0;120;55008;5600
0;120;55008;5600
0;120;55008;5600
0;120;55008;5600
0;120;55008;5600
0;120;55008;5600
0;120;55008;10024
0;120;55008;5600
0;120;55008;5600
0;120;55008;10024
0;120;55008;5600
0;120;55008;5600
0;120;55008;5600
0;120;55008;5600
0;120;55008;5600
0;120;55008;5600
0;120;55008;10024
0;120;55008;5600
0;120;55008;5600
0;120;55008;5600
0;120;55008;5600
0;120;55008;5600
0;120;55008;5600
0;120;55008;5600
0;120;55008;5600
0;120;58632;10568
0;120;58632;6144
0;120;58632;6144
0;120;58632;6144
0;120;58632;6144
0;120;58632;6144
0;120;58632;6144
0;120;58632;6144
0;120;58632;6144
0;120;58632;6144
0;120;58632;6144
0;120;58632;6144
0;120;58632;6144
0;120;58632;6144
0;120;58632;6144
0;120;58632;10568
0;120;58632;6144
0;120;58632;6144
0;120;58632;6144
0;120;58632;10568
0;120;58632;10560
0;120;58632;6144
0;120;58632;6144
0;120;58632;6144
0;120;58632;6144
0;120;58632;6144
0;120;58632;6144
0;120;58632;6144
0;120;58632;6144
0;120;58632;6144
0;120;58632;10568
0;120;58632;6144
0;120;58632;10568
0;120;58632;6144
0;120;58632;6144
0;120;58632;6144
0;120;58632;10568
0;120;58632;10568
0;120;58632;6144
0;120;58632;6144
0;120;58632;6144
0;120;58632;6144
0;120;58632;10560
0;120;58632;6144
0;120;58632;6144
0;120;58632;6144
0;120;58632;10568
0;120;58632;6144
0;120;58632;6144
0;120;58632;10568
0;120;58632;6144
0;120;58632;6144
0;120;58632;6144
0;120;58632;6144
0;120;58632;6144
0;120;58632;10568
0;120;58632;6144
0;120;58632;6144
0;120;58632;6144
0;120;58632;6144
0;120;58632;6144
0;120;58632;6144
0;120;58632;10568
0;120;58632;6144
0;120;58632;6144
0;120;58632;6144
0;120;58632;6144
0;120;58632;6144
0;120;58632;6144
0;120;58632;6144
0;120;58632;6144
0;120;58632;6144
0;120;58632;6144
0;120;58632;6144
0;120;58632;6144
0;120;58632;6144
0;120;58632;6144
0;120;58632;10568
0;120;58632;10568
0;120;58632;6144
0;120;58632;6144
0;120;58632;6144
0;120;58632;6144
0;120;58632;6144
0;120;58632;6144
0;120;58632;6144
0;120;58632;10568
0;120;58632;6144
0;120;58632;6144
0;120;58632;6144
0;120;58632;10568
0;120;58632;6144
0;120;58632;6144
0;120;58632;6144
0;120;58632;6144
0;120;58632;6144
0;120;58632;10568
0;120;58632;6144
0;120;58632;6144
0;120;58632;10568
0;120;62232;6692
0;120;62232;6692
0;120;62232;11108
0;120;62232;11116
0;120;62232;6692
0;120;62232;6692
0;120;62232;6692
0;120;62232;6692
0;120;62232;11116
0;120;62232;6692
0;120;62232;6692
0;120;62232;11112
0;120;62232;11116
0;120;62232;6692
0;120;62232;6692
0;120;62232;6692
0;120;62232;6692
0;120;62232;6692
0;120;62232;6692
0;120;62232;6692
0;120;62232;11116
0;120;62232;6692
0;120;62232;6692
0;120;62232;6692
0;120;62232;6692
0;120;62232;6692
0;120;62232;6692
0;120;62232;6692
0;120;62232;6692
0;120;62232;6692
0;120;62232;6692
0;120;62232;6692
0;120;62232;6692
0;120;62232;6692
0;120;62232;6692
0;120;62232;11116
0;120;62232;6692
0;120;62232;6692
0;120;62232;11116
0;120;62232;11116
0;120;62232;6692
0;120;62232;6692
0;120;62232;6692
0;120;62232;6692
0;120;62232;11116
0;120;62232;11116
0;120;62232;6692
0;120;62232;6692
0;120;62232;6692
0;120;62232;6692
0;120;62232;6692
0;120;62232;11116
0;120;62232;6692
0;120;62232;6692
0;120;62232;6692
0;120;62232;11116
0;120;62232;6692
0;120;62232;6692
0;120;62232;6692
0;120;62232;6692
0;120;62232;6692
0;120;62232;6692
0;120;62232;6692
0;120;62232;6692
0;120;62232;11116
0;120;62232;6692
0;120;62232;6692
0;120;62232;6692
0;120;62232;6692
0;120;62232;6692
0;120;62232;6692
0;120;62232;6692
0;120;62232;6692
0;120;62232;6692
0;120;62232;6692
0;120;62232;11116
0;120;62232;6692
0;120;62232;6692
0;120;62232;6692
0;120;62232;11116
0;120;62232;6692
0;120;62232;6692
0;120;62232;6692
0;120;62232;6692
0;120;62232;6692
0;120;62232;11108
0;120;62232;11116
0;120;62232;11108
0;120;62232;6692
0;120;62232;6692
0;120;62232;11108
0;120;62232;6692
0;120;62232;6692
0;120;62232;6692
0;120;62232;6692
0;120;62232;6692
0;120;62232;6692
0;120;62232;6692
0;120;62232;6692
0;120;62232;6692
0;120;95400;17640
0;120;95400;8848
0;120;95400;8848
0;120;95400;8848
0;120;95400;8848
0;120;95400;8848
0;120;95400;8848
0;120;95400;8848
0;120;95400;8848
0;120;95400;8848
0;120;95400;8848
0;120;95400;8848
0;120;95400;8848
0;120;95400;8848
0;120;95400;17640
0;120;95400;17640
0;120;95400;8848
0;120;95400;8848
0;120;95400;8848
0;120;95400;17640
0;120;95400;8848
0;120;95400;8848
0;120;95400;8848
0;120;95400;8848
0;120;95400;8848
0;120;95400;8848
0;120;95400;8848
0;120;95400;8848
0;120;95400;8848
0;120;95400;8848
0;120;95400;8848
0;120;95400;22036
0;120;95400;8848
0;120;95400;8848
0;120;95400;8848
0;120;95400;8848
0;120;95400;8848
0;120;95400;17640
0;120;95400;8848
0;120;95400;17640
0;120;95400;8848
0;120;95400;8848
0;120;95400;17640
0;120;95400;8848
0;120;95400;8848
0;120;95400;8848
0;120;95400;8848
0;120;95400;8848
0;120;95400;8848
0;120;95400;8848
0;120;95400;8848
0;120;95400;8848
0;120;95400;8848
0;120;95400;8848
0;120;95400;8848
0;120;95400;8848
0;120;95400;8848
0;120;95400;8848
0;120;95400;17640
0;120;95400;8848
0;120;95400;8848
0;120;95400;17640
0;120;95400;8848
0;120;95400;8848
0;120;95400;8848
0;120;95400;8848
0;120;95400;8848
0;120;95400;8848
0;120;95400;8848
0;120;95400;8848
0;120;95400;17640
0;120;95400;17640
0;120;95400;17632
0;120;95400;8848
0;120;95400;8848
0;120;95400;8848
0;120;95400;8848
0;120;95400;8848
0;120;95400;8848
0;120;95400;8848
0;120;95400;8848
0;120;95400;17640
0;120;95400;8848
0;120;95400;8848
0;120;95400;8848
0;120;95400;17640
0;120;95400;8848
0;120;95400;17640
0;120;95400;8848
0;120;95400;8848
0;120;95400;8848
0;120;95400;8848
0;120;95400;8848
0;120;95400;8848
0;120;95400;8848
0;120;95400;8848
0;120;95400;17640
0;120;95400;8848
0;120;95400;8848
0;120;95400;8848
0;120;102624;9968
0;120;102624;18760
0;120;102624;9968
0;120;102624;9968
0;120;102624;9968
0;120;102624;9968
0;120;102624;9968
0;120;102624;9968
0;120;102624;9968
0;120;102624;9968
0;120;102624;9968
0;120;102624;9968
0;120;102624;9968
0;120;102624;9968
0;120;102624;9968
0;120;102624;9968
0;120;102624;18760
0;120;102624;9968
0;120;102624;9968
0;120;102624;9968
0;120;102624;9968
0;120;102624;9968
0;120;102624;9968
0;120;102624;9968
0;120;102624;9968
0;120;102624;18760
0;120;102624;9968
0;120;102624;9968
0;120;102624;9968
0;120;102624;18760
0;120;102624;9968
0;120;102624;9968
0;120;102624;9968
0;120;102624;18760
0;120;102624;9968
0;120;102624;9968
0;120;102624;18760
0;120;102624;18760
0;120;102624;18760
0;120;102624;18760
0;120;102624;9968
0;120;102624;9968
0;120;102624;9968
0;120;102624;9968
0;120;102624;9968
0;120;102624;9968
0;120;102624;9968
0;120;102624;9968
0;120;102624;18760
0;120;102624;9968
0;120;102624;9968
0;120;102624;18760
0;120;102624;9968
0;120;102624;9968
0;120;102624;9968
0;120;102624;9968
0;120;102624;9968
0;120;102624;9968
0;120;102624;9968
0;120;102624;18760
0;120;102624;9968
0;120;102624;9968
0;120;102624;9968
0;120;102624;9968
0;120;102624;9968
0;120;102624;9968
0;120;102624;18760
0;120;102624;9968
0;120;102624;9968
0;120;102624;9968
0;120;102624;9968
0;120;102624;18760
0;120;102624;9968
0;120;102624;9968
0;120;102624;9968
0;120;102624;9968
0;120;102624;9968
0;120;102624;18760
0;120;102624;9968
0;120;102624;9968
0;120;102624;9968
0;120;102624;9968
0;120;102624;9968
0;120;102624;18760
0;120;102624;9968
0;120;102624;9968
0;120;102624;9968
0;120;102624;9968
0;120;102624;9968
0;120;102624;18760
0;120;102624;9968
0;120;102624;9968
0;120;102624;9968
0;120;102624;9968
0;120;102624;9968
0;120;102624;9968
0;120;102624;18760
0;120;102624;9968
0;120;102624;18760
0;120;102624;9968
0;120;354656;11060
0;120;354656;19852
0;120;354656;11060
0;120;354656;11060
0;120;354656;11060
0;120;354656;19852
0;120;354656;11060
0;120;354656;11060
0;120;354656;11060
0;120;354656;11060
0;120;354656;11060
0;120;354656;11060
0;120;354656;11060
0;120;354656;19852
0;120;354656;11060
0;120;354656;11060
0;120;354656;11060
0;120;354656;11060
0;120;354656;19852
0;120;354656;11060
0;120;354656;11060
0;120;354656;11060
0;120;354656;11060
0;120;354656;11060
0;120;354656;11060
0;120;354656;11060
0;120;354656;11060
0;120;354656;19852
0;120;354656;11060
0;120;354656;19852
0;120;354656;11060
0;120;354656;11060
0;120;354656;11060
0;120;354656;11060
0;120;354656;11060
0;120;354656;11060
0;120;354656;19852
0;120;354656;11060
0;120;354656;11060
0;120;354656;11060
0;120;354656;11060
0;120;354656;11060
0;120;354656;11060
0;120;354656;19852
0;120;354656;19852
0;120;354656;11060
0;120;354656;11060
0;120;354656;11060
0;120;354656;11060
0;120;354656;11060
0;120;354656;11060
0;120;354656;11060
0;120;354656;11060
0;120;354656;11060
0;120;354656;19852
0;120;354656;11060
0;120;354656;11060
0;120;354656;11060
0;120;354656;11060
0;120;354656;11060
0;120;354656;11060
0;120;354656;11060
0;120;354656;11060
0;120;354656;11060
0;120;354656;11060
0;120;354656;11060
0;120;354656;11060
0;120;354656;11060
0;120;354656;19852
0;120;354656;11060
0;120;354656;11060
0;120;354656;11060
0;120;354656;11060
0;120;354656;11060
0;120;354656;19852
0;120;354656;11060
0;120;354656;11060
0;120;354656;11060
0;120;354656;11060
0;120;354656;11060
0;120;354656;19852
0;120;354656;11060
0;120;354656;19852
0;120;354656;11060
0;120;354656;11060
0;120;354656;19852
0;120;354656;11060
0;120;354656;11060
0;120;354656;11060
0;120;354656;19852
0;120;354656;19852
0;120;354656;11060
0;120;354656;11060
0;120;354656;19852
0;120;354656;11060
0;120;354656;11060
0;120;354656;19852
0;120;354656;11060
0;120;354656;11060
0;120;354656;11060
0;120;487800;12152
0;120;487800;12152
0;120;487800;12152
0;120;487800;12152
0;120;487800;20944
0;120;487800;12152
0;120;487800;12152
0;120;487800;12152
0;120;487800;12152
0;120;487800;12152
0;120;487800;12152
0;120;487800;12152
0;120;487800;12152
0;120;487800;20944
0;120;487800;12152
0;120;487800;12152
0;120;487800;12152
0;120;487800;20944
0;120;487800;12152
0;120;487800;12152
0;120;487800;12152
0;120;487800;12152
0;120;487800;12152
0;120;487800;12152
0;120;487800;12152
0;120;487800;12152
0;120;487800;12152
0;120;487800;12152
0;120;487800;12152
0;120;487800;12152
0;120;487800;12152
0;120;487800;12152
0;120;487800;12152
0;120;487800;12152
0;120;487800;12152
0;120;487800;12152
0;120;487800;12152
0;120;487800;20944
0;120;487800;12152
0;120;487800;12152
0;120;487800;12152
0;120;487800;20944
0;120;487800;12152
0;120;487800;12152
0;120;487800;12152
0;120;487800;20944
0;120;487800;12152
0;120;487800;12152
0;120;487800;12152
0;120;487800;12152
0;120;487800;12152
0;120;487800;12152
0;120;487800;12152
0;120;487800;20944
0;120;487800;12152
0;120;487800;12152
0;120;487800;12152
0;120;487800;12152
0;120;487800;20944
0;120;487800;20944
0;120;487800;12152
0;120;487800;12152
0;120;487800;12152
0;120;487800;20944
0;120;487800;12152
0;120;487800;12152
0;120;487800;12152
0;120;487800;12152
0;120;487800;12152
0;120;487800;12152
0;120;487800;20944
0;120;487800;20944
0;120;487800;12152
0;120;487800;12152
0;120;487800;12152
0;120;487800;20944
0;120;487800;12152
0;120;487800;12152
0;120;487800;12152
0;120;487800;12152
0;120;487800;20944
0;120;487800;12152
0;120;487800;20944
0;120;487800;12152
0;120;487800;12152
0;120;487800;12152
0;120;487800;12152
0;120;487800;12152
0;120;487800;12152
0;120;487800;12152
0;120;487800;12152
0;120;487800;20944
0;120;487800;12152
0;120;487800;20944
0;120;487800;12152
0;120;487800;12152
0;120;487800;12152
0;120;487800;20944
0;120;487800;12152
0;120;487800;12152
0;120;490208;13244
0;120;490208;22036
0;120;490208;22036
0;120;490208;13244
0;120;490208;13244
0;120;490208;22036
0;120;490208;13244
0;120;490208;13244
0;120;490208;13244
0;120;490208;22036
0;120;490208;13244
0;120;490208;13244
0;120;490208;13244
0;120;490208;22036
0;120;490208;13244
0;120;490208;13244
0;120;490208;13244
0;120;490208;22036
0;120;490208;13244
0;120;490208;13244
0;120;490208;22036
0;120;490208;22036
0;120;490208;13244
0;120;490208;13244
0;120;490208;13244
0;120;490208;13244
0;120;490208;22036
0;120;490208;13244
0;120;490208;13244
0;120;490208;13244
0;120;490208;13244
0;120;490208;13244
0;120;490208;13244
0;120;490208;22036
0;120;490208;13244
0;120;490208;13244
0;120;490208;13244
0;120;490208;13244
0;120;490208;13244
0;120;490208;13244
0;120;490208;13244
0;120;490208;13244
0;120;490208;13244
0;120;490208;13244
0;120;490208;13244
0;120;490208;13244
0;120;490208;13244
0;120;490208;13244
0;120;490208;13244
0;120;490208;13244
0;120;490208;13244
0;120;490208;13244
0;120;490208;13244
0;120;490208;13244
0;120;490208;22036
0;120;490208;13244
0;120;490208;13244
0;120;490208;22036
0;120;490208;13244
0;120;490208;22036
0;120;490208;13244
0;120;490208;13244
0;120;490208;13244
0;120;490208;13244
0;120;490208;13244
0;120;490208;13244
0;120;490208;13244
0;120;490208;13244
0;120;490208;13244
0;120;490208;22036
0;120;490208;13244
0;120;490208;13244
0;120;490208;13244
0;120;490208;13244
0;120;490208;22036
0;120;490208;22036
0;120;490208;13244
0;120;490208;13244
0;120;490208;13244
0;120;490208;13244
0;120;490208;22036
0;120;490208;13244
0;120;490208;13244
0;120;490208;13244
0;120;490208;13244
0;120;490208;22036
0;120;490208;13244
0;120;490208;13244
0;120;490208;13244
0;120;490208;13244
0;120;490208;13244
0;120;490208;13244
0;120;490208;13244
0;120;490208;13244
0;120;490208;22036
0;120;490208;13244
0;120;490208;13244
0;120;490208;13244
0;120;490208;13244
0;120;490208;13244
0;120;698824;17584
0;120;698824;17584
0;120;698824;17584
0;120;698824;17584
0;120;698824;17584
0;120;698824;35112
0;120;698824;17584
0;120;698824;17584
0;120;698824;17584
0;120;698824;17584
0;120;698824;35112
0;120;698824;17584
0;120;698824;17584
0;120;698824;17584
0;120;698824;17584
0;120;698824;17584
0;120;698824;26348
0;120;698824;35112
0;120;698824;17584
0;120;698824;17584
0;120;698824;17584
0;120;698824;17584
0;120;698824;17584
0;120;698824;17584
0;120;698824;17584
0;120;698824;17584
0;120;698824;35112
0;120;698824;17584
0;120;698824;17584
0;120;698824;17584
0;120;698824;17584
0;120;698824;17584
0;120;698824;35112
0;120;698824;17584
0;120;698824;17584
0;120;698824;17584
0;120;698824;17584
0;120;698824;17584
0;120;698824;35112
0;120;698824;17584
0;120;698824;17584
0;120;698824;17584
0;120;698824;35112
0;120;698824;17584
0;120;698824;17584
0;120;698824;17584
0;120;698824;35112
0;120;698824;17584
0;120;698824;35112
0;120;698824;17584
0;120;698824;17584
0;120;698824;35112
0;120;698824;17584
0;120;698824;17584
0;120;698824;17584
0;120;698824;17584
0;120;698824;17584
0;120;698824;17584
0;120;698824;17584
0;120;698824;35112
0;120;698824;17584
0;120;698824;35112
0;120;698824;35112
0;120;698824;35112
0;120;698824;17584
0;120;698824;17584
0;120;698824;17584
0;120;698824;17584
0;120;698824;17584
0;120;698824;17584
0;120;698824;17584
0;120;698824;17584
0;120;698824;17584
0;120;698824;17584
0;120;698824;17584
0;120;698824;17584
0;120;698824;17584
0;120;698824;17584
0;120;698824;17584
0;120;698824;17584
0;120;698824;17584
0;120;698824;17584
0;120;698824;17584
0;120;698824;35112
0;120;698824;17584
0;120;698824;35112
0;120;698824;17584
0;120;698824;35112
0;120;698824;17584
0;120;698824;17584
0;120;698824;17584
0;120;698824;17584
0;120;698824;35112
0;120;698824;17584
0;120;698824;35112
0;120;698824;17584
0;120;698824;17584
0;120;698824;17584
0;120;698824;35112
0;120;698824;35112
0;120;703648;19796
0;120;703648;19796
0;120;703648;19796
0;120;703648;19796
0;120;703648;19796
0;120;703648;37324
0;120;703648;19796
0;120;703648;19796
0;120;703648;19796
0;120;703648;19796
0;120;703648;19796
0;120;703648;19796
0;120;703648;19796
0;120;703648;19796
0;120;703648;19796
0;120;703648;19796
0;120;703648;19796
0;120;703648;19796
0;120;703648;19796
0;120;703648;19796
0;120;703648;19796
0;120;703648;19796
0;120;703648;19796
0;120;703648;19796
0;120;703648;19796
0;120;703648;19796
0;120;703648;37324
0;120;703648;37324
0;120;703648;19796
0;120;703648;19796
0;120;703648;19796
0;120;703648;37324
0;120;703648;19796
0;120;703648;19796
0;120;703648;19796
0;120;703648;19796
0;120;703648;19796
0;120;703648;19796
0;120;703648;37324
0;120;703648;19796
0;120;703648;19796
0;120;703648;37324
0;120;703648;37324
0;120;703648;37324
0;120;703648;19796
0;120;703648;19796
0;120;703648;19796
0;120;703648;19796
0;120;703648;19796
0;120;703648;19796
0;120;703648;19796
0;120;703648;19796
0;120;703648;19796
0;120;703648;19796
0;120;703648;19796
0;120;703648;19796
0;120;703648;19796
0;120;703648;19796
0;120;703648;19796
0;120;703648;19796
0;120;703648;19796
0;120;703648;19796
0;120;703648;19796
0;120;703648;37324
0;120;703648;19796
0;120;703648;19796
0;120;703648;19796
0;120;703648;37324
0;120;703648;19796
0;120;703648;19796
0;120;703648;19796
0;120;703648;19796
0;120;703648;37324
0;120;703648;19796
0;120;703648;19796
0;120;703648;19796
0;120;703648;37324
0;120;703648;19796
0;120;703648;37324
0;120;703648;19796
0;120;703648;19796
0;120;703648;19796
0;120;703648;19796
0;120;703648;19796
0;120;703648;19796
0;120;703648;19796
0;120;703648;19796
0;120;703648;19796
0;120;703648;19796
0;120;703648;19796
0;120;703648;37324
0;120;703648;19796
0;120;703648;19796
0;120;703648;19796
0;120;703648;19796
0;120;703648;19796
0;120;703648;19796
0;120;703648;19796
0;120;703648;19796
0;120;703648;19796
0;120;708480;21980
0;120;708480;21980
0;120;708480;39508
0;120;708480;21980
0;120;708480;21980
0;120;708480;21980
0;120;708480;39508
0;120;708480;21980
0;120;708480;21980
0;120;708480;21980
0;120;708480;39508
0;120;708480;39508
0;120;708480;21980
0;120;708480;21980
0;120;708480;21980
0;120;708480;21980
0;120;708480;21980
0;120;708480;21980
0;120;708480;21980
0;120;708480;21980
0;120;708480;39508
0;120;708480;21980
0;120;708480;21980
0;120;708480;21980
0;120;708480;21980
0;120;708480;21980
0;120;708480;21980
0;120;708480;39508
0;120;708480;21980
0;120;708480;21980
0;120;708480;21980
0;120;708480;21980
0;120;708480;39508
0;120;708480;21980
0;120;708480;21980
0;120;708480;21980
0;120;708480;21980
0;120;708480;39508
0;120;708480;21980
0;120;708480;39508
0;120;708480;39508
0;120;708480;21980
0;120;708480;21980
0;120;708480;39508
0;120;708480;21980
0;120;708480;21980
0;120;708480;21980
0;120;708480;39508
0;120;708480;21980
0;120;708480;21980
0;120;708480;21980
0;120;708480;39508
0;120;708480;21980
0;120;708480;21980
0;120;708480;21980
0;120;708480;21980
0;120;708480;39508
0;120;708480;21980
0;120;708480;21980
0;120;708480;39508
0;120;708480;39508
0;120;708480;21980
0;120;708480;39508
0;120;708480;21980
0;120;708480;21980
0;120;708480;21980
0;120;708480;21980
0;120;708480;21980
0;120;708480;21980
0;120;708480;21980
0;120;708480;21980
0;120;708480;21980
0;120;708480;39508
0;120;708480;21980
0;120;708480;21980
0;120;708480;21980
0;120;708480;21980
0;120;708480;21980
0;120;708480;39508
0;120;708480;21980
0;120;708480;39508
0;120;708480;39508
0;120;708480;21980
0;120;708480;21980
0;120;708480;21980
0;120;708480;21980
0;120;708480;21980
0;120;708480;21980
0;120;708480;39508
0;120;708480;21980
0;120;708480;39508
0;120;708480;21980
0;120;708480;21980
0;120;708480;39508
0;120;708480;21980
0;120;708480;39508
0;120;708480;21980
0;120;708480;21980
0;120;708480;39508
0;120;708480;21980
0;120;975520;24164
0;120;975520;41692
0;120;975520;24164
0;120;975520;41692
0;120;975520;24164
0;120;975520;24164
0;120;975520;24164
0;120;975520;24164
0;120;975520;24164
0;120;975520;41692
0;120;975520;24164
0;120;975520;24164
0;120;975520;24164
0;120;975520;41692
0;120;975520;24164
0;120;975520;24164
0;120;975520;24164
0;120;975520;24164
0;120;975520;41692
0;120;975520;24164
0;120;975520;41692
0;120;975520;24164
0;120;975520;24164
0;120;975520;24164
0;120;975520;24164
0;120;975520;24164
0;120;975520;24164
0;120;975520;24164
0;120;975520;24164
0;120;975520;24164
0;120;975520;24164
0;120;975520;24164
0;120;975520;24164
0;120;975520;24164
0;120;975520;24164
0;120;975520;24164
0;120;975520;24164
0;120;975520;41692
0;120;975520;24164
0;120;975520;41692
0;120;975520;24164
0;120;975520;41692
0;120;975520;24164
0;120;975520;24164
0;120;975520;24164
0;120;975520;24164
0;120;975520;24164
0;120;975520;24164
0;120;975520;24164
0;120;975520;24164
0;120;975520;24164
0;120;975520;24164
0;120;975520;24164
0;120;975520;24164
0;120;975520;24164
0;120;975520;24164
0;120;975520;24164
0;120;975520;41692
0;120;975520;41692
0;120;975520;24164
0;120;975520;24164
0;120;975520;24164
0;120;975520;24164
0;120;975520;24164
0;120;975520;24164
0;120;975520;24164
0;120;975520;24164
0;120;975520;24164
0;120;975520;24164
0;120;975520;24164
0;120;975520;41692
0;120;975520;24164
0;120;975520;24164
0;120;975520;24164
0;120;975520;24164
0;120;975520;24164
0;120;975520;41692
0;120;975520;24164
0;120;975520;24164
0;120;975520;24164
0;120;975520;24164
0;120;975520;24164
0;120;975520;24164
0;120;975520;24164
0;120;975520;24164
0;120;975520;41692
0;120;975520;24164
0;120;975520;24164
0;120;975520;24164
0;120;975520;24164
0;120;975520;24164
0;120;975520;24164
0;120;975520;24164
0;120;975520;24164
0;120;975520;24164
0;120;975520;24164
0;120;975520;24164
0;120;975520;24164
0;120;975520;24164
0;120;975520;24164
0;120;980328;26348
0;120;980328;26348
0;120;980328;43876
0;120;980328;26348
0;120;980328;26348
0;120;980328;26348
0;120;980328;26348
0;120;980328;26348
0;120;980328;26348
0;120;980328;26348
0;120;980328;26348
0;120;980328;26348
0;120;980328;26348
0;120;980328;26348
0;120;980328;26348
0;120;980328;26348
0;120;980328;26348
0;120;980328;26348
0;120;980328;26348
0;120;980328;26348
0;120;980328;26348
0;120;980328;26348
0;120;980328;26348
0;120;980328;26348
0;120;980328;26348
0;120;980328;26348
0;120;980328;26348
0;120;980328;26348
0;120;980328;26348
0;120;980328;26348
0;120;980328;26348
0;120;980328;43876
0;120;980328;26348
0;120;980328;26348
0;120;980328;43876
0;120;980328;26348
0;120;980328;26348
0;120;980328;26348
0;120;980328;43876
0;120;980328;26348
0;120;980328;26348
0;120;980328;26348
0;120;980328;43876
0;120;980328;26348
0;120;980328;26348
0;120;980328;26348
0;120;980328;26348
0;120;980328;26348
0;120;980328;26348
0;120;980328;26348
0;120;980328;26348
0;120;980328;43876
0;120;980328;26348
0;120;980328;43876
0;120;980328;26348
0;120;980328;43876
0;120;980328;26348
0;120;980328;26348
0;120;980328;26348
0;120;980328;26348
0;120;980328;26348
0;120;980328;26348
0;120;980328;26348
0;120;980328;26348
0;120;980328;26348
0;120;980328;26348
0;120;980328;43876
0;120;980328;26348
0;120;980328;26348
0;120;980328;26348
0;120;980328;26348
0;120;980328;26348
0;120;980328;26348
0;120;980328;26348
0;120;980328;26348
0;120;980328;26348
0;120;980328;26348
0;120;980328;26348
0;120;980328;26348
0;120;980328;26348
0;120;980328;26348
0;120;980328;26348
0;120;980328;43876
0;120;980328;43876
0;120;980328;43876
0;120;980328;26348
0;120;980328;43876
0;120;980328;26348
0;120;980328;43876
0;120;980328;26348
0;120;980328;26348
0;120;980328;26348
0;120;980328;26348
0;120;980328;26348
0;120;980328;26348
0;120;980328;26348
0;120;980328;26348
0;120;980328;26348
0;120;980328;26348
0;120;980328;26348
0;120;1397640;35064
0;120;1397640;52568
0;120;1397640;70064
0;120;1397640;35064
0;120;1397640;70064
0;120;1397640;70068
0;120;1397640;35064
0;120;1397640;35064
0;120;1397640;35064
0;120;1397640;70068
0;120;1397640;35064
0;120;1397640;70072
0;120;1397640;35064
0;120;1397640;35064
0;120;1397640;35064
0;120;1397640;70068
0;120;1397640;35064
0;120;1397640;70064
0;120;1397640;35064
0;120;1397640;35064
0;120;1397640;35064
0;120;1397640;35064
0;120;1397640;35064
0;120;1397640;35064
0;120;1397640;35064
0;120;1397640;35064
0;120;1397640;35064
0;120;1397640;35064
0;120;1397640;35064
0;120;1397640;35064
0;120;1397640;35064
0;120;1397640;70064
0;120;1397640;70064
0;120;1397640;35064
0;120;1397640;35064
0;120;1397640;35064
0;120;1397640;70064
0;120;1397640;35064
0;120;1397640;35064
0;120;1397640;35064
0;120;1397640;35064
0;120;1397640;35064
0;120;1397640;70064
0;120;1397640;35064
0;120;1397640;35064
0;120;1397640;35064
0;120;1397640;35064
0;120;1397640;35064
0;120;1397640;70072
0;120;1397640;70072
0;120;1397640;35064
0;120;1397640;35064
0;120;1397640;70068
0;120;1397640;35064
0;120;1397640;35064
0;120;1397640;70064
0;120;1397640;70068
0;120;1397640;35064
0;120;1397640;35064
0;120;1397640;35064
0;120;1397640;35064
0;120;1397640;35064
0;120;1397640;35064
0;120;1397640;35064
0;120;1397640;70064
0;120;1397640;70064
0;120;1397640;35064
0;120;1397640;35064
0;120;1397640;35064
0;120;1397640;70068
0;120;1397640;35064
0;120;1397640;35064
0;120;1397640;35064
0;120;1397640;35064
0;120;1397640;35064
0;120;1397640;35064
0;120;1397640;35064
0;120;1397640;35064
0;120;1397640;70064
0;120;1397640;35064
0;120;1397640;52568
0;120;1397640;35064
0;120;1397640;35064
0;120;1397640;35064
0;120;1397640;35064
0;120;1397640;35064
0;120;1397640;35064
0;120;1397640;70064
0;120;1397640;35064
0;120;1397640;35064
0;120;1397640;35064
0;120;1397640;70068
0;120;1397640;35064
0;120;1397640;35064
0;120;1397640;35064
0;120;1397640;35064
0;120;1397640;35064
0;120;1397640;35064
0;120;1397640;35064
0;120;1397640;35064
0;120;1407288;39460
0;120;1407288;39460
0;120;1407288;39460
0;120;1407288;74464
0;120;1407288;39460
0;120;1407288;39460
0;120;1407288;39460
0;120;1407288;39460
0;120;1407288;39460
0;120;1407288;39460
0;120;1407288;39460
0;120;1407288;74460
0;120;1407288;39460
0;120;1407288;39460
0;120;1407288;39460
0;120;1407288;39460
0;120;1407288;74460
0;120;1407288;39460
0;120;1407288;39460
0;120;1407288;74460
0;120;1407288;39460
0;120;1407288;39460
0;120;1407288;74460
0;120;1407288;39460
0;120;1407288;39460
0;120;1407288;39460
0;120;1407288;39460
0;120;1407288;39460
0;120;1407288;39460
0;120;1407288;39460
0;120;1407288;39460
0;120;1407288;39460
0;120;1407288;74460
0;120;1407288;39460
0;120;1407288;74460
0;120;1407288;39460
0;120;1407288;39460
0;120;1407288;39460
0;120;1407288;39460
0;120;1407288;39460
0;120;1407288;74460
0;120;1407288;39460
0;120;1407288;74460
0;120;1407288;39460
0;120;1407288;39460
0;120;1407288;39460
0;120;1407288;39460
0;120;1407288;39460
0;120;1407288;39460
0;120;1407288;39460
0;120;1407288;39460
0;120;1407288;39460
0;120;1407288;39460
0;120;1407288;39460
0;120;1407288;39460
0;120;1407288;39460
0;120;1407288;39460
0;120;1407288;74460
0;120;1407288;39460
0;120;1407288;39460
0;120;1407288;39460
0;120;1407288;39460
0;120;1407288;74460
0;120;1407288;74468
0;120;1407288;39460
0;120;1407288;74460
0;120;1407288;39460
0;120;1407288;39460
0;120;1407288;39460
0;120;1407288;39460
0;120;1407288;39460
0;120;1407288;39460
0;120;1407288;39460
0;120;1407288;39460
0;120;1407288;39460
0;120;1407288;39460
0;120;1407288;74460
0;120;1407288;74460
0;120;1407288;39460
0;120;1407288;39460
0;120;1407288;39460
0;120;1407288;74460
0;120;1407288;39460
0;120;1407288;39460
0;120;1407288;39460
0;120;1407288;39460
0;120;1407288;74460
0;120;1407288;74460
0;120;1407288;74460
0;120;1407288;39460
0;120;1407288;39460
0;120;1407288;39460
0;120;1407288;74468
0;120;1407288;39460
0;120;1407288;39460
0;120;1407288;39460
0;120;1407288;39460
0;120;1407288;39460
0;120;1407288;39460
0;120;1407288;39460
0;120;1416928;43828
0;120;1416928;43828
0;120;1416928;43828
0;120;1416928;43828
0;120;1416928;43828
0;120;1416928;43828
0;120;1416928;43828
0;120;1416928;43828
0;120;1416928;78832
0;120;1416928;78832
0;120;1416928;78828
0;120;1416928;43828
0;120;1416928;43828
0;120;1416928;78828
0;120;1416928;43828
0;120;1416928;43828
0;120;1416928;43828
0;120;1416928;78828
0;120;1416928;43828
0;120;1416928;43828
0;120;1416928;43828
0;120;1416928;43828
0;120;1416928;43828
0;120;1416928;43828
0;120;1416928;43828
0;120;1416928;43828
0;120;1416928;43828
0;120;1416928;43828
0;120;1416928;43828
0;120;1416928;43828
0;120;1416928;43828
0;120;1416928;43828
0;120;1416928;43828
0;120;1416928;43828
0;120;1416928;43828
0;120;1416928;43828
0;120;1416928;43828
0;120;1416928;78832
0;120;1416928;78832
0;120;1416928;43828
0;120;1416928;78828
0;120;1416928;43828
0;120;1416928;43828
0;120;1416928;43828
0;120;1416928;43828
0;120;1416928;43828
0;120;1416928;43828
0;120;1416928;43828
0;120;1416928;43828
0;120;1416928;43828
0;120;1416928;43828
0;120;1416928;43828
0;120;1416928;43828
0;120;1416928;43828
0;120;1416928;43828
0;120;1416928;78828
0;120;1416928;43828
0;120;1416928;78828
0;120;1416928;43828
0;120;1416928;43828
0;120;1416928;78828
0;120;1416928;43828
0;120;1416928;43828
0;120;1416928;43828
0;120;1416928;78828
0;120;1416928;43828
0;120;1416928;43828
0;120;1416928;43828
0;120;1416928;43828
0;120;1416928;43828
0;120;1416928;43828
0;120;1416928;43828
0;120;1416928;43828
0;120;1416928;43828
0;120;1416928;43828
0;120;1416928;43828
0;120;1416928;43828
0;120;1416928;43828
0;120;1416928;43828
0;120;1416928;43828
0;120;1416928;43828
0;120;1416928;43828
0;120;1416928;78828
0;120;1416928;43828
0;120;1416928;43828
0;120;1416928;43828
0;120;1416928;43828
0;120;1416928;43828
0;120;1416928;43828
0;120;1416928;43828
0;120;1416928;43828
0;120;1416928;43828
0;120;1416928;43828
0;120;1416928;78832
0;120;1416928;43828
0;120;1416928;78828
0;120;1416928;78828
0;120;1416928;43828
0;120;1416928;43828
0;120;1416928;43828
0;120;1950216;48196
0;120;1950216;48196
0;120;1950216;48196
0;120;1950216;48196
0;120;1950216;48196
0;120;1950216;48196
0;120;1950216;48196
0;120;1950216;48196
0;120;1950216;48196
0;120;1950216;83196
0;120;1950216;48196
0;120;1950216;48196
0;120;1950216;48196
0;120;1950216;48196
0;120;1950216;48196
0;120;1950216;48196
0;120;1950216;83196
0;120;1950216;48196
0;120;1950216;48196
0;120;1950216;48196
0;120;1950216;48196
0;120;1950216;48196
0;120;1950216;48196
0;120;1950216;83196
0;120;1950216;48196
0;120;1950216;48196
0;120;1950216;48196
0;120;1950216;48196
0;120;1950216;48196
0;120;1950216;48196
0;120;1950216;48196
0;120;1950216;83200
0;120;1950216;48196
0;120;1950216;48196
0;120;1950216;48196
0;120;1950216;83200
0;120;1950216;48196
0;120;1950216;48196
0;120;1950216;83196
0;120;1950216;48196
0;120;1950216;48196
0;120;1950216;48196
0;120;1950216;83196
0;120;1950216;48196
0;120;1950216;48196
0;120;1950216;48196
0;120;1950216;83196
0;120;1950216;83196
0;120;1950216;48196
0;120;1950216;48196
0;120;1950216;48196
0;120;1950216;48196
0;120;1950216;48196
0;120;1950216;48196
0;120;1950216;48196
0;120;1950216;48196
0;120;1950216;48196
0;120;1950216;83196
0;120;1950216;48196
0;120;1950216;48196
0;120;1950216;83196
0;120;1950216;48196
0;120;1950216;48196
0;120;1950216;48196
0;120;1950216;48196
0;120;1950216;83196
0;120;1950216;48196
0;120;1950216;48196
0;120;1950216;48196
0;120;1950216;48196
0;120;1950216;48196
0;120;1950216;48196
0;120;1950216;48196
0;120;1950216;48196
0;120;1950216;48196
0;120;1950216;48196
0;120;1950216;48196
0;120;1950216;48196
0;120;1950216;48196
0;120;1950216;48196
0;120;1950216;83196
0;120;1950216;48196
0;120;1950216;83204
0;120;1950216;48196
0;120;1950216;48196
0;120;1950216;48196
0;120;1950216;48196
0;120;1950216;48196
0;120;1950216;83196
0;120;1950216;48196
0;120;1950216;48196
0;120;1950216;83196
0;120;1950216;48196
0;120;1950216;48196
0;120;1950216;83200
0;120;1950216;48196
0;120;1950216;83204
0;120;1950216;48196
0;120;1950216;48196
0;120;1950216;48196
0;120;1959856;87568
0;120;1959856;52568
0;120;1959856;52568
0;120;1959856;52568
0;120;1959856;52568
0;120;1959856;52568
0;120;1959856;87568
0;120;1959856;87572
0;120;1959856;52568
0;120;1959856;52568
0;120;1959856;87568
0;120;1959856;52568
0;120;1959856;87568
0;120;1959856;52568
0;120;1959856;52568
0;120;1959856;52568
0;120;1959856;52568
0;120;1959856;87568
0;120;1959856;52568
0;120;1959856;52568
0;120;1959856;87568
0;120;1959856;87576
0;120;1959856;87572
0;120;1959856;52568
0;120;1959856;52568
0;120;1959856;52568
0;120;1959856;87572
0;120;1959856;52568
0;120;1959856;52568
0;120;1959856;52568
0;120;1959856;52568
0;120;1959856;52568
0;120;1959856;52568
0;120;1959856;87568
0;120;1959856;52568
0;120;1959856;52568
0;120;1959856;87568
0;120;1959856;87576
0;120;1959856;52568
0;120;1959856;87568
0;120;1959856;52568
0;120;1959856;87568
0;120;1959856;52568
0;120;1959856;52568
0;120;1959856;52568
0;120;1959856;52568
0;120;1959856;52568
0;120;1959856;52568
0;120;1959856;52568
0;120;1959856;87568
0;120;1959856;52568
0;120;1959856;87568
0;120;1959856;52568
0;120;1959856;52568
0;120;1959856;87568
0;120;1959856;52568
0;120;1959856;52568
0;120;1959856;87568
0;120;1959856;87568
0;120;1959856;52568
0;120;1959856;52568
0;120;1959856;52568
0;120;1959856;87568
0;120;1959856;52568
0;120;1959856;52568
0;120;1959856;52568
0;120;1959856;52568
0;120;1959856;52568
0;120;1959856;52568
0;120;1959856;52568
0;120;1959856;52568
0;120;1959856;87568
0;120;1959856;52568
0;120;1959856;87572
0;120;1959856;52568
0;120;1959856;87568
0;120;1959856;52568
0;120;1959856;87568
0;120;1959856;52568
0;120;1959856;52568
0;120;1959856;52568
0;120;1959856;52568
0;120;1959856;52568
0;120;1959856;52568
0;120;1959856;52568
0;120;1959856;52568
0;120;1959856;52568
0;120;1959856;52568
0;120;1959856;87568
0;120;1959856;87576
0;120;1959856;52568
0;120;1959856;87576
0;120;1959856;52568
0;120;1959856;52568
0;120;1959856;52568
0;120;1959856;87568
0;120;1959856;52568
0;120;1959856;87568
0;120;1959856;87568
0;120;1959856;52568
