1.5352700000221376e-08;8.57393599988427e-08;7.678265999420547e-08;5.173852000152693e-07
2.1386859999620357e-08;7.665844000293873e-08;7.538267999771051e-08;4.80298800044693e-07
1.6277394999633543e-08;8.811724000261166e-08;7.868772000074387e-08;5.343217999907211e-07
1.6940339999564457e-08;8.097217999747954e-08;7.865114000160247e-08;4.975981999887153e-07
1.6147550000459888e-08;7.569477999932133e-08;7.439466000068932e-08;5.001201999839395e-07
1.6617820000101345e-08;7.922537999693304e-08;7.64560799987521e-08;4.694165999535471e-07
1.656754499999806e-08;7.03213999979198e-08;7.075783999753184e-08;4.440961999935098e-07
1.539665000018431e-08;7.50956000003498e-08;7.79099200037308e-08;4.61903200019151e-07
1.6429069999139756e-08;7.014021999784745e-08;6.998288000468164e-08;4.575438000028953e-07
1.5870864999305923e-08;7.42876600008458e-08;6.904161999700591e-08;4.854072000016458e-07
1.5725645000929944e-08;7.326620000530965e-08;7.5230819999706e-08;4.978789999731816e-07
1.6388274999917486e-08;7.247953999903985e-08;7.355600000009872e-08;4.5967519999248904e-07
1.6371324998908677e-08;7.716685999766923e-08;7.224153999704868e-08;4.6089019998908045e-07
1.5450445000897162e-08;8.389849999803118e-08;7.550710000214166e-08;5.131907999748364e-07
1.5853380000044127e-08;6.823851999943144e-08;6.974355999846012e-08;4.6844419999979435e-07
1.6224264999618754e-08;8.138072000001557e-08;7.690137999597937e-08;5.12661200016737e-07
1.5371514999424108e-08;7.436083999928087e-08;7.374816000228748e-08;5.108591999742202e-07
1.636832499934826e-08;7.365219999919646e-08;7.498389999964275e-08;4.6528960001887754e-07
1.6063825000310316e-08;7.549799999687821e-08;7.794579999754205e-08;4.5646600000327453e-07
1.571249999979045e-08;7.381596000050195e-08;7.652818000060506e-08;4.778046000283211e-07
1.590940000023693e-08;8.385941999731586e-08;7.48980600037612e-08;4.774715999956243e-07
1.5604724999866448e-08;7.065726000000723e-08;7.085990000050514e-08;4.826186000136659e-07
1.5366105000430254e-08;8.450976000167429e-08;7.647766000009142e-08;4.903842000057921e-07
1.5933645000040997e-08;7.366630000178702e-08;7.206749999895693e-08;4.7509600000921636e-07
1.6183464998903217e-08;7.476326000178233e-08;7.302391999983228e-08;4.468475999892689e-07
1.5263034999952653e-08;7.000795999774709e-08;6.951959999860264e-08;4.5755380002083255e-07
1.534224500064738e-08;7.74213399970904e-08;7.545626000501216e-08;4.6386179997352883e-07
1.5687170000455808e-08;7.270226000109687e-08;7.137588000041432e-08;4.819772000191733e-07
1.561793000000762e-08;8.371433999855071e-08;7.882446000003256e-08;4.728445999789983e-07
1.5508954999677372e-08;7.912184000015259e-08;7.294426000444218e-08;4.5196539995959026e-07
1.527790000109235e-08;7.773959999904036e-08;7.668102000025102e-08;4.792312000063248e-07
1.6203629999654366e-08;8.606932000257074e-08;7.750876000500284e-08;5.16144199995324e-07
1.5455249999649823e-08;7.521281999652274e-08;6.986306000035257e-08;4.826517999754288e-07
1.612734999944223e-08;7.515781999682077e-08;7.570839999825694e-08;5.091320000356064e-07
1.5766075000283307e-08;7.468403999810107e-08;7.179599999799392e-08;4.831693999585696e-07
1.5696659999957773e-08;7.142159999930299e-08;6.879598000086844e-08;4.810380000271834e-07
1.6755060000286902e-08;8.582834000117146e-08;7.483384000370279e-08;4.913675999850966e-07
1.5377644999534823e-08;7.609164000023157e-08;7.214141999720595e-08;4.558752000448294e-07
1.5627234999556096e-08;7.264247999992222e-08;6.953054000041448e-08;4.632225999957882e-07
1.5453979998710565e-08;7.713374000159092e-08;7.654218000243418e-08;4.7466559999156744e-07
1.5492220000305678e-08;7.81396800011862e-08;7.46251399978064e-08;4.6030839998275043e-07
1.6319160000421108e-08;7.154593999730423e-08;7.115063999663108e-08;4.539128000033088e-07
1.544170999986818e-08;8.386306000174954e-08;7.365717999637127e-08;4.87457400013227e-07
1.6050344999530352e-08;7.457245999830775e-08;7.470845999778248e-08;4.616361999651417e-07
1.575238000077661e-08;6.992867999942973e-08;6.938090000185184e-08;4.638598000165075e-07
1.5206574999319854e-08;7.112577999942004e-08;7.121427999809385e-08;4.489663999993354e-07
1.5772694999759552e-08;7.519348000059836e-08;7.574451999971643e-08;4.513642000383697e-07
1.5678690001368522e-08;7.671624000067823e-08;7.45492399961222e-08;4.865844000014477e-07
1.6009965000557713e-08;7.760887999902479e-08;7.376986000454053e-08;4.969134000129998e-07
1.6354964999482035e-08;7.39257000037469e-08;7.633263999596238e-08;4.5345199998700993e-07
1.614648999966448e-08;7.007872000103816e-08;6.868452000198886e-08;4.841922000050545e-07
1.6120015000342393e-08;8.418145999894477e-08;7.587947999709286e-08;4.7520139999687674e-07
1.634741500020027e-08;7.42999800015241e-08;7.310892000095918e-08;4.6490119997179137e-07
1.520344500022475e-08;8.610089999856427e-08;7.616216000169515e-08;4.955561999813654e-07
1.5727624999999533e-08;7.329591999878175e-08;7.093786000041291e-08;4.391518000047654e-07
1.5944415000558364e-08;8.632596000097692e-08;7.40637600014452e-08;4.862859999993816e-07
1.5335779999441003e-08;7.853729999624193e-08;7.684540000045672e-08;4.6803360001649705e-07
2.202159999869764e-08;7.118507999693975e-08;7.134548000176437e-08;4.6383459999924524e-07
1.6305439999268856e-08;7.677457999670878e-08;7.569424000103027e-08;4.615707999910228e-07
1.5534114999172742e-08;8.715680000022986e-08;7.371749999583699e-08;4.825276000192389e-07
1.5642085000581573e-08;7.883532000123523e-08;7.699113999842666e-08;4.868370000040159e-07
1.6440935000719036e-08;7.076025999849662e-08;7.316406000172719e-08;4.8384519998217e-07
1.5530379999836443e-08;7.015479999827221e-08;6.819787999847903e-08;4.790790000115521e-07
1.5044990000023972e-08;8.272558000171557e-08;7.743851999985054e-08;4.7056859999429435e-07
1.623583500040695e-08;7.38634200009983e-08;7.60219399991911e-08;4.5413560001179577e-07
1.5177464998851066e-08;8.521612000185996e-08;7.49390599958133e-08;5.049575999728404e-07
1.58032049992471e-08;8.517271999735385e-08;7.557122000143863e-08;5.044885999523103e-07
1.6042960000049787e-08;7.586941999616101e-08;7.427347999764607e-08;4.554188000038266e-07
1.527312999969581e-08;8.297807999770157e-08;7.78862199978903e-08;4.77047800028231e-07
1.5692994999699295e-08;7.411064000334591e-08;7.658593999803998e-08;4.855760000064038e-07
1.549397500057239e-08;7.079874000046402e-08;6.900160000077448e-08;4.600830000126734e-07
1.541816499957349e-08;8.379313999903389e-08;7.410825999686494e-08;4.983291999669746e-07
2.1553029998904096e-08;8.380738000269047e-08;7.470695999800228e-08;5.130009999847971e-07
1.5189804999681654e-08;8.371722000301816e-08;7.545135999680497e-08;4.795423999894411e-07
1.6226409999944735e-08;7.234497999888845e-08;7.024563999730163e-08;4.519233999890275e-07
1.558865499973763e-08;8.410279999952763e-08;7.471124000148847e-08;5.126911999541335e-07
1.5202559999306686e-08;8.440986000350676e-08;7.63771399972029e-08;4.920886000036262e-07
1.6327355000248646e-08;7.446321999887005e-08;7.530896000098437e-08;4.662588000064716e-07
1.5742789999058003e-08;7.392870000330732e-08;7.046182000194677e-08;4.664485999965109e-07
1.5867829999479e-08;7.854397999471985e-08;7.67980600008741e-08;4.880766000133008e-07
1.5436705001047813e-08;7.022451999946497e-08;6.956443999661132e-08;4.5504740002797917e-07
1.6158810000342782e-08;7.69681399979163e-08;7.405796000384725e-08;4.5996319997357205e-07
1.547510499949567e-08;7.356357999960892e-08;7.069503999664448e-08;4.6043340000323953e-07
1.5466509999532717e-08;8.251189999864436e-08;7.714403999852948e-08;5.165524000185542e-07
1.5842310000152794e-08;7.464634000207298e-08;7.317999999504536e-08;4.616876000072807e-07
1.5859839999757242e-08;7.468081999686546e-08;7.390903999912552e-08;4.504886000067927e-07
1.5419554999971296e-08;7.504703999729827e-08;7.635696000070312e-08;5.111219999962486e-07
1.5974180000193884e-08;7.423332000034862e-08;7.744895999785512e-08;4.6036759996786713e-07
2.1526820000144654e-08;7.667586000170559e-08;7.441238000174053e-08;4.773138000164181e-07
1.5814040000259412e-08;8.229485999909229e-08;7.820819999906234e-08;4.988352000364102e-07
1.613043499964988e-08;8.525172000518068e-08;7.43305399955716e-08;5.092120000044815e-07
1.6257720001158303e-08;7.534798000124284e-08;7.675729999900796e-08;4.881319999694824e-07
1.6466395001043565e-08;8.479550000047311e-08;7.555101999896578e-08;5.053364000050351e-07
1.6381315000762698e-08;7.441181999747641e-08;7.825484000495634e-08;4.4324259995482863e-07
1.6304154999670572e-08;7.341244000126608e-08;7.406608000164852e-08;5.057635999983177e-07
1.606198000081349e-08;7.517511999467388e-08;7.128553999937139e-08;4.817856000154279e-07
1.5849830000661313e-08;8.367377999820746e-08;7.918549999594689e-08;4.874643999501132e-07
1.5412875000038183e-08;8.624530000379309e-08;7.56491800013464e-08;4.935199999599718e-07
1.4964775000407826e-08;7.483667999622413e-08;7.417953999829478e-08;4.689264000044204e-07
1.6090145001362542e-08;7.330852000159211e-08;7.307941999752074e-08;4.6494460001122207e-07
1.61758699992788e-08;8.360005999566056e-08;7.374596000299789e-08;5.383062000037171e-07
1.6005419999419245e-08;7.170926000108011e-08;7.226623999886215e-08;4.817936000181362e-07
1.560207000002265e-08;6.994328000000678e-08;6.875492000253871e-08;4.889437999809161e-07
1.552442999964114e-08;8.567221999983303e-08;7.288536000414751e-08;5.394183999742381e-07
1.5961215000425e-08;7.367706000222825e-08;7.332123999949544e-08;5.187555999727919e-07
1.510561500035692e-08;6.979523999616504e-08;7.236086000339129e-08;4.80007599981036e-07
1.598888500011526e-08;8.67536200035829e-08;7.641130000120028e-08;5.432598000043072e-07
1.587732999905711e-08;6.934414000133984e-08;7.345155999646522e-08;4.870351999998093e-07
1.560334500099998e-08;7.351710000075399e-08;7.627322000334971e-08;5.193052000249736e-07
1.538682499958668e-08;7.936603999696672e-08;7.598700000089593e-08;5.116738000069745e-07
1.5622829999483656e-08;8.117471999721602e-08;8.171274000196718e-08;5.306201999774203e-07
1.634057000046596e-08;7.589874000404962e-08;7.700752000091598e-08;5.26331199973356e-07
1.5429995000886266e-08;7.285254000453279e-08;7.170325999613852e-08;4.794273999868892e-07
1.629588000068907e-08;7.437122000264935e-08;7.21224999986589e-08;5.257848000037484e-07
1.551006000081543e-08;7.728494000039063e-08;7.345553999766708e-08;5.164350000559353e-07
1.579436500032898e-08;7.34574200003408e-08;7.018026000005193e-08;4.778626000043005e-07
1.5846654999768362e-08;7.474987999885343e-08;7.210917999618686e-08;5.176993999630213e-07
1.5299739998590667e-08;8.756849999772384e-08;7.888196000130847e-08;5.221710000187158e-07
1.5471365000121295e-08;7.435746000264772e-08;7.565387999638915e-08;4.987831999897026e-07
1.5464819999760947e-08;8.137373999925331e-08;7.595890000229701e-08;5.392286000424064e-07
1.5924000000813976e-08;7.182646000292152e-08;6.981703999917954e-08;4.813192000146955e-07
1.6049559999373742e-08;8.751661999849603e-08;7.462390000000596e-08;5.104489999939688e-07
1.5348910000466277e-08;7.878778000012971e-08;7.421603999682702e-08;4.976525999954902e-07
1.6370684999856167e-08;8.149398000095971e-08;7.395635999855585e-08;5.174671999993735e-07
1.5606285000103526e-08;7.842468000017107e-08;7.530003999709152e-08;5.057302000350319e-07
1.5915800000948367e-08;7.655802000081167e-08;7.130293999798596e-08;4.857690000208094e-07
1.6044214999419637e-08;7.503116000443697e-08;7.160608000122011e-08;5.176516000065022e-07
1.5411894999851937e-08;8.674442000337876e-08;7.544804000062868e-08;5.157511999714188e-07
1.5667849998862948e-08;6.945448000333272e-08;7.193572000251151e-08;4.777003999915905e-07
1.558009000000311e-08;7.126485999906435e-08;6.937815999845043e-08;4.80362200003583e-07
1.5858975000446663e-08;6.970408000051975e-08;7.377404000144452e-08;5.173445999971591e-07
1.5785390000382903e-08;8.666698000160977e-08;7.509997999877668e-08;5.036790000158362e-07
1.6246890000184065e-08;8.388824000139721e-08;7.312166000483557e-08;5.140590000082738e-07
1.6063249998842367e-08;7.594625999918207e-08;7.439700000104495e-08;4.833230000222101e-07
1.6216315000201576e-08;7.038035999867134e-08;7.194105999660679e-08;5.011522000422701e-07
1.5425675000005867e-08;7.90692400012631e-08;7.757953999680467e-08;4.968515999498777e-07
1.569772999937413e-08;7.429339999798685e-08;7.217404000111855e-08;4.852305999957025e-07
1.6376180000952444e-08;7.104245999944396e-08;7.092777999932877e-08;5.01232800015714e-07
1.562219500046922e-08;7.566105999867431e-08;7.368582000490278e-08;5.171877999673598e-07
1.582940499938559e-08;8.342899999697693e-08;7.544473999878392e-08;5.097718000179157e-07
1.5949455001100434e-08;7.820507999858818e-08;7.154151999857276e-08;5.126876000431366e-07
1.535509999957867e-08;8.417695999960414e-08;7.779093999997712e-08;5.004678000113927e-07
2.1825640002498404e-08;7.677918000263162e-08;7.783509999862872e-08;5.044181999983266e-07
1.6246354999020697e-08;7.366057999897748e-08;6.986304000020028e-08;4.745074000093155e-07
1.5704425000876655e-08;7.908711999771186e-08;7.743919999920763e-08;5.018204000080004e-07
1.6412220000347587e-08;8.522885999991558e-08;7.522890000254847e-08;5.403032000176609e-07
1.5340584999648853e-08;7.193361999816261e-08;7.104927999898791e-08;4.86897199996747e-07
1.55702600008226e-08;7.506139999604784e-08;7.748717999784275e-08;5.173247999628075e-07
1.6456459999608343e-08;7.177212000242434e-08;7.130677999812178e-08;5.207628000061959e-07
1.5363640000578016e-08;8.244216000312008e-08;7.762064000125974e-08;5.081257999991066e-07
1.6226720000850038e-08;7.638654000475071e-08;7.53599599993322e-08;5.194573999615386e-07
1.571600000024773e-08;7.237931999843567e-08;6.827139999950304e-08;5.158712000120432e-07
1.5398824999283534e-08;7.743656000238843e-08;7.610564000206068e-08;5.17357400036417e-07
1.5278020000550895e-08;8.626012000022456e-08;7.259842000203207e-08;5.382268000394105e-07
1.556601999909617e-08;7.614860000321642e-08;7.391737999860197e-08;4.906218000105583e-07
1.5700419999484438e-08;7.469783999840729e-08;7.732965999748557e-08;5.02102600003127e-07
1.5496230000280774e-08;7.584200000273995e-08;7.330374000011943e-08;5.299460000242106e-07
1.626240500045242e-08;7.571048000245355e-08;7.69157400005497e-08;4.983685999759473e-07
1.6294594999635592e-08;7.388734000269324e-08;7.313093999982812e-08;4.939164000097662e-07
1.5854674999718554e-08;7.892174000153318e-08;7.393883999902755e-08;5.15895799966529e-07
1.5765775000909344e-08;6.953686000197195e-08;7.298537999740802e-08;4.943450000137091e-07
1.5792540000984444e-08;8.1995440000901e-08;7.395674000144937e-08;5.396750000072643e-07
1.6462899999169168e-08;7.916712000151164e-08;7.70494399999734e-08;5.038854000158608e-07
1.559515499975532e-08;8.522169999778271e-08;7.337453999789432e-08;5.356201999820769e-07
2.198461999942083e-08;7.688005999661983e-08;7.487297999905423e-08;5.195934000075795e-07
1.585530500015011e-08;7.529220000142232e-08;7.250270000076853e-08;4.801048000226729e-07
1.6503624999313615e-08;8.577911999891512e-08;7.73451599990949e-08;5.113940000301227e-07
1.5778705000411718e-08;7.557395999901928e-08;7.510759999859147e-08;5.189553999807686e-07
1.5238280000630765e-08;8.332946000155062e-08;7.71902600012254e-08;4.996114000095986e-07
1.5402245000586845e-08;7.502326000249013e-08;7.475489999633283e-08;5.238937999820336e-07
1.5582834999077024e-08;8.536153999739326e-08;7.767643999541179e-08;5.221004000050015e-07
1.626216000004206e-08;7.228028000099584e-08;7.142599999788217e-08;5.045327999978326e-07
1.5747320000082253e-08;8.49296999978833e-08;7.550716000259854e-08;5.238282000063919e-07
1.5850099999806845e-08;7.655463999835774e-08;7.634578000288457e-08;4.900327999494038e-07
1.635501000127988e-08;7.855815999791957e-08;7.320208000019193e-08;4.945262000546791e-07
1.6426074999617414e-08;7.504858000320382e-08;7.23085000005085e-08;5.188286000047811e-07
1.6493075000471435e-08;8.499947999953293e-08;7.855735999764874e-08;5.385428000008688e-07
1.579384500073502e-08;7.282955999835394e-08;7.029929999844171e-08;4.967596000060439e-07
1.5975325000181328e-08;7.801287999609485e-08;7.612797999754548e-08;4.883409999893046e-07
1.6159514999890234e-08;7.246025999775157e-08;6.783062000176869e-08;5.004824000061489e-07
1.5247340001224075e-08;7.482594000175596e-08;7.45344599999953e-08;5.122470000060276e-07
1.6125705000013113e-08;8.095906000235117e-08;7.569777999888175e-08;5.372779999743216e-07
1.5218659999663943e-08;8.518121999804861e-08;7.562507999828086e-08;5.354822000372223e-07
1.640899000049103e-08;8.287967999931425e-08;7.449396000010893e-08;5.164516000077128e-07
1.531251999986125e-08;6.984948000172153e-08;7.296623999718576e-08;4.73751799960155e-07
1.5935470000840724e-08;8.495848000166006e-08;7.437057999777607e-08;5.147181999636814e-07
1.6177064999646973e-08;7.633414000156335e-08;7.556760000297799e-08;5.175097999745048e-07
2.0662119999178684e-08;7.431832000147552e-08;6.824362000334076e-08;5.125207999954e-07
1.63327099988237e-08;7.683356000343337e-08;7.244399999617599e-08;5.077016000286676e-07
1.6441670000494922e-08;8.362698000273668e-08;7.690385999740102e-08;5.105204000137747e-07
1.532588999980362e-08;8.122141999774612e-08;7.78095600020606e-08;5.367765999981202e-07
1.6371880000224335e-08;7.460664000245742e-08;7.66587799997069e-08;4.964655999792739e-07
1.5557084999454672e-08;8.594000000157393e-08;7.684585999813863e-08;5.325816000113264e-07
1.586269999970682e-08;7.534448000369593e-08;7.637727999826894e-08;4.819489999790676e-07
1.522232499992242e-08;8.519784000236541e-08;7.399371999781579e-08;5.189685999648646e-07
1.558917999936966e-08;7.485868000076152e-08;7.235448000137694e-08;4.932012000354007e-07
1.5366520000679883e-08;8.780941999866627e-08;7.916566000203602e-08;5.443029999732971e-07
1.5509800000290854e-08;8.659083999809809e-08;7.579352000029758e-08;5.24656200024765e-07
1.6112730000168086e-08;8.435611999593675e-08;7.520675999694504e-08;5.368706000153907e-07
1.638290999981109e-08;8.559886000002735e-08;7.512585999793373e-08;5.237058000057005e-07
2.1527960000094027e-08;8.186683999956586e-08;7.771939999656752e-08;5.109735999722034e-07
1.564232499949867e-08;8.860099999583326e-08;7.486213999800384e-08;5.386019999859855e-07
1.552480999962427e-08;8.104374000104144e-08;8.251322000287473e-08;5.138201999943704e-07
1.5230370000062975e-08;7.468162000295706e-08;7.338367999764159e-08;5.18499800004065e-07
1.5981049998663367e-08;8.807689999812283e-08;7.709040000336245e-08;5.194377999869175e-07
1.609708500036504e-08;7.883623999659903e-08;7.520307999802754e-08;5.157317999983206e-07
1.5830060000007507e-08;8.074042000225746e-08;7.375517999753356e-08;5.383440000005067e-07
1.5484470000956207e-08;7.708848000038416e-08;7.692431999603286e-08;5.182925999979488e-07
1.645303500117734e-08;8.053536000079475e-08;7.117407999467105e-08;5.080204000114463e-07
1.517535499879159e-08;8.787192000309005e-08;7.849699999787845e-08;5.148418000317178e-07
1.6193464999378193e-08;7.869813999859616e-08;7.365439999848605e-08;5.26278999983333e-07
1.5510079999512526e-08;8.638748000375926e-08;7.487919999985025e-08;5.132340000127442e-07
1.589516500098398e-08;7.351736000273376e-08;6.971587999723852e-08;4.958177999942563e-07
1.570959000091534e-08;7.932314000208862e-08;7.297331999870949e-08;5.14344000024721e-07
1.5607615000044462e-08;7.329817999852822e-08;7.383547999779694e-08;5.118990000337363e-07
1.6504854999948293e-08;8.01940800040029e-08;7.737255999818444e-08;5.185041999793612e-07
1.538968999957433e-08;8.925600000075065e-08;7.645962000242435e-08;5.278919999836945e-07
1.542001999914646e-08;9.242508000461385e-08;7.663060000049882e-08;4.987314000027254e-07
1.6541830000642222e-08;7.870506000472232e-08;7.416012000176124e-08;4.945877999998629e-07
1.6406029999780004e-08;7.661431999877095e-08;7.302147999871522e-08;5.146597999846563e-07
1.6116430000693073e-08;7.716007999842986e-08;7.209828000050038e-08;4.912081999937072e-07
1.6460770000412595e-08;7.166262000100687e-08;7.032746000331827e-08;4.938930000062101e-07
1.577362499956507e-08;7.575386000098661e-08;6.948567999643274e-08;4.850224000401795e-07
1.614846500015119e-08;8.882745999726467e-08;7.780657999683171e-08;5.406455999473109e-07
1.5378495000186376e-08;7.963336000102572e-08;7.484699999913573e-08;4.995886000106111e-07
1.5526470000622795e-08;7.804123999667354e-08;7.293879999779164e-08;4.988536000018939e-07
1.6388485000061337e-08;8.916579999495298e-08;7.26724199950695e-08;5.215694000362419e-07
1.579032500012545e-08;8.774736000341363e-08;7.485997999901883e-08;5.105966000119224e-07
1.557874999998603e-08;7.465579999843612e-08;7.297239999752491e-08;4.881387999630533e-07
1.63189049999346e-08;9.012109999894164e-08;7.487257999600842e-08;5.001240000128746e-07
1.628280500008259e-08;8.922478000167758e-08;7.694977999781258e-08;5.168001999845728e-07
1.6308614998706617e-08;7.656500000157393e-08;7.040097999852151e-08;5.118366000242531e-07
1.6056615000707096e-08;7.313414000091142e-08;7.014740000013262e-08;4.943328000372276e-07
1.567038999928627e-08;7.793635999551043e-08;7.658225999912247e-08;5.04324599984102e-07
1.501948499935679e-08;8.84336400020402e-08;7.433036000002176e-08;5.207147999899462e-07
1.6059759999916424e-08;8.81898799969349e-08;7.848928000312299e-08;5.293491999618709e-07
1.6055840000626633e-08;8.2015980000142e-08;7.41576600004919e-08;5.164159999694675e-07
1.6390714999579358e-08;8.881612000404857e-08;7.782481999602169e-08;5.16706999973394e-07
1.6189179998764303e-08;9.285457999794745e-08;7.88512599945534e-08;5.292168000014499e-07
1.6065044999413658e-08;8.810894000343978e-08;7.562380000017583e-08;5.399660000111908e-07
1.598628500069026e-08;8.903320000390522e-08;7.451994000002741e-08;5.136078000068664e-07
1.5472204999241512e-08;7.406970000010915e-08;7.309900000109337e-08;5.200020000338554e-07
1.5488544999971053e-08;9.251186000183225e-08;7.712856000289321e-08;5.285078000160866e-07
1.5589409999665806e-08;7.460673999739811e-08;7.341250000172294e-08;4.927306000026874e-07
1.6458710000733844e-08;9.132528000045568e-08;7.388546000001953e-08;5.207055999781005e-07
1.5706860000500456e-08;7.192480000085198e-08;6.957889999612235e-08;4.842571999761276e-07
1.539636499946937e-08;7.600938000250608e-08;7.62788799998816e-08;5.235503999865614e-07
1.581621999939671e-08;8.220155999879352e-08;7.254899999825283e-08;5.200376000138931e-07
1.594003500067629e-08;7.60372799995821e-08;7.348966000135987e-08;4.769647999783047e-07
1.6433254998992197e-08;7.627360000042245e-08;7.194458000012674e-08;5.180484000011347e-07
1.5720109999529086e-08;7.452595999930054e-08;7.18503599986434e-08;5.14281600015238e-07
1.5551749999576714e-08;7.472391999908723e-08;6.958559999475255e-08;5.122641999623738e-07
1.6299769999750423e-08;8.925732000498102e-08;7.523092000046745e-08;5.311364000081084e-07
1.567596999957459e-08;7.23148399963975e-08;6.878323999699205e-08;5.148821999900974e-07
1.5917405000072904e-08;8.877727999933995e-08;7.619927999912761e-08;5.395133999991231e-07
1.5690625000570435e-08;8.693054000032134e-08;7.598181999637746e-08;5.282768000033684e-07
1.524846499960404e-08;7.627531999605708e-08;7.166791999479755e-08;5.112488000304438e-07
1.634862999926554e-08;7.593924000393599e-08;7.433724000002258e-08;5.183459999971092e-07
1.4976124999520835e-08;7.977084000012837e-08;7.682702000020072e-08;4.919473999761976e-07
1.5816929998982233e-08;8.829635999863967e-08;7.462973999790847e-08;5.121849999995902e-07
2.1670320001430808e-08;8.218463999801315e-08;7.482346000033431e-08;5.160096000181511e-07
1.571076499967603e-08;8.95531399990432e-08;7.881950000301004e-08;5.096761999884621e-07
1.6006114998890554e-08;7.784721999778412e-08;7.181959999725222e-08;4.853663999820129e-07
1.628346499928739e-08;8.051104000187479e-08;7.282160000177101e-08;5.099864000221714e-07
1.5437394999025854e-08;8.931910000392236e-08;7.488583999802358e-08;5.220178000163287e-07
1.644928500027163e-08;7.880542000057176e-08;7.570159999886527e-08;5.012220000498928e-07
1.626507000037236e-08;8.773244000039995e-08;7.749840000178665e-08;5.425440000253729e-07
1.5902559999085498e-08;8.664898000424728e-08;7.776261999970301e-08;5.194913999876007e-07
1.6281804999744054e-08;7.644970000255853e-08;7.338866000063717e-08;5.047067999839783e-07
1.5458545000001324e-08;7.230763999978081e-08;7.361169999931007e-08;4.834927999763749e-07
1.5572929999325425e-08;8.031172000337392e-08;7.536731999716722e-08;5.135102000203915e-07
1.620057999971323e-08;7.703590000164695e-08;7.460445999749936e-08;4.818181999726221e-07
1.62525400010054e-08;7.88119800039567e-08;7.652479999815113e-08;4.91378199949395e-07
1.633212000015192e-08;7.8409939998528e-08;7.48954800015781e-08;4.98630200047046e-07
1.5647114999592304e-08;7.952012000023387e-08;7.423908000346273e-08;4.846471999771893e-07
1.6459765000035987e-08;7.78805400012061e-08;7.057849999982863e-08;4.92683999997098e-07
1.6444970000884494e-08;7.098047999897972e-08;7.395900000119582e-08;4.920752000180073e-07
1.5342154999962078e-08;7.358541999710723e-08;7.269031999749132e-08;4.945233999751509e-07
1.627036499994574e-08;8.909221999929287e-08;7.869343999773264e-08;5.018040000577457e-07
1.6033985000103714e-08;8.776201999862678e-08;7.391825999948196e-08;5.217188000096939e-07
1.638255500001833e-08;7.882749999989756e-08;7.678802000009454e-08;4.798187999986112e-07
1.598074500070652e-08;8.147630000021309e-08;7.37472400011029e-08;5.092335999943316e-07
1.599969999952009e-08;7.970263999886811e-08;7.14198200032115e-08;4.822671999572776e-07
1.5447339999082033e-08;7.712404000340029e-08;7.124631999759003e-08;5.097603999893181e-07
1.555555500090122e-08;7.529257999849506e-08;6.863060000468976e-08;5.108443999779411e-07
1.5352989999519195e-08;7.829290000372567e-08;7.704724000068382e-08;4.956797999911942e-07
1.5789055000641384e-08;8.901027999818324e-08;7.472530000377446e-08;5.378993999911472e-07
1.5729884999745992e-08;7.277547999983653e-08;7.341204000404104e-08;4.974954000208527e-07
1.6002200001094023e-08;7.950378000386991e-08;7.275190000073054e-08;5.160544000100345e-07
1.5649404999567196e-08;7.733251999597997e-08;6.910092000034638e-08;4.896169999847189e-07
1.5791530000569764e-08;7.860011999728158e-08;7.427168000140227e-08;5.058323999983258e-07
1.6522039999836126e-08;8.162642000243067e-08;7.464792000246235e-08;4.956894000060857e-07
1.5563120000297203e-08;8.677961999783293e-08;7.464755999972113e-08;5.259105999721214e-07
1.638167000055546e-08;7.963149999850429e-08;7.44487999996636e-08;5.149359999923035e-07
1.6012785000202712e-08;9.100924000376836e-08;8.08766000031028e-08;5.188269999925978e-07
1.6071449998707977e-08;7.980450000031852e-08;7.272875999915414e-08;5.196823999867775e-07
1.6331225000612902e-08;8.130382000235841e-08;7.66981599968858e-08;4.873281999607571e-07
1.6495999999460765e-08;7.332393999677152e-08;6.864574000355787e-08;4.87290800025221e-07
1.5547284999047407e-08;7.374050000216812e-08;6.847378000384196e-08;5.183744000387378e-07
1.5902310000092256e-08;7.793058000388555e-08;7.429039999842643e-08;5.204034000053071e-07
1.5939760000037496e-08;7.75744000042323e-08;7.56145200051833e-08;4.800675999722444e-07
1.548248000035528e-08;8.047863999963738e-08;7.812457999680191e-08;5.132754000369459e-07
1.5406879999500232e-08;9.113068000297063e-08;7.838061999646016e-08;5.164982000133023e-07
1.5697080000245478e-08;7.361795999458991e-08;6.918713999912143e-08;4.7518239996861666e-07
1.621506499941461e-08;7.768784000072628e-08;7.033995999954641e-08;4.970430000103078e-07
1.6465474999858997e-08;9.299695999943651e-08;7.479575999896042e-08;5.194835999864154e-07
1.5240150000317953e-08;7.810423999908381e-08;7.712039999896661e-08;5.047420000191778e-07
1.5707334999751764e-08;9.252071999944746e-08;7.542624000343494e-08;5.015131999971345e-07
1.5266950000659562e-08;8.103699999628588e-08;7.626317999674938e-08;4.872817999566905e-07
1.640694999950938e-08;9.159668000065722e-08;7.398553999955766e-08;5.081395999877714e-07
1.5822204999858513e-08;7.780589999747462e-08;7.026719999848866e-08;4.836724000051618e-07
1.565827000013087e-08;9.009656000416726e-08;7.582019999972544e-08;5.369661999866367e-07
1.6425630000594537e-08;7.857034000335261e-08;7.475788000156172e-08;4.918715999810956e-07
1.6492455000116023e-08;7.559687999892048e-08;7.065413999953307e-08;5.120437999721616e-07
1.5384734999679494e-08;7.882203999906779e-08;7.768140000407584e-08;5.105894000153057e-07
1.551374999980908e-08;7.886706000426784e-08;7.276091999956407e-08;5.145829999819397e-07
1.6493410000111907e-08;7.33970400004182e-08;7.143102000118233e-08;5.012834000517614e-07
1.563270500046201e-08;9.2174319998594e-08;7.59420600021258e-08;5.364295999752358e-07
1.572679000091739e-08;8.957371999858879e-08;7.589778000256047e-08;5.204738000174984e-07
1.5279745000589174e-08;7.763193999999203e-08;7.658979999832809e-08;5.03231200040318e-07
1.6170994999993126e-08;9.019568000221625e-08;7.627047999994829e-08;5.320456000044942e-07
1.6364854999119415e-08;9.086715999874286e-08;7.468879999942147e-08;5.048236000002362e-07
1.645443999877898e-08;8.88052600028459e-08;7.444202000042424e-08;5.430197999812662e-07
1.6351495000708382e-08;7.72845400031656e-08;7.245211999979801e-08;5.254279999644495e-07
1.623884000000544e-08;8.669996000244282e-08;7.450476000085473e-08;5.225773999700322e-07
1.5360945000429638e-08;8.906451999791898e-08;7.862715999945066e-08;5.172189999721013e-07
1.5469264998682774e-08;7.39772400003858e-08;7.083392000058666e-08;5.120161999948323e-07
1.564721000031568e-08;8.044642000459135e-08;7.634475999511778e-08;4.851759999874048e-07
1.6280089999781922e-08;7.824752000160515e-08;7.302806000225246e-08;5.02323199994862e-07
1.5671574999578297e-08;8.021825999603607e-08;7.793092000065371e-08;5.124499999801629e-07
1.556029000057606e-08;7.487426000298001e-08;7.210444000083953e-08;4.915725999744609e-07
1.5677414998936003e-08;7.853888000245206e-08;7.537152000004426e-08;4.817962000379339e-07
1.565566000062972e-08;7.560435999766923e-08;7.150451999623328e-08;4.878572000307031e-07
1.6392619999533054e-08;9.038040000014007e-08;7.737594000063837e-08;5.018508000066504e-07
1.5569205000065266e-08;8.874538000090979e-08;7.569603999727405e-08;5.139173999777995e-07
1.6255459999956656e-08;8.842403999879025e-08;7.603534000227228e-08;5.376907999743707e-07
1.5796334999322425e-08;7.49846399994567e-08;6.927686000126414e-08;4.93964200024493e-07
1.565734500036342e-08;8.682774000335484e-08;7.423449999769218e-08;5.305683999904431e-07
1.629945500026224e-08;7.390802000300028e-08;6.977774000260979e-08;5.149769999552518e-07
1.5685450000455603e-08;7.817634000093677e-08;7.47605399985332e-08;4.902548000100069e-07
1.588991500029806e-08;7.707870000158437e-08;7.599543999531306e-08;4.99541400000453e-07
1.578743999998551e-08;7.260091999778524e-08;7.088468000292778e-08;5.077705999719911e-07
1.5634554999996907e-08;9.173272000043653e-08;7.847265999880619e-08;5.112152000074275e-07
1.5292380000755657e-08;8.09053800010588e-08;7.60971800016705e-08;5.076000000117347e-07
1.6124434999073855e-08;7.699239999637938e-08;7.330916000064463e-08;4.973529999842868e-07
1.5585584999644198e-08;8.546947999857367e-08;7.567056000116281e-08;5.235481999698095e-07
1.5583790000528097e-08;7.64000200026203e-08;6.89743000024464e-08;4.953196000424214e-07
1.546935500082327e-08;8.003642000257968e-08;7.272280000033788e-08;4.812236000434495e-07
1.6220130000147037e-08;9.169339999789371e-08;7.371512000099756e-08;5.071891999687068e-07
1.5653315000236033e-08;7.372808000072836e-08;6.950513999909163e-08;5.130644000018946e-07
1.555621000006795e-08;7.941618000040763e-08;7.584225999889895e-08;5.187779999687336e-07
1.598716000007698e-08;9.01893799949903e-08;7.818679999909363e-08;5.250475999782794e-07
1.5516515000490472e-08;8.115435999934561e-08;7.455078000202774e-08;5.175612000166439e-07
1.626325999968685e-08;7.396571999997831e-08;6.863861999590881e-08;4.976297999965027e-07
1.6384900000412017e-08;7.41001199989114e-08;7.134705999633297e-08;5.062749999924563e-07
1.5477020000980702e-08;8.171524000354111e-08;7.585379999945872e-08;5.370935999671928e-07
1.6431110000121406e-08;7.404370000003838e-08;7.116572000086308e-08;5.185665999888442e-07
1.5463705000001936e-08;7.937150000361726e-08;7.246482000336982e-08;4.862712000031024e-07
1.5933025001140777e-08;7.923892000108026e-08;7.398270000121556e-08;4.980861999792978e-07
1.5594784999848344e-08;7.803730000159703e-08;7.3570339998696e-08;4.933082000352442e-07
1.5973859999212438e-08;7.609417999628932e-08;7.016726000001654e-08;4.895113999955356e-07
1.614313000027323e-08;8.15842000010889e-08;7.39571199985221e-08;5.079938000417314e-07
1.5732525000930764e-08;8.194207999622449e-08;7.293424000381492e-08;5.128689999692141e-07
1.6259680000075606e-08;8.751445999951102e-08;7.46687600039877e-08;5.010407999507151e-07
1.5883965000102763e-08;8.237113999784925e-08;7.497754000360146e-08;4.83620000013616e-07
1.5365414999541827e-08;8.21471399976872e-08;7.467889999970794e-08;5.167706000502221e-07
1.5708604999235832e-08;8.77574199985247e-08;7.505811999435537e-08;5.084003999945708e-07
1.628027000115253e-08;8.898900000494905e-08;7.602382000186481e-08;5.370456000091508e-07
1.527029999997467e-08;7.790325999958441e-08;7.290950000169687e-08;4.84917200054042e-07
1.5505395000218414e-08;7.584531999891623e-08;6.902770000160671e-08;5.00376200012397e-07
1.5671304998977575e-08;7.724895999999717e-08;7.27303599996958e-08;5.07759600004647e-07
1.549801500077592e-08;7.403156000073067e-08;7.06748399999924e-08;5.160640000249259e-07
1.6046260000439362e-08;7.987394000519999e-08;7.40202400018461e-08;5.177702000364661e-07
1.5742279999540186e-08;8.22625800035894e-08;7.302204000297934e-08;4.91111000010278e-07
1.565588000084972e-08;7.923582000075839e-08;7.630957999499515e-08;5.051179999718442e-07
1.578529500111472e-08;7.661926000146195e-08;7.195367999956943e-08;5.073263999656774e-07
1.535277000075439e-08;7.241507999715396e-08;7.074832000071183e-08;5.027101999730804e-07
1.539539499935927e-08;8.053367999964393e-08;7.597079999977723e-08;5.091430000029505e-07
1.6307490000326653e-08;9.033154000062495e-08;7.584613999933936e-08;5.143257999443449e-07
1.606471999984933e-08;9.105256000184454e-08;7.434563999995589e-08;4.967782000312581e-07
1.523470999964047e-08;7.773101999773644e-08;7.275080000399612e-08;5.126319999690168e-07
1.5411950000270736e-08;8.187086000107229e-08;7.536788000143133e-08;4.990680000046268e-07
1.5621609998925122e-08;7.913771999883465e-08;7.431423999951221e-08;5.048480000114069e-07
1.6082219999225344e-08;7.855817999807186e-08;7.632669999729842e-08;5.049778000102378e-07
1.595259000023361e-08;9.006620000000112e-08;7.976003999938257e-08;5.19456000009086e-07
1.642567999952007e-08;8.258126000291667e-08;7.393025999772363e-08;4.950476000085473e-07
1.5747280001232865e-08;8.199679999961517e-08;7.808376000029967e-08;4.99902400013525e-07
1.5818030000082218e-08;7.733538000029511e-08;7.253480000072159e-08;5.136431999853812e-07
1.584811500069918e-08;7.319953999831342e-08;7.265109999570996e-08;4.817326000193134e-07
1.55015349999303e-08;9.049465999705717e-08;7.515690000145696e-08;5.285532000125386e-07
1.632136999978684e-08;9.221354000037536e-08;7.464688000036403e-08;5.110525999916717e-07
1.6403135001019108e-08;8.855376000283286e-08;7.377332000178285e-08;5.079771999735385e-07
1.558614499954274e-08;8.765553999692201e-08;7.708383999997749e-08;5.250549999764189e-07
1.6355865000514312e-08;8.052671999903395e-08;7.325816000229679e-08;5.059892000281252e-07
1.5721345000201835e-08;8.874108000309207e-08;7.536242000060156e-08;5.047898000339046e-07
1.562038999982178e-08;7.595492000109516e-08;7.072342000319622e-08;5.115378000191413e-07
1.6071770001144616e-08;7.161134000052698e-08;7.082203999743797e-08;5.018580000032671e-07
1.5553119999822228e-08;7.644015999976545e-08;7.10255199985113e-08;4.932066000183113e-07
1.6062744999362622e-08;8.70634599996265e-08;7.52027599955909e-08;5.258423999766819e-07
1.543800000072224e-08;7.931786000262946e-08;7.262204000144266e-08;5.048794000176713e-07
1.5493764998973347e-08;8.76691400015261e-08;7.439681999967434e-08;5.373580000014044e-07
1.6304255000432023e-08;7.734525999985635e-08;7.474856000044383e-08;4.926455999957397e-07
1.5577240000129677e-08;7.613452000077814e-08;7.416517999954522e-08;5.152294000145048e-07
1.6255105000163894e-08;8.78285999991931e-08;7.550006000092253e-08;5.079060000134632e-07
1.608091000089189e-08;7.929409999633208e-08;7.504972000024281e-08;5.096740000299178e-07
1.566665499994997e-08;8.168242000392639e-08;7.361483999993652e-08;4.871539999730885e-07
1.6309650000766852e-08;8.019402000354603e-08;7.227743999683298e-08;5.074121999787167e-07
1.5596575000381563e-08;7.915208000340499e-08;7.350134000298567e-08;5.142198000103236e-07
1.5516384999500586e-08;8.188708000234329e-08;7.707913999911398e-08;4.779796000220813e-07
1.6211555000336375e-08;8.893274000147358e-08;7.532421999494545e-08;5.360404000384733e-07
1.6225515000405722e-08;7.733468000078574e-08;7.34217599965632e-08;5.181638000067324e-07
1.6386319999583066e-08;7.974210000247694e-08;7.592027999926359e-08;4.855107999756001e-07
1.5697584999725223e-08;7.861046000034549e-08;7.284411999862642e-08;5.102585999993608e-07
1.5895395001280123e-08;8.463762000319548e-08;7.222203999990598e-08;5.06744800019078e-07
2.1847409999463708e-08;9.09038799989503e-08;7.57679799979087e-08;5.253124000155367e-07
1.522934500098927e-08;7.925759999779984e-08;7.442326000309549e-08;4.844879999873228e-07
2.0615870002075097e-08;7.345549999736249e-08;7.00814799987711e-08;4.840014000074007e-07
1.637903499940876e-08;7.803555999998935e-08;7.233066000044346e-08;5.072092000045814e-07
1.527133000054164e-08;8.641853999579325e-08;7.611637999652885e-08;5.318412000196986e-07
1.639273500040872e-08;7.630483999964782e-08;6.935381999937818e-08;5.016758000128902e-07
1.5128380000533072e-08;7.930957999778911e-08;7.555918000289239e-08;4.931766000227072e-07
1.5046350000193342e-08;7.7241779997712e-08;7.305715999682434e-08;4.85889200004749e-07
2.0545669997227378e-08;7.7789099997608e-08;7.365556000149808e-08;5.115848000277765e-07
1.606836499995552e-08;7.624544000136666e-08;6.890792000340298e-08;4.811857999884524e-07
1.597366000059992e-08;8.931305999867619e-08;7.794474000111222e-08;4.982905999640934e-07
1.5419610000390095e-08;7.661704000202007e-08;7.297206000075675e-08;4.929593999986537e-07
1.5415170000051147e-08;7.719293999834917e-08;7.258542000199668e-08;5.096252000075765e-07
1.6229105000093114e-08;7.414761999971233e-08;7.018833999754862e-08;4.915719999698922e-07
2.0919180000782944e-08;8.887430000468157e-08;7.654348000069149e-08;5.046483999467455e-07
1.6265759999805597e-08;7.915240000002086e-08;7.494587999535724e-08;5.171080000000074e-07
2.1705959999235347e-08;8.850402000243775e-08;7.455353999976069e-08;5.225223999586887e-07
1.5923634999489878e-08;7.345375999575481e-08;6.737767999875359e-08;4.904341999790631e-07
2.0850720000453294e-08;7.952644000179134e-08;7.633818000322208e-08;4.959313999861479e-07
1.566982499934966e-08;7.961671999655663e-08;7.691802000044845e-08;5.149688000092283e-07
1.6014235001057387e-08;7.44429400016088e-08;6.819050000049173e-08;5.031354000093416e-07
1.556177500024205e-08;8.984802000341005e-08;7.650401999708265e-08;5.306112000253051e-07
1.6073775000404567e-08;7.6493920001667e-08;7.292511999839917e-08;4.972039999556727e-07
1.6354390000924468e-08;8.774689999991096e-08;7.78286200016737e-08;5.029914000188e-07
1.6103780000412372e-08;8.962933999719098e-08;7.760156000149437e-08;5.359319999697618e-07
1.5585480000299867e-08;7.650824000011198e-08;7.212350000045262e-08;5.111433999845758e-07
1.6181619999406392e-08;7.93974399974104e-08;7.249776000389829e-08;4.902227999991737e-07
1.5327609999803827e-08;7.716356000164524e-08;7.22362200031057e-08;4.7519480000482873e-07
1.618560500064632e-08;8.831475999904797e-08;7.26276199973654e-08;5.244747999822721e-07
1.5268205000029412e-08;7.815799999516457e-08;7.416367999976501e-08;5.234743999899365e-07
1.6167464999307413e-08;7.362551999976858e-08;6.871247999952175e-08;4.765371999819763e-07
1.6250554998987354e-08;7.789660000125877e-08;7.223234000266529e-08;4.805844000075013e-07
1.545637500094017e-08;7.893647999735549e-08;7.307195999892429e-08;4.808279999997467e-07
2.0598160001100043e-08;8.025478000054136e-08;7.22362799977418e-08;4.870672000106424e-07
1.536052000010386e-08;7.81020599999465e-08;7.363580000237562e-08;5.11560200015083e-07
1.5998280000349042e-08;7.689696000306867e-08;6.842285999446177e-08;4.849323999951593e-07
1.5367100000730715e-08;7.394425999955275e-08;8.565647999639622e-08;5.17526799987536e-07
2.1205099998041986e-08;8.494444000534714e-08;8.428582000196911e-08;5.224214000045321e-07
1.813391499890713e-08;1.1792219999188091e-07;9.931762000196614e-08;5.715254000388086e-07
2.1000479999929667e-08;1.1230240001168567e-07;1.0529295000014826e-07;6.095250000362284e-07
1.8582420000166166e-08;9.316211999976076e-08;9.007208000402898e-08;5.692917999695055e-07
1.8602829999872482e-08;9.689830000279471e-08;1.0141024999029468e-07;5.394823999959044e-07
2.0738565000647214e-08;8.963273999979719e-08;8.231431999593042e-08;5.78148800006602e-07
2.0731830000295302e-08;8.78489599970635e-08;8.72384799993597e-08;5.458635999821126e-07
2.0502445001329762e-08;1.1019745000521653e-07;1.0092405999894254e-07;5.429737999802456e-07
2.1336860000155867e-08;8.193797999992967e-08;9.488899999996647e-08;5.628007999621332e-07
1.886553000076674e-08;9.347781999967992e-08;9.674635999836027e-08;5.488079999922774e-07
2.049482000002172e-08;1.1571564999758266e-07;1.0733564999827649e-07;6.130003999569453e-07
2.2647505000350066e-08;9.140392000554129e-08;1.0075919999508187e-07;5.267726000165566e-07
1.9369065000500997e-08;1.1469654999382328e-07;9.65662800008431e-08;5.495807999977842e-07
1.905846500012558e-08;1.0066579999693203e-07;1.0268414000165649e-07;5.410808000015095e-07
2.1577400001115166e-08;9.048742000013589e-08;8.673532000393607e-08;5.454817999852821e-07
2.111868000065442e-08;1.337663000012981e-07;1.0480858000228181e-07;5.881979999830946e-07
2.0754970001871698e-08;1.1024784999608527e-07;9.534706000122242e-08;5.922456000116654e-07
1.9809614999394398e-08;8.606532000121661e-08;8.02912799990736e-08;5.322623999672942e-07
2.1099340000364464e-08;1.2172345000726635e-07;9.467456000274978e-08;5.925980000174604e-07
1.953520999959437e-08;9.282559999846853e-08;8.588221999816597e-08;5.527303999988363e-07
2.1261644999322014e-08;1.334253500099294e-07;9.208542000269517e-08;5.468653999851085e-07
1.6626795000047422e-08;9.296795999980532e-08;8.342034000088461e-08;5.649834000505507e-07
2.031997999874875e-08;1.1304134999227244e-07;9.567383999819867e-08;5.930335999582894e-07
1.8909694999456404e-08;1.3179205000051297e-07;8.10050800035242e-08;5.544731999980286e-07
1.9784290000097826e-08;9.905125999939629e-08;7.610698000062257e-08;5.419406000291928e-07
1.7665670000133105e-08;9.17394999996759e-08;9.138348000124097e-08;5.287491999915802e-07
2.1712279997882434e-08;1.1009785000351258e-07;9.29922399984207e-08;6.398840000038035e-07
2.0268500001111533e-08;8.764623999595642e-08;1.0128818000084721e-07;5.63108199974522e-07
1.8291974999010564e-08;1.0274454999307636e-07;8.973772000172175e-08;6.20106200047303e-07
2.4743560000206344e-08;8.033013999811373e-08;8.691127999918535e-08;5.373284000088461e-07
2.1368749998509884e-08;1.0618274999433197e-07;8.55349799967371e-08;5.136813999852165e-07
1.9336530000146013e-08;8.904885999509134e-08;1.0368289999314583e-07;5.388401999953203e-07
2.1556120002060196e-08;9.215563999605365e-08;9.108766000135802e-08;5.136472000158391e-07
1.9393080000008923e-08;9.815468000015244e-08;9.501665999996476e-08;5.430202000425197e-07
1.8246490000456105e-08;9.64527200034354e-08;9.196140000130981e-08;5.489712000126019e-07
2.163618500053417e-08;9.74978199985344e-08;8.437649999978021e-08;5.555634000338614e-07
1.9555045000743122e-08;1.040068500005873e-07;1.0264569999708328e-07;5.79815199947916e-07
1.994558500009589e-08;1.0372839999618009e-07;8.732247999869287e-08;5.92993599944748e-07
2.060656000103336e-08;9.376628000172786e-08;8.543495999765582e-08;5.353137999773025e-07
2.0327080000424757e-08;1.1253635000321083e-07;1.0111610000603832e-07;5.739676000084728e-07
2.077393000072334e-08;1.2170950000290758e-07;9.529181999969296e-08;5.696803999599069e-07
2.3376580001786353e-08;8.966598000261001e-08;8.805152000277303e-08;5.454638000228442e-07
2.0950874999107327e-08;1.1103790000197478e-07;9.073199999984353e-08;5.731437999638729e-07
2.2273239999776705e-08;9.560661999857985e-08;1.047355500049889e-07;5.751631999737583e-07
1.981596000114223e-08;1.2303804999100977e-07;1.0642120000557043e-07;5.645346000092104e-07
2.4109060000046157e-08;9.822196000022813e-08;8.890242000343279e-08;5.439450000412762e-07
2.3019630002090707e-08;9.43953599955421e-08;8.760020000045188e-08;5.435033999965526e-07
2.1331049999571405e-08;8.898864000220783e-08;8.04787800007034e-08;5.813402000349015e-07
2.0599940000101925e-08;1.016772500006482e-07;9.321630000486039e-08;5.402868000091985e-07
1.783619999914663e-08;9.446199999656528e-08;8.925376000115648e-08;5.387060000211932e-07
1.9513774999359156e-08;9.022074000095017e-08;8.467481999541633e-08;5.134597999858669e-07
2.1207660000072793e-08;9.394474000437185e-08;9.202207999769598e-08;5.096876000170595e-07
1.740050499938661e-08;1.0684330000367481e-07;9.337504000286571e-08;4.932608000235632e-07
2.1104165000724605e-08;8.151661999872885e-08;8.571807999978774e-08;4.998324000043794e-07
1.681113000086043e-08;8.97551600006409e-08;8.78441600012593e-08;5.171835999935865e-07
1.8522954999934883e-08;9.703211999731139e-08;9.288730000262148e-08;5.359651999897324e-07
2.4553300000843593e-08;8.812082000076771e-08;8.445122000412084e-08;5.143993999809026e-07
2.3358030000235885e-08;8.266812000074423e-08;8.697266000090167e-08;5.585566000081598e-07
2.0993390001240185e-08;8.641218000557273e-08;8.64011199970264e-08;5.320943999686279e-07
1.7606660000456032e-08;8.899109999765642e-08;9.464177999761888e-08;5.224559999769553e-07
2.1658019999449608e-08;9.271608000271954e-08;9.979697999660857e-08;5.320696000126191e-07
2.1690134999516885e-08;9.087058000150137e-08;9.644197999732568e-08;5.28104200027883e-07
1.8281529999512715e-08;9.536199999856763e-08;1.0112903999979608e-07;5.681468000402674e-07
2.0329360000323506e-08;8.857241999940015e-08;8.543825999950059e-08;5.15209200035315e-07
2.0206860000325832e-08;8.947578000370412e-08;9.462511999881826e-08;5.399954000022263e-07
2.0422549999784677e-08;8.056773999705911e-08;8.448710000375286e-08;5.16702399996575e-07
2.0040220000373664e-08;8.619883999926969e-08;9.045675999950617e-08;5.076524000032805e-07
1.8125039999722502e-08;9.39051199995447e-08;8.968237999943084e-08;5.265251999953761e-07
1.9691870000679046e-08;8.938579999958165e-08;1.014417999977013e-07;5.191029999987223e-07
2.454532999836374e-08;9.171690000221133e-08;9.43488399963826e-08;5.158419999643229e-07
2.191254000063054e-08;8.690988000016659e-08;9.93056199979037e-08;5.014807999832555e-07
1.966437999944901e-08;8.873511999845504e-08;9.035624000243842e-08;5.354286000365392e-07
2.1055540000088514e-08;8.599549999926239e-08;8.241512000095099e-08;5.210743999923579e-07
1.87585499996203e-08;8.947074000025168e-08;8.603312000050209e-08;5.026665999903343e-07
2.1099120000144467e-08;9.31912400003057e-08;8.683083999785594e-08;5.338465999811888e-07
2.080003000155557e-08;8.688531999941916e-08;8.962218000087887e-08;4.697444000048563e-07
1.7764994999743067e-08;8.157255999976769e-08;8.122165999957361e-08;5.340657999622635e-07
2.091692999820225e-08;8.461386000271887e-08;9.659953999798745e-08;5.404374000499957e-07
2.0463829999789594e-08;9.105242000077852e-08;8.58736600028351e-08;5.246961999800988e-07
2.0354359998600556e-08;9.356964000035078e-08;8.772398000000976e-08;5.411451999680139e-07
2.2237780000432393e-08;1.0220619999745394e-07;8.887577999848873e-08;5.673999999999069e-07
2.31709999992745e-08;9.201959999627434e-08;9.456455999752507e-08;4.819300000090152e-07
2.03719999990426e-08;8.86934400012251e-08;9.189437999739311e-08;4.876932000042871e-07
1.905098000133876e-08;1.0390380000171718e-07;1.0460990000865422e-07;5.362286000163295e-07
2.1522680000634865e-08;9.501294000074268e-08;1.080035500053782e-07;5.449859999935143e-07
1.9997529999818653e-08;9.09051000024192e-08;8.436043999972754e-08;5.407421999843791e-07
2.0088454999495298e-08;9.780445999931545e-08;9.358286000206135e-08;4.868591999984346e-07
2.3045079997973518e-08;9.477681999560445e-08;9.459552000043913e-08;5.167985999723897e-07
2.2135925000475255e-08;8.825180000276305e-08;1.0240844999498222e-07;5.189006000291556e-07
2.4051229999167845e-08;9.017515999730676e-08;8.400600000168197e-08;5.066333999857306e-07
1.8397974999970757e-08;9.92865200038068e-08;1.0605565000150819e-07;5.222209999919869e-07
2.082941499975277e-08;8.562812000163831e-08;9.929376000072807e-08;5.247097999672406e-07
2.0164020000083837e-08;9.216954000294209e-08;9.101064000278711e-08;5.627780000213533e-07
2.3186589998658746e-08;8.767800000496209e-08;8.90103000041563e-08;5.092672000173479e-07
2.0905759997549466e-08;9.278707999619655e-08;9.326468000072055e-08;5.278399999951944e-07
2.3181560001103208e-08;8.851830000057817e-08;9.389321999624371e-08;5.365138000342995e-07
2.0103719999315216e-08;8.603716000216082e-08;9.488337999791838e-08;5.503467999515123e-07
1.80014650002704e-08;9.273666000226513e-08;9.2097759997705e-08;5.265121999545954e-07
2.2296335001010448e-08;9.228747999877669e-08;9.174355999566615e-08;5.217744000256061e-07
2.277509999985341e-08;9.677666000206954e-08;1.0340075001295191e-07;5.224033999838866e-07
1.767339000070933e-08;9.105862000142224e-08;9.473592000431382e-08;5.283614000072702e-07
2.0374650001758708e-08;9.474451999994926e-08;8.183399999979883e-08;5.011609999928623e-07
1.855669500073418e-08;8.296632000128738e-08;8.831993999774568e-08;5.050135999917984e-07
1.8733274999249262e-08;8.908116000238806e-08;8.830596000188962e-08;5.086846000049263e-07
1.7977474999497645e-08;7.954347999766468e-08;9.035513999988325e-08;4.91791199950967e-07
2.6022820000071078e-08;9.194477999699302e-08;1.0494775000552181e-07;5.107974000275135e-07
2.02511899988167e-08;8.640318000107072e-08;8.538047999609262e-08;5.052466000197455e-07
1.8229144999349956e-08;8.520739999949e-08;9.52105800039135e-08;5.008564000017941e-07
1.8787229999725242e-08;1.0165784999844618e-07;8.908227999927475e-08;5.527033999678679e-07
2.05239500006428e-08;8.584910000208765e-08;8.717355999979191e-08;5.063279999885708e-07
1.8892629999027123e-08;1.3326765000238082e-07;1.23279940005159e-07;5.077273999922908e-07
2.0970489998580888e-08;9.558137999847532e-08;9.38810400024522e-08;5.58958999987226e-07
2.136560999788344e-08;9.929661999922245e-08;9.342074000160209e-08;5.404835999943316e-07
2.013613500021165e-08;9.406382000306622e-08;9.447401999495924e-08;5.266178000019863e-07
2.09163699997589e-08;8.998231999576092e-08;1.0248054999101441e-07;5.050827999948524e-07
2.1474900000612253e-08;9.629705999977887e-08;8.108943999977783e-08;5.387183999991976e-07
1.8855610000900924e-08;9.400599999935366e-08;8.866403999854811e-08;5.67265999969095e-07
2.1055550000164657e-08;1.126403499947628e-07;1.0724404999928083e-07;5.549727999605238e-07
1.913395000010496e-08;9.570269999676383e-08;9.388793999678455e-08;5.343460000003688e-07
1.8164139999134933e-08;9.330086000263691e-08;1.0362989999703131e-07;5.138479999732227e-07
2.0596459999796933e-08;1.0008725000079721e-07;9.034154000109993e-08;5.115988000179641e-07
2.0058120001340286e-08;8.871634000097401e-08;9.320198000059463e-08;5.528472000150942e-07
1.704998500063084e-08;8.931772000505588e-08;8.77705999999307e-08;5.083562000072561e-07
1.8715504999272526e-08;8.916196000063792e-08;8.94159999967087e-08;5.518210000009276e-07
2.0852559999912044e-08;8.862903999979608e-08;8.731897999532521e-08;4.921313999802805e-07
2.3635550000471995e-08;9.357354000094346e-08;9.216997999465093e-08;5.053505999967456e-07
2.2050110000418498e-08;8.889785999781452e-08;8.508427999913692e-08;5.27870999998413e-07
1.9776874998933634e-08;8.357246000086889e-08;8.135215999791398e-08;5.405464000068605e-07
2.2857379997731185e-08;9.972204000223429e-08;8.356276000267826e-08;5.177753999596461e-07
1.713529499975266e-08;8.742431999999099e-08;9.652590000187047e-08;4.952401999616996e-07
1.948285999969812e-08;9.203468000050635e-08;8.692294000065886e-08;4.81281999964267e-07
1.9885644999158102e-08;9.0531080000801e-08;1.0204140000860207e-07;5.666009999695234e-07
2.1369360000244342e-08;9.8254719999386e-08;9.694062000489793e-08;4.994586000102573e-07
2.0683705000556074e-08;9.14775999961421e-08;9.044551999541e-08;5.363492000033148e-07
2.074395499948878e-08;9.141329999547452e-08;9.343900000094436e-08;5.631335999933071e-07
2.1003319998271764e-08;8.828727999934927e-08;8.736170000047423e-08;5.035413999576121e-07
2.0863559999270363e-08;9.586012000218034e-08;8.325277999974787e-08;5.11800599982962e-07
1.7555595000158063e-08;9.752085999934934e-08;9.901968000340276e-08;5.49972600012552e-07
1.9019399999524465e-08;9.21704199980013e-08;9.078646000125446e-08;5.570615999749861e-07
2.0477070000197274e-08;9.572374000563286e-08;1.0708334999799263e-07;5.180884000146761e-07
1.891352999955416e-08;9.63008799997624e-08;9.441095999791287e-08;5.399935999885202e-07
2.10383700003149e-08;9.545934000052512e-08;8.792932000360451e-08;5.127364000072703e-07
2.3657040001126005e-08;9.078346000169404e-08;9.516270000021905e-08;5.251000000280328e-07
1.846289499953855e-08;9.2474599997513e-08;8.995293999905698e-08;5.43245599954389e-07
2.0872560000861995e-08;9.891590000479482e-08;9.944193999981507e-08;5.267860000021756e-07
2.095207499951357e-08;9.515678000170737e-08;8.690382000058889e-08;4.966340000391938e-07
2.1117590001085773e-08;1.0553744999924674e-07;9.261573999538086e-08;5.314217999693937e-07
2.0965830000932328e-08;8.601275999681093e-08;8.834966000285931e-08;5.13178399996832e-07
1.814734500076156e-08;8.689174000173808e-08;8.877442000084556e-08;5.183314000023529e-07
1.8592314999841618e-08;8.778429999947548e-08;1.0255224999855272e-07;5.500985999824479e-07
1.8898749999061692e-08;9.251028000144288e-08;8.622247999883257e-08;6.087307999841869e-07
1.827247500041267e-08;9.265675999922677e-08;8.874537999508903e-08;5.683348000166006e-07
2.1722760002012363e-08;9.82491199974902e-08;8.443671999848448e-08;5.46092199976556e-07
2.1290179999778046e-08;8.441140000359155e-08;7.989227999933064e-08;5.641469999682158e-07
2.245178000011947e-08;1.0144729999592528e-07;9.267659999895841e-08;5.435459999716841e-07
2.086408999748528e-08;9.856035999837331e-08;1.004120800003875e-07;5.406930000171996e-07
2.2052080000867137e-08;9.413606000016444e-08;8.909496000269428e-08;5.402929999982006e-07
2.0282540001790038e-08;8.869315999909304e-08;9.519798000110314e-08;5.41936399997212e-07
1.7822904999775347e-08;1.1005634999310132e-07;9.535242000129074e-08;5.670135999680496e-07
2.1172649998334235e-08;9.255057999980636e-08;8.744782000430859e-08;5.536726000136695e-07
2.1823919998132625e-08;8.9147299999604e-08;1.006492500018794e-07;5.987292000208981e-07
2.2168419999070466e-08;9.320093999849633e-08;9.808834000141359e-08;5.703521999530494e-07
2.0146389998262748e-08;9.076892000157386e-08;9.624465999659151e-08;5.426678000367247e-07
2.2679129999596626e-08;1.0505535000993405e-07;9.979203999973833e-08;5.714193999883718e-07
2.0241189999796917e-08;8.150156000046991e-08;8.880211999639868e-08;5.752119999960997e-07
1.7796185000042896e-08;8.638281999737955e-08;8.884431999758817e-08;5.961860000388696e-07
2.1921810001367702e-08;1.0009862000006251e-07;9.023176000337116e-08;5.962029999936931e-07
2.030737000168301e-08;1.0129560000495986e-07;9.727404000004754e-08;5.757131999707781e-07
1.9749284999852535e-08;9.127687999862247e-08;9.365152000100353e-08;5.239629999850877e-07
2.107249000109732e-08;9.175184000050649e-08;8.905286000226624e-08;5.303874000092037e-07
2.0563690000562928e-08;9.217792000272311e-08;8.870348000200465e-08;5.302606000332162e-07
1.8517375001101755e-08;8.720460000331514e-08;9.902470000088214e-08;6.276834000018426e-07
1.9405355000344572e-08;9.30112799978815e-08;9.457459999830463e-08;5.222318000160158e-07
2.3066329999710433e-08;9.775169999920762e-08;9.950893999775871e-08;5.277414000011049e-07
2.0575585000915453e-08;9.462320000166074e-08;9.071715999743901e-08;5.948105999850668e-07
2.0053610000468323e-08;1.0290925001027062e-07;9.5349260000512e-08;5.8162979996996e-07
2.077370000188239e-08;9.012016000342555e-08;9.738760000327602e-08;5.341090000001713e-07
2.228927999967709e-08;8.916787999914959e-08;9.217275999835692e-08;5.61063600005582e-07
2.0892199999070726e-08;1.1265090000233613e-07;8.961786000290885e-08;5.847885999828577e-07
2.1037169999908656e-08;1.0834500000055414e-07;1.0343834999366663e-07;5.625963999773376e-07
2.3373155000444967e-08;8.769302000291645e-08;9.672838000115007e-08;5.353041999624111e-07
2.0096850000845736e-08;8.767035999917425e-08;9.930640000384301e-08;5.486709999968297e-07
2.0417759999691042e-08;1.0367874999064952e-07;9.185576000018046e-08;5.418851999565959e-07
1.705736000003526e-08;9.483921999926678e-08;1.0070720000658184e-07;5.343795999651774e-07
2.0151919999625534e-08;9.280999999609775e-08;9.301322000101209e-08;5.27434199990239e-07
1.8031654998776502e-08;9.483671999769285e-08;9.666328000021167e-08;5.562453999882564e-07
2.0944914998835885e-08;1.0177585000928957e-07;8.581885999883525e-08;5.526086000027135e-07
2.2771710000233725e-08;1.0370619999594055e-07;9.533601999864914e-08;5.581276000011712e-07
2.441893000213895e-08;9.249514000257477e-08;9.251521999831312e-08;5.675724000320769e-07
2.2981680001248607e-08;9.489150000154041e-08;9.53462400007993e-08;5.640520000015385e-07
2.15303800010588e-08;1.0273427999927663e-07;9.32749799976591e-08;5.572481999988667e-07
2.0343640001374296e-08;1.033132000011392e-07;1.0335551999742165e-07;5.452328000101261e-07
2.0866319999913684e-08;9.454450000193901e-08;8.767636000411584e-08;6.122894000145606e-07
1.8855950000579467e-08;8.595275999978184e-08;9.732852000161074e-08;5.990858000004664e-07
2.05369300005259e-08;1.0250555000675376e-07;8.657990000210703e-08;5.798198000411503e-07
2.0714215000043624e-08;8.379188000108116e-08;1.0032654000096954e-07;6.168855999712832e-07
2.0328190000145696e-08;8.75493399973493e-08;9.999677999876439e-08;5.161156000103801e-07
2.0434270000259857e-08;1.0196065000491217e-07;8.972912000026554e-08;5.486101999995299e-07
2.3925890002283267e-08;9.118844000040553e-08;8.956402000039816e-08;5.519462000229396e-07
2.0558570000866893e-08;8.913796000415459e-08;9.156663999892772e-08;5.602612000075169e-07
1.9421470000816043e-08;8.520250000292435e-08;9.307403999846429e-08;5.439617999945767e-07
2.133400000166148e-08;1.0466095000447239e-07;9.465597999515012e-08;5.401272000162862e-07
2.068724000127986e-08;9.268060000031255e-08;8.297308000037446e-08;5.811135999974795e-07
1.957335500046611e-08;1.0901805000321474e-07;8.731462000287138e-08;6.026043999590911e-07
1.9541625000420026e-08;9.637747999513522e-08;9.19136399985291e-08;5.279375999816693e-07
1.8858814999111927e-08;1.0207820001232903e-07;8.842696000356227e-08;5.376852000481449e-07
1.9399719999637455e-08;8.979802000103518e-08;8.937874000403098e-08;5.582906000199727e-07
1.958157500048401e-08;8.637535999878309e-08;9.520276000257581e-08;5.711961999768392e-07
2.02955849992577e-08;1.1094734999642242e-07;9.199736000155099e-08;5.554737999918871e-07
2.0413110000663436e-08;8.746834000339732e-08;1.0044460000353865e-07;5.471712000435218e-07
2.1396789999562314e-08;9.805059999926016e-08;9.897997999796644e-08;5.771348000271246e-07
2.134651499945903e-08;9.47956999996677e-08;1.0121970000909642e-07;5.8682540000882e-07
2.2291139999288134e-08;9.489272000500932e-08;8.065318000153639e-08;5.397632000385784e-07
2.1627569998963737e-08;9.384293999755755e-08;9.13505400007125e-08;5.512816000264137e-07
1.789950499951374e-08;9.725248000468127e-08;8.981564000132494e-08;5.590973999933339e-07
2.1320339999510905e-08;8.827501999912783e-08;9.387563999625854e-08;5.931244000094011e-07
2.018091999925673e-08;9.249386000446976e-08;9.168340000323951e-08;5.74691999994684e-07
2.3271584999747576e-08;8.681880000513047e-08;8.944738000282087e-08;5.861967999953777e-07
2.082566000171937e-08;8.596594000118784e-08;8.540298000443727e-08;5.542707999702543e-07
1.951954999967711e-08;8.697765999822877e-08;8.837992000044324e-08;5.129580000066199e-07
2.1129569999175145e-08;8.70045999996364e-08;9.720818000496365e-08;5.082744000246749e-07
2.042819999915082e-08;9.145961999893189e-08;1.0434999999415595e-07;5.311976000084542e-07
2.0841200000722892e-08;9.168575999792666e-08;1.007297999894945e-07;5.875474000349641e-07
2.3619174999475945e-08;8.65695600048639e-08;9.035016000270844e-08;5.46565799973905e-07
2.0321230000990907e-08;9.284440000192262e-08;9.625939999823458e-08;5.717329999897629e-07
1.866927999944892e-08;8.695136000169441e-08;9.066455999854953e-08;5.952393999905325e-07
2.212050999951316e-08;1.0533114999998361e-07;8.891456000274047e-08;5.375323999905959e-07
2.294174999988172e-08;1.0045148000353947e-07;9.538134000031278e-08;5.439897999749519e-07
2.2440459998324515e-08;1.0269800000241957e-07;8.988666000077501e-08;5.548441999708302e-07
2.107238000025973e-08;8.97726800001692e-08;8.88743199990131e-08;5.485681999707594e-07
2.0308199999271892e-08;8.654115999815985e-08;8.949765999568627e-08;5.405449999962002e-07
2.034148999955505e-08;8.710716000059619e-08;8.640219999942929e-08;5.950668000150472e-07
1.969606500060763e-08;8.934786000172608e-08;8.86118400027044e-08;5.556883999961428e-07
2.05571600003168e-08;1.0471623999765142e-07;9.82274200010579e-08;4.986298000440002e-07
2.3197419999632984e-08;9.677095999941229e-08;8.665283999871463e-08;5.806840000441298e-07
2.0108889997936786e-08;9.616342000081204e-08;8.860484000178985e-08;5.718728000065311e-07
2.09676300000865e-08;9.844024000340142e-08;1.000586000009207e-07;5.701969999936409e-07
2.4145339999813588e-08;8.715431999880821e-08;9.671845999546348e-08;5.835380000062287e-07
2.116354000172578e-08;9.824863999965601e-08;1.0388319999037776e-07;5.480448000016623e-07
2.13896700006444e-08;9.932516000117175e-08;9.579789999988862e-08;5.583448000252246e-07
2.0208309998270125e-08;9.956364000099711e-08;1.0300414000521414e-07;5.324069999624044e-07
2.0886590000009164e-08;9.572742000455036e-08;9.488471999648027e-08;6.119898000033572e-07
2.417944999760948e-08;9.465847999672405e-08;8.481966000399552e-08;5.541251999675296e-07
1.759180499939248e-08;9.046416000346653e-08;9.802064000396059e-08;5.504708000225946e-07
2.270112499973038e-08;8.986819999990985e-08;8.306806000182405e-08;5.50926600000821e-07
1.858389499975601e-08;9.601039999979549e-08;1.023018999985652e-07;5.816611999762245e-07
2.129413999791723e-08;9.65373599960003e-08;9.805816000443884e-08;5.111790000228211e-07
2.1673834999091924e-08;9.119639999698848e-08;8.725196000305004e-08;5.48559800023213e-07
2.0190360001288353e-08;9.183912000153214e-08;8.597214000183158e-08;5.406381999491714e-07
2.0604109999840148e-08;8.544163999613374e-08;9.084772000205703e-08;5.397351999999955e-07
2.2438540001166985e-08;1.0415453999885357e-07;1.0061919999134262e-07;5.40327399969101e-07
2.2415989998262375e-08;8.415344000095501e-08;8.877362000057473e-08;5.499102000030689e-07
2.00301800010493e-08;8.321928000077605e-08;1.0699400000157766e-07;5.343111999682151e-07
1.805173000029754e-08;9.112097999895923e-08;8.524356000125408e-08;5.463757999823429e-07
1.9461484999919777e-08;9.257380000199191e-08;8.384203999885358e-08;5.355605999939144e-07
1.8456845000036993e-08;8.512859999900684e-08;8.556669999961742e-08;5.467616000096313e-07
2.1555299998726694e-08;8.720218000235036e-08;9.714422000106425e-08;5.376283999648877e-07
2.0847880002111197e-08;9.35520800005179e-08;8.582741999998689e-08;5.690925999660976e-07
1.760297000000719e-08;9.30832999991253e-08;8.096801999490708e-08;5.607422000030056e-07
1.8161300000792835e-08;9.167597999912687e-08;1.0231225999887101e-07;5.672221999848262e-07
2.185522000072524e-08;8.750410000211559e-08;8.914719999884255e-08;5.568462000228465e-07
2.1763615000236314e-08;8.898361999890767e-08;1.0199789999751374e-07;5.653454000130295e-07
1.9280250000883824e-08;9.25699400017038e-08;9.991608000127598e-08;5.61120199970901e-07
1.850933499954408e-08;9.244764000177383e-08;9.51556200045161e-08;5.459379999665543e-07
2.1236925000266636e-08;8.754553999751807e-08;8.766686000162736e-08;5.735765999997966e-07
1.7853124999965074e-08;8.774443999864161e-08;8.321281999815256e-08;5.332330000237562e-07
2.0124529997701757e-08;8.654332000296563e-08;8.800337999709882e-08;5.400430000154301e-07
1.826102999912109e-08;8.037235999945551e-08;9.532497999607585e-08;5.59926399961114e-07
2.0842819999961648e-08;9.47565000038594e-08;9.831965999910608e-08;5.372980000101961e-07
2.0957289999932982e-08;8.447692000190728e-08;7.638214000035077e-08;5.180758000351489e-07
1.5906464999716263e-08;8.040778000140562e-08;1.0002220000023953e-07;5.515088000101969e-07
2.0342979999259113e-08;8.822814000304788e-08;1.0063030000310391e-07;5.514989999937825e-07
2.0101219999196473e-08;8.494996000081301e-08;8.247053999803029e-08;5.498518000240438e-07
1.9061979999241885e-08;8.834484000108205e-08;9.479485999909229e-08;5.630282000056468e-07
2.1326680001220667e-08;9.137038000044413e-08;9.119597999961116e-08;5.761133999913e-07
2.087370500084944e-08;9.482344000134617e-08;8.679982000030577e-08;5.679395999759436e-07
2.0665639999788254e-08;8.83023599977605e-08;8.178917999612167e-08;6.003950000158511e-07
1.9097724999301137e-08;7.920331999775954e-08;9.575070000137203e-08;5.34438400005456e-07
1.9088584999553858e-08;9.940823999932036e-08;9.110239999718033e-08;5.552540000062436e-07
1.8449680000776425e-08;9.714912000345066e-08;8.658153999713249e-08;5.163672000053338e-07
1.97955900002853e-08;9.431755999685265e-08;9.48525800020434e-08;5.383405999746174e-07
2.1800769999390468e-08;9.930245999712497e-08;9.676961999502965e-08;5.804604000295512e-07
2.2835889999987557e-08;1.0012748000444845e-07;9.46423000015784e-08;5.650501999771223e-07
1.9299060000048485e-08;9.224868000019341e-08;9.577210000134073e-08;5.444815999944694e-07
2.1877209999365733e-08;9.333583999541588e-08;8.918089999933727e-08;5.561235999921337e-07
1.9710055000905412e-08;8.888152000145055e-08;9.1691000002902e-08;5.408191999886185e-07
1.9543234999582638e-08;9.765221999841742e-08;9.235062000225298e-08;5.48172400041949e-07
2.0078929999726823e-08;9.33381000009831e-08;7.864301999798044e-08;5.411133999587037e-07
2.264503999904264e-08;1.0041284999169875e-07;8.51656400016509e-08;5.60854199982714e-07
2.1964090000255966e-08;8.79222400020808e-08;9.424743999843486e-08;5.264576000045054e-07
2.0994190001511014e-08;9.257304000202567e-08;9.270066000171937e-08;5.801539999665693e-07
2.1752470001229084e-08;9.446878000162542e-08;9.090362000279128e-08;5.998156000277959e-07
2.2078529999998863e-08;9.748839999665507e-08;1.010182999947574e-07;5.391209999797866e-07
2.284854000026826e-08;9.193215999985114e-08;9.333342000027187e-08;5.525414000148884e-07
1.9774495001183822e-08;9.345444000209682e-08;9.158799999859185e-08;6.026914000394754e-07
1.8165129999397322e-08;9.850276000215673e-08;9.622405999689363e-08;5.493659999920055e-07
2.0100704999640584e-08;1.0459124999761116e-07;9.220358000020496e-08;5.660962000256404e-07
1.87996300010127e-08;8.749360000365413e-08;8.639808000298217e-08;5.331681999959983e-07
2.0896009998978115e-08;9.743538000038825e-08;9.257871999870985e-08;5.194748000358232e-07
2.163015000114683e-08;9.444420000072569e-08;8.94226600008551e-08;5.518624000251293e-07
1.937980999937281e-08;1.0035809999681079e-07;1.0343845000898e-07;5.208373999921605e-07
2.1445619998848998e-08;8.155691999709234e-08;8.536132000153885e-08;5.725415999768302e-07
2.1975499999825843e-08;9.663192000007257e-08;1.0412609999766573e-07;5.441065999912098e-07
1.9516530001419595e-08;1.024840000027325e-07;9.883307999698445e-08;5.068748000194318e-07
2.1205634999205358e-08;8.944307999918238e-08;9.201210000319406e-08;5.789088000310585e-07
2.0885819999966772e-08;1.0379910000483506e-07;8.101521999924444e-08;5.423994000302627e-07
2.191832000098657e-08;8.504295999882743e-08;8.604651999776252e-08;5.399517999612727e-07
2.1137820000876672e-08;8.96686399995815e-08;8.668668000027537e-08;5.278373999753966e-07
1.8818435000139287e-08;8.93632399966009e-08;9.400257999659516e-08;6.007680000038817e-07
2.13757000019541e-08;1.0009084999910556e-07;8.744383999728597e-08;5.381883999798447e-07
1.904639999993378e-08;9.380577999982052e-08;9.483356000273489e-08;5.509206000133418e-07
2.015084000013303e-08;8.888859999715351e-08;9.163249999983236e-08;5.872394000180066e-07
2.0573719999811148e-08;9.177016000030563e-08;8.309525999939069e-08;5.257335999631323e-07
1.6054774999793153e-08;7.963003999902867e-08;7.8296500002034e-08;5.244071999914013e-07
1.7874614999163895e-08;8.743699999758973e-08;8.506511999876238e-08;5.271774000138976e-07
2.0363689999794588e-08;8.548569999984466e-08;9.062438000109979e-08;6.084935999824666e-07
2.0284799998626114e-08;1.0904864998883568e-07;1.1807270000281278e-07;5.936978000099771e-07
1.9210169999860226e-08;1.0604170001170132e-07;1.1700484999164473e-07;5.804941999958828e-07
1.843601999862585e-08;1.092456000042148e-07;9.838519999757409e-08;5.476132000330836e-07
1.9603750000533182e-08;9.425000000046566e-08;9.198979999637231e-08;5.814982000156306e-07
2.4443419999442994e-08;9.153496000217274e-08;8.906821999698878e-08;5.972431999980473e-07
2.1588919998612256e-08;8.572261999943294e-08;9.09077399992384e-08;5.465885999728925e-07
2.0922189997509122e-08;9.161319999839179e-08;9.53741799981799e-08;5.311748000094667e-07
2.197818999993615e-08;9.698405999806709e-08;1.0065575999906286e-07;5.43578399985563e-07
2.0266549999359995e-08;8.882328000036069e-08;9.14370400016196e-08;5.405846000066958e-07
2.0421309999073856e-08;1.0250495000218507e-07;9.310579999582842e-08;5.695256000035442e-07
1.949501499912003e-08;9.707057999912649e-08;9.577000000281259e-08;5.767124000121839e-07
2.1537580000585878e-08;9.274933999986387e-08;1.0277129999303725e-07;5.846824000473134e-07
2.135232000000542e-08;9.985498000169173e-08;9.147494000499136e-08;5.774074000073597e-07
1.968837999884272e-08;8.776536000077612e-08;9.302462000050582e-08;5.543594000046141e-07
2.418999000219628e-08;9.535903999931179e-08;1.0061132000409998e-07;5.398512000101619e-07
2.1040260000154377e-08;9.133547999663279e-08;8.828678000136278e-08;5.520877999952063e-07
2.4747150001348928e-08;9.491927999770269e-08;9.743386000045575e-08;5.709244000026956e-07
1.9215314999746623e-08;9.357564000529238e-08;1.0205704999680165e-07;5.647609999869019e-07
1.9368645000213292e-08;9.207702000276186e-08;9.140570000163279e-08;5.435918000293896e-07
2.099675999925239e-08;8.988141999579967e-08;9.540019999840296e-08;5.499311999883502e-07
2.0707464999577497e-08;8.709283999633044e-08;9.162244000472129e-08;5.697993999929168e-07
1.8686039999010972e-08;8.677875999710523e-08;1.0246994999761227e-07;5.343903999892064e-07
2.0781384999281726e-08;1.1732644000439905e-07;1.0483459998795297e-07;5.810751999961212e-07
2.2929560000193305e-08;9.270588000072166e-08;1.012697499973001e-07;6.395292000379414e-07
1.9207389999064617e-08;9.491732000024058e-08;9.078418000135571e-08;5.747229999979026e-07
2.0379410000168717e-08;1.0743009999860078e-07;1.0534964999533259e-07;5.672851999988779e-07
2.0154784999613186e-08;8.183489999501034e-08;9.207404000335373e-08;5.575394000043161e-07
1.9775535000371747e-08;8.718016000348143e-08;9.338626000098883e-08;5.540295999962837e-07
2.0430869999108836e-08;9.038366000168026e-08;8.862088000169024e-08;5.337466000346466e-07
2.0230849998188206e-08;9.92780800035689e-08;8.903757999651134e-08;5.830603999784216e-07
2.2500679999939167e-08;9.435721999616362e-08;9.498164000106045e-08;5.278697999892756e-07
1.8308435000653844e-08;9.453791999840178e-08;9.366466000210494e-08;5.583002000348642e-07
1.844744999980321e-08;9.131640000268817e-08;9.18067799997516e-08;5.313378000282682e-07
2.1717240000725724e-08;9.712793999933638e-08;8.661876000114717e-08;5.506900000036694e-07
2.0833999998285436e-08;9.422113999607973e-08;8.492915999959222e-08;5.764465999673121e-07
2.3760299998684785e-08;8.95002800039947e-08;9.48469599999953e-08;5.440613999962806e-07
2.0300570002291353e-08;9.846278000040911e-08;9.491656000027433e-08;5.51062600046862e-07
2.0926929998677223e-08;9.50996000028681e-08;9.800199999590405e-08;5.584826000267639e-07
2.2169710000162014e-08;9.526569999870844e-08;8.870827999780886e-08;5.910720000392758e-07
2.1631459999480284e-08;8.839552000281401e-08;8.861102000228129e-08;5.782570000155829e-07
2.0458960000541994e-08;8.291454000282101e-08;8.881955999531783e-08;5.767210000194609e-07
2.1881849999772385e-08;1.1225959999137558e-07;1.0734565000166185e-07;5.968092000111937e-07
2.0473579999816138e-08;9.647789999726229e-08;9.488038000417873e-08;5.627654000418261e-07
1.9440180000674445e-08;9.678889999631792e-08;1.0072365000087302e-07;5.313972000149079e-07
2.3087289999239146e-08;8.583154000225477e-08;8.909480000147596e-08;5.321906000026502e-07
1.9838040000468027e-08;9.522761999978683e-08;8.53482400008943e-08;5.329290000372566e-07
2.185728999902494e-08;8.31505800015293e-08;8.901136000058613e-08;5.534982000244781e-07
1.9794100000581237e-08;1.0738934999972116e-07;8.537619999842719e-08;5.358756000059657e-07
2.2321820000070147e-08;9.064759999746456e-08;8.825599999981932e-08;5.705432000104338e-07
2.1600690000923352e-08;9.381452000234276e-08;9.24083799996879e-08;5.53509599994868e-07
2.0227095000154805e-08;9.329518000013195e-08;9.549819999956526e-08;5.75245600019116e-07
2.2147274999588264e-08;8.999681999557652e-08;9.002003999776207e-08;5.763882000464946e-07
2.0323380001354963e-08;8.842981999623589e-08;9.253704000147992e-08;5.476366000366397e-07
1.9938055000966416e-08;9.309699999867007e-08;9.451995999552309e-08;5.562816000310704e-07
2.048566000012215e-08;8.780964000034145e-08;8.064114000299014e-08;5.382895999937318e-07
1.8011149999802e-08;9.704237999976613e-08;9.444186000037008e-08;5.089516000007279e-07
1.862671999988379e-08;8.695806000032462e-08;8.981174000073224e-08;5.601402000174858e-07
1.8613480000931303e-08;9.545567999593913e-08;9.068735999753699e-08;5.422886000014841e-07
2.1386445000825917e-08;9.715359999681823e-08;1.0473535000346601e-07;5.255897999741137e-07
1.8997779999335763e-08;8.357484000152909e-08;9.052695999853313e-08;5.676109999767505e-07
1.9096880000142848e-08;9.360605999827384e-08;1.0177785000996664e-07;5.622124000219628e-07
1.9785880000563337e-08;9.852716000168584e-08;8.461744000087492e-08;5.452516000368633e-07
2.0654140002443454e-08;9.644478000118398e-08;8.742900000070221e-08;5.743947999435477e-07
2.102393000095617e-08;1.000162000011187e-07;8.709187999484129e-08;5.502874000230805e-07
2.014325999916764e-08;9.822813999489881e-08;8.977582000079565e-08;5.533083999762311e-07
2.300866000005044e-08;8.91217400028836e-08;9.643519999808631e-08;5.434149999637157e-07
1.9282170000951736e-08;9.205637999693863e-08;9.178359999787063e-08;5.390417999587953e-07
2.082906999858096e-08;9.174607999739237e-08;8.898473999579437e-08;5.669555999920703e-07
2.103628999902867e-08;8.93316200003028e-08;9.679806000203825e-08;5.260678000049666e-07
2.0227850000082982e-08;9.146834000130183e-08;8.573120000073687e-08;5.401270000147633e-07
1.8071354999847244e-08;8.706752000143751e-08;1.0323860000062268e-07;5.427115999627859e-07
2.0653645000129474e-08;1.0003430000506341e-07;8.724005999974906e-08;5.259043999831193e-07
1.9031700000050476e-08;7.749693999649026e-08;8.485212000086904e-08;5.320257999701426e-07
1.8399205000605434e-08;8.350692000240087e-08;8.261203999863937e-08;5.472065999638289e-07
1.8028669999330304e-08;8.389118000050075e-08;8.628078000037931e-08;5.365018000011333e-07
1.772979499946814e-08;8.523308000294491e-08;9.056577999726869e-08;5.306027999613434e-07
1.8301169999176635e-08;8.5268360003829e-08;9.373102000099607e-08;5.838776000309735e-07
1.814513999997871e-08;8.183093999978155e-08;7.925492000067607e-08;5.425616000429727e-07
2.1293699998932426e-08;9.329288000008092e-08;9.16464800015092e-08;5.87701000040397e-07
1.947350999980699e-08;7.888458000379614e-08;9.268646000418812e-08;5.132352000218816e-07
2.0271349999529777e-08;8.575260000070557e-08;9.557429999695159e-08;5.827389999758452e-07
2.04773949997616e-08;9.555516000255011e-08;9.522047999780625e-08;5.525657999678515e-07
1.915522500057705e-08;9.15508600010071e-08;9.07074399990961e-08;5.534683999721892e-07
1.8192780000390484e-08;1.0771455000212882e-07;1.0351644999173004e-07;5.422298000194132e-07
2.1157800001674332e-08;9.772826000116765e-08;9.206187999807298e-08;5.50052400038112e-07
1.7362825000600422e-08;8.164361999952234e-08;9.910515999654308e-08;5.61777799972333e-07
2.0802789999288506e-08;1.0388590001093689e-07;1.0252669999317732e-07;5.565262000309303e-07
2.1157389998552388e-08;8.778545999666676e-08;8.040889999829233e-08;5.605573999928311e-07
2.112282000016421e-08;8.686971999704838e-08;8.856767999823205e-08;5.186487999744714e-07
2.128466000140179e-08;9.585706000216305e-08;1.012823200027924e-07;5.455523999989964e-07
2.2410479999962262e-08;9.729104000143706e-08;9.25950600008946e-08;5.370544000179507e-07
2.0332760000019333e-08;9.262893999693915e-08;8.872506000334397e-08;5.203044000081718e-07
1.9384330000320916e-08;9.158820000011474e-08;9.131311999517493e-08;5.707956000114791e-07
1.9109064999793192e-08;8.733110000030138e-08;9.210949999978765e-08;5.303430000203661e-07
2.0845809997990728e-08;1.0074310000345577e-07;9.264289999846369e-08;5.748059999896214e-07
2.0896660001017153e-08;9.259884000057354e-08;1.0019484999065753e-07;5.658640000037849e-07
2.0110579999163746e-08;1.0605470000882632e-07;9.470888000214472e-08;5.520697999745608e-07
1.951021999993827e-08;1.0839649999979883e-07;9.816511999815702e-08;5.761621999554337e-07
2.25333899987163e-08;9.47301400010474e-08;9.218680000049062e-08;5.748228000011295e-07
2.0593890000600368e-08;9.044053999823518e-08;1.0018135000427719e-07;5.919587999815121e-07
2.1129179999115878e-08;8.926193999941461e-08;8.478675999795086e-08;5.787111999816261e-07
2.023689499910688e-08;9.408190000103787e-08;8.392011999967508e-08;5.427905999822542e-07
2.0584550000785386e-08;9.460976000409574e-08;8.854902000166475e-08;5.523231999832206e-07
2.021058000100311e-08;8.89578599948436e-08;8.817076000268571e-08;5.712876000325196e-07
2.1284799999557436e-08;9.013845999725163e-08;8.474463999737054e-08;5.938695999793708e-07
2.0433029998093843e-08;8.447345999884419e-08;8.665515999891796e-08;5.291439999709837e-07
1.9956705000367946e-08;1.0132544999942184e-07;9.66396400006488e-08;6.031867999699898e-07
2.1269990000291728e-08;1.020501500024693e-07;1.0793610000400804e-07;5.225327999796718e-07
1.856241999921622e-08;9.340727999806405e-08;8.800114000332541e-08;5.699768000049516e-07
2.5610950001282617e-08;1.0546570000587962e-07;1.0296119999838992e-07;5.273967999964953e-07
2.2308409999823197e-08;1.0174189999816008e-07;9.661767999641597e-08;5.76939000049606e-07
2.3135550000006335e-08;8.920445999829099e-08;9.246953999972902e-08;5.376981999725104e-07
2.0468124999024438e-08;1.0033900000271388e-07;9.395574000081979e-08;5.647271999623627e-07
2.1958469998207875e-08;1.0263290000148118e-07;1.0009728000150062e-07;5.375834000296891e-07
2.0026320000761188e-08;1.0100894999050069e-07;9.784527999581769e-08;5.713858000235632e-07
2.1494710000115446e-08;9.734154000179842e-08;9.152823999756947e-08;5.588850000058301e-07
1.8511695000051986e-08;9.874149999814108e-08;8.756042000022716e-08;5.524899999727495e-07
1.9909840000036637e-08;1.0252489999402314e-07;8.983661999809556e-08;5.298791999812238e-07
1.9932559999870135e-08;1.0535050000180491e-07;1.0102645000733901e-07;5.807789999525994e-07
2.1642235000035726e-08;9.363228000001982e-08;9.747415999881924e-08;5.562096000066959e-07
1.9182130000262988e-08;9.356773999752476e-08;9.317129999981262e-08;5.498418000061065e-07
1.8794795000576414e-08;9.811097999918275e-08;9.268442000029609e-08;5.689004000159912e-07
1.8819704999623356e-08;9.105904000462033e-08;1.0264230000029784e-07;5.695176000008359e-07
1.6926470000180414e-08;9.267971999943256e-08;9.529279999551363e-08;5.692464000312612e-07
2.0410175000142773e-08;1.089157999958843e-07;1.025089499889873e-07;5.839518000138924e-07
2.0841789999394677e-08;1.0760950000258163e-07;9.25018000009004e-08;5.511247999966145e-07
2.2655649998341687e-08;8.132695999811404e-08;9.567120000137948e-08;5.464330000104382e-07
2.1179790000314826e-08;8.599317999905906e-08;9.794817999936641e-08;5.492686000070535e-07
2.1631909999996422e-08;1.0242769999604206e-07;9.895251999842002e-08;5.156845999881625e-07
2.1518299999297595e-08;8.69412400003057e-08;9.437349999789149e-08;5.785409999662079e-07
2.2511510000913405e-08;9.512579999864102e-08;9.96251599979587e-08;5.600121999741531e-07
2.1877259999746457e-08;8.35220200009644e-08;9.51865800016094e-08;5.730268000042997e-07
1.9324074999894947e-08;1.0171540000010281e-07;9.405165999778547e-08;5.477024000138044e-07
2.3188239999581128e-08;9.137230000342242e-08;7.899157999781891e-08;5.82432399969548e-07
2.1584659998188728e-08;8.81059399980586e-08;9.090282000252045e-08;5.775027999770828e-07
2.170484999951441e-08;8.870096000027843e-08;1.084131499956129e-07;5.454230000032112e-07
2.1167809999315068e-08;9.30865400005132e-08;9.367301999591291e-08;5.587805999675765e-07
1.928994999907445e-08;9.596476000151597e-08;9.348769999924116e-08;5.460114000015892e-07
2.0830415000091306e-08;9.211013999884017e-08;9.746311999624595e-08;5.56963600043673e-07
2.018644000054337e-08;8.640442000469193e-08;8.941096000489779e-08;5.355755999917165e-07
2.1387949999189006e-08;9.112396000418812e-08;9.351948000257835e-08;5.397915999637917e-07
2.090772000083234e-08;9.221748000127263e-08;8.584469999768771e-08;5.258456000010483e-07
1.8566654999449385e-08;9.493490000022575e-08;9.084817999973893e-08;5.475602000369691e-07
1.7699675000039862e-08;9.309425999526866e-08;9.023288000025787e-08;5.374970000120811e-07
1.8616824998753145e-08;7.925470000482164e-08;8.203269999939948e-08;5.139179999823682e-07
1.9358474999899044e-08;8.456340000266209e-08;7.848729999968782e-08;5.286417999886908e-07
1.9557344999338965e-08;8.56718799972441e-08;8.157992000342346e-08;5.578931999625638e-07
1.67287899996154e-08;8.839325999724679e-08;8.568690000101924e-08;5.369027999695391e-07
1.8036909999500494e-08;8.167341999942437e-08;9.382192000048235e-08;5.288295999635011e-07
1.8655509999371135e-08;9.413569999742322e-08;9.483056000317447e-08;5.296585999894887e-07
2.01305249996949e-08;9.380879999953322e-08;1.051668800006155e-07;5.504585999879055e-07
2.1386239999264945e-08;8.49558399990201e-08;8.536175999906846e-08;5.804405999951996e-07
2.1580079998238943e-08;9.183684000163339e-08;8.817187999957241e-08;5.462890000198968e-07
1.849851999868406e-08;9.081904000486247e-08;9.077008000458591e-08;5.419696000171825e-07
1.9460165000054984e-08;8.528771999990568e-08;8.65894999995362e-08;5.207381999935023e-07
2.1164550000685266e-08;8.542320000124164e-08;1.0088130000804085e-07;5.583456000313162e-07
2.1281339999404737e-08;1.0710454999934882e-07;1.0967874999914784e-07;5.754080000333488e-07
2.0117914999718776e-08;9.232858000323177e-08;8.715049999882467e-08;5.519473999738693e-07
2.165476999944076e-08;8.960236000129953e-08;8.87020600028336e-08;5.84687800030224e-07
2.0890769999823534e-08;1.0341130000597332e-07;9.1123399999924e-08;5.668083999771625e-07
2.37958499987144e-08;9.0354379999917e-08;1.0271545000432525e-07;5.724095999612473e-07
2.2309370001312345e-08;9.638380000251345e-08;9.734787999768741e-08;5.259485999704338e-07
2.1786699999938718e-08;1.0406194999814034e-07;9.516336000524462e-08;5.630902000120841e-07
2.1589580000727438e-08;8.948503999854438e-08;9.057365999906323e-08;5.443423999822699e-07
2.0677640000940302e-08;8.912450000061653e-08;1.0596520001126918e-07;6.175252000102773e-07
2.111929999955464e-08;9.81759799993597e-08;9.448734000325203e-08;5.458687999635003e-07
2.026435500010848e-08;1.0071754999808036e-07;1.0486570000066422e-07;5.686793999630026e-07
1.933090000093216e-08;8.639212000416592e-08;8.832362000248395e-08;5.442800000309944e-07
2.0686819998081772e-08;9.572573999757879e-08;8.881616000435314e-08;5.601501999772154e-07
1.7629750000196508e-08;9.127494000131265e-08;1.1413049999100622e-07;5.481978000025264e-07
2.2290870000142605e-08;8.476488000014797e-08;9.198989999713376e-08;5.48756800009869e-07
1.9262664999405387e-08;1.0012020000140182e-07;9.952671999926679e-08;5.390313999960199e-07
2.2221984999487175e-08;8.271521999849938e-08;8.635863999952563e-08;5.448114000027999e-07
2.2554879999370314e-08;8.656838000169956e-08;1.0401954999542795e-07;5.628691999590955e-07
2.0656199999211823e-08;9.982094000442884e-08;9.414922000141814e-08;5.46245799981989e-07
1.936773500056006e-08;9.642570000141858e-08;1.0287904999859165e-07;5.306410000193864e-07
2.0079530001385138e-08;9.219682000111788e-08;9.633671999908984e-08;5.370704000233672e-07
1.9104869999864603e-08;9.086859999806621e-08;9.325418000225909e-08;5.386227999697439e-07
2.2575500002130866e-08;9.470816000248305e-08;9.349873999599367e-08;5.883038000320085e-07
1.9786225000279956e-08;8.878216000157408e-08;8.10527199995704e-08;5.200672000064515e-07
2.37072599993553e-08;8.58111999987159e-08;8.017392000183464e-08;5.964395999908447e-07
2.0501560001866893e-08;9.658934000181034e-08;9.006744000362233e-08;5.682243999908678e-07
1.9170364999445157e-08;9.661877999897116e-08;8.810706000076606e-08;5.563827999867499e-07
1.9860849999531637e-08;9.568892000243067e-08;8.514650000142865e-08;5.541184000321663e-07
2.0377759999246338e-08;8.206828000256791e-08;8.148341999622062e-08;5.484296000213363e-07
1.7540474999987056e-08;8.681787999812514e-08;8.617732000420801e-08;5.559061999665573e-07
2.017321499879472e-08;8.492919999989681e-08;8.792019999818876e-08;5.051477999659256e-07
1.9048504999955185e-08;8.193865999928676e-08;8.621370000182651e-08;5.334156000171788e-07
2.0301019999897106e-08;8.926442000083626e-08;8.810833999887109e-08;5.6691100000171e-07
1.9058419999782927e-08;8.851125999935903e-08;8.390171999926678e-08;5.507524000131525e-07
1.7717629999970087e-08;8.61097399960272e-08;9.121156000182963e-08;5.19942799990531e-07
2.0110849999764468e-08;8.693189999903553e-08;9.543584000202827e-08;5.578792000305838e-07
2.3244870000053197e-08;1.1213670000142883e-07;1.0502558000152931e-07;5.372747999499552e-07
2.245999999868218e-08;9.08235200040508e-08;1.0903804999543354e-07;5.939551999908872e-07
1.8202405000920407e-08;8.911355999880471e-08;9.438718000310473e-08;5.767352000111714e-07
2.1628320001764224e-08;9.262026000069455e-08;8.56435399968177e-08;5.633740000193939e-07
1.9180295000842307e-08;9.008281999849715e-08;1.145630500104744e-07;5.263561999890953e-07
1.8640745000448077e-08;9.135798000497744e-08;9.703237999929115e-08;5.857934000086971e-07
2.0108719999552705e-08;1.008906000002753e-07;9.004575999570079e-08;5.476653999648989e-07
2.044385000190232e-08;8.489840000402182e-08;9.825003999867476e-08;5.595580000081099e-07
1.8245174999174198e-08;1.0632277999538928e-07;1.0093369999958668e-07;5.842889999621548e-07
2.2152844999800438e-08;1.0023100000398699e-07;1.0238330000720452e-07;5.631582000060006e-07
2.15149299998302e-08;8.747798000113107e-08;1.1515024999971502e-07;5.418399999616668e-07
2.105401000007987e-08;9.664060000213794e-08;9.887999999918974e-08;5.287792000453919e-07
2.2137420001672582e-08;1.1010450001049321e-07;1.0194697999977507e-07;5.391769999987445e-07
2.4517809998360462e-08;9.712107999948785e-08;1.0418335000576917e-07;5.620122000109405e-07
2.195965000137221e-08;8.598641999997198e-08;8.750039999722503e-08;5.443866000277921e-07
2.2091225000622217e-08;1.0348444999544882e-07;1.0317599998961668e-07;6.006610000040382e-07
2.045247000060044e-08;1.0966205000295304e-07;1.1336519999895245e-07;5.645926000433974e-07
2.5608520000241696e-08;1.0875704999489244e-07;1.1400355001387652e-07;5.968932000105269e-07
2.4983730001258665e-08;1.0997605000738986e-07;9.34432599984575e-08;5.928746000281535e-07
1.8115894999937155e-08;1.0593235000851564e-07;1.0581517999526113e-07;5.1827920001233e-07
2.199236500018742e-08;9.70886800030712e-08;8.680786000331864e-08;5.373146000201813e-07
2.43234499997925e-08;8.871055999770761e-08;1.1140574999444653e-07;5.776188000454568e-07
1.9775784999364986e-08;1.0836495000694413e-07;9.763249999959954e-08;5.467630000202917e-07
2.0079110001097433e-08;1.1135269999795128e-07;1.0098914999980479e-07;5.584690000396222e-07
2.2527330000593793e-08;1.0071985999820755e-07;1.0313964998931624e-07;6.402423999970778e-07
2.0274189999327063e-08;1.0757399999420159e-07;1.0242475000268313e-07;5.951492000021972e-07
2.2763249999843537e-08;9.50321200012695e-08;9.768882000353187e-08;5.377683999831789e-07
1.870129500020994e-08;9.698487999849021e-08;1.019934999931138e-07;5.614039999782108e-07
2.2159309999551625e-08;1.198195000033593e-07;1.1139944999013096e-07;5.357408000272699e-07
2.130034000147134e-08;1.0422009999747388e-07;1.0106934999930672e-07;6.363746000570245e-07
2.2173180000390857e-08;9.651645999983884e-08;1.0777005000272766e-07;6.13067600002978e-07
2.2068170001148247e-08;1.1256160000630189e-07;9.45008200011216e-08;5.608569999458268e-07
2.5834290002239868e-08;9.11357200006023e-08;1.0158304999640677e-07;5.995840000105091e-07
2.399669000005815e-08;1.0294435000105295e-07;1.0946600000897888e-07;5.727228000178001e-07
2.3257700000249315e-08;1.0608967999578454e-07;9.61922999995295e-08;5.885962000465952e-07
2.1688284999981988e-08;1.02465050003957e-07;1.0713514999952168e-07;5.615192000404932e-07
2.3292120001860895e-08;9.434913999866694e-08;9.484170000068843e-08;6.201989999972284e-07
2.5095810000493656e-08;1.01265000004787e-07;9.037356000044384e-08;5.836655999883078e-07
2.4418560002231972e-08;1.0938824999902863e-07;9.097023999784141e-08;5.914442000212148e-07
2.092034499946749e-08;1.129495500063058e-07;1.0501590000058059e-07;5.601078000036068e-07
2.5574959997902624e-08;1.0788804999901912e-07;1.0141280000971164e-07;5.859797999728471e-07
2.1368429998983628e-08;1.0843849999946542e-07;8.814942000317388e-08;5.841874000034295e-07
2.1531910001067445e-08;1.2051530000462662e-07;1.1478929998702369e-07;5.689146000077016e-07
2.298792999936268e-08;1.063770500040846e-07;1.0168625001097098e-07;5.674959999741986e-07
2.4707699997816236e-08;9.521843999973498e-08;1.2047560000792146e-07;6.022613999666646e-07
2.0882949998485856e-08;8.420343999750913e-08;1.0261829999217298e-07;5.669677999685518e-07
1.955685499997344e-08;1.083113500062609e-07;9.889837999944575e-08;5.711809999775142e-07
2.4923419998958708e-08;1.1016674998973031e-07;1.1128421999746934e-07;6.231193999992684e-07
2.320913999865297e-08;1.0904244999983347e-07;1.1113340000156313e-07;5.611370000406168e-07
2.5750859998515808e-08;1.2013324999134056e-07;9.555745999678038e-08;5.936765999649651e-07
2.2147240000776948e-08;1.19737549990532e-07;1.1547331999754533e-07;5.868457999895326e-07
2.4891885000397452e-08;9.410079999943264e-08;1.1784335999982432e-07;6.322201999719255e-07
2.4807129998225718e-08;1.0276062000193633e-07;1.0446938000386581e-07;5.575845999992453e-07
2.172302000108175e-08;1.0999998000334017e-07;9.41500399960205e-08;6.304243999766186e-07
2.1981855000194627e-08;1.045676499925321e-07;1.038490500068292e-07;6.34589999972377e-07
2.261976000154391e-08;1.0455899999942631e-07;1.0325734999787528e-07;5.61576799955219e-07
2.366119000071194e-08;9.438624000176787e-08;1.1050069999764673e-07;5.522605999722146e-07
2.7349120000144466e-08;1.0719021999975666e-07;1.0457450000103562e-07;5.733803999610246e-07
2.4588244999176823e-08;1.1208395000721794e-07;1.2489360000472516e-07;6.159219999681227e-07
2.3919459999888203e-08;1.060074600041844e-07;1.021139999938896e-07;5.731656000134535e-07
2.0655540001462213e-08;1.0292503999662586e-07;9.334206000203266e-08;5.336816000053659e-07
2.1672829997260123e-08;1.019782499934081e-07;8.836951999692246e-08;5.936529999598861e-07
2.0549239999672865e-08;9.12575000023935e-08;9.309003999806009e-08;5.566333999740891e-07
1.9664984999690204e-08;1.0552574999746866e-07;1.084156199998688e-07;5.692000000271946e-07
2.4175899999681862e-08;1.0255923999939114e-07;1.1290410000947304e-07;6.023583999485708e-07
2.0991664999746717e-08;9.072779999696649e-08;1.1199990000750404e-07;5.78215999994427e-07
2.0392080000601708e-08;1.0797065000224393e-07;1.1764529999345541e-07;5.869426000281237e-07
2.6164670000434853e-08;1.0427261999575422e-07;1.0303194999869447e-07;6.061685999738984e-07
2.0945059999939986e-08;1.1327805000473745e-07;1.0674925000057555e-07;5.500934000010602e-07
1.871969499916304e-08;8.834679999854415e-08;9.844342000433243e-08;5.419544000178576e-07
2.2026760000153444e-08;8.646598000195808e-08;1.0029191999929026e-07;5.312413999927231e-07
1.9115025000064633e-08;8.420573999756016e-08;8.489744000253267e-08;5.488322000019253e-07
1.8913584999972954e-08;8.431250000139699e-08;8.617243999615311e-08;5.527365999878384e-07
1.8865584999730344e-08;9.639999999781139e-08;1.1641045000578743e-07;5.73913200001698e-07
1.8567440001061185e-08;1.0580075999605469e-07;9.44348999997601e-08;5.818202000227756e-07
1.971348999941256e-08;9.386741999769584e-08;1.0172985999961384e-07;5.853596000233665e-07
2.014245000027586e-08;9.84952200029511e-08;9.387337999651209e-08;6.235537999891676e-07
2.2771340000326745e-08;1.0024330000160262e-07;1.0264630000165197e-07;5.409012000309304e-07
2.152821000199765e-08;9.51658000005409e-08;1.0955780000949745e-07;5.773116000345908e-07
2.1461950000957585e-08;9.12675199972e-08;1.069915400003083e-07;5.929062000359409e-07
2.6967310000327417e-08;9.476746000000276e-08;8.847114000236615e-08;5.620892000151798e-07
2.103808999963803e-08;7.999692000448704e-08;1.0094830000889488e-07;5.219877999625168e-07
2.011025000247173e-08;9.035487999790348e-08;8.604831999982707e-08;5.677466000197455e-07
2.1033875001012348e-08;7.753619999857619e-08;1.0249733999953605e-07;5.540429999819025e-07
1.990663500037044e-08;9.716385999927297e-08;9.701822000206448e-08;5.871704000164755e-07
2.100944999838248e-08;8.950503999949433e-08;8.859032000182197e-08;5.876455999678001e-07
2.0506020000902935e-08;9.647992000100203e-08;1.019158199953381e-07;5.900737999472768e-07
1.9166389999736566e-08;9.185919999727048e-08;1.0383344998990651e-07;5.535527999745682e-07
2.2934525000164285e-08;1.0934194999572355e-07;1.0264400001324248e-07;6.059670000104233e-07
2.1427239998592997e-08;9.193864000262693e-08;1.0381889999553095e-07;5.840584000106901e-07
2.3168430000077934e-08;1.0348807999980637e-07;1.0073094999825116e-07;5.572141999728046e-07
2.188585999829229e-08;1.0081305999774486e-07;1.238213999895379e-07;6.571485999738798e-07
2.010681999963708e-08;1.0750739999639337e-07;1.1459260000265204e-07;6.410347999772057e-07
2.0982180000282823e-08;9.495579999638722e-08;1.0567500000470318e-07;5.633894000202417e-07
2.0377120000193828e-08;7.956583999912254e-08;9.478955999948084e-08;5.290013999911025e-07
2.2495810000691563e-08;9.076442000223323e-08;1.0231107999570668e-07;5.679920000256971e-07
2.1133899997221306e-08;1.0047307999921032e-07;9.021178000257351e-08;5.934255999745801e-07
2.087214999774005e-08;8.963144000153989e-08;1.0127875999896787e-07;5.796537999995053e-07
2.0633500000985805e-08;9.75204800022766e-08;9.029849999933503e-08;5.812895999988541e-07
2.1512760000769048e-08;1.0078470000007656e-07;1.005355000088457e-07;5.704750000149943e-07
2.4653639999451117e-08;8.827043999917805e-08;1.1461396000231616e-07;5.699848000076599e-07
2.2827250001137145e-08;1.0568775999709033e-07;9.593437999719754e-08;5.813234000233934e-07
2.238404000090668e-08;9.767137999879196e-08;1.0358783999690786e-07;5.74291999975685e-07
2.0172300000558608e-08;9.366440000012517e-08;1.0529263999778777e-07;6.043244000175037e-07
2.615724999923259e-08;9.541042000055313e-08;1.1444365000352263e-07;5.832905999850482e-07
2.0165600001928398e-08;9.202094000065699e-08;1.162624999997206e-07;6.544356000376865e-07
1.8827845000487287e-08;1.0700699999870266e-07;1.1249609998776577e-07;5.660219999845139e-07
2.5937089999206365e-08;1.0365163999958895e-07;1.2413919999962673e-07;5.824214000022039e-07
2.1103489999950397e-08;8.305481999996118e-08;1.0039544999017381e-07;5.603255999740214e-07
2.069183000130579e-08;1.0482140000385698e-07;1.1313979999977164e-07;6.11767599999439e-07
2.4220139998942614e-08;1.0013289999915287e-07;9.7443119995296e-08;6.321375999832525e-07
2.2395710001001134e-08;1.1201655000331812e-07;1.1403389999759384e-07;5.544725999934599e-07
2.1577779999643097e-08;8.713217999902554e-08;1.312361000018427e-07;5.607730000047013e-07
2.0464079998782836e-08;9.771648000460118e-08;9.874370000325144e-08;5.303745999699458e-07
2.065135999873746e-08;9.39732400001958e-08;1.0114349999639672e-07;6.05967800016515e-07
2.168777499900898e-08;1.0176114999921992e-07;1.0747830000764224e-07;5.724164000130259e-07
2.0727630000328645e-08;1.0322469999664463e-07;9.920625999802723e-08;5.392176000168547e-07
2.1494409997831098e-08;8.701480000163429e-08;1.0886885000218171e-07;5.785170000162907e-07
2.2038760001305492e-08;9.002679999684915e-08;9.373254000092857e-08;5.558717999956571e-07
1.7785400000866503e-08;9.377040000399575e-08;1.0901971999555826e-07;5.65004600037355e-07
1.635924000001978e-08;8.68207999970764e-08;1.0198560000571888e-07;5.220220000483096e-07
2.0934079999278764e-08;9.341589999967254e-08;1.058197999955155e-07;6.355749999638647e-07
1.9170999999914784e-08;9.135828000144101e-08;8.5935599997174e-08;5.484834000235424e-07
1.6739610000513495e-08;9.35730799974408e-08;9.142067999928259e-08;5.826356000034139e-07
1.6577864999999293e-08;8.762096000136808e-08;8.506429999833926e-08;5.63962200016249e-07
1.8981080000230577e-08;7.55735199956689e-08;9.63823800033424e-08;5.531161999679171e-07
2.152953999757301e-08;9.713958000065758e-08;8.888731999904848e-08;5.449980000266805e-07
1.977092500019353e-08;8.999779999721796e-08;9.09841199987568e-08;5.593705999781377e-07
2.3372139999992215e-08;8.161185999633744e-08;9.59774799994193e-08;5.309524000040255e-07
2.043550999951549e-08;9.00095799996052e-08;9.610094000236132e-08;5.944147999980487e-07
1.683603999990737e-08;8.023036000085994e-08;7.481366000138223e-08;5.695707999984734e-07
2.1361500000057276e-08;1.1199824999494012e-07;1.034557999955723e-07;5.609991999808699e-07
2.2669179999502375e-08;8.21704400004819e-08;9.386669999803417e-08;5.440193999675102e-07
1.80964999992284e-08;1.0206820000894367e-07;9.506576000130736e-08;5.593241999740713e-07
1.8063109999638982e-08;1.0545195000304375e-07;9.339348000357858e-08;5.466439999872818e-07
2.0989389999886043e-08;8.658411999931559e-08;9.57838999980595e-08;5.563066000468098e-07
2.023328999930527e-08;1.040414999879431e-07;1.015841499902308e-07;5.418466000119224e-07
2.2768459998769685e-08;9.309617999824695e-08;1.1027000000467525e-07;5.77235600037966e-07
1.875189499987755e-08;8.942564000026323e-08;1.1366290001024027e-07;5.805272000143304e-07
1.9579995000094642e-08;1.04388600011589e-07;9.565854000393301e-08;4.968191999942064e-07
1.8843310000374913e-08;9.674370000138878e-08;9.42246199992951e-08;5.901081999763847e-07
2.0379070000490173e-08;9.767082000034862e-08;1.0053749999497086e-07;5.620084000402131e-07
2.2247710000374354e-08;8.678983999998309e-08;9.597776000155136e-08;6.359905999852344e-07
1.8101890000980348e-08;7.98860999988392e-08;1.1284245000570081e-07;5.787798000383191e-07
2.075040500058094e-08;1.1519854998914525e-07;1.0388553999946452e-07;5.975524000241422e-07
2.5616940000327303e-08;1.0605999999679625e-07;1.1488480000116397e-07;6.044182000332512e-07
2.4245215000701137e-08;1.0576877999701537e-07;1.2193025001033675e-07;5.465479999547824e-07
1.8315544999495616e-08;8.682115999981762e-08;8.745194000075571e-08;6.545118000358343e-07
2.0479239997803235e-08;1.0939370001142379e-07;1.0436267999466509e-07;6.175689999945462e-07
2.1045060001779348e-08;1.0252819999586791e-07;1.1062460001267027e-07;6.7308800003957e-07
2.208366999984719e-08;1.1173025000607595e-07;1.0902730000088923e-07;5.623144000419415e-07
1.8588274999638088e-08;9.895945999887772e-08;1.30825050000567e-07;6.504892000230029e-07
1.8567480001365765e-08;1.0763460000162012e-07;1.0487110000394751e-07;6.010571999941021e-07
2.3890019999817015e-08;1.0798429998976644e-07;1.0884805000387132e-07;6.24878600006923e-07
2.343369000009261e-08;1.1256174999289214e-07;1.0180880000116304e-07;6.00869000016246e-07
2.400690999929793e-08;9.348186000133864e-08;1.1341289999836591e-07;6.403004000312648e-07
2.096400000009453e-08;9.386475999490358e-08;9.724156000302173e-08;5.851300000213087e-07
2.1536609999020583e-08;1.0089185000106227e-07;1.0648180000134743e-07;5.753012000350281e-07
2.07136500015622e-08;9.469859999953769e-08;1.0200924999662675e-07;5.514940000139177e-07
2.5228069999138824e-08;1.1425800000142772e-07;1.1075384999276139e-07;6.18133999989368e-07
2.2356159999617376e-08;1.0293685000215192e-07;1.0640858000260777e-07;6.206549999769777e-07
1.7259185000148137e-08;1.1453180000535212e-07;1.1656044999836013e-07;5.911132000037469e-07
2.5855319999391213e-08;1.0403539999970235e-07;1.094751600001473e-07;6.430473999935202e-07
2.0537389999662993e-08;9.042697999975644e-08;1.0316621999954804e-07;5.793697999906726e-07
2.2058974999526983e-08;9.382122000097297e-08;1.0626765999477356e-07;6.290984000079334e-07
2.24867400014773e-08;9.506917999824509e-08;1.0276525000517723e-07;5.749320000177249e-07
1.8803990000742488e-08;1.002401000005193e-07;1.2014235000242478e-07;6.182519999565557e-07
2.011915000039153e-08;1.0224265999859199e-07;1.0351063999696635e-07;6.262503999751061e-07
2.204557999939425e-08;9.235484000528231e-08;1.032268999988446e-07;5.87567400012631e-07
1.839340500009712e-08;9.696158000151627e-08;1.2303039999096653e-07;6.152969999820925e-07
2.3739279998699204e-08;1.0799899999983609e-07;1.0444775001087691e-07;5.691358000040054e-07
1.915135999879567e-08;1.1597394999989774e-07;1.0872090001066681e-07;6.696672000107356e-07
2.333975000074133e-08;1.0817564999160822e-07;9.715767999878154e-08;5.813014000304975e-07
1.9969620001211298e-08;8.931003999896348e-08;1.090754000004381e-07;5.546726000029594e-07
2.0137730002170427e-08;1.0087759999441914e-07;1.0893400000350084e-07;5.772492000251077e-07
2.1214220000547357e-08;1.034366000094451e-07;1.192503000056604e-07;5.30389399966225e-07
1.9367154999054037e-08;9.749006000347436e-08;1.2121934999595396e-07;6.964743999997154e-07
2.5444140000035987e-08;8.908502000267617e-08;1.0260719999496359e-07;6.209677999722771e-07
2.2665080000297167e-08;1.0031435001292266e-07;1.3050234998809173e-07;6.050208000233397e-07
2.178661999932956e-08;1.0103784999228082e-07;1.1807865000446326e-07;5.927764000371099e-07
2.5216594999074004e-08;8.486767999711447e-08;1.2490725000679959e-07;5.83526999980677e-07
2.515105000056792e-08;1.1104909999994561e-07;1.3227550000010524e-07;6.568026000168174e-07
2.596635000081733e-08;8.839361999998801e-08;1.0499250001157634e-07;6.628404000075534e-07
2.314825000066776e-08;1.1494230000243988e-07;1.0668696000357159e-07;6.297710000071674e-07
2.1054729999741538e-08;1.1786004999885335e-07;1.271921600040514e-07;6.52970600000117e-07
2.530292999872472e-08;1.088564500096254e-07;1.137351000070339e-07;6.21395600028336e-07
2.0610929999384097e-08;1.0267840001324657e-07;1.0681070000282488e-07;6.483103999635204e-07
2.43951799988281e-08;1.0737566000316292e-07;1.2615182000445202e-07;6.532316000084393e-07
2.15657699998701e-08;1.0950207999558189e-07;1.1294064999674447e-07;6.491654000128619e-07
2.4189450000994837e-08;1.1102474998915568e-07;1.0455669999646488e-07;7.037768000154756e-07
2.3363084999436977e-08;1.0721329999796581e-07;1.1249655999708921e-07;6.548881999915466e-07
2.355663999915123e-08;1.0937829999602399e-07;1.1996694999106693e-07;6.444594000349753e-07
2.1761829999741167e-08;1.165537999913795e-07;1.0820940000121481e-07;6.746240000356921e-07
2.443012000003364e-08;1.0591345999855548e-07;1.1376199999358505e-07;6.132425999967381e-07
2.0567870000377298e-08;8.81379799975548e-08;9.853481999598444e-08;5.739142000093125e-07
2.1191790000011678e-08;1.017894199991133e-07;1.0418415001186077e-07;5.948701999732293e-07
2.54333549994044e-08;1.040486999991117e-07;1.1308994999853894e-07;6.448063999996521e-07
2.0240150002064182e-08;8.657457999652251e-08;1.0299144000164234e-07;5.920694000087678e-07
1.8969455000478774e-08;9.777295999811031e-08;1.0698009999759962e-07;5.877789999940433e-07
2.1249500001431444e-08;1.1486270000750664e-07;1.0636299999896437e-07;5.812550000264309e-07
2.182300000276882e-08;8.61661400005687e-08;1.0229861999978311e-07;6.17606199986767e-07
2.039898000075482e-08;8.583618000266142e-08;1.0261424999043811e-07;6.240571999805979e-07
2.1012830000836402e-08;1.0468513999949209e-07;1.30293950001942e-07;5.755331999971531e-07
2.50253000005614e-08;1.3028805000067223e-07;1.1515840000356548e-07;6.179240000201389e-07
2.2702940000453962e-08;9.992398000322282e-08;1.0328860000299755e-07;6.291102000395768e-07
2.205526999896392e-08;1.0121444999822416e-07;9.601280000060796e-08;6.240806000423617e-07
2.3160790000110866e-08;9.59958599996753e-08;1.2015624999185092e-07;6.569304000004195e-07
2.1154469999601133e-08;1.1425584999960847e-07;1.202082999952836e-07;6.508589999866672e-07
2.1626909999758937e-08;1.061574500054121e-07;1.0773129999870435e-07;5.813125999993644e-07
2.4244459997862578e-08;1.0090504999971017e-07;1.1509844999818597e-07;6.12941800034605e-07
2.2538650000933558e-08;8.737548000062816e-08;1.117404500109842e-07;5.726037999847904e-07
2.057990999892354e-08;8.218999999808148e-08;8.726228000014089e-08;5.787598000024446e-07
2.036212999955751e-08;1.0134729999117554e-07;1.0910279999952763e-07;5.940311999875121e-07
2.2140509999007918e-08;1.0061959999438841e-07;1.046211999928346e-07;5.647293999791145e-07
1.727245999936713e-08;1.0446035000495613e-07;1.1094475000572856e-07;6.032957999850624e-07
2.196408000017982e-08;1.0429925000062213e-07;1.3005065001198092e-07;5.818853999953717e-07
2.481557999999495e-08;9.685871999827213e-08;1.0804228000342846e-07;6.438752000103705e-07
2.2504710001521743e-08;1.0304029998951592e-07;9.799927999847568e-08;6.111248000524938e-07
1.8192799999087582e-08;9.572793999686838e-08;1.0840500000631436e-07;5.685631999513135e-07
2.295997000182979e-08;1.2474870000733062e-07;1.3511649999418297e-07;5.613750000484288e-07
2.1065759999328294e-08;8.832823999691755e-08;1.1304850000306032e-07;6.028100000112318e-07
2.371681999939028e-08;9.354481999762356e-08;1.1854734999360516e-07;6.391467999783345e-07
2.095346999994945e-08;1.1535320000257343e-07;1.2564904999453575e-07;6.217779999715276e-07
2.181440999847837e-08;9.21232000051532e-08;8.570609999587759e-08;6.156238000257872e-07
2.0038280001608655e-08;8.558988000149839e-08;1.0829039999225642e-07;5.707445999723859e-07
2.38651400024537e-08;8.702763999463059e-08;1.3453024999762419e-07;6.17519200022798e-07
1.820970999979181e-08;1.032807799987495e-07;1.0199615001329221e-07;6.242680000141262e-07
2.088765499938745e-08;9.827158000553027e-08;1.0737496000365354e-07;5.639986000023782e-07
2.015075999952387e-08;8.790297999512404e-08;9.827003999962472e-08;6.018033999716863e-07
2.2351820001495072e-08;1.0144420000142418e-07;9.442369999596849e-08;5.960568000446074e-07
2.0913100001052953e-08;1.1975254998833406e-07;1.0238979999849107e-07;5.666216000099666e-07
2.021126500039827e-08;9.847295999643392e-08;1.1195664999831933e-07;5.889252000488341e-07
2.709313999803271e-08;1.0955120000289752e-07;1.0109714999271091e-07;5.528460000059568e-07
1.6000859999621754e-08;8.590944000170566e-08;1.0592504999658558e-07;6.35106400004588e-07
2.174107000173535e-08;9.074411999899895e-08;1.0906122000305913e-07;5.891918000415899e-07
2.180184500030009e-08;9.827462000539527e-08;9.547160000074655e-08;6.215123999863863e-07
2.389784000115469e-08;9.407461999799125e-08;1.0999100000481121e-07;6.584281999967061e-07
2.063004999945406e-08;9.858074000221678e-08;1.1246790000586771e-07;6.280305999680422e-07
2.1876129999873228e-08;9.598530000075698e-08;1.1556400000117719e-07;6.131980000063777e-07
2.012745999963954e-08;1.0501790000125766e-07;1.1500530000193976e-07;6.10359399986919e-07
2.0778749999590218e-08;1.0310730000492186e-07;1.2008204999438023e-07;6.437511999974958e-07
2.0831009998801163e-08;9.148680000216701e-08;1.0472334999940359e-07;6.342666000127793e-07
2.1851479998440482e-08;1.0213249999796972e-07;1.0124450000002981e-07;6.441205999581143e-07
2.2316029999637975e-08;1.0084685999900103e-07;1.130152999976417e-07;6.901832000003197e-07
2.5535029999446123e-08;1.0064599999168421e-07;9.767316000070423e-08;6.070943999802694e-07
2.0609945000614972e-08;8.965865999925881e-08;1.0253621999872849e-07;5.821883999742567e-07
2.2554710000986234e-08;9.840129999793135e-08;1.0566554999968503e-07;6.027180000091902e-07
2.3729439999442548e-08;1.0610755999805405e-07;1.0115590000350493e-07;6.009778000297956e-07
2.1293870001682082e-08;9.908830000204034e-08;1.1434329999610781e-07;6.032868000329472e-07
1.857408999931067e-08;9.76957599981688e-08;1.1228661999921315e-07;5.961454000207596e-07
1.895902499963995e-08;9.428847999661229e-08;1.042628400027752e-07;6.088553999434225e-07
2.161333999974886e-08;9.989959999802523e-08;1.024318999989191e-07;6.82470999949146e-07
2.2090819998993538e-08;1.0781025000324008e-07;1.2726125000335742e-07;5.929701999993994e-07
2.2249069999088532e-08;1.1807599999883678e-07;9.061434000032023e-08;5.508259999915026e-07
1.8275184999220074e-08;9.23060999950394e-08;1.1810749999131077e-07;6.153444000519812e-07
2.2574840000015684e-08;9.178513999795541e-08;1.221378999907756e-07;6.456911999848671e-07
2.4683069999446162e-08;9.563386000227182e-08;9.538736000540667e-08;5.493986000074074e-07
2.2204860000056216e-08;7.806139999884181e-08;1.0210519999964162e-07;5.628938000299968e-07
1.7651330000080633e-08;9.718356000375934e-08;1.0690584999974817e-07;6.263764000032097e-07
2.5372489998699167e-08;8.897705999552273e-08;1.27546749994508e-07;5.538889999734238e-07
1.8500675000541377e-08;8.228106000460684e-08;8.392478000023402e-08;5.435789999901317e-07
1.6850985000201036e-08;7.98291800019797e-08;7.959421999985352e-08;5.5979379999917e-07
1.7058564999024385e-08;8.058422000030987e-08;8.528622000012547e-08;5.619962000055239e-07
1.6100555000593886e-08;7.744371999870055e-08;8.471378000103868e-08;5.474126000190154e-07
1.686976499913726e-08;7.334916000254453e-08;8.102729999809527e-08;5.936616000253707e-07
1.5833874999952968e-08;8.188708000234329e-08;8.123365999781527e-08;5.373345999978483e-07
1.559659000049578e-08;7.456672000116668e-08;8.152589999954216e-08;5.777974000084214e-07
1.5722679998725654e-08;7.843166000093333e-08;8.287114000413567e-08;5.277277999557554e-07
1.6827720000583212e-08;7.989206000347621e-08;8.535401999833994e-08;5.533911999664269e-07
1.5674980000767392e-08;7.416355999885127e-08;8.832401999970898e-08;5.413451999775134e-07
1.5894705000391696e-08;7.740590000175871e-08;8.55249600019306e-08;5.36751399980858e-07
2.164232000068296e-08;7.757868000189774e-08;8.428851999924519e-08;5.669407999957912e-07
1.5978259999246802e-08;7.623589999857359e-08;7.773187999846414e-08;5.655588000081479e-07
1.5592010000545997e-08;7.564358000527136e-08;8.438284000148997e-08;5.790239999769256e-07
1.644916999939596e-08;7.546071999822743e-08;8.108326000510715e-08;5.57236400025431e-07
1.5366895000624936e-08;7.616455999668687e-08;7.919218000024558e-08;5.200082000228576e-07
1.578276499931235e-08;7.693659999640658e-08;7.626277999952436e-08;5.747952000238002e-07
1.638202000031015e-08;7.374465999891981e-08;7.995176000404171e-08;5.51696999988053e-07
1.644646999920951e-08;7.281020000227727e-08;8.451583999558352e-08;5.526461999979801e-07
1.5626615000655876e-08;7.840627999976277e-08;8.168500000028871e-08;5.750254000304267e-07
1.5627355000469834e-08;7.448185999528504e-08;8.534956000512465e-08;5.982614000095054e-07
1.5139920001092834e-08;7.693765999865718e-08;8.032851999741979e-08;5.430730000371113e-07
1.6376929999387356e-08;8.126972000463866e-08;8.002846000017598e-08;5.615674000000581e-07
2.1929400000954046e-08;7.685648000333459e-08;8.659145999699831e-08;5.167837999761105e-07
1.5776929999992718e-08;7.357859999756329e-08;8.430953999632039e-08;5.412086000433191e-07
1.6274885000893846e-08;7.63461599999573e-08;7.559217999805696e-08;5.649869999615475e-07
1.6518745000939815e-08;7.423221999779343e-08;7.513032000279054e-08;5.435709999874234e-07
1.5540235000662506e-08;8.046296000247822e-08;8.037979999789969e-08;5.717218000208959e-07
1.57259650004562e-08;7.785946000367403e-08;8.135110000148415e-08;5.653784000314772e-07
1.5788259998953437e-08;8.113425999763422e-08;8.276159999659285e-08;5.368810000363737e-07
1.5772934998676647e-08;7.85634400031995e-08;8.474972000112756e-08;5.732352000195533e-07
1.6718350000155623e-08;7.907556000282057e-08;8.896478000096977e-08;5.221716000232846e-07
1.6075300000375136e-08;7.824487999896519e-08;7.998340000049212e-08;5.457449999521487e-07
1.603214500064496e-08;8.182440000236965e-08;8.051696000038646e-08;6.01070599979721e-07
1.6306110000004992e-08;7.520349999540485e-08;8.373973999987356e-08;5.341958000208252e-07
2.2045819999766536e-08;7.932033999823034e-08;8.050622000009752e-08;5.610914000426419e-07
1.664242999977432e-08;7.627691999659873e-08;7.662138000014238e-08;5.453802000265569e-07
1.6055420000338928e-08;7.385128000169061e-08;8.299038000404835e-08;5.681667999597266e-07
1.627308000024641e-08;7.550692000077105e-08;8.25948600017e-08;5.390889999689535e-07
1.6068979998817668e-08;7.789625999866984e-08;8.453638000064529e-08;5.717786000459455e-07
1.662538500095252e-08;7.897436000057496e-08;7.687233999604359e-08;5.394512000493706e-07
1.5345329999399836e-08;7.593985999701545e-08;8.87369400006719e-08;5.667836000211537e-07
1.6136819998791906e-08;7.683223999920301e-08;7.929478000150993e-08;5.461148000322282e-07
1.6228389999014325e-08;8.261827999958768e-08;8.438076000311411e-08;5.672735999687575e-07
1.571968999924138e-08;7.706619999953546e-08;7.618430000147783e-08;5.49421799951233e-07
1.5857970000070055e-08;7.707267999649047e-08;7.954466000082902e-08;5.415548000019044e-07
1.5571175000513905e-08;8.056271999957971e-08;8.920683999895118e-08;5.755163999856449e-07
2.194958000036422e-08;7.262677999679e-08;8.153232000186108e-08;5.550659999717026e-07
1.5773275001265573e-08;7.477286000503227e-08;8.237045999849215e-08;5.753399999812245e-07
1.645899499999359e-08;7.432253999868408e-08;8.070618000347167e-08;5.382565999752842e-07
1.6046409998671153e-08;7.599757999996654e-08;8.319947999552823e-08;5.591934000258334e-07
1.6555915000208187e-08;8.0275640002219e-08;8.411588000017218e-08;5.887586000026203e-07
1.6329745000984986e-08;7.731614000513218e-08;8.018421999877318e-08;5.764390000258573e-07
1.5416059999552088e-08;7.941675999900326e-08;8.509985999553464e-08;5.508198000025005e-07
1.639665000111563e-08;7.73817399982363e-08;8.394632000126876e-08;5.378642000141553e-07
1.558593499939889e-08;8.213838000083342e-08;8.574681999743916e-08;5.495200000004843e-07
1.6630174999590963e-08;7.216176000074483e-08;8.267935999901966e-08;5.375555999926292e-07
1.5797694999491796e-08;8.149480000138283e-08;8.343365999753586e-08;5.629404000355862e-07
1.5706159999535885e-08;7.252408000058495e-08;7.962792000034824e-08;5.47130599967204e-07
2.0893659998546355e-08;7.311226000310853e-08;7.680562000023201e-08;5.451718000113033e-07
1.5745004999917002e-08;7.460625999956391e-08;8.250832000048831e-08;5.401272000162862e-07
1.5940420000697486e-08;7.388624000013805e-08;7.901308000436984e-08;5.437327999970875e-07
1.580926000024192e-08;7.57011000008788e-08;7.96124599990435e-08;5.192913999781012e-07
1.5432734999922104e-08;7.69116000039503e-08;8.465750000323168e-08;5.412233999813907e-07
1.561336000013398e-08;7.281947999726981e-08;7.820237999549135e-08;5.492097999667749e-07
1.554436500009615e-08;7.898840000270865e-08;8.209385999944062e-08;5.376885999576189e-07
1.5863654999702703e-08;7.622145999921486e-08;8.208537999889813e-08;5.310941999778152e-07
1.6206605000479613e-08;7.241018000058829e-08;8.667060000007041e-08;5.415778000024148e-07
1.572757999965688e-08;7.82357799995225e-08;8.205399999860674e-08;5.604655999923125e-07
1.560501999920234e-08;7.628613999695517e-08;7.527199999894947e-08;5.283814000431449e-07
1.56239749994711e-08;7.79651599994395e-08;8.323380000074394e-08;5.565047999843955e-07
2.1474290001788177e-08;7.354096000199206e-08;8.365684000309557e-08;5.301243999856524e-07
1.552795000025071e-08;7.493703999789432e-08;7.792540000518784e-08;5.736703999573365e-07
1.5684139999211765e-08;7.929552000132389e-08;8.448095999774523e-08;5.5562999995891e-07
1.556642999930773e-08;7.805474000051618e-08;8.049685999867506e-08;5.621166000491939e-07
1.578375499957474e-08;7.737210000050255e-08;8.646058000158519e-08;5.620876000029966e-07
1.6600704999291337e-08;7.320161999668926e-08;7.716123999562114e-08;5.439608000451699e-07
1.6484750001109204e-08;7.756211999803781e-08;8.225784000242129e-08;5.516067999997177e-07
1.59365550003713e-08;7.851239999872632e-08;8.322764000040479e-08;5.500205999705941e-07
1.6582095000194387e-08;7.783096000202931e-08;8.175095999613404e-08;5.434894000063651e-07
1.6452364998986013e-08;8.103872000356204e-08;8.024198000202887e-08;5.606487999903038e-07
1.591498499910813e-08;7.919667999958619e-08;7.98437199962791e-08;5.777043999987654e-07
1.6080820000206586e-08;7.910122000030242e-08;8.384439999936148e-08;5.60141800029669e-07
1.594086499972036e-08;8.061761999852025e-08;7.81369199976325e-08;5.516044000396505e-07
1.6122984999674372e-08;7.682727999635972e-08;8.727055999916046e-08;5.564874000265263e-07
1.618140500067966e-08;8.146464000456035e-08;7.881283999886363e-08;5.382181999739259e-07
1.556849000044167e-08;7.626629999722354e-08;7.931809999863617e-08;5.955251999548636e-07
1.5920190000906587e-08;7.921641999855638e-08;8.838897999958135e-08;5.419203999917955e-07
1.5559895000478717e-08;7.481013999786229e-08;8.220623999950476e-08;5.469819999998436e-07
1.5850385000521782e-08;7.470518000191077e-08;8.416114000137896e-08;5.77547799970489e-07
1.6465864999918268e-08;7.506085999775677e-08;8.320572000229731e-08;5.569309999700636e-07
1.5774419999797828e-08;7.347563999937847e-08;7.852040000143461e-08;5.518255999777466e-07
1.5396804999909364e-08;7.867394000058993e-08;8.13486400002148e-08;5.530157999601216e-07
1.5868044999660923e-08;7.777793999994173e-08;8.714706000173464e-08;5.961818000068888e-07
1.638219000014942e-08;8.099876000196673e-08;8.129786000354216e-08;5.755609999760054e-07
1.611564499908127e-08;7.758719999692403e-08;8.514463999890723e-08;6.166716000298038e-07
2.2919079998973757e-08;8.291402000468224e-08;8.418494000216015e-08;5.735186000238173e-07
1.6586934999213554e-08;8.136125999735669e-08;7.798225999576971e-08;5.562534000491723e-07
1.6233824999653734e-08;7.87449800001923e-08;8.055045999935828e-08;5.929385999916122e-07
1.6035345000273084e-08;7.309471999760717e-08;7.80114000022877e-08;5.971797999809496e-07
1.6685599999618716e-08;7.779309999896214e-08;8.637933999998495e-08;5.374802000005729e-07
1.5629610000178217e-08;7.50361000013072e-08;8.632615999667905e-08;5.835737999877892e-07
1.5768789999128787e-08;7.42694600019604e-08;8.217116000014357e-08;5.598467999952845e-07
1.6523250000318513e-08;7.66183799947612e-08;8.325617999653332e-08;5.813491999870166e-07
1.529787000035867e-08;7.442864000331611e-08;7.603591999504715e-08;5.729014000389725e-07
1.6325045000121463e-08;7.477804000372998e-08;8.477469999925233e-08;5.297694000182674e-07
1.5906279999762775e-08;8.061613999889232e-08;8.758053999627008e-08;5.628142000059597e-07
1.570474500040291e-08;8.066189999808558e-08;8.200470000156202e-08;5.752912000170909e-07
1.644115000090096e-08;8.097737999632954e-08;8.054376000072808e-08;5.476856000022962e-07
1.533110000018496e-08;7.781254000146874e-08;8.094232000294141e-08;6.067463999497704e-07
1.6112294999766163e-08;7.752204000134952e-08;8.70779599994421e-08;5.64271200040821e-07
1.6415969999798108e-08;8.291537999757566e-08;8.212943999678828e-08;5.59084200009238e-07
1.5941510000266134e-08;7.302116000209935e-08;8.640977999893949e-08;5.807569999597036e-07
1.660998000006657e-08;7.48479200003203e-08;8.308342000236734e-08;5.744811999611557e-07
1.573806499945931e-08;7.78894399991259e-08;7.727715999935753e-08;6.007747999974526e-07
1.65573400008725e-08;7.934575999970547e-08;8.478521999786608e-08;5.47850799979642e-07
1.6068010000162758e-08;7.776767999748699e-08;8.168877999996766e-08;5.802168000373058e-07
1.6367710000486112e-08;8.258003999944776e-08;8.312713999766856e-08;5.552199999801815e-07
1.5900949999922885e-08;7.677411999902687e-08;7.641220000223256e-08;5.605758000165224e-07
1.5396500000497326e-08;7.832821999909356e-08;7.900853999890388e-08;5.914732000092044e-07
1.594611500040628e-08;8.108916000346653e-08;7.895604000077582e-08;5.620644000009634e-07
1.5776299999561162e-08;7.634694000007585e-08;8.003037999733351e-08;6.044203999917954e-07
1.642714000045089e-08;7.388612000504509e-08;7.801370000233873e-08;5.794418000150471e-07
1.63927949994104e-08;7.51105599978473e-08;8.343564000097103e-08;5.637692000018432e-07
2.0626410000841134e-08;7.858027999754995e-08;8.559852000325919e-08;5.841364000225439e-07
1.6251500000362284e-08;7.510198000236415e-08;7.881090000155381e-08;5.994356000446715e-07
1.651766499999212e-08;7.685698000132106e-08;8.248188000288792e-08;5.816763999755495e-07
1.6190379999170546e-08;7.355363999959082e-08;8.305226000375115e-08;5.638947999686934e-07
1.5469095000298693e-08;7.510045999661088e-08;8.083315999829211e-08;5.474863999988883e-07
1.637357500003418e-08;7.856774000101722e-08;8.011660000192932e-08;5.775911999517121e-07
1.626393999904394e-08;7.733558000181802e-08;8.463646000018343e-08;5.764913999591954e-07
1.5371939999749885e-08;8.234429999720305e-08;8.544743999955244e-08;6.225975999841467e-07
1.602409499901114e-08;7.854417999624274e-08;7.999845999875106e-08;5.744222000357695e-07
1.591576499922667e-08;7.28380200045649e-08;8.276916000177152e-08;5.513356000301428e-07
1.556482000014512e-08;7.715370000223629e-08;8.204031999921427e-08;5.63464600010775e-07
1.548707000038121e-08;7.195725999772548e-08;7.805564000154845e-08;5.851949999923818e-07
1.640148500009673e-08;7.390786000178196e-08;8.31051400047727e-08;5.441221999935806e-07
1.5375629998743535e-08;7.307994000148028e-08;7.691859999904409e-08;5.443768000113778e-07
1.585144999990007e-08;7.996358000091277e-08;8.259711999562569e-08;5.539240000071004e-07
1.5425540000433103e-08;7.525977999903262e-08;8.464157999842428e-08;5.922304000123404e-07
1.573993500060169e-08;8.209761999896728e-08;8.306966000236571e-08;5.913477999856696e-07
1.629010000033304e-08;8.096874000038951e-08;8.637586000259035e-08;5.824133999994956e-07
1.549498499953188e-08;7.760346000432037e-08;8.523438000120223e-08;5.329615999944508e-07
1.5371865000633988e-08;7.527832000050694e-08;7.498801999608986e-08;5.828458000323736e-07
1.6230255000118633e-08;8.288959999918006e-08;8.170368000282906e-08;5.349837999674491e-07
1.631889999989653e-08;8.049733999650926e-08;8.232412000070326e-08;5.945252000237815e-07
1.62832600006368e-08;8.117839999613352e-08;8.179383999668062e-08;5.946768000139855e-07
1.61094499999308e-08;8.036940000019968e-08;8.396244000177831e-08;5.346585999941453e-07
1.5620649998891167e-08;8.335963999852539e-08;8.631319999694824e-08;5.629721999866888e-07
1.6164359998947476e-08;7.63435999979265e-08;8.301514000049792e-08;5.581915999646298e-07
1.537804500112543e-08;7.837584000080824e-08;8.334605999989435e-08;5.611018000054173e-07
1.6153109999140726e-08;7.75891800003592e-08;8.57276799972169e-08;5.562073999899439e-07
2.0615949999773873e-08;7.726586000062525e-08;8.691351999877952e-08;6.010162000311538e-07
1.5932774999237153e-08;8.06027400016319e-08;8.525921999826096e-08;5.512646000133827e-07
1.5509990000282414e-08;8.037168000009842e-08;7.959717999910936e-08;5.543785999761894e-07
1.592605000041658e-08;7.370793999871239e-08;8.205557999899611e-08;5.688388000125997e-07
1.6582570000900888e-08;7.695813999744132e-08;7.749680000124499e-08;5.289966000127606e-07
1.5920645000005605e-08;7.796701999614016e-08;7.672012000111863e-08;5.63250600011088e-07
1.6430715000024066e-08;7.773646000423469e-08;8.836795999668539e-08;5.696467999950983e-07
1.5884714999992865e-08;7.150520000141115e-08;7.862594000180253e-08;6.012050000135787e-07
1.5695129999949133e-08;7.913638000027276e-08;7.882170000229963e-08;5.78836600005161e-07
1.5374910000537057e-08;7.605669999611564e-08;7.514953999780119e-08;5.549562000087463e-07
1.5974510001251473e-08;7.346502000000328e-08;8.268021999974735e-08;5.471633999841288e-07
1.625130999891553e-08;7.366673999931663e-08;8.023095999960788e-08;5.527862000162713e-07
1.6138175000378397e-08;7.61285999964457e-08;7.859041999909095e-08;5.800627999706194e-07
1.5840235000359827e-08;7.403733999817632e-08;8.245180000085384e-08;5.620264000026509e-07
1.611711000005016e-08;7.410412000026554e-08;8.111886000260711e-08;6.017872000229545e-07
1.6393594999681225e-08;7.745729999733157e-08;8.39031999988947e-08;5.258249999606051e-07
1.560880500037456e-08;7.715206000139005e-08;7.89457599981688e-08;6.166899999952875e-07
1.6418124998745043e-08;7.53050200000871e-08;7.72075799992308e-08;5.4323840001598e-07
1.641016500070691e-08;7.904102000175044e-08;7.664273999980651e-08;5.739583999966271e-07
1.6079359999275767e-08;7.290956000215374e-08;7.970305999624544e-08;5.566327999695204e-07
1.5311744999780784e-08;7.292610000004061e-08;7.995586000033654e-08;5.609414000064135e-07
1.6384755000763106e-08;7.990392000065186e-08;7.925747999688611e-08;5.586906000389717e-07
1.625042499945266e-08;7.729966000188143e-08;8.21537800016813e-08;5.652421999839135e-07
1.5505354999913834e-08;7.29518799984362e-08;8.271157999988645e-08;5.485962000093423e-07
1.5817479998804628e-08;8.033101999899372e-08;8.974985999520868e-08;5.404039999702945e-07
1.6353545000310986e-08;8.07139799988363e-08;8.207863999996335e-08;5.483223999617621e-07
1.562287999986438e-08;7.654179999954067e-08;7.526942000258714e-08;5.391968000330962e-07
1.6061099999933504e-08;7.3827520001214e-08;8.309316000086256e-08;5.469863999751396e-07
2.081150999874808e-08;8.050114000216126e-08;8.3391639997717e-08;5.509966000099667e-07
1.554962000082014e-08;7.408118000021204e-08;7.97049600048922e-08;5.538995999959297e-07
1.5511685000092256e-08;7.803560000029392e-08;8.253592000110075e-08;5.482041999930516e-07
1.5577794999990146e-08;7.432022000430152e-08;8.360087999608367e-08;5.609414000064135e-07
1.6406015001120978e-08;7.775758000207134e-08;8.700780000071972e-08;5.866398000507615e-07
1.571546500053955e-08;7.918199999839998e-08;8.536673999624327e-08;5.437903999700211e-07
1.5552074999141042e-08;7.159570000367239e-08;8.235465999459848e-08;5.431649999809452e-07
1.5587149999919347e-08;7.9019759997027e-08;7.7942219999386e-08;5.506109999842011e-07
1.5829149998899083e-08;8.113497999729589e-08;8.668086000252515e-08;5.87930999987293e-07
1.6491530000348576e-08;8.203082000254654e-08;8.365362000185997e-08;6.080298000015318e-07
1.571434999932535e-08;7.92879200016614e-08;8.049254000070505e-08;5.610028000082821e-07
1.6509779999614692e-08;7.273820000118576e-08;8.507454000064172e-08;5.9822060004808e-07
1.5538870000455064e-08;7.937473999918439e-08;8.52491200028453e-08;5.583523999666795e-07
1.6506749999825842e-08;7.916883999714628e-08;8.197055999771692e-08;5.37706600036472e-07
1.555205000040587e-08;8.166448000119998e-08;8.267688000341878e-08;6.129957999801263e-07
1.5749540000979323e-08;8.457721999729984e-08;7.545342000084929e-08;5.492200000444428e-07
1.572160000068834e-08;7.890244000009261e-08;8.13480000011623e-08;5.527601999929175e-07
1.585285500041209e-08;7.563720000325702e-08;8.483649999834598e-08;5.759330000146292e-07
1.5490334999049082e-08;7.468195999972522e-08;8.03358200006187e-08;5.432729999884032e-07
1.5762320000794717e-08;7.704471999895758e-08;8.134504000190645e-08;5.843062000349164e-07
1.5762549999635666e-08;7.508532000356354e-08;8.238431999925523e-08;5.604068000102415e-07
1.565487500047311e-08;8.145498000085354e-08;7.779022000031545e-08;6.037214000243694e-07
1.5408180000667924e-08;7.394362000050023e-08;8.354572000098415e-08;5.440142000443302e-07
1.572537000029115e-08;7.382062000106089e-08;8.289474000339397e-08;5.531651999917813e-07
1.594479999912437e-08;7.86960800003726e-08;8.207238000468351e-08;5.627697999589145e-07
1.551366500061704e-08;8.082641999935731e-08;8.141056000022218e-08;5.583441999624483e-07
1.5462134999688715e-08;7.71152000001166e-08;7.678216000203975e-08;6.0658380005043e-07
1.5793779998784883e-08;7.689337999909185e-08;8.393735999707133e-08;5.503708000178449e-07
2.060543000116013e-08;7.485053999698721e-08;8.072302000364288e-08;5.588408000185154e-07
1.5524844999890774e-08;7.731963999685831e-08;8.008029999909922e-08;5.393325999611989e-07
1.5551914999377912e-08;7.9931759997271e-08;7.870525999460369e-08;5.372678000130691e-07
1.564033000031486e-08;7.378946000244468e-08;8.593294000020251e-08;5.385993999661878e-07
1.5995679999468848e-08;7.509656000183895e-08;8.07738600007724e-08;5.595346000045538e-07
1.5821345000586005e-08;7.479700000258163e-08;7.722350000403822e-08;5.603602000046521e-07
1.6364339999563526e-08;7.690371999633498e-08;8.325156000209972e-08;6.169160000281409e-07
1.596026999905007e-08;7.705976000288501e-08;8.324360000551678e-08;5.33144999993965e-07
1.5549175000342074e-08;8.121434000204317e-08;7.516633999766782e-08;5.677524000057019e-07
1.6478530000313184e-08;7.84940000041388e-08;8.138421999756246e-08;5.891490000067279e-07
1.6423955000936985e-08;7.527665999950841e-08;8.151213999954052e-08;5.70809199998621e-07
1.609052999992855e-08;7.638830000068992e-08;7.872386000235564e-08;5.551763999974355e-07
1.6058364999480545e-08;7.55021199991461e-08;7.470766000333242e-08;5.962911999667994e-07
1.5698884999437723e-08;7.33752399974037e-08;8.270340000162832e-08;5.391071999911218e-07
1.5649409999605268e-08;7.358079999685288e-08;8.325887999963016e-08;5.262697999714874e-07
1.6340725000191015e-08;8.014184000203386e-08;8.732705999864265e-08;5.588432000367902e-07
1.5627759999188128e-08;7.396638000500389e-08;8.334757999982685e-08;5.566582000465132e-07
1.542370000097435e-08;8.021091999835335e-08;7.75171599991154e-08;5.500866000074893e-07
1.5948764998756814e-08;7.935485999914817e-08;8.477220000349917e-08;5.519548000302165e-07
1.6065975000674372e-08;7.492754000122659e-08;8.185296000447125e-08;5.676665999926626e-07
1.6481365000072402e-08;7.716594000230544e-08;7.59589799970854e-08;5.5703560000984e-07
1.5762564999749884e-08;7.853333999519237e-08;8.463475999888032e-08;5.443844000110403e-07
1.61295700003393e-08;7.383713999879546e-08;8.011685999808834e-08;6.184064000262879e-07
1.5308074999484234e-08;7.142145999823697e-08;8.299149999511428e-08;5.657800000044517e-07
1.6278104999219068e-08;7.716064000269398e-08;8.557739999960177e-08;5.399389999802224e-07
1.506736000010278e-08;7.779927999945358e-08;8.729033999843522e-08;5.666468000272289e-07
1.6143615001055878e-08;7.39845200034324e-08;8.049543999950401e-08;5.991353999706917e-07
1.5303290000883864e-08;7.936169999884441e-08;8.57819999975618e-08;5.611472000018693e-07
2.189438999921549e-08;7.43209599982947e-08;8.254138000193052e-08;5.508814000058919e-07
1.5502350000315346e-08;7.723575999843889e-08;8.3201899996493e-08;5.473027999978512e-07
1.5934199999901466e-08;7.439628000138328e-08;7.56258399982471e-08;5.733562000095844e-07
1.5863414999330415e-08;7.833522000000812e-08;8.64579799992498e-08;5.469125999952666e-07
1.6434570000274108e-08;7.358477999805473e-08;7.701789999846368e-08;5.769276000210084e-07
1.594527499983087e-08;7.524774000048638e-08;7.907400000258349e-08;5.70026399975177e-07
1.601844999968307e-08;7.569444000255317e-08;8.581424000440166e-08;5.568881999934092e-07
1.6391365000163204e-08;7.603932000347413e-08;8.547696000314317e-08;5.449768000398763e-07
1.5571234999515583e-08;7.75976000004448e-08;7.942629999597556e-08;5.569575999979861e-07
1.618467999942368e-08;8.203647999907844e-08;7.709533999441192e-08;5.717711999895982e-07
1.5488570000161415e-08;7.300264000077732e-08;8.697067999746651e-08;5.53323200030718e-07
1.610919500089949e-08;7.396821999573149e-08;8.054743999964558e-08;5.748599999933503e-07
1.629421999969054e-08;7.321327999816276e-08;8.250718000344932e-08;5.656050000106916e-07
1.5482875000452624e-08;7.445162000367417e-08;7.553575999918394e-08;5.744824000285007e-07
1.636333999922499e-08;7.329864000203089e-08;8.486892000073567e-08;5.675955999759025e-07
1.5710264998779166e-08;8.068146000150591e-08;8.024056000285783e-08;5.561447999789379e-07
1.5804329999082256e-08;7.934191999956965e-08;7.654939999920315e-08;5.61987399996724e-07
1.5662364999298007e-08;7.528871999820695e-08;8.35993199958466e-08;5.653980000060983e-07
1.6562975000124424e-08;7.673490000306629e-08;7.765245999908074e-08;5.60434399987571e-07
1.6376979999768084e-08;7.937419999507256e-08;8.128806000459008e-08;5.508894000086002e-07
1.583470500045223e-08;7.676608000183478e-08;8.305074000381864e-08;5.539247999549843e-07
1.6480670000601093e-08;8.197899999795482e-08;7.760726000415162e-08;5.686765999998898e-07
1.572679000091739e-08;7.496097999974153e-08;8.194606000324712e-08;5.774787999689579e-07
1.568338500073878e-08;8.025294000399298e-08;7.790305999806151e-08;5.362650000024587e-07
1.5677795000374316e-08;7.445633999886923e-08;8.726057999883778e-08;5.578482000273652e-07
1.5425135000259616e-08;7.75755400012713e-08;8.19997999991756e-08;5.275558000430464e-07
1.558697000000393e-08;7.904392000054941e-08;7.97346799983643e-08;5.473340000025928e-07
1.5683234999596608e-08;7.328973999829032e-08;7.87627599958796e-08;5.769884000183083e-07
2.1264529999461957e-08;7.571482000057586e-08;8.777018000255338e-08;5.838048000005073e-07
1.6544399999838787e-08;7.604382000281475e-08;8.295977999805473e-08;5.759809999726713e-07
1.5556310000829397e-08;8.038383999955841e-08;7.835559999803082e-08;5.823625999619253e-07
1.59411500004353e-08;8.003069999977014e-08;8.630806000437588e-08;5.649320000084117e-07
1.671582999988459e-08;7.555543999769725e-08;9.542488000006415e-08;5.620335999992676e-07
1.61533699996653e-08;8.243414000025951e-08;8.259930000058375e-08;5.636336000170559e-07
1.6126654999970925e-08;8.105590000050142e-08;9.311354000237771e-08;5.915951999486424e-07
1.56363699992653e-08;7.496377999777906e-08;8.158169999951497e-08;5.753033999935724e-07
1.659425499965437e-08;7.91776199999731e-08;8.522618000279181e-08;5.484890000079758e-07
1.5596864999679382e-08;7.836932000354863e-08;8.824981999932789e-08;5.322518000029959e-07
1.5943050000350922e-08;7.352280000341124e-08;7.612022000248543e-08;5.543290000059642e-07
1.642341499973554e-08;8.06118400010746e-08;8.530608000000939e-08;5.453679999918677e-07
1.5960225000162608e-08;7.913219999754802e-08;8.282640000106767e-08;5.472855999832973e-07
1.6067645000293852e-08;7.823006000253371e-08;8.703267999808305e-08;5.469923999626189e-07
1.6284360000281593e-08;8.079037999850697e-08;7.813621999812313e-08;5.615345999831333e-07
1.561507000005804e-08;7.71861799992621e-08;8.799552000127733e-08;5.621378000359983e-07
1.556438999978127e-08;7.414690000005067e-08;8.308539999998175e-08;5.706853999872692e-07
1.549696500005666e-08;7.554981999564916e-08;8.540457999915816e-08;6.908047999604605e-07
1.5552844999183434e-08;7.383589999517426e-08;8.345800000242889e-08;5.853382000350393e-07
1.601936999941245e-08;7.970434000017122e-08;9.037195999990218e-08;5.86135399993509e-07
1.619384999939939e-08;8.004995999508538e-08;8.583346000523306e-08;6.307442000252194e-07
1.5218639999511652e-08;8.172133999760263e-08;8.865058000083081e-08;6.086340000038036e-07
1.562071999942418e-08;7.24897800013423e-08;8.762037999695168e-08;6.627660000231117e-07
1.527938999934122e-08;7.662119999877177e-08;8.798474000068382e-08;6.394950000103563e-07
1.6415199999755713e-08;8.228253999841399e-08;8.778047999949194e-08;6.246919999830425e-07
1.523093999858247e-08;8.259527999907732e-08;8.199205999844707e-08;6.319642000016756e-07
1.5432385000167414e-08;7.367656000424177e-08;8.884449999895878e-08;6.106440000003204e-07
1.5650204999838025e-08;7.742484000045807e-08;8.834472000016831e-08;7.153357999632135e-07
1.6019335000601132e-08;7.768938000081106e-08;9.150798000046052e-08;6.570966000435873e-07
1.626053499931004e-08;7.485036000143737e-08;8.428498000139371e-08;6.090859999530949e-07
1.5203874999133404e-08;7.443470000289381e-08;8.559187999926507e-08;6.37503599980846e-07
1.566968499973882e-08;7.902736000251025e-08;8.422659999923781e-08;6.132099999813363e-07
1.5185439999913796e-08;7.347011999809183e-08;8.99050800013356e-08;6.063695999910123e-07
1.6457814999739638e-08;8.278898000135087e-08;8.786983999889344e-08;6.186916000442579e-07
1.5974144999927375e-08;7.474402000079862e-08;8.867795999976807e-08;6.570756000000984e-07
1.6356684999482242e-08;8.112628000089898e-08;8.312316000228747e-08;6.216499999864027e-07
1.5863260001060553e-08;7.600072000059299e-08;8.586837999755517e-08;6.144908000133e-07
1.651212500000838e-08;7.718174000037834e-08;8.755769999697804e-08;6.191325999679975e-07
1.6319094999926165e-08;8.035664000199176e-08;9.281845999648794e-08;5.826312000281177e-07
1.6342744999565185e-08;7.313604000373744e-08;9.083836000063456e-08;6.137822000309825e-07
1.5599189999920783e-08;8.160667999763973e-08;8.672578000114299e-08;6.281097999890335e-07
1.5471569998771885e-08;8.200720000313595e-08;8.601780000026337e-08;6.205045999959111e-07
1.651179499895079e-08;7.581839999766088e-08;8.369256000150927e-08;6.068626000196673e-07
1.5901725000003352e-08;7.780367999803274e-08;8.85751000023447e-08;6.45178799983114e-07
1.5881720000470523e-08;7.376012000022456e-08;8.465739999664948e-08;6.17919799988158e-07
1.5930225000192875e-08;7.423667999682949e-08;8.638719999580643e-08;6.287362000439316e-07
1.6177335000247695e-08;7.465957999811508e-08;8.765252000303008e-08;6.336649999720976e-07
1.531659500033129e-08;8.107288000173867e-08;9.104575999663211e-08;6.374331999686547e-07
1.5453139999590348e-08;7.530596000142395e-08;8.500118000083603e-08;6.051186000113376e-07
1.5684005001094193e-08;7.549221999943257e-08;9.37307000043802e-08;6.035835999646224e-07
1.645649499987485e-08;7.939897999749519e-08;9.274572000140325e-08;6.455502000171691e-07
1.637019500049064e-08;7.893392000114545e-08;8.85740400000941e-08;6.074698000447825e-07
1.5776884999650066e-08;7.642264000023716e-08;8.839809999917634e-08;6.153581999824382e-07
1.560615000053076e-08;7.555091999820433e-08;9.075951999984681e-08;5.951812000130304e-07
1.5923215000657366e-08;7.293665999895893e-08;8.706218000152149e-08;6.595842000097037e-07
1.615264499996556e-08;7.859175999765284e-08;8.602696000016294e-08;6.679000000003726e-07
1.5873520000604913e-08;7.547587999724783e-08;8.912707999697886e-08;6.397381999995559e-07
1.631652999931248e-08;8.172930000000633e-08;8.729348000488244e-08;6.399146000039764e-07
1.571958499989705e-08;7.781431999756023e-08;8.89190400019288e-08;6.322642000159249e-07
1.5440709999529645e-08;8.170027999440209e-08;8.388341999961995e-08;6.37297400040552e-07
1.5703219998977147e-08;7.30916399974376e-08;8.228637999854982e-08;5.886127999983728e-07
1.598954000073718e-08;7.41161399986595e-08;8.592744000488892e-08;6.249260000186041e-07
1.582410999981221e-08;7.694467999972404e-08;8.983312000054866e-08;6.323622000054456e-07
1.598076499940362e-08;7.94740199984517e-08;9.021930000162683e-08;6.510509999934584e-07
1.5607885000645184e-08;7.750906000146643e-08;8.614498000242748e-08;6.266388000221923e-07
1.56195999996271e-08;7.873968000058085e-08;8.911355999880471e-08;6.870159999816678e-07
1.5646704999380746e-08;8.067305999575183e-08;9.111901999567635e-08;6.150200000265613e-07
1.6251730000658428e-08;7.41754199960269e-08;8.844462000415661e-08;6.244688000297174e-07
1.5859890000137966e-08;7.913964000181295e-08;9.169756000046618e-08;6.634337999857962e-07
1.5645730000687764e-08;7.69769600010477e-08;9.014645999995992e-08;6.129070000024513e-07
1.643236500094645e-08;7.881536000058986e-08;8.734537999844178e-08;6.328869999852031e-07
1.5756120000150984e-08;7.941337999654933e-08;8.675870000151918e-08;6.483749999897554e-07
1.52947349997703e-08;7.80605399981141e-08;8.570471999701113e-08;6.151990000507794e-07
1.6151109999918846e-08;7.335443999618292e-08;8.575366000295617e-08;6.227578000398352e-07
1.5123984999081587e-08;8.245504000224173e-08;8.558982000104152e-08;6.545864000217989e-07
1.6382654999324585e-08;7.309318000334316e-08;8.398787999758496e-08;5.976904000272043e-07
1.631294499966316e-08;7.266476000077092e-08;8.997965999878943e-08;5.903445999720134e-07
1.6232605000550393e-08;8.06040800001938e-08;8.56876400008332e-08;7.065411999938079e-07
1.6178305000357794e-08;7.150415999931283e-08;8.695155999739654e-08;6.224845999968238e-07
1.5484959998866544e-08;7.274255999946036e-08;8.802347999881021e-08;6.126956000225619e-07
1.6444500000216068e-08;7.300083999871277e-08;9.04132199997548e-08;5.980174000142142e-07
1.5274604999285656e-08;7.332191999885254e-08;9.024261999875307e-08;6.58324400021229e-07
1.564003999956185e-08;7.503538000164553e-08;8.549220000277273e-08;7.177473999909125e-07
1.5494249999755995e-08;7.203847999917344e-08;9.138820000225678e-08;7.240989999845624e-07
1.5667529999336695e-08;7.389383999980055e-08;8.595703999744729e-08;6.194280000054278e-07
1.5765745000680907e-08;7.852720000082626e-08;8.817931999801659e-08;6.105577999842353e-07
1.6891165000561158e-08;7.629204000113532e-08;8.347548000165262e-08;6.14244399999734e-07
1.5483895000943447e-08;7.655691999825649e-08;8.786618000012822e-08;6.327581999939866e-07
1.5990954999870155e-08;7.516015999717638e-08;8.424734000000171e-08;6.233070000307634e-07
1.598604500031797e-08;8.146855999948457e-08;8.655103999772109e-08;6.053054000367411e-07
1.573423499939963e-08;7.97900200006552e-08;8.711739999707789e-08;6.512008000281639e-07
1.572184499964351e-08;7.81037800014019e-08;8.85954600002151e-08;6.225654000299982e-07
1.5443515000515618e-08;7.67716999980621e-08;8.664622000069357e-08;6.104006000095978e-07
1.6350905000581407e-08;7.897930000326596e-08;8.393007999984548e-08;6.011544000357389e-07
1.5939829999115318e-08;7.992150000063703e-08;8.960437999921851e-08;6.192635999759659e-07
1.589671499968972e-08;7.379749999963678e-08;8.476485999999567e-08;6.540395999909379e-07
1.561444999970263e-08;7.362862000009045e-08;9.445178000023589e-08;6.385935999569483e-07
1.6165964999527206e-08;7.876018000533804e-08;8.822750000399538e-08;6.69348000024911e-07
1.627640000078827e-08;7.398941999999806e-08;9.20434599975124e-08;6.074688000371679e-07
1.585589500027709e-08;7.95228999981191e-08;9.1546379995998e-08;6.509213999961502e-07
1.59043150008074e-08;7.542662000050768e-08;9.419188000028953e-08;6.054646000266075e-07
1.6426429999410176e-08;7.784688000101596e-08;8.624024000018835e-08;6.369940000004135e-07
1.6113774999394083e-08;7.790671999682672e-08;9.045255999662913e-08;6.467671999707818e-07
1.5303159999893978e-08;7.996146000223234e-08;8.718499999959022e-08;6.129772000131197e-07
1.6198249999433756e-08;7.884242000291124e-08;9.007163999485783e-08;6.179431999917142e-07
1.556177500024205e-08;8.057547999778763e-08;9.225007999921217e-08;6.174400000018068e-07
1.6109880000294653e-08;8.167089999769815e-08;8.517917999997734e-08;6.009086000267416e-07
1.6299155000888275e-08;7.36490799987223e-08;8.580937999649904e-08;6.047329999855719e-07
1.6427915000531357e-08;7.45262999960687e-08;8.476354000158609e-08;6.099909999757074e-07
1.5765780000947416e-08;8.213991999509745e-08;8.812519999919459e-08;7.231774000101723e-07
1.5598160000809002e-08;7.556389999808743e-08;9.172995999688283e-08;6.045405999757349e-07
1.5905894999741575e-08;8.081994000240229e-08;8.650739999720826e-08;6.517630000016653e-07
1.6120104999572505e-08;7.463041999726557e-08;8.399758000159636e-08;6.187339999596589e-07
1.5774994999810588e-08;7.556110000004992e-08;8.990131999598816e-08;6.082781999721191e-07
1.572039000020595e-08;7.961923999828287e-08;8.40624799951911e-08;6.25826200004667e-07
1.5320605000306386e-08;7.718061999767088e-08;8.431664000381716e-08;5.979233999969438e-07
1.6164069999649653e-08;8.245473999995739e-08;8.281851999927313e-08;6.309182000113651e-07
1.5661089999775866e-08;7.847627999726683e-08;1.111463000124786e-07;6.985736000351608e-07
1.5843139999196864e-08;7.636437999899499e-08;1.2119829999573995e-07;6.727991999941878e-07
1.649518000049284e-08;7.228560000075958e-08;1.12146749990643e-07;6.452198000042699e-07
1.5866910001204815e-08;7.445761999697424e-08;1.1461520000011661e-07;6.439253999851644e-07
1.596549500100082e-08;7.201294000260532e-08;1.1543035000795498e-07;6.915748000028543e-07
1.635831000021426e-08;7.53056000045035e-08;1.103441000013845e-07;6.392626000451855e-07
1.5728785000101196e-08;7.887443999643438e-08;1.1204775000805967e-07;6.604133999790065e-07
1.6239695000695064e-08;7.702548000379465e-08;1.1851069999102037e-07;6.242448000120931e-07
1.552462999970885e-08;7.781889999751001e-08;1.0923274999368005e-07;6.384282000362873e-07
1.5751340000133496e-08;7.704479999956674e-08;1.1004824998963159e-07;6.772614000365138e-07
1.528357000061078e-08;7.651553999749012e-08;1.1628694999672007e-07;6.51986799959559e-07
2.1143929997924714e-08;7.579031999921426e-08;1.1460620000434574e-07;6.209678000304848e-07
1.6313670000818092e-08;7.951849999953993e-08;1.1861540000245441e-07;6.521456000045873e-07
1.5948375000152736e-08;7.628253999864682e-08;1.0983839999244083e-07;7.53506000037305e-07
1.622483000101056e-08;7.310937999864109e-08;1.1714894999749959e-07;6.595014000195079e-07
1.5973280000616796e-08;7.857354000443592e-08;1.1982885000179523e-07;6.37616399966646e-07
1.6475835000164806e-08;7.633268000208773e-08;1.0972140000376385e-07;6.529648000141605e-07
1.636298500088742e-08;7.181726000271738e-08;1.0903365000558552e-07;6.637194000068121e-07
1.638055500079645e-08;7.641873999964446e-08;1.163894000055734e-07;6.475070000160486e-07
1.5498914998897816e-08;7.821380000095814e-08;1.0894944999017752e-07;6.679770000046119e-07
1.55446300006588e-08;7.829340000171214e-08;1.1019984999438747e-07;6.430693999864161e-07
1.599123000050895e-08;7.586566000245512e-08;1.153210000047693e-07;6.064048000262119e-07
1.5590144999441692e-08;7.673981999978422e-08;1.1399030000029598e-07;6.509612000081689e-07
1.648591999983182e-08;7.347069999668747e-08;1.0923330001241994e-07;6.668008000124245e-07
1.627862500026822e-08;7.56130399997346e-08;1.1148525000317022e-07;6.772988000302576e-07
1.577631999971345e-08;7.28988200018648e-08;1.0829139999987092e-07;6.947507999720984e-07
1.5566250000847505e-08;7.629335999954492e-08;1.2261259999650066e-07;6.513405999867246e-07
1.631718999997247e-08;7.374064000323415e-08;1.1884100000315812e-07;6.643804000341333e-07
1.6105239999887998e-08;7.74098799971398e-08;1.1165439999604132e-07;6.381955999531784e-07
1.592448000010336e-08;7.478257999755442e-08;1.0812940000323578e-07;6.602723999531008e-07
1.557293500081869e-08;7.803204000229016e-08;1.0963949999131728e-07;6.89985400007572e-07
1.6447294999670702e-08;7.460669999709352e-08;1.1622825000085867e-07;6.691450000507757e-07
1.6095114999916405e-08;7.803120000171476e-08;1.1208695000095759e-07;6.530229999916628e-07
1.534185500058811e-08;7.052935999818146e-08;1.0870150000846479e-07;6.453749999636784e-07
1.587645999970846e-08;7.710509999888018e-08;1.2245379999512806e-07;6.583019999670796e-07
1.6498260000662413e-08;8.060677999746986e-08;1.0855350000201724e-07;7.043849999899976e-07
1.601130000053672e-08;7.231597999925725e-08;1.198002000019187e-07;6.540806000120938e-07
1.6428805000032298e-08;7.355676000006497e-08;1.0716519999550656e-07;7.225541999796406e-07
1.540577499981737e-08;7.693141999770887e-08;1.1788190000515896e-07;6.588939999928698e-07
2.1177219998207876e-08;7.478209999972023e-08;1.1016820000077132e-07;6.487012000288814e-07
1.6126919999078382e-08;7.588717999751679e-08;1.1344045000441838e-07;6.193719999864697e-07
1.650569999910658e-08;7.31182399962563e-08;1.2268524999672081e-07;6.87958599999547e-07
1.6006814999855124e-08;7.421054000151344e-08;1.174831000098493e-07;6.782392000313848e-07
1.5901070000836624e-08;7.652468000305817e-08;1.1153009999543428e-07;6.255473999772221e-07
1.557304000016302e-08;7.84350199974142e-08;1.1490284999308642e-07;6.323153999983333e-07
1.608875999954762e-08;7.632868000073358e-08;1.1243155000556726e-07;6.700625999947079e-07
1.5456124999036546e-08;7.76895200018771e-08;1.1397345000295899e-07;6.568117999704554e-07
1.6066374999354594e-08;8.053068000008352e-08;1.1534130001382436e-07;6.553646000102162e-07
1.50898749998305e-08;7.19182999979239e-08;1.192931500117993e-07;7.197800000431016e-07
1.6027704998850823e-08;7.611608000006527e-08;1.1588615000073333e-07;6.526491999975406e-07
1.64134999999078e-08;7.29537800012622e-08;1.1451939999824389e-07;6.480073999846354e-07
1.582411499985028e-08;7.445021999883465e-08;1.1177150000003166e-07;6.338474000222049e-07
1.5757300000404938e-08;7.626842000172474e-08;1.0872309999831486e-07;6.436267999815754e-07
1.5572244999930263e-08;7.307268000440671e-08;1.13309250009479e-07;6.387090000207536e-07
1.5491550001024734e-08;7.434375999728217e-08;1.2036484999407547e-07;6.208732000086457e-07
1.5801240000291727e-08;7.578809999977238e-08;1.1264980000851211e-07;6.436140000005253e-07
1.615254499920411e-08;7.819494000286795e-08;1.1710089999542106e-07;6.673448000219651e-07
1.5918295001029038e-08;7.585498000262306e-08;1.1198390000208747e-07;6.61407399980817e-07
1.597545499971602e-08;7.579356000060215e-08;1.098677999980282e-07;6.451992000220343e-07
1.582351499964716e-08;7.594633999979123e-08;1.0819850000552833e-07;6.55730600003153e-07
1.561653499957174e-08;7.595367999747396e-08;1.2297090000356548e-07;6.48616399965249e-07
1.6277655000158118e-08;7.261256000492721e-08;1.21080750002875e-07;6.303054000018165e-07
1.5523224999196826e-08;7.905624000122771e-08;1.1506194999674335e-07;6.792805999866687e-07
1.563021500041941e-08;7.284432000014931e-08;1.1246829999436158e-07;6.520345999742858e-07
1.5957704999891575e-08;7.689701999770478e-08;1.1501675000181422e-07;6.624474000418559e-07
1.566748500044923e-08;8.045385999721475e-08;1.1032179999165237e-07;6.463300000177696e-07
1.5736355000990443e-08;7.206628000130877e-08;1.1374905001139268e-07;6.556133999838493e-07
2.105718000093475e-08;7.485213999752887e-08;1.1489805000019259e-07;6.382832000381313e-07
1.5677030000369996e-08;7.459088000468909e-08;1.159627500019269e-07;6.800210000365042e-07
1.6494225000496954e-08;8.161782000097446e-08;1.2242965000041295e-07;6.718513999949209e-07
1.6522000000986738e-08;7.913081999868154e-08;1.1800719999882858e-07;6.464709999854677e-07
1.6233349998947234e-08;7.504740000003949e-08;1.2088595000386704e-07;6.43136799975764e-07
1.6380204999586566e-08;8.049252000055275e-08;1.138877500052331e-07;6.633529999526218e-07
1.5575214999262242e-08;8.217839999706485e-08;1.1457619999418966e-07;6.536292000091634e-07
1.5814040000259412e-08;7.915408000117168e-08;1.1002619999635499e-07;6.466017999919131e-07
1.5598450000106822e-08;7.252478000009433e-08;1.1093629999959375e-07;6.645893999957479e-07
1.558175999962259e-08;7.659844000008889e-08;1.1902854999061674e-07;6.547690000152216e-07
1.541962000046624e-08;7.746534000034444e-08;1.1440185000537894e-07;6.401951999869198e-07
1.5731034999771508e-08;7.330542000127025e-08;1.1177415000565816e-07;6.657022000290454e-07
1.5550244999758432e-08;7.714079999714159e-08;1.1321969999698922e-07;6.414892000029795e-07
1.6322144999867306e-08;7.176548000425101e-08;1.2016655001207255e-07;6.246224000351503e-07
1.56579350004904e-08;7.61343999998644e-08;1.1583330000576098e-07;6.320163999916986e-07
1.5730449999682605e-08;7.361291999695823e-08;1.1203739998745732e-07;6.607197999837808e-07
1.5432430000510066e-08;7.274249999900348e-08;1.1121600000478793e-07;7.022344000288285e-07
1.6445954999653622e-08;7.369318000273778e-08;1.1733249999815598e-07;6.52090199990198e-07
1.647081499977503e-08;7.488926000078208e-08;1.1459900000772905e-07;6.350540000130423e-07
1.5239909999945668e-08;7.798249999759718e-08;1.1374924999836367e-07;6.349384000059217e-07
1.5957185000297614e-08;7.325420000124723e-08;1.1127814999781549e-07;7.406570000457577e-07
1.5860260000044947e-08;7.234772000228986e-08;1.2278810000861996e-07;6.550229999702423e-07
1.6512065001006705e-08;8.122262000106275e-08;1.1113454999576788e-07;6.744412000407465e-07
1.566861500032246e-08;7.850038000033236e-08;1.216368000023067e-07;6.469043999677524e-07
1.5684115000476595e-08;7.98521000018809e-08;1.1648720000812318e-07;6.29289600008633e-07
1.612364000029629e-08;7.592824000166729e-08;1.1299184999370482e-07;6.630577999749221e-07
1.570272499957355e-08;7.654513999586925e-08;1.127087499917252e-07;6.78343000006862e-07
1.599265999975614e-08;7.427597999922e-08;1.1043000000063329e-07;7.16550000011921e-07
2.1262119998573326e-08;7.462794000166468e-08;1.1938450000889132e-07;6.789398000109941e-07
1.5673375000187662e-08;8.04078999964986e-08;1.1218755001027603e-07;6.664595999754965e-07
1.5945875000033993e-08;7.634535999968647e-08;1.1668534998898394e-07;6.311010000063106e-07
1.6534034999494906e-08;7.853761999867856e-08;1.166300000040792e-07;6.525419999961742e-07
1.528018999961205e-08;7.620911999838426e-08;1.1121775000356138e-07;6.543569999630562e-07
1.545563499967102e-08;7.398264000075869e-08;1.9227569999929984e-07;7.005243999883533e-07
1.646098500059452e-08;7.437619999982416e-08;2.0190184999955818e-07;6.91071200009901e-07
1.638749999983702e-08;7.568405999918469e-08;1.9455799998831935e-07;6.687787999981083e-07
1.547036499978276e-08;7.655533999786712e-08;1.9556524998915848e-07;6.806748000090011e-07
1.5785585000412538e-08;7.154399999999441e-08;1.9198355000116863e-07;7.256723999744281e-07
1.553017499973066e-08;7.303587999776937e-08;2.0585524999478367e-07;6.754345999797807e-07
1.646471499989275e-08;7.716262000030838e-08;1.950762000051327e-07;6.443314000498503e-07
1.6330780000134836e-08;7.831651999731548e-08;1.943485999945551e-07;6.542674000374972e-07
2.1574679997866043e-08;8.14332599984482e-08;1.8802509999659377e-07;6.874143999884836e-07
1.622949000011431e-08;7.359079999732785e-08;1.9401760000619106e-07;7.044368000351824e-07
1.56317749992013e-08;8.132812000112607e-08;1.9450990000041202e-07;6.687021999969147e-07
1.5692444999876898e-08;8.118235999718309e-08;1.991357000079006e-07;7.385658000130206e-07
1.6238720000546893e-08;7.313929999945685e-08;1.9400725000014064e-07;6.558139999979176e-07
1.6032809999887832e-08;7.629438000149093e-08;1.9533099999534899e-07;7.091397999902256e-07
1.581702999974368e-08;7.973609999753534e-08;1.9318555000063499e-07;6.257978000212461e-07
1.5773859999899287e-08;7.340044000302441e-08;1.9156710000243038e-07;6.492439999710768e-07
1.6161015001125634e-08;7.600578000419773e-08;1.9271680001111236e-07;6.897422000183724e-07
1.575872000103118e-08;7.752259999979288e-08;2.0024149998789652e-07;6.507954000262543e-07
1.5594004999729805e-08;8.12188400013838e-08;1.9027245001052506e-07;7.307717999792657e-07
1.579640499985544e-08;7.728133999626152e-08;1.974354499980109e-07;6.512575999950058e-07
2.0740509999450295e-08;8.08288200001698e-08;1.958333000075072e-07;6.547243999666534e-07
1.5733484999509527e-08;7.851069999742321e-08;1.9778924999991432e-07;7.18012000026647e-07
1.5905724999902305e-08;7.7763500000583e-08;1.9122630001220386e-07;6.550681999651715e-07
1.598742500063963e-08;7.635133999865503e-08;1.9293479999760167e-07;6.767463999567554e-07
1.6206234999117443e-08;7.684401999576948e-08;2.0058844999584836e-07;6.661007999791763e-07
1.5627049999602604e-08;7.076212000101805e-08;1.9259484999929556e-07;6.725710000027902e-07
1.5865679999114945e-08;7.24668999959249e-08;1.947661500016693e-07;6.433432000339963e-07
1.5666334998968523e-08;7.700341999880038e-08;1.9145130000833887e-07;6.924039999721572e-07
1.5688364999368787e-08;7.465192000381648e-08;2.014881999930367e-07;6.86169599997811e-07
1.5521099999023135e-08;7.39655000041239e-08;1.9361039999057538e-07;6.926279999897816e-07
1.5757559999474323e-08;8.053365999949164e-08;1.9676664999860804e-07;7.42064600053709e-07
1.6051260000676848e-08;7.367682000040077e-08;1.9323540000186767e-07;6.556086000055075e-07
2.0881650000228546e-08;8.117273999960162e-08;2.0219909999286755e-07;6.769894000026397e-07
1.6474264999851585e-08;7.132685999968089e-08;1.877601999876788e-07;6.685327999875881e-07
1.53249599999981e-08;7.31915200012736e-08;1.9458515000587794e-07;6.437559999758378e-07
1.5837284999724942e-08;7.66430199961178e-08;1.9469840000965632e-07;7.093255999498069e-07
1.6016090000630356e-08;7.164073999738321e-08;1.9144554999365936e-07;6.696713999845088e-07
1.607302000047639e-08;7.597696000011638e-08;2.0312960000592285e-07;6.504249999998138e-07
1.5654935000929982e-08;7.829111999599263e-08;1.9773785000143107e-07;6.795130000100471e-07
1.650921499967808e-08;7.794185999664478e-08;2.0214220002526418e-07;6.496588000445627e-07
1.5635979999206028e-08;8.080928000272251e-08;1.939754500053823e-07;6.663671999704092e-07
1.5702739999687764e-08;7.784669999964535e-08;1.9529225000587757e-07;6.916288000065833e-07
1.5593419999640902e-08;7.68071600003168e-08;1.9676454999716952e-07;6.802741999854333e-07
1.6277710000576918e-08;7.413311999989673e-08;1.9216240000969264e-07;7.47044800024014e-07
2.2358550000353716e-08;7.731402000063099e-08;2.0380780001869424e-07;7.220244000200182e-07
1.634403499920154e-08;7.731029999558813e-08;2.0002779999049381e-07;6.787110000150278e-07
1.5381540000089445e-08;7.357997999642975e-08;1.9375370000489056e-07;7.191687999875284e-07
1.6592605000187176e-08;7.901445999741554e-08;2.0290059999388178e-07;6.770782000385225e-07
1.5882779999810738e-08;7.59879000019282e-08;1.929744499939261e-07;6.763766000512988e-07
1.6003790000104345e-08;7.451361999846995e-08;1.9395369999983813e-07;6.990670000086539e-07
1.6434274999483024e-08;8.033300000242889e-08;1.982043500029249e-07;7.593945999979041e-07
1.5947129999403843e-08;7.680187999503687e-08;2.002850499993656e-07;6.304875999921933e-07
1.5569869999308138e-08;7.309534000232816e-08;2.028234000026714e-07;6.681940000271425e-07
1.5743594999366904e-08;7.294906000024639e-08;1.9921520000207238e-07;6.531733999727294e-07
1.5744110000377986e-08;7.142979999771342e-08;1.9249089999357238e-07;7.656028000055812e-07
1.5785585000412538e-08;7.27584999985993e-08;1.928697999974247e-07;6.662122000125237e-07
2.156847000005655e-08;7.668876000097952e-08;1.9030375000147614e-07;6.868779999786056e-07
1.5160874999128283e-08;7.245678000035695e-08;2.0195000001695006e-07;6.619677999988198e-07
1.573019000061322e-08;7.549875999684445e-08;1.9278650000342167e-07;7.417013999656774e-07
1.629036500089569e-08;7.437488000141456e-08;1.9569064999814145e-07;6.854391999659129e-07
1.565277499903459e-08;7.986360000213608e-08;1.9511944999976548e-07;6.908633999992162e-07
1.6304304999357555e-08;7.901966000208631e-08;1.9129144999897107e-07;6.744678000104613e-07
1.5605475001211742e-08;7.89959599962458e-08;2.098876999807544e-07;7.09900000016205e-07
1.595472499902826e-08;7.779199999640695e-08;1.9363994999730494e-07;6.61441600008402e-07
1.6263949999120085e-08;7.421881999471224e-08;1.9311525000375696e-07;6.612504000077024e-07
1.5388584999891464e-08;7.828838000423275e-08;1.9646325000212527e-07;6.627020000014454e-07
1.5609659999608995e-08;7.211066000163555e-08;1.9327900001371745e-07;6.417424000101164e-07
1.6105315000459087e-08;7.214818000211381e-08;1.8978730001254007e-07;6.865255999728106e-07
2.109496999764815e-08;7.724165999679826e-08;1.9553130000713282e-07;7.29843000008259e-07
1.5831379999872297e-08;7.333575999946333e-08;1.9973849999951198e-07;6.561573999933899e-07
1.622990000032587e-08;7.636109999730251e-08;1.959939500084147e-07;6.776229999959469e-07
1.5860295000311453e-08;7.879678000463173e-08;1.8926075000490528e-07;6.623663999489509e-07
1.5982595000241416e-08;7.73509600025136e-08;2.0198469999013468e-07;7.44234999991022e-07
1.666253000003053e-08;7.789854000438936e-08;1.9339749999926425e-07;6.635833999607712e-07
1.5807439999480268e-08;7.325067999772728e-08;1.8977274998906068e-07;6.76615199947264e-07
1.6391795000527053e-08;7.761373999528587e-08;2.0084519998636098e-07;6.817497999873013e-07
1.5955149999354036e-08;7.62317200016696e-08;1.9245429999136832e-07;6.642222000518814e-07
1.605558999872301e-08;7.907712000305764e-08;1.9542119999823626e-07;6.883340000058524e-07
1.569628500001272e-08;8.092474000295624e-08;1.9333380000898614e-07;6.68500599975232e-07
1.6392069999710657e-08;7.636725999764166e-08;1.9251145000453106e-07;6.670435999985785e-07
1.529141999926651e-08;7.674676000024192e-08;2.0269280002685263e-07;6.702933999476955e-07
1.549175000109244e-08;7.949095999938436e-08;1.95721850002883e-07;6.85427799995523e-07
1.5662460000021384e-08;7.42803399974946e-08;2.006627000228036e-07;6.934524000389501e-07
1.584999000042444e-08;7.687861999729648e-08;1.93180050002411e-07;7.232342000352218e-07
1.5555710000626276e-08;7.862855999846943e-08;1.9816614998853765e-07;6.890877999830992e-07
1.6469314999994823e-08;7.65103000041563e-08;2.005776000005426e-07;6.524863999802619e-07
1.663260499917669e-08;7.31933199975174e-08;1.9324670000059997e-07;7.394748000078835e-07
1.563297499960754e-08;7.5657600001432e-08;2.0097450001048854e-07;6.728128000395373e-07
1.6035185000509954e-08;7.321683999616653e-08;1.9385645000147633e-07;7.515492000384256e-07
1.5501220000442116e-08;7.71662799990736e-08;2.0509090000996365e-07;6.962108000298031e-07
1.6143984999507666e-08;7.429569999803789e-08;1.913011500000721e-07;6.686612000339665e-07
1.6106295000645333e-08;7.701149999629706e-08;1.9452620000811295e-07;6.553067999775521e-07
1.6569514998991508e-08;7.684575999737718e-08;2.014707000053022e-07;6.653796000173316e-07
1.5610544999071864e-08;7.644432000233792e-08;1.8905449999147094e-07;6.753474000142887e-07
1.6572575000463985e-08;7.272016000351868e-08;1.9683449999138246e-07;6.36296599986963e-07
1.6346219999832102e-08;7.946930000325665e-08;1.95542999994359e-07;6.861971999751404e-07
1.5780815000471193e-08;7.747945999726653e-08;2.0191760000307113e-07;6.725282000261359e-07
1.576057499914896e-08;7.359723999979906e-08;1.9833850000577512e-07;7.337792000034824e-07
1.5507459999935237e-08;7.282802000408993e-08;2.016031999955885e-07;6.558521999977529e-07
1.552693499979796e-08;7.361802000086754e-08;1.9356670000706799e-07;7.276872000074945e-07
1.5941105000092648e-08;8.099243999458849e-08;1.9279820000519976e-07;6.654192000278271e-07
1.576814000000013e-08;7.463661999790929e-08;1.9759520000661723e-07;6.847987999790349e-07
1.6332935000536963e-08;7.597050000331364e-08;1.9202580000273885e-07;6.68095400033053e-07
1.573915000044508e-08;7.754052000236698e-08;2.0170130000042263e-07;6.72088999999687e-07
1.6093714999442454e-08;7.969464000198059e-08;1.9901489999028855e-07;6.644813999882899e-07
1.551884500076994e-08;7.905897999880836e-08;1.9476489999215117e-07;6.559057999984361e-07
1.5943090000655502e-08;7.69734800036531e-08;1.9676700000127312e-07;6.438594000064768e-07
1.5589840000029654e-08;7.681703999987803e-08;1.9790954999916722e-07;6.910266000195406e-07
1.6469320000032895e-08;8.173172000097111e-08;1.9323364998854231e-07;6.344106000033207e-07
1.5965945000061765e-08;7.670841999934055e-08;1.949332000076538e-07;6.427670000120997e-07
1.5899115000502207e-08;7.568565999972635e-08;1.9934449999709613e-07;7.071915999986232e-07
1.597438499884447e-08;7.599741999874822e-08;2.006664499931503e-07;7.097523999982514e-07
1.5381504999822936e-08;8.017643999774009e-08;2.026322000019718e-07;6.418346000136807e-07
1.581238999933703e-08;7.436015999992378e-08;1.9426215000567026e-07;6.724642000044697e-07
1.5982864999386948e-08;7.229539999971166e-08;1.9446574999892618e-07;6.717004000092856e-07
1.6055919999780598e-08;7.798533999593928e-08;1.960504499875242e-07;6.670322000281886e-07
1.6003299999283626e-08;7.352747999830171e-08;2.0083709998289124e-07;7.222117999917828e-07
2.0901399999274872e-08;7.317129999864847e-08;1.970489999948768e-07;6.888359999866225e-07
1.535427499911748e-08;7.916441999841481e-08;1.9519534999562893e-07;6.751036000205204e-07
1.647207000060007e-08;7.874118000036106e-08;2.0089459999871905e-07;7.02536600001622e-07
1.5787324999109843e-08;7.334974000114016e-08;1.9007695000618696e-07;6.606951999710873e-07
1.5467409999109805e-08;7.878749999799766e-08;1.913011500000721e-07;6.980305999750271e-07
1.573118499945849e-08;7.22401200036984e-08;1.945343500119634e-07;6.760699999867938e-07
1.5325625000696162e-08;7.467549999710173e-08;2.0130129999597557e-07;6.946112000150606e-07
1.578832500090357e-08;7.751360000111163e-08;1.9333105000259822e-07;6.564609999768436e-07
1.5663249998760876e-08;8.112044000299648e-08;2.0314384999801405e-07;6.466695999843068e-07
1.5831615000206513e-08;7.729165999917314e-08;1.9993474999500903e-07;6.578529999824241e-07
1.570775500003947e-08;7.712072000140324e-08;1.9586219999473542e-07;6.854857999715023e-07
1.5665104999789038e-08;8.035495999502018e-08;1.955489500105614e-07;6.359709999524057e-07
1.5820164998876862e-08;7.672053999849595e-08;1.8737954999960492e-07;7.380503999884241e-07
1.584909999946831e-08;7.771466000122018e-08;1.993796500028111e-07;6.568162000039593e-07
1.5633230000094046e-08;7.656124000204727e-08;1.9373454999004026e-07;6.696883999975398e-07
1.6685120000329336e-08;7.184501999872737e-08;2.004919000028167e-07;6.745148000190965e-07
1.55715600005351e-08;7.484874000074342e-08;1.9044000000576488e-07;6.870087999850511e-07
1.6085060000477823e-08;7.938866000040435e-08;2.0151069998973982e-07;6.711329999961891e-07
1.6275594999024178e-08;7.614378000143915e-08;1.907920999947237e-07;6.970695999916643e-07
1.641340000060154e-08;7.312896000221371e-08;1.8773840001085772e-07;6.570916000055149e-07
1.5570234999177047e-08;7.380010000197218e-08;2.0152205000340472e-07;6.568483999581076e-07
1.6129375000309665e-08;7.944847999606281e-08;2.0215800000005403e-07;7.253900000359863e-07
1.581912999972701e-08;7.940710000111722e-08;2.004509499965934e-07;6.972720000194386e-07
1.641850500018336e-08;8.03875599987805e-08;1.9161789999634494e-07;7.103318000445143e-07
1.6434264999406877e-08;8.170291999704204e-08;1.9486065000819508e-07;6.762917999876663e-07
1.5858015000412707e-08;7.285580000025221e-08;2.0094380000955426e-07;6.715406000148505e-07
1.540430000022752e-08;7.378261999692768e-08;1.950010000000475e-07;6.894620000384748e-07
2.0896150000044144e-08;7.412108000135049e-08;1.9148300000233577e-07;6.708862000377849e-07
1.5637285000411795e-08;7.707759999902918e-08;1.9254499999806284e-07;6.615484000067226e-07
1.541469500079984e-08;7.287925999844447e-08;1.9654350000200792e-07;6.568831999902613e-07
1.6457085000001827e-08;7.318199999863282e-08;1.9312329999229404e-07;6.460103999706917e-07
1.5804239999852144e-08;7.726457999669947e-08;1.9495699999970385e-07;7.013337999815121e-07
1.527065499976743e-08;7.687450000084937e-08;1.9052975000522566e-07;6.460653999820352e-07
1.55341049990966e-08;7.294791999738664e-08;1.9003080000402405e-07;6.487399999750778e-07
1.6186489998653996e-08;7.430370000074618e-08;1.9513355000526644e-07;6.591615999932401e-07
1.663750000006985e-08;7.370498000527732e-08;2.0374460000311955e-07;6.533741999883204e-07
1.5960875000746454e-08;7.557147999759763e-08;2.009955999965314e-07;6.749247999978252e-07
1.5575954999076204e-08;7.881496000336483e-08;1.9855694999569096e-07;6.908406000002287e-07
1.6052874999877532e-08;8.0361320002703e-08;1.93494399994961e-07;6.683193999924697e-07
1.594481999927666e-08;7.470183999976143e-08;1.9481639999139588e-07;7.18259199988097e-07
1.6296290000900627e-08;7.821478000259958e-08;2.0218170000589453e-07;7.005559999961406e-07
1.5891245000238997e-08;7.477053999900818e-08;1.969334500026889e-07;6.698358000139706e-07
1.567520500102546e-08;7.366646000300535e-08;1.9244340001023374e-07;6.73570400045719e-07
1.5694464999251068e-08;7.32921399991028e-08;1.9810199999483303e-07;6.845308000338264e-07
1.57794049999211e-08;7.776838000281714e-08;1.9625599999562836e-07;6.654877999681048e-07
1.5563759999349713e-08;7.37788999977056e-08;1.882286500040209e-07;6.858305999776348e-07
1.6128250000474508e-08;7.280285999877379e-08;2.0237129999441094e-07;6.902300000074319e-07
1.658587000129046e-08;7.767967999679968e-08;1.9740160000219476e-07;6.607302000047639e-07
1.5953879999869967e-08;7.730785999447107e-08;2.022343999997247e-07;6.462290000054053e-07
1.655217000079574e-08;7.709460000041872e-08;1.965761500032386e-07;6.95729399973061e-07
1.572077000018908e-08;7.829823999782093e-08;2.036060000245925e-07;6.856812000041828e-07
1.623999000003096e-08;7.560912000481039e-08;2.0133010001154615e-07;7.214901999686845e-07
1.5535419998923317e-08;7.322931999806315e-08;1.962881500076037e-07;6.978258000453935e-07
1.5861785000015516e-08;7.629303999710828e-08;1.9552764999389184e-07;6.906537999748253e-07
1.5683729999000207e-08;7.293684000032954e-08;2.0109980000415817e-07;7.051666000043042e-07
2.1271520000300372e-08;7.930032000294886e-08;1.9039399999019224e-07;6.268052000086754e-07
1.5328654999029823e-08;7.502486000303179e-08;1.9353555000270717e-07;7.05266600009054e-07
1.5693014999851586e-08;7.25799800013192e-08;2.0208139999886044e-07;7.478703999659047e-07
1.532856499979971e-08;7.40017399948556e-08;1.9241540000075475e-07;6.436142000020481e-07
1.64187350004795e-08;7.686963999876753e-08;1.9608619999780786e-07;6.937219999963418e-07
1.5825279999990015e-08;7.571062000351957e-08;1.9590645001153463e-07;6.645129999960773e-07
1.572081999911461e-08;7.832234000088647e-08;1.9513434999680613e-07;6.498485999763944e-07
1.6381310000724626e-08;8.044413999887184e-08;1.8699930000002496e-07;6.950076000066474e-07
1.5848495000682305e-08;8.141610000166111e-08;1.9795929999963846e-07;6.648415999952704e-07
1.570975000067847e-08;7.870419999817386e-08;1.97857400009525e-07;7.227543999906629e-07
1.579123499977868e-08;7.438203999772668e-08;1.9978145000641233e-07;6.619127999874763e-07
1.561305000068387e-08;7.648538000066765e-08;1.969548499910161e-07;6.843558000400663e-07
1.5946269998676143e-08;7.74154599988833e-08;1.9118989999697079e-07;7.275680000311695e-07
1.6063220000069123e-08;7.261956000002101e-08;2.0048049998877104e-07;6.584062000038102e-07
1.6337585001019762e-08;8.038024000125005e-08;1.943160499940859e-07;6.799271999625489e-07
1.513579999882495e-08;8.175959999789484e-08;1.9656870000471825e-07;6.432083999970928e-07
1.546387999987928e-08;7.15504600026179e-08;1.9627694999508094e-07;6.917393999756314e-07
1.528973499953281e-08;7.863390000420623e-08;2.0152480000979267e-07;6.968958000070416e-07
1.6387639999447856e-08;7.906591999926605e-08;1.9641340000089258e-07;6.731304000131786e-07
1.5717255001072773e-08;7.514098000247031e-08;1.9396109999797773e-07;6.919000000343658e-07
1.6160895000211895e-08;7.869587999884971e-08;1.925559999945108e-07;6.676141999778338e-07
1.5934485000616406e-08;7.193484000163152e-08;1.8990155000938103e-07;7.588351999875158e-07
1.5193249999720138e-08;7.777596000232734e-08;1.9636190000164788e-07;6.500830000150018e-07
1.620715500030201e-08;7.314237999962643e-08;1.9557980001263786e-07;6.244678000221029e-07
1.5446155000245197e-08;7.594849999877624e-08;2.0010170000023208e-07;6.898965999716893e-07
1.5926805000344757e-08;7.39032999961637e-08;1.9445504999021068e-07;6.501278000068851e-07
1.580705500091426e-08;7.112267999909819e-08;1.899447500036331e-07;6.637651999481023e-07
2.2069859999464824e-08;7.504847999662161e-08;2.0210529997712002e-07;6.698612000327557e-07
1.5986200000043026e-08;7.23506600013934e-08;2.5738659998751246e-07;8.788679999997839e-07
1.655923500075005e-08;8.004813999868929e-08;2.5213170002098195e-07;9.270675999578088e-07
1.525050500058569e-08;7.78712600003928e-08;2.45064300019294e-07;8.401083999779076e-07
1.637921500077937e-08;7.749450000119395e-08;2.4964059999911115e-07;8.705789999803528e-07
1.649108999990858e-08;7.234552000300028e-08;2.4359520000871273e-07;8.160342000192032e-07
1.581466000061482e-08;7.782893999828957e-08;2.3445119999814777e-07;8.859227999928407e-07
1.583731499995338e-08;7.263601999729872e-08;2.5270859999000093e-07;8.94045000022743e-07
1.5369075001217425e-08;7.327546000014991e-08;2.4542140000266956e-07;8.54641400044784e-07
1.653144500014605e-08;7.816970000276342e-08;2.4785429998883046e-07;9.125363999628462e-07
1.5667719999328255e-08;7.603193999966607e-08;2.3892140001407824e-07;8.303136000176891e-07
1.6170390001207125e-08;7.682866000104695e-08;2.487859000102617e-07;8.779427999979817e-07
1.606103000085568e-08;7.879010000033304e-08;2.4313269997946917e-07;8.451025999966077e-07
1.567914000042947e-08;7.221707999706268e-08;2.428856999904383e-07;8.368252000072971e-07
1.6025359999912324e-08;7.844141999958083e-08;2.3964729998260735e-07;8.278879999998026e-07
1.591389499953948e-08;7.222295999526977e-08;2.4131399998441336e-07;8.437151999678463e-07
1.587942500045756e-08;7.790085999877192e-08;2.529544999997597e-07;8.172981999814511e-07
1.569067999953404e-08;8.153737999964505e-08;2.4297039999510164e-07;8.714449999970384e-07
1.627272999903653e-08;7.45751400012523e-08;2.461217999807559e-07;8.406991999945604e-07
1.660414499929175e-08;7.35789800004568e-08;2.5258940001367594e-07;8.878103999886662e-07
1.5538175000983755e-08;7.984299999661744e-08;2.411605000088457e-07;8.498300000210293e-07
1.620861999981571e-08;7.6013020001119e-08;2.5675470000714993e-07;8.329747999669052e-07
1.562506000045687e-08;7.217383999959566e-08;2.466818999964744e-07;8.82329199986998e-07
1.5990615000191612e-08;7.220704000210389e-08;2.392093999951612e-07;8.669304000213742e-07
1.642320499959169e-08;7.24629400006961e-08;2.3773199997958727e-07;8.157115999492817e-07
1.6318225000577514e-08;8.149028000188991e-08;2.4016250000568107e-07;8.946614000014961e-07
2.1345110001857393e-08;7.56869800039567e-08;2.412903000076767e-07;8.38214399991557e-07
1.5899694999097846e-08;7.89898999966681e-08;2.4946500000078233e-07;8.580604000017047e-07
1.639112499979092e-08;8.140902000013738e-08;2.547190000186674e-07;8.660804000101052e-07
1.579150000034133e-08;7.84049200010486e-08;2.4897129999590104e-07;9.011799999861978e-07
1.5312144999916198e-08;8.090912000043318e-08;2.4771709999185987e-07;8.646409999928438e-07
1.537481499981368e-08;7.714942000457085e-08;2.419401000079233e-07;9.331525999587029e-07
1.5800310000486206e-08;7.882163999602198e-08;2.3735800001304598e-07;8.661676000338047e-07
1.614837999950396e-08;7.905217999941669e-08;2.4270820000674573e-07;8.653548000147566e-07
1.5668539999751374e-08;7.315801999648102e-08;2.4824509999598377e-07;8.596181999891996e-07
1.615690500038909e-08;7.295173999737017e-08;2.426046000036877e-07;8.410464000189677e-07
1.664615499903448e-08;7.245791999739594e-08;2.5234849998378193e-07;8.936801999807358e-07
1.5948035000474192e-08;7.056138000334613e-08;2.412724000168964e-07;8.339925999753177e-07
1.57872950003366e-08;7.68303000018932e-08;2.606835000042338e-07;9.086617999710142e-07
1.8551424999895972e-08;8.746423999546095e-08;2.642655000090599e-07;9.186707999906503e-07
1.8159744999138637e-08;9.030541999964044e-08;2.6652699999976904e-07;8.654078000108712e-07
1.949019500025315e-08;8.337876000441611e-08;3.111606999882497e-07;9.275862000067719e-07
1.8777264999516773e-08;1.0497355001280084e-07;2.7742769999895247e-07;8.768528000218794e-07
2.0333639997988938e-08;9.615309999790042e-08;3.115074000088498e-07;9.185495999990962e-07
2.4112180000520312e-08;1.0359204999986105e-07;3.0738729998120106e-07;8.815427999943494e-07
2.1305819999543017e-08;9.810090000391937e-08;3.036567999806721e-07;8.871786000090651e-07
2.011464000097476e-08;8.853826000122354e-08;3.0005719998735005e-07;8.847449999884702e-07
1.9954000000143424e-08;1.0047496000188403e-07;2.9897029997664504e-07;9.352175999665633e-07
1.733801499940455e-08;8.126690000062808e-08;2.943825999973342e-07;8.863471999648027e-07
2.0227840000006835e-08;8.953261999995448e-08;2.7367049999884327e-07;8.669455999624915e-07
1.8755660000897478e-08;1.0043384999153205e-07;2.782184999960009e-07;8.865290000103414e-07
1.9827799999620764e-08;8.667628000257536e-08;2.622181999904569e-07;8.272151999990456e-07
1.9003214999975172e-08;8.954965999582782e-08;2.935822999861557e-07;8.819667999632657e-07
1.9235514999309088e-08;8.988518000114709e-08;3.0684649999602697e-07;9.465638000401668e-07
2.573197000019718e-08;8.863403999712318e-08;3.028258999984246e-07;9.156602000002749e-07
1.7945579999650363e-08;9.187757999752649e-08;2.9592089998186566e-07;9.170251999748871e-07
1.9301595000433737e-08;8.672732000122778e-08;3.022188000031747e-07;9.015744000207633e-07
2.005586999875959e-08;7.761712000356055e-08;2.896582999965176e-07;9.165141999837942e-07
1.8823139999585693e-08;8.291006000363268e-08;3.115457000094466e-07;9.227591999806464e-07
2.0531419999315404e-08;8.443370000459254e-08;2.998553999932483e-07;9.431190000032075e-07
1.999080000096001e-08;8.352381999720819e-08;2.954849999805447e-07;9.117517999839038e-07
1.8692680000094697e-08;8.941173999919556e-08;3.05050900002243e-07;9.295477999839932e-07
1.9030334999843034e-08;9.065369999734685e-08;3.068412000138778e-07;8.974397999700159e-07
1.6435939999064432e-08;9.448486000183038e-08;2.9752409999491646e-07;1.0147859998687635e-06
1.8065774999558926e-08;9.274669999722392e-08;2.861579000018537e-07;9.192478000186384e-07
1.8543455000326504e-08;9.352259999723174e-08;2.900558999972418e-07;9.017367999767885e-07
1.8346794998797123e-08;9.384397999965586e-08;2.9524599999422207e-07;8.95734799967613e-07
1.9078234999324196e-08;8.399126000003889e-08;2.7964279998559507e-07;8.98289000033401e-07
1.7686750000575557e-08;9.355972000048495e-08;3.144771000079345e-07;9.098310000263155e-07
2.022933000116609e-08;9.298388000461273e-08;2.826471999869682e-07;8.806896000169218e-07
2.1057179998024367e-08;1.0301785000774544e-07;2.8316250001080334e-07;9.172945999889635e-07
1.9105899998976384e-08;8.94507200049702e-08;2.9386770000564864e-07;9.955212000058965e-07
1.805465999932494e-08;8.827320000273176e-08;2.8769920000922866e-07;9.034924000152386e-07
1.9878074999724048e-08;8.868619999848306e-08;2.705473999958485e-07;9.097119999933056e-07
2.008911999873817e-08;9.261463999864646e-08;2.7672449999954554e-07;9.204542000079528e-07
1.991723999963142e-08;9.044705999549479e-08;2.759263000043575e-07;9.269663999439217e-07
2.0078754999849478e-08;9.230098000261932e-08;2.615529999893624e-07;9.536788000259548e-07
2.0511020001140425e-08;9.129932000068947e-08;2.9772479998064227e-07;9.000019999803044e-07
2.353004000033252e-08;8.983480000169948e-08;3.0514660000335425e-07;9.258677999605424e-07
1.8755654999404213e-08;8.807139999698847e-08;2.965164000052027e-07;9.277217999915592e-07
1.7247234999376816e-08;8.749960000277497e-08;2.992121999850497e-07;9.253816000418737e-07
2.0281320001231507e-08;9.982350000063888e-08;3.174518999876454e-07;1.0777794999012258e-06
2.6197280001360923e-08;1.0444705000554677e-07;3.026351000007708e-07;9.268178000347688e-07
2.239648000104353e-08;1.0235845000715927e-07;3.4015679999720303e-07;8.9123979996657e-07
2.0430209999904036e-08;1.0968594999576453e-07;3.2785299999522977e-07;9.435396000044421e-07
2.4777780001750216e-08;1.0662050000391901e-07;3.22675099974731e-07;9.537958000437356e-07
2.2611240000696854e-08;1.0212645000137855e-07;3.141833000117913e-07;1.0158755000156817e-06
2.488714999926742e-08;1.0545524999906774e-07;3.1268120001186617e-07;9.249598000315018e-07
2.1341270000266378e-08;1.1304315000597853e-07;3.322844000067562e-07;1.0065193999907933e-06
2.357557000068482e-08;1.043283800012432e-07;3.29012000001967e-07;9.564892000053078e-07
2.479928000102518e-08;1.0365699999965727e-07;3.1557480001356455e-07;1.0057037999504246e-06
2.3269380000419913e-08;1.1081954999826848e-07;3.562149000063073e-07;9.579824000247754e-07
2.345873999875039e-08;1.0348374999011867e-07;3.477128999948036e-07;9.682693999493494e-07
2.4113050001324156e-08;1.0263845000008587e-07;3.379702999955043e-07;9.824908000300637e-07
2.849440999852959e-08;1.0046654999314342e-07;3.630000000121072e-07;1.032861999992747e-06
2.2521550001692958e-08;1.0890579999249894e-07;3.28298000007635e-07;1.0025645999703556e-06
2.4985689998720772e-08;1.0239205000107177e-07;3.206447999982629e-07;1.0196374999941326e-06
2.4215489998459816e-08;9.604958000127226e-08;3.55924600007711e-07;9.553884000051767e-07
2.154934999998659e-08;1.2207574999774806e-07;3.1350180000299586e-07;9.449669999885373e-07
2.1174570001312532e-08;1.0398697999771685e-07;3.077334999979939e-07;1.0012694999750237e-06
2.6067509999847972e-08;1.1062295999727212e-07;2.660322999872733e-07;9.051205999567174e-07
2.404040000110399e-08;1.0475040000164882e-07;4.3516499997349456e-07;8.681103999842889e-07
2.033686999930069e-08;1.0478503999765963e-07;4.2993680003564805e-07;8.80103399977088e-07
2.1084449999034406e-08;9.870738000026904e-08;4.307332000462338e-07;8.759878000128083e-07
2.4411299999337642e-08;1.1537529999623075e-07;3.9769789998535996e-07;8.252123999991454e-07
2.2344339999835938e-08;1.0447644999658223e-07;4.12951200036332e-07;9.016121999593451e-07
2.454416500113439e-08;1.1168619999079966e-07;4.767265999689698e-07;1.0207385999965482e-06
2.151453999977093e-08;1.0957914999744389e-07;4.5592460001353175e-07;1.015054499875987e-06
2.1498560000327416e-08;1.0014916000072844e-07;3.9384740000241435e-07;9.267207999946549e-07
2.2001749998889865e-08;9.308140000212006e-08;3.7323869997635483e-07;9.225395999965258e-07
2.7010049999807963e-08;9.990441999980249e-08;3.158192999835592e-07;8.09148800035473e-07
2.1222560000023806e-08;1.1076899999170565e-07;4.154011000064202e-07;8.509765999624505e-07
2.227705999976024e-08;1.1165690000052564e-07;3.75018499995349e-07;8.684833999723197e-07
2.383464000013191e-08;1.0855862000025809e-07;3.6995449999812993e-07;8.083592000184581e-07
2.053611000010278e-08;9.543524000328034e-08;4.1389640001580117e-07;9.493554000509903e-07
2.0418589998735116e-08;1.0606740000366699e-07;4.1475370002444834e-07;8.456423999741674e-07
2.1580989999347368e-08;1.002032000105828e-07;4.0736979997018353e-07;9.028399999951944e-07
2.1249010000610724e-08;9.661980000091717e-08;4.260874000028707e-07;8.119849999784492e-07
2.417647000111174e-08;1.1294590000761672e-07;4.12012999993749e-07;9.018400000059046e-07
2.2375480001210236e-08;9.31490599992685e-08;3.886904999963008e-07;8.676062000449747e-07
2.0760550000704826e-08;9.616015999927185e-08;4.183955999906175e-07;9.370268000056967e-07
2.3589360000914894e-08;1.0088784000254237e-07;4.10691799945198e-07;9.58868999965489e-07
2.3656799999298528e-08;1.0727475000021514e-07;4.35237199999392e-07;9.412738000391983e-07
2.5512479999451898e-08;1.2291825001011603e-07;3.820647000102326e-07;8.608995999675245e-07
2.276844999869354e-08;8.852585999993608e-08;4.264289999846369e-07;8.530417999718339e-07
2.6216650000424125e-08;1.0306190000846982e-07;2.1384720000787638e-07;8.363864000421017e-07
2.828470000240486e-08;1.0658356000203639e-07;3.9828600001055747e-07;8.550670000258833e-07
2.602181000111159e-08;1.0580323999747634e-07;4.4180619996041057e-07;8.280592000228352e-07
2.1668560002581216e-08;1.065709000104107e-07;4.462302000029013e-07;8.181853999849409e-07
2.5312390000908635e-08;1.1104844999499619e-07;4.0179680002620444e-07;8.989838000270538e-07
2.3727139999391512e-08;1.1417435000475962e-07;4.208837999613024e-07;8.697309999843128e-07
2.5141899997834116e-08;1.1094430000230204e-07;4.706426000338979e-07;8.696177999954671e-07
2.193223000067519e-08;1.0724640000262297e-07;4.5131420000689106e-07;8.72890800004825e-07
2.3990929999854417e-08;1.0293524998996873e-07;4.3603539996547623e-07;8.586939999950118e-07
2.5836030000937173e-08;9.065821999683977e-08;4.958424999786075e-07;9.225588000263087e-07
2.5504479999653996e-08;1.1052005000237841e-07;4.316778000211343e-07;9.15326600021217e-07
2.1660939999856056e-08;1.1243604999617673e-07;4.624271999928169e-07;9.340720000327565e-07
2.1360960000311026e-08;1.0838080001121853e-07;1.7834154999582096e-07;8.572235999745317e-07
1.8994450000172946e-08;1.1681618000147864e-07;4.4200969999656083e-07;8.563576000160538e-07
2.1095440001226963e-08;1.058305400016252e-07;4.2526750001707113e-07;9.043379999930039e-07
2.0871905000240077e-08;1.0394526000018231e-07;3.4969299999647775e-07;8.612230000435375e-07
2.2781989999930373e-08;1.0358419999829493e-07;4.969107999932021e-07;9.345364000182599e-07
2.8217250001034698e-08;1.2282970000524074e-07;4.379006999952253e-07;9.371994000393897e-07
2.1399119999841787e-08;1.0229614999843761e-07;4.5902040001237765e-07;8.85119599988684e-07
2.0960860000923276e-08;1.0812626000260934e-07;3.2145669998135417e-07;7.442885999917053e-07
2.0853030000580473e-08;9.897748000221326e-08;4.1092580003896727e-07;7.779790000058711e-07
2.1920099999988452e-08;1.166543500003172e-07;3.9362379998783583e-07;9.632720000226982e-07
2.4590370000805706e-08;1.0649189999094233e-07;4.123253999860026e-07;9.491992000257597e-07
2.4556709997705182e-08;9.304821999976412e-08;3.818936999887228e-07;7.868262000265531e-07
2.044344000169076e-08;9.24693400040269e-08;3.569136000005528e-07;8.108323999913409e-07
1.8802750000031664e-08;8.864246000302955e-08;4.0054239999153654e-07;8.392210000311024e-07
2.1808020000753458e-08;9.145300000091083e-08;3.5788060000049883e-07;8.569505999912507e-07
2.1547144999203737e-08;8.809870000113734e-08;4.164873999543488e-07;8.226013999665156e-07
2.168873999908101e-08;1.0681004999787547e-07;4.292408000328578e-07;8.162745999870822e-07
2.1224439999787137e-08;1.0832004999974743e-07;4.065333999460563e-07;8.615638000192121e-07
2.3408749999362043e-08;9.667276000254787e-08;4.251780000049621e-07;8.601997999940068e-07
2.2368419999838806e-08;9.189570000162349e-08;3.503005999955349e-07;8.761872000177391e-07
2.412006999948062e-08;1.0664770000148564e-07;4.979353999951855e-07;8.095070000272244e-07
2.4014149999129585e-08;9.834838000242599e-08;4.5673939998960123e-07;8.17057800013572e-07
1.9835570000577718e-08;1.0686445000465028e-07;4.3055940000340344e-07;8.540736000286415e-07
2.612985000014305e-08;1.0894860000116751e-07;4.703172000008635e-07;9.614951999974436e-07
2.0044820001930928e-08;1.1857390000659507e-07;3.745745000196621e-07;9.043295999872498e-07
2.1981790001154877e-08;1.1039022000040859e-07;4.098520000115968e-07;8.256352000171319e-07
2.179653000057442e-08;1.2130109999270644e-07;3.0080230001476593e-07;1.017515999992611e-06
2.148938000027556e-08;1.1973190000571777e-07;3.596966000040993e-07;8.308240000042133e-07
2.4711060000117868e-08;1.0438674999750219e-07;4.0684059995692225e-07;8.304151999764145e-07
2.0259830000577494e-08;9.497186000226066e-08;4.2022900003939865e-07;9.044980000471696e-07
2.292038000014145e-08;9.302878000307828e-08;4.784725999925285e-07;9.135041999979876e-07
2.620904000068549e-08;1.0870404000161216e-07;3.9739759999793025e-07;8.487001999747008e-07
2.1383739999146202e-08;1.084084999980405e-07;4.1254300001310184e-07;9.82248799991794e-07
2.0734630001243204e-08;9.861734000151045e-08;4.028880000114441e-07;9.183041999931447e-07
2.4131039998610504e-08;9.727896000258625e-08;4.4227940001292155e-07;9.066914000432007e-07
1.6618724999716505e-08;9.058912000036799e-08;4.2058100004214794e-07;9.087650000001304e-07
2.129713000031188e-08;1.1532974999863655e-07;3.311950000061188e-07;8.972311999532394e-07
2.1272900002077222e-08;1.0557210000115447e-07;4.053833999787457e-07;8.736991999903694e-07
2.1306550000736024e-08;1.2455985000997316e-07;4.1269520000787454e-07;9.127447999780998e-07
2.0769809998455458e-08;8.156806000042706e-08;1.8725079999421723e-07;8.54698000010103e-07
2.2085310000693424e-08;9.727722000097856e-08;1.9015890000446234e-07;8.181669999612495e-07
2.1684959999402053e-08;9.571915999986231e-08;4.0233710000757126e-07;8.470507999882102e-07
2.27583500003675e-08;1.0349595999578014e-07;3.6228810000466184e-07;8.575516000273637e-07
2.2975649998988955e-08;1.0827949999656994e-07;3.996982999960892e-07;8.457261999719776e-07
1.956839000049513e-08;1.0628074999840464e-07;3.863969999947585e-07;8.524602000252344e-07
2.376302000193391e-08;1.033465999935288e-07;3.183355999935884e-07;8.380581999663264e-07
2.1192130001145414e-08;1.0608404999948107e-07;4.3725060002179816e-07;8.502079999889247e-07
2.210495500039542e-08;9.422728000208735e-08;4.2644510001991874e-07;8.279789999942295e-07
2.328230999992229e-08;1.0285735000798013e-07;4.5924660001765004e-07;8.170549999922513e-07
2.36894100002246e-08;9.070804000366479e-08;4.3404180003562944e-07;7.861240000347606e-07
2.5551560000167228e-08;1.0371685000427533e-07;4.506565000046976e-07;1.023503499891376e-06
2.5924620000296273e-08;1.0032586000161245e-07;4.2547959997318685e-07;8.41848400013987e-07
2.0899850002024323e-08;1.0873407999752089e-07;4.0677060000598433e-07;7.676339999889023e-07
2.01033199991798e-08;1.0827144999348093e-07;4.432243999908678e-07;8.741663999971934e-07
2.167217000096571e-08;1.162665800016839e-07;3.897333999921102e-07;9.016451999777928e-07
2.4021360001643187e-08;9.851675999816507e-08;4.496337999589741e-07;8.723911999841221e-07
2.0809689999441616e-08;1.038111500092782e-07;4.804905999917537e-07;8.238047999911941e-07
2.1611264999955894e-08;9.953417999786325e-08;4.516697999788448e-07;7.892112000263296e-07
2.5687399998423644e-08;1.0953889999655076e-07;3.541859000106342e-07;8.807496000081301e-07
2.089865000161808e-08;9.237110000103712e-08;2.2382010001456364e-07;8.406061999849044e-07
2.4021069999434986e-08;8.989578000036999e-08;4.574934999982361e-07;8.411852000281215e-07
2.1455600002082065e-08;1.1349065000831615e-07;2.1286440000403674e-07;8.54276199999731e-07
2.5929419999010862e-08;8.577521999832243e-08;4.0647879999596623e-07;8.881241999915801e-07
2.0524439998553136e-08;9.75585800013505e-08;4.203803999989759e-07;8.37664799997583e-07
2.5732569998945108e-08;1.16474050009856e-07;4.6528350000153296e-07;9.274026000057347e-07
2.0422200000029987e-08;1.1054305000288877e-07;4.461199999786913e-07;8.836882000323385e-07
2.3303639999357985e-08;1.0639795000315644e-07;4.611674000043422e-07;8.307258000131696e-07
2.5812260000384414e-08;1.198483999905875e-07;4.221987999626435e-07;8.582378000137396e-07
2.2002030001021922e-08;1.041865399980452e-07;4.0900039998814465e-07;8.64205399993807e-07
2.5524569999834058e-08;1.0238294000155292e-07;4.20633000030648e-07;8.881894000223838e-07
2.2592169998097232e-08;1.0350046000094152e-07;4.527858000365086e-07;9.165141999837942e-07
2.2733890000381507e-08;1.0640740000235383e-07;4.823666000156663e-07;1.018229000037536e-06
2.0461889999569392e-08;1.0210899999947287e-07;4.612255999818444e-07;9.975884000305087e-07
2.0042269999976268e-08;1.1066479999863077e-07;5.091380000230856e-07;1.0260222000069917e-06
2.1298760001081973e-08;1.0470707999775187e-07;4.479087999789044e-07;9.251133999787271e-07
2.1615469999960622e-08;1.0786094999639317e-07;4.6471559995552523e-07;8.438985999673605e-07
2.695409000152722e-08;1.1217905000376049e-07;4.525232000160031e-07;8.469746000482701e-07
2.1713090001139788e-08;1.0028807999915444e-07;4.82356599997729e-07;9.699481999850833e-07
2.8143509998335504e-08;1.0396965000836645e-07;5.321682000067085e-07;9.223975999630057e-07
2.2781730000860988e-08;1.1214594999910332e-07;4.561591999954544e-07;9.538248000317252e-07
2.3744260000239592e-08;9.998993999906815e-08;4.333994000335224e-07;8.743466000305489e-07
2.0907310000620782e-08;9.157382000121288e-08;4.5816280000144616e-07;8.533043999923394e-07
2.1636979997856544e-08;1.03129249997437e-07;4.2681839998112993e-07;8.754427999956533e-07
2.1401769999647513e-08;1.0090549999731593e-07;4.1332819999661297e-07;8.972063999972306e-07
2.44904499995755e-08;1.0179456000332721e-07;4.4075840001460163e-07;9.080855999491178e-07
2.0498800001223572e-08;1.1158754999632948e-07;4.63750800001435e-07;1.0215762000298128e-06
2.82224499998847e-08;1.1160609999205918e-07;4.137028000550345e-07;9.298272000160069e-07
2.035336999979336e-08;1.0214664000086486e-07;4.2948659998364746e-07;1.0773889999836683e-06
2.3747009999351577e-08;1.1678848000010476e-07;4.542768999817781e-07;8.849184000282548e-07
2.22687000001315e-08;1.1038204999931622e-07;4.1281279997201636e-07;9.601210000109859e-07
2.499956999963615e-08;1.1567405000096188e-07;4.447782000061125e-07;8.713038000278175e-07
2.6413399999728425e-08;1.0630300000775605e-07;4.837296000332572e-07;1.0131064000306651e-06
2.6191250002011657e-08;1.1023874999955297e-07;4.448413999634795e-07;9.959673999692313e-07
2.536594000121113e-08;1.1355675000231713e-07;4.5611780002946033e-07;8.964282000088133e-07
2.329393000109121e-08;1.1671062000095845e-07;4.5527299999957903e-07;9.082141999970191e-07
2.610391000052914e-08;1.0586609999882057e-07;5.071910000406206e-07;8.899749999982304e-07
2.1498229997814634e-08;1.0577379999449477e-07;5.247737999889068e-07;9.159961999976076e-07
2.718174000037834e-08;1.204754999926081e-07;4.6734079997986554e-07;1.0423604999959934e-06
2.091929000162054e-08;1.0499135000281967e-07;5.255634000059217e-07;9.094981999951415e-07
2.3674530000425877e-08;1.1348856000113301e-07;4.5523819999652915e-07;1.022973799961619e-06
2.443292499956442e-08;1.1003130000608508e-07;4.0535060002002864e-07;9.277193999732845e-07
2.7367619998403825e-08;1.0791242000414058e-07;4.6227339998586103e-07;9.543566000065766e-07
2.3593540000729264e-08;1.17629800006398e-07;4.523798000009265e-07;8.572306000278331e-07
2.7607130000251346e-08;1.2183059999370017e-07;4.134304000181146e-07;8.661424000165426e-07
2.0076430001063273e-08;1.1113260001002346e-07;4.91003799950704e-07;9.013111999956891e-07
2.0722490001935513e-08;1.1443049999070354e-07;4.047623999649659e-07;8.687313999980688e-07
2.2295160000794567e-08;1.0085891999769956e-07;4.606303999898955e-07;1.0059292000369169e-06
2.0951489999424667e-08;1.0384049999993295e-07;4.354474000283517e-07;1.0836654999002349e-06
2.205309999990277e-08;1.0021359998791013e-07;4.2733920004684476e-07;8.549767999793403e-07
2.3686130001442507e-08;1.0877473999862559e-07;4.2510039999615403e-07;9.856869999784976e-07
2.1337929999572225e-08;8.702209999901243e-08;4.3616799998562783e-07;9.64752999949269e-07
2.273468000057619e-08;9.015425999532454e-08;4.1069140000035986e-07;8.876783999730833e-07
2.7783789997920394e-08;1.214837500010617e-07;4.6302860003197564e-07;9.271090000402182e-07
2.144879999978002e-08;1.0016214000061154e-07;4.097465999657288e-07;8.894096000003628e-07
2.047428999794647e-08;1.012590599944815e-07;4.2931419995147736e-07;1.0136674999375828e-06
2.023031999997329e-08;1.0142904000240377e-07;4.555048000183888e-07;8.999122000532225e-07
2.362874999816995e-08;1.0423335000814404e-07;4.4084830000065265e-07;8.559704000363126e-07
1.916102499963017e-08;8.23082200018689e-08;4.2751840001437814e-07;9.681751999887638e-07
2.023468999832403e-08;9.861253999988549e-08;4.3091620004270224e-07;9.063156000338495e-07
2.2206949999963398e-08;8.573570000007748e-08;3.89145399996778e-07;8.575915999826975e-07
2.6063969999086112e-08;1.0809485000208951e-07;4.499546000151895e-07;9.54157799948007e-07
2.128499999816995e-08;1.002035400015302e-07;4.038495999993756e-07;8.498710000421852e-07
1.9820379999873693e-08;9.139139999751933e-08;4.0825209999457e-07;7.748259999789298e-07
1.753560499928426e-08;8.852567999856547e-08;4.0775360001134687e-07;8.607918000197969e-07
2.174976000096649e-08;1.000525999988895e-07;3.839164999953937e-07;8.377530000288971e-07
2.3510819999501108e-08;9.228587999823503e-08;4.0861250000307337e-07;9.322950000059791e-07
2.0973265000793617e-08;8.727923999540508e-08;3.422181000059936e-07;8.470660000457429e-07
2.0337899998412466e-08;9.259596000192687e-08;4.18571799993515e-07;8.311838000081479e-07
1.8815339999855497e-08;9.592176000005566e-08;4.036447999533266e-07;8.65918800001964e-07
1.989973000017926e-08;8.177119999891147e-08;3.5934759999508967e-07;8.435055999434553e-07
2.0243510000000243e-08;8.849941999651491e-08;3.8635630000499077e-07;8.588637999491766e-07
2.0169390001683497e-08;8.65485800022725e-08;4.106755999964662e-07;8.171154000447132e-07
1.9271719999960625e-08;8.804358000052162e-08;3.9353599998867137e-07;8.30640800006222e-07
2.5208970002131537e-08;9.473022000165656e-08;3.8991040000109934e-07;8.428642000071704e-07
2.209300999820698e-08;1.0534285000176169e-07;4.05592399998568e-07;8.711205999716185e-07
2.0024629999534228e-08;1.0443089999898802e-07;4.101069999742322e-07;8.585083999787457e-07
1.954896499955794e-08;9.229470000136644e-08;3.747050999954808e-07;9.09544599999208e-07
1.8140750000020487e-08;9.880431999918073e-08;4.0500979998614637e-07;8.823735999758355e-07
1.9718985000508836e-08;9.224564000032842e-08;3.8979610000387766e-07;8.469897999893874e-07
2.0740445000410545e-08;8.93460999999661e-08;3.9839149999897927e-07;8.724213999812491e-07
2.01230000006035e-08;9.117478000116535e-08;3.8141379997250626e-07;9.131856000167317e-07
2.0407669999985955e-08;9.200603999779559e-08;4.096333999768831e-07;7.911183999967762e-07
2.0529489999171346e-08;8.839725999860092e-08;4.0556859999196605e-07;8.186160000041128e-07
2.079564500018023e-08;8.799151999992319e-08;3.928649000008591e-07;8.643378000124358e-07
2.1047510000062174e-08;9.51835600018967e-08;4.3228959996486083e-07;8.376923999749124e-07
2.107442000124138e-08;8.842107999953442e-08;4.0984739997657014e-07;8.403403999982402e-07
2.0034890000533778e-08;9.44097800005693e-08;4.1590700001688676e-07;8.514141999767162e-07
2.0415360000333748e-08;9.135685999644921e-08;4.0436719998251647e-07;9.05120600014925e-07
2.0627059999969787e-08;1.1498909999500029e-07;4.420461999834515e-07;9.154470000066795e-07
2.3368439998012036e-08;9.52816199976951e-08;4.4687380001414566e-07;8.863864000304603e-07
2.2454750002361834e-08;1.0528848000103608e-07;4.075430000084452e-07;9.047016000258737e-07
2.16136999981245e-08;1.0118294999119826e-07;4.41437000001315e-07;8.197909999871626e-07
2.4905509999371135e-08;1.0072240000590683e-07;4.2659240000648423e-07;9.841379999998027e-07
2.752994000038598e-08;1.0477712000138126e-07;4.45811599958688e-07;8.953023999929428e-07
2.7404220000607894e-08;1.0094109999772627e-07;4.239646000205539e-07;9.183275999967009e-07
2.1174470000551083e-08;1.1448679999739397e-07;4.798912000260315e-07;9.382101999945008e-07
2.2003319999203086e-08;8.417980000376701e-08;3.7097729998640714e-07;8.913197999936528e-07
2.6257789999363013e-08;1.0750669999106321e-07;4.9196120002307e-07;9.557960000238382e-07
2.607175000011921e-08;1.2597282000351698e-07;4.461445999913849e-07;8.797683999873697e-07
2.2882119999849236e-08;1.0940049999044277e-07;4.4468260003486646e-07;9.065252000000328e-07
2.1489820000715552e-08;1.0083539999322966e-07;4.095547999604605e-07;9.008402000181377e-07
2.7108239999506624e-08;1.0517905000597239e-07;3.848932000109926e-07;9.04532000015024e-07
2.0211650000419467e-08;1.0453944999608211e-07;4.266367999953218e-07;8.631967999972404e-07
2.5469649999286047e-08;1.0230952000129036e-07;4.5056019996991383e-07;9.719969999860041e-07
2.041287000174634e-08;9.539682000176981e-08;4.5610440004384146e-07;1.058447499963222e-06
2.433930999832228e-08;1.0873205000825692e-07;4.762163999839686e-07;1.0711589999846182e-06
1.899322499957634e-08;1.1335030000191182e-07;4.285387999843806e-07;1.0369440000795293e-06
2.018955000094138e-08;1.0026770000113175e-07;4.1546220000600443e-07;1.1840659999870695e-06
2.0390015000884885e-08;1.094937400019262e-07;4.5913280005333947e-07;1.1535909998929128e-06
2.2383579998859204e-08;9.952499999781139e-08;4.382428000099026e-07;1.14742549994844e-06
2.0694600002025255e-08;1.0943024000152946e-07;5.011488000163808e-07;1.000142999982927e-06
2.59500999993179e-08;1.2213899999915157e-07;4.373263999877963e-07;1.0216530000616332e-06
2.149781000043731e-08;1.1097238000365905e-07;4.5416230001137593e-07;1.0964065000007395e-06
2.419717999873683e-08;1.1612279999826569e-07;4.31628999998793e-07;1.1618475000432226e-06
2.2294989999500104e-08;1.1301294999429956e-07;4.144265999784693e-07;1.2081999999645632e-06
2.6104389998363332e-08;1.1374264999176376e-07;5.282612000009977e-07;1.1101989999588113e-06
2.351214000082109e-08;1.1270589999912773e-07;4.497186999942642e-07;1.177278499962995e-06
2.5729219999630004e-08;1.078350500029046e-07;4.5634319999953734e-07;1.1569284999859519e-06
2.0425780001096428e-08;1.1473245000524912e-07;4.682796000270173e-07;1.028105500008678e-06
2.563036999927135e-08;1.0724644998845179e-07;4.799658000119962e-07;1.0797009999805596e-06
2.796972999931313e-08;1.262437000114005e-07;5.63750000030268e-07;1.286141000018688e-06
2.6050500001292677e-08;1.1797525000292808e-07;4.8651840002276e-07;1.1535870000079739e-06
2.883653999888338e-08;1.1864704999607056e-07;4.677526000305079e-07;1.1658909999823664e-06
2.2248594999837224e-08;1.0885720000078436e-07;5.016848000232131e-07;1.1104994999186602e-06
2.337344999832567e-08;1.0189181999885478e-07;4.5124540000688284e-07;1.1373934999573977e-06
2.525801000010688e-08;1.0070558000006713e-07;5.284733999869786e-07;1.2586270000610967e-06
2.513221999979578e-08;1.0332995001226664e-07;4.779572000261396e-07;1.0807704999751877e-06
2.5613799999700858e-08;1.1525314999744296e-07;4.7402799996780233e-07;1.2305569999443832e-06
2.254188999941107e-08;1.0825694000232034e-07;5.287767999689095e-07;1.117456499923719e-06
2.5093599999672732e-08;1.0243880000780337e-07;4.012286000070162e-07;1.1677824999787845e-06
2.4984160001622513e-08;1.039091999991797e-07;4.6342400001594794e-07;1.034503999981098e-06
2.0550310000544415e-08;1.0355821999837645e-07;4.785263999947346e-07;1.1704934999579564e-06
2.4665400001686067e-08;1.1176877999678254e-07;4.087073999689892e-07;1.0422919999109581e-06
2.1879150002496317e-08;1.0217470000497997e-07;5.606491999933496e-07;1.0719504998996853e-06
2.915557000087574e-08;9.355333999847062e-08;3.8022769999224693e-07;1.1094785000022966e-06
2.105368000047747e-08;1.234808999870438e-07;5.056481999927201e-07;1.0960014999727718e-06
2.2571030000108295e-08;1.0082829999737442e-07;5.635375999845565e-07;1.0287884999706876e-06
2.0459219999611376e-08;1.0433045000536368e-07;3.6095750000094996e-07;1.1454389999562409e-06
2.0455140000558458e-08;1.0309965999913402e-07;4.899769999901764e-07;1.1758644999645184e-06
2.4568859999999403e-08;1.1306038000038826e-07;5.369431999861262e-07;1.0576864999893587e-06
2.5244229999952948e-08;1.2372580000374002e-07;4.920120000024326e-07;1.2669515000015964e-06
2.5423970000701956e-08;1.1653265000495594e-07;4.189662000280805e-07;1.0265164999873377e-06
2.096954000007827e-08;1.0581940000702161e-07;4.4038240000372753e-07;1.0373950000212062e-06
2.6248480001231654e-08;9.218819999950938e-08;4.924623999977484e-07;1.180643000116106e-06
2.216142000106629e-08;1.0556735000864137e-07;5.265513999620453e-07;1.181765999936033e-06
2.5731009998708034e-08;1.006701200036332e-07;4.158084000227973e-07;1.0397475000354461e-06
2.484182000043802e-08;1.229163500102004e-07;4.985600000363775e-07;1.162359000009019e-06
2.9038660001242535e-08;1.206679000024451e-07;4.115713999781292e-07;1.015257999970345e-06
2.0327259998884984e-08;1.0982914000051096e-07;4.366337999817915e-07;1.1458759999368339e-06
2.510696000244934e-08;1.0366272000246681e-07;5.07872199988924e-07;1.1704085000383202e-06
2.592238999932306e-08;1.0519507999997586e-07;4.612138000084087e-07;1.1500940000405535e-06
2.2378880000906067e-08;1.1382448000367731e-07;4.162305999780074e-07;1.006088000140153e-06
2.3443030001362787e-08;1.0150950000388547e-07;4.670850000111386e-07;1.2002445000689477e-06
2.0513330001267604e-08;1.039870999957202e-07;5.064484000322409e-07;1.0934260000067297e-06
2.4304600001778455e-08;9.081721999682486e-08;4.420684000069741e-07;1.1958169999707025e-06
2.3351210000691936e-08;1.1002463999902829e-07;4.183009999687783e-07;1.0582974999852012e-06
1.8817529999068938e-08;9.894840000197291e-08;4.0157779998844487e-07;1.0221114999148994e-06
1.913717999996152e-08;1.0563009999168572e-07;4.584243999561295e-07;1.07883850010694e-06
2.1177349999197758e-08;1.0729500000888947e-07;4.802755999844522e-07;1.0854714999732096e-06
2.0694279999588616e-08;1.0183310000866185e-07;4.304474000236951e-07;1.1042140000790823e-06
2.226756000018213e-08;1.0145893999724648e-07;5.046036000130698e-07;1.0283615000662393e-06
2.7675540000200272e-08;1.0830870000063442e-07;4.767573999706656e-07;1.0730824999336618e-06
2.196428999886848e-08;1.1158834998786916e-07;4.742527999915183e-07;1.1815775001014118e-06
2.1708450000733136e-08;9.700997999752872e-08;4.232125999988057e-07;1.0749214999668765e-06
2.341657000069972e-08;1.084924500028137e-07;4.5945719999144785e-07;1.1065844999393448e-06
2.187680999923032e-08;1.0950259999663104e-07;4.4688659999519584e-07;1.1703470000065864e-06
2.2612870001466946e-08;1.1695514999155421e-07;4.925123999710194e-07;1.0734255000716075e-06
2.5879719998920335e-08;1.1266520000062882e-07;4.4266420003259553e-07;1.068885999993654e-06
2.5848150000092574e-08;1.0995135000848677e-07;4.353817999945022e-07;1.0681330000807066e-06
2.3580440002842806e-08;1.232517500029644e-07;4.33296800008975e-07;1.0943450000195298e-06
2.0539459999417887e-08;1.240321499935817e-07;4.4325740000931546e-07;1.0804974999336992e-06
2.5315709999995305e-08;1.1317153999698348e-07;4.833758000168018e-07;1.0367289998976049e-06
2.5702249997993933e-08;1.0416962000308558e-07;5.076400000252761e-07;1.111871000030078e-06
2.4246469998615794e-08;1.2686545000178738e-07;4.735444000107236e-07;1.1405410000588745e-06
2.702829999907408e-08;1.0646184000070206e-07;5.075551999616436e-07;1.0745354999380652e-06
2.7042159999837167e-08;1.1200731999706477e-07;4.396252000005916e-07;1.0277890000725164e-06
2.0601429999805988e-08;1.0811491999775171e-07;4.8665720000281e-07;1.0731331999995747e-06
2.4678139999741687e-08;9.887137999758125e-08;5.06061399995815e-07;1.019471400009934e-06
2.6152129998081364e-08;1.1533320000162349e-07;4.372287999722175e-07;1.1082795000402256e-06
2.452049999992596e-08;1.0734879999654368e-07;4.863923999946565e-07;1.0934099998848978e-06
2.4302090000128372e-08;1.1457280001195613e-07;5.189570000511594e-07;1.1522370000602678e-06
2.5597619998734443e-08;1.1523660000239033e-07;4.771883999928832e-07;1.135931500029983e-06
2.7246710000326858e-08;1.0959550000261516e-07;5.24988800054416e-07;1.2012214999413117e-06
2.544095999910496e-08;1.1787504999665544e-07;4.471970000304282e-07;1.1467640000046231e-06
2.2895879999850876e-08;1.1561360000050627e-07;5.299705999786966e-07;1.10012649995042e-06
2.198387999960687e-08;1.1681434999627527e-07;4.6693039999809114e-07;1.1416564999672118e-06
2.5885374999779742e-08;1.0909965999890119e-07;4.338476000120863e-07;1.0892640000383835e-06
2.403448999975808e-08;1.0656509999535047e-07;4.928187999757938e-07;1.0669284999312368e-06
2.4533020000671967e-08;1.241544999938924e-07;4.7066980000818147e-07;1.207894500112161e-06
2.7086990000680088e-08;1.2381034999270924e-07;5.297358999960125e-07;1.171483500074828e-06
2.7851270002429372e-08;1.0374375000537839e-07;4.943742000032217e-07;1.1499765000189654e-06
2.2332999997888693e-08;1.1056505001033656e-07;5.438942000037059e-07;1.151797000056831e-06
2.1755339999799618e-08;1.0646450000058394e-07;4.842846000101417e-07;1.0902474999602419e-06
2.1874860001844355e-08;1.0457165000843816e-07;4.689300000027288e-07;1.1955795000540094e-06
2.3262170000816697e-08;1.019848000141792e-07;4.775637999991886e-07;1.1277430001064203e-06
2.8967639998882078e-08;1.0987410000234377e-07;4.647830000030808e-07;1.1140515000442974e-06
2.8169609999167732e-08;1.1301245000504422e-07;5.385066000162624e-07;1.0830685000109953e-06
2.5235690001863988e-08;1.2022749999596272e-07;4.756649999762885e-07;1.12182800003211e-06
2.2897510000620968e-08;1.103469999943627e-07;5.303435000241734e-07;1.0808489999908488e-06
2.6699900001403876e-08;9.378688000142575e-08;4.314770000055432e-07;1.1404084999230691e-06
2.5040289999742526e-08;1.196652500075288e-07;5.140606000204571e-07;1.1159939999924972e-06
2.2382820001803338e-08;1.0107695001352112e-07;4.775786000536755e-07;1.2149130000034347e-06
2.0107579999603333e-08;1.020077199966181e-07;4.454752000165172e-07;1.0215645001153463e-06
2.763271000003442e-08;1.0632905000238679e-07;4.2165979999117555e-07;1.071750599949155e-06
2.5588969999807888e-08;1.1928149999585002e-07;6.045353999943472e-07;1.2829360000614543e-06
2.6974680001148953e-08;1.0860859999957028e-07;6.226746000465937e-07;1.1455294999177569e-06
2.1789519998128525e-08;1.0097582000307739e-07;4.4146559998625887e-07;1.0855610000726301e-06
2.4542350001866e-08;1.1566189999575727e-07;4.598984000040218e-07;1.2183030000596772e-06
2.4326300001121126e-08;9.841449999948963e-08;4.787371999700554e-07;1.1385320000408683e-06
2.3496279999380932e-08;1.0439214999496471e-07;4.573285999940708e-07;1.1258919999818317e-06
2.498510999721475e-08;1.1509964999277145e-07;4.4087760004913436e-07;1.0813314998813439e-06
2.308824000065215e-08;1.0638427999801934e-07;5.750086000189185e-07;1.2456939999538007e-06
2.163262000103714e-08;1.0552894999273121e-07;4.662378000211902e-07;1.2608855000871698e-06
2.2492019999481272e-08;1.0285994999867398e-07;5.426705999998376e-07;1.1939214999438264e-06
2.379079000093043e-08;1.0225955001078546e-07;5.236641999799758e-07;1.1942255000758451e-06
2.3728440000559204e-08;1.1112375000084285e-07;4.841010000091046e-07;1.0924945000442677e-06
2.6599690000875852e-08;1.0614580000401474e-07;5.929938000044785e-07;1.0810289999062661e-06
2.826426000101492e-08;1.2055839999811724e-07;5.371265999856405e-07;1.1177625000709668e-06
2.3137900000438094e-08;1.0852069999964442e-07;5.959875999833458e-07;1.1480784999730531e-06
2.1201200000359678e-08;1.1009669999475591e-07;5.476538000511937e-07;1.183467999944696e-06
2.7381240000249818e-08;1.2084460000914986e-07;5.502169999526813e-07;1.1322424998797941e-06
2.196369000012055e-08;1.1392032000003383e-07;5.565677999984473e-07;1.0915654999553227e-06
2.648852000129409e-08;1.245516999915708e-07;5.293347999686375e-07;1.0626859999320005e-06
2.325596000009682e-08;1.0722304999944754e-07;5.281288000405766e-07;1.2123150000115857e-06
2.082714999851305e-08;1.1110189999453724e-07;4.955409999820404e-07;1.0402559999783988e-06
2.5807110001915134e-08;9.065447999746539e-08;5.135127999819815e-07;1.1756095000600908e-06
2.7049639998585917e-08;9.206183999776841e-08;4.994111999985761e-07;1.0612994999974034e-06
2.8051240000058897e-08;1.1428490000253078e-07;5.061234000022523e-07;1.0655595001298934e-06
2.5723469999502414e-08;1.0955720000201836e-07;4.5518960000481455e-07;1.4012690000527073e-06
2.4161589999857824e-08;1.0313059999316465e-07;5.052603999793064e-07;1.1901119998947252e-06
2.3794340001768433e-08;1.0262195000541396e-07;5.07104599964805e-07;1.102790000004461e-06
2.5716050001210532e-08;1.0015964000485838e-07;5.4449579998618e-07;1.0777950000192505e-06
2.4399269997957164e-08;1.0003625000535976e-07;5.563257999601773e-07;1.1685579999175388e-06
2.4311320000560955e-08;1.1605680000502616e-07;4.793745999922976e-07;1.2701024999842048e-06
2.1565110000665298e-08;1.0431809999863617e-07;4.663608000264503e-07;1.158222499943804e-06
2.1829029999207706e-08;1.2241890000586863e-07;5.8436639996944e-07;1.2208749999990687e-06
2.8833799998392352e-08;1.102258500031894e-07;5.467542000114918e-07;1.1736704999930226e-06
2.4833880001096988e-08;1.0366044999682345e-07;5.706498000072316e-07;1.1305454999092035e-06
2.528697999950964e-08;1.026236999896355e-07;4.4551079999655487e-07;1.0745565000979695e-06
2.3438120001810602e-08;8.509263999876566e-08;4.3935820000479e-07;1.1123814999882596e-06
1.9879135000519455e-08;1.0319084000075235e-07;4.7452099999645725e-07;1.106904000043869e-06
1.9064085000718478e-08;8.571727999951691e-08;4.3214380001882094e-07;1.1265370000910479e-06
2.045421999937389e-08;8.793523999629542e-08;4.518305999808945e-07;1.0568844999943394e-06
2.245341000088956e-08;9.077377999783493e-08;4.096965999924578e-07;1.0808484999870415e-06
2.1249449999595527e-08;9.203008000040427e-08;4.819705999689177e-07;1.143908499943791e-06
2.3872180000762457e-08;9.960225999820978e-08;4.6699939999962226e-07;1.1625454999739304e-06
2.4808079999638722e-08;1.1041224999644329e-07;5.449769999831914e-07;1.172466499992879e-06
2.7439149998826906e-08;1.1107579999952576e-07;5.542877999832853e-07;1.1483064999629279e-06
1.9600630000059027e-08;9.86486200010404e-08;4.0086559997871516e-07;1.1449540000467095e-06
2.2020930002327077e-08;8.756539999740198e-08;4.1908319998765363e-07;1.1330399999860674e-06
2.303976999828592e-08;9.80591400002595e-08;5.286792000406422e-07;1.1608074999821838e-06
2.4278729999787175e-08;9.914162000059151e-08;4.645215999917127e-07;1.093630499963183e-06
2.61932399997022e-08;1.099182500038296e-07;5.292005999945104e-07;1.1076814999978524e-06
2.476901999907568e-08;1.0493050000513904e-07;4.160552000394091e-07;1.0200910001003649e-06
1.903749500052072e-08;1.0034942000056617e-07;5.835384000092744e-07;1.1362185000325553e-06
2.8492710000136868e-08;1.1232494999421761e-07;5.079935999820009e-07;1.2779599998611957e-06
2.2740589999011718e-08;1.1356169999635313e-07;5.295067999977619e-07;1.0557100000733043e-06
1.9777189999877008e-08;1.1921395000535995e-07;4.6499920001951977e-07;1.0988084999553394e-06
2.2388040000805632e-08;1.0427211999776773e-07;4.3711799994343894e-07;1.1977130000013859e-06
2.3847290000412612e-08;1.1488750000717118e-07;4.6409160003531725e-07;1.1271309999574442e-06
2.5705879999441094e-08;1.0000525000214111e-07;4.80468399997335e-07;1.038680000056047e-06
2.769787000142969e-08;8.332293999847025e-08;5.34418800030835e-07;1.1155045000487008e-06
2.0560479999403468e-08;1.1638839999795892e-07;5.591717999777756e-07;1.0680179999326355e-06
2.3529430001508443e-08;1.0138959999312646e-07;4.846099999849685e-07;1.1003250000067055e-06
2.2748619999038057e-08;1.034767400007695e-07;4.449979999917559e-07;1.216938500001561e-06
2.654416000004858e-08;1.2156529999629129e-07;4.4933020003372806e-07;1.1144145000434947e-06
2.0335530000738798e-08;9.960225999820978e-08;4.421794000081718e-07;1.1065985000459477e-06
2.4618104999535716e-08;1.1263834999408573e-07;4.3428420001873746e-07;1.0843424999620766e-06
2.7190309998695738e-08;9.908122000051663e-08;5.103406000416725e-07;1.0818964999634772e-06
2.3599709998234174e-08;1.0287609999068082e-07;4.868077999562956e-07;1.092629000049783e-06
2.2582669998519124e-08;1.0918944999866654e-07;4.435617999988608e-07;1.1810105000040494e-06
2.4174630001652986e-08;1.1103664999245666e-07;4.5003960002213716e-07;1.1281679999956395e-06
2.0291350001934916e-08;1.02392999996664e-07;5.228580000111833e-07;1.17118299996946e-06
2.134790999989491e-08;1.0557713999878615e-07;4.87896400009049e-07;1.0143779999634717e-06
2.1405280000180936e-08;8.993121999665163e-08;4.5030820003012197e-07;1.0045320000790524e-06
2.0395715000631752e-08;9.204375999979674e-08;4.6730499999830497e-07;1.0679780000646134e-06
2.013365999737289e-08;8.595236000255682e-08;5.231426000245847e-07;1.105282500066096e-06
2.4818460000096822e-08;1.0872040000685957e-07;4.7002840001368895e-07;1.093280499917455e-06
1.8809004999639e-08;1.1342529999092222e-07;4.292897999985144e-07;1.0414749999472405e-06
2.0850720000453294e-08;9.420158000430093e-08;4.669349999749102e-07;1.1061504999815951e-06
2.0829179999418557e-08;1.0831758000422269e-07;4.866351999808103e-07;1.0822005000954959e-06
2.514085000148043e-08;1.0097734999726527e-07;5.378332000109367e-07;1.1227760001202114e-06
2.3568620000150986e-08;1.1340030000428669e-07;5.45311399968341e-07;1.140420500014443e-06
2.1160110001801514e-08;1.1034902000101284e-07;5.133283999748528e-07;1.3211919998866506e-06
2.6256234999164007e-08;1.21468699988327e-07;5.246755999978632e-07;1.2605510000139474e-06
2.614134000032209e-08;1.091422599973157e-07;6.001367999706417e-07;1.157950500055449e-06
2.3880399999325164e-08;1.0498099999676924e-07;4.844774000230245e-07;1.1506649998773356e-06
2.4142759999085684e-08;1.0144715000933501e-07;4.877802000264637e-07;1.1445524998998736e-06
2.3938129999442024e-08;9.88683800038416e-08;4.5202480000443754e-07;1.1229804999311454e-06
2.569595999957528e-08;1.0332249999919441e-07;6.064533999888226e-07;1.0803284999565221e-06
2.6055190002080053e-08;1.0997078000218608e-07;4.2406340001616626e-07;1.1202760000014678e-06
2.713973000063561e-08;1.0078269999939949e-07;6.009414000436663e-07;1.2511470000026747e-06
2.2923050000099466e-08;1.0356439999304711e-07;5.24171800003387e-07;1.0493674999452195e-06
2.6290340002742595e-08;1.0218634999182542e-07;5.214750000159257e-07;1.193113000044832e-06
2.2755929999402726e-08;1.21917399999802e-07;5.483834000187926e-07;1.058193999924697e-06
2.675122999935411e-08;1.10102319996804e-07;5.532563999877311e-07;1.1641180000151507e-06
2.4588880001101643e-08;1.1076830000092741e-07;5.271055999910459e-07;1.2487544999748934e-06
2.6640180000686087e-08;1.0614778000162915e-07;5.564722000272013e-07;1.199008999974467e-06
2.2345659998245538e-08;1.0913664998952299e-07;4.3464579997817053e-07;1.069633500010241e-06
2.161688999913167e-08;1.1142909999762196e-07;4.967382000177168e-07;1.2494134998996741e-06
2.3073079998721367e-08;1.0359516000025905e-07;4.853536000009626e-07;1.1827955000626388e-06
2.106866000103764e-08;1.2424725000164472e-07;5.291037999559194e-07;1.0870690000592732e-06
2.864936000260059e-08;1.1569891999824903e-07;4.885825999663212e-07;1.1176554999838118e-06
2.556217000237666e-08;1.0987449999083765e-07;5.509837999707087e-07;1.0881760000484064e-06
2.4331890000030398e-08;1.1417974998767022e-07;6.085453999694436e-07;1.1215589998755604e-06
1.8572280000080355e-08;1.060659999930067e-07;4.5875140000134705e-07;1.0833839999395422e-06
2.0208620000630616e-08;1.0230566000100225e-07;5.422596000134945e-07;1.219927500060294e-06
2.4955800001043827e-08;1.009602999984054e-07;5.778111999970861e-07;1.1233489999722224e-06
2.8933580001466907e-08;1.0385260000475682e-07;6.042873999685981e-07;1.2850550000439398e-06
2.123315999924671e-08;1.0440865000418853e-07;6.034963999991305e-07;1.133830000035232e-06
2.3077069999999366e-08;1.2269080000987742e-07;6.007475999649614e-07;1.1879449999833014e-06
2.448263999831397e-08;1.0475475000566803e-07;6.341021999833174e-07;1.2220610000076704e-06
2.472166999941692e-08;1.088562400022056e-07;6.4391300000716e-07;1.1273870000150055e-06
2.2970640001585707e-08;1.2201735000417103e-07;5.765030000475235e-07;1.1463725000794512e-06
2.4259470001561568e-08;1.0407590000249911e-07;6.445072000497021e-07;1.0954119999951218e-06
2.4839230001089164e-08;1.1421045000315643e-07;4.8073840001598e-07;1.1718020000262186e-06
2.4238160002278164e-08;1.1784995000925846e-07;5.441957999719307e-07;1.1083780000626574e-06
2.617620000091847e-08;1.0176085001148749e-07;6.788792000152171e-07;1.0994379999465308e-06
2.612029000010807e-08;1.1882955000328366e-07;6.811516000307165e-07;1.2163164999219589e-06
2.4621979999938048e-08;1.0228977999649942e-07;6.101552000036463e-07;1.0898250000900589e-06
2.348684000025969e-08;1.0310551999718882e-07;6.330216000205838e-07;1.1618559999624268e-06
2.7067189998342655e-08;1.2076985000749119e-07;5.740377999609336e-07;1.1884330000611954e-06
2.4943130000610835e-08;1.1878809999325313e-07;5.64630999986548e-07;1.202719499997329e-06
2.1113799998420292e-08;1.0422734999156091e-07;5.634411999490112e-07;1.0729354999784847e-06
2.2753630002262072e-08;1.1052203999715858e-07;5.438286000280641e-07;1.12364050000906e-06
2.4258130000089295e-08;1.1203289999684785e-07;5.646263999515214e-07;1.1052965000271796e-06
2.048566000012215e-08;8.381506000296213e-08;5.854156000423245e-07;1.0264685000583994e-06
2.313834000087809e-08;8.68765999970492e-08;4.84076399996411e-07;1.1248885000532028e-06
2.0615769998403267e-08;1.0071430000243709e-07;5.354351999703795e-07;1.0857594999833963e-06
2.0266260000062175e-08;1.1472650000359862e-07;4.5585939998272805e-07;1.2333449999277946e-06
2.392293999728281e-08;1.1938089999603108e-07;5.065672000055201e-07;1.1605764999694656e-06
2.3506239999551327e-08;1.1907990000327117e-07;5.716041999985464e-07;1.1105250000255182e-06
2.5919599999906497e-08;8.794526000274345e-08;5.930891999742016e-07;1.121692000015173e-06
2.3807200000737792e-08;1.0157394999987445e-07;4.948569999542088e-07;1.2199064999003894e-06
2.1424390000174753e-08;1.0251664998941123e-07;4.7057899995706977e-07;1.1235160000796896e-06
2.1572574999299832e-08;1.0110061999876052e-07;5.755698000430129e-07;1.1173710000002756e-06
2.1342300000833348e-08;1.107583999983035e-07;4.647363999974914e-07;1.1336985000525602e-06
2.5822710001375528e-08;9.428106000414119e-08;5.64630999986548e-07;1.0803794999083038e-06
2.0432109999819657e-08;1.1769495000771712e-07;5.659374000388197e-07;1.050272499996936e-06
2.195701000164263e-08;1.0616885000490583e-07;5.354040000238456e-07;1.0817794999456964e-06
2.3213980000582523e-08;1.0969002000056208e-07;6.351431999937632e-07;1.2598524999339133e-06
2.451215999899432e-08;1.0684180000680498e-07;5.581703999778256e-07;1.0847354998986703e-06
2.5513649999629705e-08;1.0733040000195615e-07;5.867835999815724e-07;1.2000840000109747e-06
2.07576999993762e-08;9.482621999923139e-08;5.019849999807775e-07;1.0959804999583867e-06
2.2974529999191872e-08;1.0326781999901869e-07;5.540760000003501e-07;1.1505675000080374e-06
2.2027764999074863e-08;1.2047785001050216e-07;5.877084000385366e-07;1.1351989999820945e-06
2.3193299997365103e-08;1.0428589999792167e-07;5.007036000024528e-07;1.2692510000488255e-06
2.3795030001201667e-08;1.1737540000467561e-07;5.817198000149801e-07;1.1003060000075492e-06
2.3246599998674355e-08;1.1043363999924622e-07;5.547734000138007e-07;1.1030835000565275e-06
2.2857910001766867e-08;1.0229994999826886e-07;5.613920000032522e-07;1.136670999985654e-06
2.052018000103999e-08;1.0927760000049602e-07;5.115636000409722e-07;1.1186395000549965e-06
2.4351860000751914e-08;9.37861000013072e-08;5.367613999987952e-07;1.1428579999483191e-06
2.0946564999758267e-08;1.0113469998759683e-07;5.163925999659114e-07;1.1747919999470468e-06
2.1179010000196287e-08;8.920787999522872e-08;5.545440000132658e-07;1.07456199999433e-06
2.147085999895353e-08;1.0440769999695476e-07;5.085369999869727e-07;1.0423344999435357e-06
1.804924000025494e-08;9.124116000020877e-08;5.199444000027142e-07;1.0247969999909402e-06
2.0503070000268054e-08;8.965086000389419e-08;5.001538000069558e-07;1.0306419999687932e-06
2.2706360000302084e-08;1.0340582000208087e-07;5.140886000008322e-07;1.2660799999139272e-06
2.2932004999893252e-08;1.1626005001016893e-07;5.002589999930933e-07;1.0867489999509417e-06
2.0207180001307278e-08;1.0153220000211149e-07;4.537359999958426e-07;1.1751910000748467e-06
1.8985325000539886e-08;1.0780594999960159e-07;4.77558600017801e-07;1.131401500024367e-06
2.2913239999616054e-08;9.853190000285395e-08;5.096166000002995e-07;1.036362500017276e-06
2.170044000085909e-08;9.116346000228078e-08;5.147414000239223e-07;1.0587659999146126e-06
2.1564609999768435e-08;9.968321999767795e-08;5.268931999453344e-07;1.0536549999960698e-06
2.281741499900818e-08;9.840168000082485e-08;5.286234000232071e-07;1.0483902000123635e-06
2.156920999987051e-08;1.0196379999979399e-07;5.259803999797441e-07;1.0866105000604876e-06
2.05562999995891e-08;1.0311009999713861e-07;5.150914000114426e-07;1.0628644999815152e-06
2.121956000046339e-08;1.0341184999560938e-07;5.590650000376626e-07;1.0347805000492372e-06
2.1256220000213945e-08;8.71865000051912e-08;5.564831999945455e-07;1.0254570000688545e-06
2.1142130001680927e-08;1.0958174998813774e-07;4.6405680000316354e-07;1.2130544999672567e-06
1.828020499960985e-08;9.840155999991112e-08;5.287535999668762e-07;1.0932094999589025e-06
2.0884700000169686e-08;8.430624000029638e-08;4.54106800025329e-07;1.1736390000442042e-06
2.087173499894561e-08;1.0030040000856389e-07;5.097066000453196e-07;1.1201399999845308e-06
2.038226000004215e-08;1.0459859999537003e-07;4.6349799999734385e-07;1.0600450000492857e-06
2.0610224999836645e-08;9.885900000226684e-08;5.249201999977231e-07;1.1363595000875649e-06
2.0750539997243322e-08;9.275026000104845e-08;5.165216000168584e-07;1.002623499953188e-06
2.059589999989839e-08;9.678461999865249e-08;5.280030000139959e-07;1.0633850000158417e-06
2.6636519999010488e-08;8.898012000136078e-08;4.721937999711372e-07;1.033581499941647e-06
1.8020134999824223e-08;1.0149124999588821e-07;4.889967999770306e-07;1.0039570000662934e-06
2.335355499963043e-08;9.506188000086695e-08;5.321427999879233e-07;1.162165499990806e-06
2.3210150000522843e-08;1.1251955000625457e-07;5.12010200007353e-07;1.1553660000208765e-06
2.4592560000019147e-08;9.857396000297741e-08;4.801786000025458e-07;1.0286504999385215e-06
2.1332640000036916e-08;8.307953999610618e-08;4.802129999734462e-07;1.0349560000759084e-06
1.7732775000331456e-08;8.625845999922603e-08;5.369638000265695e-07;1.0628350000479259e-06
2.2244485000555868e-08;9.752936000004411e-08;4.852026000153273e-07;1.1386645000311547e-06
2.0463169999129605e-08;1.0309355000208598e-07;5.805175999994389e-07;1.0664885000733193e-06
2.3846069999854082e-08;1.0513115000503604e-07;4.3271880003158005e-07;1.1969720000342932e-06
1.9595804999698886e-08;1.1272075001033955e-07;5.051922000129707e-07;1.1190355000144337e-06
2.211707000096794e-08;9.664395999861881e-08;4.977574000367895e-07;1.1498689999280032e-06
2.222246000019368e-08;9.492245999863372e-08;4.768825999926775e-07;1.018084999959683e-06
2.009443000133615e-08;9.115041999612004e-08;5.371153999585659e-07;1.1421745001280215e-06
2.0060180002474226e-08;8.961094000260345e-08;5.177725999965333e-07;1.1577834999479818e-06
1.9327985000563784e-08;8.77552599995397e-08;4.967645999859087e-07;1.1255214999255258e-06
1.9572459999471904e-08;9.664038000046276e-08;4.4915880000917243e-07;1.092413000005763e-06
2.089103000034811e-08;1.01824880001368e-07;5.793781999964267e-07;1.0964530000637752e-06
2.736739999963902e-08;1.0768390000157524e-07;4.7352720005437733e-07;1.2276985000062267e-06
2.4145129998214544e-08;9.237384000443854e-08;4.579034000053071e-07;1.102102000004379e-06
2.0156450002104976e-08;9.105092000099831e-08;5.133921999949962e-07;1.0575279999466147e-06
2.129502999887336e-08;1.0068874999706167e-07;4.7199440002441404e-07;1.2026465000235476e-06
1.9603089999873192e-08;8.882135999738238e-08;5.033564000041224e-07;1.1866499998723156e-06
2.4557989998720587e-08;8.652256000204943e-08;5.271384000079706e-07;1.0681623999844305e-06
1.8785755000135395e-08;1.0541714000282809e-07;5.560100000002422e-07;1.2316225000540725e-06
2.254554000101052e-08;9.340380000066943e-08;5.047712000086904e-07;1.1190790000546259e-06
1.8879354999808128e-08;9.198999999789521e-08;5.04974800045602e-07;1.113214000070002e-06
2.203880999877583e-08;1.1100924998754636e-07;7.106831999844872e-07;1.134130999998888e-06
2.4230260000331328e-08;1.1092885000107344e-07;7.363130000303499e-07;1.0307625000132248e-06
1.7567445000167935e-08;8.709852000465616e-08;7.55665400007274e-07;1.1318250000476837e-06
2.4774799999431708e-08;1.0268144999281504e-07;6.599819999537431e-07;1.1422514999867417e-06
2.4637369997799398e-08;9.601109999930485e-08;8.34206199971959e-07;1.0143300000345335e-06
2.013250500021968e-08;1.0839429999759886e-07;6.883722000056877e-07;1.100449500081595e-06
2.1646660001715645e-08;1.028221599990502e-07;7.345791999832728e-07;1.0646189999533817e-06
2.2164549998706206e-08;1.0409696000278928e-07;6.770530000212602e-07;9.840533999959008e-07
2.4900260000140407e-08;9.276466000010259e-08;7.248925999738276e-07;1.0161344999505673e-06
2.0426170001155695e-08;9.11521200032439e-08;7.481243999791331e-07;1.2300019999383948e-06
2.1844579998287372e-08;8.433228000067175e-08;7.375666000298224e-07;1.123069999885047e-06
1.954311500012409e-08;8.775905999937095e-08;7.060480000218376e-07;1.042058500024723e-06
2.0287415001075714e-08;8.562301999772899e-08;7.337097999989055e-07;1.055283000023337e-06
2.1889409999130292e-08;8.815668000024743e-08;6.695550000295043e-07;1.0101605000090784e-06
2.1140110000851564e-08;1.0589115000038873e-07;6.488315999740735e-07;1.0563209999236278e-06
2.005555999930948e-08;1.0307626000139863e-07;7.083250000141562e-07;1.0455349998665043e-06
1.8780939999851397e-08;8.997035999782384e-08;6.335778000066057e-07;1.1074984999140724e-06
1.8465345000731758e-08;1.0294690000591799e-07;6.41557399998419e-07;1.0256703999475576e-06
1.8313190000480973e-08;9.501311999629251e-08;7.345767999649979e-07;1.0130690000369214e-06
2.0985770001425407e-08;9.402935999678447e-08;6.203715999727137e-07;1.0467423999798484e-06
2.2640959999989718e-08;1.0748444999626371e-07;6.103457999997773e-07;9.62904400017578e-07
2.1579499999643305e-08;1.0304843999911099e-07;6.82351799972821e-07;1.0170885999687016e-06
2.2528579999925568e-08;9.584749999921768e-08;6.902684000087902e-07;1.208984500117367e-06
1.857839000003878e-08;9.189301999867894e-08;6.801038000266999e-07;1.1764145000779537e-06
2.033932499907678e-08;9.441294000134803e-08;6.772355999564752e-07;1.11967500008177e-06
1.932241000031354e-08;9.044965999783017e-08;6.29261799971573e-07;1.190941999957431e-06
1.934560999943642e-08;9.914902000455185e-08;5.978638000087813e-07;1.0561149999557528e-06
1.9157605001237242e-08;9.128190000192262e-08;7.226672000251711e-07;1.016393500030972e-06
2.047591999871656e-08;9.668012000038289e-08;6.804769999580458e-07;1.0177489998750388e-06
2.011103999975603e-08;8.907081999932416e-08;7.474576000240631e-07;1.1076549999415874e-06
2.3454340000171215e-08;9.613026000442915e-08;6.827918000053615e-07;1.0967974999221042e-06
2.029043000075035e-08;9.469744000234641e-08;8.131529999664054e-07;1.0215184999105987e-06
2.275589999917429e-08;1.0365592000307515e-07;7.144186000223272e-07;1.0848524000030011e-06
2.1333009999943897e-08;1.1218399999779649e-07;7.615382000221871e-07;1.126463000109652e-06
2.0580460000201128e-08;9.995990000315942e-08;7.079640000010841e-07;1.028370800020639e-06
2.0630879999953323e-08;8.825960000394843e-08;6.538723999983632e-07;1.0903760000655893e-06
2.1380529997986742e-08;1.0871869999391492e-07;8.009296000236646e-07;1.0669509999570436e-06
2.002554000064265e-08;1.0528834999422543e-07;7.871404000325128e-07;1.1277794999477918e-06
2.0896220000577158e-08;9.620246000122279e-08;7.730488000088371e-07;1.3189399999100714e-06
2.5601370001095347e-08;1.0123129999556113e-07;7.976435999735258e-07;1.16694100011955e-06
2.3690619997796604e-08;1.0459799999080132e-07;7.334007999743335e-07;1.0841384998639115e-06
2.3402439997880718e-08;1.0262119999970309e-07;7.755007999949158e-07;1.1613429999852088e-06
2.4523089997819624e-08;1.0788574999605771e-07;6.781734000542202e-07;1.0488795000128448e-06
2.2902125000837258e-08;9.984068000339903e-08;7.510755999828689e-07;1.24431000003824e-06
2.6039370000944473e-08;1.1327955999877304e-07;7.479721999843605e-07;1.095653500087792e-06
2.6245350000681355e-08;1.0170494999329094e-07;7.616211999556981e-07;1.26872849999927e-06
2.5819739999133163e-08;1.0908280000148807e-07;7.6079440000467e-07;1.2281185000028927e-06
2.4018550000619142e-08;8.646390000358224e-08;7.264278000220656e-07;1.1558879999211058e-06
2.005240000144113e-08;1.0620905000541825e-07;7.81180799996946e-07;1.2425824999809265e-06
2.1535990000120363e-08;1.0707049998745788e-07;6.586398000363261e-07;1.172392000007676e-06
2.1696440000960137e-08;1.0463205000269227e-07;7.68491399998311e-07;1.1283035000087694e-06
2.410447000002023e-08;1.1075982000329532e-07;7.886797999963164e-07;1.1712249999982305e-06
2.2212170000420885e-08;1.0345139999117237e-07;8.837938000215217e-07;1.1639155000739266e-06
2.7465249999659137e-08;8.85517000046093e-08;8.35391000029631e-07;1.0589740000432358e-06
2.401845999993384e-08;1.2288549999357202e-07;7.397777999867685e-07;1.2400180000986438e-06
2.3345010000048206e-08;1.0147624000092037e-07;7.878324000048451e-07;1.0764689999632538e-06
2.2733650001464412e-08;1.0409274999983608e-07;8.360797999775968e-07;1.3539369999489282e-06
2.2862070001428947e-08;1.0710300000209828e-07;6.916534000192769e-07;1.2548889999743552e-06
2.5630490001640282e-08;1.0970109999470879e-07;7.850232000346296e-07;1.037524499988649e-06
2.4285219999728724e-08;1.1066284999833442e-07;7.666319999843836e-07;1.1742015001073013e-06
2.667846999829635e-08;1.0455555000226013e-07;7.291653999709524e-07;1.2324955000076443e-06
2.476431999821216e-08;1.2488055000721942e-07;7.010662000393495e-07;1.1416879999160301e-06
2.43203199992422e-08;1.1621349999040832e-07;7.117397999973036e-07;1.1144280000007712e-06
2.618738999881316e-08;1.163225800031796e-07;8.866044000023976e-07;1.1605034999956843e-06
2.4206339998636394e-08;1.0307297999970615e-07;8.832238000468351e-07;1.1996924999402836e-06
2.5797599999350496e-08;9.52789800008759e-08;8.705682000145316e-07;1.2884049999411218e-06
2.6411350001581013e-08;1.0683620000781957e-07;8.081596000120044e-07;1.1157594999531284e-06
2.886597999895457e-08;1.1797809999552555e-07;7.739251999882981e-07;1.1661379999713973e-06
2.0707049997872674e-08;1.1882155000057537e-07;8.121005999855697e-07;1.1720734999107663e-06
2.1387889998732135e-08;1.0253728000097907e-07;7.367393999593333e-07;1.1235864998889155e-06
2.5216460000956433e-08;1.1266907999524846e-07;8.82510999974329e-07;1.2233159999595955e-06
2.0370479999110103e-08;1.0386772000347264e-07;7.937894000206143e-07;1.0532534999947529e-06
2.529254000110086e-08;1.0948820000048727e-07;7.994577999925241e-07;1.1316355000599288e-06
2.1633950000978076e-08;1.1363469999923837e-07;7.592541999765672e-07;1.1155000000144355e-06
2.187155999999959e-08;9.638113999972119e-08;7.934352000011131e-07;1.2203615000180434e-06
2.2946490001049824e-08;9.577006000326946e-08;6.708633999805897e-07;1.2749225000152364e-06
1.82100950012682e-08;9.911522000329569e-08;6.036364000174217e-07;1.0477109999919776e-06
1.9258229999104514e-08;1.0454464000067673e-07;7.790537999826483e-07;1.2716165000165347e-06
2.7346810000017284e-08;1.1911094999231863e-07;6.324981999932788e-07;1.0668929999519604e-06
2.3819279999588616e-08;1.0505355001077988e-07;6.988306000130251e-07;1.0612845000287053e-06
2.4703140000929124e-08;1.0153124999487773e-07;7.599137999932282e-07;1.0496643999940715e-06
2.3168459997395986e-08;1.1104979999072385e-07;8.529643999645487e-07;1.0609445000591222e-06
2.1685789999901316e-08;1.013974500092445e-07;7.023821999900974e-07;1.198666999989655e-06
2.2643400001106782e-08;8.770140000269748e-08;8.308770000003279e-07;1.044394999917131e-06
2.378659000096377e-08;1.1530320000019856e-07;7.247929999721237e-07;1.1571300000650808e-06
2.1188829999300653e-08;1.15170399993076e-07;8.507832000032068e-07;1.0896280000451952e-06
2.180897000071127e-08;9.833252000389621e-08;7.905460000038147e-07;1.2078674999065697e-06
2.5513340000179595e-08;8.85688400012441e-08;7.155111999600195e-07;1.1904774999129587e-06
1.981406999984756e-08;8.302609999664127e-08;6.37808799976483e-07;1.0924664000049234e-06
1.9750524999108167e-08;9.408323999959976e-08;6.58531800028868e-07;1.1697805000585503e-06
2.0242429999052546e-08;8.855609999736771e-08;7.459724000073038e-07;1.0555024999484886e-06
1.9344264999381265e-08;9.856877999845893e-08;7.543937999871559e-07;1.0651460000372025e-06
2.29469350000727e-08;1.101176999945892e-07;6.513834000215866e-07;1.062400999944657e-06
1.9833914999617264e-08;9.638986000209115e-08;7.854732000268996e-07;1.0002309999254067e-06
2.1773130001383834e-08;9.794287999975495e-08;7.062868000357412e-07;1.1284129999694414e-06
2.129607499955455e-08;1.0007621999830008e-07;6.011660000076517e-07;1.0203819999878761e-06
2.0211620000191033e-08;8.451038000057451e-08;6.541616000467911e-07;1.1704815000121016e-06
2.053023000189569e-08;9.461880000308156e-08;6.292522000148892e-07;1.1317065000184812e-06
1.8883735001145397e-08;9.266939999652095e-08;6.304973999504e-07;1.0289724999165628e-06
2.0063489998574367e-08;8.697844000416808e-08;6.158487999928184e-07;1.0694330000842456e-06
2.093031999829691e-08;1.0340882000164129e-07;7.729948000051081e-07;1.3536334999662358e-06
2.3111690001678653e-08;9.155766000039876e-08;7.630962000112049e-07;1.2797180000052322e-06
2.1197020000545308e-08;9.275769999949261e-08;8.219093999941833e-07;1.2994815000274685e-06
2.0405110000865534e-08;8.546957999933511e-08;8.085892000235617e-07;1.2042105000000447e-06
2.00412599981064e-08;8.937657999922521e-08;8.495575999841094e-07;1.3227929999993648e-06
1.9223410000267905e-08;1.0922260000370442e-07;7.36712800047826e-07;1.2867479999840726e-06
2.15673800004879e-08;9.745661999913864e-08;7.745420000283047e-07;1.3572204999218228e-06
2.2746829999960028e-08;1.1186010000528767e-07;8.157237999839708e-07;1.3923415000317618e-06
2.1444120001979174e-08;1.1677715000405442e-07;9.183683999581263e-07;1.2848785000096542e-06
2.0016420001047664e-08;9.412690000026487e-08;8.426494000013918e-07;1.349985000124434e-06
2.5901939999312163e-08;1.0334519999742043e-07;8.229748000157997e-07;1.2995649999356828e-06
2.088450000155717e-08;9.568757999804803e-08;8.886793999699876e-07;1.3744155000313184e-06
2.517387999978382e-08;1.0979715999565087e-07;7.697378000011668e-07;1.381688500114251e-06
2.0784290001029148e-08;1.0597539999871515e-07;7.954441999900155e-07;1.3379995001014322e-06
2.3110239999368785e-08;1.0232208000379614e-07;9.652179999975489e-07;1.234355000051437e-06
2.281401999935042e-08;1.0597488000057638e-07;1.04845750000095e-06;1.29736850009067e-06
2.2407749999547378e-08;1.0087414999725297e-07;8.63783000037074e-07;1.3906639999186155e-06
2.1294830000260845e-08;1.062921600008849e-07;9.048616000218317e-07;1.280434999935096e-06
2.2489240000140853e-08;1.0498380000353791e-07;7.21637999988161e-07;1.266021999908844e-06
2.1022579999407753e-08;9.609228000044822e-08;9.123687999672256e-07;1.5273020000313409e-06
2.4625699999160132e-08;1.1122643999988213e-07;8.225730000413022e-07;1.4603770000394434e-06
1.803945999999996e-08;9.289476000121794e-08;7.721706000156701e-07;1.2232125000446103e-06
2.176478000183124e-08;1.0071663999697193e-07;7.093765999889001e-07;1.429535999923246e-06
2.2949004999827593e-08;1.0219313999987207e-07;8.250538000138477e-07;1.3330489999498242e-06
2.3157930000161286e-08;1.0017720000178087e-07;9.09782400005497e-07;1.2516885000513868e-06
2.3580815001332666e-08;1.0888884999440052e-07;8.233488000114448e-07;1.2120584999502171e-06
2.359316000074614e-08;9.719164000125602e-08;8.487415999989025e-07;1.3547985001059714e-06
2.3256770000443793e-08;9.658173999632709e-08;7.849611999699846e-07;1.4329490000091028e-06
2.7520070000900886e-08;1.1386349999520462e-07;1.017476999986684e-06;1.283646500087343e-06
2.3046710001653992e-08;1.0107745000277646e-07;8.515400000032969e-07;1.2866205000318587e-06
2.661994000081904e-08;1.195993000001181e-07;1.0084914999606554e-06;1.4014930000121239e-06
2.6314279998769053e-08;1.101943000103347e-07;8.105644000461325e-07;1.2971090000064579e-06
2.5014920000103302e-08;1.1360314000048675e-07;9.87312400015071e-07;1.3758419999794568e-06
2.5046159999328666e-08;1.1693268000381068e-07;8.909090000088327e-07;1.3975134999782313e-06
2.2812660000636242e-08;1.0726854999666102e-07;8.593583999900147e-07;1.4210975001333281e-06
2.414870000211522e-08;1.2108475000422912e-07;8.518694000085816e-07;1.333205000119051e-06
2.0539600000483916e-08;1.0055439999268855e-07;8.110791999497451e-07;1.4550510000844951e-06
2.4526580001111142e-08;1.0512915000435897e-07;9.190390000003391e-07;1.4585709999664687e-06
2.436533000145573e-08;1.1467714999162126e-07;8.254079999751411e-07;1.3025315001141279e-06
2.2132030001375825e-08;1.1456339999858756e-07;8.102252000244334e-07;1.2038890000258107e-06
2.2144829999888317e-08;1.0725549999915529e-07;8.970314000034704e-07;1.5898024999478367e-06
2.0553769997786732e-08;1.1352490000717808e-07;7.852745999698527e-07;1.231662499922095e-06
2.0245660000364296e-08;9.658188000321388e-08;9.484067999874242e-07;1.3934529999096411e-06
2.3973430000478402e-08;1.1593109999375884e-07;8.392506000236608e-07;1.2975634999747853e-06
2.1021879999898375e-08;1.1141388000105508e-07;8.027486000210047e-07;1.2575055001070722e-06
2.2938510001404212e-08;1.0058987999800593e-07;9.102330000023357e-07;1.4149485000234562e-06
2.484773000178393e-08;1.0712237999541685e-07;8.47677800047677e-07;1.3869980000890792e-06
2.896896000020206e-08;1.1881330001051538e-07;1.0319389999494887e-06;1.4239409999572673e-06
2.4661770000238902e-08;1.020987400028389e-07;9.130805999739095e-07;1.3461910000478384e-06
2.2706119999929796e-08;1.0186499998962973e-07;8.845933999982663e-07;1.2493960000574589e-06
2.2496639998280444e-08;1.0043885000050068e-07;9.274722000118345e-07;1.2510629999451339e-06
2.5343970002722925e-08;1.117971000057878e-07;9.994818000122904e-07;1.4047795000078622e-06
2.382297000149265e-08;1.1700460000429303e-07;9.413240000139922e-07;1.4073539999662899e-06
2.08829399998649e-08;1.0133079999941401e-07;7.465189999784343e-07;1.4000975000089965e-06
2.23122900002636e-08;1.0851540000294336e-07;1.021219199988991e-06;1.283446999877924e-06
2.652110999915749e-08;1.0772156000020913e-07;9.034846000140533e-07;1.4283845000318252e-06
2.256481999938842e-08;1.1380464999820105e-07;1.0373529999924358e-06;1.2127714999951423e-06
2.2154959998442792e-08;9.767753999913111e-08;8.280781999928876e-07;1.277945500041824e-06
2.0319479997851887e-08;9.472527999896557e-08;7.882275999872945e-07;1.208104499964975e-06
2.3573890002444386e-08;9.593730000196956e-08;7.939211999764666e-07;1.2797849999333267e-06
2.3805514999548904e-08;1.0078904000110925e-07;8.863027999759652e-07;1.3911045000713783e-06
2.2120339999673887e-08;1.0310034999565687e-07;7.85790599999018e-07;1.2724300000991207e-06
2.36962199996924e-08;1.1320140000316314e-07;7.890721999574452e-07;1.349056000035489e-06
2.2759329999098553e-08;1.0598745000606869e-07;7.495029999990948e-07;1.3355179999780375e-06
1.9774439999309834e-08;1.023659200000111e-07;7.641898000147194e-07;1.3652869999350514e-06
2.236607999948319e-08;1.2257535000389907e-07;9.639816000126303e-07;1.3043434999417514e-06
2.3019590000330937e-08;1.0325975000159815e-07;8.315444000181742e-07;1.5736174999619835e-06
2.417593999998644e-08;1.088530799956061e-07;7.4755740002729e-07;1.2467809999361633e-06
2.072817999869585e-08;1.0373333999887109e-07;8.130307999672368e-07;1.3216049999755342e-06
2.202402999973856e-08;1.0302888000151143e-07;7.757839999976568e-07;1.2519685000006574e-06
2.36663799994858e-08;9.951835999963805e-08;7.895051999948919e-07;1.3319905000389554e-06
2.414137000159826e-08;1.0576620000065304e-07;8.457320000161416e-07;1.2074169999687001e-06
2.260037999949418e-08;1.186085999943316e-07;7.514737999881617e-07;1.2343205000797753e-06
2.305789000238292e-08;1.02686680003535e-07;8.39373400027398e-07;1.2976645000162534e-06
2.1580070001073182e-08;1.0186667999951168e-07;7.879852000041865e-07;1.3615475001279265e-06
2.079628999927081e-08;9.103484000079334e-08;7.784273999859579e-07;1.2557780000497587e-06
2.04968000005465e-08;1.032414199959021e-07;8.07202399999369e-07;1.2485819999710657e-06
2.3008670000126587e-08;9.727868000045419e-08;7.826072000316345e-07;1.3417560000380035e-06
2.2597150001092813e-08;9.57131200004369e-08;7.594802000094205e-07;1.268481500010239e-06
2.0183790000737643e-08;8.967604000354186e-08;7.200181999942288e-07;1.1669114998949226e-06
2.121634999930393e-08;8.988890000036917e-08;7.443056000047363e-07;1.2508719999459572e-06
1.935589000058826e-08;9.31590199994389e-08;7.815714000025764e-07;1.26704599999357e-06
1.890280499937944e-08;8.85727400018368e-08;7.452957999776117e-07;1.195988999970723e-06
2.0664920000126586e-08;9.516306000296027e-08;7.326282000285573e-07;1.3051990000531077e-06
2.0700485000270418e-08;8.918931999942288e-08;7.610012000077404e-07;1.276563499995973e-06
2.194205999840051e-08;8.564552000025287e-08;7.612801999785006e-07;1.1140840000007302e-06
2.188513999863062e-08;9.293392000254244e-08;7.3628779995488e-07;1.3203325000358746e-06
1.9536949999746865e-08;8.450186000554822e-08;7.275759999756701e-07;1.1974555000779219e-06
1.9601390000025275e-08;8.782838000333869e-08;7.434954000054859e-07;1.280986500059953e-06
1.9886624999344348e-08;8.547339999931865e-08;7.77732599992305e-07;1.3516360000357963e-06
2.32860799995251e-08;9.075171999866143e-08;6.958689999883064e-07;1.2810714999795891e-06
1.8537629999627826e-08;8.604914000025019e-08;7.301888000220061e-07;1.2073730000702198e-06
2.0255630000610837e-08;8.802692000172101e-08;7.49521600024309e-07;1.2054735000128859e-06
1.846965000004275e-08;8.535736000048928e-08;7.054660000139847e-07;1.2657670000044164e-06
2.0341459999326616e-08;8.942005999851971e-08;6.791506000445224e-07;1.2548085000889842e-06
2.090089500125032e-08;9.621407999657095e-08;7.806807999731972e-07;1.2998760001210031e-06
1.968930500006536e-08;9.04865599994082e-08;8.094095999840647e-07;1.2951620000239928e-06
2.3208470002282412e-08;1.0680419999698642e-07;8.112396000069566e-07;1.392391499975929e-06
2.4776639998890458e-08;9.955271999933758e-08;7.396949999965728e-07;1.2495040000067093e-06
2.1502529998542742e-08;7.669616000493988e-08;7.960290000191889e-07;1.3765389999025502e-06
2.291020999837201e-08;9.639257999951951e-08;9.330972000025213e-07;1.3794385000073817e-06
2.3291730001801624e-08;1.0227104999648873e-07;9.257349999970756e-07;1.27212999999756e-06
2.067120999854524e-08;8.777633999707177e-08;8.228444000124e-07;1.2717850001354237e-06
2.0717699998931492e-08;9.185740000102669e-08;9.58794999984093e-07;1.33909299998777e-06
2.1575879998272283e-08;9.928226000047289e-08;7.785111999837682e-07;1.200865499995416e-06
2.0492449999437666e-08;1.0972619999665767e-07;8.367583999643102e-07;1.28335799992783e-06
2.013079000171274e-08;9.015730000101029e-08;8.657711999840103e-07;1.36799300002167e-06
2.030381000076886e-08;8.910330000217072e-08;9.064775999868288e-07;1.316345499944873e-06
2.6363489998038857e-08;1.0820570000214502e-07;1.0152304999064655e-06;1.268638000037754e-06
2.1931029998813756e-08;8.781362000154331e-08;8.43347400019411e-07;1.4193995000096039e-06
2.0429400002467446e-08;9.313328000134788e-08;1.0255934999440796e-06;1.2395345000550152e-06
2.0055060001323e-08;9.797975999535992e-08;8.95816600008402e-07;1.2778670000261627e-06
2.0676200001616963e-08;9.14688599994406e-08;8.811890000361018e-07;1.2458835000870749e-06
2.2242229999392292e-08;9.046365999965929e-08;8.840695999679155e-07;1.3754769999650307e-06
2.2049089998472482e-08;1.0868522000382654e-07;8.287442000000737e-07;1.2713774999429006e-06
2.2581800000625662e-08;1.046339500026079e-07;8.194329999969341e-07;1.3725470000645145e-06
1.6929720000189262e-08;1.0151374999259133e-07;9.229614000068978e-07;1.2518414999067317e-06
2.11138500017114e-08;1.0282012000097893e-07;1.0776309999346267e-06;1.483808500051964e-06
2.4442319999798202e-08;1.0373160000017378e-07;1.0327239999605809e-06;1.3660555001115427e-06
2.66838400013512e-08;1.2182814998959657e-07;9.114834000356495e-07;1.3666514999931678e-06
2.075176499929512e-08;1.0826880000240635e-07;1.030363500030944e-06;1.4124515000730753e-06
2.1806660000584088e-08;1.1096159998851363e-07;9.593059999751858e-07;1.3909055000112858e-06
2.5197119999211282e-08;1.1219319999509025e-07;9.84444000001531e-07;1.347762499935925e-06
2.0646314999612515e-08;8.374797999858856e-08;1.0164195000834297e-06;1.37423950000084e-06
2.584678999846801e-08;9.795486000366509e-08;9.009000000078231e-07;1.4460939999844413e-06
2.405362999998033e-08;9.23820199968759e-08;9.255467999610118e-07;1.401839500031201e-06
2.310363000142388e-08;8.211076000006869e-08;9.818602000013924e-07;1.472897999919951e-06
2.253577999945264e-08;8.525113999494351e-08;9.93992600007914e-07;1.3826365000568331e-06
2.206370999920182e-08;9.64151399966795e-08;8.800903999945149e-07;1.238879499869654e-06
2.1808510000118985e-08;9.281762000173331e-08;8.260490000247955e-07;1.3882720000401606e-06
2.1527519999654032e-08;1.0381429999833927e-07;9.144521999987773e-07;1.2916764999681619e-06
2.0082450000336393e-08;1.0239524999633431e-07;8.50356999959331e-07;1.2818640000477898e-06
2.0040430000517518e-08;1.016990999924019e-07;9.018431999720633e-07;1.3497939999797381e-06
2.4506664999353232e-08;1.047946500038961e-07;1.0303160001058132e-06;1.3880095000786242e-06
2.3613469998235814e-08;1.2277860000904183e-07;1.0886678000097162e-06;1.5286065000691451e-06
2.267138999886811e-08;1.0729970000102185e-07;1.0347755000111646e-06;1.2903255000128411e-06
2.4054625000280794e-08;1.0798190000059549e-07;8.178836000151932e-07;1.3956164999399335e-06
2.0000235000043175e-08;1.0338570000021718e-07;8.458155999542214e-07;1.3287244999082759e-06
2.5872519999393262e-08;1.0620044999814127e-07;9.773415999952705e-07;1.4720295000006445e-06
2.2581249999348075e-08;1.065855500055477e-07;1.0327674000291155e-06;1.6516679999767802e-06
2.2495299999718554e-08;1.0212014999706298e-07;1.0594325000420212e-06;1.3753405000898055e-06
2.1549669999512845e-08;9.982083999784664e-08;8.514399999985472e-07;1.3597404999018181e-06
2.4868599997716956e-08;1.0611829999834299e-07;1.0200871999841183e-06;1.3423904999217485e-06
2.3939319999772125e-08;1.1440744998981245e-07;1.0196805000305175e-06;1.4180330000817775e-06
2.1913760001189075e-08;1.0657954998896458e-07;1.0423579999769572e-06;1.3521349999064114e-06
2.5662649999139832e-08;1.0613490000832826e-07;1.0102215000370051e-06;1.3961475000542122e-06
2.4002850000397303e-08;1.079656400019303e-07;1.0188434999145102e-06;1.4126905000011902e-06
2.0121519998065197e-08;1.217398000007961e-07;9.614079999737441e-07;1.3788915000623091e-06
2.4300659999425987e-08;1.0461075000057462e-07;1.054677000065567e-06;1.571006500016665e-06
2.0796510000946e-08;1.0037909999664408e-07;1.1569934998988173e-06;1.3597459999436978e-06
2.4390229998971334e-08;8.663698000018486e-08;1.0076074000098743e-06;1.4624045000527985e-06
2.7343809997546485e-08;1.2246880000748205e-07;9.401404000236653e-07;1.2972744999569842e-06
2.3132074999739417e-08;1.009210999996867e-07;8.15245000005234e-07;1.2606679998862092e-06
2.1846639999421312e-08;9.586850000196137e-08;9.405709999846294e-07;1.2961669999640436e-06
2.114867999916896e-08;9.544646000140346e-08;9.121795999817551e-07;1.420914000045741e-06
2.077387000026647e-08;1.0157739999704063e-07;9.101851999876089e-07;1.3797574999625795e-06
2.1940894999715967e-08;1.089648499910254e-07;1.1224349999974946e-06;1.3391780000529252e-06
2.0608819997869433e-08;9.010138000012376e-08;8.229693999746814e-07;1.2768449999566656e-06
2.0270829999935813e-08;9.654372000368312e-08;8.680850000237114e-07;1.4089700000477024e-06
2.268554999900516e-08;1.0017269999661948e-07;7.953132000402548e-07;1.3079845000174829e-06
2.1815174999937882e-08;1.0026041999808512e-07;8.885147999972105e-07;1.5046049999364186e-06
2.0549769999342972e-08;1.0345514999062288e-07;8.85563199990429e-07;1.3501820000237785e-06
2.4257080000825228e-08;1.0748575000616256e-07;9.813774000504055e-07;1.4411145000485703e-06
2.8360969998175278e-08;1.0702984999807085e-07;8.627398000098765e-07;1.3936410000314937e-06
2.404470999899786e-08;9.547065999940969e-08;8.569715999765321e-07;1.3234204999753273e-06
2.158095999911893e-08;8.895487999543548e-08;1.0946575000707525e-06;1.311190499982331e-06
2.3051480000140144e-08;1.0025254000211135e-07;9.075730000040493e-07;1.4791704999515786e-06
1.888731000071857e-08;9.303539999527857e-08;9.179287999868393e-07;1.5046319999964907e-06
2.5007175000791903e-08;1.0968644999957178e-07;1.0455689999798779e-06;1.2762764999934006e-06
2.5100415000633802e-08;1.021556599996984e-07;7.84624999971129e-07;1.2365845000022091e-06
1.9132664999051484e-08;1.075981000030879e-07;8.72207599983085e-07;1.2176340000587516e-06
2.1647010001470335e-08;9.301995999994687e-08;8.00661199958995e-07;1.3563879999856e-06
1.73446699991473e-08;8.945636000134983e-08;8.414411999983713e-07;1.3590975000988692e-06
2.0490524999331683e-08;9.168780000181868e-08;8.287591999978759e-07;1.3067499999306164e-06
1.839375999988988e-08;8.385247999685817e-08;8.245671999757178e-07;1.208178999950178e-06
1.789499500009697e-08;8.381677999859676e-08;8.608309999690391e-07;1.2537629999860655e-06
1.887041500012856e-08;9.002646000008099e-08;9.107616000110283e-07;1.396870000025956e-06
1.7816665000282226e-08;8.304834000300617e-08;7.820406000246294e-07;1.219289500004379e-06
1.8676674999005628e-08;8.774139999877662e-08;7.452939999639056e-07;1.2413314999139402e-06
1.733507000026293e-08;8.402950000017881e-08;7.167498000198975e-07;1.2671704999229406e-06
1.9910384999820963e-08;9.530112000065855e-08;8.048434000229463e-07;1.2612430000444875e-06
2.0534724999743048e-08;8.387651999946684e-08;7.884240000275895e-07;1.3455839999369347e-06
1.9820189999882133e-08;1.0118625000177417e-07;8.039320000098087e-07;1.3289380000787788e-06
1.973650500003714e-08;9.400753999943845e-08;8.576500000199303e-07;1.2504704999446403e-06
2.167007499956526e-08;9.291174000245519e-08;8.636440000263974e-07;1.3133089999610092e-06
2.0812224999826868e-08;9.737791999941691e-08;8.142425999976694e-07;1.285448999988148e-06
2.1018160000676288e-08;9.870641999877989e-08;8.117577999946662e-07;1.3880130001052748e-06
2.1906570001738145e-08;1.0334719999809749e-07;8.51885800017044e-07;1.2681115001032594e-06
2.030631500092568e-08;1.0532095999806188e-07;9.198105999967083e-07;1.4563559999805875e-06
2.4394369998481123e-08;1.1172359999909531e-07;9.579582000151278e-07;1.412471500079846e-06
2.32939899986377e-08;1.1290574999293312e-07;1.0090234000235797e-06;1.279618999978993e-06
2.3675400001229717e-08;1.0913615000026766e-07;9.338985999929718e-07;1.367482000059681e-06
2.1290680000674912e-08;9.508628000039607e-08;8.979191999533214e-07;1.3309600000502543e-06
2.5029199998243713e-08;1.0915219999151304e-07;1.0059412000118755e-06;1.33200249998481e-06
2.4547230001189746e-08;1.0714519998873583e-07;9.474285999895074e-07;1.4023950000409968e-06
2.4426750000566246e-08;9.871658000047318e-08;9.179553999565541e-07;1.4842879999196157e-06
2.4046040000393988e-08;1.0574293999816291e-07;1.0388305999804288e-06;1.4020154999161605e-06
2.0614840000052938e-08;8.485319999745116e-08;1.0784085000341293e-06;1.5072725000209174e-06
2.5818450000951997e-08;1.0335641999845393e-07;1.1491404999105725e-06;1.269606499990914e-06
2.1762920002220198e-08;1.0770495000178925e-07;8.253871999913826e-07;1.272725500020897e-06
2.6284720000694504e-08;1.0442484999657609e-07;1.286044500011485e-06;1.5492929999891202e-06
2.7199159999145194e-08;9.640192000078969e-08;1.183967500110157e-06;1.3722955000412185e-06
2.25865700020222e-08;1.0028880000754726e-07;1.1602639999182429e-06;1.4633109999704175e-06
2.530259000195656e-08;1.0896934999618679e-07;1.1435009999549948e-06;1.4858259999891744e-06
2.3019640002166854e-08;1.1334934999467806e-07;1.0416699999768753e-06;1.3342480000574141e-06
2.2535749999224208e-08;1.1145170000963845e-07;1.198809500056086e-06;1.6058255000098143e-06
2.7665329998126253e-08;1.0426170000573621e-07;1.1884979999740608e-06;1.4699974999530241e-06
1.9830760000331792e-08;1.0490040000877344e-07;1.2497764998988714e-06;1.4745119999861344e-06
2.266849000006914e-08;1.0292155000206549e-07;1.1307510000187903e-06;1.569984499947168e-06
2.3893510000198148e-08;1.0441359999822453e-07;1.0928894999960903e-06;1.4524194999830797e-06
2.010434000112582e-08;1.1834684999485035e-07;1.1420699999143835e-06;1.4011575000768062e-06
2.189568499888992e-08;8.574785999953747e-08;9.04722600011155e-07;1.2721090001286938e-06
2.0454779997817242e-08;1.01804599998286e-07;1.0228409999399446e-06;1.3535769999725744e-06
1.9168279999576043e-08;1.005260499950964e-07;1.0907010000664741e-06;1.373139000061201e-06
2.2973150000325404e-08;9.036680000135676e-08;9.573557999683543e-07;1.455860499991104e-06
2.4889310001162812e-08;1.2136580000515096e-07;1.026463500020327e-06;1.3351249998959246e-06
2.5019309998606333e-08;1.0186917999526486e-07;1.2178055000549649e-06;1.3019455000176095e-06
2.416924499993911e-08;8.652894000406377e-08;1.0725537999533118e-06;1.3761644999613054e-06
1.9273165000777225e-08;9.810405999887735e-08;1.010309499979485e-06;1.5299565000168514e-06
2.206059999880381e-08;9.093664000392892e-08;1.110723500023596e-06;1.361371999955736e-06
2.2717550001107156e-08;1.109833499940578e-07;1.1220514999877196e-06;1.2787979999848177e-06
2.4471069997525774e-08;1.0193126000231132e-07;1.2004399999568704e-06;1.424377499934053e-06
2.149191999924369e-08;9.486195999779739e-08;9.016703999950551e-07;1.2184890000207815e-06
2.0550720000755974e-08;9.339019999606535e-08;1.042697499942733e-06;1.301948500040453e-06
2.0696559999487362e-08;1.0476917999912984e-07;1.117427499993937e-06;1.5740404999814928e-06
1.95850199990673e-08;1.06683119997615e-07;1.170740000088699e-06;1.5591205000237096e-06
2.2967840000637805e-08;9.42854399967473e-08;1.0059819999733008e-06;1.3482225000916515e-06
2.1052160000544973e-08;9.178961999714374e-08;1.0862898000050336e-06;1.3714659999823197e-06
1.9042035000165923e-08;9.679229999892414e-08;1.1637605000578333e-06;1.4667600000393576e-06
2.2650940000312402e-08;8.560105999931693e-08;1.0072139999829232e-06;1.3395165000110864e-06
2.123993999994127e-08;8.645413999911398e-08;1.173168999957852e-06;1.4149824999913108e-06
2.1326659998157992e-08;1.0773940000217407e-07;1.0160579999501352e-06;1.455957500002114e-06
2.232316999870818e-08;1.0202720000233967e-07;1.2734394999279176e-06;1.3929610000923277e-06
2.1813020002446136e-08;1.0077498000464402e-07;1.107750499941176e-06;1.4681444999587256e-06
2.5881530001061037e-08;1.1310185000183992e-07;1.0974390000046696e-06;1.4903809998941142e-06
2.3748694999085272e-08;1.0231099999509751e-07;8.383474000147543e-07;1.3044740000623277e-06
1.9477884999650996e-08;1.0475884999323171e-07;9.530232000397518e-07;1.2209484999766573e-06
1.8964904999302234e-08;8.849434000439942e-08;1.1128861999604852e-06;1.3909799999964888e-06
2.2964350000256673e-08;1.0403465999988839e-07;1.035085000039544e-06;1.3749280000047293e-06
2.3008634999860078e-08;1.0373029999900609e-07;1.0071940000052564e-06;1.355935000028694e-06
2.5473210000200198e-08;1.0384174999489915e-07;1.0217490000650286e-06;1.3229214999591933e-06
2.3369090000051075e-08;1.239274999970803e-07;1.0593059999519028e-06;1.26158850005595e-06
2.0066120001138188e-08;1.0460695000074339e-07;1.0870594999869353e-06;1.3890980000724085e-06
2.5970009999582545e-08;9.74402400024701e-08;1.1456935000023804e-06;1.340563999983715e-06
2.4877559999004007e-08;9.606423999648541e-08;1.114938999991864e-06;1.5169380001316313e-06
2.127193000051193e-08;1.092588000028627e-07;9.959402000531553e-07;1.3476565000019037e-06
2.2276209999108688e-08;1.0588089999509976e-07;1.0672596000367777e-06;1.3368154999625403e-06
2.374339000089094e-08;9.69976799970027e-08;1.0667079999984708e-06;1.4356509999197443e-06
2.0839179999893532e-08;1.1314380000112579e-07;1.0128984000184573e-06;1.2874644999101293e-06
2.3121560001163743e-08;1.002691599947866e-07;1.1148654999851715e-06;1.46216449997155e-06
1.7084789999353234e-08;1.0106896000215783e-07;1.050015999993775e-06;1.3772149999567773e-06
2.1356249999371356e-08;8.86322400008794e-08;1.0576895000122022e-06;1.4011030000983737e-06
2.1931650000624358e-08;9.195314000244252e-08;1.1416344999452122e-06;1.3089564999972936e-06
2.3611070000333712e-08;9.627207999583334e-08;1.1812149999605026e-06;1.3774644999648444e-06
2.8439950000029056e-08;1.018876000016462e-07;1.1422454999410547e-06;1.4740215000347235e-06
2.1750810000230558e-08;1.0473325000202749e-07;1.3504710000415799e-06;1.3370484999904874e-06
2.049280499923043e-08;9.087210000143387e-08;1.0487235001346561e-06;1.3353135000215843e-06
2.2766260002390483e-08;9.566475999890826e-08;1.0627519999979995e-06;1.2343805001000873e-06
2.0476540000527166e-08;9.475244000204839e-08;1.0540669999318197e-06;1.297993499902077e-06
2.2017159999813884e-08;9.308210000162944e-08;1.160589200037066e-06;1.4039444999070837e-06
2.7272400000947528e-08;1.111370500002522e-07;1.0489900001266505e-06;1.4900730000226757e-06
2.0148990000598132e-08;1.0604444998898543e-07;1.003915000037523e-06;1.3371564999397379e-06
2.018969000200741e-08;1.100838999991538e-07;1.1634249999769963e-06;1.2778850000177043e-06
2.2133950001443737e-08;1.0011764999944716e-07;1.1026363999699243e-06;1.485211499966681e-06
2.0325499997125007e-08;9.65316999994684e-08;1.2152084999252112e-06;1.3382510001247282e-06
2.0052045000193174e-08;9.557127999723888e-08;1.072904800006654e-06;1.3891665000119247e-06
1.985914499964565e-08;1.0738110000966117e-07;1.249452499905601e-06;1.5361715000472032e-06
2.3297869999078103e-08;8.891403999878093e-08;9.70491399988532e-07;1.3907494999875781e-06
1.908887500030687e-08;9.661970000015572e-08;1.1645314999623224e-06;1.309365000051912e-06
2.0829379999486264e-08;9.016973999678157e-08;1.0610040000756271e-06;1.3708015000156593e-06
2.0182930000009946e-08;8.67582599981688e-08;1.0297200000786688e-06;1.3176469999598338e-06
2.0691410001018085e-08;8.64876399980858e-08;1.0226144999614916e-06;1.236326500074938e-06
1.991883499867981e-08;9.417241999763064e-08;1.0240013999864458e-06;1.3455450000765267e-06
2.0998419998795726e-08;8.762656000326388e-08;1.035790000023553e-06;1.2558010000793728e-06
2.022768499882659e-08;8.834422000218183e-08;1.0465974000399e-06;1.478528500010725e-06
2.2486750001553446e-08;1.1095124999701511e-07;1.0059354999975766e-06;1.439745999959996e-06
2.129008000192698e-08;1.0550015000626444e-07;1.03686700007529e-06;1.4009339999756775e-06
1.7169050000666174e-08;8.865694000269287e-08;1.084287499979837e-06;1.2627124998834915e-06
2.0171910000499337e-08;9.171010000281968e-08;1.0596979999681934e-06;1.4418584998929873e-06
2.0234519999939948e-08;7.9571139998734e-08;9.699479999835602e-07;1.2637299999187234e-06
2.2095245000673456e-08;9.248663999605924e-08;9.961782000027596e-07;1.41219999990426e-06
1.9684034999227153e-08;1.0039915000379551e-07;9.486679999972694e-07;1.3123830000404269e-06
2.0342409997829236e-08;8.561081999796443e-08;1.047443999996176e-06;1.2175794999348e-06
1.7655249999370425e-08;9.582942000124603e-08;1.0465614999702666e-06;1.2985584999842104e-06
2.005940999952145e-08;8.77079599944409e-08;9.895962000009603e-07;1.3090244999330025e-06
2.1242160000838338e-08;1.1529089999385178e-07;9.653874000068753e-07;1.3205559999914839e-06
1.7663879999599886e-08;1.0122159999446012e-07;1.176998500013724e-06;1.4774460000626277e-06
2.102289999893401e-08;1.054022000025725e-07;1.1758870001358445e-06;1.3900194999587256e-06
2.283626999997068e-08;1.0416310000000521e-07;1.0285330000624526e-06;1.5222309999808204e-06
2.4880460000713357e-08;1.0327750000578817e-07;1.059374000033131e-06;1.2683984999603125e-06
2.589680499950191e-08;1.0722422000253574e-07;1.2080404999142047e-06;1.310368499980541e-06
2.354711999942083e-08;1.1112470000807661e-07;1.0434814999462105e-06;1.4072229999874252e-06
2.198279000003822e-08;1.1226075000013225e-07;1.0462300000654068e-06;1.2286424999183509e-06
2.734072000021115e-08;9.77113000000827e-08;1.0707301999791524e-06;1.488390500016976e-06
2.5669690000358968e-08;1.0915882000117563e-07;1.1623239998880308e-06;1.4130935000139288e-06
2.03175700007705e-08;1.056092500075465e-07;1.2516464998770971e-06;1.449762499978533e-06
2.560001999954693e-08;1.1723185000300873e-07;1.073544499959098e-06;1.477718500100309e-06
2.1165209999890066e-08;1.1227080000389833e-07;1.2831744999857619e-06;1.429892000014661e-06
2.3470980001729912e-08;1.1586515000090003e-07;1.251911500003189e-06;1.4205274998676033e-06
2.3137799999676646e-08;1.1489074000273831e-07;1.0514904999581632e-06;1.5749529999447986e-06
2.0833290001610294e-08;1.105478499957826e-07;1.2896714999806136e-06;1.410596500063548e-06
2.3231479999958537e-08;1.1426119999669026e-07;1.222027499898104e-06;1.3811970000097063e-06
2.6883630000520497e-08;1.1325710000528489e-07;1.0642110000480899e-06;1.5090610001061576e-06
2.6901264999469277e-08;1.0973505000583827e-07;1.3465474999975414e-06;1.562804999994114e-06
2.0369680001749656e-08;1.1486424999020528e-07;1.1272520000056829e-06;1.2613520000013523e-06
2.6977405000070576e-08;1.1631875000603031e-07;1.2047855000128038e-06;1.412053000094602e-06
2.176045499945758e-08;1.1995760000718292e-07;1.2742530000105034e-06;1.3612734999333042e-06
2.3510829999577254e-08;1.0472713999915868e-07;1.1188719999336172e-06;1.3197714999841992e-06
2.263480000256095e-08;9.81143000011798e-08;1.3440739999350625e-06;1.4049060000979808e-06
2.074959999881685e-08;1.0704839999380055e-07;1.2402040000597481e-06;1.404634500067914e-06
2.2997169999871402e-08;1.0395160000189208e-07;1.2152095000783448e-06;1.3042144999781159e-06
2.593574000056833e-08;9.729780000052415e-08;1.2136430000828113e-06;1.4033829999971204e-06
2.0929749999777415e-08;8.20192999963183e-08;1.1478589999023824e-06;1.3076554999861401e-06
1.9083550000505056e-08;8.790455999551341e-08;1.0491865000221878e-06;1.3689200000953861e-06
2.0039640000322833e-08;1.0228899998764973e-07;1.2456855000345968e-06;1.4144950000627432e-06
2.6652759997523388e-08;1.0704929999774322e-07;1.3180215000465978e-06;1.5218779999122489e-06
2.0839580000028946e-08;1.1396245999494567e-07;1.2454615000751802e-06;1.40314500007662e-06
2.3582909999822733e-08;1.176555500132963e-07;1.1277870000049006e-06;1.3789620000170544e-06
2.1067929998389444e-08;9.783072000136599e-08;1.0951470000145492e-06;1.340291999949841e-06
2.059550000121817e-08;1.0072095000941772e-07;1.1484544999257197e-06;1.3191309999092483e-06
2.3703745000238995e-08;1.0235887999879196e-07;1.3031510000291746e-06;1.3857594999717548e-06
2.4956520000705495e-08;9.484207999776118e-08;1.114248000085354e-06;1.354206499963766e-06
2.1002729999599978e-08;9.314757999964059e-08;1.1402759999327827e-06;1.3214790000347421e-06
2.4786470000981353e-08;9.997759999823756e-08;1.1346475000027567e-06;1.3953590000164694e-06
2.398807999852579e-08;1.0255851999972947e-07;1.1554220000107308e-06;1.345030500087887e-06
2.0076429998152888e-08;9.679890000261367e-08;1.0779460000048858e-06;1.394939500023611e-06
2.0185010001296177e-08;1.0805840000102762e-07;1.102286399982404e-06;1.4210764999734238e-06
2.070399499934865e-08;9.543108000070788e-08;1.0645120000117459e-06;1.2512145000800955e-06
2.0577909998246468e-08;9.3397360004019e-08;1.073432999983197e-06;1.3556209999660496e-06
2.128853000176605e-08;9.313862000126391e-08;1.0375510000449139e-06;1.4790435000031721e-06
2.1051870001247154e-08;9.026314000366255e-08;1.0575030000472906e-06;1.2755269999615847e-06
2.0944215000781697e-08;1.0197078000055627e-07;1.212636999989627e-06;1.301353000017116e-06
2.2044639999512583e-08;1.0253955000371207e-07;1.1584834998939187e-06;1.4186365000205114e-06
2.2548700001789257e-08;9.710633999784478e-08;1.1058834999857935e-06;1.3827899999159854e-06
2.249454999982845e-08;8.48164800030645e-08;1.1153319998993538e-06;1.338169999944512e-06
2.262951000011526e-08;1.0878161999862642e-07;1.1234850001346786e-06;1.3718930000322872e-06
2.2534629999427125e-08;1.0407345999847166e-07;1.3090154998644722e-06;1.2264200000208801e-06
2.0295169999008067e-08;9.797822000109591e-08;1.2235935000353492e-06;1.39262199998484e-06
2.1731430001091213e-08;1.1889260000316426e-07;1.1402329998963979e-06;1.5757764999580104e-06
2.3176409999723547e-08;1.1559919999854174e-07;1.244866000051843e-06;1.400264999974752e-06
2.2061044999281874e-08;1.1049279999861028e-07;1.3746890000766144e-06;1.5093124999839347e-06
2.4159280001185834e-08;9.988870000233874e-08;1.1737789999460802e-06;1.4639100000204054e-06
2.5483499999972992e-08;1.0377648000139743e-07;1.1060710001038388e-06;1.3269410000066272e-06
2.3410480000893587e-08;1.0186729999259115e-07;1.1364945000968874e-06;1.4428910000424367e-06
2.579191999975592e-08;1.1569380000582896e-07;1.087402499979362e-06;1.3181164998968598e-06
2.4684180002077483e-08;1.1577175000275019e-07;1.3200225000036881e-06;1.478392499993788e-06
2.3481080000055953e-08;1.0536245000548661e-07;1.17930599997635e-06;1.357904500036966e-06
2.384613000031095e-08;1.0107625999953597e-07;1.113852999988012e-06;1.57813450001413e-06
2.0128350000595675e-08;1.0176259999570902e-07;1.278203499969095e-06;1.4995575000648387e-06
2.2269940000842326e-08;1.201860500004841e-07;1.293827500048792e-06;1.4257429999997839e-06
2.4178445000143257e-08;1.0135019999870564e-07;1.1901364999357611e-06;1.456244000000879e-06
2.025209999992512e-08;1.0422325000399724e-07;1.2121435000153724e-06;1.4889190001122187e-06
2.0242899999720975e-08;1.0806855000555515e-07;1.2394040000799578e-06;1.4024054999754299e-06
2.4789229998714292e-08;1.0280952000175603e-07;1.162349000078393e-06;1.4666800000122747e-06
2.01050400006352e-08;1.0644504000083544e-07;1.2828425000770949e-06;1.386973000044236e-06
2.6676979998592286e-08;1.0600294999312609e-07;1.208115000044927e-06;1.5765510000346695e-06
2.053244000126142e-08;9.727504000184127e-08;1.2633184999867808e-06;1.3980269999592566e-06
2.5846870001987554e-08;1.0021380000398495e-07;1.0661945000174455e-06;1.3573340000584722e-06
2.234965999959968e-08;1.140861500025494e-07;1.039922499912791e-06;1.5035660000285135e-06
2.0640299998922274e-08;1.1125941999489442e-07;1.3311934999364895e-06;1.4076360000763088e-06
2.4702859998797066e-08;1.041531499940902e-07;1.122497500036843e-06;1.3301714998669923e-06
2.4409469999955036e-08;1.0170179999840911e-07;1.0417225000855978e-06;1.381771000014851e-06
2.124685999879148e-08;1.0435900000156835e-07;1.1807490000501275e-06;1.5206759999273344e-06
2.1167859999695792e-08;1.0322965000523254e-07;1.0668929999519604e-06;1.3690009999845643e-06
2.6019599998835474e-08;1.0386859999562148e-07;1.2023110000882297e-06;1.3722640000924003e-06
2.3112849998869934e-08;1.1321565000980627e-07;1.1127865000162274e-06;1.4892024999426212e-06
2.167856000014581e-08;1.0470039999927395e-07;1.1880344999372028e-06;1.2641445000190288e-06
2.192953000194393e-08;9.833006000262685e-08;1.1280650000844616e-06;1.423273000109475e-06
1.8524880000040866e-08;9.290967999841087e-08;1.1610609998751897e-06;1.2706769999931566e-06
2.2539859998505563e-08;8.553739999770187e-08;1.1295869998866691e-06;1.4336250000633299e-06
2.37950999988243e-08;1.0454155001207254e-07;1.168123499955982e-06;1.2950894999084994e-06
2.0252934999007266e-08;8.792606000206433e-08;1.2661930000467692e-06;1.354161000053864e-06
2.4241809998056852e-08;1.0730974999023602e-07;1.3837029998830985e-06;1.3747879999573341e-06
2.327477000071667e-08;9.574980000033975e-08;1.007462499983376e-06;1.385541500058025e-06
2.1000389999244362e-08;1.0843005000788252e-07;1.297620499972254e-06;1.3745934999315069e-06
2.1698680002009495e-08;1.0695650000707247e-07;1.3373799998953474e-06;1.354678499919828e-06
2.0781110000098125e-08;1.0132555000018329e-07;1.1247910000383854e-06;1.329340499942191e-06
2.1249210000678432e-08;8.993611999903805e-08;1.1148074999800884e-06;1.3416945000062697e-06
1.999142999993637e-08;9.191862000152469e-08;1.2910390000615734e-06;1.4197085000341757e-06
2.2235450000152924e-08;1.0460859999875538e-07;1.2043234999873675e-06;1.4736015000380575e-06
2.420068999927025e-08;1.073471999989124e-07;1.050944000016898e-06;1.6273635000106879e-06
2.143309999955818e-08;1.0859334999986459e-07;1.0159394999209327e-06;1.3311275000160094e-06
2.084478000033414e-08;1.0016912000137381e-07;1.1177635000785812e-06;1.4485769999737386e-06
2.222466999955941e-08;1.1321336000110022e-07;1.2916494999080896e-06;1.491022999980487e-06
2.0933069998864085e-08;1.0111458000028505e-07;1.1834499999531545e-06;1.4672815000812988e-06
2.2051670000655576e-08;9.759690000209957e-08;1.1247380000713748e-06;1.350088000035612e-06
2.1501890002400615e-08;1.190828499966301e-07;1.3034045000676996e-06;1.3297995000903029e-06
2.028957000002265e-08;1.0770513999741524e-07;1.3329634998808616e-06;1.6257660000701435e-06
2.4323049999657086e-08;1.1192169999412727e-07;1.4512134999677073e-06;1.5060355000605341e-06
2.4016099999425934e-08;1.0151989999576472e-07;1.306975499901455e-06;1.3870525000675116e-06
2.0232529999339022e-08;1.0498639999423176e-07;1.1462844999914524e-06;1.4723144999879877e-06
2.6866279999376273e-08;9.952113999752328e-08;1.0668845000327565e-06;1.44948849992943e-06
2.2184030001517385e-08;1.1110539999208413e-07;1.3020179999875836e-06;1.5137950000644195e-06
2.4846520001301542e-08;1.0563978000427596e-07;1.1446359999536071e-06;1.3305940000282135e-06
2.185302000143565e-08;1.2109159999818075e-07;1.2304515000141691e-06;1.4479489999939687e-06
2.6176389999454842e-08;1.070093499874929e-07;1.294634999940172e-06;1.3457509998988825e-06
2.2690850001526995e-08;1.0919935000129044e-07;1.189192500023637e-06;1.366291000013007e-06
2.3958199998014607e-08;1.208903999940958e-07;1.4095574998646043e-06;1.497382999950787e-06
2.536197000008542e-08;1.1478190000343603e-07;1.3881879999826197e-06;1.4654965000227094e-06
2.6115499998559243e-08;1.1204284999985248e-07;1.2290539999958127e-06;1.5060779999475927e-06
2.6042510001570918e-08;1.0072180000133812e-07;2.0950070000253617e-06;1.6378434999205638e-06
2.16770600003656e-08;1.0679989999334793e-07;1.8170395000197459e-06;1.8580880000081378e-06
2.5922009999339935e-08;1.229950999986613e-07;1.5100840000377503e-06;1.5204030000313652e-06
2.123391999921296e-08;1.1867609999899287e-07;1.5978590000304393e-06;1.5991489999578334e-06
2.2654259999399072e-08;8.928200000082143e-08;1.738877500029048e-06;1.6716319999250118e-06
2.245091000222601e-08;1.0561254000058398e-07;1.8114454999158625e-06;1.6428275000362191e-06
2.1126549999462442e-08;1.0382279999903403e-07;1.923414000048069e-06;1.8688720000500324e-06
2.5354739997419528e-08;1.0908750000817235e-07;2.0057270000688733e-06;1.5764895000029355e-06
2.30489999987185e-08;1.1553515000559855e-07;1.4476734999334439e-06;1.572535000013886e-06
2.055428000167012e-08;1.0304761999868788e-07;1.7599134999909439e-06;1.731914499978302e-06
2.090796499978751e-08;9.21351599972695e-08;1.610332499985816e-06;1.5138275000208523e-06
2.5508599999011495e-08;1.1893129999225494e-07;1.8579385000339244e-06;1.538099500030512e-06
2.009950499923434e-08;1.1558324999350588e-07;1.8894495000131428e-06;1.39824600002612e-06
2.2949084998981562e-08;9.708687999518588e-08;2.0883150000008756e-06;1.6584650000731927e-06
2.0734550000634046e-08;1.312861499900464e-07;1.9774214999051763e-06;1.827006500097923e-06
2.6736840000376104e-08;1.1349214999063406e-07;1.8933560000732542e-06;1.7290975000651088e-06
2.5951659999554977e-08;1.198731200012844e-07;2.128589999920223e-06;1.5530079999007284e-06
2.411512000253424e-08;1.1326814998756163e-07;1.8924014999356586e-06;1.6735790000529959e-06
2.4936869999510235e-08;1.0715096000349149e-07;1.8763059999037069e-06;1.6289165000489446e-06
2.3274229999515227e-08;1.104780000023311e-07;1.7426414998772088e-06;1.5718364999338518e-06
2.463004000019282e-08;1.1069212000002153e-07;1.8310209999617654e-06;1.6224575000524054e-06
2.2897240000020246e-08;1.0186754999449477e-07;1.893519000004744e-06;1.8867535000026692e-06
3.017305000103079e-08;1.111916000081692e-07;1.9420749999699184e-06;2.040617499878863e-06
2.1869810001226142e-08;1.0536980000324547e-07;1.9552624999778345e-06;1.616278500005137e-06
2.5699829999939537e-08;1.0124005000398028e-07;2.051573000208009e-06;1.763007999979891e-06
2.3095629998715595e-08;1.0491240000119433e-07;1.7985904999659396e-06;1.7266309999104124e-06
2.427593000174966e-08;1.0501144999579993e-07;1.7275949999748265e-06;1.736891500040656e-06
2.0481009999639356e-08;1.2167074999888427e-07;1.5335230001073797e-06;1.5730034999432973e-06
2.717527000058908e-08;1.1517960000492167e-07;1.7519239999819547e-06;1.798300500086043e-06
2.5653340001008473e-08;1.0778664999816101e-07;1.741732999944361e-06;1.5642559999832883e-06
2.6574679999612273e-08;1.1623559999861755e-07;1.6013704999932089e-06;1.8959265000012237e-06
2.1522479999111965e-08;1.071386999974493e-07;1.839260499982629e-06;1.7868555001041386e-06
2.7366649999748915e-08;9.538349999929778e-08;1.7135630000848323e-06;1.474772499932442e-06
2.89848600019468e-08;1.119477000029292e-07;1.6819539999414702e-06;1.8638415000168606e-06
2.2612300000037068e-08;1.105357400025241e-07;1.6200470000330825e-06;1.6022229999362026e-06
2.168322000070475e-08;9.685567999840714e-08;1.584147999965353e-06;1.63912749994779e-06
2.0391849998850375e-08;1.1536314999102615e-07;2.035657000087667e-06;1.5142835000006017e-06
2.114552000130061e-08;1.0072320000035688e-07;2.127956000040285e-06;1.6277090000221505e-06
2.2857449999719393e-08;1.1541284999111668e-07;1.661397499992745e-06;1.6355149999435525e-06
2.3369150000507942e-08;1.045390000072075e-07;1.780900500016287e-06;1.7200225000851788e-06
2.3545380000723527e-08;9.006219999864697e-08;1.5211169999383855e-06;1.7481019999831916e-06
1.879839999892283e-08;1.0004984999250155e-07;1.8943094999121967e-06;1.5178499999456107e-06
2.0001780000166037e-08;1.0037975000159349e-07;1.4997665000555572e-06;1.7142050000256858e-06
2.227005000167992e-08;9.24221400055103e-08;1.9560824999643957e-06;1.562841999984812e-06
2.478098999999929e-08;9.923169999965467e-08;1.775835000007646e-06;1.5502925000328106e-06
2.5858039999729954e-08;1.0956230000010691e-07;1.5042705000087154e-06;1.6591560000961181e-06
2.182495500019286e-08;9.592629999970086e-08;1.7450300000200514e-06;2.019023000029847e-06
2.3244089999934658e-08;1.1602265000692569e-07;1.53982999996515e-06;1.8612579999899025e-06
2.227241999935359e-08;9.769081999547779e-08;1.4815739999176003e-06;1.8489930000214372e-06
2.3460190001060254e-08;9.45073599985335e-08;1.8185225001070649e-06;1.917735500028357e-06
2.2345504999975672e-08;1.0480514999653678e-07;1.4224370000010822e-06;1.4329009999346454e-06
2.432779999799095e-08;1.0569959999702405e-07;1.8366910000622737e-06;1.5163319998828228e-06
2.1348170001874677e-08;1.0415574999933597e-07;1.4147760000196285e-06;1.6176405000442174e-06
2.3328810001839884e-08;9.257202000007964e-08;1.7582604999188333e-06;1.5157864999491722e-06
2.1935790000134147e-08;1.0756780000519938e-07;1.464230999990832e-06;1.620639500033576e-06
2.7541430000565014e-08;9.653564000036567e-08;1.6753705000155604e-06;1.6431505000218748e-06
2.5892550000571646e-08;1.0346985000069253e-07;2.046421499981079e-06;1.5451150000444614e-06
2.288094999967143e-08;1.2369034999574069e-07;1.6324819999863394e-06;1.4679954999883194e-06
2.206722999981139e-08;1.1029539999435655e-07;1.6068105000886134e-06;1.6263844999775755e-06
2.4504699998942668e-08;1.0068666000152007e-07;1.8128365000302438e-06;1.613956499932101e-06
2.16902050000499e-08;1.1925284999597352e-07;2.0015370001783595e-06;1.3815820000309031e-06
2.0786190000944772e-08;1.0686075000558049e-07;1.4582884999981616e-06;1.6283585000201128e-06
2.3280565001186914e-08;9.642652000184171e-08;1.7195190000347793e-06;1.6209830000298098e-06
2.0836859999690206e-08;1.0565380001207814e-07;1.7556694999802858e-06;1.6724119998980314e-06
2.0075390000420156e-08;1.187941399984993e-07;1.736397000058787e-06;1.79927500008489e-06
2.275292999984231e-08;1.0107424999296199e-07;1.7737264999595936e-06;1.8415585000184364e-06
2.784040999831632e-08;1.0959891999955289e-07;1.6948994999984279e-06;1.6520925000077113e-06
2.586499000026379e-08;9.142316000070422e-08;1.5956235000339801e-06;1.5909129999636206e-06
2.058948500052793e-08;1.0759459999098909e-07;1.7355445001157932e-06;1.6721339999639894e-06
2.339810999983456e-08;1.0757441999739967e-07;1.7686439999670257e-06;1.5076715000031981e-06
2.119881999969948e-08;1.1435630000778473e-07;1.5291364998847713e-06;1.5765149999060669e-06
2.37014000013005e-08;1.0501205000036862e-07;1.7130514999735169e-06;1.480156000034185e-06
2.048087999864947e-08;1.1154665000503883e-07;1.6722109999682288e-06;1.582397499878425e-06
2.064210499956971e-08;1.0587114999361801e-07;1.6975685000943486e-06;1.5906679999898187e-06
2.264691000164021e-08;9.79222199996002e-08;1.8006979998608584e-06;1.5159080000012182e-06
2.2325969999656083e-08;9.880423999857157e-08;1.8525044999842067e-06;1.528872000053525e-06
2.0588570000836626e-08;1.0309057999984361e-07;1.4503564999904483e-06;1.5707069999189117e-06
2.478042999864556e-08;1.109922000032384e-07;1.6335945000173524e-06;1.4515934999508318e-06
2.086991000105627e-08;9.670897999894805e-08;1.7873685000813566e-06;1.5796349999436643e-06
2.2894919998361728e-08;1.0717264999402687e-07;1.661784500029171e-06;1.7087940000055823e-06
2.2765690000960602e-08;1.0234816000447609e-07;1.8536129999847617e-06;1.5539679999346845e-06
2.315808000275865e-08;1.2625529999786523e-07;1.871125000034226e-06;1.590213000017684e-06
2.5947769999038427e-08;1.046483599988278e-07;1.5912199999729638e-06;1.7792699999699836e-06
2.134531500050798e-08;1.0063809998973738e-07;1.6240515001118184e-06;1.507545500062406e-06
2.1846639999421312e-08;1.0387515000184067e-07;1.73826199999894e-06;1.7432459999690764e-06
2.465170999930706e-08;1.0318079999706243e-07;2.0225820000632664e-06;1.6418965000775642e-06
2.270071000093594e-08;1.0042170000087936e-07;1.9297399999049957e-06;1.73425450004288e-06
2.0729199997731484e-08;9.481939999968745e-08;1.8375300000479912e-06;1.6514379999716767e-06
2.7023799999733456e-08;1.2013034999836237e-07;1.7226669999945442e-06;1.7771810000704136e-06
2.0893490000162274e-08;1.0185024000238628e-07;1.7967850000422914e-06;1.4640380001219455e-06
2.7780660000280477e-08;1.0920930000429508e-07;1.832459999859566e-06;1.7298800000571646e-06
2.2322680000797847e-08;1.0036720000789501e-07;1.6274510000948793e-06;1.6000229999190196e-06
2.895859999989625e-08;9.496367999818176e-08;1.5528649999760091e-06;1.7072424999787473e-06
2.645937000052072e-08;9.754466000013054e-08;1.7314330000954213e-06;1.8436250000377187e-06
2.0778090000385418e-08;1.0937555999844336e-07;2.051480999944033e-06;1.606543500092812e-06
2.285146999929566e-08;1.028562999999849e-07;1.859427000017604e-06;1.736238500016043e-06
2.7708499997970648e-08;1.0357614999520593e-07;1.7101644999638666e-06;1.774382000003243e-06
2.458524999965448e-08;1.182394000061322e-07;1.5195865000714548e-06;1.6917069999908563e-06
1.857886500074528e-08;9.094816000433638e-08;1.5648744998907205e-06;1.6125814999395515e-06
2.6384020000114104e-08;9.105932000093162e-08;1.5977169999678153e-06;1.6302409999480006e-06
2.2331329999724403e-08;1.0676955000963062e-07;1.719866500061471e-06;1.7535645001044032e-06
2.3482549999607726e-08;1.0882794999633915e-07;2.0198354999592994e-06;1.9032954999420327e-06
2.368764499988174e-08;9.480114000034519e-08;1.921574500011047e-06;1.8394879999686964e-06
2.0701819998794237e-08;1.1270280000462663e-07;2.3126940001384354e-06;1.9031299999915064e-06
2.311807000078261e-08;1.0795270001108292e-07;2.25063100020634e-06;2.0510980000835845e-06
2.3094080001465043e-08;1.0435794999648351e-07;2.2331334999762477e-06;2.0152569998754187e-06
2.0319884999480563e-08;1.0669290000805631e-07;2.159912999923108e-06;2.03690700000152e-06
2.3916334999375976e-08;9.150120000122115e-08;2.0802680001361294e-06;2.0305489999009295e-06
2.7473150001605973e-08;1.0842672000289894e-07;2.204630999767687e-06;1.912327500031097e-06
2.549577000027057e-08;1.0069160000421107e-07;2.1110919999773616e-06;1.8744379999407102e-06
2.3980890000530054e-08;9.801230000448413e-08;2.0404130002134478e-06;2.055110999790486e-06
2.425513000052888e-08;1.0622125999652781e-07;2.1163820000947454e-06;2.0480839998344892e-06
2.576763000106439e-08;9.172676000162028e-08;2.137755999865476e-06;2.0315479999408127e-06
2.3653160000685602e-08;1.0116388000315056e-07;2.0659439999144526e-06;2.151429000077769e-06
2.556998000072781e-08;1.0102955000184011e-07;2.011938000214286e-06;2.084098999912385e-06
2.4056289999862202e-08;1.0541450000891928e-07;2.0173140001134017e-06;1.990463499969337e-06
2.3883660000865348e-08;1.087674500013236e-07;2.0779479999328033e-06;1.773077999969246e-06
2.3928650000016206e-08;9.191996000008658e-08;2.2456509998301043e-06;1.67955750002875e-06
2.097799999755807e-08;8.718440000084229e-08;1.9222829998761883e-06;2.0227280000108294e-06
2.284616999968421e-08;9.901962000294588e-08;1.6988625000522006e-06;1.7726554999535438e-06
2.132735000050161e-08;9.787237999844365e-08;2.068994000146631e-06;1.9230369999422692e-06
2.0631819998379796e-08;1.1182838000240736e-07;1.9671089999610558e-06;1.8178524999530054e-06
2.0195799999055452e-08;8.910024000215344e-08;1.8893950000347105e-06;1.6420920001110061e-06
1.8768639999325386e-08;8.12517200014554e-08;1.7898430000059306e-06;1.8149085000914056e-06
2.0781629999692085e-08;9.184544000308961e-08;1.8762789999891537e-06;1.8035650000092573e-06
2.062564500083681e-08;9.261915999813936e-08;1.8709910000325182e-06;2.0819839998148383e-06
2.1682694999617523e-08;9.50996599975042e-08;1.8966474999615457e-06;1.7627104998973663e-06
2.1154639999440407e-08;8.780512000084855e-08;1.8409249999967869e-06;1.8271439999807626e-06
2.068161500064889e-08;8.584325999836438e-08;1.937527999980375e-06;1.6846640000585467e-06
2.0311310002580286e-08;9.289169999537989e-08;1.85152250007377e-06;1.8190635000064504e-06
2.0301820000167935e-08;1.0186635999707505e-07;1.9372460000158754e-06;2.0640040002763273e-06
2.0869559998391196e-08;1.0231464999378659e-07;2.0247960000415334e-06;2.0175965000817086e-06
2.2450660000322387e-08;1.0033830000611487e-07;2.0922649998101405e-06;1.8207265000091865e-06
2.319013999949675e-08;1.0026079999806825e-07;1.9716655000229367e-06;1.8768405000446364e-06
2.0395399999688378e-08;1.0389496000134386e-07;2.1636770002078264e-06;2.0277030000579544e-06
2.762263999902643e-08;9.906640000408515e-08;2.036138999974355e-06;2.0028190000448377e-06
2.2363100000075064e-08;1.0628431999939494e-07;2.231339999998454e-06;2.0350460000918247e-06
2.2450660000322387e-08;1.0692055000981782e-07;2.217869000160135e-06;2.0339724999212193e-06
2.2935950002283788e-08;9.273502000141888e-08;2.1826769999461248e-06;1.8854245000693482e-06
2.4939364999590906e-08;9.467550000408665e-08;2.0346549998794215e-06;1.963382000103593e-06
2.0970009997836316e-08;1.1690515000373125e-07;2.0756570002413355e-06;2.0629380000173116e-06
1.959921499947086e-08;1.065482500125654e-07;2.183190000068862e-06;2.026144499977818e-06
2.0493419998092576e-08;1.1154309999255929e-07;2.246675999776926e-06;1.979970000102185e-06
2.0392454999091568e-08;1.0763715999783016e-07;2.22913100005826e-06;1.938508000021102e-06
2.5172830000519753e-08;1.0039717999752611e-07;1.9051465000666211e-06;2.037630999984685e-06
2.4767549999523907e-08;1.1527140000544022e-07;2.111103500064928e-06;2.0421840000199155e-06
2.279041000001598e-08;1.0335434999433345e-07;2.0231329998932777e-06;1.993233999965014e-06
2.5623269999050536e-08;1.179841500124894e-07;2.18061099993065e-06;2.0021169999381527e-06
2.7971709999837913e-08;1.2359090000973084e-07;2.3621400000411087e-06;2.017776999855414e-06
2.776696999790147e-08;1.0978345001058188e-07;2.2995789998094553e-06;1.9591994999791495e-06
2.508385000110138e-08;1.2111195000761653e-07;2.4073409999255093e-06;2.0930950000183658e-06
2.138414999935776e-08;1.2587059999932535e-07;2.3085389999323526e-06;2.06840300001204e-06
2.6698919999762438e-08;1.0458253999822773e-07;2.374366000003647e-06;2.004754499939736e-06
2.6406759998644703e-08;9.807551999692805e-08;1.993994500080589e-06;1.8672719999449327e-06
2.568093999871053e-08;1.0104399999545421e-07;2.2179544999380598e-06;1.8562644999474288e-06
2.412043000222184e-08;1.1209860000235495e-07;2.213978000218049e-06;1.922171499900287e-06
2.5817934999940915e-08;1.1785319999034982e-07;2.304508999804966e-06;2.102697500085924e-06
2.3571670000092126e-08;1.0936250000668224e-07;2.00362799980212e-06;1.774771500058705e-06
2.3978299999726006e-08;9.226731999660842e-08;2.452045999816619e-06;1.9271974998991935e-06
2.1365349998814053e-08;1.2210049999703187e-07;2.2907659999327736e-06;1.8796289998863357e-06
2.0126999999047256e-08;9.358591999625788e-08;1.6924854999524542e-06;2.0007869999972173e-06
2.124093000020366e-08;1.152962999913143e-07;1.93719750008313e-06;1.8408410000847652e-06
2.2872050001751632e-08;1.0779605001152959e-07;2.0000170002458616e-06;1.7928260000189766e-06
2.8732689999742433e-08;1.00206100003561e-07;2.2153500000422355e-06;1.7408109999087174e-06
2.2033949999604374e-08;9.6811620000517e-08;2.435528000060003e-06;2.26006300013978e-06
2.142170500010252e-08;1.028249500086531e-07;2.1832980000181124e-06;1.8791439999768045e-06
2.5093680000281893e-08;9.113882000092417e-08;2.1301509998738765e-06;1.9251050001184922e-06
2.18485099991085e-08;1.0305722000193782e-07;2.1867269999347627e-06;2.322887000045739e-06
2.2891700000036506e-08;1.0997859999770299e-07;2.1103999999468213e-06;1.8875724999816157e-06
2.2814940000534988e-08;1.029125000059139e-07;2.0641300000716e-06;1.892799500055844e-06
2.791494999837596e-08;1.1639155000739265e-07;1.8502124999940861e-06;2.1115529999951834e-06
2.2108999997726643e-08;1.0164649999933317e-07;2.0685629997751674e-06;2.0742130000144242e-06
2.4072259999229573e-08;1.1402164999162778e-07;2.2711659999913538e-06;1.7786174999491778e-06
2.5747889999183826e-08;1.1027176000061446e-07;2.149945000128355e-06;1.8848710000747816e-06
2.213415000005625e-08;1.0972469999978784e-07;2.0735890002106315e-06;2.2083949999068865e-06
2.804822000034619e-08;1.0694865000550635e-07;2.0786260000022592e-06;1.861085999989882e-06
2.439031999965664e-08;1.0429024000186473e-07;2.1216029999777675e-06;1.7986034999194089e-06
2.3535800000536257e-08;1.0393094999017194e-07;2.103316000138875e-06;1.9912879999901634e-06
2.5143969999044203e-08;1.2265585000568536e-07;2.520375000021886e-06;2.0631809998303652e-06
2.33587599999737e-08;1.2533090000215451e-07;2.12421699980041e-06;1.8999720001011155e-06
2.4853050001547672e-08;1.1996260000159963e-07;2.2559740001452155e-06;2.043052500084741e-06
2.58080349987722e-08;1.1260269999911544e-07;2.058631000109017e-06;1.9063869999081362e-06
2.1405420001246965e-08;1.1928849999094383e-07;1.8019230000209063e-06;1.815836500027217e-06
2.1755230001872405e-08;1.0685174000100232e-07;2.0117789998766966e-06;2.0237999997334557e-06
2.527564999909373e-08;1.1188924999441952e-07;2.2021309999399816e-06;2.08586099994136e-06
2.5770030000421685e-08;1.1320034999516792e-07;2.3139430000446735e-06;2.181056000117678e-06
1.6908069999772122e-08;1.206330999993952e-07;2.376356000022497e-06;2.1367720002308488e-06
2.2177919998648575e-08;1.0496769999735989e-07;2.239026999741327e-06;1.934023499925388e-06
2.5617060001241042e-08;1.1507869999331887e-07;2.33674199989764e-06;1.934252500068396e-06
2.3861759999999777e-08;1.1507260000507813e-07;2.286589000141248e-06;1.8116720000398345e-06
2.7737039999919944e-08;1.1542185000143945e-07;2.3594829998910425e-06;1.8701029999647289e-06
2.4455035000573843e-08;9.872272000066004e-08;2.1718889998737724e-06;1.7629095001029783e-06
2.2565869998652486e-08;1.0214039999991655e-07;2.055375000054482e-06;2.048750999965705e-06
2.8378779999911784e-08;1.1644370001158677e-07;1.885989000002155e-06;1.8919545000244398e-06
2.5336124999739696e-08;1.0588000000279863e-07;1.9892670000263024e-06;1.973193000012543e-06
2.2623899998143316e-08;1.0071566000115126e-07;2.1516610000981017e-06;1.976577999885194e-06
2.1675890000187793e-08;1.0383995001029689e-07;2.0609739999054e-06;2.159181000024546e-06
2.2171739998157136e-08;1.0732994999852963e-07;2.159076000098139e-06;1.9637365000380667e-06
2.376613999949768e-08;9.038701999816112e-08;2.1931720001157374e-06;1.960542499873554e-06
2.1206040002289227e-08;1.0358445000019856e-07;2.1845910002593884e-06;1.7456470000615809e-06
2.298597999906633e-08;1.0478724000276998e-07;2.6086899999063464e-06;1.7465674999402835e-06
2.3218479999923146e-08;1.1142479999398347e-07;2.4434559998917395e-06;2.0145510000293144e-06
2.0442940000793895e-08;1.0417260001122486e-07;2.1736549999332054e-06;1.8366460000106598e-06
1.9862559999455698e-08;8.372944000293501e-08;2.0371100000920706e-06;1.908881499985e-06
2.1744870001566596e-08;8.99706199998036e-08;2.247780000034254e-06;1.7663320001156534e-06
2.093938000034541e-08;9.324564000125974e-08;2.0568839999032207e-06;1.7868430000089575e-06
2.0231239999702666e-08;1.0280885000247509e-07;2.1208610001485796e-06;2.036876499914797e-06
1.9467150000855328e-08;1.0180619999300689e-07;2.138299000216648e-06;2.0028009999077767e-06
2.0314369999687188e-08;8.801604000036605e-08;2.3238570001558403e-06;1.7974254999717232e-06
2.318521999986842e-08;9.089302000356838e-08;2.426413999928627e-06;1.9153030001325534e-06
2.579255999880843e-08;8.951666000066324e-08;2.829075999907218e-06;2.003516999830026e-06
2.746092999877874e-08;1.0026681999443099e-07;2.318029000016395e-06;1.9004310001037084e-06
2.0088650000980123e-08;9.120528000057675e-08;2.0836069999495522e-06;2.0556719999876805e-06
1.6074249999655875e-08;1.000733199995011e-07;2.158452000003308e-06;2.074528000084683e-06
1.7590935000043828e-08;7.886917999712751e-08;2.6332990001537835e-06;2.0578190000378525e-06
2.026602000114508e-08;1.0593459999654442e-07;2.0160010000108743e-06;1.8661584999063053e-06
1.7748739999660756e-08;8.74268600018695e-08;2.1570635000534823e-06;1.899425500014331e-06
2.3542704999272246e-08;9.483036000165157e-08;2.177942999987863e-06;1.9457240001065657e-06
1.9503314999747092e-08;1.0501691999961622e-07;2.5519270001677796e-06;1.7923095000151078e-06
2.0218649998423643e-08;1.104372000118019e-07;2.2785850000218487e-06;2.0025910000549628e-06
2.7372719999402762e-08;1.2455574999330565e-07;2.709515999886207e-06;2.2694870000123047e-06
2.334125000052154e-08;1.1467604999779723e-07;2.221121000184212e-06;1.8725200000335463e-06
2.0871549998992122e-08;1.1429859999043401e-07;2.4835360000724905e-06;1.9091499999922236e-06
2.349250999977812e-08;9.777697999961674e-08;2.6303159998496996e-06;1.8889900000067428e-06
2.244039499928476e-08;9.12198800011538e-08;2.2393440001178535e-06;2.0828885000082664e-06
2.4125110000022686e-08;1.1635064998699817e-07;2.727351999783423e-06;1.6007350001018495e-06
2.5627680000616236e-08;1.0450534999836236e-07;2.1099510000203735e-06;2.0264800000586548e-06
2.022757999948226e-08;1.1711535000358708e-07;2.3754689999623224e-06;1.8416324999998323e-06
2.0324370000162163e-08;1.1636719999660272e-07;2.0147969998652115e-06;1.9376154999190476e-06
2.2586480001336895e-08;1.1007930000778288e-07;2.283068000106141e-06;2.0768664999923204e-06
2.8694959997665137e-08;1.1605746000423096e-07;2.4678260000655428e-06;2.0071780000580474e-06
2.8771110001252966e-08;1.073807200009469e-07;2.443106999853626e-06;1.8741939999745228e-06
2.1729049997520634e-08;1.0500955001043622e-07;2.821179000020493e-06;2.008633999794256e-06
2.2763399998075328e-08;1.0390945000108331e-07;2.6418299999204465e-06;2.128392000158783e-06
2.7182369999354707e-08;1.1690705000364687e-07;2.7087920001940802e-06;2.0174620000761935e-06
2.45428099995479e-08;1.0409619999700226e-07;2.846840000129305e-06;2.3835800000233576e-06
2.364551000064239e-08;1.107219000114128e-07;2.5972630002070218e-06;2.0251880001160314e-06
2.28096499980893e-08;8.613338000141084e-08;2.6033509999979286e-06;1.8267519999062643e-06
2.1495369999320247e-08;1.0765410000749398e-07;2.7658419997897e-06;2.2694040002534165e-06
2.2401930001797154e-08;1.0331394999229815e-07;2.226805000100285e-06;1.852775000006659e-06
2.2985805000644177e-08;1.1018500001227949e-07;2.8338079998502506e-06;1.978396000049543e-06
2.1599779999814927e-08;1.2798735000251327e-07;2.4550359998829662e-06;2.0727240000269377e-06
2.4297249998198824e-08;1.1324400000157766e-07;2.8293180000036954e-06;1.948617000016384e-06
2.5595599997905084e-08;1.1719494999852032e-07;2.3863540001912043e-06;2.0323370001278816e-06
2.0602700000745243e-08;8.72784800012596e-08;2.406945000111591e-06;2.0463740002014673e-06
2.3276629997417332e-08;1.1769920001097488e-07;2.4641849999898113e-06;2.101356999773998e-06
2.0240150002064182e-08;9.380440000095404e-08;2.409643999999389e-06;2.074408000044059e-06
2.1914075000677257e-08;1.0457455000141635e-07;2.341528999968432e-06;1.7251450000912883e-06
2.7188710001064465e-08;1.0841430000436958e-07;2.1007519998238424e-06;2.072734999965178e-06
2.1839819999877363e-08;1.1869460000889376e-07;2.478187000087928e-06;1.9360954999865497e-06
2.0525940001243724e-08;1.2027494999347254e-07;2.580548000114504e-06;1.9329530000686644e-06
2.1531359999789855e-08;1.0136503999819978e-07;2.3614000002271496e-06;2.0449050000752322e-06
2.544630999909714e-08;9.129832000471652e-08;2.463672000012593e-06;1.9775264999771027e-06
2.6803470001323148e-08;1.063480000011623e-07;2.7244849997805432e-06;2.013630000001285e-06
2.4318900000071153e-08;1.0558499999751802e-07;2.572660000005271e-06;1.8310660000133794e-06
2.765556999947876e-08;1.0658574999251868e-07;2.0520939998095854e-06;2.0324229999096133e-06
2.6181899997754953e-08;1.1009649999905378e-07;2.612725000071805e-06;2.020679499983089e-06
2.4234009999781846e-08;1.0405117999762296e-07;2.4795109999831765e-06;2.0119230001000686e-06
2.3974759998964146e-08;1.2205199999152683e-07;2.2152839999762363e-06;2.0495700000901707e-06
2.3762649999116548e-08;8.977699999813921e-08;2.656735999917146e-06;2.016744499997003e-06
2.319666999974288e-08;8.963080000248737e-08;2.7828980001504534e-06;2.079424999828916e-06
2.1273669999209232e-08;1.0687555000185967e-07;2.729686000093352e-06;2.1596620001946575e-06
2.4113180002314038e-08;1.1392800000612624e-07;2.097756000002846e-06;1.9384184999216813e-06
2.4718299999949522e-08;1.091930500115268e-07;2.382457999920007e-06;2.1032310000737197e-06
2.6381480001145973e-08;9.663339999970049e-08;2.307481000025291e-06;1.7744055000366644e-06
2.2377769998274743e-08;1.0240519999933895e-07;2.7727809999487364e-06;1.8574815000465606e-06
2.5916619999043178e-08;1.1930454999674112e-07;2.4900879999040627e-06;1.911372000031406e-06
2.0157589999143967e-08;1.0929330000071786e-07;2.0564899998134934e-06;2.0099840001785196e-06
2.5616099999751897e-08;1.0713938000262714e-07;2.257352999877185e-06;2.075796999997692e-06
2.3416769999312236e-08;9.781623999588192e-08;2.399847999913618e-06;2.1464550000382587e-06
2.163303999986965e-08;1.0127434998867102e-07;2.387849999940954e-06;1.855333999992581e-06
2.4131700000725686e-08;1.1501733999466523e-07;2.0727199999964795e-06;1.9352874999458436e-06
2.5078420000500047e-08;1.063391500065336e-07;2.827301999786869e-06;2.025953000120353e-06
2.189203999878373e-08;1.0637379999388941e-07;2.3963409999851137e-06;1.9903509999858217e-06
2.4168450001161546e-08;1.239093500043964e-07;2.4053209999692625e-06;2.13515199982794e-06
2.4191139999311418e-08;1.2082994999946095e-07;2.4740289998590013e-06;1.935895500064362e-06
2.1411390000139364e-08;1.0988464999536518e-07;2.8137059998698534e-06;1.9452825000917073e-06
2.1421969999209978e-08;1.0165804999996908e-07;2.7977419999660922e-06;2.0303999999305235e-06
2.3654349998105317e-08;1.028862199978903e-07;2.5248230001307094e-06;2.0765759999630972e-06
2.7563009998993946e-08;1.061444500082871e-07;2.4680580000858754e-06;2.0938240000396034e-06
2.8983189997961744e-08;1.028638999996474e-07;2.696621000068262e-06;2.148332000069786e-06
2.7392830001190304e-08;1.1622455000178889e-07;2.1590919999289327e-06;2.122709999966901e-06
2.0447060000151394e-08;1.1775342000182718e-07;2.5970779999624937e-06;1.8653120000089985e-06
2.287142999994103e-08;1.1535544999060222e-07;2.6305219999630937e-06;1.8746199998713564e-06
1.8456390000937972e-08;1.1156269999628421e-07;2.549394000088796e-06;2.1935790000134146e-06
2.177180500002578e-08;1.0800059999746737e-07;2.5469289999455213e-06;1.7131069999595639e-06
2.354332999966573e-08;1.214153000037186e-07;2.393969999975525e-06;1.9238720000430475e-06
2.681119999906514e-08;1.0182695999974385e-07;2.7073309998377226e-06;2.013328500033822e-06
2.4160310000297612e-08;1.0011963999713771e-07;2.711395999940578e-06;2.0784069999353962e-06
2.3104779998539017e-08;1.0098805000598077e-07;2.3380200000246987e-06;2.0010164999985136e-06
2.7569120001862757e-08;1.1851240000396502e-07;2.9173609998542817e-06;2.04153899976518e-06
2.6744770002551377e-08;1.2158264999743551e-07;2.5261840000166557e-06;1.8310695000400302e-06
2.5623889997950756e-08;1.1117605000617914e-07;2.8859430001466535e-06;2.175565999932587e-06
2.165646000066772e-08;1.0210350000124891e-07;2.816154999891296e-06;2.0135064999340104e-06
2.6082650001626462e-08;1.1508675999939442e-07;2.748753000050783e-06;1.9078750000335276e-06
2.693858000275213e-08;1.0817864999989979e-07;2.6343010002165102e-06;2.1096440000110305e-06
2.114500999741722e-08;1.26573150002514e-07;2.5571450000279582e-06;2.066449999983888e-06
2.5813959998777135e-08;1.2008140000398272e-07;2.9179789999034254e-06;2.002712999965297e-06
2.402529999963008e-08;9.868990000104532e-08;2.427778999845032e-06;1.969441999972332e-06
2.572750000108499e-08;1.1434719999670051e-07;2.5086540001211687e-06;1.9766790000721813e-06
2.5871920000645333e-08;1.1551479999616277e-07;3.2864340001833624e-06;2.2666720001143405e-06
2.6888029999099672e-08;1.1765664000413381e-07;3.4075430000666527e-06;2.1995790000073613e-06
2.641416999977082e-08;1.1244969999825116e-07;3.4257390000857414e-06;1.8036025000037625e-06
2.4641740001970903e-08;1.003665500029456e-07;3.3890899998368695e-06;2.003205000073649e-06
2.6559860000270418e-08;1.071362400020007e-07;3.021516000153497e-06;1.9373850000556557e-06
2.2710849999566563e-08;1.193545999994967e-07;3.18824299989501e-06;1.916939000075217e-06
2.31930400012061e-08;1.0097079999977723e-07;2.59174200007692e-06;1.9866979999642352e-06
2.181105499912519e-08;1.0576728000305593e-07;2.6597019998007454e-06;1.917684000072768e-06
2.5818669999716805e-08;1.0639765000087209e-07;2.944182999781333e-06;2.0487479999428613e-06
2.1746210000128487e-08;1.0263987999642267e-07;3.0033599998569116e-06;1.8510459999379236e-06
2.264466999913566e-08;1.0069685000053141e-07;3.2017310001538136e-06;1.8062125000869856e-06
2.232330999977421e-08;9.375922000035643e-08;2.8320370000437833e-06;2.0314679999137296e-06
2.0862779999151825e-08;1.0572608000366018e-07;2.7101570001104846e-06;1.8522405000112486e-06
2.5933900001109577e-08;9.772432000027038e-08;2.696937999862712e-06;1.792379999969853e-06
2.0410219999030233e-08;9.137413999997079e-08;2.9175230002147144e-06;1.9770405000599566e-06
2.1787414999562314e-08;9.564152000239118e-08;2.73162700003013e-06;1.979274500044994e-06
1.901975500077242e-08;7.838498000055551e-08;2.5937590000103228e-06;1.726256999972975e-06
1.9553895000717603e-08;8.668355999980121e-08;2.817416999896523e-06;1.7469300000811927e-06
1.9874600000912323e-08;8.579608000000007e-08;2.3397990001831203e-06;1.8614325000089593e-06
2.3068550002062692e-08;8.786344000254758e-08;2.5076749999425374e-06;1.7986930000188294e-06
2.12963400001172e-08;8.756316000362858e-08;2.5642679998418315e-06;1.743049500073539e-06
2.0784964998892974e-08;8.418726000236347e-08;2.518292999884579e-06;1.7391049998695962e-06
2.3218389999237844e-08;9.361510000308045e-08;2.85644699994009e-06;1.90161700011231e-06
2.0075980000547134e-08;9.414526000036858e-08;2.5422480000997894e-06;1.836811000102898e-06
2.031468000204768e-08;9.93341399997007e-08;2.9006220001610925e-06;1.7248320000362583e-06
2.0963660000415985e-08;8.559697999735363e-08;2.607261999801267e-06;1.7827350000152364e-06
2.0962340000551195e-08;9.670098000206053e-08;2.4593189998995514e-06;1.8661879999854136e-06
2.1445040000253356e-08;1.0154099999635946e-07;2.9594040001393294e-06;1.9267639999452514e-06
2.1109520000754856e-08;8.241179999895394e-08;2.474995000229683e-06;1.911462999996729e-06
2.3351869999896736e-08;1.051014499971643e-07;2.515692999877501e-06;1.7940575000829994e-06
2.004564500093693e-08;9.708064000005834e-08;2.866390999988653e-06;1.9087130000116304e-06
2.0526909999898634e-08;9.32799200003501e-08;2.927841999917291e-06;1.999807999964105e-06
2.1095390000846235e-08;9.922288000234402e-08;2.6926040000398643e-06;2.100690999941435e-06
2.1764005000295582e-08;1.0578524000011385e-07;2.486108999873977e-06;1.7004759999690577e-06
1.8387875000189526e-08;9.675705999834464e-08;2.554623000032734e-06;1.8301449999853504e-06
2.2170169997843915e-08;9.414135999977589e-08;2.5295069999992848e-06;1.8922344999737107e-06
1.959017499902984e-08;9.52610399981495e-08;3.029291999991983e-06;2.003660500049591e-06
2.284125000005588e-08;8.408008000114933e-08;2.429534000111744e-06;1.829009499924723e-06
2.1486090001417325e-08;9.034454000066035e-08;2.725079000229016e-06;1.8627375000505709e-06
1.8012790000648238e-08;1.095134400005918e-07;3.009353999805171e-06;2.2437219999847e-06
2.0510700001614168e-08;1.0098684999684337e-07;2.353935000137426e-06;1.9713970000157133e-06
2.206620499928249e-08;9.373856000020168e-08;2.539200999890454e-06;1.967665499978466e-06
2.1448890000465326e-08;1.0898414999246598e-07;2.617949999985285e-06;1.8300984999223147e-06
2.300927999895066e-08;8.83453799993731e-08;2.3952770000323653e-06;1.721615499991458e-06
2.0890605000022332e-08;9.121610000147484e-08;2.6292629999807105e-06;2.021517999964999e-06
2.144244999944931e-08;9.076549999881535e-08;2.6448270000400953e-06;1.7589429998770355e-06
1.9919450000452344e-08;8.755126000032761e-08;2.501652000064496e-06;1.951014999940526e-06
2.1835250000003726e-08;8.356267999624833e-08;2.697220999980345e-06;1.9044819999544416e-06
2.066441500064684e-08;8.627123999758624e-08;2.6217510001151822e-06;1.7218990001128986e-06
2.115142999973614e-08;1.0158334000152535e-07;2.695629000081681e-06;1.8664354999782519e-06
1.8644615000812337e-08;1.0230734999640845e-07;2.912124000140466e-06;2.0583060001081322e-06
2.2402639999927486e-08;1.0230779999983497e-07;2.831581000064034e-06;1.9431750000512695e-06
2.1890619999612683e-08;9.270786000415683e-08;2.692368999996688e-06;1.8229879999125841e-06
2.294955999823287e-08;1.0043736000079662e-07;2.5522220000857486e-06;2.020650000195019e-06
1.976375999947777e-08;8.278989999671466e-08;2.7498109999578444e-06;1.8382474999816623e-06
2.2280219999083784e-08;9.335596000310033e-08;2.6795929999207145e-06;1.878697999927681e-06
2.0461310000973754e-08;9.699165999772959e-08;2.6518790001864544e-06;1.910012000007555e-06
2.1400820001144894e-08;1.0621684999205172e-07;2.961441999941599e-06;1.8892339999729302e-06
2.190554999979213e-08;9.845647999900393e-08;2.945973000023514e-06;2.2398965001048054e-06
2.0709820000047328e-08;1.0335721999872476e-07;3.103609999816399e-06;1.8390430000727066e-06
2.193561000021873e-08;1.0436825000215322e-07;2.785425999900326e-06;1.8596240000624676e-06
2.316577000019606e-08;1.0243720000144094e-07;2.552438999991864e-06;1.8909590000112076e-06
2.1522840000397992e-08;1.0438555000291672e-07;2.8863890000502578e-06;1.848224499990465e-06
2.1060810002381914e-08;8.692160000209697e-08;2.9158550000283868e-06;2.0828170000459067e-06
2.1071779998601414e-08;1.0708885001076851e-07;2.8887590000522324e-06;1.9660300000396093e-06
2.1545980000519195e-08;9.622728000395e-08;2.3898039999767207e-06;1.8121860000246671e-06
2.016000500007067e-08;9.361032000160776e-08;2.779948000097647e-06;1.7654259999108036e-06
1.9768300000578165e-08;8.749955999664963e-08;2.3740869999164717e-06;1.7949574999511243e-06
1.9887900000321678e-08;8.967129999655299e-08;2.8195730000152254e-06;1.937585499981651e-06
2.5318310002330692e-08;9.398223999887704e-08;2.542012999765575e-06;1.8729145001270807e-06
2.0372649999626446e-08;9.269199999980629e-08;2.633594000071753e-06;1.7006015000515617e-06
1.8638870000722817e-08;1.0491133999894373e-07;2.3650769999949263e-06;1.8036870000651106e-06
2.0103140000719577e-08;9.977257999707944e-08;2.8662050000275486e-06;1.8658399999549146e-06
2.081956500041997e-08;9.078757999814115e-08;2.920365000027232e-06;1.9045599999662954e-06
2.098359999945387e-08;8.615593999857083e-08;2.614768000203185e-06;1.8652765000297222e-06
1.97714050009381e-08;1.0064939999720082e-07;2.764644999988377e-06;1.8055735000234564e-06
2.4446119999629444e-08;1.02711650004494e-07;2.5988140000845305e-06;1.758035499951802e-06
1.9522315000358502e-08;8.938114000484347e-08;2.4398470000596715e-06;1.9465979999222327e-06
1.9960590000846422e-08;9.354730000486598e-08;2.714443999866489e-06;1.8644654999661726e-06
2.298313999781385e-08;9.656229999964126e-08;2.4595229999977163e-06;1.946419500018237e-06
1.9337444999837316e-08;8.916779999854043e-08;2.5787169998511672e-06;2.030473999911919e-06
2.0676979998825116e-08;9.39559200021904e-08;2.884314999973867e-06;1.906106499955058e-06
2.058240000042133e-08;8.25838599994313e-08;2.902788000064902e-06;1.957330000004731e-06
2.435428999888245e-08;8.845870000077412e-08;2.849082999746315e-06;1.936557000008179e-06
2.053548999829218e-08;9.227667999803089e-08;2.607745999994222e-06;1.82477549999021e-06
2.0176039999932983e-08;8.695413999957964e-08;2.316251000156626e-06;1.8552395000006073e-06
1.9324285000038798e-08;9.567437999648974e-08;2.9737059999024495e-06;1.809345000074245e-06
1.8545805000758263e-08;9.248141999705695e-08;2.6708739998866804e-06;1.8049524999514688e-06
1.8601780000608414e-08;1.0174277999904007e-07;2.4537379998946563e-06;1.8517549999523908e-06
2.024027000006754e-08;9.803868000162765e-08;2.830499999981839e-06;1.797402499942109e-06
2.279497999988962e-08;8.262815999914892e-08;2.3404690000461413e-06;1.8985204999626149e-06
2.1614775000489317e-08;8.779390000272543e-08;2.469114999985322e-06;1.9394794999971053e-06
1.7414254999312105e-08;7.979901999933645e-08;2.9556100000627338e-06;1.867880000063451e-06
2.039377000182867e-08;9.756842000060714e-08;2.4909870000556113e-06;1.810474499943666e-06
1.8220044999907258e-08;8.72860400006175e-08;2.452763000037521e-06;1.8681489999289623e-06
1.8798220000462607e-08;9.712093999842181e-08;2.7457189999404363e-06;1.865749999997206e-06
2.1941900000092575e-08;9.475808000424876e-08;2.7962829999160023e-06;1.8343794999236706e-06
2.4033979998785072e-08;1.0626074999163393e-07;2.517790999845602e-06;1.9231389999913517e-06
1.7829224999877623e-08;8.660718000028282e-08;2.627091000031214e-06;1.910639999987325e-06
2.254350000002887e-08;8.326284000067972e-08;2.781210000102874e-06;2.05160049998085e-06
2.1613675000844525e-08;9.471704000025056e-08;2.9823129999567754e-06;2.0057380001526327e-06
2.1259779999672902e-08;9.332161999773234e-08;3.1881309999153016e-06;1.9294860000081827e-06
1.872812000074191e-08;1.0971514999982901e-07;3.308776000048965e-06;2.018561000004411e-06
2.111194000171963e-08;8.933639999595471e-08;3.007788000104483e-06;2.2500840001157486e-06
2.619981000025291e-08;1.0469305000151507e-07;3.004618999839295e-06;1.9780150000588037e-06
1.9950165000045673e-08;8.97251199989114e-08;3.2133010000688956e-06;1.6747214998758863e-06
2.0487475000845735e-08;9.286494000116364e-08;3.1040320001193324e-06;1.8364085000939667e-06
2.1193280001170934e-08;9.027015999890864e-08;3.2771880002110266e-06;2.057731999957468e-06
2.1634550002636387e-08;9.984654000145383e-08;2.6929959998233244e-06;1.9207065000955482e-06
2.114018499996746e-08;1.0656210000161082e-07;2.6228749999427235e-06;2.0700335000583437e-06
2.1794519998366014e-08;8.876359999994748e-08;2.699144000071101e-06;1.929085000010673e-06
2.6733830000739544e-08;8.926088000298478e-08;2.6706740001100116e-06;1.960255000012694e-06
2.080997000011848e-08;9.66143400000874e-08;3.375817000051029e-06;1.968108500004746e-06
2.273664000094868e-08;9.97501400008332e-08;2.7668209999683314e-06;1.9084830000065266e-06
2.0989330002339557e-08;1.0101814998779445e-07;2.9332930000964554e-06;1.9596810000075494e-06
2.3073779998230748e-08;8.841744000092149e-08;2.800110000243876e-06;1.9658040000649636e-06
2.4199350000708364e-08;9.286398000549526e-08;2.806070000224281e-06;1.9284044999221804e-06
2.083162000053562e-08;1.0134970000945032e-07;3.0036329998984003e-06;1.803984500002116e-06
2.4601029997575096e-08;9.208978000096977e-08;3.0441420001443476e-06;1.9246259999636094e-06
2.0599819999188183e-08;1.0004031999851577e-07;3.207895000232384e-06;1.958947499952046e-06
2.2237530001439155e-08;8.573933999869041e-08;2.8152819999377243e-06;2.1243929999764075e-06
2.2251300001516938e-08;9.677839999785647e-08;2.9136110001127236e-06;2.017758000001777e-06
2.0761340000899508e-08;9.688519999617711e-08;3.2410330002312546e-06;1.830824000062421e-06
1.903649000014411e-08;1.0988104999705684e-07;2.7467900002375244e-06;1.7023609999159817e-06
2.0371644999249838e-08;1.0376245999941602e-07;2.8105029999278488e-06;1.8333469999197406e-06
2.266144000168424e-08;8.763488000258803e-08;3.047718000016175e-06;1.932405999978073e-06
2.109700500004692e-08;8.357437999802642e-08;2.6807849999750032e-06;1.7671529999643098e-06
1.918401500006439e-08;8.937164000235498e-08;3.268009000166785e-06;1.7830975000106264e-06
2.2185880001052282e-08;9.878546000109054e-08;3.165422000165563e-06;1.8513554999663028e-06
2.1988945000339298e-08;8.486299999640323e-08;3.1178320001345127e-06;2.025361999985762e-06
2.1647009998559953e-08;9.448949999641628e-08;2.6325089999591e-06;1.8100589999812655e-06
1.8280804999812972e-08;8.588204000261613e-08;2.9345009999815375e-06;1.7755205000867135e-06
2.68381900008535e-08;1.0210994999215472e-07;2.710298000019975e-06;1.9495055000879802e-06
2.4026809999486433e-08;9.63982000015676e-08;3.3044220000738277e-06;2.0228110000607556e-06
2.0368484999926295e-08;9.13761199975852e-08;2.8250920001300984e-06;2.048936999926809e-06
2.081215000071097e-08;1.0093349999806378e-07;2.7816829999210313e-06;1.6766649999772197e-06
2.2829349999665284e-08;8.597601999645122e-08;3.0919580001500433e-06;1.8265735000022688e-06
2.2230880000279286e-08;9.481385999824852e-08;3.0963480001082643e-06;1.7472825000004377e-06
2.000615999859292e-08;9.53936000005342e-08;3.3215289999498053e-06;1.8253900000127032e-06
2.137327000091318e-08;8.777281999937258e-08;2.7484610001556576e-06;1.9327700001304036e-06
1.9299324999155942e-08;9.621275999816135e-08;2.752376999997068e-06;1.983284000016283e-06
2.4693300001672468e-08;8.561351999524049e-08;2.654741999867838e-06;1.7135770000459162e-06
1.965067499986617e-08;1.0353124998800923e-07;2.7590049998252653e-06;2.105577999900561e-06
2.1805460000177844e-08;8.674135999754071e-08;2.7582569999503903e-06;2.1194849998573774e-06
2.0379425000282935e-08;1.0187515000870917e-07;3.2212600001366808e-06;1.8463035000604578e-06
2.1570110000902787e-08;7.843584000365809e-08;3.1572739998227918e-06;1.8167515000095591e-06
2.0846064999932424e-08;8.885273999767377e-08;2.8826659999322148e-06;2.0799110000371003e-06
2.3241610001423395e-08;9.627231999766081e-08;3.014715999888722e-06;2.048135000077309e-06
1.9708324999373872e-08;1.016444999986561e-07;3.1558460000087506e-06;1.714252499950817e-06
2.164686000032816e-08;9.725880000041797e-08;2.735087999899406e-06;2.025268999859691e-06
2.1679849998326972e-08;9.683612000080757e-08;3.3324619999621064e-06;2.1127450000494717e-06
1.971229500049958e-08;9.474302000016906e-08;3.1713209999725222e-06;1.830210500047542e-06
2.299066999985371e-08;9.278774000122212e-08;3.2146089998423123e-06;1.8612825000309386e-06
2.2722680002334527e-08;9.374780000071041e-08;2.720911999931559e-06;1.892041999963112e-06
1.8920160000561736e-08;9.068244000081904e-08;2.848669999802951e-06;1.9414945000607987e-06
2.2780419999617152e-08;8.623979999683797e-08;3.055428999941796e-06;2.0701959999860265e-06
2.1600459999172018e-08;9.246890000067651e-08;3.144492000283208e-06;2.1555999998236077e-06
2.0707139998557976e-08;8.851464000181295e-08;2.8574180000578054e-06;1.806635999964783e-06
2.0530120001058094e-08;8.999822000041604e-08;2.9255769998417234e-06;1.960203500057105e-06
2.0041395000589546e-08;9.756437999894842e-08;2.8576139998040164e-06;1.9109645001299213e-06
2.0688299999164884e-08;8.908425999688916e-08;2.6959380001062527e-06;2.111746000009589e-06
1.8394450000778308e-08;9.090028000064194e-08;2.8796079999301585e-06;1.9268774999363813e-06
2.169473999965703e-08;9.389103999710642e-08;3.2061510000494308e-06;2.0024049998028205e-06
1.9448194999131373e-08;7.973928000428714e-08;3.1145239999750627e-06;1.6982809999899472e-06
1.9444259999727363e-08;9.305243999697268e-08;2.7364299999317153e-06;2.0237869999255054e-06
1.814215000049444e-08;8.381572000216693e-08;2.5661620000028053e-06;1.8663874999037944e-06
2.0247365000250285e-08;8.390409999992698e-08;2.938601000059862e-06;2.0004860000335613e-06
2.131874000042444e-08;1.0280595000949689e-07;2.9033550000167453e-06;1.9601125000917816e-06
2.0016964999376797e-08;1.0106149999774061e-07;2.900651000090875e-06;2.049068999767769e-06
2.1961569999984932e-08;9.675725999986753e-08;2.7093430000240915e-06;1.8586019999929704e-06
1.8869234999874607e-08;8.296723999665119e-08;3.0168940001749433e-06;1.916248000052292e-06
2.0284410001477225e-08;8.591014000121504e-08;2.9719409998506308e-06;1.939472000085516e-06
2.212391000066418e-08;8.371008000103756e-08;2.9727490001823753e-06;1.79685850001988e-06
1.7984929999511222e-08;8.644421999924816e-08;3.061720999830868e-06;1.8325499999627936e-06
2.4662779999198392e-08;1.0488435000297613e-07;3.077908999985084e-06;1.949606499983929e-06
2.0214710000436754e-08;8.820985999773256e-08;3.286112000059802e-06;2.0145819999743252e-06
1.886800499923993e-08;9.511189999757335e-08;3.173996999976225e-06;2.027590999787208e-06
2.1406589999969582e-08;9.378982000052929e-08;3.0223130001104438e-06;1.7543374998786021e-06
2.528118999907747e-08;1.0575565000181086e-07;2.988433999998961e-06;1.8378900000243447e-06
1.8653115000051912e-08;9.468108000000938e-08;2.9800539999268948e-06;1.891269499901682e-06
2.2669790001236833e-08;9.481828000280075e-08;2.8179629999794997e-06;1.839155500056222e-06
2.0501140001579188e-08;9.950488000176846e-08;3.2289810001384467e-06;2.0870600000489505e-06
2.1244124999793713e-08;8.897135999868624e-08;3.0204520002007486e-06;2.043905499886023e-06
2.1271530000376515e-08;9.472005999996327e-08;3.0243720000726173e-06;2.004158999916399e-06
2.2289679999812505e-08;8.404203999671153e-08;2.6247069999226367e-06;1.805560999928275e-06
2.3717059998307376e-08;9.61470999987796e-08;2.8939990000799298e-06;1.7583444999763742e-06
2.051426999969408e-08;1.0585949999222066e-07;2.714356000069529e-06;2.0582760000252166e-06
1.811704499996267e-08;1.0197495001193602e-07;2.9490499998792073e-06;1.8136920001416e-06
2.0866204999038018e-08;8.545391999650746e-08;2.9791009999462403e-06;2.0322370002395474e-06
2.0015120002790354e-08;8.940265999990515e-08;3.147884999925736e-06;1.8593495000095572e-06
2.2477215000253636e-08;8.559966000029818e-08;2.848208999785129e-06;1.8663929999456741e-06
1.874379999935627e-08;9.002763999742455e-08;3.2326569998986087e-06;1.94127099995967e-06
2.0736820000456645e-08;9.980516000068747e-08;3.0560069999773986e-06;2.0600040000863375e-06
2.1905189999961296e-08;1.0603424999862909e-07;2.967964999843389e-06;2.0816419998300263e-06
2.029397999867797e-08;9.525634000310674e-08;2.8576180001255125e-06;1.7599299999710637e-06
2.2819729999173433e-08;9.28764600015711e-08;2.65827299997909e-06;1.9697229999292177e-06
2.178483000025153e-08;9.213613999891094e-08;3.241074999968987e-06;1.895292499975767e-06
2.1735899997293016e-08;1.0492914999485948e-07;3.2378209999296815e-06;2.014433999720495e-06
1.9244139999500477e-08;9.979880000464618e-08;3.004798000038136e-06;1.909169999998994e-06
2.1735949999128933e-08;9.591549999895506e-08;3.0636990000493826e-06;2.033792000147514e-06
2.1854395000264048e-08;9.671291999984533e-08;4.183161999681033e-06;2.8148169998894444e-06
2.139229000022169e-08;8.35947799962014e-08;3.899117999826558e-06;2.719836000178475e-06
2.201597999955993e-08;8.865512000047601e-08;3.903713000181596e-06;2.910196000011638e-06
2.0837649999884888e-08;7.885664000059478e-08;4.438696000142954e-06;2.828604999813251e-06
1.9461279999813995e-08;9.904481999692507e-08;4.421360000269487e-06;2.786179999820888e-06
1.9334824998804834e-08;9.481937999953516e-08;4.571540000033565e-06;2.4873999998089857e-06
2.1678555000107734e-08;1.0330084000015631e-07;4.093367999885231e-06;2.914536999887787e-06
1.95413199995528e-08;9.654969999683089e-08;4.047322000260465e-06;2.530722000228707e-06
2.0349019998684527e-08;1.0293936000089161e-07;4.436939999577589e-06;2.7616209999541754e-06
2.038624999986496e-08;8.969227999914438e-08;4.018083999981172e-06;2.673615000094287e-06
1.8119704999844544e-08;7.64623399998527e-08;4.006099000107497e-06;2.6530659999116324e-06
1.780409999919357e-08;9.46562199969776e-08;4.041110000107438e-06;2.5087600000551903e-06
2.11282400006894e-08;8.524122000089847e-08;3.912444000015967e-06;2.419186999904923e-06
1.8022614999790675e-08;9.284225999726913e-08;4.145167999668047e-06;2.6489969997783193e-06
1.7850754999381024e-08;8.541135999839752e-08;4.090457999845966e-06;2.643296000023838e-06
2.028769500029739e-08;8.125470000086352e-08;3.9710269999341104e-06;2.620574000175111e-06
2.024237999867182e-08;9.574854000238702e-08;4.304649999830872e-06;2.8366270000697114e-06
2.0175229999586007e-08;1.0439469999982976e-07;4.740096000023186e-06;2.7648229998885654e-06
2.0615845000429546e-08;9.299406000063755e-08;4.704581999685615e-06;2.5577680001151747e-06
2.0287989999633284e-08;9.305544000235387e-08;4.2471220000879836e-06;2.8112940001301465e-06
1.919243999873288e-08;9.302008000086062e-08;4.418931999825872e-06;2.6882180001121014e-06
2.0738794999488163e-08;9.981966000050306e-08;4.366935999714769e-06;2.962984999758191e-06
2.2209619999921414e-08;8.490006000502036e-08;4.496841999934987e-06;2.6534739998169242e-06
2.4027249999926425e-08;1.063754499919014e-07;4.163292000303045e-06;3.01167900004657e-06
2.3621150001417846e-08;1.0886369999207091e-07;4.7135700000217184e-06;2.910284000099637e-06
2.2043280000798405e-08;1.0466749999613967e-07;4.127933999989182e-06;2.8206690002116373e-06
2.2632879999582657e-08;1.1467345000710338e-07;4.078377999830991e-06;2.666003000049386e-06
2.0626929998979905e-08;9.783302000141703e-08;4.419431000133045e-06;2.791616000176873e-06
1.9080165000923444e-08;9.845376000157558e-08;4.310364000266418e-06;2.53001699980814e-06
2.181533999973908e-08;1.0210666000493802e-07;5.000640000216663e-06;3.1581430000369438e-06
2.1719959998154083e-08;1.1545265000313521e-07;4.2978880001464855e-06;2.648600000247825e-06
1.97135350012104e-08;1.0021584999049083e-07;4.809165999758989e-06;2.7992480000830256e-06
2.004536000022199e-08;1.0741092000389472e-07;4.480370999954175e-06;2.957905999792274e-06
2.314627500018105e-08;1.0223454999504611e-07;4.992861999780871e-06;2.7348999999230727e-06
2.8897200000938028e-08;1.0525500000221655e-07;4.224229999817908e-06;2.5021450000349434e-06
2.3099910002201795e-08;9.58612400048878e-08;4.463934000232257e-06;2.627554000064265e-06
2.3279089998686687e-08;9.811683999723755e-08;4.213484000065364e-06;3.125348000030499e-06
2.6869389999774285e-08;1.0602079999807756e-07;4.486324000172317e-06;2.95176999992691e-06
2.3256134999974165e-08;9.648524000076577e-08;4.089334000018425e-06;3.1686660001287238e-06
2.199362000101246e-08;1.0231144999852405e-07;4.2818779998924584e-06;2.926586999965366e-06
2.3404670000309125e-08;1.0642874999030028e-07;4.260030000004917e-06;2.75865600007819e-06
2.014400999760255e-08;1.0844364999502432e-07;4.643841999932192e-06;3.039757000224199e-06
2.1821319998707623e-08;9.510963999782688e-08;4.975807999726385e-06;3.168500000028871e-06
2.4523460000636987e-08;9.821099999826401e-08;5.0911440001800654e-06;2.8543650000938214e-06
2.241247000056319e-08;1.1804904999735299e-07;4.936374999815598e-06;2.837146999954712e-06
2.4598000000696628e-08;1.0099751999950968e-07;4.41244799993001e-06;2.813532000000123e-06
2.4486790000810288e-08;1.0702136000036262e-07;4.517110000015237e-06;2.708105999918189e-06
2.253604500001529e-08;9.67103999981191e-08;4.295988000230864e-06;2.7507140001398512e-06
2.1503829999710434e-08;1.0285039999871515e-07;5.315744000254199e-06;2.81560300005367e-06
2.3940409999340773e-08;1.0893355000007432e-07;4.690321999951266e-06;2.640941000136081e-06
2.1200620001764036e-08;8.44297000032384e-08;4.058536000084132e-06;2.6216449998901227e-06
2.6541660001385026e-08;1.0409705000347457e-07;4.546664000372402e-06;3.229705000121612e-06
1.788968500040937e-08;9.311562000075355e-08;4.613034000503831e-06;2.755450999829918e-06
2.1633950000978076e-08;9.262600000365637e-08;4.8671379999723284e-06;2.8782140000839717e-06
2.322250000142958e-08;1.0582528000231832e-07;4.620497999712825e-06;2.936776999849826e-06
2.16232900012983e-08;1.0742604998813477e-07;4.434092000010423e-06;2.994878000172321e-06
1.996066499996232e-08;8.629084000131116e-08;4.565396000398323e-06;2.806083000032231e-06
2.1217050001723692e-08;1.156155999924522e-07;4.0566210000542925e-06;2.582933999947272e-06
2.210493999882601e-08;9.69533399969805e-08;5.134599999873899e-06;2.6300179999088867e-06
2.073386000120081e-08;1.1747379999724217e-07;4.518291999702342e-06;2.632417999848258e-06
2.0509400000446476e-08;1.0806137999752536e-07;4.186954000033438e-06;2.6998009998351337e-06
1.9510889999219217e-08;1.0506619999068789e-07;4.148764000274241e-06;2.7400309999939054e-06
2.067502999852877e-08;1.0861904999183025e-07;4.45062999962829e-06;2.358341999934055e-06
2.0521829999051987e-08;1.016678599989973e-07;4.029220000375062e-06;2.733932000119239e-06
2.1378779999213293e-08;1.0704990000522229e-07;4.413790000253357e-06;2.7791070000967013e-06
2.217487999878358e-08;9.408291999716311e-08;4.276043999707326e-06;2.611656000080984e-06
1.9357079999463168e-08;9.59633600024972e-08;4.871283999818843e-06;3.1274549997760914e-06
2.11272500018822e-08;1.0083849999937229e-07;4.26956599985715e-06;2.960619000077713e-06
2.0030480000423267e-08;8.646247999859042e-08;4.457280000206083e-06;2.9774380000890234e-06
2.319740999955684e-08;9.276897999807261e-08;4.265071999980136e-06;2.5077559999772347e-06
2.0099949999712408e-08;9.256487999809906e-08;5.088166000205092e-06;2.5592209998285397e-06
2.3656820000906008e-08;1.0103776000323705e-07;4.309302000328899e-06;2.6467760000377895e-06
2.120086000068113e-08;9.737674000207335e-08;4.145226000109687e-06;2.895633000007365e-06
2.3033809999469667e-08;9.425799999735318e-08;4.049280000035651e-06;3.0052670001168736e-06
2.4619089998304845e-08;1.1855964999995194e-07;4.472054000361823e-06;2.8739919999497944e-06
2.2971999997389503e-08;1.0992750000150408e-07;4.891931999882217e-06;2.7427380002336576e-06
2.8842120000626893e-08;1.1164824999286793e-07;4.8911560000851754e-06;2.8099989998736417e-06
2.67073299997719e-08;9.532315999967978e-08;4.099723999970592e-06;2.8350079999654552e-06
2.4389420000079554e-08;9.145781999686733e-08;5.2901199995540085e-06;3.070523999922443e-06
2.7638870000373573e-08;1.1396790000144393e-07;4.903238999831956e-06;2.7935210001305676e-06
2.0710599998710678e-08;1.0769219999783672e-07;4.9020420003216715e-06;2.6086660000146368e-06
2.465362999937497e-08;1.0164880000229459e-07;4.870461999671534e-06;3.332213999819942e-06
2.2763050001231023e-08;1.0460979999334086e-07;4.937607999891043e-06;2.8274009999586267e-06
2.503697999927681e-08;1.1497065000003203e-07;5.302490000030957e-06;3.1660930000361985e-06
2.2886999999172987e-08;1.0181297999806702e-07;5.236210000002757e-06;2.7091130000189877e-06
2.0205279998481274e-08;1.0783786000101828e-07;4.210054000141099e-06;2.5178520000190472e-06
2.125419999938458e-08;1.0037424000329338e-07;4.407752000261098e-06;2.939934000023641e-06
2.182302000001073e-08;1.0030539998842869e-07;4.176986000384204e-06;2.8498639998724685e-06
2.3104959999909623e-08;9.507832000381313e-08;4.3568840000079944e-06;2.6034729997627436e-06
2.083674500026973e-08;1.0218199998780619e-07;4.879562000278383e-06;2.761369000072591e-06
2.3603000000002796e-08;1.0497680000262334e-07;5.085227999952622e-06;3.0293289999826813e-06
2.2790510000777432e-08;8.276742000016384e-08;4.109793999814428e-06;2.785899000009522e-06
2.369276999961585e-08;9.432631999952719e-08;4.595341999665834e-06;2.6124250001157634e-06
1.8529765000857878e-08;1.0425864999706391e-07;4.348317999974824e-06;2.710034999763593e-06
2.1032220000051894e-08;9.82815399998799e-08;4.918583999969997e-06;2.654311999795027e-06
2.2186114999931306e-08;8.683081999770365e-08;4.584234000067226e-06;2.581621000135783e-06
2.2349299999768846e-08;1.0103690000250935e-07;4.056215999880805e-06;2.751363000134006e-06
2.0338429999537766e-08;1.0285763999563642e-07;4.925311999977566e-06;2.8365220001433045e-06
2.5386920000892133e-08;8.342623999924399e-08;4.243819999974221e-06;2.781055000086781e-06
2.538621000130661e-08;9.571780000114814e-08;4.215203999774531e-06;2.758601999958046e-06
2.2401380000519567e-08;1.0066504999122117e-07;6.007964000455104e-06;3.322854999860283e-06
2.25822500011418e-08;1.0898809999926016e-07;6.335278000333346e-06;3.2450050002080387e-06
2.005918499926338e-08;1.0446812000009232e-07;5.96436400024686e-06;2.9901600000448524e-06
2.4208399999770334e-08;1.0426370000641327e-07;6.065780000062659e-06;2.845106000022497e-06
2.499311999999918e-08;1.100295000069309e-07;5.607097999891266e-06;2.9217180001433006e-06
2.2754510000231677e-08;9.159532000194303e-08;6.184106000000611e-06;3.1510969999362713e-06
2.187129000085406e-08;1.0425134999968577e-07;5.986113999970257e-06;3.2447510000201873e-06
2.4559350000345147e-08;9.472969999769702e-08;6.137786000035703e-06;2.979504000104498e-06
2.0039539999561384e-08;9.889508000342175e-08;5.829214000259526e-06;2.883070000098087e-06
2.507795999990776e-08;9.631518000387587e-08;5.458074000198394e-06;3.3206430001882837e-06
2.24348200019449e-08;1.0339296000311151e-07;4.739231999847107e-06;2.6335250001284296e-06
2.1921705000568182e-08;1.0294169999542647e-07;6.008786000311374e-06;3.2529899998917244e-06
2.034892000083346e-08;1.0788375000993255e-07;6.295465999864973e-06;3.1509280001046138e-06
2.4403860000893474e-08;1.068486500007566e-07;5.9310080000432206e-06;3.0178329997579565e-06
2.2643660000176168e-08;1.085921499907272e-07;6.458051999798045e-06;3.2073659999878145e-06
2.1091860000160522e-08;1.0002638000296428e-07;5.968989999964833e-06;3.0022350000217558e-06
2.1781400000327266e-08;9.261942000011913e-08;5.806074000429362e-06;2.860466999991331e-06
1.856059499987168e-08;1.0206469999684486e-07;6.445322000072338e-06;2.9313869998441077e-06
2.237571500008926e-08;1.031609199999366e-07;4.914439999847673e-06;3.2162229999084957e-06
2.0821105000504758e-08;9.115908000385388e-08;5.347401999752037e-06;2.9441810000571423e-06
2.015920499979984e-08;8.956294000381604e-08;4.990768000134267e-06;2.934600999869872e-06
2.0219829998677597e-08;1.0176740000315476e-07;5.342297999886796e-06;3.0514829998719507e-06
2.1031954999489244e-08;8.916711999918335e-08;5.184945999644697e-06;3.0600460001733156e-06
2.1702270000241697e-08;8.431506000342779e-08;5.467429999844171e-06;2.9656359998625704e-06
1.8707924999762325e-08;9.414717999752611e-08;5.432339999824762e-06;2.9280329999164678e-06
2.0947765000164508e-08;9.7853419999592e-08;5.7101919996785e-06;3.145590999920387e-06
2.1076800001901576e-08;9.044252000167034e-08;5.610328000038862e-06;2.8908379998756574e-06
1.9847954998840576e-08;9.151876000105403e-08;4.993193999980576e-06;3.0229620001045987e-06
2.4034190000384116e-08;9.364004000090063e-08;5.428571999655105e-06;2.9455489999963902e-06
1.933275500050513e-08;9.123812000034377e-08;5.2442860003793614e-06;2.7953529998194428e-06
1.9733380000980104e-08;9.452072000131012e-08;5.147094000130892e-06;3.1481710000662134e-06
1.8208830000367017e-08;8.747172000003047e-08;4.8630079999566074e-06;2.752158000075724e-06
1.8854940000164787e-08;8.620643999893219e-08;5.513805999653414e-06;3.2583839999279005e-06
2.014820000040345e-08;9.214558000094257e-08;5.223695999593474e-06;2.847871000121813e-06
1.7809904999739956e-08;9.213809999637305e-08;5.535925999865867e-06;2.7945140001247638e-06
2.1259219999774358e-08;1.0090824999497273e-07;5.014710000250488e-06;2.7368380001280455e-06
1.8517240000073798e-08;8.797977999784052e-08;5.135121999774128e-06;3.020920999988448e-06
1.923287999961758e-08;9.346255999989808e-08;5.570327999885194e-06;2.6748869998846204e-06
1.8366159999277443e-08;9.511632000212558e-08;4.802256000111811e-06;2.7959600000758655e-06
1.994892500079004e-08;8.769204000127502e-08;5.769285999704153e-06;2.913741999946069e-06
1.9418289999885017e-08;9.806205999921076e-08;5.5710180004825815e-06;2.5908040002104825e-06
1.9129600000451318e-08;8.600837999838405e-08;5.382749999989755e-06;3.2413560000713914e-06
2.0248774999345187e-08;8.86938200041186e-08;5.440187999629415e-06;2.7308349998202173e-06
2.0324504999734928e-08;8.540472000022419e-08;5.553945999708958e-06;2.813333999947645e-06
2.2450819998630324e-08;9.10656200023368e-08;5.8618520002346486e-06;2.934256999869831e-06
1.931017500028247e-08;9.226001999923029e-08;5.394111999776214e-06;2.852093999972567e-06
2.206012000096962e-08;9.42858399997931e-08;5.553739999886602e-06;2.8582579997600986e-06
1.9325525000749622e-08;8.793242000392638e-08;6.174208000302315e-06;3.14124600001378e-06
2.143106000148691e-08;1.010149400040973e-07;4.845754000125453e-06;2.8509680001297966e-06
2.0285025000339373e-08;8.789777999627404e-08;5.413537999847904e-06;3.0786570001509973e-06
1.8980024999473245e-08;8.658994000288657e-08;4.95667000010144e-06;2.793346000253223e-06
1.977890499983914e-08;1.0042775000329129e-07;5.199173999717459e-06;3.0149509999318978e-06
2.1025985000596848e-08;1.00217380002141e-07;4.926357999793254e-06;3.0313009998644704e-06
1.851730500056874e-08;8.83555400010664e-08;4.8863720003282655e-06;2.679098999942653e-06
2.1200359999784268e-08;8.279304000316187e-08;5.488211999763734e-06;2.929465000052005e-06
1.6944865000550635e-08;7.901192000135779e-08;5.203031999990344e-06;2.8630449998308904e-06
1.9251100000110455e-08;9.134389999671839e-08;4.995238000410609e-06;2.732761000224855e-06
2.0886534999590368e-08;9.203187999664805e-08;5.622370000346564e-06;3.0501169999479317e-06
1.7970525000419003e-08;1.0401270000147633e-07;5.160147999995388e-06;3.054764999833424e-06
1.8897334999928718e-08;7.95137999986764e-08;4.844084000214934e-06;2.825099999899976e-06
1.9612665000022388e-08;8.280995999812149e-08;6.04687399987597e-06;2.888350999855902e-06
1.5985665000334847e-08;8.854685999685899e-08;5.059605999849737e-06;3.1322460001683794e-06
2.0893779999460094e-08;8.1090799998492e-08;5.512513999710791e-06;3.1216619999031536e-06
1.8407324999861886e-08;8.46594400005415e-08;5.328673999756575e-06;2.832547000143677e-06
1.909544500085758e-08;8.617352000437677e-08;5.302064000279642e-06;2.919490000058431e-06
2.1816810000746046e-08;9.278384000062942e-08;6.131630000309088e-06;2.911546000104863e-06
1.854279499966651e-08;9.673557999776676e-08;4.9578260001726444e-06;2.766178000019863e-06
1.8716230000427458e-08;9.411506000324153e-08;5.132020000019111e-06;2.838087000127416e-06
1.8016375000297558e-08;9.244534000172279e-08;5.334041999885812e-06;2.8349149998393843e-06
2.20375500008231e-08;9.117926000035368e-08;5.389730000169948e-06;2.6984989998163656e-06
2.0430124999256803e-08;8.64207600010559e-08;5.766090000397526e-06;2.9729620000580327e-06
1.8001430000003893e-08;8.581733999890276e-08;4.6273219998693095e-06;2.818504000024404e-06
2.1222230000421406e-08;8.329098000540399e-08;4.908775999792852e-06;3.0080440000165254e-06
1.7851594999956434e-08;8.993858000030741e-08;5.202364000142552e-06;2.9214320000028237e-06
1.9074005000584295e-08;8.956812000251375e-08;5.4014220001408834e-06;2.7672910000546837e-06
1.846576499956427e-08;8.609328000457026e-08;4.994545999797992e-06;2.963449000089895e-06
1.9946025000535884e-08;8.504001999972389e-08;5.928891999647021e-06;2.778449000034016e-06
1.8386449999525213e-08;8.791273999959231e-08;5.813261999865063e-06;2.907679000054486e-06
2.0786210001097062e-08;8.180067999637685e-08;5.191607999731787e-06;2.8112649999093266e-06
1.842274500086205e-08;8.761862000101247e-08;5.336333999875933e-06;3.0299620001460425e-06
2.1117630001390354e-08;8.894954000134022e-08;5.83273200027179e-06;2.8994969997438603e-06
2.0627989998320117e-08;8.500886000110768e-08;5.585769999888726e-06;3.0568439999478868e-06
2.1676640000077894e-08;9.166851999470964e-08;4.941398000228219e-06;2.701909000170417e-06
2.0583379999152383e-08;9.356323999818415e-08;5.535434000194073e-06;2.8727359999902547e-06
1.731683499965584e-08;8.323365999967792e-08;4.965443999972195e-06;2.7677409999887457e-06
2.4363320000702515e-08;8.955617999890819e-08;5.389862000010907e-06;2.770058999885805e-06
2.1095469998545015e-08;9.578974000178278e-08;5.23797600006219e-06;3.2372350001242013e-06
1.8734939998830667e-08;1.0180254999431781e-07;5.77910200052429e-06;2.7307789999758827e-06
2.3752734999288806e-08;9.225381999858655e-08;5.505398000241257e-06;2.8043459999025798e-06
1.9997815000533593e-08;8.861393999541178e-08;5.628361999988556e-06;3.039576000010129e-06
1.8130910000763835e-08;1.0383269999874755e-07;6.0936140001285825e-06;3.0604210001183672e-06
2.038429999956861e-08;8.949198000482283e-08;5.127928000292741e-06;3.03046799992444e-06
1.935023999976693e-08;8.625581999658607e-08;5.087868000264279e-06;3.049577999918256e-06
2.318113000073936e-08;9.883409999893046e-08;6.327879999880679e-06;3.4862420000717975e-06
2.3631590002332813e-08;9.129680000478402e-08;5.410543999751098e-06;3.0934680000063964e-06
2.130892999994103e-08;9.628906000289135e-08;5.477131999796256e-06;2.8887099999701605e-06
2.3345560001325793e-08;9.340903999982401e-08;5.255038000177592e-06;2.7842290000990035e-06
2.140703000186477e-08;9.379791999817826e-08;5.371720000403002e-06;2.9165840000496244e-06
2.1162910002749413e-08;9.235592000186444e-08;5.301524000242353e-06;2.8747380001004784e-06
2.1153130001039246e-08;8.757422000053338e-08;5.353701999993063e-06;2.988142000103835e-06
2.1127460000570863e-08;8.856267999508418e-08;6.930939999874681e-06;2.845260000030976e-06
2.0783939998364075e-08;8.733290000236593e-08;6.862843999988399e-06;2.8820690000429747e-06
1.855412000004435e-08;1.0011959999974351e-07;7.007076000445523e-06;2.9217940001399256e-06
1.811291500052903e-08;8.611859999946319e-08;7.192611999926157e-06;2.814692000101786e-06
2.251624000055017e-08;9.03619799995795e-08;6.354314000345767e-06;3.005866000021342e-06
2.0301080000353977e-08;8.806929999846034e-08;6.474296000087634e-06;2.7280289999907836e-06
2.495170999900438e-08;9.719353999826126e-08;7.391145999426954e-06;2.9965359999914655e-06
2.1200659999158234e-08;8.86519199993927e-08;6.880425999988802e-06;2.820191000064369e-06
2.0202559998142534e-08;8.757454000297003e-08;6.7959059996064755e-06;2.847671000054106e-06
2.0384690002538264e-08;1.0339619999285788e-07;7.394989999593236e-06;3.1700350000755863e-06
2.1284160000504926e-08;9.452345999889076e-08;6.879608000162989e-06;2.976691999938339e-06
1.9110945001011715e-08;8.711570000159554e-08;7.006364000262692e-06;2.894588000199292e-06
1.71684249988175e-08;1.0431614999833982e-07;7.54445799975656e-06;3.0902919999789445e-06
2.3574429997825062e-08;9.560111999744549e-08;7.751035999972372e-06;3.040440999902785e-06
2.0350664999568834e-08;8.520123999915086e-08;6.977240000269376e-06;2.9771749998326415e-06
2.2308850000263192e-08;8.904142000246793e-08;7.263525999733247e-06;2.8596700000343844e-06
2.1519600000465287e-08;9.046524000004866e-08;6.571178000303917e-06;3.0571399998734704e-06
2.2834299999522046e-08;9.055544000002556e-08;6.847115999553352e-06;2.862711999914609e-06
2.0061465000617318e-08;1.0481884999899193e-07;6.408584000309929e-06;3.329978999972809e-06
1.9303229999786708e-08;8.515642000129446e-08;6.515697999857366e-06;2.9591799998888746e-06
1.931617000082042e-08;9.185338000534103e-08;7.399938000016846e-06;3.119600999925751e-06
1.9930249999742956e-08;9.51573800004553e-08;7.006141999736428e-06;2.8695400001015513e-06
1.984490499889944e-08;8.728211999987252e-08;7.56998399971053e-06;3.159466999932192e-06
2.074203999945894e-08;9.617130000260658e-08;7.123261999804526e-06;2.8339080000296236e-06
1.8383614999765995e-08;9.983490000013262e-08;7.241490000160411e-06;3.137583999778144e-06
1.8009124998934568e-08;8.332322000060231e-08;6.560182000393979e-06;3.1831040000542996e-06
1.9778045000566637e-08;8.419297999935224e-08;7.464922000071965e-06;2.791768999886699e-06
2.1794130001217128e-08;9.280809999909252e-08;6.939287999994122e-06;2.7224540000315755e-06
2.1610810000856873e-08;9.660844000172801e-08;6.797085999860428e-06;3.000281999993604e-06
2.0495339998160488e-08;8.818200000096112e-08;6.4456079999217765e-06;3.3385629998520015e-06
1.770983000023989e-08;8.422711999737658e-08;6.710397999850102e-06;2.763832000200637e-06
2.0260499999858438e-08;9.20847799978219e-08;6.44990400003735e-06;2.8412179998122154e-06
1.9062105000193695e-08;8.940578000037931e-08;6.949365999898873e-06;2.9352690000087023e-06
2.2210500002256594e-08;9.796733999974095e-08;7.017837999737822e-06;2.916857000091113e-06
2.5533839999116026e-08;9.544651999603957e-08;6.416848000371829e-06;3.1800299999304116e-06
2.007910999818705e-08;8.953581999521703e-08;7.66191600007005e-06;2.8391779999947176e-06
1.9249684999522286e-08;8.370858000125736e-08;6.497591999941506e-06;3.0713190001551993e-06
1.754157000104897e-08;9.525802000425756e-08;6.727800000226125e-06;2.894957000098657e-06
1.921569499972975e-08;8.928744000149891e-08;6.165920000057667e-06;2.7781209998647683e-06
2.020491999865044e-08;8.45629200048279e-08;6.530915999901481e-06;3.216639999882318e-06
1.8918655000743455e-08;9.773475999827496e-08;7.4050359998364e-06;3.254505999793764e-06
1.78212650003843e-08;8.751557999639771e-08;6.796934000449255e-06;3.2664710000972265e-06
1.8294610000157264e-08;8.485820000059903e-08;6.548343999893404e-06;3.002897999831475e-06
1.7769379999663216e-08;8.783765999833122e-08;6.744401999749243e-06;2.8230980000807905e-06
2.0304729999043047e-08;8.389878000016324e-08;6.467194000142627e-06;2.8756710002198814e-06
2.005662500014296e-08;8.811172000132502e-08;6.526697999797762e-06;3.122787000029348e-06
2.1248040000500622e-08;8.737277999753133e-08;6.701174000045285e-06;2.8827310001361184e-06
1.8035495000367518e-08;9.157579999882728e-08;6.591126000275835e-06;3.1558000002405607e-06
1.8608539999695495e-08;9.02873799961526e-08;6.315585999982432e-06;2.8439650000655094e-06
1.8646115000592543e-08;9.355388000258245e-08;6.835671999724582e-06;2.879912000207696e-06
2.1863630000734703e-08;8.619555999757723e-08;6.257179999956861e-06;2.685506000125315e-06
2.0308780000777916e-08;8.556759999482892e-08;7.370364000089467e-06;3.0194740000297315e-06
2.0614819999900647e-08;8.554520000470802e-08;6.919362000189721e-06;2.9516049998346716e-06
2.1523380000144243e-08;9.243230000138283e-08;7.266661999747157e-06;2.9378949999227188e-06
2.00393899998744e-08;1.0056530000292697e-07;6.250620000064373e-06;3.0031379999127237e-06
1.81915149994893e-08;9.916990000056103e-08;7.071671999874524e-06;2.925344000104815e-06
2.2474169998895378e-08;1.035565200028941e-07;7.349962000153028e-06;3.2658369999262506e-06
2.102978000184521e-08;9.708825999987312e-08;7.555393999791704e-06;3.525184000027366e-06
2.167212000058498e-08;9.41916600044351e-08;6.674508000141941e-06;2.973704000178259e-06
1.954998000001069e-08;9.039399999892339e-08;6.659108000458218e-06;2.8140770000754858e-06
2.0776075001049323e-08;9.421652000164614e-08;6.08148799976334e-06;2.9752029999508524e-06
1.9154235000314656e-08;9.938217999879271e-08;6.787591999745928e-06;3.304035000037402e-06
2.5063560000853615e-08;8.849579999805428e-08;6.688100000028499e-06;2.8412200001184827e-06
2.005211999930907e-08;8.679704000242055e-08;6.949905999936163e-06;2.95505799993407e-06
2.017086000123527e-08;9.03245199995581e-08;6.376386000192724e-06;2.943174999963958e-06
2.0115419999638105e-08;8.872663999791257e-08;6.831137999542989e-06;3.0161709999083543e-06
1.956544499989832e-08;9.07569799979683e-08;6.669955999823287e-06;2.8005599998869e-06
2.006422999838833e-08;9.074218000168913e-08;6.939062000019476e-06;2.7289229998132214e-06
2.0574124999984634e-08;9.484065999859013e-08;6.277638000319712e-06;2.932935999997426e-06
2.0284234998689498e-08;8.931448000366799e-08;6.947108000167646e-06;2.9981699999189004e-06
2.0510084999841638e-08;1.0182555000938009e-07;6.856230000266805e-06;2.8412789999856613e-06
1.873988500010455e-08;9.100171999889426e-08;6.967065999633633e-06;3.0663999999524094e-06
2.2737900001811796e-08;8.732129999552853e-08;6.6144840000197294e-06;2.893090999859851e-06
2.093828999786638e-08;1.0354154999367892e-07;6.3018199999351055e-06;2.922575000266079e-06
2.0688959999824874e-08;8.773727999650874e-08;6.459862000192515e-06;2.993333000049461e-06
2.011400000046706e-08;8.776149999466724e-08;6.5624139999272306e-06;2.9072920000180603e-06
2.041049999825191e-08;8.623322000494227e-08;7.31245199975092e-06;3.061401000013575e-06
1.8930869999167043e-08;9.000899999518878e-08;6.645422000437975e-06;2.948727999755647e-06
2.1215760000632144e-08;1.0302120000415016e-07;7.2811839997302745e-06;2.960867999936454e-06
2.154669000010472e-08;8.611930000479333e-08;7.408617999753915e-06;3.1341979998978787e-06
2.062895999988541e-08;9.510690000024624e-08;8.5308420000365e-06;2.9454609999083913e-06
2.1891199999663514e-08;1.0485479999624658e-07;7.973526000278071e-06;3.144206999859307e-06
2.0222469998407176e-08;1.160880000097677e-07;6.994265999528579e-06;3.0409770002006555e-06
2.0255469999392518e-08;9.380857999785803e-08;7.117276000208222e-06;2.9347710000001826e-06
2.1552979998523368e-08;9.531977999722585e-08;7.16093999973964e-06;3.171143000072334e-06
1.8462585000088437e-08;8.494918000069447e-08;7.74204000015743e-06;3.023092999937944e-06
2.419981499988353e-08;1.0483849999727682e-07;6.674894000170752e-06;2.8731370001332836e-06
2.0732115001010243e-08;9.714077999815345e-08;7.158050000434741e-06;2.8891360000125134e-06
1.9303824999951758e-08;1.0546659999818075e-07;6.676214000326582e-06;2.95418099995004e-06
2.008749000087846e-08;8.805175999877975e-08;7.642288000206463e-06;2.9487280000466852e-06
2.6295810000738128e-08;1.0096640000119805e-07;6.715609999955632e-06;3.0795889999717473e-06
2.1860320000268984e-08;9.403820000006817e-08;7.406175999785773e-06;3.1264270000974646e-06
2.1168939999188297e-08;1.0000419999414589e-07;7.631352000171319e-06;3.076696000061929e-06
2.0272159998421557e-08;9.679541999939829e-08;6.888593999901786e-06;3.468001000001095e-06
2.095713999879081e-08;9.650924000306986e-08;6.874332000152208e-06;3.228540999989491e-06
2.280157000059262e-08;8.801714000292122e-08;6.900135999894701e-06;3.0645270002423786e-06
1.9402330000593793e-08;9.399931999505497e-08;7.202765999827534e-06;2.8490850000525823e-06
2.0180049998452886e-08;1.0166223999694921e-07;6.151180000160821e-06;2.8573070000857114e-06
2.033443499967689e-08;8.805128000094555e-08;6.545853999559768e-06;3.0960690000210887e-06
2.0794439999735913e-08;8.571367999538779e-08;7.0593440002994616e-06;2.97187699994538e-06
2.2881950001465155e-08;1.0288118000025861e-07;8.382928000064567e-06;2.74420600006124e-06
2.217469999741297e-08;8.367895999690517e-08;9.014204000122845e-06;3.076112999988254e-06
2.157446999917738e-08;8.388586000073701e-08;8.795902000274509e-06;3.1456699999398554e-06
2.024607999774162e-08;8.434168000239879e-08;8.70771199988667e-06;3.1356690000393427e-06
1.6957655000442172e-08;8.8315159996273e-08;7.937011999893003e-06;3.0752420000499115e-06
2.2903369998675772e-08;9.008706000167876e-08;7.534163999953307e-06;3.140331999748014e-06
2.475840499973856e-08;9.601865999866277e-08;8.66754199960269e-06;3.1049020000500602e-06
1.8976169999223203e-08;9.231807999894954e-08;8.820705999969505e-06;3.1751220001024195e-06
2.2053040002356282e-08;1.0215795000840444e-07;8.847763999947347e-06;3.240053000045009e-06
2.0251570000255013e-08;1.0120717999525368e-07;9.31140200002119e-06;3.0568290001247077e-06
1.7165295001177584e-08;8.142610000213608e-08;8.835347999702208e-06;3.1354520001332275e-06
2.595697000215296e-08;8.98062199994456e-08;8.09045999951195e-06;3.0027020000852646e-06
2.0413759999792093e-08;1.0392584999499377e-07;8.821484000072814e-06;3.2475100000738165e-06
2.280304000014439e-08;1.0228149998874869e-07;9.431023999932223e-06;3.249110000033397e-06
2.049968000210356e-08;1.0995774999901186e-07;9.092885999707505e-06;3.3151019999058916e-06
2.4078709998866544e-08;8.620082000270486e-08;9.589085999759845e-06;3.4874799998942763e-06
2.4224550000508315e-08;1.2541944999247788e-07;9.35735000006389e-06;3.1700520002050327e-06
2.4398090000613593e-08;1.0511599999153986e-07;1.0065540000214242e-05;3.7680200001341292e-06
2.249827000196092e-08;1.0687145001429599e-07;1.0802839999087155e-05;3.064336000243202e-06
2.461882999923546e-08;1.0375605001172516e-07;9.107956000370905e-06;3.09849800018128e-06
2.4555940000573172e-08;1.0910805000457912e-07;9.67036799993366e-06;3.1755019997945055e-06
2.4966859999403824e-08;1.0057369999412913e-07;1.046603499999037e-05;3.356144999852404e-06
2.1355659997789188e-08;9.308816000120715e-08;9.830211999942548e-06;3.381649999937508e-06
2.0835615000396503e-08;1.1315090001153294e-07;1.135103499982506e-05;3.166346999933012e-06
2.058679000037955e-08;1.049588500027312e-07;8.223747999873013e-06;3.104038000165019e-06
1.909080500045093e-08;9.691494000144303e-08;8.792282000067644e-06;3.1628130000899546e-06
2.313315999926999e-08;9.45021599996835e-08;8.958714000182227e-06;3.297718999965582e-06
2.48851200012723e-08;9.146943999803625e-08;1.0102989998995326e-05;3.5096009998233056e-06
2.1921489998931067e-08;8.903989999671467e-08;9.747728000511415e-06;3.4707330001401716e-06
2.6393945000017993e-08;1.0985469999723136e-07;9.465413999860174e-06;3.1293670000741258e-06
2.516847999941092e-08;1.2247430000570603e-07;1.0232248000102118e-05;3.3239029999822376e-06
2.1065860000089742e-08;1.0294567999662831e-07;9.031872000196018e-06;2.9802149999886752e-06
2.03012599988142e-08;9.997677999781445e-08;8.797067999839782e-06;3.0811740001081487e-06
2.1981680000317282e-08;1.12600750013371e-07;9.17425399995409e-06;3.2121120000374503e-06
2.4376830001710913e-08;1.0025094999582507e-07;9.972305999835953e-06;3.1936160000623203e-06
2.0683680000365712e-08;1.0483349999412895e-07;9.182760000112466e-06;3.3597240000381135e-06
2.3163019999628887e-08;1.1204497999860905e-07;9.1646259999834e-06;3.0183059998671523e-06
2.395282999787014e-08;1.1325865000253543e-07;1.1023109999950976e-05;3.191425000259187e-06
2.0730909999110734e-08;1.0199260000081267e-07;9.327525999979117e-06;3.241555000131484e-06
2.496601000020746e-08;1.0167161999852396e-07;9.411291999858804e-06;3.2545889998436907e-06
2.116591999947559e-08;1.0180330000002868e-07;9.67491399962455e-06;2.7490349998697638e-06
2.409868000249844e-08;1.0418319999007509e-07;8.39879600040149e-06;3.0736359997536056e-06
2.1361440001055598e-08;1.1027654999634251e-07;9.368152000242844e-06;3.198558000149205e-06
2.3354050001944415e-08;1.1347974999807775e-07;9.861084000440314e-06;3.316321999882348e-06
2.6447929997812025e-08;1.0958659999596421e-07;1.019473799970001e-05;3.2698409998556597e-06
2.5720430002547802e-08;1.0403622000012546e-07;9.592406000010669e-06;3.4342669998295605e-06
2.8916360001312568e-08;1.039483200001996e-07;1.0044006000389344e-05;3.3490089999395423e-06
2.5107980001484974e-08;1.1225999999442138e-07;9.419660000130534e-06;3.4431709998170847e-06
2.740720000001602e-08;1.0776115000771824e-07;8.985917999525554e-06;3.1363730001612565e-06
2.5214430000050926e-08;9.983839999767952e-08;8.830512000131421e-06;3.4411710000131278e-06
2.5560470001073554e-08;1.1217360000009648e-07;9.236050000181422e-06;2.7642809998360462e-06
2.406087999988813e-08;1.1198085000796709e-07;1.0058384999865666e-05;3.373299000086263e-06
2.099927000235766e-08;1.1447980000230018e-07;1.0395925000193528e-05;3.1489069998497144e-06
2.397353000123985e-08;8.469404000206851e-08;1.0553685000922996e-05;3.4730949997901915e-06
2.640236000006553e-08;1.1407245000009425e-07;9.256168000283651e-06;3.3929750000243076e-06
2.3258179999538698e-08;1.0304102000081912e-07;9.530089999898337e-06;3.294198000221513e-06
2.3527969999122432e-08;9.593621999956667e-08;8.293610000400805e-06;3.3079149998957293e-06
2.108308000024408e-08;1.00155200008885e-07;1.0077520000049844e-05;3.4770889999344943e-06
2.5795649999054148e-08;1.1867364999488928e-07;9.79124600009527e-06;3.177821999997832e-06
2.034918999997899e-08;1.0494590000598691e-07;9.379705999745056e-06;3.536030999966897e-06
2.2492389999388253e-08;9.645663999835961e-08;9.482243999955244e-06;3.4274349999031984e-06
2.444897000095807e-08;1.0440410001319833e-07;8.44302199955564e-06;3.2303730002604426e-06
2.7278260001912714e-08;1.0653364998870529e-07;8.46456799947191e-06;3.104165999975521e-06
2.2764110000571238e-08;1.0352808000170625e-07;9.328950000344776e-06;2.895105000061449e-06
1.8838305000099352e-08;1.0868380000465549e-07;8.636035999516026e-06;3.5382069999468515e-06
2.1114620001753794e-08;1.0873675000038929e-07;9.43528200034052e-06;3.1311180000193416e-06
2.3369009999441913e-08;1.0203179999953136e-07;1.0668484999041538e-05;3.438889000099152e-06
2.7571340001304634e-08;1.1420839998754673e-07;1.0313725999440066e-05;3.203711999813095e-06
2.515024500025902e-08;1.1915654999029357e-07;1.0757405000913422e-05;3.2972340000560508e-06
2.0980559999588878e-08;1.0019009999814443e-07;9.91941400046926e-06;3.6982979997992517e-06
2.1922679999261163e-08;1.0504029999719932e-07;8.777841999544761e-06;3.492899000120815e-06
2.6825224999629426e-08;1.0348905000137165e-07;9.565436000120826e-06;3.333935999835376e-06
2.099562000075821e-08;1.101788500091061e-07;1.051537999883294e-05;3.2155769999371842e-06
2.094121000118321e-08;1.0469399999419694e-07;9.217470000148752e-06;3.429969999997411e-06
2.2229730000253767e-08;1.0893788000103086e-07;1.073405999923125e-05;3.2352599999285302e-06
2.0397129998309536e-08;1.0288302000262775e-07;7.99297799996566e-06;3.0874999999650752e-06
2.2747959999833257e-08;9.693952000234276e-08;9.961079999920911e-06;2.9783799999859185e-06
2.0423630000732375e-08;8.429319999995641e-08;9.762125999550334e-06;2.9470040000160225e-06
2.0018320000963285e-08;9.217645999742672e-08;9.246750000165775e-06;2.9597460001241414e-06
2.2470209999301005e-08;1.0018409999611322e-07;9.158127999980935e-06;3.252641000144649e-06
2.3032139998394997e-08;8.773392000002787e-08;8.495128000504338e-06;3.1970150000415743e-06
2.0722310000564903e-08;9.287174000055529e-08;8.605154000106268e-06;3.6122610000893473e-06
2.4947129999054595e-08;1.1073690000921487e-07;9.271149999694899e-06;3.1706680002389475e-06
2.1417250001104547e-08;9.596361999865622e-08;8.564159999950788e-06;3.170205000205897e-06
2.152269500074908e-08;8.651385999983177e-08;9.438536000088789e-06;3.129948000132572e-06
2.2767829999793322e-08;8.953572000027634e-08;8.13711999973748e-06;2.9308449997915885e-06
2.0255709998309613e-08;9.459711999516002e-08;8.350434000021777e-06;2.8028430000995287e-06
1.9791745000111406e-08;9.160142000182532e-08;7.804997999919578e-06;2.794636000180617e-06
1.721885500010103e-08;9.795181999797932e-08;7.989513999782503e-06;3.1091819997527635e-06
2.065586000098847e-08;1.0517665000224951e-07;7.368047999916598e-06;3.0839289998402818e-06
1.9021400000201538e-08;8.76959800021723e-08;8.069010000326671e-06;2.9582480000681243e-06
1.8929319999006112e-08;8.36972200020682e-08;8.577468000003137e-06;3.0602109999745154e-06
2.102978000184521e-08;9.468959999503567e-08;9.162099999957718e-06;2.8393489998416044e-06
2.010620000073686e-08;1.0339208000223152e-07;8.99671799968928e-06;2.953259999922011e-06
2.3492064999300057e-08;8.885708000161685e-08;9.563045999966561e-06;3.5356899999896997e-06
2.5813819997711106e-08;1.0229994000401348e-07;8.410345999873244e-06;3.13976300007198e-06
2.4171360000036658e-08;1.0497179999947547e-07;1.0128770000301301e-05;3.0777820001821967e-06
2.154821999865817e-08;8.001051999744959e-08;8.908950000186451e-06;2.9414750001160427e-06
2.162409000156913e-08;8.677240000106394e-08;8.625936000025831e-06;3.300405999762006e-06
2.3462959998869337e-08;9.538657999946735e-08;9.427448000060394e-06;3.003970999852754e-06
2.3678460001247004e-08;9.158708000322804e-08;1.174641999969026e-05;3.1479029997717588e-06
2.7524230000562965e-08;9.683237999561243e-08;1.0138785000890493e-05;3.4713100001681597e-06
2.1543900002143346e-08;1.0496530000236816e-07;1.0465661999769509e-05;2.906039000081364e-06
1.874202500039246e-08;8.611944000003859e-08;9.51511199993547e-06;3.047591999929864e-06
1.8017654999857767e-08;8.40087799995672e-08;9.603310000384227e-06;3.0181330000050367e-06
1.931603000120958e-08;9.679205999709665e-08;1.0918480000691488e-05;3.2072260000859385e-06
2.1598249999806284e-08;8.114467999548651e-08;1.023317499930272e-05;3.4198810000088995e-06
1.995494500006316e-08;1.0166153999743983e-07;1.0729474999243394e-05;3.14053399983095e-06
2.096075000008568e-08;1.1635815000045113e-07;1.0409629999776371e-05;2.98366500006523e-06
2.6580900000408293e-08;1.019854500045767e-07;1.196602999989409e-05;3.517854000092484e-06
2.0235849998425692e-08;9.42931600031443e-08;1.035981499881018e-05;3.365160999819636e-06
2.408976999868173e-08;1.1203894999925979e-07;1.0962484999618027e-05;2.8271570001379585e-06
2.0899050001753494e-08;8.149322000099346e-08;1.0479700000723824e-05;2.9199500000686384e-06
2.5468610000098123e-08;8.470861999667249e-08;1.0226184999919496e-05;3.363868000160437e-06
1.934493000007933e-08;9.288280000328086e-08;9.012169999768958e-06;3.327430000063032e-06
1.9431725000322332e-08;9.919594000093639e-08;1.0320165001030545e-05;3.286612000083551e-06
2.0764160001999697e-08;8.557390000205487e-08;8.488494000048376e-06;2.8561920000356623e-06
1.890397499955725e-08;8.435548000270501e-08;1.0519785000360571e-05;3.0455619998974725e-06
1.9386980000126642e-08;9.139087999938056e-08;8.922143999952823e-06;3.1716450001113116e-06
1.864033500023652e-08;9.259753999649547e-08;9.599620000226424e-06;2.999731000163592e-06
1.9091065000975504e-08;9.263609999907202e-08;9.166042000288144e-06;3.0374329999904147e-06
1.756675000069663e-08;9.351000000024214e-08;8.642926000175066e-06;2.943743000214454e-06
2.070018000085838e-08;8.589188000187278e-08;9.366571999853476e-06;2.917532000283245e-06
2.0562920000520536e-08;9.97586399957072e-08;9.77303399995435e-06;2.917942000203766e-06
2.0584559999406337e-08;9.177545999991707e-08;8.944601999828592e-06;2.9397299999254755e-06
1.826800000126241e-08;1.0528775000420864e-07;9.335467999917455e-06;2.942551000160165e-06
2.0716230000834912e-08;9.214952000183984e-08;8.982790000154637e-06;3.023815999913495e-06
2.0216094999341294e-08;9.335824000299908e-08;9.458682000404223e-06;3.2561549998354165e-06
2.0387494999158663e-08;8.24192399973981e-08;9.21396600024309e-06;3.188984000007622e-06
2.0066509998287074e-08;8.572541999747045e-08;9.151983999763616e-06;2.994059000047855e-06
1.9120200000179464e-08;8.933533999952488e-08;1.1144264999893494e-05;3.239755000104196e-06
2.047216000064509e-08;8.141255999798886e-08;8.927483999868856e-06;3.251006999926176e-06
1.9431339998845944e-08;8.175039999769069e-08;9.422406000085175e-06;2.887953000026755e-06
1.6908179999154528e-08;8.805475999834017e-08;9.200134000275284e-06;3.04808699991554e-06
1.9511644999147394e-08;8.580028000287712e-08;9.590453999699093e-06;3.2004009999218397e-06
1.7485489998944105e-08;9.377583999885246e-08;1.0013380000600592e-05;2.8733189997728914e-06
2.1421384999121075e-08;9.390556000289508e-08;1.0100679998868145e-05;3.092043999931775e-06
2.4280609999550506e-08;9.145393999642692e-08;9.30612399999518e-06;2.895886999904178e-06
1.874158999999054e-08;8.542926000081934e-08;9.602238000370562e-06;2.8695910001988524e-06
2.034155000001192e-08;9.599852000246756e-08;9.141621999442577e-06;3.0441959999734535e-06
1.9673019999754615e-08;1.0104995001165661e-07;9.693020000122488e-06;3.0335260002175347e-06
1.922711499937577e-08;8.694758000201545e-08;9.102243999950589e-06;2.965797999931965e-06
2.101466000021901e-08;8.950282000005245e-08;1.0397100000409409e-05;2.962620999896899e-06
1.8141725000168662e-08;9.708539999555797e-08;9.506562000024133e-06;2.9732770001282916e-06
1.8710164999356493e-08;9.262782000005245e-08;1.0860439999669325e-05;3.283469000016339e-06
1.8183015000249725e-08;7.608856000006198e-08;1.0775265000120271e-05;2.8439950000029056e-06
1.9674339999619405e-08;8.43025200010743e-08;9.063202000106684e-06;3.385026000032667e-06
1.858529000019189e-08;8.433700000168755e-08;9.669234000029973e-06;2.9332160000922158e-06
1.9366960000479594e-08;8.873279999825172e-08;9.660532000125386e-06;3.3048169998801312e-06
2.1600489999400452e-08;9.280325999716297e-08;9.582414000178687e-06;2.9176519997417926e-06
2.0273394999094306e-08;8.874675999977626e-08;1.1158965001231991e-05;2.997114999743644e-06
2.0688485000573566e-08;9.271311999764294e-08;1.0116945000481792e-05;2.9397900000913067e-06
2.0900500001152976e-08;1.2459120000130498e-07;1.0249009999097324e-05;3.2025900000007824e-06
2.039550000044983e-08;8.836289999890141e-08;8.586939999950118e-06;3.02893900021445e-06
2.12606200017035e-08;9.017986000399105e-08;9.919996000244282e-06;3.031860000046436e-06
2.3459040001034738e-08;9.862627999973483e-08;1.0198021999676711e-05;2.9872209997847676e-06
2.193284500099253e-08;9.580131999682635e-08;8.97757200000342e-06;2.8704320001997987e-06
1.6212995001114907e-08;8.958020000136458e-08;9.4113659998402e-06;3.5351789998821914e-06
2.0649690000573173e-08;9.252176000154577e-08;1.0940284999378491e-05;3.1458040000870823e-06
2.1887889999197795e-08;9.156664000474847e-08;9.794765999540686e-06;3.1084869999904186e-06
2.23397699999623e-08;9.287109999568202e-08;9.761711999890395e-06;3.0573150000418537e-06
1.890947499923641e-08;9.169044000445865e-08;1.004572800011374e-05;3.1168959999922662e-06
2.0676364999962972e-08;8.831633999943733e-08;9.619628000073135e-06;3.2719700000598096e-06
2.1593940001912414e-08;9.165001999936067e-08;9.950059999828227e-06;3.433309999818448e-06
1.98335599998245e-08;9.498039999743924e-08;1.1824645000160672e-05;2.9324800000176765e-06
2.5876769999740646e-08;8.690679999999702e-08;1.0542244000243955e-05;3.0251730000600218e-06
2.070524500013562e-08;8.935400000191294e-08;1.085324000014225e-05;2.865522000065539e-06
1.8071855000744107e-08;1.037161999993259e-07;1.082070999982534e-05;3.304601999989245e-06
2.1564899999066255e-08;9.414298000046983e-08;9.38983800006099e-06;3.165098000026774e-06
2.293634999950882e-08;9.082123999833129e-08;1.0881715000141413e-05;3.236724000016693e-06
1.8769044999498873e-08;9.672828000038862e-08;1.0334943999769167e-05;3.399949000158813e-06
2.151964999793563e-08;1.0392560000764206e-07;1.1312924999219832e-05;3.311779999930877e-06
2.087323000014294e-08;9.232670000055805e-08;8.832221999764442e-06;3.0775449998327533e-06
2.0857630000682548e-08;1.0344960000657011e-07;9.355327999801376e-06;3.2978739999816752e-06
2.2389574999397155e-08;9.873529999749736e-08;9.676917999750003e-06;3.086544999969192e-06
2.0537579999654553e-08;7.840020000003278e-08;9.537074000108987e-06;3.3082989999093115e-06
2.026503999950364e-08;9.608026000205427e-08;9.358099999953992e-06;3.1394180000643246e-06
2.1243884999421425e-08;8.347497999784536e-08;8.597500000032596e-06;3.1382950002443975e-06
2.0040900001185947e-08;1.0355998000013641e-07;9.185801999992692e-06;3.160523000115063e-06
2.0035504999395926e-08;8.687184000154957e-08;1.058112800004892e-05;3.006753999798093e-06
2.0424960000673308e-08;1.0631309999735094e-07;1.0295456000021658e-05;3.2626400000299326e-06
2.3434950000955723e-08;1.0055927999783307e-07;1.0034215000632685e-05;3.2503899998846464e-06
2.0508050001808442e-08;9.686083999695256e-08;9.773549999808893e-06;3.114388000103645e-06
2.2941980001633055e-08;9.992614000220783e-08;9.863180000102148e-06;3.4640129999024793e-06
1.8931529999827036e-08;1.0930098000098951e-07;1.0292474999732804e-05;3.18038900004467e-06
2.1053625000058674e-08;1.0565615000086836e-07;1.0161035000055563e-05;2.994225999864284e-06
2.323984999966342e-08;9.355499999946914e-08;1.0685109999030828e-05;3.2801940001081676e-06
1.8612534999556373e-08;8.409298000042327e-08;9.740471999975852e-06;3.219696000160184e-06
2.0327040000120176e-08;9.724278000066989e-08;9.852333999588154e-06;3.04311299987603e-06
2.3157370000262745e-08;1.011047400010284e-07;9.607742000371218e-06;3.024334999790881e-06
2.0078800001647323e-08;9.439271999872289e-08;1.0101689999282825e-05;3.1916410001576876e-06
2.037406000017654e-08;9.377784000243991e-08;1.0518224000115879e-05;3.573401999892667e-06
2.3065080000378658e-08;1.0282527999952436e-07;1.0235280000779311e-05;3.1150710000656547e-06
2.549639000208117e-08;1.0009885000181384e-07;1.0366714998963289e-05;3.151670999941416e-06
2.383636999875307e-08;9.563199999975041e-08;1.0044819999893662e-05;3.0264680000254886e-06
2.277941000065766e-08;9.904864000272937e-08;9.44039000023622e-06;2.9917029998614453e-06
2.264728999871295e-08;8.574588000192306e-08;8.994309999980032e-06;3.045333999907598e-06
2.1598800001083874e-08;8.94464999961201e-08;9.803697999450377e-06;3.132974999898579e-06
2.004239999951096e-08;9.681522000464611e-08;1.0423547999816947e-05;3.076633000164293e-06
2.0540960002108476e-08;1.0004497999907471e-07;1.082100800005719e-05;2.983445999852847e-06
2.1244299999671058e-08;9.248051999602467e-08;1.2374304998957087e-05;5.936138000106439e-06
1.9826540000212845e-08;9.281462000217289e-08;1.2131909999880008e-05;5.612780000083148e-06
2.179412000114098e-08;1.0100840000086464e-07;1.206932500062976e-05;5.276333999936469e-06
2.1134789999632632e-08;9.363265999709256e-08;1.200210499955574e-05;4.799458000343293e-06
2.0684630000323524e-08;9.057493999716826e-08;1.4161484999931418e-05;5.731227999785915e-06
2.1157169999787583e-08;9.190913999918849e-08;1.1951879999833182e-05;5.8608219999587165e-06
2.2214860000531188e-08;9.331750000128523e-08;1.3571810000576079e-05;4.7775920003186915e-06
2.0924739999463782e-08;9.508997999946587e-08;1.3115149999794084e-05;5.065680000116117e-06
2.001206499990076e-08;9.607767999987118e-08;1.1919875000603497e-05;5.119453999795951e-06
1.9718219999049324e-08;9.270072000217623e-08;1.3139640000008512e-05;5.825622000265867e-06
2.0917370001552628e-08;8.919722000136971e-08;1.33358249993762e-05;5.2154839999275286e-06
2.1576130000175907e-08;9.263359999749809e-08;1.3988380000228062e-05;4.983218000270426e-06
1.984781000064686e-08;8.679019999690353e-08;1.3441705000877845e-05;5.167469999869354e-06
2.0353259998955764e-08;9.984912000363693e-08;1.3987085000553634e-05;5.820309999980964e-06
2.648759000003338e-08;9.833927999716252e-08;1.3980819999414963e-05;4.937451999867335e-06
2.002937999786809e-08;9.404727999935858e-08;1.3024975000007543e-05;5.424283999600448e-06
2.033248000079766e-08;1.02142849995289e-07;1.2085835001198575e-05;5.802906000171788e-06
2.0700850000139327e-08;9.406701999832876e-08;1.3619560000370256e-05;5.111706000170671e-06
2.141354000195861e-08;1.0232811999740079e-07;1.2630709999939427e-05;5.330979999853298e-06
2.11159200000111e-08;9.662079999689012e-08;1.3703115000680554e-05;5.116820000112057e-06
2.0701010001357646e-08;1.002000400039833e-07;1.2666275000083261e-05;4.931607999606058e-06
2.131593999802135e-08;9.89058000035584e-08;1.232084999937797e-05;5.913625999819487e-06
2.440808000101242e-08;1.0579504999623168e-07;1.2982159999955912e-05;5.069425999536179e-06
2.0988199999555946e-08;1.0319429999799467e-07;1.3256784999975935e-05;5.33651000005193e-06
2.267316000070423e-08;9.61334399995394e-08;1.2137325000367128e-05;5.191912000300363e-06
2.1363009998458437e-08;9.034117999835871e-08;1.2285030000202824e-05;5.022003999911248e-06
1.884968999947887e-08;9.254684000043199e-08;1.3282369999797083e-05;5.6494799995562066e-06
2.059579000051599e-08;9.014836000278592e-08;1.175630500074476e-05;5.5100560002028945e-06
2.0615220000036062e-08;8.843116000061855e-08;1.3141699999687262e-05;5.263175999862142e-06
1.974546999990707e-08;8.943796000094153e-08;1.33864449991961e-05;5.254291999735869e-06
2.044624999980442e-08;1.0051160000148229e-07;1.2281554999935906e-05;5.0438759999815375e-06
1.9595260001369753e-08;8.979366000276059e-08;1.2237115000607446e-05;4.771069999551401e-06
1.6890710000006947e-08;8.95526800013613e-08;1.2682150000182446e-05;5.364430000190623e-06
2.068990499974461e-08;8.496661999961361e-08;1.427103000023635e-05;4.458424000185915e-06
2.2453710000263527e-08;1.0053614999924321e-07;1.217532499867957e-05;5.525539999944158e-06
2.223291000118479e-08;9.381600000197067e-08;1.1066659999778495e-05;5.583814000128768e-06
2.275585999886971e-08;9.686898000072687e-08;1.461379500105977e-05;5.609870000043884e-06
2.127528999990318e-08;9.13324199966155e-08;1.3443910000205506e-05;4.611659999936819e-06
1.898961499973666e-08;9.169196000439115e-08;1.3315565000812058e-05;5.246036000316963e-06
1.97005750000244e-08;1.0023875000479166e-07;1.2798345000192057e-05;5.335588000016287e-06
2.0053289999486877e-08;8.752353999880143e-08;1.1779479999677279e-05;4.931185999885201e-06
2.0199699999648146e-08;9.569509999710135e-08;1.32727000003797e-05;5.728238000301644e-06
2.545681999763474e-08;8.760699999984354e-08;1.3045539999438915e-05;4.667881999630481e-06
2.387212999892654e-08;9.073305999627337e-08;1.2603674999263604e-05;5.166557999909855e-06
1.9814965000841767e-08;1.022077000088757e-07;1.2982299999566749e-05;6.178152000065893e-06
1.7969644999539013e-08;9.617295999778434e-08;1.2693209999997635e-05;5.74479800008703e-06
2.0530060000601223e-08;9.016802000114695e-08;1.4806155000405852e-05;5.135799999698065e-06
2.210571999894455e-08;1.053412000037497e-07;1.41997699989588e-05;5.451285999733954e-06
2.3097840000991708e-08;1.0984780000580941e-07;1.301264500070829e-05;5.068309999769554e-06
2.0080279998364858e-08;8.970188000239432e-08;1.3746869999158663e-05;5.108316000550985e-06
2.1758900000713765e-08;1.0374359999550506e-07;1.276569999899948e-05;5.606756000197492e-06
2.298774999944726e-08;8.400181999895722e-08;1.151473499921849e-05;5.286982000106946e-06
2.1241115000157153e-08;9.312437999760733e-08;1.4990319999924395e-05;5.537632000050508e-06
1.8327809999755118e-08;9.665619999868796e-08;1.4463884998986032e-05;5.305975999799557e-06
2.1948770000017248e-08;9.700921999756247e-08;1.400001500005601e-05;5.055044000037015e-06
2.051937999785878e-08;8.99338599992916e-08;1.432323000044562e-05;5.1860139996279035e-06
2.0030870000482538e-08;8.762967999791727e-08;1.224767000094289e-05;5.443261999753304e-06
2.009144000039669e-08;9.190269999671728e-08;1.2547365001228173e-05;5.847209999919869e-06
2.2890849999384953e-08;9.29980999964755e-08;1.2460749999445398e-05;5.663240000139922e-06
1.821025500103133e-08;9.225286000291817e-08;1.4840540000295732e-05;5.079929999774322e-06
1.9682249998732006e-08;9.895255999872461e-08;1.3218544999836013e-05;5.611876000184566e-06
2.0300005000899547e-08;9.452645999845117e-08;1.2011689999781082e-05;5.182377999881283e-06
2.2155990000464955e-08;9.598999999579974e-08;1.3198064999596681e-05;5.74257000000216e-06
2.1708429999125657e-08;8.915259999921546e-08;1.2797169999976176e-05;4.989628000184893e-06
1.8923099999665282e-08;9.185339999967255e-08;1.4647740000509656e-05;5.768813999602571e-06
2.0767570001771675e-08;1.0623065000982024e-07;1.4788479999697302e-05;5.011717999586836e-06
2.182360000006156e-08;8.828592000063509e-08;1.2726285000098868e-05;5.45161799993366e-06
1.883449000015389e-08;9.087486000498756e-08;1.2871039999299682e-05;5.37209200032521e-06
2.0435939999879337e-08;9.157379999523982e-08;1.1944154999218882e-05;4.650766000268049e-06
2.2249369998462498e-08;9.154210000415333e-08;1.3371180000831373e-05;5.460843999753706e-06
2.3778350002248772e-08;8.768278000061401e-08;1.39395299993339e-05;5.137144000036642e-06
2.133639999956358e-08;8.747182000079192e-08;1.2919764999242033e-05;5.279566000099294e-06
1.9738760001200717e-08;8.212704000179656e-08;1.2505319999763742e-05;4.865844000014476e-06
1.9663540000328793e-08;8.591337999678217e-08;1.4678749999438879e-05;5.044615999795496e-06
2.0213890000013635e-08;9.488600000040605e-08;1.3282529999560211e-05;4.992068000137806e-06
2.0546704999287613e-08;9.554192000068725e-08;1.2266280000039843e-05;4.930158000206575e-06
2.2225709998747334e-08;1.0219969999743626e-07;1.3106960000004619e-05;5.1363119995221495e-06
2.0844280000892466e-08;9.03217799961567e-08;1.284386000043014e-05;5.242981999763288e-06
2.0277870001154952e-08;9.15478999959305e-08;1.2875694999820553e-05;5.2817040000809356e-06
2.238162999856286e-08;8.991360000218264e-08;1.3169400001061149e-05;4.975715999607928e-06
2.046621000044979e-08;9.350506000337191e-08;1.2445604999084026e-05;5.3743399999802936e-06
1.8545229999290314e-08;9.031643999624066e-08;1.1837385001126676e-05;5.097377999918535e-06
1.6747324999596457e-08;9.28565800015349e-08;1.2298839999129997e-05;5.506828000070527e-06
1.884575500007486e-08;9.47788399993442e-08;1.3142644999607e-05;5.193498000153341e-06
1.7856499999470543e-08;9.515442000119947e-08;1.2234474999422674e-05;5.143311999854632e-06
1.832509499945445e-08;8.431098000146448e-08;1.364072500000475e-05;4.753584000281989e-06
1.9600359999458305e-08;9.094544000108727e-08;1.2845370000286494e-05;5.176374000147916e-06
2.104704000230413e-08;8.439804000081495e-08;1.3406000001123174e-05;4.886736000189558e-06
1.7182159998628775e-08;8.990348000079394e-08;1.1961999999766703e-05;5.45717999979388e-06
1.921295500069391e-08;9.008642000262626e-08;1.1698315000103322e-05;4.554316000430844e-06
2.0339619999867863e-08;1.0053559999505523e-07;1.2478235000162386e-05;4.931286000064574e-06
2.2143530001631007e-08;7.862569999997504e-08;1.2072759999136907e-05;5.242767999880016e-06
2.0139205000305082e-08;8.786193999694661e-08;1.2061384999833536e-05;5.230328000034205e-06
2.2043694999592846e-08;9.406921999761835e-08;1.3800679999985733e-05;5.501301999902353e-06
2.2087459999602287e-08;1.031652999954531e-07;1.273356000019703e-05;5.416082000010647e-06
2.2563120000995694e-08;9.175823999685235e-08;1.3053490000311285e-05;5.150902000023052e-06
1.9661269999051002e-08;9.313663999782875e-08;1.3193889999820385e-05;4.976633999613114e-06
2.055502500006696e-08;8.696322000469082e-08;1.4166685000236612e-05;5.190113999997265e-06
2.4161610001465307e-08;1.0194096000050195e-07;1.2757155000872445e-05;5.5018479999853294e-06
2.0273369998903944e-08;9.14078800007701e-08;1.2929549999535085e-05;5.553624000167474e-06
1.9126479999977163e-08;8.797668000333943e-08;1.976612500002375e-05;5.0775980000616986e-06
1.9495249999454247e-08;9.440986000117845e-08;1.8062145001022146e-05;5.183362000389025e-06
2.059189499996137e-08;9.399729999713599e-08;1.9378344999859108e-05;5.76426999992691e-06
1.8336165000800975e-08;8.834613999933936e-08;1.7822940000041855e-05;5.353853999986313e-06
2.0450589999381918e-08;1.0413050000206567e-07;1.858906499983277e-05;5.626359999878332e-06
2.0345900001120754e-08;9.186354000121355e-08;1.6839354998955968e-05;5.897121999878436e-06
2.082829999853857e-08;1.0181738000246696e-07;2.022608000115724e-05;5.708123999647796e-06
1.866003499890212e-08;9.060111999860965e-08;1.8133710000256542e-05;5.304272000212223e-06
2.0260369998868555e-08;9.541808000067249e-08;2.1061390000977555e-05;6.072876000544056e-06
2.057395000010729e-08;1.026041000004625e-07;2.125279000028968e-05;5.545411999919452e-06
2.0699380000587554e-08;9.344035999965854e-08;2.0313599999644793e-05;6.060240000369959e-06
2.2986859999946317e-08;1.0173950000316836e-07;2.1660790001624264e-05;5.518421999877319e-06
2.4860009999247268e-08;1.0255137999774888e-07;1.9323314999928696e-05;5.619233999750577e-06
2.116066000016872e-08;8.921034000231885e-08;2.1275549998972566e-05;5.221831999951974e-06
2.090848499938147e-08;9.796331999823452e-08;1.7577080000774002e-05;6.043117999797687e-06
2.4158189998706804e-08;8.738175999606029e-08;1.8938080000225456e-05;6.185278000193648e-06
2.03789550010697e-08;1.0222739999881014e-07;2.3200699998415076e-05;6.8905659997835755e-06
2.318841000087559e-08;1.1132035001355689e-07;1.8341654998948796e-05;5.765717999893241e-06
2.3800610000034795e-08;9.097540000220761e-08;1.9160705000103915e-05;5.552523999940604e-06
2.1047709998674692e-08;9.705685999942943e-08;2.0749749999959023e-05;5.757617999915965e-06
2.4368059998960233e-08;1.0378879999625497e-07;2.0377875000122e-05;6.028586000320501e-06
2.504602000117302e-08;1.0115090000908821e-07;2.1652919999905863e-05;5.7752639998216185e-06
2.1430779999354853e-08;8.641284000477754e-08;1.9956604999606497e-05;6.090841999975965e-06
2.5260669999988748e-08;1.1286244999791961e-07;1.7773005001072308e-05;6.012530000298284e-06
2.2898019998683596e-08;9.32310200005304e-08;2.308713000093121e-05;5.774457999505103e-06
2.103468000132125e-08;1.0430430000997148e-07;2.0239244999538642e-05;5.904295999789611e-06
2.2430450000683778e-08;1.0040304998983629e-07;1.934696999960579e-05;5.53336400014814e-06
2.05598899978213e-08;9.796733999974095e-08;2.06131999992067e-05;6.605206000385806e-06
2.168655999994371e-08;1.0411540000350215e-07;2.1045569999841973e-05;5.748992000008002e-06
1.7986080000991934e-08;1.0361659999762197e-07;2.0323980000102893e-05;6.031240000156686e-06
2.083573500131024e-08;9.320455999695695e-08;2.0089885000197682e-05;5.038260000292211e-06
2.036990000051446e-08;1.012044400034938e-07;2.1736030001193285e-05;5.364942000014708e-06
2.341430999804288e-08;1.0726304000127129e-07;2.346714999875985e-05;6.0597640002379195e-06
1.8998094998823944e-08;1.1631135000789072e-07;2.2911040001781657e-05;5.821913999971003e-06
2.529917000210844e-08;1.0924535000231116e-07;2.1353189999354073e-05;5.957156000076793e-06
2.4253310001222416e-08;9.706503999768756e-08;1.971536999917589e-05;5.811920000123791e-06
2.4245180000434628e-08;1.0254140000324697e-07;2.0943720001378098e-05;5.497623999835923e-06
2.3686720000114292e-08;9.661593999480829e-08;2.025007000047481e-05;6.062566000036896e-06
2.0873280000523663e-08;1.0380609999992885e-07;2.03682099992875e-05;5.915188000071794e-06
2.1098360000178218e-08;9.215519999852404e-08;2.0698350001475773e-05;6.143214000039734e-06
2.307876000122633e-08;8.713964000344277e-08;2.0970639999723062e-05;6.236591999768279e-06
2.281168999907095e-08;1.1086810000415426e-07;2.2406179999234154e-05;6.071234000264667e-06
2.1448070000042206e-08;1.059774000023026e-07;1.8037739999999757e-05;6.304434000048786e-06
2.0883869999670423e-08;1.0788440000033006e-07;2.3243159998673945e-05;5.8370139996986834e-06
2.1902439999394118e-08;1.0641111999866552e-07;1.8890739999187646e-05;5.371864000335336e-06
2.0700759999454022e-08;9.47319199971389e-08;1.9343040000239853e-05;5.847260000300594e-06
2.288655999873299e-08;1.1258590000215917e-07;2.092848500033142e-05;5.884781999629922e-06
2.3216330001014286e-08;1.0891900000569877e-07;1.8448074998741504e-05;5.8977080002659934e-06
2.351508499996271e-08;9.595170000102371e-08;2.387014999985695e-05;6.171052000136114e-06
2.3826830000325573e-08;9.667562000104226e-08;2.0744930001092145e-05;6.587339999969117e-06
2.5563169998349622e-08;1.0576915000274312e-07;2.2007170002325437e-05;5.709613999933936e-06
2.2286115000315476e-08;9.631833999883384e-08;2.2224430000642314e-05;6.329892000067048e-06
2.6056120000430382e-08;1.0784029999922496e-07;2.1366189999389464e-05;5.731432000175118e-06
2.2172750000027008e-08;1.166270399990026e-07;2.156344999966677e-05;5.621414000052027e-06
2.8321280001546258e-08;1.0717860001022927e-07;2.330882000096608e-05;5.605966000002809e-06
2.0984559999487827e-08;9.70002599991858e-08;2.0192419999511914e-05;5.774190000374802e-06
2.0428450001054444e-08;9.477165999705903e-08;2.1786989999236538e-05;5.68572599964682e-06
2.382025999831967e-08;1.0922204999951646e-07;2.1274519999860787e-05;6.062771999859251e-06
2.0623239999986255e-08;1.0796297999913804e-07;2.0617479999782518e-05;5.026450000004843e-06
1.6606239999237006e-08;9.304657999891787e-08;1.5786264999769627e-05;6.539089999860152e-06
2.2426449999329633e-08;9.339384000049905e-08;2.0838120000553317e-05;6.134832000243477e-06
2.1604980001575313e-08;1.1217843999620527e-07;2.216208000027109e-05;5.923023999785073e-06
2.03095700009726e-08;8.967890000203624e-08;2.097078000078909e-05;6.147952000028454e-06
2.4031499997363427e-08;1.1429539999517146e-07;2.1911809997982347e-05;5.700665999902412e-06
2.0358185000077357e-08;1.0966265000752174e-07;2.0768360000511167e-05;5.982490000315011e-06
2.091124000144191e-08;1.136166799988132e-07;2.0253869998850858e-05;5.378554000053555e-06
2.743383000197355e-08;1.041823600011412e-07;1.8577699999150355e-05;5.986337999929674e-06
2.2833809998701327e-08;9.760991999646648e-08;1.862472999928286e-05;5.6738600000971925e-06
2.2078140001394785e-08;8.736465999973006e-08;2.208805999980541e-05;5.771652000257745e-06
2.1185649998369627e-08;9.789056000299752e-08;2.3044879999361e-05;5.8915020001586525e-06
2.5605639998684636e-08;1.1411064999992959e-07;2.2297465000883678e-05;5.487878000130877e-06
2.225544999819249e-08;1.1075125000206753e-07;2.325717999774497e-05;6.535013999673538e-06
2.641453000251204e-08;1.1295709999103565e-07;2.411277000210248e-05;6.540944000007585e-06
2.2688149998430163e-08;9.100156000349671e-08;2.351345999923069e-05;6.8133200000738725e-06
2.471331000269856e-08;1.2145844999758992e-07;2.1233360000769607e-05;6.391183999949135e-06
2.558110999816563e-08;1.0149314999580383e-07;2.427603999967687e-05;6.341183999902569e-06
2.6957030000630766e-08;1.0581974999513477e-07;2.2317770001245663e-05;7.054555999930017e-06
2.5755855000170415e-08;1.0543624999991152e-07;2.2588489999179728e-05;5.8216019999235865e-06
2.4680970000918023e-08;1.0591390000190586e-07;2.3749809997389094e-05;5.484448000206612e-06
2.5222900000517257e-08;9.921789999934845e-08;2.2753925000142773e-05;5.819964000256732e-06
2.447258000029251e-08;1.0780304999207147e-07;2.0324669999536127e-05;6.321886000223458e-06
2.0161484999698585e-08;9.096967999939807e-08;1.9885419998900032e-05;6.555661999736912e-06
2.543362000142224e-08;1.1241924999922048e-07;2.039451500022551e-05;5.987263999995775e-06
2.0319904999632853e-08;9.943159999675117e-08;2.051614499941934e-05;5.3187420003814624e-06
2.0625429999199695e-08;9.300640000146813e-08;2.1563310001511125e-05;5.458476000349037e-06
2.468154000089271e-08;1.210317499935627e-07;2.093899000028614e-05;5.818359999684617e-06
2.3564979998627677e-08;1.1216995000722818e-07;2.0849590000580065e-05;5.492394000175409e-06
2.306328999984544e-08;8.771710000000894e-08;2.1263779999571852e-05;5.638950000284239e-06
2.17507299996214e-08;1.0918660000606906e-07;2.2145529999397694e-05;6.17484999995213e-06
2.134967999882065e-08;9.661499999929219e-08;2.183093000203371e-05;5.630180000443943e-06
2.1320105000631885e-08;8.37035599979572e-08;2.141020999988541e-05;6.3563299999805166e-06
2.3169380001490936e-08;9.646458000061102e-08;2.0158095000078902e-05;5.944304000004195e-06
2.1123019998776725e-08;1.0536537999869325e-07;2.244829999981448e-05;6.6391920001478865e-06
2.3541339999064804e-08;1.0611574999347795e-07;2.0353389999945648e-05;6.577638000017032e-06
1.992117500049062e-08;1.0847029999422375e-07;2.1197830000892282e-05;6.488464000285603e-06
2.6805039998725987e-08;1.042103999934625e-07;2.112859000044409e-05;6.2522459996398535e-06
2.316071999957785e-08;1.0750100000586826e-07;2.0695659998455086e-05;6.315832000109367e-06
2.006083999876864e-08;1.104590500035556e-07;2.2444729998824187e-05;6.129070000024512e-06
2.2420979998423718e-08;1.0234829998807981e-07;2.2633169998880477e-05;5.193703999975696e-06
1.8959154999174643e-08;1.0504840000066906e-07;2.339728999941144e-05;5.8717720001004635e-06
2.2221819998230784e-08;9.833704000338913e-08;3.082809000043198e-05;6.20608999975957e-06
2.1047449999605307e-08;1.0397452000179328e-07;3.13280800008215e-05;6.115153999999165e-06
2.2064250000403262e-08;8.993761999881826e-08;2.7150670002447443e-05;6.0533880000002685e-06
2.1210880001308397e-08;9.668024000129662e-08;3.292495999776292e-05;6.526756000239402e-06
2.258620999928098e-08;1.0161727999802678e-07;3.105622000002768e-05;5.199093999690377e-06
1.955135500029428e-08;1.0525309999939055e-07;3.457612000056542e-05;5.689171999692917e-06
2.1907749999081717e-08;9.770185999805108e-08;3.4103199999663046e-05;6.043460000073537e-06
2.2178209997946398e-08;1.0635649999312591e-07;3.1220320001011714e-05;5.955297999898903e-06
2.1468979999190196e-08;7.950022000004538e-08;2.808828999986872e-05;5.9547559998463836e-06
2.113293000147678e-08;9.144704000209458e-08;2.798416999867186e-05;5.616164000239223e-06
2.568685000005644e-08;1.0154464999504852e-07;2.7300040001864545e-05;4.942090000258759e-06
1.9618630000331904e-08;9.08657799998764e-08;3.1094070000108334e-05;5.051283999928273e-06
1.833418000023812e-08;9.765054000308737e-08;3.00397899991367e-05;5.935623999685049e-06
2.0127810002304613e-08;9.804113999707624e-08;2.7671639999607577e-05;5.516306000063196e-06
2.1934460000193214e-08;1.115661500080023e-07;2.8893490001792088e-05;6.29023400018923e-06
2.0951529999729244e-08;8.812213999917731e-08;2.708373999921605e-05;5.9679520002100614e-06
2.0350999999209306e-08;1.0065707999747247e-07;2.7811720001045613e-05;5.659283999702894e-06
1.7855034999956842e-08;1.0031677999650128e-07;2.345723999897018e-05;5.677127999952063e-06
2.1064779997686855e-08;9.366813999949954e-08;2.5064949999796226e-05;6.013334000017494e-06
2.177345500094816e-08;1.0008861999958754e-07;3.245444000058342e-05;6.4390980004100125e-06
2.2849975001008715e-08;9.834324000403285e-08;2.733932999835815e-05;6.665172000066377e-06
2.1390199998859317e-08;8.794769999803975e-08;3.0708299999241714e-05;6.1224340001354e-06
2.15744299988728e-08;1.0853389999829232e-07;2.7169599998160266e-05;5.77612399996724e-06
1.853333999897586e-08;9.617147999815642e-08;3.2422789998236115e-05;6.243541999720037e-06
2.134189999778755e-08;1.0248030000366271e-07;2.638507999945432e-05;5.7986260001780465e-06
2.11999149993062e-08;9.335910000372677e-08;2.6106049999361856e-05;6.222414000076242e-06
2.282648000109475e-08;9.489941999781877e-08;3.093204000033438e-05;5.795366000384092e-06
2.0464860001811757e-08;1.071941499976674e-07;2.9130650000297463e-05;6.577821999671869e-06
2.0468339999206364e-08;9.608721999684349e-08;3.1703410000773144e-05;5.4378160001942885e-06
2.017154500063043e-08;8.314765999675729e-08;2.548245000070892e-05;5.663287999923341e-06
2.0362709999608342e-08;9.505046000122093e-08;2.8364340000553057e-05;6.0603500000434e-06
2.242891000059899e-08;9.021715999697336e-08;3.1899020000128073e-05;5.731946000014432e-06
2.4480159999802707e-08;1.0939749999670312e-07;2.89587000006577e-05;5.3523400000995025e-06
2.1227440002257935e-08;1.0172004000050948e-07;2.6984140000422484e-05;6.592202000319958e-06
2.162619000009727e-08;9.04205200029537e-08;3.52058099990245e-05;6.250333999632858e-06
2.0074090000707657e-08;9.523207999882288e-08;2.8207039998960683e-05;5.7298900000751015e-06
2.1579449999262577e-08;9.821286000078544e-08;2.6064960000803695e-05;5.320104000275023e-06
2.2519789999932984e-08;9.301702000084333e-08;2.9478470000321978e-05;5.85222200024873e-06
2.4500170000828804e-08;9.884073999710381e-08;3.2203690000460485e-05;5.868524000397883e-06
2.1643340002628975e-08;7.997376000275835e-08;2.62147899979027e-05;5.764670000062324e-06
2.05214799992973e-08;9.855508000473492e-08;2.7867369999876247e-05;6.080711999675259e-06
2.1798379998654127e-08;1.0395019999123178e-07;3.118407000147272e-05;6.399634000263177e-06
1.9692859999486246e-08;9.48614599998109e-08;3.068621999991592e-05;5.793024000013247e-06
2.4109759999555534e-08;9.839282000320964e-08;2.9854230000637472e-05;5.860680000041611e-06
2.1361160001833922e-08;9.983287999639288e-08;2.472099000005983e-05;6.830105999833904e-06
2.4337919999379664e-08;9.849872000049799e-08;2.9920569999376313e-05;5.6169279996538535e-06
2.0196360000409186e-08;1.0272819999954663e-07;3.0406480000237935e-05;5.459538000286557e-06
1.8486935000692027e-08;8.786911999923177e-08;3.235685999970883e-05;5.981778000132181e-06
2.1052760002203284e-08;1.0044819999893661e-07;3.29338400013512e-05;5.4139099997701125e-06
1.7539225000655277e-08;8.64761000033468e-08;2.7466159997857175e-05;5.5518020002637055e-06
2.3781005000637377e-08;9.870998000260442e-08;3.0260779999662192e-05;6.033212000038475e-06
2.005397000175435e-08;9.956658000010066e-08;3.2473640001262536e-05;5.745436000288464e-06
2.2405230000731534e-08;1.0514231999986805e-07;2.9432200000155718e-05;5.706453999737278e-06
2.1431909999228082e-08;9.874339999514632e-08;2.921377000166103e-05;5.803351999493316e-06
2.2990479998406953e-08;1.0077859999728389e-07;2.8518559999065474e-05;5.671226000413299e-06
2.2517839999636635e-08;8.330200000200421e-08;2.9492709998157805e-05;5.886079999618233e-06
1.8501549999928103e-08;9.526001999620348e-08;3.129198999959044e-05;5.700723999761976e-06
2.112772499967832e-08;1.0120920000190381e-07;2.7714900000137278e-05;4.922851999872364e-06
2.1866669997689315e-08;9.934397999895737e-08;2.954450999968685e-05;5.8393079997040335e-06
2.0394999999552967e-08;9.518697999883443e-08;2.9145200000493786e-05;6.047557999845594e-06
1.8175499999779278e-08;1.0113345000718255e-07;3.08270999987144e-05;5.459757999633439e-06
2.0045149998622946e-08;1.010524199984502e-07;3.109675000014249e-05;5.393272000364959e-06
2.0284320000791924e-08;9.220680000144057e-08;2.7537599997594954e-05;6.499733999953605e-06
1.971785999921849e-08;8.963841999648139e-08;2.9510359998675994e-05;5.481904000043869e-06
2.0043100000475535e-08;7.991183999693022e-08;2.743457999895327e-05;5.266518000280484e-06
2.078378000005614e-08;1.2106740000308492e-07;3.3786780000082215e-05;5.691136000095867e-06
2.6624689999152906e-08;1.0541760000342037e-07;2.7776329999323935e-05;6.068481999682262e-06
2.284823000081815e-08;1.0580974000040442e-07;2.8823979999287987e-05;6.199886000249535e-06
2.6739865000126883e-08;1.0246163999545388e-07;3.143598999886308e-05;6.669593999977223e-06
2.1955390000948682e-08;9.557520000380464e-08;2.9834089998621493e-05;5.4754980001598595e-06
2.359060999879148e-08;1.0317314999701921e-07;3.350724999909289e-05;6.8308559997240085e-06
2.3717670000041834e-08;1.0882337999646551e-07;3.0460480001056568e-05;5.825577999930829e-06
2.4759019998600705e-08;1.0252040000341366e-07;3.10473199991975e-05;6.340397999738343e-06
2.198793999996269e-08;9.346759999752977e-08;2.8767980000702663e-05;5.654532000189647e-06
2.0310260000405833e-08;1.0634765001304913e-07;3.053471999883186e-05;5.329410000122152e-06
2.2279810000327415e-08;1.094974200008437e-07;3.0990330001804976e-05;6.126231999951415e-06
2.280215000064345e-08;1.0473988000303506e-07;3.043020000040997e-05;5.743340000044555e-06
2.1426985001016875e-08;8.72592200001236e-08;3.1719540001358834e-05;5.864311999757774e-06
2.3302060001879e-08;1.0700060000817757e-07;2.966110999986995e-05;5.932347999769263e-06
2.0477130002109334e-08;8.872262000222691e-08;2.8482859997893685e-05;5.800620000227354e-06
2.1204350001062267e-08;9.751258000032977e-08;2.7368730001035145e-05;5.7262639998225495e-06
1.950256999989506e-08;1.0186914999212605e-07;3.0387639999389648e-05;5.321074000094086e-06
2.295721999835223e-08;9.253803999745287e-08;3.0429610001738184e-05;5.6147219997365024e-06
2.0867469999939204e-08;9.181012000190094e-08;2.7550159997190348e-05;5.522320000454783e-06
2.2392230000696145e-08;8.976544000324793e-08;2.7035129998694173e-05;5.551067999913357e-06
1.9106700000702403e-08;8.460577999940142e-08;3.069835999922361e-05;5.76494199980516e-06
1.9481725001242012e-08;1.0243221999844537e-07;2.466882999869995e-05;6.026028000051156e-06
2.0564770000055433e-08;1.0829020000528544e-07;2.563928000163287e-05;6.235838000429794e-06
2.1701439999742434e-08;1.0046621999936179e-07;3.177861000003759e-05;6.51936599984765e-06
2.1941494999919085e-08;9.736775999772363e-08;2.6072099999873898e-05;6.004180000163615e-06
2.207254999957513e-08;1.2232675000268502e-07;3.161982000165153e-05;5.845334000186995e-06
2.4095629999646917e-08;1.0171840000839438e-07;3.297671999898739e-05;6.400471999659203e-06
2.0749989998876117e-08;1.2666820001322776e-07;2.7495550000458026e-05;6.491883999551646e-06
2.4774779999279418e-08;1.0348200000589714e-07;2.9200630000559613e-05;6.276302000042051e-06
2.7880420000292362e-08;9.558221999905072e-08;3.112333999888506e-05;6.001455999794416e-06
2.2632289998000486e-08;1.0933650001243223e-07;3.384483999980148e-05;5.777010000310838e-06
2.1400690000155008e-08;1.0864896000130103e-07;3.356678000127431e-05;6.237457999959588e-06
2.1842955000465737e-08;9.696484000305645e-08;3.393797000171617e-05;5.691526000155136e-06
2.151040000026114e-08;9.307993999682367e-08;2.5554480002028867e-05;5.26090600003954e-06
1.9812965000164694e-08;1.030676499940455e-07;2.893530000001192e-05;6.136451999773271e-06
2.0721039999625645e-08;1.0072098000091501e-07;4.627027999958955e-05;6.45598599978257e-06
2.2824349999427795e-08;9.418984000221826e-08;4.3627360003301876e-05;5.953621999942698e-06
2.0949370000744238e-08;9.999985999893397e-08;4.238697999971919e-05;6.765267999726348e-06
2.376360000052955e-08;1.0088957999832928e-07;4.821904000127688e-05;6.276690000086091e-06
2.2519140000804327e-08;1.1635105000459589e-07;4.815392000018619e-05;6.272642000112682e-06
2.49866900005145e-08;1.0178825000184587e-07;4.32143600017298e-05;6.537964000017383e-06
2.2285020002163948e-08;9.220094000338576e-08;4.700516000157222e-05;6.645616000168957e-06
2.128710999968462e-08;1.001622000039788e-07;4.000644000479951e-05;6.376951999845914e-06
2.1149059999152086e-08;1.0840555999893695e-07;4.489558000350371e-05;5.7804880000185226e-06
2.288051999930758e-08;9.812470000470057e-08;4.857130000018515e-05;6.26890400017146e-06
2.538596999947913e-08;9.16469199990388e-08;4.1529740003170444e-05;5.593229999649338e-06
1.9985994999296962e-08;9.488131999969483e-08;4.081655999762006e-05;5.70839199994225e-06
2.1722130000125618e-08;1.0301500000059605e-07;4.4822439999552444e-05;6.0308380000060424e-06
2.0630550000350923e-08;1.056356400018558e-07;4.655052000307478e-05;6.234133999678306e-06
2.2897749999538063e-08;1.0652795999776573e-07;4.2027419997612016e-05;6.423596000531688e-06
2.0712719997391104e-08;8.699110000161454e-08;4.332228000275791e-05;5.877368000219576e-06
2.574717000243254e-08;1.1161432000226341e-07;4.379206000012346e-05;6.584859999711625e-06
2.0801669999491423e-08;1.0540232000057585e-07;4.3197520001558584e-05;6.823958000168204e-06
2.0975259999977426e-08;1.2156440000399017e-07;4.417265999945812e-05;6.011668000137433e-06
2.1821320001618005e-08;9.8922719998518e-08;4.5804040000075474e-05;6.946765999891795e-06
2.092040000134148e-08;1.028671500098426e-07;4.5232899999246004e-05;6.010170000372455e-06
2.205674000142608e-08;1.0177314998873043e-07;4.320610000286251e-05;6.066772000049241e-06
2.5389859999995678e-08;9.7843279998051e-08;4.7978679998777807e-05;5.660489999572747e-06
2.0972519999486395e-08;9.510563999647275e-08;4.14954400039278e-05;5.812345999875106e-06
2.0310734999657144e-08;9.692114000208676e-08;4.1670419997535644e-05;5.529392000171356e-06
2.099846999917645e-08;8.858494000160136e-08;4.2318659997545186e-05;5.52425800007768e-06
2.0074230001773686e-08;8.680690000182948e-08;4.020860000164248e-05;5.352220000349917e-06
2.058437999949092e-08;9.133898000000045e-08;4.2496340000070634e-05;6.391984000219964e-06
2.00905799982138e-08;8.534859999781474e-08;4.009004000108689e-05;5.7914139999775216e-06
2.0700120000401512e-08;8.159605999826454e-08;3.794911000004504e-05;5.880878000170924e-06
1.9104275001154746e-08;9.295241999789142e-08;4.2788000000291506e-05;5.4514100000960754e-06
1.926783500093734e-08;9.941746000549756e-08;4.388599999947473e-05;6.02255400037393e-06
2.0096230000490324e-08;9.187093999935314e-08;4.40908299991861e-05;5.9131680004065855e-06
2.0887249999213964e-08;8.632007999694906e-08;4.16376399982255e-05;5.911338000441902e-06
2.2331699999631383e-08;9.99790399975609e-08;4.7007580002537e-05;5.986785999848507e-06
2.4633559997892006e-08;1.1405575000389945e-07;4.244056000025012e-05;6.158900000154972e-06
2.4873839999781922e-08;1.1154510000778827e-07;4.438256000285037e-05;5.798740000464022e-06
2.4664389999816194e-08;1.0532447999576107e-07;4.1177140001673255e-05;6.187799999606796e-06
2.247042000235524e-08;1.1225419999391307e-07;4.831805999856442e-05;6.376713999779895e-06
2.434631999931298e-08;1.0487979999743402e-07;4.576766999962274e-05;5.63697800040245e-06
2.34438899991801e-08;9.589494000538252e-08;4.715806000167504e-05;6.898591999779456e-06
2.0803290000185372e-08;1.0010984999826178e-07;4.080628000083379e-05;6.035102000460028e-06
2.306873000052292e-08;1.0367194999707863e-07;4.1642240004148336e-05;6.403933999827132e-06
2.5834820000454782e-08;1.0829224999179132e-07;4.636263999855146e-05;5.834036000305787e-06
2.2365290000743697e-08;9.608320000115783e-08;4.4723879999946805e-05;5.70222600013949e-06
2.0668609999120237e-08;1.1106105000362731e-07;4.5647199999075385e-05;6.506028000148945e-06
2.1399879999808036e-08;9.236469999887049e-08;4.5665040001040326e-05;6.297577999648638e-06
2.034089000080712e-08;8.468139999895357e-08;4.058680000016466e-05;5.5460460000904275e-06
2.0004429999971763e-08;1.0441635000461246e-07;4.288638000143692e-05;5.638485999661498e-06
2.0015664999664295e-08;9.550581999938004e-08;3.892329000227619e-05;5.627472000196576e-06
2.468906000140123e-08;8.810706000076606e-08;4.3619339994620535e-05;5.869423999683931e-06
1.994973499968182e-08;8.919693999923765e-08;4.2488900001626465e-05;5.930016000056639e-06
2.234620000090217e-08;1.0477689999970607e-07;4.1559660001075825e-05;5.791320000425912e-06
2.264040000154637e-08;9.107355999876745e-08;4.628424000111409e-05;6.25069200003054e-06
1.918947000085609e-08;9.515504000009969e-08;4.314607999986038e-05;5.920099999639206e-06
2.1008449999499135e-08;1.0533195000607521e-07;4.1768680000677705e-05;5.864037999999709e-06
1.897322000004351e-08;9.272125999559648e-08;4.3010040000081064e-05;6.10114400042221e-06
2.1475189999910072e-08;1.1178570000629407e-07;4.143739999854006e-05;6.00090799969621e-06
2.2502740001073108e-08;1.0372009999700822e-07;4.538389999652281e-05;5.957501999801025e-06
2.0569880001130514e-08;8.790904000052251e-08;4.6516699995845555e-05;6.845200000097975e-06
2.1386419999180362e-08;1.1144799999601673e-07;4.480483999941498e-05;5.892484000069089e-06
2.3073829998611472e-08;8.96583199966699e-08;4.454924000310711e-05;5.603906000033021e-06
2.4787039999500848e-08;1.01843700002064e-07;4.296147999702953e-05;6.0405080002965405e-06
2.156869499885943e-08;1.1221505000139587e-07;4.3210720003116875e-05;5.796666000387631e-06
2.2575640000286513e-08;1.0146829999866895e-07;4.626255999901332e-05;6.2983619997976344e-06
2.0578869999735617e-08;9.818992000073195e-08;4.0386319998651745e-05;6.061360000167042e-06
2.0024790000752547e-08;1.0192640000605024e-07;4.341205999953672e-05;5.905818000319414e-06
2.5320219999412075e-08;9.59497200034093e-08;4.7678579995408654e-05;5.295260000275448e-06
2.43829850005568e-08;8.551159999915398e-08;4.715908000362106e-05;6.003505999688059e-06
2.1835660000215284e-08;1.1063725000713021e-07;4.557734000263735e-05;6.645425999886356e-06
2.625181000039447e-08;1.0883620000095107e-07;4.3670770002063365e-05;6.676784000010229e-06
2.5331269999151118e-08;1.0559444999671541e-07;4.746172000304796e-05;6.08031400013715e-06
2.5716259999899193e-08;9.464496000437066e-08;4.279961999855004e-05;6.086907999706454e-06
2.13426599977538e-08;9.339380000019446e-08;4.712218000204302e-05;5.874797999858856e-06
2.036789499979932e-08;8.439247999922372e-08;4.437506000394933e-05;6.160754000302404e-06
2.0690609999292064e-08;9.019464000011795e-08;4.3178079999051985e-05;5.672307999921031e-06
2.0857079999404958e-08;1.1666655000590254e-07;4.5923559999209826e-05;6.305471999803558e-06
2.2534800000721588e-08;1.042795399960596e-07;4.5555499999318275e-05;5.809718000236899e-06
2.5296089999028482e-08;1.1091160000069067e-07;4.244452000129968e-05;6.593225999968126e-06
2.0408814999973403e-08;9.486249999608845e-08;4.0105440001934766e-05;5.936381999636069e-06
2.3055999999633058e-08;1.111335399968084e-07;4.590968000120483e-05;5.635488000116311e-06
2.492426999961026e-08;9.857813999988139e-08;4.2204759997548534e-05;5.728011999744922e-06
2.3550629999954255e-08;1.0183229999965987e-07;4.486435000144411e-05;7.319549999665469e-06
2.110936999961268e-08;1.2444429998868144e-07;4.541648000013083e-05;6.287363999872468e-06
2.6596410002093763e-08;1.22581599993282e-07;4.402665999950841e-05;6.688238000497222e-06
2.0376370000303723e-08;1.0395375000371133e-07;4.5782599999802185e-05;5.816653999499977e-06
2.5542670002323577e-08;1.0400372000294737e-07;4.282731999992393e-05;5.72554600017611e-06
2.1291815000586213e-08;1.1149499999010004e-07;4.104959999676794e-05;7.204116000211798e-06
2.3585240000102203e-08;1.0919075000856538e-07;4.708043999853544e-05;6.569065999938175e-06
2.296156999946106e-08;1.0607325000455602e-07;4.4473799999104816e-05;6.02809600008186e-06
1.899732500023674e-08;1.1148430001048837e-07;4.544679999817163e-05;6.599237999762408e-06
2.3892900001374075e-08;1.243135999975493e-07;4.696437999955378e-05;5.841874000034295e-06
2.001120499917306e-08;1.0086054999555927e-07;4.3617219995940104e-05;6.292895999504253e-06
2.037677500047721e-08;9.623427999904379e-08;4.249933999963105e-05;5.664534000097774e-06
2.1647709999524523e-08;8.872468000045046e-08;4.483186000143178e-05;5.557947999914177e-06
2.0718749999650753e-08;9.840848000021652e-08;4.390375999500975e-05;5.415820000343956e-06
2.1462220000103118e-08;1.0507069999584929e-07;4.295896000112407e-05;5.425770000438206e-06
2.23884699982591e-08;1.1625369999092072e-07;4.668656000285409e-05;6.008351999917067e-06
2.147774500044761e-08;1.0120545000245329e-07;4.090758000093047e-05;6.048453999683261e-06
2.2495770000386983e-08;1.006688599998597e-07;4.195702000288293e-05;5.533719999948516e-06
2.2671590000391006e-08;1.00618059997214e-07;5.407146000070497e-05;6.042809999780729e-06
2.082537999958731e-08;9.216513999854215e-08;5.340533999842592e-05;5.8443739998620006e-06
1.964282500121044e-08;9.001479999860748e-08;5.211715999757871e-05;6.045841999584809e-06
2.1802000000025145e-08;9.576213999534958e-08;5.359083999646828e-05;5.530518000014127e-06
1.984245500061661e-08;8.319650000194087e-08;6.187797999591567e-05;5.9869400004390626e-06
2.0739709999179466e-08;1.0178805000032298e-07;5.921571999788284e-05;5.8863600000040605e-06
2.3091300000669435e-08;1.0811222000047565e-07;5.739922000211663e-05;6.075570000102744e-06
2.307178000046406e-08;1.005466499918839e-07;5.415442000376061e-05;6.0499059996800494e-06
2.2501579998061063e-08;9.371671999688261e-08;5.1014479994773864e-05;6.638260000036098e-06
2.229601999861188e-08;9.581465999945067e-08;5.540128000429831e-05;5.047572000185027e-06
1.95979800002533e-08;9.939248000155203e-08;5.541129999910481e-05;5.858143999939785e-06
1.761293500021566e-08;9.563076000194997e-08;5.5435340001713484e-05;6.617086000042036e-06
2.0162700000219048e-08;9.394255999941379e-08;5.3288399998564275e-05;5.919592000427656e-06
1.928051499999128e-08;8.979724000091664e-08;5.31980800034944e-05;6.22587600024417e-06
1.9840739999199284e-08;9.205976000521332e-08;5.221725999726914e-05;5.973698000307195e-06
2.0463084999937564e-08;1.0356000000028871e-07;5.865598000236787e-05;5.913929999805987e-06
1.8486604999634438e-08;8.525240000453778e-08;4.988285999861546e-05;5.416821999824606e-06
2.0784789999015628e-08;9.216318000108004e-08;5.486383999814279e-05;6.259078000439331e-06
1.952848999935668e-08;9.662918000249192e-08;4.9875400000019e-05;5.834488000255078e-06
2.0142009999835863e-08;9.209651999990456e-08;5.559674000251107e-05;6.305713999900035e-06
2.2292790000210517e-08;8.944090000004507e-08;5.579039999865927e-05;6.109443999594077e-06
2.037430000200402e-08;1.03138949998538e-07;5.3209479997167364e-05;6.675502000143751e-06
2.2089680001954547e-08;8.492242000065744e-08;5.7275960000697524e-05;5.445206000003964e-06
2.0207709999522196e-08;8.349978000042028e-08;5.5594300001394003e-05;5.681314000394196e-06
1.924977000016952e-08;1.008200200041756e-07;5.3011240001069384e-05;5.990742000285536e-06
2.036274000129197e-08;9.534879999700934e-08;5.937537999707274e-05;5.670247999951243e-06
1.927514999988489e-08;9.071879999828524e-08;5.5164080002577977e-05;6.085717999958433e-06
1.8935595000220928e-08;9.028217999730259e-08;5.5685699998866766e-05;6.169707999797538e-06
2.0403364999219775e-08;8.492265999666416e-08;5.360169999767095e-05;6.01597800035961e-06
2.175027999910526e-08;9.372243999969215e-08;5.713211999973282e-05;6.011721999966539e-06
1.9928130001062527e-08;9.11852599994745e-08;5.622299999813549e-05;5.776080000214279e-06
2.1012649999465792e-08;1.0025230000028387e-07;5.763101999764331e-05;5.6168759998399766e-06
2.460383999859914e-08;1.0164614000241272e-07;5.3987959999358284e-05;5.745197999640368e-06
2.1884755000064614e-08;1.1560070000996348e-07;5.5745239998213945e-05;5.4680159996496515e-06
2.3846209998009725e-08;1.0213848000275903e-07;5.8378200000151995e-05;6.276215999969281e-06
2.2672370000509545e-08;1.0097727999673225e-07;4.985100000048988e-05;6.335276000318117e-06
2.0383100002072753e-08;8.685746000264772e-08;5.656375999678858e-05;5.382551999646239e-06
2.054447499976959e-08;9.125414000009186e-08;5.3499099996406585e-05;6.21687600039877e-06
2.5485000002663584e-08;8.974497999879531e-08;5.9110179997514935e-05;5.694003999815322e-06
2.1183710001059807e-08;1.0941560000355821e-07;5.749827999970876e-05;6.197985999751836e-06
1.9673325000621843e-08;9.253067999961786e-08;4.9436779995448885e-05;5.849934000289068e-06
2.4762479998753407e-08;8.282572000171058e-08;5.259576000389643e-05;5.546830000239424e-06
1.85631000000285e-08;8.637807999621145e-08;5.294104000204243e-05;5.845357999787666e-06
2.096983000083128e-08;9.79743400006555e-08;5.1362939999671655e-05;5.87712200009264e-06
2.1217330000945368e-08;8.8162540004123e-08;5.576162000070326e-05;6.0177879995899275e-06
2.3237059998791665e-08;8.229841999709606e-08;4.986957999644801e-05;6.280766000272706e-06
2.1642709997831845e-08;9.579545999877154e-08;5.6477820000145586e-05;7.051197999971919e-06
2.07281149996561e-08;8.931786000030115e-08;5.212688000174239e-05;5.902490000007674e-06
2.09572499996284e-08;9.837533999816515e-08;5.8850140002323313e-05;6.464434000081383e-06
1.9430909999937285e-08;1.0183874999347608e-07;5.322491999831982e-05;6.725250000017695e-06
2.2439780000422617e-08;9.723959999973886e-08;5.484923999756575e-05;5.995026000309736e-06
2.1779729999252596e-08;9.862688000430352e-08;5.479563999688253e-05;6.335330000147223e-06
1.706675500026904e-08;9.429631999810226e-08;5.791855999850668e-05;6.3587980001466345e-06
2.4332729997695422e-08;8.457088000141084e-08;5.478945999639109e-05;6.0742640000535175e-06
2.1052469999995083e-08;9.036047999979928e-08;5.5052879999857395e-05;6.041835999931209e-06
2.025042999885045e-08;9.383176000555977e-08;6.0248400003183635e-05;6.743667999980971e-06
1.876512500020908e-08;9.140505999675951e-08;5.435863999882713e-05;6.5799659996991974e-06
2.039585000020452e-08;8.998236000188626e-08;5.6266960001084953e-05;5.865614000358619e-06
1.9363115000305696e-08;1.0503860001335851e-07;5.335788000375032e-05;6.378789999871514e-06
2.14105599996401e-08;9.657702000113204e-08;5.843666000291705e-05;6.3901619997341185e-06
2.0031449999078177e-08;1.0340380000707228e-07;6.102364000398666e-05;5.917478000046685e-06
2.167646000161767e-08;8.153068000101485e-08;4.841638000216335e-05;5.3701039997395125e-06
2.6161950000096112e-08;1.0094340000068769e-07;6.22972400044091e-05;5.286306000198237e-06
2.105211000016425e-08;9.964872000273317e-08;5.618979999562725e-05;6.192782000289298e-06
1.9242819999635684e-08;9.352001999504864e-08;6.086673999670893e-05;5.92298400006257e-06
1.985361999977613e-08;8.804482000414283e-08;5.557103999890387e-05;5.424516000202857e-06
2.1097614998870995e-08;1.0304179998638574e-07;5.561265999567695e-05;6.582643999718129e-06
2.2614739998243748e-08;8.541774000041187e-08;5.6553219998022545e-05;5.759507999755442e-06
2.2310489998199046e-08;8.553051999770105e-08;5.687289999914356e-05;5.6164139998145405e-06
2.2209095000289382e-08;9.172195999999531e-08;5.729435999528505e-05;5.72507000004407e-06
2.198149000178091e-08;1.0337170000420883e-07;5.274246000335552e-05;5.426275999634527e-06
2.012581000162754e-08;1.0642194999672938e-07;5.901035999995656e-05;6.1619919998338446e-06
1.7861880001146346e-08;9.738050000160001e-08;5.3559359995415436e-05;5.790163999772631e-06
2.011880000063684e-08;8.58518399996683e-08;5.524254000047222e-05;6.134820000152103e-06
1.8005434999940917e-08;8.278118000016547e-08;5.15519000007771e-05;5.761601999984123e-06
2.0208829999319278e-08;9.646274000406265e-08;5.7551840000087396e-05;5.926524000242353e-06
1.8228979999548754e-08;9.477844000211917e-08;5.3925840003648775e-05;5.63280800008215e-06
1.949423499900149e-08;8.631244000280276e-08;5.889077999745496e-05;5.915861999965273e-06
2.0750250000855885e-08;9.794292000005952e-08;5.521564000518992e-05;5.650329999625683e-06
2.1921819998533467e-08;1.051016499986872e-07;5.6688360002590343e-05;5.6346060003852475e-06
2.1243410001625306e-08;8.782270000083372e-08;5.8115399995585904e-05;6.097356000100262e-06
2.643890999897849e-08;9.439346000435762e-08;5.341942000086419e-05;6.197028000024147e-06
2.050079999899026e-08;8.400460000266321e-08;5.355924000032246e-05;6.191644000355155e-06
2.1038120001321657e-08;1.0010480000346434e-07;6.019661999889649e-05;6.1621899995952845e-06
2.2070909998728892e-08;9.21612800040748e-08;5.074427999788895e-05;5.777666000067256e-06
1.993512500048382e-08;1.0160049999831244e-07;5.53764600015711e-05;6.72759999986738e-06
2.1199090001755395e-08;9.382272000075318e-08;5.3529480000725014e-05;6.20985199988354e-06
1.968168000021251e-08;9.948040000163019e-08;5.4367059998912735e-05;6.086779999895952e-06
2.0108309999341144e-08;8.335579999838956e-08;5.5411699996329844e-05;6.133164000348188e-06
2.0062899999902585e-08;8.699519999790937e-08;5.6093440001131965e-05;6.036268000025302e-06
2.4170639997464605e-08;9.369598000193945e-08;5.235868000308983e-05;5.679974000086077e-06
2.1087419998366385e-08;9.469802000094206e-08;5.1717900001676754e-05;5.590528000029735e-06
2.0531459999619985e-08;8.489555999985896e-08;5.5466100003104654e-05;6.25819800014142e-06
2.0839089999208227e-08;9.250279999687337e-08;6.113387999939733e-05;5.885351999895647e-06
1.9080890000623187e-08;9.401731999823823e-08;5.957146000000648e-05;5.486052000196651e-06
2.186801000207197e-08;9.258676000172273e-08;5.547842000378296e-05;6.140513999853283e-06
2.2372680000262334e-08;8.67478400003165e-08;5.524786000023596e-05;6.211638000095263e-06
2.007881500030635e-08;1.0715070000151172e-07;5.6970980000915005e-05;6.055608000024222e-06
2.0598729999619535e-08;9.959693999844603e-08;5.737926000147127e-05;5.94450400036294e-06
1.835828500043135e-08;9.327720000292174e-08;5.8533899998292326e-05;5.8279339998262e-06
2.1422990001155994e-08;6.731186000397429e-08;7.586642000242136e-05;1.2158700000145472e-05
1.8285510000714567e-08;7.075997999636456e-08;7.987922000465914e-05;1.1743085000489373e-05
2.2440230000938756e-08;6.419121999642811e-08;7.724665999994613e-05;1.418759000080172e-05
1.9742655000300147e-08;6.028318000026048e-08;7.488913999986835e-05;1.2824915000237524e-05
1.846277500008e-08;5.49910000001546e-08;7.648048000410199e-05;1.077441999950679e-05
1.9128025000100025e-08;6.984852000023239e-08;7.452139999950304e-05;1.1460400000214577e-05
2.1601950001786463e-08;6.876355999847874e-08;7.838286000187509e-05;1.145189999951981e-05
2.0150379999540746e-08;6.145957999979145e-08;7.330172000220046e-05;1.2410295000881888e-05
1.774407000048086e-08;6.502584000118077e-08;7.637080000131391e-05;1.1175574999651871e-05
2.078212999913376e-08;6.630119999754243e-08;7.175908000208437e-05;1.1479584999324288e-05
2.081975000037346e-08;6.410573999746703e-08;7.283520000055433e-05;1.1412174999713898e-05
2.2372724999149797e-08;6.781824000063352e-08;7.710534000070766e-05;1.0881289999815636e-05
2.073169999930542e-08;6.609534000162966e-08;6.963932000217029e-05;1.090272500005085e-05
2.0709680000436492e-08;6.435400000191294e-08;6.863870000233874e-05;1.17475299994112e-05
2.1510385000146926e-08;6.975380000076256e-08;7.324443999677897e-05;1.2161630000628066e-05
2.330950499890605e-08;6.289690000121482e-08;7.823306000209414e-05;1.2354015000164509e-05
2.015475499938475e-08;6.220358000136911e-08;7.899610000313259e-05;1.2336450000293552e-05
2.1658774999377785e-08;6.622820000047795e-08;7.74267399974633e-05;1.391021500021452e-05
2.5504599997657352e-08;6.818073999602347e-08;7.118020000052639e-05;1.1423834999732207e-05
1.9603264999750538e-08;5.67472800030373e-08;7.541247999761254e-05;1.1421069999050814e-05
1.9915404998755547e-08;6.62135999999009e-08;7.179254000075161e-05;1.2574829999357462e-05
2.1482589999504853e-08;6.055653999792412e-08;7.541269999928773e-05;1.2234765000175684e-05
1.9007529999362306e-08;6.587625999818557e-08;7.998394000460394e-05;1.019681500038132e-05
2.0095184999809135e-08;6.480284000281244e-08;7.476326000178233e-05;1.2073519999103155e-05
2.226891999889631e-08;5.738700000219979e-08;7.113957999972626e-05;1.1691655000322498e-05
2.072191499901237e-08;6.491676000296139e-08;7.664339999901131e-05;1.1502430000109598e-05
2.0141434999823104e-08;5.70057800039649e-08;6.464618000318296e-05;1.4094504999229685e-05
1.9961110000440386e-08;7.215235999901779e-08;7.659357999800705e-05;1.2867814999481197e-05
2.1724100000574254e-08;6.958841999876314e-08;8.137973999837414e-05;1.3053020001098048e-05
2.175025500037009e-08;5.976687999791465e-08;7.230605999939144e-05;1.1488129998906516e-05
1.9172035000519826e-08;6.867727999924683e-08;8.296706000110134e-05;1.159256499959156e-05
1.83052950000274e-08;6.463034000480548e-08;6.876240000128745e-05;1.3163155000074766e-05
1.8410629998834337e-08;6.563490000553429e-08;7.35742399992887e-05;1.2155764999624807e-05
2.2308269998757168e-08;6.247523999772965e-08;7.795992000028491e-05;1.422489999968093e-05
2.084537999762688e-08;6.542239999980666e-08;7.898588000098243e-05;1.2800459998834413e-05
2.1919659999548457e-08;6.57245599955786e-08;8.623052000184544e-05;1.1608955000701826e-05
2.2486960000242108e-08;6.483466000063344e-08;7.468103999854065e-05;1.3592420000350103e-05
2.1618504999787548e-08;6.803207999910227e-08;7.200552000431344e-05;1.1773255000298377e-05
1.9600825000088662e-08;7.066679999697953e-08;8.081146000185981e-05;1.3460370000393596e-05
2.2527600001194515e-08;6.263154000043868e-08;7.268149999435991e-05;1.313539000111632e-05
2.2975270001916216e-08;6.674144000280648e-08;7.409048000117764e-05;1.239332499972079e-05
2.01059000013629e-08;6.960377999930643e-08;7.545609999797307e-05;1.1918824999884236e-05
2.0074349999777042e-08;6.97145200043451e-08;8.214708000305108e-05;1.3674439999158495e-05
2.3502765000739602e-08;6.313577999826521e-08;7.425663999747484e-05;1.2139899999601766e-05
2.1032569999806584e-08;7.037717999774031e-08;7.760125999921002e-05;1.1776195000857115e-05
2.030891000031261e-08;5.659293999779038e-08;7.336964000132866e-05;1.1422484999638983e-05
2.5587470000027678e-08;6.874880000250414e-08;7.270988000091166e-05;1.0623979999218137e-05
2.062502999906428e-08;6.207047999487259e-08;7.921476000337862e-05;1.1879580000822898e-05
1.7348344999481925e-08;5.88158399972599e-08;8.144882000051439e-05;1.1597045000235085e-05
2.163019000145141e-08;6.603849999955855e-08;8.255689999787137e-05;1.3053964999562596e-05
2.2868169998400846e-08;6.290380000136793e-08;8.03375200019218e-05;1.2164539999503177e-05
2.128069000027608e-08;6.552773999865167e-08;7.753355999593622e-05;1.2268775000120513e-05
1.9121499999891967e-08;6.588695999816992e-08;7.519806000054814e-05;1.1606255000515375e-05
2.1297669998602942e-08;6.342949999962002e-08;8.051344000268727e-05;1.2179444999492262e-05
2.019309000170324e-08;6.748275999561884e-08;7.82295199984219e-05;1.1729645000013988e-05
1.9936635000340174e-08;6.39786199957598e-08;8.068928000284358e-05;1.1433385001146234e-05
1.9914714999322313e-08;6.512925999704749e-08;7.758775999536738e-05;1.2596385000506416e-05
2.0341045000532176e-08;6.014959999592975e-08;8.507499999832361e-05;1.0896120000688824e-05
2.5870890001533552e-08;6.503840000368655e-08;8.288212000043131e-05;1.1875345000589733e-05
2.0579050001106226e-08;6.930255999905057e-08;8.08197200007271e-05;1.2870304999523796e-05
1.8350205000024287e-08;6.5220400004182e-08;8.074195999652148e-05;1.2143769999966026e-05
2.143942499969853e-08;6.436347999842837e-08;7.87058599991724e-05;1.2852130000828765e-05
2.008309999946505e-08;6.276513999910094e-08;7.68776600016281e-05;1.239468499989016e-05
2.1832719998201356e-08;6.449015999678522e-08;7.664364000083879e-05;1.2710225000046193e-05
2.292195000045467e-08;6.710344000020996e-08;7.668896000250243e-05;1.1088064999785274e-05
1.9691619998775422e-08;6.128445999929681e-08;7.543880000011996e-05;1.204901000019163e-05
2.0406400001957082e-08;6.55012600007467e-08;7.631759999785573e-05;1.2742249999428168e-05
2.061839000089094e-08;6.935741999768652e-08;7.657083999947645e-05;1.169806499965489e-05
2.1527919999789446e-08;6.492058000294492e-08;7.769567999639549e-05;1.0995144999469631e-05
2.307098000019323e-08;6.263004000065849e-08;8.074803999625146e-05;1.3074754999252037e-05
2.2251710000273307e-08;7.032726000179536e-08;8.109256000025198e-05;1.2919905000308063e-05
2.2989030001917853e-08;6.92544599995017e-08;7.902799999574199e-05;1.0398310000891798e-05
1.949121999932686e-08;6.992324000457302e-08;8.485229999641888e-05;1.4841959999466781e-05
2.138189999968745e-08;6.854805999901145e-08;7.492659999988973e-05;1.0936390000279062e-05
2.8564729998470283e-08;6.703149999957532e-08;7.589003999601119e-05;1.1870734998956322e-05
2.0184530000551605e-08;7.204197999672033e-08;8.65061999997124e-05;1.3792510000348557e-05
2.218362999847159e-08;6.983841999899596e-08;7.818591999821365e-05;1.3151979999383911e-05
2.204634500085376e-08;7.729039999539964e-08;7.250395999872126e-05;1.1914584999612997e-05
2.1935800000210294e-08;6.234078000416048e-08;8.217181999934837e-05;1.2367339999764227e-05
1.8986475000565406e-08;6.836685999878682e-08;8.409396000206471e-05;1.2066364999918733e-05
2.132051000080537e-08;6.313630000222474e-08;7.773895999998785e-05;1.264324499934446e-05
2.1797170001082122e-08;6.927962000481784e-08;8.353052000165917e-05;1.3055264999275095e-05
1.989140999939991e-08;6.662383999791928e-08;8.557697999640368e-05;1.3018505000218283e-05
2.3201930001960136e-08;6.293867999920622e-08;7.451712000183761e-05;1.1171875000582076e-05
2.2935890000371727e-08;6.497162000159732e-08;8.27359199989587e-05;1.2672455000574701e-05
2.308488499984378e-08;6.455931999953463e-08;7.802124000154436e-05;1.3497919999645091e-05
2.0279570001002866e-08;6.446180000202731e-08;8.28985600033775e-05;1.2133670000184794e-05
1.778183499991428e-08;6.719271999900229e-08;7.471070000319741e-05;1.2721809999493416e-05
2.04892200010363e-08;6.100603999802842e-08;8.003242000122555e-05;1.1752800000249408e-05
2.284833999874536e-08;6.576925999834203e-08;7.807686000014655e-05;1.2335409999650437e-05
2.090539000055287e-08;6.955029999953695e-08;7.794430000358262e-05;1.1889754999720026e-05
2.358239000022877e-08;7.519777999841608e-08;7.949477999936789e-05;1.3321885000914336e-05
2.299496000050567e-08;6.370853999978863e-08;7.924703999888152e-05;1.2240300000121351e-05
1.9551920000230892e-08;7.170143999974243e-08;8.53720799961593e-05;1.306874500005506e-05
2.1281729999464005e-08;6.977325999760069e-08;8.075209999806247e-05;1.2572510000609328e-05
1.9255244999658316e-08;7.308862000354565e-08;7.876364000258036e-05;1.2405774999933783e-05
2.3522920001414604e-08;6.698707999894395e-08;8.150400000158697e-05;1.263794999977108e-05
2.3196410000673497e-08;7.035961999790743e-08;8.656003999640233e-05;1.2960454999119974e-05
2.1195719999377616e-08;7.482268000021577e-08;8.028990000020712e-05;1.4341864999732934e-05
2.2416045000136364e-08;6.99377800046932e-08;8.832721999497152e-05;1.399066000012681e-05
2.7330950001487508e-08;7.98056399973575e-08;0.00015845444999285974;1.4208595000673086e-05
2.037951000093017e-08;6.740335999638773e-08;0.00015229839998937678;1.5506935000303202e-05
2.5938000000314786e-08;6.429789999965578e-08;0.0001378153499972541;1.3221375001012348e-05
2.15034149994608e-08;6.808859999873676e-08;0.0001503077499946812;1.2130995000188705e-05
2.354390999826137e-08;5.947735999943689e-08;0.00013193129999854137;1.0890615000971592e-05
2.177353000151925e-08;6.827111999737098e-08;0.0001459966499969596;1.24225599996862e-05
2.0333799999207258e-08;6.634780000313185e-08;0.00013799119999748655;1.3407714999630116e-05
2.3475950001738967e-08;7.084297999972478e-08;0.00013835515000391752;1.3203350000549107e-05
2.429538999858778e-08;6.36873800016474e-08;0.00015108525000687224;1.4982394999242387e-05
2.4971689999802036e-08;6.597557999775745e-08;0.0001496383500052616;1.4340205000189599e-05
2.2436105000087992e-08;7.509654000168667e-08;0.0001543915499933064;1.3799930000095629e-05
2.5866280001355334e-08;6.889497999800369e-08;0.00014565765000588727;1.2654670000483748e-05
2.3293199999898207e-08;6.809941999963484e-08;0.00014733620001061354;1.3711234999937005e-05
2.2350539997569285e-08;5.7276519999140873e-08;0.00014796309999655932;1.386581999977352e-05
2.081019000033848e-08;6.649576000054367e-08;0.00014349524999852294;1.2734705000184476e-05
2.143616999965161e-08;6.281093999859877e-08;0.00013554575000307523;1.2936210000771097e-05
2.3123870001290925e-08;6.521756000001915e-08;0.00014635480000288226;1.3342924999597016e-05
2.31343299994478e-08;6.603732000221498e-08;0.00013690420000057201;1.3417360000312328e-05
2.3967889999039473e-08;6.522294000023976e-08;0.00014808524999534713;1.3040855000144801e-05
2.129852999933064e-08;6.85049599967897e-08;0.0001457108500035247;1.3726375000260305e-05
2.0657099998788908e-08;6.952724000439048e-08;0.0001479535500111524;1.1709280000650323e-05
2.1224769999389537e-08;6.579985999851488e-08;0.00014173004998883698;1.287741999985883e-05
2.2008279999135994e-08;8.032232000259682e-08;0.00013108410000859294;1.400572000129614e-05
2.9544210000312887e-08;7.490540000144392e-08;0.00015069285000208766;1.3979395000205841e-05
2.1390609999070875e-08;7.016576000023633e-08;0.0001568748499994399;1.1932704999344424e-05
2.258661999949254e-08;7.050996000180021e-08;0.000132873099995777;1.2196424999274314e-05
2.26817500020843e-08;6.252701999619604e-08;0.00014392119999683927;1.3479369999549817e-05
2.4585119998664596e-08;7.320978000061586e-08;0.00014784205000614747;1.283504000020912e-05
2.0927190000656994e-08;6.201897999853827e-08;0.00013932740000018384;1.2782834999961778e-05
2.3686449998058378e-08;6.676313999923877e-08;0.00015633739999611863;1.2156110000796615e-05
2.4812829997972584e-08;5.981620000093245e-08;0.00015541305000078864;1.43072699996992e-05
2.013250999734737e-08;7.008416000171564e-08;0.00014953485000296495;1.3751075000618584e-05
2.1401110000442713e-08;7.304949999670498e-08;0.00014551615000527819;1.632401000097161e-05
2.485238999943249e-08;7.017530000302941e-08;0.0001460044000123162;1.2510325000039302e-05
2.0737279998138548e-08;7.615832000155933e-08;0.00013777195000147911;1.256777999951737e-05
2.371102500037523e-08;7.122546000173315e-08;0.00013695184999960476;1.2235965000581927e-05
2.310260000085691e-08;7.155545999994502e-08;0.00013692555000307038;1.3833375000103843e-05
2.4113239999860527e-08;7.10109600040596e-08;0.00014309520000824704;1.276246500056004e-05
2.2799139999551697e-08;5.9273420000681655e-08;0.00013884025000152178;1.4277669999864883e-05
2.2424599999794736e-08;6.386351999826729e-08;0.0001467053000087617;1.3685700000496582e-05
2.3556130001088604e-08;7.786630000337027e-08;0.00015688970001065172;1.2869574999785981e-05
2.3063784999249037e-08;6.649909999687225e-08;0.00015894429999752902;1.243525000027148e-05
1.8307734999689274e-08;6.57939600001555e-08;0.00015740994999941904;1.201915999990888e-05
2.154741999984253e-08;6.81975599960424e-08;0.00014062404999276622;1.4301590000104625e-05
2.5598500002524816e-08;5.867654000176117e-08;0.00014177470000868196;1.1938910000026227e-05
1.8934194999746977e-08;6.142571999807843e-08;0.00014066094999725463;1.1965540000528562e-05
1.8874745001085102e-08;6.721178000443615e-08;0.00014969000000564846;1.1950334999710322e-05
2.0753290000720882e-08;6.277317999629303e-08;0.00013562989998899865;1.3771205001103226e-05
2.2874650001176634e-08;6.946202000253834e-08;0.00014105955000559333;1.2252880001324229e-05
1.830257000110578e-08;6.622029999853112e-08;0.00012767539999913424;1.1502055000164546e-05
2.0115599999553525e-08;6.104312000097706e-08;0.00013839249999728054;1.242960499948822e-05
2.5621920000412502e-08;6.730916000087746e-08;0.00012775164999766274;1.1982725000416394e-05
2.0396670000627636e-08;6.636274000047706e-08;0.00014864579999994022;1.3673739999649115e-05
2.01405200001318e-08;6.43212399969343e-08;0.00014980904999538326;1.292684000072768e-05
2.148853999970015e-08;6.868929999764078e-08;0.00013936965000175405;1.4737155000329948e-05
1.888045000087004e-08;6.726619999972172e-08;0.00012198625000019093;1.2215359999390784e-05
2.1293099998729305e-08;6.057809999911115e-08;0.00015135909999662545;1.395619499962777e-05
2.233303999819327e-08;6.400973999989219e-08;0.000132603799997014;1.3513355000759475e-05
2.5485339999431746e-08;6.416496000019833e-08;0.00013840815000003203;1.390590999944834e-05
2.1922890000860207e-08;7.284337999881245e-08;0.00013187359999574256;1.3302140000450891e-05
2.053343000006862e-08;7.099246000288986e-08;0.00013802295000641608;1.3610170000174548e-05
2.1080169998458587e-08;8.135484000085853e-08;0.0001361268500040751;1.3205509999534115e-05
2.2123369999462737e-08;7.056872000102885e-08;0.00012903815000026952;1.2712009999086148e-05
2.1483380001154727e-08;7.759969999897294e-08;0.00014911455000401474;1.3168120000045746e-05
2.2645989999000448e-08;6.389016000321135e-08;0.00015405189999728464;1.191767999989679e-05
2.336977999948431e-08;6.32601999968756e-08;0.000127245950003271;1.3959669999894686e-05
2.302553000045009e-08;6.727577999699861e-08;0.00014070810000703206;1.41116550003062e-05
2.0850100001553075e-08;6.463134000077843e-08;0.0001397290000022622;1.2357019999762997e-05
2.17630500002997e-08;7.569458000361919e-08;0.00015187580000201707;1.480619000067236e-05
2.016513000125997e-08;6.812498000217602e-08;0.00014452575000177602;1.603894500003662e-05
2.1705579999252223e-08;6.12847000011243e-08;0.00015444709999428596;1.1269139999058097e-05
2.3616929998388513e-08;6.119373999536037e-08;0.00013474189999396912;1.46734549998655e-05
2.671494999958668e-08;7.387050000252203e-08;0.00015628450000076556;1.4442749999579973e-05
2.520313000131864e-08;6.760306000360287e-08;0.00013531204999890178;1.220958000048995e-05
2.294111000082921e-08;7.628077999688685e-08;0.0001496495499886805;1.3872824999270961e-05
2.224639999913052e-08;6.851955999736675e-08;0.00015242394999950192;1.3220069999806584e-05
2.1212080000259447e-08;6.763184000155888e-08;0.0001362251499958802;1.5256820000649895e-05
2.2637610000674614e-08;6.828815999906511e-08;0.00015544165000028442;1.2867770000593737e-05
2.0067069999640808e-08;7.914400000008755e-08;0.0001270059500093339;1.2451254999905358e-05
2.6837810000870377e-08;7.634603999904357e-08;0.0001341824500123039;1.2559234999935143e-05
2.0025100000202657e-08;7.040464000310749e-08;0.00013788860000204294;1.3980534998700023e-05
2.5939419999485834e-08;6.121339999954217e-08;0.000134800149986404;1.3735864999762271e-05
2.43313599989051e-08;7.125030000461266e-08;0.00015340210001158993;1.4520610000181477e-05
2.2951450000982733e-08;7.205721999634988e-08;0.0001441078500065487;1.414189500064822e-05
2.0924450000165963e-08;7.950000000419095e-08;0.00015671954999561423;1.3896885000576731e-05
2.468662999890512e-08;7.165579999564215e-08;0.00015150555000582246;1.5072854999743867e-05
2.7015160000883044e-08;6.832666000118479e-08;0.00014290299999993294;1.3961115000711288e-05
2.523022999812383e-08;6.780950000393204e-08;0.000154804800011334;1.4494025000021793e-05
2.1097864999319427e-08;6.725890000234358e-08;0.00016081159999885132;1.4384839999547694e-05
2.224413999938406e-08;7.757740000379272e-08;0.00014055754999571946;1.5967135000391862e-05
2.1255419999943115e-08;6.844671999569982e-08;0.00015095535000727979;1.4615369999955873e-05
2.134739000175614e-08;7.521124000195414e-08;0.00013370709998707754;1.3675720000173896e-05
2.2333610002533533e-08;6.477629999862983e-08;0.00014048065000679344;1.355935000028694e-05
2.4932949998765254e-08;5.993983999942429e-08;0.0001436991000082344;1.0637909999059047e-05
1.9281855000008365e-08;6.388610000140034e-08;0.0001385298499953933;1.3624579999304842e-05
2.563685000059195e-08;6.251018000184558e-08;0.00015277380000043196;1.1807659998885357e-05
1.7243899998720735e-08;6.347843999974429e-08;0.0001365107000019634;1.345514500135323e-05
2.318191999802366e-08;7.323504000087269e-08;0.0001481634999945527;1.1210415000095963e-05
1.971964500116883e-08;6.426177999819629e-08;0.0001356969499902334;1.3088015001267195e-05
2.1736979999695904e-08;6.306154000340029e-08;0.00013011670000560117;1.2237474998983089e-05
2.3710310002206823e-08;9.229888000409118e-08;0.00019493470000452363;1.2724645000707823e-05
2.144481999857817e-08;8.415664000203833e-08;0.0001973056999995606;1.248531499877572e-05
1.8940724999993107e-08;1.0167516000219621e-07;0.00019328335000318476;1.4104084999416955e-05
2.1268520000739955e-08;8.814481999725103e-08;0.0002016431000083685;1.2708800000837073e-05
1.8775184999685735e-08;8.855056000174955e-08;0.00019872275000670924;1.2876999999571126e-05
2.010805000027176e-08;9.170708000310697e-08;0.00020492150000063703;1.308777999947779e-05
2.2050209998269564e-08;9.289673999883235e-08;0.00020678000000771136;1.1963354999898002e-05
2.487871999910567e-08;9.728174000047147e-08;0.0001915995000017574;1.1589679999451618e-05
2.1306079998612403e-08;8.760159999947064e-08;0.00019706940000469332;1.1641869999584741e-05
2.0197539999207947e-08;8.547311999718659e-08;0.00018757629999890924;1.2299509999866132e-05
2.0974390000628775e-08;9.216359999845736e-08;0.0001913929000002099;1.3937504999921657e-05
2.0065105000685433e-08;9.065153999836185e-08;0.00020291889997315593;1.434420500008855e-05
2.268313000095077e-08;8.779214000096545e-08;0.000200984499999322;1.1141245000180788e-05
2.071251999877859e-08;8.852194000501185e-08;0.00018376045000331943;1.2917724999715575e-05
2.4338279999210498e-08;9.128667999757454e-08;0.00018722355000500102;1.2663935001182836e-05
2.023849999968661e-08;9.997434000251814e-08;0.0001941853500029538;1.2939419999020174e-05
1.7767489999823738e-08;9.201847999938764e-08;0.00023006490000989288;1.3918525000917725e-05
2.4151720000372734e-08;1.077664499898674e-07;0.00020804860000498592;1.1928004999936093e-05
2.4579804998938926e-08;1.1115314999187831e-07;0.00021325629999046215;1.2987345000146889e-05
2.1004239999456332e-08;9.488361999974587e-08;0.0002105405000038445;1.567030000005616e-05
2.2130139998625962e-08;1.098131999897305e-07;0.00020454020000761376;1.3392069999827073e-05
2.8852569998707622e-08;1.037320499890484e-07;0.00017847354999685195;1.389264000026742e-05
2.314994000189472e-08;1.0558230000315234e-07;0.0002097844000090845;1.2448960001347587e-05
2.114329999894835e-08;9.120852000196464e-08;0.0002125985999882687;1.546617999993032e-05
2.0761459998902865e-08;1.2026545000844634e-07;0.0002129121999896597;1.2694479999481701e-05
2.4919420000514948e-08;9.799342000042088e-08;0.00020632520000799559;1.271808500023326e-05
2.384965000092052e-08;1.0031545000674668e-07;0.00020429709999007174;1.4370314999541733e-05
2.169463000027463e-08;1.0582445000181906e-07;0.00022468970000045374;1.5143739999621174e-05
2.4643329999526032e-08;1.0575466000009329e-07;0.00020562300001620315;1.2990590000117663e-05
2.21559649988194e-08;1.1487035000754986e-07;0.00022090970000135713;1.434107499953825e-05
2.4425269998027944e-08;9.899786000023596e-08;0.00022714590001851322;1.3969499999075197e-05
2.4367729999357833e-08;1.1395939999783877e-07;0.0001956683000025805;1.3498024998989422e-05
2.284644999890588e-08;9.199646000051871e-08;0.0002057136000075843;1.35409950002213e-05
2.2573585000645834e-08;1.0756484999728855e-07;0.00021773264999501408;1.3336424999579321e-05
2.2064509999472648e-08;8.969387999968604e-08;0.00020701690000714734;1.6611619999457618e-05
2.577785000030417e-08;1.1273071999894455e-07;0.00020312690001446753;1.2705655000172555e-05
2.1106719999806954e-08;9.780727999750524e-08;0.00023701350000919773;1.3165204999677371e-05
2.735023999994155e-08;1.0272823999985122e-07;0.00021486340000410564;1.3489094999385998e-05
1.9871075000264682e-08;8.799262000247836e-08;0.00022443214998929762;1.4608559999032878e-05
2.156212000118103e-08;1.0056489999988116e-07;0.00022319039999274537;1.388798000116367e-05
2.046418500103755e-08;1.119316499971319e-07;0.0002042397000186611;1.5182554999773857e-05
2.0984470000257715e-08;1.0036455000226852e-07;0.0002039793500007363;1.2704550000489689e-05
2.5710509999771603e-08;1.1055944999679923e-07;0.00019975265000539367;1.350288000103319e-05
2.1288130001630635e-08;9.002239999826998e-08;0.00020190060001914388;1.2097440000798088e-05
2.120262999960687e-08;8.671063999645411e-08;0.0002064046000014059;1.2253175000660121e-05
2.2865629999432712e-08;1.0117634999915026e-07;0.00022045580000849442;1.4344529999652877e-05
2.0229839999228715e-08;8.711263999575749e-08;0.00019012534999637864;1.4388844999484718e-05
2.2649249999085443e-08;1.0898790000646841e-07;0.000213974500016775;1.2520234999828972e-05
2.3277080000843853e-08;1.0342425000271759e-07;0.00020738879998680204;1.3888655000482685e-05
2.2722000000067054e-08;1.0126387999625876e-07;0.00018746469999314286;1.5583045000676067e-05
1.780229500000132e-08;9.434071999858134e-08;0.00022018830000888556;1.392214499937836e-05
2.3794099999940953e-08;1.128510999988066e-07;0.00022507060001953505;1.4672629999404307e-05
1.7557099999976344e-08;8.706478000385687e-08;0.0002068437499983702;1.5249369999219198e-05
2.6171289998455905e-08;8.437232000287622e-08;0.0002119126000034157;1.3105365000956227e-05
2.165194499975769e-08;9.057336000259966e-08;0.00020040259999223054;1.3172780000604689e-05
1.7980714999430346e-08;8.838563999743201e-08;0.0002075151500030188;1.3550829999439884e-05
2.356359999976121e-08;1.2108969999826512e-07;0.0002168301000201609;1.277682499930961e-05
2.2864704999665265e-08;1.022347800026182e-07;0.00021030969999264926;1.427393499907339e-05
2.6922330001252703e-08;1.1540484998840839e-07;0.0002007158500055084;1.296849999926053e-05
2.041746999893803e-08;9.68754799978342e-08;0.00019857564999256283;1.4173979999031872e-05
2.1468659999663942e-08;1.0052387999603525e-07;0.0001936841499991715;1.5063819999340921e-05
2.2131819999776782e-08;1.0927860000811051e-07;0.00020817945001181214;1.2057855000603013e-05
2.4696980000589975e-08;9.751755999750458e-08;0.00018878314999165013;1.5439269998751115e-05
2.762176999822259e-08;1.0436428000102751e-07;0.00019518389999575447;1.55967149999924e-05
2.105398999992758e-08;1.0855281999683939e-07;0.0002219653000065591;1.2980369999422691e-05
2.4588000000221656e-08;1.017223999951966e-07;0.00020401409998885357;1.4106059999903664e-05
2.2352919998229482e-08;1.023702599981334e-07;0.0002058326499973191;1.3525335000304039e-05
2.1301070001209155e-08;9.367070000153035e-08;0.00021654759999364614;1.3355469999078195e-05
2.4996599997393786e-08;1.1709914999664761e-07;0.00020619920000899584;1.190375000005588e-05
1.802977500046836e-08;1.0898449999513105e-07;0.0002049496999825351;1.2466710001172032e-05
2.6997600001050158e-08;1.082341000001179e-07;0.00021789540001191198;1.234948999917833e-05
2.4765710000065154e-08;1.1293844999454449e-07;0.0002028870999929495;1.372766499989666e-05
2.0311460000812076e-08;1.1287184999673627e-07;0.00020834300000569783;1.2621800000488292e-05
2.5347070000134408e-08;1.1566015001153573e-07;0.00020699080001213588;1.2851570000930224e-05
2.0883199997479098e-08;8.941886000102386e-08;0.00020569889998296276;1.625606999878073e-05
2.61416499997722e-08;1.1004440000397154e-07;0.00022343670000554992;1.43217500008177e-05
2.618237999849953e-08;1.2474894999468233e-07;0.00021666809997987002;1.2901615000737366e-05
2.2792720000143163e-08;1.0959268000442535e-07;0.00020839169999817386;1.2946934999490622e-05
1.800896499917144e-08;8.291820000158623e-08;0.00019477385000209323;1.470874999940861e-05
2.6040409997222015e-08;1.1593610000272746e-07;0.0001988584499922581;1.5105914999730886e-05
2.253216000099201e-08;9.184984000166878e-08;0.0002133070999989286;1.187976999935927e-05
2.0919364999281244e-08;1.0870404999877792e-07;0.00021747210001922212;1.473958999995375e-05
2.1302909997757523e-08;1.0302614999818616e-07;0.00020430689997738227;1.5118174999952316e-05
2.07864600000903e-08;1.0503845001221634e-07;0.00022297190001700074;1.0869024999556132e-05
3.109222000057344e-08;9.537361999973655e-08;0.00018791095000051427;1.3229340000543743e-05
2.1288170000480023e-08;9.972013999940827e-08;0.000206359000003431;1.54594649997307e-05
1.8269344999862368e-08;1.0988983999704942e-07;0.00021415149999666028;1.3326425000559538e-05
2.540928999951575e-08;1.1300300000584684e-07;0.00021731819998240098;1.703241499926662e-05
2.4457609999808482e-08;1.0213789998670109e-07;0.0002039777000027243;1.5134939999552444e-05
2.6438010000856593e-08;1.089267000061227e-07;0.0002286432999826502;1.415786500001559e-05
2.5857979999273083e-08;1.1145645000215154e-07;0.0002041730000055395;1.4091279999411199e-05
2.29500299989013e-08;9.579937999951653e-08;0.0001946734499942977;1.065015000058338e-05
2.720511999941664e-08;1.1516864999430254e-07;0.00023223460000008344;1.3485154999943916e-05
2.351112999895122e-08;1.0887329999241047e-07;0.00019503029999032152;1.2695865001296625e-05
2.0959610000136308e-08;1.0954935000336264e-07;0.0002238870000001043;1.4690469999914057e-05
2.1732305000477935e-08;9.78123599954415e-08;0.0002113048000028357;1.4858770000864752e-05
2.3711030001868494e-08;1.0965834998933133e-07;0.00020513539999956264;1.3306460001331288e-05
2.3181140000815503e-08;9.397601999808103e-08;0.00020477179999579676;1.2426145000790711e-05
2.662939000001643e-08;1.106858499988448e-07;0.00021073489999980666;1.3714885000081266e-05
2.1740769999451006e-08;1.017987400002312e-07;0.00021553919999860226;1.511124000098789e-05
2.0399889998952858e-08;1.0966279999411199e-07;0.00025654030000441707;1.3920689999940806e-05
2.584050000004936e-08;9.615192000055686e-08;0.0002646141000150237;1.359641000017291e-05
2.245891000056872e-08;1.0628115000145044e-07;0.00025430319999577476;1.4162469998700545e-05
2.102082000055816e-08;1.0303254998871125e-07;0.00026736080000409857;1.3602065001032315e-05
2.1239734999835492e-08;1.036995000031311e-07;0.0002456431999744382;1.319288999948185e-05
2.6823590000276455e-08;1.0892309999326244e-07;0.0002797216999751981;1.4640259998850524e-05
2.3048739999649113e-08;1.1041850000037811e-07;0.00028412359999492766;1.6176534999976865e-05
2.37059799983399e-08;9.120404000277631e-08;0.00024291830000584014;1.256571999983862e-05
1.7639135000354146e-08;8.458037999807857e-08;0.0002708864000160247;1.2753204999899026e-05
2.075821500038728e-08;9.044275999767705e-08;0.00024369790000491775;1.303427999955602e-05
2.2278579999692738e-08;1.015447799989488e-07;0.0002789918999769725;1.37935099992319e-05
2.6788150001084433e-08;1.0669418000034057e-07;0.00028100489999633284;1.3260005001211539e-05
2.0846825001353865e-08;9.964045999804511e-08;0.00022992949999752456;1.5543864999199286e-05
2.6520449999952688e-08;9.546188000240363e-08;0.0002523802000214346;1.3202545000240208e-05
2.1525690000271425e-08;1.0182799999893178e-07;0.00027652469999156894;1.4798800001153723e-05
2.1177490000263787e-08;9.340647999779322e-08;0.00023649929999373852;1.292972500086762e-05
2.160614500025986e-08;1.0088526000035927e-07;0.0002676052000024356;1.3369845000852364e-05
2.026311999943573e-08;1.1035274999449029e-07;0.0002469378000241704;1.2926739999966231e-05
2.1497080000699497e-08;1.0665889999945648e-07;0.0002827566000050865;1.262354999926174e-05
2.7331570000387727e-08;1.1220930000126827e-07;0.0002687072000117041;1.491387499991106e-05
2.4699000001419334e-08;1.0306239999772516e-07;0.00024450080000679007;1.4148104999912903e-05
2.06026900006691e-08;8.832068000338041e-08;0.00025441649998538197;1.2266745000670198e-05
2.3727469998993912e-08;8.601764000486582e-08;0.0002506061000167392;1.2096934999863152e-05
2.0599679999577347e-08;9.02669400034938e-08;0.0002548710000119172;1.1225579999154434e-05
1.8785815000592265e-08;8.840487999841571e-08;0.00025513890001457184;1.2375415000133216e-05
1.9730314999469555e-08;9.278953999746591e-08;0.0002512055999832228;1.2820819999615195e-05
2.2251000000687783e-08;9.62714999972377e-08;0.0002640724999946542;1.4641630000551231e-05
2.0227330000489018e-08;1.029601000045659e-07;0.00024477690001367593;1.246456499939086e-05
2.1004059999540915e-08;8.952987999655306e-08;0.00024593460001051426;1.2472320000233594e-05
2.049657000170555e-08;9.487043999833986e-08;0.0002429167999944184;1.380961499962723e-05
2.056680000096094e-08;9.71750000026077e-08;0.00023687549997703172;1.3174504999187774e-05
1.8341279999003745e-08;8.515890000271611e-08;0.0002548730999988038;1.2432874999649356e-05
2.1161130000837148e-08;9.39892599999439e-08;0.00024501169999712147;1.2365029999637044e-05
2.4953840000671335e-08;9.208489999873563e-08;0.00023449020000407473;1.2324610000359826e-05
2.064527000038652e-08;1.0271529998863116e-07;0.0002424039999896195;1.3737455000227783e-05
2.0326029998250307e-08;9.460944000165909e-08;0.00023947219998808578;1.1668910000298638e-05
1.8210669999825767e-08;1.0142116000060923e-07;0.00023494449999998324;1.2976319999143016e-05
1.9713559999945574e-08;9.027588000171818e-08;0.0002696061999886297;1.2582310001016594e-05
1.981212999962736e-08;9.259454000275582e-08;0.00025136160000693055;1.1875800001143944e-05
1.927920500020264e-08;8.43131400004495e-08;0.0002449512000021059;1.2398750000284053e-05
1.853325499978382e-08;8.860071999952197e-08;0.00025584260001778605;1.3924600000609644e-05
2.3345420000259764e-08;9.046700000180863e-08;0.00025394080000114625;1.358446499943966e-05
1.9549045000167097e-08;9.300787999527529e-08;0.0002454681000090204;1.2350190000142901e-05
1.9211314999847673e-08;8.523098000441678e-08;0.00025512660000822507;1.1997645000519697e-05
1.874689000105718e-08;8.859628000063822e-08;0.00026601819999632427;1.2871624999388587e-05
2.116144500032533e-08;8.654680000036023e-08;0.00024367489997530355;1.2372239999240265e-05
1.842608000006294e-08;9.202056000358425e-08;0.00027021660000900737;1.1606895001023077e-05
2.0933599999989385e-08;9.523882000357844e-08;0.0002395896000089124;1.4483304999885149e-05
1.938084499997785e-08;9.061602000147105e-08;0.00023564030000125058;1.3390590000199154e-05
1.978217500000028e-08;9.069584000390023e-08;0.00026298910001059994;1.2811335000151303e-05
2.247624000010546e-08;1.0011834000470116e-07;0.0002518601999909151;1.3722469999629539e-05
1.9711969999480063e-08;9.601906000170857e-08;0.0002429167999944184;1.3241384999128058e-05
1.7642625000735278e-08;9.74586000025738e-08;0.00025083390000509096;1.2907190000987612e-05
1.9766844999685418e-08;9.768813999835402e-08;0.00025430509998113847;1.2127430000691674e-05
2.261885500047356e-08;1.1110845000075642e-07;0.0002446307000063825;1.2671310000587256e-05
2.548186000203714e-08;1.0056269999768119e-07;0.00025743749999674036;1.4980810000270139e-05
2.102228000003379e-08;1.0064299999503419e-07;0.00028339900000719356;1.2843735000933521e-05
2.0408149997820145e-08;1.0143945000891108e-07;0.000245869499980472;1.4757749999989755e-05
2.0440609997604044e-08;1.0328699999081437e-07;0.0002684995000017807;1.4511990000028162e-05
2.3505640000803397e-08;1.031816800008528e-07;0.0002459629999939352;1.5057235000131186e-05
2.3802400002023206e-08;1.1079181999666616e-07;0.00028040400001918896;1.4589265000540763e-05
2.6533650001510977e-08;1.0824185000092257e-07;0.00025196939997840673;1.4538629999151453e-05
2.4817069998243825e-08;1.0973060000105761e-07;0.0002788756999943871;1.352873499999987e-05
2.2698649999802e-08;1.0820759998750873e-07;0.0002652409999864176;1.3303560001077131e-05
2.2663400002056733e-08;1.0414135000610259e-07;0.0002478098999999929;1.3737630000105128e-05
2.4177449999842793e-08;1.0407470000209287e-07;0.0002614253000065219;1.558398500055773e-05
2.3159110001870432e-08;1.1445470000035129e-07;0.00026243040000554173;1.3002724999387284e-05
2.3059029999421908e-08;1.0058435000246391e-07;0.00025337899997248314;1.2206290000176523e-05
2.231870999967214e-08;1.1014839999552351e-07;0.0002502542000147514;1.3723394999396986e-05
2.0352459998684935e-08;9.934336000005715e-08;0.00022443809997639618;1.5795355000591373e-05
2.4497400000109336e-08;9.397508000256494e-08;0.00025709050000295974;1.4642160000221339e-05
2.4147969999467024e-08;9.787260000011883e-08;0.0002730606999830343;1.0892350001086016e-05
2.335169999860227e-08;9.63798000011593e-08;0.0002716989000036847;1.3960285000212026e-05
2.342214999953285e-08;1.1201554999570362e-07;0.0002482551999855787;1.4236699999310077e-05
2.0143880002433433e-08;9.064348000101745e-08;0.00025822449999395757;1.4464759999827947e-05
2.2896660002879797e-08;1.0185294999973849e-07;0.0002518137999868486;1.4906984999834094e-05
2.0909540000138803e-08;1.0067645000526681e-07;0.00024232970000593923;1.2696935000712983e-05
2.2296739998273553e-08;1.0331355000380427e-07;0.00024025279999477788;1.5358835000370162e-05
2.3833739999099634e-08;1.0748284999863245e-07;0.0002845158000127412;1.3971499999752268e-05
2.017008000111673e-08;9.042487999540754e-08;0.0002524491999938618;1.4695280000159983e-05
2.545119000133127e-08;1.0161610000068322e-07;0.0002758081999782007;1.3546915000188165e-05
2.214073999784887e-08;1.127522199996747e-07;0.0002657047000247985;1.6151784999237863e-05
1.8844880000688134e-08;1.0170062000397592e-07;0.00024775249999947846;1.488293500005966e-05
2.3555820001638494e-08;1.122101999935694e-07;0.0002561256999906618;1.4348485000664367e-05
2.1399380001821555e-08;1.0794430000532884e-07;0.00024301780000678263;1.276365500089014e-05
1.712544500041986e-08;8.950592000037432e-08;0.00023110669999732637;1.254567500000121e-05
1.629780499933986e-08;1.0143645000061951e-07;0.0002457398000115063;1.2667525000870228e-05
1.8178590000024996e-08;9.183300000149757e-08;0.0002602526000118814;1.0923614999046548e-05
2.096046000078786e-08;1.0147659999784083e-07;0.0002636364999925718;1.3839379999262746e-05
2.6420589999179355e-08;1.0566876000375487e-07;0.0002753962999850046;1.2076460001117085e-05
1.926487000018824e-08;9.455086000380107e-08;0.0002597062999848276;1.378963000024669e-05
2.179718999832403e-08;1.156706000037957e-07;0.00026228029999765567;1.343407499953173e-05
2.2423249999701512e-08;8.853474000352435e-08;0.0002553491999860853;1.3087740000628401e-05
2.139446999935899e-08;1.0530667999992147e-07;0.00025082049999036824;1.5063225000631063e-05
2.0415559998946266e-08;1.0013297999976203e-07;0.0002516557000053581;1.4535935000458267e-05
2.4373519999790005e-08;1.0589905999950133e-07;0.0002631694000156131;1.545304000028409e-05
2.4216429999796674e-08;1.0229705999954604e-07;0.00027223130001220855;1.547792000055779e-05
2.1220209999592043e-08;1.1416165000991896e-07;0.00026242569999885743;1.2058545000036248e-05
2.0267129997955634e-08;1.1472300000605173e-07;0.0002633782000048086;1.5172850000089965e-05
2.3142599998391232e-08;1.0496091999812051e-07;0.00026082309999037533;1.4370810000400525e-05
2.173950999858789e-08;1.0880684999574442e-07;0.0003179140999855008;1.5465835000213702e-05
2.157545000081882e-08;1.040820500056725e-07;0.0003135757999843918;1.553455499961274e-05
2.5362559998757206e-08;1.0103494999930262e-07;0.00031078309999429623;1.4509064999583643e-05
2.1408819998032414e-08;9.080492000211962e-08;0.00032195279997540636;1.3724355000886134e-05
2.2145019999879877e-08;1.0018654000014067e-07;0.0003265174999833107;1.5247575000103097e-05
2.3637880000751465e-08;1.1147475001052954e-07;0.0003180149999971036;1.2771069999143946e-05
2.287660999863874e-08;1.0408193999901415e-07;0.0003427486000000499;1.5037149999989197e-05
2.2163109999382867e-08;9.9297399999341e-08;0.0003047054999915417;1.543785999965621e-05
2.3587154998676853e-08;1.0567874999833293e-07;0.00032508989999769256;1.3561444998777006e-05
2.4099109999951906e-08;1.0968120000325143e-07;0.00033044769999105486;1.439710999984527e-05
2.583452000108082e-08;1.236557499942137e-07;0.0003304772000119556;1.4775829999416601e-05
2.419485000136774e-08;1.242635000089649e-07;0.0003356041999941226;1.6008215000329074e-05
2.3570720001589507e-08;1.1162604999844917e-07;0.0003260651999735273;1.3992955000139772e-05
2.125083499995526e-08;9.743998000049032e-08;0.00030851790000451727;1.4033610001206398e-05
1.8707105000794398e-08;9.992761999601498e-08;0.00032308740000007674;1.326946500048507e-05
2.129228999838233e-08;8.974154000170529e-08;0.00031580589999794027;1.4988265000283718e-05
2.0976945001166314e-08;9.890815999824554e-08;0.00033411279998836105;1.5149525000015273e-05
2.1232180000515653e-08;1.0836589999962598e-07;0.0003270133000041824;1.3520565000362694e-05
2.1627230002195575e-08;1.0530799999833107e-07;0.00030519290000665934;1.521443499950692e-05
2.359215499891434e-08;1.1658585000259336e-07;0.0003169822999916505;1.5044379999744706e-05
2.4590329997590744e-08;1.1368080000102054e-07;0.00029941800000960936;1.578122500068275e-05
2.1715589999803342e-08;1.0020874999463558e-07;0.00030983340000966566;1.2768674999824725e-05
2.027554000087548e-08;9.111206000088714e-08;0.00031781449998379685;1.3860839999688323e-05
2.067471999907866e-08;9.508784000063316e-08;0.00030208689998835323;1.3643889999366366e-05
2.1173180002369917e-08;8.623982000281103e-08;0.00030996509999386035;1.3547209999524058e-05
2.0829754999431317e-08;9.477454000152647e-08;0.00031841060001170263;1.3280459999805316e-05
2.0479719998547807e-08;1.0083280000253581e-07;0.0003342314999899827;1.5330354998877737e-05
2.10259750005207e-08;9.459483999526128e-08;0.0003161475000088103;1.4936404999752995e-05
2.1338955000101123e-08;1.0371604999818373e-07;0.0003278979000169784;1.3274689999525436e-05
1.8993184999271763e-08;8.893884000135585e-08;0.0003140706999984104;1.6439144998730626e-05
2.1755890001077205e-08;9.316841999534518e-08;0.00031033470001420936;1.3510179999866523e-05
2.1063244999095333e-08;1.0657560000254306e-07;0.0003272549000103027;1.2380859999393578e-05
2.2776420001173392e-08;9.506923999870196e-08;0.00030943569997907616;1.4701149999746121e-05
2.22585599985905e-08;9.317420000443235e-08;0.0003140224999806378;1.3085809999029153e-05
1.902618499880191e-08;8.703813999891281e-08;0.00029362949999631383;1.3640570000279694e-05
1.8322044999513308e-08;8.729477999731898e-08;0.00030910490002133886;1.542383000050904e-05
2.0043749999604188e-08;9.016262000077404e-08;0.0003209805999940727;1.4007815001241397e-05
2.2038690000772478e-08;1.002122999925632e-07;0.0002667502000113018;1.2909820000641047e-05
2.0989410000038333e-08;9.718154000001959e-08;0.00034219280001707375;1.28496899997117e-05
2.0331075000285638e-08;9.110959999961778e-08;0.00033317719999467955;1.4412894999259151e-05
2.164393000130076e-08;9.969098000437953e-08;0.00030172950000269337;1.3752584999019746e-05
2.0965220002108255e-08;8.532610000111162e-08;0.00034556839999277147;1.3412175000121351e-05
2.309231999970507e-08;1.0294597999891267e-07;0.00030254629999399183;1.3518349999503699e-05
2.2741909998876507e-08;1.0593757999595255e-07;0.000324936399993021;1.4490699999441858e-05
2.2443090000888333e-08;9.490807999973185e-08;0.0003106157000001986;1.396041999978479e-05
2.5405489999684506e-08;1.075014200003352e-07;0.00029864439999801104;1.2427075000596233e-05
2.641460000013467e-08;1.0233168000122532e-07;0.0003280004000116605;1.2630810000700876e-05
2.0213020002120173e-08;9.082916000043042e-08;0.0003079266999848187;1.477607499982696e-05
1.697095499985153e-08;1.003020999924047e-07;0.00031530679998104463;1.646286000031978e-05
2.2133790000225417e-08;1.017364000028465e-07;0.00034227719999034887;1.4591605000896379e-05
2.0923179999226705e-08;9.937219999847003e-08;0.00031728270000894556;1.3877520000096411e-05
2.580817999842111e-08;9.117913999943994e-08;0.000283397099992726;1.3349950000701937e-05
2.6415420000557788e-08;1.0799788000294938e-07;0.0003169877000036649;1.45747599992319e-05
2.330354999867268e-08;9.874077999847941e-08;0.0003279610000026878;1.1806225001055282e-05
2.3785609999322334e-08;9.43438399990555e-08;0.0002997738000121899;1.335304499953054e-05
2.1290540001064073e-08;9.917669999995268e-08;0.00030191770000965334;1.6057354999065865e-05
2.555208000121638e-08;1.2010975000157487e-07;0.00032191349999629893;1.430928500049049e-05
2.002275999984704e-08;1.0392819999833591e-07;0.00033945309999398887;1.4349914999911562e-05
2.2584830000414512e-08;1.1125049999100157e-07;0.0003491767999948934;1.3364600000204519e-05
1.817672500037588e-08;8.034715999965556e-08;0.00027839309998671524;1.3955019999411889e-05
2.5525240000570194e-08;9.321130000171252e-08;0.0003512568000005558;1.6384325000399257e-05
2.2078639999381265e-08;1.0036424999998416e-07;0.00034379370001261125;1.4509350000298583e-05
2.2697925000102258e-08;1.0206214000354521e-07;0.00031374710000818594;1.2237880000611767e-05
2.157395000103861e-08;8.967313999892213e-08;0.00030720409998320975;1.5133844999945723e-05
2.0792179999989458e-08;9.13559400010854e-08;0.0003318486000061966;1.6507289999572096e-05
2.414120999892475e-08;9.684302000096068e-08;0.0003178202999988571;1.437945499928901e-05
2.0788770000217484e-08;1.0623219999251888e-07;0.0003402373999997508;1.4970095000171569e-05
2.0257090000086463e-08;1.0610447999788448e-07;0.0003088597999885678;1.5441294999618548e-05
2.3080639998079278e-08;1.0116420000849757e-07;0.00031789999999455175;1.636123500065878e-05
2.616563500050688e-08;1.0549439999158494e-07;0.000329456300009042;1.4421835000393911e-05
2.4193789999117144e-08;9.164484000066295e-08;0.00030243119999067856;1.3095580000663177e-05
1.9558154999685938e-08;9.418109999969601e-08;0.00032197680001263504;1.31860699999379e-05
1.9800479999685194e-08;9.878152000019327e-08;0.00032310729997698216;1.5755790000548588e-05
2.325500999868382e-08;1.0205435000534635e-07;0.00031645519999437966;1.5166375000262634e-05
2.161779000016395e-08;8.856446000281722e-08;0.00031024459999753163;1.3565669998934027e-05
2.2061550000216812e-08;1.039551499998197e-07;0.0003153677000082098;1.4138634999108035e-05
2.4053609999828042e-08;1.0462774999905378e-07;0.0003171126000233926;1.3401964999502525e-05
2.4802219998673536e-08;1.0308300000033341e-07;0.0003194577000103891;1.395079999929294e-05
2.143534000206273e-08;9.006767999962904e-08;0.000324381699989317;1.4848370000254364e-05
2.1386290001100862e-08;8.78602199954912e-08;0.00032879400000092573;1.2633039998763707e-05
2.524684999953024e-08;1.0151705000316725e-07;0.00034782210001139903;1.4148050000949298e-05
2.3433259999728763e-08;1.0048626000061632e-07;0.00033663490001345053;1.2980404999689199e-05
2.1332760000950658e-08;1.1225849999464117e-07;0.00032052000000840053;1.7375810000521597e-05
2.0341929999995045e-08;1.1123424999823328e-07;0.0003263640999794006;1.4304119998996612e-05
1.9694224999693688e-08;1.0152695000579115e-07;0.0003126946999982465;1.3837599998805671e-05
2.4342030001571402e-08;1.1057615000754595e-07;0.00031362849997822195;1.4640510000754148e-05
2.186599000124261e-08;9.660097999731079e-08;0.0003231334000010975;1.3220054999692365e-05
2.097514999913983e-08;9.910126000177116e-08;0.00032726479999837464;1.3225575000979007e-05
2.1239510001032612e-08;1.0123215000203345e-07;0.0003181748999923002;1.2149175000377e-05
2.0578290001139974e-08;9.91972399991937e-08;0.0003161207000084687;1.3977385000907816e-05
1.9057305000023917e-08;8.914937999797985e-08;0.000327258899982553;1.3895095000043512e-05
2.1497339999768882e-08;9.887638000072912e-08;0.00034276800000225196;1.4842035000037868e-05
2.1286500000860543e-08;9.264256000169553e-08;0.0003336402999993879;1.4061539999966044e-05
2.0729180000489576e-08;1.1375784999108873e-07;0.00032093399998848327;1.5298574999906123e-05
2.2295160000794567e-08;1.1492530000396073e-07;0.0003093251000100281;1.4282740000635386e-05
2.1109029999934137e-08;1.0590989999764134e-07;0.0002859763999877032;1.0740049999731127e-05
2.014464499952737e-08;7.95075399975758e-08;0.0003002859000116587;1.1884740000823512e-05
1.7288394999923184e-08;9.584757999982685e-08;0.0003078440999961458;1.2763870001072064e-05
1.760325999930501e-08;8.66176199982874e-08;0.00031179260002681987;1.5110020000429358e-05
2.0565590000478552e-08;1.0404365000431426e-07;0.0003251426999922842;1.4009835000615568e-05
2.6372610000544227e-08;7.03907800023444e-08;0.00037693619998754;3.6191279999911785e-05
2.0269410000764764e-08;6.797225999762304e-08;0.0003824672999908216;3.357082999718841e-05
2.3808629999984988e-08;6.837278000311926e-08;0.0004183503999956883;3.345715000177734e-05
2.3311860000831074e-08;6.992105999961496e-08;0.00039237499999580905;2.888427000143565e-05
2.1170469999196938e-08;6.913733999826945e-08;0.0004212091999943368;3.563596000021789e-05
2.667535999789834e-08;6.114562000147999e-08;0.0004185189999989234;3.2936060000793075e-05
2.2833559999708088e-08;6.844633999862708e-08;0.00040812460001325235;2.9706150002311916e-05
2.0644874998833983e-08;6.716284000431188e-08;0.00040119100001174957;3.294988000125159e-05
2.5183870000182652e-08;6.973348000319674e-08;0.0004108620000188239;3.719773000048008e-05
2.128726000082679e-08;6.141664000460878e-08;0.0004057053000142332;3.2720189998508434e-05
2.4132170001394116e-08;6.396125999744981e-08;0.00042276980000315235;3.278517999860924e-05
2.0205070002702995e-08;6.260455999872648e-08;0.0004085065000108443;4.29933000006713e-05
2.0729240000946447e-08;6.834347999538296e-08;0.0004119901999947615;3.499438999861013e-05
2.1656820000498557e-08;6.630847999476828e-08;0.0003995941999892238;3.311248000245541e-05
2.1981885000423064e-08;6.454471999895758e-08;0.00038506939998478627;2.9897020000498743e-05
2.44303299987223e-08;6.537471999763512e-08;0.00042694639999535865;3.366826999990735e-05
2.2879044999717733e-08;6.469334000139497e-08;0.00041010599996661767;3.3748190000187603e-05
2.3152729999856093e-08;6.90684599976521e-08;0.0004378963999915868;3.588676999788731e-05
2.01339299994288e-08;7.092527999775484e-08;0.0004239786000107415;3.752289999974892e-05
2.208239499886986e-08;7.682290000375361e-08;0.0004534535999991931;3.9460180001333356e-05
2.240293999784626e-08;6.187991999904625e-08;0.0004094350000086706;3.269656999909785e-05
2.2113039999385365e-08;7.019005999900401e-08;0.00040368720004335044;3.725610999972559e-05
2.0469149999553337e-08;6.213583999779075e-08;0.00041813000000547615;3.216194999986328e-05
2.3345940001308918e-08;7.196957999840379e-08;0.0004048117999918759;3.371284999884665e-05
2.0691519998945295e-08;6.596472000237554e-08;0.0004325803999672644;3.3840649999910966e-05
2.296904000104405e-08;6.463356000022031e-08;0.0003971068999962881;3.526813000207767e-05
2.084884000068996e-08;6.841776000219397e-08;0.0004051477999892086;3.639443000138272e-05
2.2740400000475347e-08;7.15394600003492e-08;0.00037323100000503473;3.3981919998768714e-05
2.1230989997275175e-08;6.745197999989614e-08;0.0003750990999978967;3.454503000248224e-05
2.3436010000295938e-08;6.356284000212326e-08;0.0003662152000179049;3.3363929999177344e-05
2.1777210000436753e-08;6.443903999752364e-08;0.0003744627999840304;3.214161000214517e-05
2.093310000054771e-08;7.568595999618992e-08;0.0004030934000038542;3.95329999999376e-05
2.3951309997937644e-08;6.435498000355438e-08;0.0004247869999962859;3.324455999827478e-05
2.107493999938015e-08;6.588651999481954e-08;0.00039811169999302365;3.799155000015162e-05
2.0000730000901966e-08;6.513810000033118e-08;0.0004037468000024091;3.8489600000320936e-05
2.4030850001145156e-08;6.885055999737232e-08;0.0003763829999952577;3.425163000065368e-05
2.8870950001874006e-08;6.832009999779984e-08;0.0003781196000054479;2.9368729999987407e-05
2.065684999979567e-08;5.948107999865897e-08;0.0004165289000084158;3.4243960000458174e-05
2.062657000060426e-08;8.094377999659627e-08;0.0004041451000084635;3.566117000009399e-05
2.556260999990627e-08;6.378939999849535e-08;0.0004160738000064157;3.860800999973435e-05
1.7729829999734646e-08;7.26788200030569e-08;0.0004133061000029556;3.4950199999730104e-05
2.044222499971511e-08;6.072799999965355e-08;0.0004355592000065371;4.007000000274275e-05
2.1737459997530094e-08;6.519390000030398e-08;0.0003935893000161741;3.611411000019871e-05
2.220388000132516e-08;7.623875999706797e-08;0.00043596839997917414;3.726389999792445e-05
2.265631000045687e-08;6.736434000195004e-08;0.0004316582000174094;3.648590000229888e-05
2.109379000030458e-08;6.163316000020132e-08;0.00040237640001578257;3.7122400000225753e-05
2.4772400001529603e-08;7.163953999988734e-08;0.0004025198000017554;3.608987999905367e-05
2.4880269999266604e-08;6.900567999691702e-08;0.000427153599972371;4.216796000255272e-05
2.147738999919966e-08;6.690090000047348e-08;0.00037934990000212563;3.963640000147279e-05
2.405051999958232e-08;6.498883999884129e-08;0.00042589759995462375;3.799080000026152e-05
2.148473999986891e-08;7.236224000225775e-08;0.00040576009999495;3.5669230000348763e-05
1.9940584999858403e-08;6.990690000238829e-08;0.0003779706000059377;3.404104999790434e-05
2.5294840001151896e-08;6.981345999520272e-08;0.00043307840003399176;3.323267000087071e-05
1.8950794999545907e-08;6.56858199974522e-08;0.00040759759995853527;4.23315400024876e-05
2.3234769998816773e-08;7.041810000082478e-08;0.0004165212000370957;3.381284000060987e-05
2.150944000168238e-08;6.63135599985253e-08;0.00038625969999702645;3.6179789999732746e-05
2.4084620000212455e-08;6.733936000382528e-08;0.0003924721000075806;4.1042620001826434e-05
2.289081999915652e-08;6.908446000306867e-08;0.00038961029998608863;3.715719000028912e-05
2.335538000043016e-08;6.43467599991709e-08;0.0003871765999938361;3.091233000159263e-05
2.2229089998290875e-08;7.926911999820731e-08;0.0004332939999876544;3.517217999906279e-05
2.4866979999933393e-08;6.55520999978762e-08;0.0003829597999865655;3.0536870000651104e-05
2.058606000209693e-08;7.275787999969908e-08;0.0004554012000444345;3.184597999788821e-05
2.281741999904625e-08;6.870304000331088e-08;0.0004297796000028029;3.553966000035871e-05
2.2066209999320562e-08;6.930343999993056e-08;0.00041886359997442925;3.2486619998235254e-05
2.4938339999062008e-08;6.372025999589824e-08;0.0004020678999950178;3.634592000162229e-05
2.3629619998973795e-08;6.936873999657109e-08;0.0004097914000158198;3.2449639998958445e-05
2.2206339999684132e-08;7.15031599975191e-08;0.0004225904000340961;3.431706000119448e-05
2.314468999975361e-08;6.36692599975504e-08;0.0004243552000261843;3.417708000051789e-05
2.318014500051504e-08;6.86489200044889e-08;0.00040462079999269916;3.720367000205442e-05
2.2792859999754e-08;5.867899999720976e-08;0.0004222919999738224;3.362419000186492e-05
2.2543269998277537e-08;5.8556759997736664e-08;0.00038783750002039594;3.133820999937598e-05
2.4372229998698456e-08;6.407426000223495e-08;0.0003875063999730628;3.086127999995369e-05
2.086114000121597e-08;6.58415200014133e-08;0.0003711860999756027;3.285187000001315e-05
2.0477119999122805e-08;6.13759600033518e-08;0.0004231743999989703;3.1831349999993107e-05
2.0100354999885894e-08;5.949670000118203e-08;0.00040462980000302194;2.951396999997087e-05
1.997479999990901e-08;6.44547000003513e-08;0.00040518520004116;3.508316999941599e-05
1.7669814999680966e-08;6.77862600015942e-08;0.0004054018000024371;3.830100999912247e-05
2.1473969999351538e-08;7.11206600011792e-08;0.0004135094999801368;4.010693999589421e-05
2.6722839998546987e-08;6.596391999628394e-08;0.0004257729999953881;3.6488909999025055e-05
2.2064405000128317e-08;6.233241999871098e-08;0.0004132119999849238;4.079664000018965e-05
2.2433130000717938e-08;6.877774000167847e-08;0.0004027215999958571;3.719705000112299e-05
2.1766190000926143e-08;6.319880000082776e-08;0.000401289600005839;3.369896000076551e-05
2.2482730000047014e-08;7.391745999921113e-08;0.0004121060000034049;3.4067470001173205e-05
2.5030249998962974e-08;7.15727999981027e-08;0.0003864113000163343;3.138260999985505e-05
2.057955000200309e-08;7.231486000237055e-08;0.0004175781999947503;3.629910000017844e-05
2.3413949998212047e-08;7.272633999818936e-08;0.0004211414000019431;3.742000999918673e-05
2.1601119998376818e-08;7.190287999692373e-08;0.00038064039999153465;3.527059000043664e-05
2.253783000051044e-08;6.720160000259057e-08;0.0004101519999676384;3.7653220002539454e-05
2.1091080000041983e-08;6.607388000120409e-08;0.0004014110999996774;3.2973550001042896e-05
2.0371909998357295e-08;7.686037999810651e-08;0.0004241255999659188;2.9768930000136607e-05
2.190524000034202e-08;6.881633999873884e-08;0.00037095149999368004;3.1917689999681895e-05
2.340253999864217e-08;6.92665799986571e-08;0.0004263523999834433;3.562845000124071e-05
2.554619000002276e-08;6.082685999572278e-08;0.0004173154000309296;3.3512530001462436e-05
2.2480039999936707e-08;7.62187400017865e-08;0.0004180822999915108;3.626879999937955e-05
2.4533919998793862e-08;6.855202000006102e-08;0.0004162953999475576;3.185133000079077e-05
2.0684349999646656e-08;7.030726000084542e-08;0.00040678920003119854;3.390648000058718e-05
2.3086879999027588e-08;6.497119999839924e-08;0.0004229035999742337;3.0755060000228696e-05
2.060726999916369e-08;6.638635999988764e-08;0.0004010901000001468;3.1221070000901815e-05
2.0338200000696814e-08;6.090392000041902e-08;0.00041485760000068697;3.5265650000656024e-05
2.279512000095565e-08;6.88888999982737e-08;0.0003956278999976348;3.531224000034854e-05
2.2346730000572278e-08;6.17627200030256e-08;0.0006497857999638654;3.260864999901969e-05
1.8091319999075496e-08;6.489630000432953e-08;0.00061036619998049;3.5077299998374656e-05
2.2450559999560938e-08;6.324642000254243e-08;0.0006213825999875553;3.705205000005662e-05
1.965152000047965e-08;6.252573999809101e-08;0.0005864413999952376;2.8399110000464135e-05
2.1542754999245516e-08;6.364578000502661e-08;0.000600640399963595;3.5120229999301955e-05
2.117819999984931e-08;6.687699999893084e-08;0.0005981302000000142;3.566208000120241e-05
2.0446129998890683e-08;6.407356000272557e-08;0.0006321723999571986;3.373307999863755e-05
2.1374725000350737e-08;6.122686000308021e-08;0.0006233223999734036;3.715483999985736e-05
2.4134949999279342e-08;7.751904000178911e-08;0.0006624274000059813;4.326244000112638e-05
2.7794949998497032e-08;7.270026000333019e-08;0.0006293761999695562;4.087023000174668e-05
2.4317339999834075e-08;6.933484000037424e-08;0.0006574554000399076;4.029430000227876e-05
2.559293000085745e-08;6.514257999951951e-08;0.0006341606000205502;3.624828000029083e-05
2.316831999924034e-08;6.961645999690517e-08;0.0006489124000072479;3.8485669999499804e-05
2.3972670000512154e-08;7.266580000286922e-08;0.0006443859999999404;3.6652529999264515e-05
2.2872920002555475e-08;6.769269999931567e-08;0.0005958178000291809;3.43479600007413e-05
2.472598000022117e-08;6.688412000075914e-08;0.0006239422000362538;3.892707000195514e-05
2.3592955000640357e-08;7.042202000156976e-08;0.0006400397999677807;4.142876000260003e-05
2.419843999959994e-08;7.475988000514917e-08;0.000671529199986253;3.74616800021613e-05
2.077221999934409e-08;7.377683999948204e-08;0.0006558577999821864;3.5972860001493244e-05
2.4195150000741704e-08;7.11801800003741e-08;0.0006219231999712065;4.055200000002515e-05
2.2532059997320175e-08;7.84475399996154e-08;0.0007083655999740586;4.116206000035163e-05
2.5680110001121648e-08;6.950306000071577e-08;0.0006392044000094756;3.698333999782335e-05
2.4284300001454538e-08;6.475446000113152e-08;0.000615049000014551;3.668916000169702e-05
2.4079310000524856e-08;7.153971999650821e-08;0.0006979943999904207;3.3252060000086204e-05
2.460395999951288e-08;7.464018000173383e-08;0.0006279453999595716;3.3095719999982975e-05
2.3399439998320305e-08;7.10489199962467e-08;0.0006411164000164717;3.6882689999765715e-05
2.1678234999126288e-08;6.884862000006252e-08;0.000709695199970156;3.0934410000918435e-05
2.5428520000423306e-08;6.933650000137277e-08;0.0005992066000471823;3.5099769997759723e-05
2.3000439998577347e-08;6.509528000024147e-08;0.0006058317999704741;3.433982999995351e-05
2.0040010000229813e-08;7.685792000265792e-08;0.0006668770000105723;3.645267999963835e-05
2.064206000068225e-08;6.242201999993995e-08;0.0006377571999910288;3.851169999979902e-05
2.488463000045158e-08;7.397147999727167e-08;0.0006471228000009433;3.428159000177402e-05
2.026841000188142e-08;6.667234000051394e-08;0.0006356500000110827;3.970536999986507e-05
2.3001010000007228e-08;6.636712000472471e-08;0.0006526151999714784;4.330399000027683e-05
2.4603949999436737e-08;6.901472000172362e-08;0.0006306488000554964;3.986080000177026e-05
2.545794500038028e-08;6.887948000221514e-08;0.0006621370000066235;3.81735100003425e-05
2.7299980001407676e-08;6.960452000494115e-08;0.0006773509999620728;4.3601599999237805e-05
2.37850299992715e-08;7.01110600028187e-08;0.0007131708000088111;4.3298820004565644e-05
2.4868300001253375e-08;6.564249999937601e-08;0.0007045430000289343;4.5434500003466384e-05
2.195936000207439e-08;7.588102000299841e-08;0.0006299842000007629;4.445865999732632e-05
2.570358000230044e-08;6.963298000046053e-08;0.0006563119999482296;2.9421819999697618e-05
2.359965000068769e-08;7.595806000172161e-08;0.0006781360000022687;3.661604000080843e-05
2.734214000229258e-08;7.409006000380032e-08;0.0007059774000081234;4.249768000445329e-05
2.3408850000123495e-08;7.725840000202879e-08;0.0006198254000046291;4.0199400001438337e-05
2.2193609998794273e-08;8.102222000015899e-08;0.0006882565999985673;4.447780000045895e-05
2.734088000142947e-08;7.436872000107541e-08;0.0006978258000453934;3.619729000201914e-05
2.146666000189725e-08;6.149282000260427e-08;0.0006453551999875345;4.053266000119038e-05
2.0129014999838547e-08;6.950751999975181e-08;0.0005700807999819517;2.91273499984527e-05
2.8460549999726936e-08;7.595623999950476e-08;0.0006993445999687538;3.897978999884799e-05
2.0443250000244005e-08;6.988633999717422e-08;0.000618051800003741;3.385210999986157e-05
2.045374999870546e-08;7.830236000008881e-08;0.0006522834000061266;4.093790999904741e-05
2.090551999863237e-08;6.565631999983452e-08;0.0006475174000370316;4.2354380001779644e-05
2.6288840000052006e-08;7.527741999947466e-08;0.0007049002000130713;3.8794439999037423e-05
2.0124029999715276e-08;6.754330000258051e-08;0.0006852300000027753;4.115607999847271e-05
2.209294000058435e-08;7.622139999875798e-08;0.0006650222000316717;3.541766999987886e-05
2.289435999991838e-08;7.628238000324927e-08;0.0006578006000490859;4.326034000259824e-05
2.0736369999940506e-08;7.22500600037165e-08;0.0006043782000197098;3.4713089998695065e-05
2.1987375000026077e-08;6.505013999994845e-08;0.0006917641999898478;3.0517649999819695e-05
2.178775000211317e-08;6.849007999990136e-08;0.0006369333999464288;4.137212999921758e-05
2.3747335000371095e-08;7.300254000001588e-08;0.0006704902000492439;3.595158999960404e-05
2.5276420000591314e-08;7.30944599956274e-08;0.000663373599993065;3.539090999984182e-05
2.1979519999877082e-08;6.14793999993708e-08;0.0006451010000309906;4.312300000456162e-05
2.254935000091791e-08;7.148040000465698e-08;0.0006519392000045628;3.4754760001669636e-05
2.8985969998757356e-08;7.189479999942705e-08;0.0006631700000143609;3.241397000092547e-05
2.179533999878913e-08;7.14283199980855e-08;0.0006315406000358052;3.8048170000547546e-05
2.410538999829441e-08;7.782181999646127e-08;0.0006760958000086248;4.20801299973391e-05
2.7334200000041163e-08;6.8046260002302e-08;0.0006154869999736547;3.9292509999359024e-05
2.58458199998131e-08;7.54345600027591e-08;0.0007016728000016883;3.70825700025307e-05
2.301296000077855e-08;7.402516000438481e-08;0.0005828052000142634;4.1191880000405945e-05
2.174531000200659e-08;6.463838000199757e-08;0.0006442454000352882;3.370987999951467e-05
2.3078509999322705e-08;5.654492000467144e-08;0.0006327041999902576;4.0310440002940596e-05
2.0503819998702966e-08;7.555037999991327e-08;0.000731744599994272;4.033403999637812e-05
2.462220000161324e-08;6.666616000002251e-08;0.0006219605999649502;3.378243999904953e-05
2.1050024998839943e-08;7.248964000027627e-08;0.0006119388000224717;3.399199000268709e-05
2.0887600001879036e-08;5.90576599992346e-08;0.000576489600003697;4.236980000277981e-05
2.148917999875266e-08;6.51997399982065e-08;0.0006695064000086858;3.45280300010927e-05
1.9339279999257998e-08;6.854003999615089e-08;0.0006346897999756038;3.320815000042785e-05
2.2552499998710117e-08;7.842102000140585e-08;0.0006437259999802336;3.0970220000017434e-05
2.2463984999922103e-08;6.860486000077799e-08;0.000639167599962093;3.2592469998053276e-05
2.110904000001028e-08;6.720860000350512e-08;0.0006493948000133969;3.556187000067439e-05
2.214893999916967e-08;6.53816599980928e-08;0.0006269038000027649;3.508670999726746e-05
2.246694000059506e-08;6.087332000024617e-08;0.0006204522000043652;4.3048330000601706e-05
2.072282000008272e-08;7.054625999880954e-08;0.0006496766000054777;3.610243999864906e-05
1.867613999929745e-08;6.573126000002958e-08;0.0006897348000202328;3.0971339999814516e-05
2.4666299999807962e-08;7.947122000041417e-08;0.0006466553999925963;3.569018999987748e-05
2.412532000162173e-08;7.412148000439629e-08;0.0006345098000019788;3.584135000128299e-05
2.1257550000154878e-08;6.88512599968817e-08;0.0005892174000036903;3.3014370000455526e-05
2.2245090000797062e-08;6.906775999814272e-08;0.0006830056000035256;3.89334899984533e-05
2.1926310000708328e-08;6.999264000332915e-08;0.0006097588000120595;3.5695379998651336e-05
2.2641839999414515e-08;6.625151999760419e-08;0.0006103492000256665;3.425645000243094e-05
2.1002199998474678e-08;6.652589999721386e-08;0.0006255370000144467;3.3862369999405926e-05
2.1469240001169963e-08;7.387065999791958e-08;0.0006246457999804989;4.0388400002848356e-05
2.568844000052195e-08;7.106297999853269e-08;0.0006272746000322514;3.732854999834672e-05
2.2840500000165776e-08;8.089460000046529e-08;0.0006533154000062495;4.2387379996944216e-05
2.283785000036005e-08;6.578282000264153e-08;0.0006401898000040092;3.745277000125498e-05
2.5090455000463408e-08;6.463581999996677e-08;0.0006154741999926046;3.599798000068404e-05
2.0841920000384563e-08;6.972135999822058e-08;0.0006429103999980725;4.010852000210434e-05
2.0752930000890048e-08;7.615499999956228e-08;0.0007030686000362038;3.5372079999069685e-05
2.381549999990966e-08;7.001041999901645e-08;0.0006329785999841988;4.0375820000190286e-05
2.4408310002763755e-08;6.672816000063903e-08;0.0006891555999754928;4.1170960001181814e-05
2.4939979999908246e-08;6.371631999500095e-08;0.0007846354000503197;3.3910680000553837e-05
2.0929110000724905e-08;7.148376000113785e-08;0.0009033315999549814;3.473408999852836e-05
2.312085000012303e-08;7.005416000029072e-08;0.0008709476000512951;3.626446000125725e-05
2.3205590000725353e-08;5.87096199975349e-08;0.0009402883999864571;3.574241000169423e-05
2.270647999830544e-08;7.352333999588155e-08;0.0009052755999728106;3.3137039997382086e-05
1.7138500000874047e-08;6.968864000518806e-08;0.0008519908000016585;4.1748969999025574e-05
2.0867500000167638e-08;7.124836000148207e-08;0.0008722581999609247;3.9254880000953564e-05
2.5725349999265744e-08;6.914393999613821e-08;0.0008832588000223041;3.546543999982532e-05
2.5074624999251684e-08;7.669509999686852e-08;0.0009435636000125669;4.086776000331156e-05
2.373290000250563e-08;6.359597999835387e-08;0.0008551533999852836;4.0724820000468756e-05
2.7036470000166448e-08;6.650843999814243e-08;0.001001284000085434;3.229225999966729e-05
2.2024639998562633e-08;7.96013800019864e-08;0.0008966598000261001;4.009725999785587e-05
2.469863999867812e-08;8.07336000027135e-08;0.000904999400023371;4.4186500000068916e-05
2.648281999863684e-08;7.047100000199862e-08;0.0008994734000298194;4.283090000390075e-05
2.8969959999085404e-08;6.830243999720551e-08;0.0009230037999805062;4.110217999841552e-05
2.2510369998053647e-08;7.660269999760203e-08;0.0010045169999648351;4.288731999695301e-05
2.2679370001424104e-08;7.518134000129066e-08;0.0010034059999452438;4.3474920000880956e-05
2.7433080002083444e-08;7.671466000028886e-08;0.0009448462000000291;4.010989000089466e-05
2.71351000003051e-08;7.095116000273264e-08;0.0008779906000127085;4.122417999897152e-05
2.0845730000291952e-08;7.207355999853463e-08;0.000997092000034172;4.3013980000978334e-05
2.271027000097092e-08;7.712216000072657e-08;0.0008071703999885357;4.134753000107594e-05
2.180720000178553e-08;8.06447200011462e-08;0.0010017730000254233;4.3334450002294036e-05
2.549271000025328e-08;6.881524000200443e-08;0.0010016149999864865;3.720554000174161e-05
2.1209430001908914e-08;7.552769999601878e-08;0.0010183330001018475;4.474304000032134e-05
2.7081689999613446e-08;7.621741999755614e-08;0.0009281400000327267;4.555021999985911e-05
2.4209529999643563e-08;7.276218000333757e-08;0.0009250517999753356;4.287154000485316e-05
2.3186770000029356e-08;8.483838000101969e-08;0.0009155010000104084;3.97381899994798e-05
2.5820670000393874e-08;7.833157999557443e-08;0.0008683261999976821;4.400501999771222e-05
2.8992770001059396e-08;7.921709999791346e-08;0.0008854709999868647;4.5388019998790696e-05
2.3750875001132955e-08;7.374921999871731e-08;0.0008226682000095025;2.7198289998341353e-05
1.723879999917699e-08;5.734539999975823e-08;0.0007359691999736242;2.7499860001262277e-05
1.5953730000182987e-08;5.6499320000875744e-08;0.0007440838000038639;2.7541189998737537e-05
1.5972295000392478e-08;5.789358000038192e-08;0.0007379285999923013;2.8790540000773034e-05
1.6463654999097344e-08;5.527533999993466e-08;0.0007272772000287659;2.7193280000938104e-05
1.6500540000561158e-08;5.4131940001389014e-08;0.0007295781999710016;2.847654000215698e-05
1.6840914999193047e-08;5.47139199974481e-08;0.0007313482000026851;2.8551270000752992e-05
1.618444999912754e-08;5.366016000043601e-08;0.0007548428000300192;2.728402999928221e-05
1.7139005000353792e-08;5.486541999853216e-08;0.0007397036000038497;2.7322319999802857e-05
1.711338000022806e-08;5.522245999891311e-08;0.0007305587999871932;2.809895999962464e-05
2.205050000047777e-08;5.491556000197306e-08;0.0007292994000017643;2.7285439998377116e-05
1.598167000047397e-08;5.432949999812991e-08;0.0007366977999918163;2.7572819998022167e-05
1.6035459999693558e-08;5.503597999922931e-08;0.0007351970000308938;2.6785679999738933e-05
1.6735859999607784e-08;5.4851319995941596e-08;0.0007356394000235014;2.726736000040546e-05
1.6389999999955762e-08;5.434755999594927e-08;0.0007253525999840349;2.6288920000661163e-05
1.577057000104105e-08;5.475818000268191e-08;0.0007277427999651991;2.668355999921914e-05
1.578575500025181e-08;5.4222479998134074e-08;0.0007422092000488192;2.6881129998946563e-05
1.6090830000757704e-08;5.436905999667943e-08;0.0007304051999817603;2.7376109999022447e-05
1.5701130000525155e-08;5.523754000314511e-08;0.0007269220000016503;2.6810749998549e-05
1.6490199998952447e-08;5.397138000116684e-08;0.0007346746000112034;2.7214350001304412e-05
1.6465430000971537e-08;5.4336780001176524e-08;0.0007313716000062414;2.7072150001185946e-05
1.5900739999779035e-08;5.4229379998287184e-08;0.0007154638000065461;2.7328610001131892e-05
1.6122904999065214e-08;5.702113999868743e-08;0.0007318211999954656;2.6563680000253954e-05
1.5854724998644086e-08;5.381946000270546e-08;0.0007257809999864548;2.68444899993483e-05
1.5998349999426864e-08;5.545438000117429e-08;0.0007316244000103324;2.9283610000857153e-05
1.5915715000301134e-08;5.678868000395596e-08;0.0007338283999706618;2.6951910002389923e-05
1.582304000039585e-08;5.4533779999474065e-08;0.0007279806000296958;2.673720000020694e-05
1.667163999954937e-08;5.301661999546923e-08;0.0007410382000380195;2.8221919998759405e-05
1.659626000036951e-08;5.400592000223696e-08;0.000721094999986235;2.6708160000271162e-05
1.6006184999423568e-08;5.536376000382006e-08;0.0007207916000043042;2.6902789997984657e-05
1.6550310001184697e-08;5.44848199991975e-08;0.0007278044000267982;2.7735970000503586e-05
1.6812724999908823e-08;5.391251999535598e-08;0.0007242868000175804;2.636173999926541e-05
1.6453545000695156e-08;5.346548000234179e-08;0.0007426377999945544;2.8187809998053127e-05
1.6275714999937917e-08;5.517838000087067e-08;0.0007124429999967105;2.6576660000137053e-05
1.5675875000306405e-08;5.6254600000102075e-08;0.0007404706000234;2.764852999825962e-05
1.606093000009423e-08;5.453357999795116e-08;0.0007314001999911852;2.7101190001121722e-05
1.5702425000199583e-08;5.3766999999061224e-08;0.0007263108000042848;2.663530000136234e-05
1.6157470000325702e-08;5.587438000366092e-08;0.0007408413999946788;2.7482619998045266e-05
2.076797999907285e-08;5.423586000106297e-08;0.0007171951999771409;2.7461120000225492e-05
1.646465499943588e-08;5.671540000475943e-08;0.0007333575999946333;2.691579999809619e-05
1.6273070000170266e-08;5.2778500004205855e-08;0.0007377985999919474;2.664562999852933e-05
1.659003000095254e-08;5.681008000392467e-08;0.0007406370000098832;2.7343099997960964e-05
1.5974765000282787e-08;5.5681359994923695e-08;0.0007220376000041142;2.6888779998989775e-05
1.6149270000460092e-08;5.471217999584042e-08;0.0007260822000098414;2.677874999935739e-05
1.624637999921106e-08;5.251758000231348e-08;0.000730887400044594;2.692432999901939e-05
1.6056844999548048e-08;5.458109999890439e-08;0.0007271573999896645;2.7684570002020337e-05
1.558974999934435e-08;5.6507780001265925e-08;0.0007282053999952041;2.660174999909941e-05
1.6742174999671988e-08;5.442166000138968e-08;0.0007323069999692961;2.7062840000144206e-05
1.594030499982182e-08;5.4498380003497007e-08;0.0007365413999650628;2.6680969999870284e-05
1.6487925000546966e-08;5.6293640000512824e-08;0.0007285292000160553;2.73281700006919e-05
1.5605700000014622e-08;5.481859999708831e-08;0.0007232879999792203;2.7830019997782072e-05
1.584125499939546e-08;5.5629439995391296e-08;0.0007253742000320927;2.7997649999451825e-05
1.57147249992704e-08;5.5136500002117826e-08;0.0007467524000094272;2.8482749999966472e-05
1.6205625000293367e-08;5.671739999670535e-08;0.0007522045999648981;2.6917060001869687e-05
1.6352729999925942e-08;5.6846819998463616e-08;0.0007491607999545522;2.8719810000620783e-05
1.6910709999501705e-08;5.4208139999536795e-08;0.0007276960000162944;2.6773819999652915e-05
1.629300500062527e-08;5.278771999874152e-08;0.0007235193999949842;2.690188999986276e-05
1.6105685000366065e-08;5.660671999794431e-08;0.0007284208000055514;2.6949480001349004e-05
1.588303500029724e-08;5.638987999991514e-08;0.0007348001999780536;2.7610300001106224e-05
1.5968640000210144e-08;5.367827999871224e-08;0.0007329575999756344;2.7041409999947063e-05
1.6512469999725e-08;5.630768000264652e-08;0.0007241974000353367;2.730364000017289e-05
1.5790320000087377e-08;5.5831639998359606e-08;0.0007375916000455617;2.6454530001501553e-05
1.5890070000023116e-08;5.324793999898248e-08;0.0007256187999737449;2.7501360001042485e-05
1.6366890000062993e-08;5.345680000027641e-08;0.0007366647999733686;2.7046080000582153e-05
1.514644999988377e-08;5.37229000008665e-08;0.0007426862000138499;2.72090999991633e-05
1.6673630000150298e-08;5.627161999582313e-08;0.0007363796000136063;2.713588000042364e-05
2.0980989999952726e-08;5.5269599996972826e-08;0.000728330800018739;2.695141999865882e-05
1.5666795001015998e-08;5.2382959995884446e-08;0.0007470371999661438;2.826753999979701e-05
1.572073999996064e-08;5.377625999972224e-08;0.0007182320000138133;2.7203379999264145e-05
1.60930650003138e-08;5.680873999954201e-08;0.0007394754000124522;2.7405520001775586e-05
1.6635219998715912e-08;5.573695999919437e-08;0.000737598399980925;2.872088000003714e-05
1.6205724999599626e-08;7.854965999722481e-08;0.0009314076000009663;2.7464330001384952e-05
1.6227805000380614e-08;7.751875999965705e-08;0.0009235011999844573;2.6773510000202805e-05
1.6389214999799152e-08;8.095523999654688e-08;0.0009256544000236318;2.843849000055343e-05
1.5965824999148026e-08;7.89909399987664e-08;0.0009327103999676183;2.9399089998332782e-05
1.6190189999178983e-08;7.909339999896474e-08;0.0009145341999828815;2.8455300000496207e-05
1.5757174999453127e-08;8.027562000206672e-08;0.0009249245999963022;2.804726999893319e-05
1.646182999975281e-08;7.523731999681331e-08;0.0009375519999885;2.6904829998966307e-05
1.6091325000161306e-08;7.92899199994281e-08;0.000941657000046689;2.8304940002271905e-05
1.6114229999948293e-08;7.811645999900066e-08;0.0009252765999990516;2.736319999967236e-05
1.674448499979917e-08;7.830225999932736e-08;0.0009288857999490574;2.7614300002460367e-05
1.6697529998782556e-08;7.528340000426397e-08;0.0009309196000103838;2.8017899999395013e-05
1.583929500047816e-08;8.339575999998488e-08;0.000917366600013338;2.7262560001690874e-05
1.573307000071509e-08;7.69847400020808e-08;0.0009114726000116207;2.7227580000180752e-05
1.579609500040533e-08;7.807458000024781e-08;0.00091434959997423;2.7628759999061002e-05
1.5692665000096895e-08;7.396481999894604e-08;0.0009262176000047475;2.771725000056904e-05
1.6076099999190772e-08;7.665871999925002e-08;0.0009404179999837652;2.755501000210643e-05
2.0750119999866002e-08;7.603425999986939e-08;0.0009318294000113383;2.947926000051666e-05
1.6737394999654496e-08;7.913927999907173e-08;0.0009308387999772094;2.8973999997833744e-05
1.5919299999950453e-08;8.205849999794737e-08;0.0009299564000102692;2.9392500000540167e-05
1.65787600009935e-08;7.961701999884099e-08;0.0009166149999946355;2.7276829999755138e-05
1.6584109999530482e-08;8.026822000392713e-08;0.0009333387999795377;2.748702999961097e-05
1.6523544999654404e-08;7.970045999973081e-08;0.000924241799977608;2.7165729997796005e-05
1.6000560000247788e-08;8.198090000078082e-08;0.0009411977999843657;2.7574290000484324e-05
1.606704500009073e-08;8.301766000222414e-08;0.0009409978000330739;2.6881939999293538e-05
1.6153069998836145e-08;7.773729999898932e-08;0.0009185784000437707;2.7651280001737176e-05
1.5647279999393506e-08;7.612339999759569e-08;0.00094450440001674;2.8402320001623595e-05
1.636245499976212e-08;7.639330000383779e-08;0.0009318179999827407;2.8802949999226258e-05
1.6792064999754076e-08;7.845066000008955e-08;0.0009144595999969169;2.8183100000023844e-05
1.596140000037849e-08;8.030091999680735e-08;0.0009297062000259757;2.8454920000513084e-05
1.6219344999990427e-08;7.898837999673561e-08;0.0009322948000044562;2.7341129997512325e-05
1.6418084999895655e-08;7.838485999964178e-08;0.0010107330000028013;2.89430499979062e-05
1.660921500006225e-08;7.655390000436456e-08;0.0009269144000136294;2.718670000031125e-05
1.6547150000405964e-08;7.633007999975234e-08;0.0009142035999684595;2.7059349999763072e-05
1.628465500107268e-08;7.782143999938854e-08;0.0009123660000041128;2.7950750000309198e-05
1.6501009999774398e-08;7.539096000255086e-08;0.0009402160000172444;2.685848999826703e-05
1.60675999999512e-08;7.524272000300698e-08;0.0009110062000108883;2.7027089998591693e-05
1.5824864999740385e-08;7.904291999875568e-08;0.0009303802000358701;2.7528760000132026e-05
1.637763500039e-08;7.956191999837756e-08;0.0009135562000446953;2.757184999936726e-05
1.5739409999514463e-08;7.602710000355728e-08;0.000926078199991025;2.7241530001629145e-05
1.551117500057444e-08;7.469797999947332e-08;0.0009207312000216916;2.703609000018332e-05
1.658618499932345e-08;7.617335999966599e-08;0.0009169798000366427;2.72425100003602e-05
1.602382499986561e-08;7.533816000213846e-08;0.0009209914000239223;2.7070939997793176e-05
1.55821249994915e-08;7.436190000153147e-08;0.0009258298000204377;2.696693000034429e-05
1.594601499964483e-08;7.466486000339501e-08;0.000920220399973914;2.7676760000758806e-05
2.1425900000031106e-08;8.269671999732964e-08;0.000917141400044784;2.854654999973718e-05
1.634366499929456e-08;7.97286199987866e-08;0.0009218726000399329;2.7282990000094287e-05
1.6200290000415406e-08;7.749201999977232e-08;0.0009172561999876052;2.847287000040524e-05
1.547213500016369e-08;7.58278599998448e-08;0.0009357896000146866;2.8311730001587422e-05
1.6367999999783932e-08;7.920168000273406e-08;0.0009216791999642738;2.7719890000298618e-05
1.5744800001266412e-08;7.73882000008598e-08;0.0009083959999843501;2.88477399997646e-05
1.5940029999183026e-08;7.996480000438169e-08;0.0009257754000136629;2.8899810000439174e-05
1.6011725000862498e-08;7.571317999972961e-08;0.0009241937999613584;2.722969999886118e-05
1.5737830000580287e-08;8.019861999782733e-08;0.0009180867999675683;2.7737670001806692e-05
1.6267905000131578e-08;8.182116000098176e-08;0.000914550399989821;2.8782669999054633e-05
1.6617485000460874e-08;8.041158000123687e-08;0.0009303643999737688;2.7773980001802555e-05
1.5568429999984802e-08;7.427401999593713e-08;0.0009072294000070542;2.8146329999435694e-05
1.649076000030618e-08;8.425725999986753e-08;0.0009225153999868781;2.7600289997644723e-05
1.686342499888269e-08;7.389379999949596e-08;0.000925746800028719;2.751622999785468e-05
1.5700104999996257e-08;8.239628000301308e-08;0.0009307220000191592;2.84858200000599e-05
1.5636670000094454e-08;7.588271999848075e-08;0.0009203467999468558;2.8257270000176504e-05
1.6781544999685137e-08;8.303645999985746e-08;0.0009256860000314191;2.7387479998287743e-05
1.6342174999590497e-08;8.332274000276811e-08;0.0009129269999684766;2.7436289997422136e-05
1.6264824999962003e-08;8.13624800008256e-08;0.000937231799995061;2.8793650001171045e-05
1.571074500097893e-08;7.907223999500275e-08;0.0009092661999748089;2.8924929999629965e-05
1.5911434999725316e-08;8.478371999808587e-08;0.0009186664000153541;2.727252999902703e-05
1.61154000001261e-08;7.695748000405729e-08;0.0009074107999913394;2.730876999848988e-05
1.6409170000406446e-08;7.73190199979581e-08;0.0009150204000179656;2.7339399998891167e-05
1.587926999927731e-08;8.076727999723516e-08;0.0009227531999931671;2.8334730002097786e-05
1.5972019999753684e-08;8.15426999994088e-08;0.000923623199982103;2.7216990001033993e-05
1.5603070000361187e-08;7.84654600021895e-08;0.000930919400008861;2.7362839999841525e-05
1.573336000001291e-08;8.069130000076256e-08;0.0009141073999926447;2.7095740000368095e-05
1.587689500011038e-08;7.799493999918923e-08;0.0009168030000291764;2.7899729998898693e-05
2.0900090000941418e-08;7.4867160001304e-08;0.0009200589999672957;2.821190000104252e-05
1.6338354999606965e-08;8.252723999903537e-08;0.0009311498000170105;2.7570870000636205e-05
1.6732045001117513e-08;7.570406000013463e-08;0.000915086799999699;2.7300560000003315e-05
1.592252999980701e-08;7.319943999755196e-08;0.0009274808000191115;2.846068000071682e-05
1.61909000002197e-08;7.995782000361941e-08;0.0009084684000117704;2.6921120000770316e-05
1.6535665000264998e-08;7.905345999752171e-08;0.0009210114000015893;2.8398219999508003e-05
1.5448194999771658e-08;7.781127999769524e-08;0.0009181785999680869;2.743442000064533e-05
1.6503765000379644e-08;7.520537999807856e-08;0.0009168030000291764;2.6858459998038598e-05
1.568443499854766e-08;7.581241999869235e-08;0.0009210308000328951;2.6735910002025774e-05
1.605024000018602e-08;7.56606200011447e-08;0.0009130197999766096;2.6601249998202547e-05
1.6097975001321174e-08;7.340022000134923e-08;0.0009176608000416309;2.884254999808036e-05
1.5675284998724237e-08;7.64779000019189e-08;0.000923529600026086;2.8079459999571555e-05
1.665621000138344e-08;7.985917999758386e-08;0.0009052716000005603;2.9360579999047332e-05
1.6319849999854342e-08;8.090643999748863e-08;0.0009403029999812134;2.76015199982794e-05
1.5641034999862313e-08;8.102850000141189e-08;0.0009264341999660246;2.721146999974735e-05
1.6848885000217705e-08;7.692735999589787e-08;0.0009252107999636792;2.9095630001393147e-05
1.676514999999199e-08;7.844762000022456e-08;0.0009381915999692865;2.6589189999504014e-05
1.6490294999675827e-08;7.333236000267789e-08;0.000928706000035163;2.8404219998628833e-05
1.6042834999097977e-08;8.251538000185974e-08;0.0009506650000112131;2.8609129998949356e-05
1.5696954999293668e-08;8.270894000306725e-08;0.0009229909999994561;2.7935040000011213e-05
1.5874514999450185e-08;8.278900000150315e-08;0.0009345830000238493;2.718851999961771e-05
1.6679215000476687e-08;7.920173999737017e-08;0.0009159986000158824;2.7146950000314974e-05
1.6647250000096393e-08;7.662682000081986e-08;0.0009271023999899626;2.7108189999125898e-05
1.610036000056425e-08;7.69505400035996e-08;0.0009142137999879196;2.8461630002129824e-05
1.614201500051422e-08;7.516557999770157e-08;0.0009116045999689959;2.7207320000161418e-05
1.573907499987399e-08;7.593623999855481e-08;0.0009191244000103325;2.668552999966778e-05
1.5871114999754354e-08;7.852551999967546e-08;0.0009348676000372507;2.909980000113137e-05
1.6013994999229907e-08;8.390984000288881e-08;0.0009159076000214555;2.719696999993175e-05
2.2346760000800715e-08;7.743263999582268e-08;0.001142816999927163;2.850079000054393e-05
1.5655564999906345e-08;7.709937999607064e-08;0.0011414725000213365;2.7515040000434964e-05
1.6407805000199004e-08;7.697049999842421e-08;0.0011360399999830405;2.7817340000183323e-05
1.639288000005763e-08;7.342893999884836e-08;0.0011343134999333415;2.8140999999595806e-05
1.569100999913644e-08;7.846998000168241e-08;0.0011114374999306165;2.785697000217624e-05
1.5666034999594556e-08;7.387482000049203e-08;0.001096982500021113;2.7802619998692535e-05
1.5435270000307356e-08;7.643682000343688e-08;0.0011189440000453034;2.7710770000703634e-05
1.6373994998866693e-08;7.739949999959208e-08;0.0011325790001137648;2.7685789999668486e-05
1.6732730000512675e-08;8.17648999975063e-08;0.001143090500117978;2.824615999998059e-05
1.6037759999744594e-08;8.303941999911331e-08;0.0011114925000583753;2.8105789999244735e-05
1.5869749999546912e-08;7.800162000348792e-08;0.0010973129999183584;2.826397999888286e-05
1.5557484999590086e-08;8.214176000328735e-08;0.0011471979999623726;2.81679300009273e-05
1.5941179999208545e-08;8.109790000016801e-08;0.0011100494999845979;2.7346199998282826e-05
1.616208000050392e-08;7.663400000310503e-08;0.0011381755000911653;2.7412230000481942e-05
1.669609000091441e-08;7.752065999666229e-08;0.0011095454999303911;2.9708690001280048e-05
1.6447214999061544e-08;7.933386000222527e-08;0.0011371195000538137;2.713213000097312e-05
1.676968499959912e-08;8.16270400013309e-08;0.0011089400001219475;2.7807180001400412e-05
1.671383000066271e-08;8.023085999884643e-08;0.0011031109999748879;2.746816000144463e-05
1.5909210000245366e-08;7.92027399991639e-08;0.00113718600012362;2.7614830000675282e-05
1.6087570000672713e-08;7.502500000409782e-08;0.001096084000018891;2.8140669999993408e-05
1.634473000012804e-08;7.609843999962322e-08;0.0010832259999006056;2.8190089997951873e-05
1.6668974999629427e-08;7.837280000094325e-08;0.0011005329999898095;2.95227700000396e-05
1.6140745001030154e-08;7.947520000161603e-08;0.0011063959999592045;2.7446720001171342e-05
1.590138500032481e-08;7.504744000034407e-08;0.001095192499924451;2.709589000151027e-05
1.5565845000674015e-08;7.79218400013633e-08;0.0011116889999539126;2.822114000155125e-05
1.572658999939449e-08;7.834181999787688e-08;0.0011085754999658093;2.7408219999051653e-05
1.5938209999876562e-08;7.288609999814071e-08;0.0010930940000980626;2.7699799998663367e-05
1.5822784999909344e-08;7.279687999980524e-08;0.0010927179999998772;2.757227999973111e-05
2.126183999935165e-08;7.310167999821715e-08;0.001118434500094736;2.8149749999283813e-05
1.5252660000987818e-08;7.5175679998938e-08;0.0011045960000774357;2.7969549997942524e-05
1.570888999995077e-08;7.827059999690391e-08;0.001123298500024248;2.8632740001194178e-05
1.6173690000141504e-08;8.106152000254951e-08;0.0010869829999865033;2.9217590001644568e-05
1.6147880000062288e-08;7.296529999584891e-08;0.0011132324999198317;2.8182920001563615e-05
1.575373499945272e-08;7.640438000089489e-08;0.0011271035000390839;2.7639419998740777e-05
1.6168289999768604e-08;7.376420000218787e-08;0.0011248199999681673;2.797479000000749e-05
1.5922104999481234e-08;7.138510000077077e-08;0.0010981539999193046;2.74468399991747e-05
1.6104020000784656e-08;7.85459999984596e-08;0.0011070889999973588;2.8710339998360725e-05
1.560077499889303e-08;7.78416000015568e-08;0.001094452499964973;2.88809499994386e-05
1.573968999873614e-08;7.402983999927528e-08;0.001103335500083631;2.7492669998900964e-05
1.57236400002148e-08;7.413230000529439e-08;0.0011337240001012105;2.718986000108998e-05
1.5881644999899437e-08;7.544344000052661e-08;0.0011372310000297148;2.7483179999399e-05
1.5882484999019654e-08;7.845705999643541e-08;0.001109285499987891;2.7397030001156963e-05
1.6349735000403597e-08;7.789439999614843e-08;0.0011056155001278967;2.7841900000930762e-05
1.5812035000999457e-08;7.404810000443831e-08;0.0011222984999767504;2.915635000099428e-05
1.57876050012419e-08;7.505653999978677e-08;0.0011133884999435396;2.9260440001962705e-05
1.5958140000293498e-08;7.729656000155956e-08;0.0010876144999929238;2.8123639998375437e-05
1.57111549997353e-08;7.797607999527826e-08;0.00110111699992558;2.767359999998007e-05
1.5848084999015554e-08;7.763426000019536e-08;0.0011080525000579655;2.7908680000109597e-05
1.593538500019349e-08;7.755114000174217e-08;0.0011412665000534617;2.790556999971159e-05
1.5976140000566376e-08;7.546024000039325e-08;0.001105717499885941;2.739302999980282e-05
1.5903065000020432e-08;8.072933999937959e-08;0.0011382090000552126;2.857147999748122e-05
1.635820999945281e-08;7.469185999943875e-08;0.0010879544999625069;2.705302000103984e-05
1.5748834999976678e-08;7.388016000040807e-08;0.00112726899998961;2.7980590000515803e-05
1.614469499909319e-08;7.43168400018476e-08;0.0011129140001139603;2.7094569997279904e-05
1.5989694999007044e-08;7.890926000545733e-08;0.001121017999976175;2.8086810000240802e-05
1.5992355000344106e-08;7.226055999635718e-08;0.0011293724999995901;2.854079999960959e-05
2.2346169999218544e-08;8.202760000131093e-08;0.0011170814999786672;2.8265780000947415e-05
1.5899399999761955e-08;7.386129999649711e-08;0.0011334670000360347;2.8525650000665338e-05
1.677229500055546e-08;8.000480000046082e-08;0.0011195854999823496;2.793209000083152e-05
1.632497999962652e-08;7.319480000296607e-08;0.0011355100000218954;2.9382240000995807e-05
1.627252500038594e-08;8.144589999574237e-08;0.0011339349999616387;2.804809999943245e-05
1.5994670000509357e-08;7.771378000034019e-08;0.0011068789999990258;2.8206529997987674e-05
1.608545999915805e-08;7.529877999913879e-08;0.0011294239999551793;2.727661000099033e-05
1.5585579999606126e-08;8.104690000182017e-08;0.001088933499995619;2.8183679998619483e-05
1.572735499939881e-08;7.73539800022263e-08;0.0011042490000545513;2.824278000043705e-05
1.67381449995446e-08;7.397424000082538e-08;0.0011263889999827371;2.8043760001310148e-05
1.6720474998874124e-08;7.855699999490753e-08;0.0011405840000952593;2.8124339997884817e-05
1.620662000059383e-08;7.929704000125639e-08;0.0011365479999221862;2.7184679999481886e-05
1.55546449997928e-08;7.41472200024873e-08;0.001087668499967549;2.716445999976713e-05
1.616183500009356e-08;7.94738199969288e-08;0.0011352650000480936;2.7398080000421033e-05
1.650913500052411e-08;7.78905399958603e-08;0.0011265989999810699;2.7233460001298227e-05
1.5934189999825323e-08;8.144360000151209e-08;0.0011405294999713078;2.738299999909941e-05
1.5874869999242948e-08;7.482711999909952e-08;0.00110019600004307;2.837170000129845e-05
1.5537595000932924e-08;7.142792000086046e-08;0.0011243045001174323;2.700065999815706e-05
1.6455020000285004e-08;7.257643999764695e-08;0.001111347999976715;2.7124150001327507e-05
1.6083160000562202e-08;7.669540000497364e-08;0.00109920749993762;2.8011769999284297e-05
1.587588999973377e-08;7.536802000249735e-08;0.001103941500041401;2.820233999809716e-05
1.57575649995124e-08;7.24283799994737e-08;0.0010903770000732038;2.715524999948684e-05
1.5613950000260956e-08;7.412704000016675e-08;0.0011309060000348837;2.821813999908045e-05
1.612672999908682e-08;8.078064000001177e-08;0.0010905435000313447;2.9265400001895615e-05
1.5709039999637753e-08;7.928352000308224e-08;0.0011082390000228771;2.922314000024926e-05
1.570897000055993e-08;7.973228000337258e-08;0.0011326469999039545;2.8968230000464246e-05
1.6645484999753534e-08;7.433046000078321e-08;0.00113577099997201;2.7805149997584522e-05
1.6106159999617376e-08;7.494931999826804e-08;0.001118656999897212;2.876504999876488e-05
2.1339049999369307e-08;8.150985999964177e-08;0.0011288125001010486;2.781768999993801e-05
1.6715120000299065e-08;7.296343999914825e-08;0.001129806999961147;2.8268449997995048e-05
1.6596044998732395e-08;7.542886000010184e-08;0.0011218554999504705;2.881065999972634e-05
1.656620499998098e-08;8.201882000430487e-08;0.0011130295001203195;2.845429999870248e-05
1.5779019999899903e-08;7.910763999680057e-08;0.00109593599991058;2.7604329999303446e-05
1.5870470000663773e-08;7.362169999978504e-08;0.0011141399999905844;2.751622999785468e-05
1.6715094998653514e-08;8.056721999892034e-08;0.0011082650000753347;2.8822930000023917e-05
1.5893484999833162e-08;7.650159999611787e-08;0.001117839500075206;2.8321029999642634e-05
1.5844669999205508e-08;7.341550000128336e-08;0.00112607350005419;3.012033999839332e-05
1.5730669999902602e-08;7.286643999977969e-08;0.0011320320000231731;2.884784000052605e-05
1.5500929999689104e-08;7.872536000213585e-08;0.0010893114999635145;2.8054770000744612e-05
1.5579400000569876e-08;8.140119999879971e-08;0.0011275305000890512;2.8355020002345553e-05
1.6432345000794158e-08;8.090133999940008e-08;0.0011124995000136551;2.7500620001228527e-05
1.644821499940008e-08;7.74645600002259e-08;0.0011199589999159798;2.8746610000962393e-05
1.604278000013437e-08;7.816975999739952e-08;0.0010793384999851696;2.7612330002011732e-05
1.580569000070682e-08;7.16712000023108e-08;0.0011142924999876414;2.812018000113312e-05
1.5765029999602122e-08;5.284578000428155e-08;0.0013453140000638086;7.78405399993062e-05
1.5788795000116805e-08;5.37914999993518e-08;0.001347218500013696;7.773783999728038e-05
1.5863454999634996e-08;5.604633999755606e-08;0.0013240474999474828;7.774176000384614e-05
1.6122480000194627e-08;5.580251999781467e-08;0.0013784109998960048;7.796953999786638e-05
1.5673185000196098e-08;5.4057940002530816e-08;0.0013543224999739323;7.820057999924757e-05
1.6272285000013652e-08;5.6017539999447766e-08;0.001354422500007786;7.623468000092543e-05
1.6501520000747404e-08;5.2555939997546375e-08;0.0013700330001302063;7.656999999890103e-05
1.611955999978818e-08;5.4480560001684353e-08;0.0013548724999418481;7.783236000104808e-05
1.6528534999815746e-08;5.596734000137076e-08;0.0013526100000308362;7.700165999704041e-05
1.596376999950735e-08;5.2999299997463825e-08;0.0013632555000367575;7.721819999860599e-05
1.6561645000183488e-08;5.295100000221282e-08;0.0013245759998972062;7.878830000408926e-05
1.5812449999793897e-08;5.570008000358939e-08;0.0013573655000072905;8.009007999789901e-05
1.631496500049252e-08;5.6285680003929885e-08;0.001340813499991782;7.833066000021063e-05
1.5710075000242795e-08;5.24381400027778e-08;0.0013622894999571144;7.742528000380844e-05
1.5228555000794587e-08;5.281121999723837e-08;0.0013637500000186265;7.770591999869794e-05
1.6569485000218263e-08;5.618995999684557e-08;0.0013661600000341423;7.961315999855287e-05
1.592491500050528e-08;5.493986000074074e-08;0.0013423424999928102;8.005324000259862e-05
1.6445014999771957e-08;5.6029719999060034e-08;0.001358201499970164;7.599267999758012e-05
1.5991800000483637e-08;5.625162000069395e-08;0.0013562570000067353;7.70012199995108e-05
1.6751975000079256e-08;5.4466819996014236e-08;0.0013389549999556038;8.079055999987758e-05
1.596241500083124e-08;5.5884260003222156e-08;0.0013640980000491254;7.738231999683194e-05
1.5961165000044273e-08;5.5106939998222514e-08;0.0013364820000424515;8.098902000347153e-05
1.603183999977773e-08;5.544390000286512e-08;0.00134088700011489;7.695106000173838e-05
1.5677649999270216e-08;5.345271999831311e-08;0.001346861999918474;7.662931999657304e-05
1.5831855000578797e-08;5.531216000090353e-08;0.0013376609999977518;7.799546000314876e-05
1.5535369999997785e-08;5.5884259997401385e-08;0.001376973000005819;7.779847999918275e-05
2.2373939998215063e-08;5.5309120001038536e-08;0.001362748000101419;8.018793999799528e-05
1.6001400000823198e-08;5.210990000050515e-08;0.001345506499928888;8.16973400011193e-05
1.5621984998870175e-08;5.469493999844417e-08;0.001345005500043044;8.007719999877736e-05
1.6637015000742395e-08;5.401886000181548e-08;0.0013545519999752288;7.645796000142582e-05
1.5955339999345596e-08;5.2753140003187584e-08;0.0013571314999717289;7.728422000072897e-05
1.5629030000127386e-08;5.296630000229925e-08;0.0013331855001160874;7.67327799985651e-05
1.573537999938708e-08;5.499069999787025e-08;0.0013465885000186971;7.686074000084773e-05
1.6059504999429918e-08;5.4769600002327936e-08;0.001377024499961408;8.200659999856726e-05
1.6711964999558404e-08;5.4269019997445866e-08;0.0013432329999341164;7.690597999608145e-05
1.571521500009112e-08;5.3211960004409773e-08;0.0013685360000818035;7.714259999920614e-05
1.5578490000916645e-08;5.474366000271402e-08;0.001351591999991797;7.66857800015714e-05
1.6231904999585823e-08;5.402116000186652e-08;0.0013510455000505317;7.949572000070475e-05
1.5726179999182933e-08;5.398376000230201e-08;0.0013394930001231842;8.111762000480667e-05
1.6097604999959004e-08;5.2642799995373936e-08;0.0013662459999613929;7.809186000376939e-05
1.57624150000629e-08;5.227366000181064e-08;0.0013496614999894518;7.665514000109397e-05
1.6631599998800083e-08;5.331796000245959e-08;0.0013525774999288843;7.758369999937713e-05
1.5696685000148135e-08;5.38501399976667e-08;0.001352453500003321;7.80380200012587e-05
1.6145134999533182e-08;5.2754679997451604e-08;0.001358213499916019;7.796671999967657e-05
1.6239894999307582e-08;5.285922000184655e-08;0.0013651720000780188;7.73583400005009e-05
1.62170249997871e-08;5.3147200000239535e-08;0.001338926500029629;7.904129999806173e-05
1.6165180000825785e-08;5.320788000244647e-08;0.001346388000092702;7.664148000185378e-05
1.6792469999927562e-08;5.406992000062019e-08;0.0013562590000219643;7.859412000398151e-05
1.593896499980474e-08;5.307948000263423e-08;0.0013406559999566525;8.046978000202216e-05
1.5745590000005905e-08;5.3052160004153845e-08;0.0013631549999990967;7.674437999958172e-05
1.652258500107564e-08;5.4010019998531786e-08;0.0013776004999817815;8.010288000223227e-05
1.575060999894049e-08;5.569257999886759e-08;0.0013262994999240618;7.901004000450484e-05
1.624604999960866e-08;5.4158919997280465e-08;0.001376511999987997;7.579296000185422e-05
1.659584999870276e-08;5.624174000113271e-08;0.0013900199999625328;7.60041999979876e-05
2.233861999993678e-08;5.653349999920465e-08;0.0013794374999997671;7.643543999874964e-05
1.544584999937797e-08;5.31626200012397e-08;0.0013392214999475981;7.786353999981656e-05
1.5918030000466388e-08;5.5967940000118687e-08;0.0013645245000952855;7.78524000023026e-05
1.6008405000320635e-08;5.57282000023406e-08;0.0013429734999954234;7.727214000187815e-05
1.5967799999634734e-08;5.655762000242248e-08;0.001338190999958897;7.910793999908492e-05
1.571496499964269e-08;5.2244680002331736e-08;0.0013379534998966846;7.701054000062868e-05
1.610742500051856e-08;5.452938000089489e-08;0.0013707014999818057;7.608059999765828e-05
1.6038845000730363e-08;5.617684000171721e-08;0.0013566660000651608;7.702506000059656e-05
1.609265500010224e-08;5.5439980002120136e-08;0.001377498500078218;7.751882000011392e-05
1.6296304999559652e-08;5.458189999917522e-08;0.0014001819999248256;7.670490000164136e-05
1.5477705000375864e-08;5.250836000195704e-08;0.0013648340001236646;7.951132000307553e-05
1.6711229999782518e-08;5.686587999807671e-08;0.0013589749998936895;7.627297999570147e-05
1.6558260000601875e-08;5.427849999978207e-08;0.001382121500064386;7.675300000119023e-05
1.547957500006305e-08;5.379588000359945e-08;0.0013777649999246932;7.798183999839239e-05
1.5913205000106244e-08;5.343439999851398e-08;0.0013555030000861733;7.947672000154853e-05
1.567215000104625e-08;5.265207999618724e-08;0.0013625010001123883;7.931328000267967e-05
1.5852105000521986e-08;5.622042000177316e-08;0.001371337000018684;7.732098000124096e-05
1.5634410000348e-08;5.4303939995588734e-08;0.0013491535000503064;7.778837999794633e-05
1.6121114999987185e-08;5.2727339998818934e-08;0.0013548870000522585;7.681533999857492e-05
1.5413494998938402e-08;5.215621999814175e-08;0.001339733500062721;7.686242000199855e-05
1.60875000001397e-08;5.4222780000418426e-08;0.0013575134999700821;7.938362000277266e-05
1.5745719999540598e-08;5.599974000360817e-08;0.0013453019999724346;7.84207199991215e-05
1.5704459999687968e-08;5.6334120000246915e-08;0.0013359589999890887;7.901003999868408e-05
1.6099865001160652e-08;5.550568000180647e-08;0.001355685999878915;7.570599999744445e-05
1.6088139999192208e-08;5.479922000085935e-08;0.001360837500105845;7.910483999876306e-05
1.622545499994885e-08;5.606960000004619e-08;0.0013513609999790787;7.731596000376157e-05
1.6543385000841228e-08;5.456930000218563e-08;0.001358701499993913;7.733359999838285e-05
1.6679409999051133e-08;5.6129639997379854e-08;0.0013777344999834895;8.189842000138015e-05
2.2169990002294072e-08;5.497970000142232e-08;0.001375363999977708;7.891071999911219e-05
1.634559499943862e-08;5.348084000288509e-08;0.0013825200000428595;7.839132000226528e-05
1.553789000026882e-08;5.297168000251986e-08;0.001368240499868989;7.774181999848224e-05
1.6226490000553893e-08;5.4834259999915955e-08;0.0013540899999497924;7.755517999758013e-05
1.5738805000728462e-08;5.263079999713227e-08;0.0013615575000585523;7.879584000329487e-05
1.567007499979809e-08;5.62699000001885e-08;0.001377134000067599;7.639575999928638e-05
1.603608000004897e-08;5.185877999756485e-08;0.001359655499982182;7.735045999870636e-05
1.5403620000870434e-08;5.349004000308923e-08;0.0013521330000367015;7.737838000175543e-05
1.6654799999378157e-08;5.580877999891527e-08;0.0013371345000632573;7.998070000321604e-05
1.5975369999068788e-08;5.5934360000537706e-08;0.0013692605000687763;7.66568599967286e-05
1.6610030000447297e-08;5.5196200002683325e-08;0.0013712490000762046;8.135572000173852e-05
1.598334500013152e-08;5.602561999694444e-08;0.0013763819998712278;7.642990000313148e-05
1.5822144999401645e-08;5.56280400021933e-08;0.0013676539999141824;7.65847600006964e-05
1.5920394999557174e-08;5.3616700001293796e-08;0.0013573619999806396;7.763284000102431e-05
1.618698500096798e-08;5.3372880001552405e-08;0.0013651984999887646;7.710494000348263e-05
1.5745329999481327e-08;5.324301999644376e-08;0.0013707275000342633;7.784926000167616e-05
1.663094999967143e-08;5.6206560001010074e-08;0.0013681325000652579;7.708757999935188e-05
1.561962499981746e-08;5.332523999968544e-08;0.00134757299994817;7.68219199962914e-05
1.645946499920683e-08;5.599700000020675e-08;0.002154414000106044;7.857842000084929e-05
1.6590110000106505e-08;5.4505900002550337e-08;0.002147508000198286;7.760349999880418e-05
1.6001389999291858e-08;5.468895999947563e-08;0.00216037200007122;8.057179999887013e-05
1.6610430000582708e-08;5.3923380002379416e-08;0.0021503379999194294;7.890780000016093e-05
1.591259499982698e-08;5.330421999678947e-08;0.002126577000017278;7.992880000383593e-05
1.548624999995809e-08;5.476237999973819e-08;0.0021212440001545474;7.776861999882385e-05
1.6548239999974613e-08;5.547831999720074e-08;0.0021558530000038447;8.186531999963336e-05
1.600441999908071e-08;5.235144000034779e-08;0.002130157999927178;7.731225999887102e-05
1.6451950000191573e-08;5.60739399981685e-08;0.002103665999893565;7.810611999593676e-05
1.583832500036806e-08;5.56563800026197e-08;0.0020830230001593008;7.639690000214614e-05
2.1231729999999515e-08;5.2937760000349954e-08;0.002150121000013314;8.113996000029147e-05
1.5219905000412835e-08;5.221658000373282e-08;0.00215035999979591;7.830219999887049e-05
1.6437025000050198e-08;5.3716280002845454e-08;0.0020967330000712537;7.71471600048244e-05
1.640460499911569e-08;5.3179860004456716e-08;0.0021109549998072907;7.68272600020282e-05
1.6361964998941404e-08;5.408444000058808e-08;0.0021176169998943805;7.652972000068985e-05
1.629261499911081e-08;5.5216459999792276e-08;0.0022088380000786856;7.950989999808371e-05
1.5902074999758043e-08;5.379917999962345e-08;0.002110205000208225;7.779132000287064e-05
1.6367609999724664e-08;5.322895999997854e-08;0.002176225000002887;7.888673999696039e-05
1.649174499907531e-08;5.377884000190534e-08;0.002172980000032112;7.865117999608629e-05
1.6005444999609607e-08;5.3320619999431075e-08;0.002173475000017788;8.101006000069902e-05
1.5683480000006968e-08;5.422257999889553e-08;0.002183025999984238;7.733936000149697e-05
1.5652839999529533e-08;5.626293999957852e-08;0.0021644869999727233;7.905993999447674e-05
1.6421425000589808e-08;5.227636000490747e-08;0.0021117470000172034;7.665569999953732e-05
1.6398345000925473e-08;5.3602719999616966e-08;0.002167573000187986;7.788138000178151e-05
1.6456119999929796e-08;5.5290840001543986e-08;0.002173681000131182;7.995867999852636e-05
1.565132999967318e-08;5.475118000176735e-08;0.0021343089998117648;7.8758399997605e-05
1.6288065000844655e-08;5.5922060000011695e-08;0.002130386999924667;7.676638000411913e-05
1.6884535001008773e-08;5.4620739998063074e-08;0.0021657990000676364;7.677323999814689e-05
1.5456285000254865e-08;5.2585780003573746e-08;0.0021239550001337193;7.778373999753967e-05
1.6708460000518243e-08;5.423614000319503e-08;0.0021527119999518616;7.670396000030451e-05
1.583528000046499e-08;5.342030000174418e-08;0.0021713450000970624;7.752943999948911e-05
1.6574344999389724e-08;5.3434679994825276e-08;0.0020910059998277574;7.874619999784045e-05
1.6156634999788367e-08;5.4357580002397296e-08;0.0021547640001517722;7.904061999870464e-05
1.543862499966053e-08;5.437855999916792e-08;0.002114677999925334;8.118430000031367e-05
1.6333604999817907e-08;5.448153999750502e-08;0.0020819579999078997;7.801445999648422e-05
1.6259865000029095e-08;5.518906000070274e-08;0.0021382809997885486;7.652596000116319e-05
1.5896315001009498e-08;5.595997999771498e-08;0.002104493000078946;7.784783999668434e-05
1.61369299996295e-08;5.3750440001022074e-08;0.0021420459999353623;7.944669999997132e-05
2.1529680001549424e-08;5.487315999926068e-08;0.0020957079998333936;7.826608000323177e-05
1.605060500005493e-08;5.294480000156909e-08;0.0021439979999559;7.841579999658279e-05
1.6033504999359138e-08;5.410744000109844e-08;0.0021527240000432358;7.953724000253715e-05
1.6446250000444706e-08;5.281593999825418e-08;0.002165108000044711;8.003800000296906e-05
1.604111000051489e-08;5.234123999834992e-08;0.0021317699999781324;8.160925999982283e-05
1.5988484999979846e-08;5.385046000010334e-08;0.002076322000066284;7.863483999972232e-05
1.6153204999864102e-08;5.389456000411883e-08;0.0021370140000362883;7.790789999999106e-05
1.5767835000588092e-08;5.333472000202164e-08;0.0021640489998389968;8.053032000316306e-05
1.5756915000383742e-08;5.2563639997970315e-08;0.002146315999852959;7.753761999774725e-05
1.6593479999573902e-08;5.336198000004515e-08;0.0021074470001622102;8.00115599995479e-05
1.5852865000488238e-08;5.26523599983193e-08;0.0021124129998497665;7.737078000209294e-05
1.581694000051357e-08;5.275974000105634e-08;0.0021076379998703487;7.827758000348695e-05
1.5828505001263694e-08;5.24714800005313e-08;0.0021781070000724866;7.723794000339694e-05
1.6178365000814665e-08;5.698889999766834e-08;0.0021559639999759383;8.198305999976583e-05
1.6308074998960363e-08;5.5666200001724064e-08;0.00211629700002959;7.622303999960422e-05
1.5970184998877813e-08;5.6464100000448524e-08;0.002087500000197906;7.922122000018134e-05
1.6610049999144395e-08;5.544023999827914e-08;0.0021515679999720306;7.724010000238194e-05
1.640969000000041e-08;5.5420640000374986e-08;0.0021255399999790827;7.735786000266671e-05
1.548023000068497e-08;5.565702000167221e-08;0.002091134999936912;7.860947999870405e-05
1.632203499902971e-08;5.6050279998453337e-08;0.002112805000215303;7.954550000140444e-05
1.598617999989074e-08;5.8357100002467635e-08;0.002085846000118181;7.861247999826446e-05
1.67830349993892e-08;5.4691939998883755e-08;0.002179305000172462;7.851359999622218e-05
1.6245139999955427e-08;5.728230000240728e-08;0.0021437180001521484;8.042996000149288e-05
1.5863184999034274e-08;5.809860000154003e-08;0.0021919609999167733;7.993667999980972e-05
1.6292129999783354e-08;5.476498000207357e-08;0.0021222789998864757;7.978721999679692e-05
1.5674864999891725e-08;5.5070679995696994e-08;0.0021159789999364875;7.857886000419967e-05
1.61415249996935e-08;5.7486880000215026e-08;0.002144626000081189;7.687674000044353e-05
1.6143255001225044e-08;5.515954000293277e-08;0.00212448799982667;7.77070400014054e-05
2.1125349999056198e-08;5.725209999945946e-08;0.0021252809997531585;7.84620199992787e-05
1.604988499893807e-08;5.547907999716699e-08;0.0021428020001621915;7.794975999859162e-05
1.6583850000461097e-08;5.6093720003264024e-08;0.002154406000045128;7.932175999740139e-05
1.5693694999208673e-08;5.695849999901839e-08;0.0020982650000951255;7.783538000076077e-05
1.5901274999487214e-08;5.489147999905981e-08;0.0021276270001544615;7.802948000025936e-05
1.6721914999652655e-08;5.7912480004597453e-08;0.002161848999967333;7.819585999823176e-05
1.6433989998768083e-08;5.5552160000661385e-08;0.002121360000164714;7.775184000493027e-05
1.601261999894632e-08;5.5335280002327635e-08;0.002127287000184879;7.77438000019174e-05
1.616572999919299e-08;5.722139999852516e-08;0.0020993929999531245;7.990897999843583e-05
1.6440155000600497e-08;5.6095080001978205e-08;0.002115849999827333;7.903708000085316e-05
1.641562500008149e-08;5.652337999781594e-08;0.0021595549999619836;7.799362000077962e-05
1.5624625000054947e-08;5.552193999756127e-08;0.0020948109999881126;7.775623999768868e-05
1.5941505000228063e-08;5.543951999861747e-08;0.0022023219999391585;8.102324000210501e-05
1.559685999964131e-08;5.7366699998965485e-08;0.002121845000074245;7.810460000182502e-05
1.5990785000030882e-08;5.424342000042088e-08;0.002068485000054352;7.90971000038553e-05
1.5559064999979454e-08;5.808041999698617e-08;0.0021233650000067428;7.831607999978588e-05
1.68474949998199e-08;5.707855999935419e-08;0.002150087999762036;7.834039999870583e-05
1.5854670001135672e-08;5.794500000192784e-08;0.0021049279998987913;7.826962000108323e-05
1.5926304999447894e-08;5.656821999582462e-08;0.0021594950000871902;7.980468000168912e-05
1.6513404999568593e-08;5.5130920000374316e-08;0.002148600000073202;7.79761600017082e-05
1.598888500011526e-08;5.677556000300683e-08;0.0021022290000109935;7.85656799969729e-05
1.6222369999741205e-08;5.806958000175655e-08;0.002092943000025116;7.916042000288144e-05
1.594059000053676e-08;5.780572000076063e-08;0.002132010000059381;7.83439599967096e-05
1.6643859999021517e-08;5.8205399999860676e-08;0.002091079000092577;7.79153799987398e-05
1.672623000049498e-08;5.575917999958619e-08;0.0021389230000204407;7.906009999569505e-05
1.6784819999884347e-08;5.480909999459982e-08;0.0021358859998872504;8.038268000236712e-05
1.6002429999934975e-08;5.5502600001636893e-08;0.002141244999947958;7.831181999645195e-05
1.6390810000302735e-08;5.6193219998385757e-08;0.002132921000011265;7.760522000025957e-05
2.0916589998523704e-08;5.6550080003216865e-08;0.002089431000058539;7.771770000108517e-05
1.6280449999612756e-08;5.740004000253975e-08;0.0021046480000950396;7.812779999803752e-05
1.6504005000751932e-08;5.5117120000068095e-08;0.0020970770000712947;7.745184000232257e-05
1.6803770000115037e-08;5.785218000528403e-08;0.0021042429999215528;8.041566000320017e-05
1.6804984999180306e-08;5.828824000200257e-08;0.0021526590001303705;7.853443999774754e-05
1.5962900000158696e-08;5.6097459996817635e-08;0.002113416999927722;7.92531199986115e-05
1.6471450000244657e-08;5.536919999867678e-08;0.002933595000067726;7.729005999863148e-05
1.5664149999793154e-08;5.710473999497481e-08;0.0029064069999731146;7.943673999980091e-05
1.6706175000581426e-08;5.7342079997761177e-08;0.0029364190000342205;7.938165999948978e-05
1.6221675000269896e-08;5.803319999831729e-08;0.0028936379999504424;8.123938000062481e-05
1.6578054999990854e-08;5.7685839995974674e-08;0.002935148999968078;7.799639999866485e-05
1.6649704999872484e-08;5.747635999578051e-08;0.0029576750000705945;8.08022599958349e-05
1.5890500000386964e-08;5.7124819996533914e-08;0.0029533169997739608;7.964894000324421e-05
1.6320830000040588e-08;5.517090000212192e-08;0.0029536190000362694;8.047427999554201e-05
1.6285574999346863e-08;5.5071659997338426e-08;0.0029439769999589772;7.981540000182576e-05
1.583342499943683e-08;5.73794599971734e-08;0.002919433999923058;7.967139999964275e-05
1.6491305000090507e-08;5.5540120002115145e-08;0.0029283980000764133;7.970123999984935e-05
1.5865845000371336e-08;5.7361859997035937e-08;0.00288524800009327;7.917992000002414e-05
1.7061160001321697e-08;5.58612400025595e-08;0.0028715610000654124;7.809961999882944e-05
1.6265490000660065e-08;5.449481999967247e-08;0.0028349709999747575;8.110042000189423e-05
1.5696249999746215e-08;5.742459999746643e-08;0.002912371999991592;8.193430000101216e-05
1.64424250004231e-08;5.5476140003884213e-08;0.002909293999837246;8.001223999890499e-05
1.5674170000420416e-08;5.49382199998945e-08;0.002840194000164047;7.847463999642059e-05
1.566984499950195e-08;5.7325920002767813e-08;0.002884022999787703;8.42637800029479e-05
1.593027499911841e-08;5.4217199998674915e-08;0.0029411119999713264;8.307708000065759e-05
1.5591445000609384e-08;5.679110000492073e-08;0.0028351360000669957;7.877531999838538e-05
1.6019819999928587e-08;5.5120699998224154e-08;0.002900616000115406;8.099420000216924e-05
1.6599135000433306e-08;5.470191999920644e-08;0.002861055000103079;7.925954000093043e-05
1.5752580000844317e-08;5.8897099999012426e-08;0.0029171399999177085;7.948039999464527e-05
1.583446000004187e-08;5.785251999623142e-08;0.002944827000028454;8.00690800009761e-05
1.5890095000213478e-08;5.4813979996833954e-08;0.0029184920000261626;7.98421400017105e-05
1.594803000043612e-08;5.798682000022381e-08;0.00294054199999664;8.043369999504649e-05
1.6136959999857935e-08;5.8024680003290997e-08;0.0029003440000815316;7.851768000400625e-05
1.6497455000353512e-08;5.5415420001372695e-08;0.002938915000122506;7.883263999829068e-05
1.6666909999912604e-08;5.655463999719359e-08;0.0028591569999116473;8.222012000042013e-05
1.6772534999472555e-08;5.612410000176169e-08;0.0028534820000641046;8.058021999895573e-05
1.5744180000911e-08;5.5712300003506246e-08;0.0028764110000338407;7.943549999617971e-05
1.6544580001209396e-08;5.788930000271648e-08;0.002869996000081301;7.84728400001768e-05
1.5749109999160282e-08;5.6569720001425596e-08;0.002930830999976024;7.98114400007762e-05
1.600369499938097e-08;5.579075999557972e-08;0.002933332000102382;7.884142000111752e-05
1.566622499958612e-08;5.812566000386141e-08;0.0028601139999227597;7.955135999945924e-05
1.6551054999581537e-08;5.8161200000904504e-08;0.0029265960000338966;7.899099999922328e-05
1.6080225000041536e-08;5.576106000225991e-08;0.002896269999910146;7.958010000293143e-05
1.6693200000736396e-08;5.499137999722734e-08;0.0028631910000694915;7.755328000057488e-05
1.569710500043584e-08;5.899392000283115e-08;0.002898589999822434;7.991865999647416e-05
1.5835419998620637e-08;5.43552000017371e-08;0.0028454819999751634;7.83738199970685e-05
1.6720389999682083e-08;5.777635999838822e-08;0.002952571000205353;7.89024600002449e-05
1.5752285000053233e-08;5.524946000077762e-08;0.002950014999951236;7.979563999688253e-05
1.5958160000445785e-08;5.4541399999288843e-08;0.002880668999860063;7.965834000497126e-05
1.6044844999851193e-08;5.6045599997742104e-08;0.0030153249998693355;8.08794000011403e-05
1.6254335000121502e-08;5.6662519997917115e-08;0.0030152280000038446;8.090745999943465e-05
1.578953999996884e-08;5.666448000119999e-08;0.0029368450000765733;7.981562000350095e-05
1.5926534999744036e-08;5.6159820000175386e-08;0.002847362000029534;7.938048000214621e-05
1.662027999991551e-08;5.294012000085786e-08;0.002880136000167113;7.997681999695487e-05
1.5777900000102817e-08;5.334516000002623e-08;0.00291797999991104;7.820295999990776e-05
1.5602185000898317e-08;5.622332000057213e-08;0.0028670659998897463;7.940646000206471e-05
1.5910200000507756e-08;5.3457140002865346e-08;0.002933486999827437;7.930630000191741e-05
1.587909999943804e-08;5.345653999829665e-08;0.0028417189998435786;8.031491999863647e-05
1.556216500030132e-08;5.495233999681659e-08;0.0029710930000874216;7.983634000411258e-05
1.6191944999445696e-08;5.538796000182629e-08;0.002928681000194047;7.916630000108853e-05
1.6107265000755433e-08;5.382934000226669e-08;0.0028820170002290977;8.30143400002271e-05
1.5941159999056255e-08;5.646510000224225e-08;0.00292480300005991;7.887381999753415e-05
1.662674999970477e-08;5.458770000259392e-08;0.0029054389998782425;7.756238000001758e-05
1.5879484999459237e-08;5.345158000127412e-08;0.002914067999809049;7.971200000029058e-05
1.602805000002263e-08;5.830596000305377e-08;0.0028617350000422447;8.281424000160768e-05
1.5987450000829994e-08;5.7289299997501075e-08;0.0029406919999746604;7.95532199961599e-05
1.6173194999282713e-08;5.598824000335298e-08;0.0029401640000287443;7.984607999678701e-05
1.5664560000004712e-08;5.694804000086151e-08;0.0028721050001331606;7.843358000391162e-05
1.5743089999887162e-08;5.54638400033582e-08;0.0028483680001227187;7.88297799997963e-05
1.6726679999555925e-08;5.654324000352062e-08;0.0028777500000433066;7.829508000286296e-05
1.598066000005929e-08;5.419747999985702e-08;0.0029653469999902883;7.899584000115284e-05
1.6721415000210982e-08;5.527162000071257e-08;0.002899739000131376;8.081368000130169e-05
1.6130409999459515e-08;5.5144599999766795e-08;0.002870991999807302;8.1069379998371e-05
1.669883499998832e-08;5.511609999812208e-08;0.002909561999840662;8.00552400003653e-05
1.5852510000695476e-08;5.542916000122204e-08;0.002923337999964133;7.802968000178225e-05
1.5761024999665097e-08;5.794831999810413e-08;0.0028374569999868983;8.224990000016987e-05
1.6527910000877455e-08;5.581899999524467e-08;0.0029272949998266993;7.999775999924168e-05
1.588385999930324e-08;5.42479399999138e-08;0.0028815880001639015;7.88600799976848e-05
1.6118165000807493e-08;5.6349259999115023e-08;0.002857197000121232;7.741714000003413e-05
1.639185499952873e-08;5.612983999890275e-08;0.0029255949999787844;7.997812000103295e-05
1.6456794999248815e-08;5.846091999555938e-08;0.0028930030000628906;8.060868000029586e-05
1.5315300000656862e-08;5.583274000091478e-08;0.0028238339998642916;7.890981999807991e-05
1.6757659999711904e-08;5.32251600001473e-08;0.0029072439999436026;7.893967999843881e-05
1.6347215000132564e-08;5.8431980002205816e-08;0.0029071649999241347;8.218179999967106e-05
1.583671999978833e-08;5.3136760002234954e-08;0.002890639000106603;7.767091999994592e-05
1.688272000028519e-08;5.6415179994655775e-08;0.0028866399999242275;7.922658000024967e-05
1.608371499896748e-08;5.498598000267521e-08;0.002892279000079725;7.82055199961178e-05
1.68307800006005e-08;5.618323999806307e-08;0.002892155000008643;7.961011999868789e-05
1.6329789999872446e-08;5.788908000104129e-08;0.0029045719999703577;7.87659799971152e-05
1.62018849994638e-08;5.452233999967575e-08;0.0028380859998287634;7.720611999975517e-05
1.5729815000668167e-08;5.499734000186436e-08;0.002884927999984939;7.941464000032283e-05
1.59473749998142e-08;5.8084960002452135e-08;0.002894131000211928;7.886908000218682e-05
1.5618704998632893e-08;5.482060000067577e-08;0.0028931540000485256;7.888849999872036e-05
1.6024534999451133e-08;5.803516000160016e-08;0.0029372310001053847;8.06137999985367e-05
1.682881000015186e-08;5.7762540003750475e-08;0.0028626490000169726;7.973431999562308e-05
1.6219405000447294e-08;5.6419579999055714e-08;0.0029225339999538846;8.073085999931209e-05
1.6430414999194907e-08;5.554988000076264e-08;0.0028770669997902586;8.352514000143855e-05
1.556204499938758e-08;5.460502000059933e-08;0.002850894999864977;7.927799999597483e-05
1.5938260000257287e-08;5.52392800047528e-08;0.0028745119998347946;7.779671999742276e-05
1.5735845000017433e-08;5.751025999779813e-08;0.0029848249998758545;7.820099999662488e-05
1.5985720000753646e-08;5.8095119998324665e-08;0.0029490870001609437;7.819664000417106e-05
1.653791499993531e-08;5.638934000162408e-08;0.002929461000021547;8.13955800025724e-05
1.6298374999314547e-08;5.7948600000236186e-08;0.0029416359998867847;8.218134000198916e-05
1.6411475000495557e-08;5.5067379999672994e-08;0.002865195999911521;7.915646000183187e-05
1.6161080000165384e-08;5.752013999735937e-08;0.002891343999945093;8.019074000185355e-05
1.6421049999189563e-08;5.4485759994713587e-08;0.0029059590000542813;7.920135999447665e-05
1.6697829999611712e-08;5.589857999584638e-08;0.0035984439999447206;7.989200000301935e-05
1.5929909999249504e-08;5.6139160000020635e-08;0.003641537000075914;7.849343999987468e-05
1.5806430000520777e-08;5.4443459998583424e-08;0.0036090400000102817;8.179001999669709e-05
1.6694439999992028e-08;5.637722000246868e-08;0.003687634999805596;8.029209999949672e-05
1.6037445000256412e-08;5.4943239997373895e-08;0.003785189000191167;8.033213999588042e-05
1.6034029998991173e-08;5.503562000230886e-08;0.003741963999927975;7.913796000066213e-05
1.6132585000013933e-08;5.859783999621868e-08;0.0037431509999441915;7.921581999980844e-05
1.616420000063954e-08;5.679633999825455e-08;0.0036366849998012186;7.951264000148512e-05
1.599343999987468e-08;5.574494000175036e-08;0.0037074400001438335;8.199349999777041e-05
1.63891699994565e-08;5.838310000253841e-08;0.0037016510000103153;7.784679999458604e-05
1.5762930001073983e-08;5.621442000265233e-08;0.0036357200000202284;7.927952000172809e-05
1.5964159999566618e-08;5.765559999854304e-08;0.0036980419998872095;7.896522000082768e-05
1.585419500042917e-08;5.4075300000840795e-08;0.0036633530000108293;7.938340000109747e-05
1.6001054999651386e-08;5.7250439998460936e-08;0.003746459000103641;7.909797999891453e-05
1.6427190000831614e-08;5.761332000256516e-08;0.0036816040001576766;8.366022000554949e-05
1.6072390000044835e-08;5.498087999876589e-08;0.003694120000000112;8.162661999813281e-05
1.612530999991577e-08;5.725099999690428e-08;0.0037760000000707805;8.288026000373066e-05
1.5799839999817777e-08;5.5453740002121776e-08;0.003668908000108786;8.099611999932677e-05
1.5857065000454895e-08;5.7573079998837786e-08;0.003740782999957446;7.978821999859065e-05
1.670575000025565e-08;5.5129220004891973e-08;0.003731178999878466;7.916262000217102e-05
1.5800909999234135e-08;5.5879739997908475e-08;0.003639422999985982;8.153978000045754e-05
1.6203459999815096e-08;5.779332000529393e-08;0.0037310699999216013;8.075743999797851e-05
1.5994225000031294e-08;5.6556180003099146e-08;0.003701156000024639;8.358768000034615e-05
1.670938000024762e-08;5.57755800022278e-08;0.0036693499999819325;8.065550000173971e-05
1.676572500000475e-08;5.719880000106059e-08;0.0037542880000546574;8.251156000187621e-05
1.6145574999973177e-08;5.8381480001844466e-08;0.0036960210002143865;8.082579999463633e-05
1.6611304999969434e-08;5.6937539996579286e-08;0.0037278439998044634;8.434252000297419e-05
1.5139554999768733e-08;5.799006000161171e-08;0.0036439830000745133;7.824405999854207e-05
1.6481339999882037e-08;5.7955460000084716e-08;0.0037025390000781045;8.108319999882952e-05
1.6197335001197642e-08;5.3949580003973096e-08;0.0037492389997350983;8.366073999786749e-05
1.5944000000308734e-08;5.6564939999952915e-08;0.0037579180000466296;7.954616000060924e-05
1.5971069999795872e-08;5.6717519997619094e-08;0.00366368799994234;7.916073999949732e-05
1.668811999988975e-08;5.7940699998289344e-08;0.003740608000080101;8.139816000475548e-05
1.6679454999393782e-08;5.836617999593727e-08;0.003751962999813259;7.999351999606006e-05
1.5644109999993816e-08;5.7189660001313313e-08;0.003754058000049554;7.999839999829419e-05
1.6035459999693558e-08;5.3425900003639984e-08;0.003659607000008691;8.004080000100657e-05
1.6077460000815335e-08;5.499813999631442e-08;0.0035748279999825174;7.879250000114552e-05
1.5930299999308772e-08;5.7490960002178326e-08;0.003687525000132155;7.963911999831908e-05
1.5697820000059436e-08;5.524223999818787e-08;0.003724575000233017;8.009451999678277e-05
1.594106000120519e-08;5.838762000203133e-08;0.003653838000027463;7.99671999993734e-05
1.5833959999145008e-08;5.677019999711774e-08;0.003630944000033196;8.295024000108243e-05
1.660946000047261e-08;5.607124000089243e-08;0.003727751999977045;8.044399999780581e-05
1.61165350000374e-08;5.5274859996279704e-08;0.0036706479999702424;7.901505999616348e-05
1.5583430000697263e-08;5.751857999712229e-08;0.0036802589998114854;8.487220000242815e-05
1.6217349999351426e-08;5.6111359997885304e-08;0.003690022999944631;8.217580000055023e-05
1.5896124999562745e-08;5.500776000553742e-08;0.003599279999907594;8.118236000300384e-05
1.575613000022713e-08;5.814041999983601e-08;0.0036295110001810828;7.89259600045625e-05
1.5620150000904686e-08;5.499853999936022e-08;0.003625824999762699;7.795316000119783e-05
1.6206325001257937e-08;5.541008000145666e-08;0.0036994199999026024;8.009158000349998e-05
1.6021015000296756e-08;5.7214400003431364e-08;0.0036712189999525435;7.94153599999845e-05
1.6264419999788514e-08;5.580723999883048e-08;0.0036696400001528674;8.46637999988161e-05
1.642666999978246e-08;5.5108519998611885e-08;0.003653187000018079;8.26597800012678e-05
1.5768659999594094e-08;5.6140840001171455e-08;0.0036672220000764353;7.967109999735839e-05
1.6630984999937935e-08;5.825880000484176e-08;0.0037198960001114754;8.217639999929815e-05
1.68428999997559e-08;5.6900020001921805e-08;0.0036406900000292806;7.93900399992708e-05
1.600971500010928e-08;5.559767999802716e-08;0.003715354000160005;8.073764000437222e-05
1.6323519998695702e-08;5.671588000259362e-08;0.0037103450001450254;8.068674000096508e-05
1.562481500004651e-08;5.802101999870501e-08;0.0036706829999457115;7.934910000185482e-05
1.6614519999711773e-08;5.5751080001937224e-08;0.0036351349999313243;8.114152000052855e-05
1.5918064999277704e-08;5.741463999729604e-08;0.0036650400000507945;8.01861000014469e-05
1.566428499936592e-08;5.781909999786876e-08;0.003642489000048954;8.13419200014323e-05
1.6445835000195073e-08;5.7067639997694644e-08;0.003685436999949161;7.997251999913715e-05
1.6663675000017975e-08;5.661375999916345e-08;0.003726751000212971;8.377518000197597e-05
1.6884845000458882e-08;5.522983999690041e-08;0.003722458000120241;8.036928000510671e-05
1.6330265000578947e-08;5.8388039999408645e-08;0.003781229000014719;8.023128000204451e-05
1.5809110000554937e-08;5.3245980001520364e-08;0.0036670410001534036;8.11284199997317e-05
1.625229500059504e-08;5.726888000499457e-08;0.003766260000120383;8.137988000526093e-05
1.6272355000546666e-08;5.53388400003314e-08;0.0036495789999025875;7.874572000000626e-05
1.5774034999776632e-08;5.782376000424847e-08;0.0037471000000368804;8.074781999457627e-05
1.6619550000177696e-08;5.817315999884158e-08;0.003656763999897521;7.907785999705084e-05
1.5916705000563523e-08;5.572508000186645e-08;0.0036341640001046473;7.974695999873802e-05
1.641643000039039e-08;5.477757999906316e-08;0.003698762999847531;8.052961999783293e-05
1.6687059999094345e-08;5.4771099996287375e-08;0.0037388310002279468;7.94586599979084e-05
1.620697500038659e-08;5.7296600000699985e-08;0.0037380520001170227;8.332407999550923e-05
1.625341000035405e-08;5.3978819999611005e-08;0.003709221000026446;7.91936399997212e-05
1.6014399999403393e-08;5.4934919998049736e-08;0.0036697140001342634;8.061469999956898e-05
1.690643499896396e-08;5.578807999845594e-08;0.0037248260001069866;8.25364599993918e-05
1.597580499947071e-08;5.7807099999627095e-08;0.00364550500002224;7.804874000139535e-05
1.5778205000970048e-08;5.6405019998783245e-08;0.003751819999888539;8.042669999995269e-05
1.67477199996938e-08;5.605267999926582e-08;0.0037087099999189377;8.105603999574668e-05
1.5929994999896734e-08;5.513675999827683e-08;0.00363071800005855;7.897052000043914e-05
1.604175499960547e-08;5.826021999819204e-08;0.0036875470000086352;7.927783999475651e-05
1.5796385001158342e-08;5.4620959999738264e-08;0.0036191750000580214;8.390015999902971e-05
1.6223570000147445e-08;5.628768000169657e-08;0.003793532999989111;8.112419999670238e-05
1.5717175000463612e-08;5.8224159997189416e-08;0.0037545210000826047;8.319439999759198e-05
1.685357499954989e-08;5.828307999763638e-08;0.0036239620001288133;8.08002999983728e-05
1.656092500052182e-08;5.791616000351496e-08;0.0037201869999989867;8.358782000141219e-05
1.646321999869542e-08;5.461470000445843e-08;0.0036529700001119636;7.942992000025697e-05
1.6675494999799413e-08;5.780888000153936e-08;0.003601284000033047;8.159805999603123e-05
1.6046585000003687e-08;5.6279440002981574e-08;0.0037176790001103655;7.956589999957942e-05
1.6426219999266322e-08;5.500098000047729e-08;0.0036291779999737626;7.964687999919988e-05
1.6814989999693353e-08;5.5644600000232455e-08;0.003761811000003945;8.430562000139617e-05
1.6788254999846687e-08;5.842134000267833e-08;0.003677015000139363;8.412512000068091e-05
1.627369500056375e-08;5.7465600001160056e-08;0.003643912999832537;8.173955999664031e-05
1.678169499937212e-08;5.553688000072725e-08;0.0037373429999570363;7.968619999592192e-05
1.6823229999863543e-08;5.838569999905303e-08;0.003607155999925453;8.147381999879144e-05
1.634772499965038e-08;5.730146000278182e-08;0.0037181719997897746;8.201283999951557e-05
1.605898999987403e-08;5.6632419995730744e-08;0.003766643999842927;7.852131999679842e-05
1.6318969998974355e-08;5.7430080004269256e-08;0.003740608000080101;8.139678000006824e-05
1.6192369999771472e-08;5.799772000173107e-08;0.0036962599999969827;7.874122000066563e-05
1.652320499997586e-08;8.341674000257626e-08;0.004397584000253118;8.402353999554179e-05
1.5877930000715424e-08;7.764228000305593e-08;0.004653209999669343;8.033448000205681e-05
1.6128700000990647e-08;7.831960000330582e-08;0.004452723999856971;8.06808000023011e-05
1.5669984999112785e-08;8.015176000189967e-08;0.00452597199997399;8.40117400046438e-05
1.563322500005597e-08;7.937535999808461e-08;0.004512665999936871;8.003926000092179e-05
1.6397945000790058e-08;8.258428000262938e-08;0.004555256000021473;8.173964000307023e-05
1.5947314999357332e-08;7.539144000038504e-08;0.0043851020000874995;8.154913999605923e-05
1.5325499999744352e-08;8.02687400020659e-08;0.004471985999844037;8.276298000128008e-05
1.612209000013536e-08;7.641928000375629e-08;0.004417411999893375;8.221684000454844e-05
1.6606634999334345e-08;8.095387999783271e-08;0.004546170000103302;7.98564400000032e-05
1.5959595001186245e-08;7.804895999724976e-08;0.004396880000131205;8.039711999590508e-05
1.602591999981087e-08;7.534799999557435e-08;0.004557605999871157;8.199348000343889e-05
1.6255335000460035e-08;7.662411999772303e-08;0.004514742000028491;8.197159999981523e-05
1.5486344999226276e-08;7.711431999923662e-08;0.004562091999687255;8.193042000057175e-05
1.6814804999739864e-08;7.76322399964556e-08;0.004506532000377774;8.317067999741994e-05
1.588666000025114e-08;7.484978000284172e-08;0.004577716000494547;8.051366000436246e-05
1.5927864999684972e-08;7.730632000020705e-08;0.004523648000322282;8.119140000198968e-05
1.6352740000002085e-08;7.885847999714315e-08;0.004351871999679133;7.861637999885715e-05
1.570577499951469e-08;7.332632000325247e-08;0.004512450000038371;8.036259999498725e-05
1.594024500082014e-08;7.940026000142098e-08;0.004305532000144012;8.191177999833599e-05
1.6613285000494217e-08;7.313358000246808e-08;0.004488936000270769;7.841049999697133e-05
1.5492289999383503e-08;7.388326000072993e-08;0.004492286000167951;8.468898000428454e-05
1.672026000014739e-08;7.667071999749169e-08;0.004453212000080384;8.137128000380472e-05
1.5865300000587013e-08;7.36459600040689e-08;0.00437952000007499;8.070058000157587e-05
1.6093084999010898e-08;8.004462000099011e-08;0.004315267999772914;8.282878000172787e-05
1.602992499974789e-08;7.735524000017903e-08;0.004477165999705903;8.021653999458067e-05
1.5520454999932554e-08;7.302583999698981e-08;0.004471677999827079;8.164795999764465e-05
1.6810419999819716e-08;7.442432000534609e-08;0.004419902000227012;8.119578000041656e-05
1.6097034999984316e-08;7.513129999861121e-08;0.004407962000113912;8.190573999891057e-05
1.583643999911146e-08;7.604896000120789e-08;0.004432847999851219;8.435298000113108e-05
1.6760445000545587e-08;7.656671999720857e-08;0.004299250000040047;8.090878000366502e-05
1.575623000098858e-08;7.88481800002046e-08;0.00453380000020843;7.847661999985576e-05
1.5879914999823086e-08;7.97065399994608e-08;0.004457714000018313;7.900859999936074e-05
1.6269820000161418e-08;7.778891999623738e-08;0.004501444000052288;8.295360000338406e-05
1.5953939998871645e-08;7.728492000023834e-08;0.0043945999996503815;8.013854000018909e-05
1.5784010000061245e-08;7.473403999465518e-08;0.004400788000202738;8.155261999927461e-05
1.6441445000236853e-08;7.501038000336849e-08;0.004441554000368342;7.923330000485294e-05
1.617772000026889e-08;7.871263999841176e-08;0.004473479999578558;8.049106000107713e-05
1.519053500087466e-08;8.209083999972791e-08;0.004525444000028074;8.02263000048697e-05
1.634780999884242e-08;7.904644000227563e-08;0.004442897999542766;8.197024000110104e-05
1.6837489999306854e-08;7.442772000213153e-08;0.004522934000124224;8.097482000011951e-05
1.670795999962138e-08;7.45398800005205e-08;0.004409188000136055;8.216886000009253e-05
1.5391220001038164e-08;7.798538000206462e-08;0.004459552000043914;8.010097999940626e-05
1.601547500031302e-08;7.573517999844625e-08;0.004441586000029929;8.266074000275693e-05
1.5923705000022893e-08;7.730096000013873e-08;0.004533000000519678;8.073818000266329e-05
1.5961109999625478e-08;7.924077999778092e-08;0.004348987999837846;8.23772000032477e-05
1.6548675000376533e-08;7.81336999963969e-08;0.004522128000389785;7.987164000514894e-05
1.5920000000915024e-08;8.390551999909803e-08;0.004411556000122801;8.014158000005409e-05
1.614627999952063e-08;7.554333999869413e-08;0.004535558000206948;7.872201999998651e-05
1.5937249999842607e-08;7.853952000150458e-08;0.00451638999977149;7.90491399995517e-05
1.5322720000403933e-08;7.82019600039348e-08;0.004475866000284441;8.12110400001984e-05
1.6539554999326356e-08;7.765118000097573e-08;0.0044466479995753615;8.223614000016824e-05
1.575883000041358e-08;7.265115999616682e-08;0.004403115999884903;8.128635999746621e-05
1.592503499996383e-08;8.153558000340127e-08;0.004381703999824822;8.347929999581538e-05
1.5659004999906757e-08;7.610724000260234e-08;0.004387966000358574;7.950309999869205e-05
1.6517844999907537e-08;7.45279999973718e-08;0.004439915999537334;7.989571999642067e-05
1.619724999909522e-08;7.594053999637253e-08;0.004351500000339002;8.161355999764055e-05
1.58762149992981e-08;7.398679999751039e-08;0.004377500000409782;8.036754000349901e-05
1.6536985000129788e-08;8.053572000353597e-08;0.0044511099997907875;8.063211999833584e-05
1.5849300000991205e-08;7.664675999549217e-08;0.004464153999579139;8.040505999815651e-05
1.5938510000705718e-08;8.12318200012669e-08;0.004505629999912344;8.175043999799527e-05
1.5922169999976177e-08;7.674567999783903e-08;0.004390684000100009;8.049564000102691e-05
1.6619275000994092e-08;8.20633600000292e-08;0.004457657999591902;7.917166000115685e-05
1.558431000012206e-08;7.266065999865532e-08;0.004351681999978609;8.201855999650434e-05
1.630301999975927e-08;8.115517999976874e-08;0.004461330000194721;8.206223999732174e-05
1.613845000101719e-08;7.404415999772027e-08;0.004502307999646291;8.033243999816478e-05
1.5805845000431874e-08;7.372880000039003e-08;0.004477197999949567;7.923654000042007e-05
1.627279500098666e-08;8.030802000430413e-08;0.004391388000221923;7.989009999437257e-05
1.5938630000164267e-08;7.22704200015869e-08;0.004376388000091538;7.986828000284731e-05
1.6846185000031254e-08;7.552316000219435e-08;0.0045447539997985585;8.117099999799393e-05
1.5787290000298527e-08;7.879593999823556e-08;0.004397668000310659;8.287924000178463e-05
1.633733500057133e-08;7.241564000141807e-08;0.004489251999766566;8.001398000051267e-05
1.587011999945389e-08;7.517130000051111e-08;0.004512616000138223;7.976946000126191e-05
1.553284999972675e-08;7.508161999867297e-08;0.004395654000109062;8.075663999770769e-05
1.574704999948153e-08;7.880701999529265e-08;0.004396015999955125;8.169432000140659e-05
1.584279999951832e-08;7.639414000441321e-08;0.004426971999928355;8.146861999994144e-05
1.5484755000215954e-08;7.727884000050835e-08;0.004366097999736667;7.972379999700933e-05
1.6810029999760444e-08;7.931300000054762e-08;0.004495974000310526;8.158976000268013e-05
1.6579335001006255e-08;7.194946000236087e-08;0.004504506000084802;7.863756000297144e-05
1.6571070000645706e-08;7.698899999959394e-08;0.004556714000063949;7.92684999993071e-05
1.5964500000700354e-08;7.74377599998843e-08;0.0043949060002341864;7.98216000024695e-05
1.6040095000062138e-08;7.957923999638297e-08;0.00453957200050354;7.919813999906182e-05
1.61228149998351e-08;8.067920000175946e-08;0.004449818000430241;8.360662000486627e-05
1.6258634999394417e-08;7.756562000140547e-08;0.004387630000128411;7.87765400018543e-05
1.5308985000592655e-08;7.905394000117667e-08;0.004348108000122011;8.2448840001598e-05
1.9447984998987523e-08;9.575038000475615e-08;0.005067894000094384;9.352815999882296e-05
2.0995009999023752e-08;9.248921999824233e-08;0.005176541999680921;9.203206000383944e-05
2.0551015000091865e-08;9.345553999883123e-08;0.004985047999653034;0.00010858603999949992
2.04560300000594e-08;8.658251999877393e-08;0.004721263999817893;0.00010143496000091545
1.822390500019537e-08;8.05460600007791e-08;0.004905630000284873;0.00010279517999733798
2.0767044999229257e-08;8.237115999800153e-08;0.0048717179999221115;0.00010678364998602774
2.1725230000447483e-08;9.471990000456572e-08;0.004743110000272281;0.00010739399999147281
2.1663139999145643e-08;8.988002000260166e-08;0.005250532000209205;0.00010172305000014603
2.0949239999754355e-08;8.596136000123806e-08;0.004860228000325151;0.00010066694999113678
1.9832255000073927e-08;8.603957999730483e-08;0.005361027999897488;0.00010660829999833368
2.2045299998717383e-08;9.514280000003054e-08;0.0051018640003167096;0.00010722915999940596
1.864833499857923e-08;8.733980000251904e-08;0.005205705999978818;9.865525999921374e-05
1.927292999898782e-08;7.960730000049808e-08;0.004996444000280462;0.00011165141999954357
2.226453500043135e-08;9.246466000331566e-08;0.005286306000198237;0.0001089306200039573
2.0381750000524333e-08;8.835223999922164e-08;0.005355831999913789;8.957575999666006e-05
2.0205385000735987e-08;6.097982000210323e-08;0.005942376000457443;0.0003205411000235472
2.1642360000987536e-08;5.9518079995177686e-08;0.0057742499996675176;0.00029815360001521184
1.761421999981394e-08;5.891127999639139e-08;0.005542125999927521;0.0002563873000035528
1.9851824999204836e-08;6.135633999947459e-08;0.006050900000263937;0.00029195709998020903
1.9295245000103024e-08;6.198445999762043e-08;0.005945816000457853;0.00030592230000183916
1.9943410000996664e-08;6.458814000361598e-08;0.0062580799998249855;0.0003064179999928456
1.9743294999352657e-08;6.451409999863245e-08;0.006172258000005968;0.00029417839998495767
2.0345399997313506e-08;5.799254000303336e-08;0.006053392000030727;0.0003154387000249699
2.0022694999352098e-08;6.319426000118256e-08;0.006101870000129565;0.00026989019999746234
1.763296499993885e-08;7.101117999991402e-08;0.006140234000049531;0.000299466600001324
2.101381499960553e-08;6.28922000003513e-08;0.006128438000450842;0.00030831180000677705
1.9554685000912285e-08;6.851232000044547e-08;0.006554286000318825;0.00027665289997821674
2.1655259997351094e-08;6.967079999740235e-08;0.00600443399976939;0.00033741290000034496
2.016954999999143e-08;6.225809999741613e-08;0.00598275399999693;0.00031010599998990075
2.224870500067482e-08;5.9556579997297376e-08;0.0064727879996644335;0.0002893642999988515
2.042154999944614e-08;5.8330639998894184e-08;0.006099750000284985;0.000305345100001432
2.0687270001508296e-08;6.18356599996332e-08;0.006333708000020124;0.0003046287000179291
2.2037920000730082e-08;6.091797999688424e-08;0.006262917999993079;0.0003533443000051193
2.134721000038553e-08;7.196690000128e-08;0.006357278000214137;0.0003227527000126429
1.8960370001150295e-08;6.811215999769046e-08;0.006771167999831959;0.00031244760000845415
2.0292379999591504e-08;6.910090000019409e-08;0.006142525999457575;0.00029884830000810326
2.1523599998909048e-08;6.544470000080764e-08;0.006466243999893777;0.0003213333000021521
2.3251060000620783e-08;6.217240000260062e-08;0.005978802000172436;0.00036388489999808374
2.2001389999059027e-08;6.913176000234671e-08;0.0061521939997328445;0.00030972779999137857
2.1226759999990463e-08;6.417798000038601e-08;0.00601254399982281;0.0002954718999972101
1.864717999997083e-08;6.228427999885752e-08;0.006155939999734983;0.0003148858000058681
2.393062000046484e-08;5.7691780000459404e-08;0.006172746000229381;0.0003172698999987915
2.1069410000927746e-08;5.639649999793619e-08;0.006375912000075914;0.00030606110001099297
2.081952500011539e-08;6.46177800022997e-08;0.006579757999861613;0.0003219506999885198
2.1153770000091752e-08;6.63855999999214e-08;0.006440487999934703;0.0003234193999960553
1.9737199999508447e-08;6.792025999748149e-08;0.006020922000170685;0.0003073177999758627
2.0009570001275278e-08;6.432659999700264e-08;0.005978727999608964;0.0003127743000222836
2.0157030000700615e-08;6.225889999768696e-08;0.006089539999957197;0.00032303340002545153
2.0514200002071447e-08;6.940778000280261e-08;0.007099239999661222;0.0002771138999960385
2.053489499958232e-08;5.7451760000549255e-08;0.006118160000187345;0.000272909699997399
2.03269999998156e-08;6.263216000515967e-08;0.0055877160001546146;0.0003103034000087064
1.7379845000687054e-08;6.34611000015866e-08;0.005657262000022456;0.0003008624000067357
2.1874289997504093e-08;6.182672000140883e-08;0.0058863519999431445;0.0003037365000054706
2.1983534999890254e-08;5.580471999710426e-08;0.006332597999717109;0.00033372649998636916
1.9805425000959077e-08;6.125562000088393e-08;0.0066505499999038875;0.0003296032999933232
2.0794295000087005e-08;6.02273199998308e-08;0.005802896000095643;0.00025176810001721606
1.6501690000586678e-08;5.56118400010746e-08;0.006099334000027739;0.0002567402000131551
1.5962589999253397e-08;5.8147599996300415e-08;0.0057184240000788126;0.00035694189998321235
1.936322000110522e-08;6.011046000057831e-08;0.006131839999579824;0.000274102600000333
2.2554889999446458e-08;6.493433999712579e-08;0.006134949999977835;0.00032482909999089317
2.0382129997597075e-08;6.437086000223644e-08;0.005949033999931999;0.00031567109999014063
1.8340885000361595e-08;6.119972000014968e-08;0.006482254000147804;0.00032239970000227914
2.1623479999834672e-08;5.947815999970771e-08;0.0061992100003408265;0.00034091590001480656
1.8953355000121518e-08;6.753181999665685e-08;0.006054474000120535;0.000348204000008991
2.0241730000998358e-08;6.447378000011667e-08;0.005825941999792122;0.0003010595999949146
1.8010249998769722e-08;5.869819999788888e-08;0.0058733840001514185;0.0002806517999852076
1.984474000055343e-08;6.482410000171513e-08;0.005631089999806136;0.00032051940000383183
1.779610999947181e-08;5.903806000133045e-08;0.005903720000060275;0.0002833195999846794
1.7091830000572373e-08;7.260432000039145e-08;0.005961970000062138;0.0003543302999751177
2.0949370000744238e-08;6.241040000459179e-08;0.005570306000299752;0.0003211911999969743
2.0227480000176e-08;6.185763999819756e-08;0.006274567999644205;0.00035899639999843204
2.0252489999984392e-08;6.421917999978178e-08;0.005926001999760047;0.000265843799978029
1.7150384999695235e-08;6.433343999669887e-08;0.005943260000203736;0.0003054566000064369
2.054119999811519e-08;6.06792000005953e-08;0.006359720000182279;0.00027147060001152565
2.1458824998990166e-08;6.880330000421964e-08;0.005892067999811843;0.00035948549999739043
1.778338000003714e-08;6.304761999635957e-08;0.005876529999659397;0.00030436890001874417
1.9779689999995754e-08;6.66884400008712e-08;0.006008468000218272;0.00033980580000206827
1.78551349992631e-08;6.41481400001794e-08;0.006049881999497302;0.0003427961000124924
2.064343999954872e-08;6.33640399959404e-08;0.006002411999506876;0.0003265266999951564
1.7961120000109075e-08;5.961559999850578e-08;0.005969117999775335;0.00031457469999440947
2.1686710001085884e-08;6.718178000301122e-08;0.005992071999935433;0.00032382669998332856
2.091567000024952e-08;5.647563999518752e-08;0.005586886000237427;0.0002849838000256568
1.9526935000612867e-08;5.5713580001611265e-08;0.006039264000137336;0.00030340159998741003
1.7429354999330825e-08;6.117249999660999e-08;0.006376616000197828;0.00032773340001585895
1.844115999992937e-08;6.395335999550298e-08;0.005928808000171557;0.00032348319998709487
2.130901500058826e-08;6.126850000000559e-08;0.0068807000003289435;0.00035188299999572336
1.842404499911936e-08;6.443307999870739e-08;0.006036335999961011;0.0003064619000069797
2.4231880001025273e-08;5.965258000069298e-08;0.006192735999939032;0.0003371208000171464
2.0451049999974204e-08;6.313585999887437e-08;0.006582345999777317;0.00033900949999224393
2.094797000172548e-08;6.257034000009299e-08;0.006213878000271507;0.0002737240999995265
2.096441999892704e-08;6.191642000339925e-08;0.005730502000078559;0.0003342904000019189
2.0352104998892173e-08;6.463721999898553e-08;0.0057691360003082085;0.0003199705999868456
2.0445670001208783e-08;6.09189199982211e-08;0.005923967999988236;0.00031136599997989834
1.7433470000105445e-08;6.184331999975256e-08;0.005885116000426933;0.0003180443000164814
2.0558490000257735e-08;5.885655999882147e-08;0.006529791999491863;0.00038609109999379143
2.146550000179559e-08;7.192743999767118e-08;0.006376484000356868;0.0003819333999999799
2.3648510000202806e-08;6.697028000489808e-08;0.007037980000022799;0.00027441459998954086
2.7415000001201405e-08;6.671980000101029e-08;0.0058200059999944645;0.0004431648000027053
2.3226759998942724e-08;6.540325999958441e-08;0.007327825999818742;0.00044284580001840366
1.6813740000361578e-08;6.138915999908931e-08;0.006318067999673076;0.0002648546999844257
2.2168645000783728e-08;5.728306000237353e-08;0.005825395999709144;0.00034997219999786467
2.221393499930855e-08;6.390757999615744e-08;0.0061176100000739095;0.0002931872000044677
2.050263499986613e-08;6.438275999971666e-08;0.005872445999993942;0.000324558899999829
2.1768160001374782e-08;5.532095999806188e-08;0.006075467999908142;0.0002982268999912776
1.8969659999129364e-08;6.365356000023894e-08;0.0061508600000524894;0.0002858659999910742
2.0136104999983218e-08;6.235384000465274e-08;0.006011925999773666;0.00032323489998816514
1.9369149999693038e-08;6.189409999642521e-08;0.00629908200004138;0.00028180940001038836
1.882383500051219e-08;6.438850000267848e-08;0.005818792000063695;0.0003065255999972578
2.0164489999297074e-08;6.382999999914318e-08;0.0060042899998370555;0.0003417223000142258
2.0364580000750722e-08;6.00722799950745e-08;0.006122107999981381;0.0003034658000105992
2.197003999899607e-08;6.293847999768331e-08;0.005917112000170164;0.0003381621000007726
1.8788640000275337e-08;6.320299999788403e-08;0.0060422620002646;0.00028169249999336897
2.0930044999113306e-08;6.617349999723957e-08;0.005910663999966346;0.00029831929999636484
1.830757999996422e-08;6.116992000024766e-08;0.0061993220000294965;0.0002867459999979474
1.970809499907773e-08;6.247985999798402e-08;0.005926685999729671;0.00030090740000014195
2.086901000002399e-08;5.781109999516048e-08;0.009469824000261725;0.0003161802999966312
1.9585069999448025e-08;6.199719999567605e-08;0.009305099999764935;0.0003518966999836266
1.6328305000206455e-08;6.216669999994338e-08;0.009522732000332325;0.00029311829997459424
1.7936085000110326e-08;6.039313999935985e-08;0.00948753000004217;0.0003022748000221327
1.7827025000588036e-08;5.706789999967441e-08;0.00919590200006496;0.0002917276999796741
1.933322499971837e-08;5.681145999697037e-08;0.00900479199946858;0.00029621939998469317
1.7009655000583735e-08;5.7485440000891684e-08;0.009501212000031956;0.0002917281000118237
2.0029589999467133e-08;6.156666000024415e-08;0.009259528000256978;0.00029607140002190136
2.029718999983743e-08;6.044554000254721e-08;0.009241844000061974;0.0003151240000152029
2.2301720001269133e-08;5.780186000047252e-08;0.009491454000235535;0.0003274334000016097
2.1059870001045056e-08;6.161451999796554e-08;0.00946079200017266;0.00029367590000038034
1.909497500018915e-08;6.320276000187732e-08;0.009329795999801717;0.00029507349999039433
1.935929499886697e-08;6.1497120000422e-08;0.009677849999861791;0.0003366351000149734
1.7793384999094998e-08;6.083750000107102e-08;0.009316091999644414;0.00028308710001874715
1.9425430000410416e-08;6.766381999477744e-08;0.009426113999797963;0.00028975920000812036
2.0075680001173168e-08;6.594306000042707e-08;0.009552705999813043;0.00029888979997485875
1.9221794999612028e-08;6.340399999753572e-08;0.009409263999550603;0.0003061738999967929
1.8049020000034945e-08;6.599475999828427e-08;0.009241517999907956;0.0002925746999972034
1.983670500048902e-08;6.339158000191673e-08;0.009439072000095621;0.00029491009999765085
1.8846940000366885e-08;6.286006000009365e-08;0.009322061999700964;0.00032591620000312104
2.0199909999791997e-08;5.8055339998099955e-08;0.009377238000161015;0.0002910070000216365
1.883955500088632e-08;5.974323999835178e-08;0.009171403999789617;0.00033819150002091194
1.920416499924613e-08;6.683344000484795e-08;0.0098689739999827;0.000306971700018039
1.846547500026645e-08;5.974970000097528e-08;0.01021811500104377;0.0002965196000004653
2.1239890001015736e-08;6.550280000083149e-08;0.009696620000177063;0.00031868110000505114
1.9405940000433475e-08;6.69572600047104e-08;0.009853050000383518;0.0003124177000136115
2.1220195000933017e-08;6.130199999897741e-08;0.009610287999967113;0.00030644459999166427
2.0811619999585674e-08;6.376362000009976e-08;0.009466117999982088;0.00031047869997564704
2.114194000023417e-08;6.403091999818571e-08;0.009214026000117883;0.0003021125999803189
1.984585000027437e-08;6.316577999969013e-08;0.009856099999742582;0.0003045302999962587
2.0657565000874455e-08;7.06389799946919e-08;0.010399444999347907;0.0004227588000067044
1.9100325000181328e-08;6.883380000363104e-08;0.010389161999919452;0.00033144650000031106
2.353888000070583e-08;5.932634000200778e-08;0.01006444400001783;0.0003054769999871496
2.1969470000476576e-08;6.670250000315718e-08;0.010325590000138617;0.00040404400002444165
2.1281275000364984e-08;7.363154000486248e-08;0.010392062000464648;0.0003557188999839127
2.4545680001028815e-08;7.455043999943882e-08;0.009531840000418014;0.00033734060000278985
2.1336779999546705e-08;5.7399000000441446e-08;0.009720760000054724;0.00038195909999194557
2.032236999948509e-08;6.512731999973767e-08;0.010041573999915272;0.0003314275000011548
2.2887385000649375e-08;6.510144000058062e-08;0.010001715000544208;0.00037001990000135266
2.406456000171602e-08;5.983910000068136e-08;0.009387261999654584;0.0003000100000062957
1.8831240000145043e-08;6.202864000224508e-08;0.010526250000111759;0.0003509847999957856
2.329223999986425e-08;7.259588000015356e-08;0.010270624999247958;0.0003341843000089284
2.3827890001120977e-08;6.623587999492884e-08;0.010332690000359435;0.0003229451999941375
2.1205900001223198e-08;7.667637999984435e-08;0.010823539999546484;0.0003167858999804594
2.0070519999717363e-08;7.230143999913707e-08;0.010385790000145789;0.00033514690000447446
2.0408409999799913e-08;5.9125800000037996e-08;0.009987014000071213;0.0003717703000002075
1.9965130000491625e-08;7.169693999458104e-08;0.010397588000050745;0.00030871259997365994
1.9454599999880885e-08;6.950673999963329e-08;0.009728697999962605;0.0003457523999968544
2.3448600000119768e-08;6.66616200003773e-08;0.009642722000135108;0.00034911119999014775
2.099554000014905e-08;7.305314000113867e-08;0.009950118000269868;0.00031389719998696817
2.4906930001452566e-08;6.429822000209242e-08;0.010015159999602475;0.0003886976999929175
2.6120950002223253e-08;8.154785999795422e-08;0.010628585999947973;0.00031937610000022686
2.1635760000208392e-08;6.024914000299759e-08;0.009792445999919437;0.00044088779998128304
1.973020000004908e-08;6.322940000100061e-08;0.010276999999769032;0.0003731240000051912
1.923821000091266e-08;5.995822000550106e-08;0.009420350000145844;0.00033782590000191705
1.9513254999765196e-08;6.49349000013899e-08;0.009176245999988168;0.0002890555000049062
2.0997419999912383e-08;6.398516000481322e-08;0.010116424999432638;0.00031255370000144464
1.799147499987157e-08;5.717335999943316e-08;0.009480272000073455;0.00032050099998014045
2.1126900002127514e-08;5.870195999741554e-08;0.01014213999878848;0.0003559252000122797
2.4308660000679082e-08;7.090356000117026e-08;0.009382779999868944;0.0003172966999991331
1.790510999999242e-08;7.370195999974385e-08;0.009961152000469155;0.0003082933000114281
1.742508000024827e-08;6.034456000197678e-08;0.01002662600018084;0.00029124950000550596
1.9598930000211113e-08;6.323879999690689e-08;0.009564047999447212;0.000333720299997367
2.4535919999470935e-08;6.577949999482371e-08;0.010519220000423957;0.00027386049999040553
2.2163139999611304e-08;6.506485999561846e-08;0.009626164000364952;0.00029173769999761134
1.8158794999180828e-08;7.080059999716468e-08;0.010732660000212491;0.00034675500000594183
2.191635000053793e-08;6.6105019999668e-08;0.00959333600010723;0.0003923495000053663
2.1455335000064222e-08;6.19477000029292e-08;0.009199898000224494;0.0003160618000256363
2.0363829997950235e-08;7.326706000021659e-08;0.010016514999733772;0.00032913910000934265
2.320154999906663e-08;7.500039999722503e-08;0.010176484999828973;0.00027478199999313803
2.2971770000003744e-08;6.09076399996411e-08;0.010137124999891967;0.0004385605999850668
2.2650869999779388e-08;6.180542000220158e-08;0.010254035000980367;0.0003641377000021748
1.9779360000393354e-08;7.733080000034533e-08;0.01030941199976951;0.0003909472999803256
2.2185930001433006e-08;6.874969999771566e-08;0.009955319999717176;0.000319769499998074
2.1235020000312943e-08;6.330524000222794e-08;0.009747338000452146;0.00033321309997700157
2.1425879999878816e-08;5.791321999859065e-08;0.010361140000168235;0.00030604789999779313
2.2273750000749715e-08;6.125731999636628e-08;0.01015174800006207;0.0003052628999867011
2.0703859999775887e-08;6.257305999752134e-08;0.009346580000128597;0.00032244220000575294
2.0975569999427535e-08;6.28690799989272e-08;0.009579705999931321;0.0002868022999900859
1.9666979998874012e-08;6.024109999998472e-08;0.010051669999957085;0.00035098039999138564
2.0790649999980814e-08;5.8959359995787964e-08;0.009922399999923073;0.0002808077000081539
1.9928635000542272e-08;6.083910000161268e-08;0.00933006800012663;0.000296633500023745
2.03042799999821e-08;6.389991999603808e-08;0.009570197999710216;0.00031613710001693107
1.903413999971235e-08;6.566501999623142e-08;0.009485876000253484;0.00031701100000645964
1.9584475000738167e-08;6.175184000167064e-08;0.009464937999728135;0.00029964350000955166
2.012431000039214e-08;6.284453999833204e-08;0.00967780800012406;0.0003110123999940697
2.0490079998853616e-08;6.758021999849006e-08;0.009850294000352732;0.00031298979997518474
1.8772669999452773e-08;6.706318000215105e-08;0.01002057000005152;0.0003375767000252381
2.1823549998225644e-08;7.048765999497846e-08;0.010053809999953955;0.0003524382000032347
2.2622789998422377e-08;5.5580299999564885e-08;0.010156619999906979;0.00040595179999945686
2.2170970001025126e-08;6.794296000152826e-08;0.011161845001333858;0.0002780686000187416
2.099015999992844e-08;7.304517999873496e-08;0.010372031999868341;0.0003556961000140291
2.0409759998437947e-08;7.391912000020965e-08;0.009813106000074186;0.00033563080002204515
2.1421559998998417e-08;7.41335800033994e-08;0.010541199999861419;0.0003066298000048846
2.2103620000416415e-08;6.908419999526814e-08;0.0103957849991275;0.00027447860001120715
1.9909734999237117e-08;7.22207199956756e-08;0.010283924998657313;0.00036254979998921044
2.539660499896854e-08;7.80499399988912e-08;0.010429079999448731;0.0004200377999804914
2.4883430000045336e-08;7.052298000198789e-08;0.010360669999499805;0.0003755436000064947
2.442404999746941e-08;6.69199799944181e-08;0.01184608500043396;0.0003411772999970708
2.0076140001765454e-08;5.69214999966789e-08;0.010233527999953368;0.000380586300016148
1.856116499984637e-08;6.038119999575429e-08;0.013283555000089108;0.00034502290000091305
2.1268070000223817e-08;5.904636000050232e-08;0.014389439999649766;0.00032783090000157244
1.809343000059016e-08;7.445588000118732e-08;0.013552189999609254;0.000334798200026853
2.0493414999509697e-08;5.986376000219024e-08;0.013700225000502542;0.00037428590000490656
1.824157499941066e-08;6.441342000034638e-08;0.013086060000932775;0.00033792960000573655
2.0382909999170807e-08;6.781518000061624e-08;0.01348106000077678;0.00036336049999226815
2.5134680001065134e-08;6.700469999923371e-08;0.013746050000190736;0.0003287547999934759
1.982253000023775e-08;6.601908000302501e-08;0.013580800000636373;0.00032217460000538267
2.3212069997680373e-08;6.8075660004979e-08;0.013831239999854006;0.0003284587000089232
2.1539539998047985e-08;6.677505999687128e-08;0.015267959999619052;0.00031763030000729484
2.0296754999435506e-08;6.516042000148445e-08;0.013082510000094772;0.0002995147999899927
2.559291000070516e-08;5.9549779997905714e-08;0.013564419999602251;0.00030961860000388696
1.8999949999852105e-08;6.602898000273853e-08;0.01309728000051109;0.000334058600012213
2.0088659998145884e-08;6.817936000297777e-08;0.014461965000373311;0.0004146412000118289
2.5636659999145196e-08;7.259290000074543e-08;0.013950394999119453;0.00034491929999785496
2.5623440000345e-08;7.152455999748781e-08;0.012849694999749773;0.0004204414000269026
2.6698240000405347e-08;7.655891999602317e-08;0.014110365000669844;0.00037901099998271094
2.50394700007746e-08;6.568922000005841e-08;0.014980570001353045;0.00032181880000280215
2.4066579999634996e-08;7.783712000236846e-08;0.013597815000684932;0.0003147985999821685
2.3218210000777617e-08;7.609882000251673e-08;0.01316571500065038;0.0004073505999986082
2.1277129999361934e-08;6.972138000419363e-08;0.013664944999618456;0.000354476300009992
2.6167740000528283e-08;6.710543999797665e-08;0.013146939998841844;0.0003589174000080675
2.2134869999717922e-08;6.816038000397384e-08;0.012401095000677742;0.000418460499990033
2.287001000076998e-08;6.984075999935158e-08;0.013129114999901503;0.00033685020002303647
2.334866000019247e-08;7.021691999980248e-08;0.013134865000029094;0.0003258629000047222
2.359602000215091e-08;7.533912000362761e-08;0.014136594999581576;0.00041344289999688044
2.5828989999718033e-08;7.225970000145025e-08;0.01425502499914728;0.00033205920000909826
2.4003744999936316e-08;7.457694000331685e-08;0.013782829999399837;0.00038973670001723803
2.0231469999998807e-08;7.095096000120975e-08;0.012945935000607279;0.00036214909999398513
2.1002949998364783e-08;6.652385999914259e-08;0.014292915000987704;0.00030152740000630727
2.2488910000538453e-08;6.437800000421703e-08;0.015177274998859503;0.00040509980003116655
2.7511119999689982e-08;6.822038000100293e-08;0.014778759999899194;0.0004052809000131674
2.122836000053212e-08;7.365527999936603e-08;0.015227500000037253;0.0004601693999720737
2.2219330002553763e-08;7.391353999846615e-08;0.014160789999004919;0.0004003155000100378
2.1907369999098593e-08;6.275301999994554e-08;0.014433650000137277;0.0003768619000038598
2.1497114999510813e-08;7.269281999906526e-08;0.01445059000106994;0.00041188359999796373
2.3899059998802842e-08;7.856246000155806e-08;0.015676364999671934;0.0003549213999940548
2.0160369999939575e-08;6.246572000090964e-08;0.014410304999910296;0.0003622471999842674
2.2941379999974743e-08;6.534211999969557e-08;0.013489474999369122;0.00030853249999927357
2.5902920000953598e-08;7.004849999793805e-08;0.013969364999502432;0.00040358660000492817
2.062580999918282e-08;6.970603999798187e-08;0.014516265000565909;0.0003643744000000879
2.088379999913741e-08;6.365448000142351e-08;0.013728824999998324;0.000347228400001768
2.2562230000039563e-08;7.004120000055991e-08;0.012349159999575931;0.0003038190999941435
2.394178000104148e-08;6.420467999996617e-08;0.014759250001225155;0.00033928200000082144
2.3958809999749065e-08;7.206145999953151e-08;0.01395059000060428;0.0003329840999795124
2.467995499901008e-08;6.946437999722547e-08;0.013669375001336448;0.0003046981999941636
2.2631090000504628e-08;6.261079999967479e-08;0.013978744999621994;0.0003310965000127908
2.083221000211779e-08;6.637835999717936e-08;0.01382090499973856;0.0003548757999960799
2.4485300001106225e-08;7.622024000156671e-08;0.012907945000915789;0.0002984989999968093
2.3544079999555835e-08;7.259666000027209e-08;0.01430802500108257;0.0003454065000114497
2.1215839999786112e-08;7.231565999682062e-08;0.013937575000454672;0.00031662610001512804
2.120693000033498e-08;6.164998000022023e-08;0.01309412500122562;0.0003143676999898162
2.29955599992536e-08;6.973262000246905e-08;0.012487620000320021;0.0003564973999746144
2.1481879999919328e-08;7.232903999974951e-08;0.013307409999833908;0.00040390140004456043
1.6998659999808296e-08;7.088322000345215e-08;0.012950125000497793;0.0003219021999975666
2.215334999782499e-08;6.052422000211664e-08;0.012976920000801329;0.0003630719000066165
2.350665999983903e-08;6.244545999797992e-08;0.01310152000078233;0.000356412499997532
2.198445000103675e-08;6.880111999926158e-08;0.014028695000160952;0.0002979892000148538
2.1541824999439994e-08;6.049329999950715e-08;0.012739460000011605;0.00029981890000635756
2.0342919998802246e-08;6.152129999827593e-08;0.013069765000545885;0.00031851589999860153
2.017846999806352e-08;6.2675420002779e-08;0.01382014499977231;0.0003053566000016872
2.032129500003066e-08;6.063059999723919e-08;0.01287136499886401;0.0003303242000110913
1.7791379999835043e-08;6.574430000036954e-08;0.012598004999745172;0.00031045479999738745
2.1883990001515487e-08;6.066291999886744e-08;0.012744345000828616;0.0003445087000145577
1.9174920000659768e-08;5.755702000460588e-08;0.013174085000355263;0.00031003730001975783
2.024237000150606e-08;6.351980000035838e-08;0.01226957000035327;0.00029016880001290704
1.907197999971686e-08;6.341523999581113e-08;0.013278525001078378;0.00028869449999183416
1.962589000031585e-08;6.18951999989804e-08;0.012313550000544637;0.0003207617999869399
2.109733499964932e-08;6.01550999970641e-08;0.012808379999478347;0.00031711239999276583
1.9499155000085012e-08;6.419757999829016e-08;0.012847950001014397;0.00034126190000097266
1.8754855000588577e-08;7.003684000228532e-08;0.012704010000743438;0.0002909514000057243
2.100702000025194e-08;5.856436000321992e-08;0.012826335000863765;0.0003121687999810092
1.9063054998696315e-08;6.794497999944724e-08;0.012844920001225547;0.0003136112000211142
2.1611399998073466e-08;6.075648000114597e-08;0.012398730000131763;0.00027106849997653626
1.829359499970451e-08;5.547264000051655e-08;0.01352047499967739;0.00028487810000660827
2.3205540000344625e-08;6.103061999892816e-08;0.012399269999878015;0.00030072609998751433
1.929876000067452e-08;6.36002599960193e-08;0.01264987999893492;0.000295533800002886
1.98944149989984e-08;6.487138000084087e-08;0.012774909999279771;0.0003062281000020448
1.7631455000082497e-08;5.8370219997596e-08;0.012760725000407546;0.0002830609999946319
1.6771320000407285e-08;6.152895999839529e-08;0.012660190000315198;0.00029366089997347444
1.8093045000568964e-08;6.116095999605022e-08;0.012179614999331534;0.0002683924000011757
2.0121060000383294e-08;6.532510000397451e-08;0.011898269999073818;0.00027417640000930985
2.1432199998525902e-08;5.96958399983123e-08;0.01241716000076849;0.00026216630000271834
1.8166579998796805e-08;5.955357999773696e-08;0.013174065000202972;0.00027628570000524634
1.891669000033289e-08;6.564796000020578e-08;0.01226462999911746;0.00028734420001273975
1.9600275000266265e-08;6.713517999742181e-08;0.01337216000101762;0.0003030870000075083
1.8339795000792947e-08;5.850659999996424e-08;0.012496390000160318;0.00028415859999950045
1.9098089999170042e-08;5.98784199974034e-08;0.013483994999842253;0.0002900701999897137
1.9560180000553373e-08;6.389339999877848e-08;0.013191714999265969;0.0002865616000199225
2.0971659998758695e-08;6.165179999661632e-08;0.013123909999558236;0.00034018239998840727
2.2049770000739954e-08;6.233558000531048e-08;0.012576900000567548;0.00027829429999110287
1.823036999994656e-08;5.921622000169009e-08;0.012960989998828155;0.0002957792000088375
2.025465000042459e-08;6.519214000436477e-08;0.012446135000209324;0.00030832720000762494
2.0447279998916202e-08;6.069427999900653e-08;0.0129243100003805;0.0003012685000139754
2.054404000082286e-08;6.179637999739498e-08;0.01227186000032816;0.0003070853000099305
2.1589680001488886e-08;6.230477999779395e-08;0.0122856200003298;0.0003064995000022464
2.1101609998731873e-08;6.24930599995423e-08;0.013493359999847599;0.00032426649998524226
1.9319805000850465e-08;5.976346000097693e-08;0.013098314999660942;0.00034257879998767746
1.7645060000359082e-08;6.582776000141166e-08;0.012061860000540037;0.00032332500000484287
1.9988074999128004e-08;6.29151200002525e-08;0.013439024999388493;0.00032147280001663606
1.9330280000576748e-08;6.51771800010465e-08;0.01647452499892097;0.00031697119999444113
1.857946000091033e-08;6.641708000097424e-08;0.01647333000000799;0.00028932799998437984
2.0330779999494554e-08;6.10521599999629e-08;0.01542429999972228;0.00032201199998962694
1.8343350000213833e-08;6.537615999695845e-08;0.01590369999903487;0.0003073867000057362
2.1004129998618737e-08;6.388943999772891e-08;0.016813125000044237;0.00031417399999918416
1.903518500039354e-08;6.463953999918886e-08;0.015542935000848957;0.0003565970999770798
1.8846165000286418e-08;6.052697999984958e-08;0.016148634999990464;0.00029304059999412854
1.7741984999156557e-08;6.432266000192612e-08;0.0175458850004361;0.0003142468000005465
2.0404880002024582e-08;6.895461999811232e-08;0.01688933499972336;0.0002979862000211142
2.0655750000150874e-08;6.217113999882712e-08;0.015687705000163987;0.00033437739999499173
1.9091745000332594e-08;6.312107999692671e-08;0.01667823499883525;0.0002837868999922648
2.0623889999114908e-08;5.800491999834776e-08;0.016813900000124705;0.000312218600010965
2.2728580000693908e-08;6.133348000003025e-08;0.01663035999954445;0.0002973230000061449
1.8799985000805464e-08;5.801837999606505e-08;0.015879825000592974;0.0003065815000154544
1.8213794998882804e-08;6.119787999778054e-08;0.015626970000448638;0.0002951323000015691
2.039908999868203e-08;6.059686000226066e-08;0.01670455999992555;0.0003153313999937382
1.9261524999456014e-08;6.600132000166923e-08;0.015696330000355373;0.00032242240000050516
2.2200479998718946e-08;6.189004000043497e-08;0.015585919999284669;0.000297059199976502
1.8667799999821e-08;5.845122000318952e-08;0.01617277499899501;0.0003079515999997966
1.7556274999515153e-08;6.297472000005655e-08;0.016792745000566357;0.00029916530000627975
2.01847699994687e-08;5.622280000243336e-08;0.016396604999317787;0.00028952759999083353
1.937947999977041e-08;5.946531999506988e-08;0.016626240000186955;0.000300851900014095
1.8689420000009705e-08;6.313834000029601e-08;0.016051479999441655;0.000324922300002072
2.1246249999967403e-08;6.543891999754123e-08;0.0169354249999742;0.0002926775999949314
1.841098000004422e-08;6.410825999919325e-08;0.01574984500039136;0.0003022630999912508
2.067265000077896e-08;6.320771999889985e-08;0.015695965000486468;0.00027619850001065063
2.2905850000097417e-08;6.819565999903716e-08;0.017228904999501537;0.00028926940000383185
1.8480455000826625e-08;6.143717999802902e-08;0.016691145001095718;0.0003319928999990225
1.821713999961503e-08;6.075621999916621e-08;0.01576590999902692;0.0002817553000058979
1.950033000030089e-08;6.297580000245944e-08;0.016373785000178033;0.0003030404000019189
2.0655159998568706e-08;6.285657999687828e-08;0.01679264999984298;0.00030152010000892914
1.813382999971509e-08;5.937532000243664e-08;0.01634631500055548;0.0003116298000095412
2.0269780000671745e-08;6.760251999949104e-08;0.016616475000046194;0.0003022412999998778
1.829373999935342e-08;6.257494000019505e-08;0.017165030000614933;0.00032139379999716764
1.865502500004368e-08;6.280398000380956e-08;0.016728754999348894;0.0003416607999824919
1.7571835000126155e-08;6.247948000091128e-08;0.016037145000882446;0.00029975770000601187
1.9719289999920874e-08;5.813319999724626e-08;0.015837434999411926;0.0003076527000230271
2.0178000000305475e-08;6.41373599995859e-08;0.016747129999566825;0.0003306986999814399
1.866002999886405e-08;6.189577999757603e-08;0.016505465000227558;0.000313523000018904
1.892772999999579e-08;6.237969999783672e-08;0.016127994999988005;0.000297634399990784
1.9333095000183676e-08;6.036404000478797e-08;0.015485550000448711;0.0003224791999964509
1.79072550003184e-08;6.36266199988313e-08;0.015726924999034962;0.0002980221000034362
1.740369500039378e-08;6.177156000048854e-08;0.01655954500020016;0.0003146218000038061
2.0011919998796656e-08;6.424838000093586e-08;0.017258455000410323;0.00029823919999762437
2.0315185000072232e-08;6.223725999589079e-08;0.015080610000586603;0.00031054209999274463
1.8197335000149907e-08;6.298792000161484e-08;0.01683074500033399;0.00028510349997668525
2.0324380000238307e-08;6.381109999492764e-08;0.01653515000070911;0.0003464411999739241
2.0173285000782926e-08;6.1484819999896e-08;0.01657699000061257;0.0002922406999859959
1.7435919999843463e-08;6.391588000115008e-08;0.015426565000962001;0.0002895550999965053
2.0598249998874962e-08;5.960333999828435e-08;0.016914085000462365;0.00029827380002825523
1.9976374998805115e-08;6.567548000020906e-08;0.016120889999729115;0.0003221678000118118
2.2598319998360238e-08;6.195929999812506e-08;0.01636653000023216;0.00029693089998909274
1.9751729999552482e-08;5.9496459999354554e-08;0.015578039998945314;0.00030119709999416953
1.935080499970354e-08;6.033518000040203e-08;0.01609477500023786;0.0002886438999848906
1.904000999929849e-08;6.33157600008417e-08;0.01635309999983292;0.00029180500001530163
1.799460499896668e-08;6.337594000506215e-08;0.01580039999971632;0.0003113408999925014
1.643230999907246e-08;5.9464359999401496e-08;0.01595899499952793;0.0003104614999901969
1.8808320000243838e-08;6.235258000087925e-08;0.01576284499897156;0.00030451330001233146
1.8254650000017137e-08;6.380678000277839e-08;0.016298459999961778;0.00029937180000706574
1.837731499981601e-08;6.446654000319541e-08;0.016242929999134504;0.00028686990001006055
1.8976730000576937e-08;6.55832400021609e-08;0.016876075000618586;0.00031230749998940156
1.9345930000417866e-08;6.109873999957927e-08;0.016157764999661595;0.000288067499990575
2.0583505000104197e-08;6.527780000469648e-08;0.016064890001143795;0.00031772960000671445
1.9015004999528173e-08;5.6409800000255926e-08;0.01661914500000421;0.0003050265999918338
2.1090274999733083e-08;6.360905999899841e-08;0.015812919999007136;0.0002987097000004724
1.772313499968732e-08;6.518040000228212e-08;0.01673738000099547;0.00031565090001095086
1.8370115000288933e-08;6.234384000417776e-08;0.0157846400004928;0.0003161850000033155
1.98583849996794e-08;6.149288000306115e-08;0.01657861999992747;0.0002936541000090074
1.8549294999684207e-08;6.426684000180103e-08;0.015885819999675733;0.00034688460000324993
1.903085999947507e-08;6.240279999910853e-08;0.016129785000521223;0.0003180319000093732
1.7719524999847637e-08;6.381307999836281e-08;0.016389485000399873;0.000275773700006539
2.0520029999897814e-08;6.586899999529123e-08;0.016223604998958762;0.0002883600000059232
2.0773530000587924e-08;6.319752000272273e-08;0.016171875000873116;0.00028254329998162576
2.028647999977693e-08;6.357467999914662e-08;0.01597720499994466;0.00025974589999532325
2.0357884999248198e-08;6.226493999711237e-08;0.015897809999296443;0.0002960327999899164
1.8319295000401326e-08;6.033762000151909e-08;0.015834309998899697;0.0003050863999815192
2.0008660000166857e-08;6.368336000014096e-08;0.015603519999422133;0.0002626291000051424
1.781912000005832e-08;6.412672000005841e-08;0.015422190001117997;0.00030104900000151247
1.859115999977803e-08;6.029329999582841e-08;0.016942974999255966;0.0003050320000038482
1.7866184999002144e-08;6.234169999952429e-08;0.016502104999381116;0.00029891469998983666
2.0515780002460815e-08;6.186865999479778e-08;0.01618847000063397;0.0002788461000018287
1.816975499968976e-08;6.239382000057959e-08;0.016457520000403746;0.00029687510000076146
2.0697840000502767e-08;6.184978000237607e-08;0.01644412000023294;0.0003111974000057671
1.8647474999306724e-08;5.963676000246779e-08;0.01585761500027729;0.0002853136000048835
1.9587375000992325e-08;6.234151999815368e-08;0.0159937849995913;0.0003086892999999691
1.8349719999241643e-08;6.1666460003471e-08;0.016213240000070073;0.0002982297999842558
2.1206489999894983e-08;6.052005999954417e-08;0.01642524500057334;0.0002845975999953225
1.9873675001144876e-08;6.21993399981875e-08;0.016619054999318907;0.0002970684000174515
1.9687680000788533e-08;6.292451999615878e-08;0.016396630000963343;0.00034104900000966155
2.107028999889735e-08;5.835457999492064e-08;0.015955584999755957;0.00028675090000615457
2.0572460000403226e-08;6.287766000023112e-08;0.016453914999146946;0.0002802283999917563
1.676642500096932e-08;5.529790000291541e-08;0.016652569999860135;0.00029371109997737224
1.8526364999706858e-08;5.845422000274994e-08;0.016498549999960234;0.00032549309998285023
1.9825405000301544e-08;6.256343999993987e-08;0.016947009999421427;0.00030454290000488983
2.079894000198692e-08;5.772201999789104e-08;0.016960314998868853;0.000344609500025399
2.0848010000190697e-08;6.292267999961041e-08;0.015987840000889264;0.0003163935000193305
2.4545459999353625e-08;6.869768000324256e-08;0.0164517800003523;0.0004052530000335537
2.1133869999903254e-08;7.364155999966897e-08;0.017869339999742807;0.0003153429999947548
2.1603804999904242e-08;6.072780000395141e-08;0.017020744999172166;0.00032792340000742116
2.3747619999630842e-08;7.003629999817349e-08;0.01777439500001492;0.00039160470000933857
2.4935989998630248e-08;9.02950800023973e-08;0.02007869000080973;0.00028754389999085107
2.209549999970477e-08;8.603419999708422e-08;0.02004769000050146;0.00035959590002312324
1.806823499937309e-08;9.825643999502062e-08;0.020992214999569114;0.0003865583000006154
1.9420399999944493e-08;1.0278385000128765e-07;0.022769400000106542;0.00028427030000602825
2.3279870001715608e-08;9.974601999856532e-08;0.021522630000254138;0.0003116155999887269
2.074836999963736e-08;1.0161698000156321e-07;0.01908965500042541;0.00034442310000304134
2.2089560001040808e-08;8.707462000311352e-08;0.02086139000020921;0.00033857370002078824
2.090623000112828e-08;1.0452855000039562e-07;0.02065324999857694;0.0003427965999871958
2.3788579998654313e-08;9.942110000411048e-08;0.02168997999979183;0.00034528160002082585
2.0224259997485205e-08;9.09742800053209e-08;0.020938800001749767;0.00033428750000894067
1.877181500021834e-08;9.406569999991916e-08;0.019257515000936108;0.00034369450001395306
2.0423425000626593e-08;9.498721999698318e-08;0.021653320000041276;0.00033478289999766276
2.1980510000139475e-08;9.547054000431671e-08;0.020091059998958372;0.0003771396999945864
2.2014489999855867e-08;1.0136725999764166e-07;0.020204840000951664;0.00032738010000321084
2.3379249998833984e-08;1.0922770001343451e-07;0.021093000000109895;0.0003298175999952946
1.9398609999916516e-08;9.465132000041194e-08;0.01928011999989394;0.00034241219999967145
2.2015899998950772e-08;9.753451999858953e-08;0.019795169999997596;0.0003334871999977622
1.7878299999574666e-08;8.839155999594369e-08;0.020246590001625007;0.00031091729999752716
1.854079000040656e-08;8.154705999768339e-08;0.02028308500011917;0.00033553320000646636
1.76248099989607e-08;8.916230000322684e-08;0.02101540500007104;0.0003546312999969814
1.9231009999930393e-08;8.855054000159726e-08;0.021615829999791458;0.00034018520000972787
2.126828000182286e-08;8.683919999748468e-08;0.02044244999997318;0.00028895639997790566
2.1148850000463428e-08;9.509736000327393e-08;0.02279711999872234;0.0003752219000016339
2.0646095000847707e-08;9.271409999928437e-08;0.020431300000927875;0.00039576069999020544
2.1265419997507705e-08;8.265450000180863e-08;0.022228445000655482;0.0002950432999932673
2.1242160000838338e-08;1.104087999992771e-07;0.020973910001339392;0.00035164390000863935
2.3265550000360234e-08;8.668082000222057e-08;0.02059546000091359;0.00029865079998853616
1.9003389999852517e-08;9.844405999756418e-08;0.019779304999974556;0.00030667089999769816
1.9109155000478497e-08;8.619972000014968e-08;0.020309710002038628;0.000278144500014605
2.0152124999731313e-08;8.757970000151545e-08;0.021182135000708514;0.0003526158999884501
1.8399845001113136e-08;8.250747999991291e-08;0.020266244999947957;0.0003416861999721732
1.900727000029292e-08;8.34575799992308e-08;0.019250705000013114;0.0003138223999994807
1.855801499914378e-08;8.478708000038751e-08;0.020485209999606013;0.00030328079999890177
2.006376000063028e-08;7.905755999963731e-08;0.019934260001173244;0.0003243829000275582
1.908582500036573e-08;8.736897999770008e-08;0.01930530999961775;0.00032461750000948084
2.141179000027478e-08;7.640799999935552e-08;0.020300869998754932;0.00031719570001587273
1.7709329999343026e-08;9.037495999946258e-08;0.019709604998934083;0.0003060844999854453
1.6428735000954476e-08;8.456710000173189e-08;0.02088117999956012;0.00030733660000259986
2.0785109999997074e-08;1.1652799999865238e-07;0.020374830000218936;0.0003585630000161473
1.7466825000883545e-08;8.900507999933325e-08;0.01954107500059763;0.0002924442000221461
1.9843604999186936e-08;8.105964000569656e-08;0.019856365000305232;0.00031471519998740405
2.4165339997853153e-08;8.447025999776087e-08;0.018874589999904857;0.00029224140002042986
1.8654604999755976e-08;8.395677999942563e-08;0.02047712999919895;0.0003188401000224985
2.168952999927569e-08;9.453289999510162e-08;0.020456845000444444;0.00028096750000258905
2.3300699998799246e-08;9.415308000170626e-08;0.02006857999949716;0.0003369818000064697
2.036680500023067e-08;8.295653999666684e-08;0.021196950000012295;0.0003494277999852784
1.9275604998983908e-08;9.486778000136838e-08;0.021963079998386092;0.0003357945999887306
2.275806000106968e-08;8.668493999866769e-08;0.020175024999480227;0.0004105283999815583
2.032906000094954e-08;1.0422732000006363e-07;0.018953129999863448;0.0003326435000053607
2.3755859999801033e-08;1.0363889999571256e-07;0.020722845000273084;0.0003385687000118196
2.2594234999269248e-08;9.399329999578186e-08;0.02123272999888286;0.00029494680001516824
2.1189890000096057e-08;9.707367999944836e-08;0.021165684999141378;0.00038786270000855437
2.1872409997740762e-08;8.792993999668397e-08;0.020497629999590573;0.00030853900001966394
2.1509029998560435e-08;9.247078000335023e-08;0.021853290000581182;0.00033554040000308307
2.0134180001332424e-08;8.809814000269398e-08;0.02057137500087265;0.00033878519997233527
2.3498579999431968e-08;1.0123015000135638e-07;0.020358364999992773;0.0003592892999877222
2.0645070000318812e-08;1.0326959998928942e-07;0.020838389999698847;0.00035052419998100957
2.1883150000940077e-08;9.668338000192306e-08;0.02109702000161633;0.00036081410001497714
1.9103159999940546e-08;8.587633999995888e-08;0.021737700000812765;0.00032456660000025297
1.7894830000295768e-08;9.801549999974668e-08;0.020336300000781193;0.00029862270000739955
2.2100540000246837e-08;8.618351999903097e-08;0.019432650000089778;0.0003380261000129394
2.2081560001242906e-08;1.0356649999448563e-07;0.024816079999436625;0.0003307325000059791
2.1589870000025257e-08;9.23672600009013e-08;0.020363100001122802;0.00037395000000833536
2.2844249999616294e-08;1.1071989999618381e-07;0.020996119998744688;0.00033000680000986904
2.4274900002637878e-08;9.31837199954316e-08;0.02096292000205722;0.00033509330000379124
2.3800579999806358e-08;1.2042615000973456e-07;0.022476119999191725;0.00035196770000038666
1.916130500030704e-08;1.1495357999810949e-07;0.02225878999743145;0.00040814399998635053
2.43331700010458e-08;9.578980000223965e-08;0.022447089999332093;0.00036392179998802023
2.3077080000075513e-08;1.0946830000029877e-07;0.021988049999345095;0.000393254499998875
2.3604550000163726e-08;1.2409095000475646e-07;0.021055239997804166;0.00030767109998851083
1.9306150000193156e-08;8.952105999924243e-08;0.02140138999966439;0.00042855539999436587
2.2935720000532457e-08;1.279977000085637e-07;0.022706249999464488;0.000412480799946934
2.4052459999802523e-08;9.250621999963187e-08;0.021962940000230448;0.0003786936999822501
2.1546109998598695e-08;1.054048999940278e-07;0.021882469998672605;0.0003616072000004351
2.1512810001149772e-08;1.0576239999500104e-07;0.020116550000966526;0.0003525097999954596
2.1390929998597132e-08;9.620628000120633e-08;0.021149149999837392;0.00034442579999449663
2.2312794999743346e-08;1.0068600000522566e-07;0.020903560001170263;0.0003489394999924116
2.1604549999756272e-08;1.0183304999372922e-07;0.022415010000986512;0.0003892290999938268
2.4784485000418498e-08;9.553684000275098e-08;0.022688829997787253;0.0004171179999830201
2.3279370000818745e-08;1.156576000066707e-07;0.021400880001601764;0.0004086836999922525
2.4993560000439174e-08;8.418219999875873e-08;0.019313484999292994;0.00030176050000591204
1.7445155000314115e-08;8.011371999746188e-08;0.02066929999855347;0.0003759132999985013
2.402750500041293e-08;1.1138750000100117e-07;0.023116665000270587;0.0003321635000174865
2.305742000171449e-08;9.945463999756612e-08;0.02148839999863412;0.0003859535999945365
1.967888499930268e-08;1.1350945000594947e-07;0.02043975999986287;0.00032942660001572223
2.754574999853503e-08;9.908211999572813e-08;0.024090829998021944;0.00034135599998990073
2.4367169998004103e-08;1.0081410000566393e-07;0.02095573999977205;0.00041996540001127867
2.5025510002160445e-08;9.563943999819457e-08;0.019630210001196247;0.00031288400001358243
1.910836000024574e-08;9.544453999842517e-08;0.020626410000841134;0.00033959959997446274
2.3800779998418876e-08;9.273662000196054e-08;0.0210541500011459;0.0003657330000132788
2.552474000112852e-08;8.998230000142939e-08;0.022713670000666753;0.0003146551999961957
2.3688470001798123e-08;9.44389600015711e-08;0.022660090000135823;0.000273623300017789
2.2606819999055006e-08;8.77111000008881e-08;0.021804690000135452;0.0003282410000101663
2.1140939998440445e-08;8.849314000108279e-08;0.01930385000014212;0.00031105920000118204
2.0909259999461938e-08;8.309125999803655e-08;0.02228150999872014;0.0003423036999884061
2.2774824999214616e-08;9.402589999954216e-08;0.021942994999699296;0.00033486450000782495
2.0226195000577717e-08;8.205808000057004e-08;0.02249374999955762;0.00029707599998801015
2.399829000059981e-08;8.928498000022955e-08;0.021920370002044366;0.00031766860000789163
1.8292115000076593e-08;1.0842535000119824e-07;0.021613030001753943;0.0003300757000106387
1.9730359999812208e-08;1.0218380000442266e-07;0.021226870000828058;0.00034916130002238786
2.0185130002209916e-08;7.058498000260443e-08;0.0261655599984806;0.0011371610000787769
2.007836999837309e-08;6.526689999736846e-08;0.024609100000816397;0.0013086254999507218
2.043662500072969e-08;6.143423999892548e-08;0.025809799999115056;0.0010601094999583439
1.9055139999545645e-08;6.309626000002026e-08;0.02486914000182878;0.0011292499999399296
1.833889499976067e-08;6.15159799985122e-08;0.024194430001080035;0.0011098654998932035
2.020572000037646e-08;6.455436000251211e-08;0.023765749999438413;0.001185401999973692
2.0053590001771226e-08;6.000356000149622e-08;0.024205309999524617;0.0010149704999639652
2.15200399979949e-08;6.75091799988877e-08;0.02456911999906879;0.001134322500001872
2.040917999984231e-08;6.490981999668293e-08;0.025735200001508928;0.0012201200000708922
2.3374389999662527e-08;6.771958000026643e-08;0.02748208999983035;0.0010356034999131226
2.1698019999894313e-08;6.2762639997527e-08;0.023089989999425596;0.0010606720000214409
2.134564500011038e-08;6.498515999992377e-08;0.024774939997587352;0.0012161699999705888
2.233929999929387e-08;8.126747999922372e-08;0.023759010000503622;0.001262373499921523
2.610215500026243e-08;6.832158000324852e-08;0.02606277000159025;0.001218094499927247
2.3236990001169033e-08;7.57772799988743e-08;0.026220070000272246;0.0013620510000328068
2.3669640001025982e-08;6.657562000327743e-08;0.024797060000128112;0.0012788519999594428
2.0615439998800867e-08;7.858520000008866e-08;0.02725260999868624;0.0011043335001158993
2.1746554999845102e-08;7.54691999987699e-08;0.026898520000395366;0.001319027499994263
2.4310289998538792e-08;8.273831999977119e-08;0.02601124000211712;0.0013011285000538919
2.2979390001273715e-08;6.786556000006386e-08;0.027418859998579136;0.0011536409999825992
2.5546995000331662e-08;6.407752000377514e-08;0.02658999999985099;0.0011261835000186693
2.124288000050001e-08;6.625440000207163e-08;0.02546110000112094;0.0010390639999241103
2.467727999901399e-08;6.80696600000374e-08;0.02722873000020627;0.0015170930000022054
2.189248999929987e-08;7.266164000029676e-08;0.026043419999768957;0.0012136264999571722
2.5465665000956506e-08;7.321796000469476e-08;0.02440954000048805;0.0011317485000472516
2.614756999828387e-08;7.661120000411757e-08;0.02433117000036873;0.0013952564999635798
2.4674429997685365e-08;7.496464000432752e-08;0.024117069999920204;0.0014138144999742508
2.121490999998059e-08;7.897729999967851e-08;0.023461149999639018;0.0012017354999261443
2.1433640000759623e-08;7.388539999956265e-08;0.027518359999521635;0.0012387204999686219
2.1280129998922347e-08;7.251173999975435e-08;0.02393408000061754;0.001313687499932712
2.3161119999713266e-08;7.238689999794587e-08;0.028075689999968744;0.0011096020000695716
2.3147149998112583e-08;7.103822000208311e-08;0.026680089998990297;0.0014765275000536348
2.045032500027446e-08;7.2543880000012e-08;0.026150390002294445;0.0012379630000214092
2.5236410001525655e-08;6.732426000526175e-08;0.02477857999911066;0.001185364499979187
2.2301339998375624e-08;7.616684000240639e-08;0.02737046999973245;0.001258319000044139
2.011032000009436e-08;6.236669999780133e-08;0.024287340001319536;0.001382267500011949
2.198332000116352e-08;6.741004000068642e-08;0.026854749998892657;0.0012049844999273774
2.3605179999140093e-08;6.946147999842651e-08;0.026152979998732916;0.0013974255000357516
2.165656000142917e-08;5.962650000001304e-08;0.025447689997963607;0.0013779962000553497
2.2281169999041596e-08;6.831723999930546e-08;0.027139550002175383;0.0014362609999079724
2.650009999924805e-08;7.349001999828034e-08;0.028083539998624472;0.0010898759998963215
2.1368300000904128e-08;6.472717999713495e-08;0.0253822400001809;0.0015201554998930079
2.0713860000250862e-08;6.882898000185378e-08;0.026442570000654086;0.001101934999896912
1.9543330000306015e-08;6.37133200012613e-08;0.023836479999590664;0.0012003575000562705
2.352766999974847e-08;7.134999999543652e-08;0.026097390000359155;0.001269330500072101
2.389417999947909e-08;6.45041800045874e-08;0.024984809997840786;0.0012269314999866765
2.3927684999944175e-08;8.021151999710128e-08;0.02547994999913499;0.001178094500064617
2.3209479998331518e-08;6.81564399972558e-08;0.025924549999763256;0.0012636735000705812
2.0531859999755396e-08;6.684437999501824e-08;0.02656252000015229;0.001078200000047218
2.073503000137862e-08;6.01926400035154e-08;0.026996649999637155;0.0010573934999410994
2.3415569998905995e-08;6.714367999811657e-08;0.024278939998475836;0.0012782910000532866
2.7502410000306555e-08;6.118488000356592e-08;0.02606552999932319;0.0011914004999562166
2.451106999942567e-08;6.018817999865859e-08;0.026293599998462015;0.0012272470000607427
2.179061000060756e-08;5.767257999978028e-08;0.022357850000844337;0.0012689399998635053
2.21304999984568e-08;7.327753999852575e-08;0.027707859998918137;0.001201567999960389
2.2928440000396223e-08;6.07181400002446e-08;0.026664770001661963;0.0013663974999508354
2.0256789997802115e-08;6.696829999564216e-08;0.023124300001654774;0.001175877999921795
2.2657219998654908e-08;6.816914000082762e-08;0.02595556000014767;0.0011709820000396576
2.000453000073321e-08;6.593774000066332e-08;0.026535500001045875;0.0010643129999516531
2.4264199999743143e-08;6.466814000159501e-08;0.024318799999309703;0.0014469780000217725
2.3272249998990448e-08;7.02237999998033e-08;0.02640915999945719;0.0011844944999029395
2.28331350008375e-08;6.311057999846526e-08;0.023760580000816843;0.0012902624999696854
2.0408579999639187e-08;7.022796000237577e-08;0.026630760001717137;0.0011275894999562296
2.2442660000524484e-08;6.779731999849901e-08;0.02667144000006374;0.0013196360001165885
2.2281289999955335e-08;6.551861999905669e-08;0.02604163000069093;0.0012487435000366532
2.2623250000469852e-08;7.217238000012004e-08;0.025743640001746827;0.0010744184999202844
2.035903999931179e-08;6.273835999891161e-08;0.025530680001247676;0.0010983329999726267
2.1007109998026863e-08;6.880873999907635e-08;0.027757599999313244;0.0013046134999603965
2.245794000045862e-08;7.09878999972716e-08;0.0236505600012606;0.0010782035000738688
2.0941209999728016e-08;6.948685999959708e-08;0.02820878999773413;0.0015328100000624545
2.2168720001354814e-08;7.430836000130512e-08;0.027689089998602867;0.0013584269999410026
2.371823999856133e-08;6.753453999990597e-08;0.023791550000896677;0.0010483734999434092
2.0862539997324347e-08;7.013587999972515e-08;0.025122059998102485;0.001339643000101205
2.2853459999896586e-08;6.542055999743752e-08;0.026016110001364723;0.0010763530000986066
2.0877029999974184e-08;6.944794000010006e-08;0.025712880000355653;0.0012507379999442492
2.030928500025766e-08;7.472210000269115e-08;0.024090350000187756;0.0010654930000600872
2.1378100002766588e-08;6.335466000018641e-08;0.025433789999806323;0.001134583999955794
2.0194520000950433e-08;6.594359999871812e-08;0.026223400002345444;0.0011752275000617373
2.001287000020966e-08;7.674267999827862e-08;0.024554910001461393;0.0013618480000877752
2.251684000075329e-08;6.196715999976732e-08;0.026635920000262558;0.0011655880000034813
2.0966545000555924e-08;5.831260000122711e-08;0.02457810000050813;0.0010608830000273883
2.089372999907937e-08;6.426844000234268e-08;0.02386945000034757;0.0010789559999830089
1.7866094999772032e-08;6.339155999594369e-08;0.025040960000478663;0.0012632855000265408
2.0198600000003354e-08;6.679717999650165e-08;0.021376909999526107;0.0011244799999985844
2.0512099997722544e-08;6.55590599984862e-08;0.025696340002468787;0.00111653350002598
2.3984259998542258e-08;6.362240000162274e-08;0.024761779999244025;0.0011531765000836458
2.041768500057515e-08;6.133284000097774e-08;0.025089350002235732;0.0011946489999536424
2.193425000004936e-08;6.4869419997558e-08;0.026423929998418316;0.0012216164999699687
2.1179719999781808e-08;6.361139999935404e-08;0.02640548000053968;0.0011101110000163318
2.0858135000162293e-08;5.4390680004144087e-08;0.023788530001183972;0.0010757720000401606
2.1509235000121407e-08;6.434303999994882e-08;0.02656192000140436;0.0012845565000316128
2.3165540001355113e-08;6.71023199975025e-08;0.02502364999963902;0.0011025610000069718
2.0805000001564622e-08;6.895329999970272e-08;0.023369380002259278;0.001197050000046147
2.104387500003213e-08;6.992304000305012e-08;0.025081900000805034;0.001017056999990018
2.3052070001722312e-08;7.434059999650344e-08;0.025755260000005366;0.0011832525000500028
2.1188719999918247e-08;6.486692000180482e-08;0.024945989999105224;0.001186506000085501
2.3277259999304077e-08;7.198568000458181e-08;0.0266842999990331;0.0014739744999678805
2.183861999947112e-08;6.332104000030086e-08;0.024662370001897214;0.0012949639999715146
2.321583000011742e-08;7.636684000026434e-08;0.02538760000024922;0.0010339390000444837
2.2103420001803897e-08;7.057283999747597e-08;0.02683399000088684;0.001057258499931777
2.0418080000672488e-08;6.116284000454471e-08;0.04049805999966338;0.0012910024999291637
2.1509744999639224e-08;6.60952600010205e-08;0.03983306000009179;0.0012127144999976736
2.0899179999832994e-08;7.263302000355907e-08;0.04015797000029124;0.0012455279999994673
1.9856869999784975e-08;7.658168000052684e-08;0.04076301000022795;0.0011359629999788013
2.1703830000478775e-08;6.643234000075608e-08;0.04058410000288859;0.001008467999927234
2.0151864999206738e-08;6.627606000402011e-08;0.04210830999945756;0.0012753695000719744
2.0948629998019897e-08;6.981540000415408e-08;0.03900991000118666;0.0011086375000013504
2.2707249998347832e-08;6.473849999601952e-08;0.03903497999999672;0.00123956100011128
2.170134999905713e-08;6.870859999908134e-08;0.04310710999998264;0.0010523011999903247
2.3307800001930446e-08;7.241404000087642e-08;0.04212190999824088;0.0011023695000039878
2.0824125000217464e-08;5.8249360002810134e-08;0.04274153999867849;0.0010559570000623353
2.1869489998789503e-08;6.635227999649942e-08;0.04139617999899201;0.001282651499932399
2.140551999909803e-08;6.620161999599077e-08;0.04127135000017006;0.0011925509999855422
2.069290000072215e-08;7.032194000203163e-08;0.04145534000126645;0.0011198565000086092
2.4128389998804778e-08;6.259225999820046e-08;0.04006944000138901;0.0010622865000914318
2.0557930000359194e-08;7.24171599955298e-08;0.04144102999998722;0.0010496104999037925
2.2033030001330188e-08;6.541530000395142e-08;0.04054547999985516;0.0012812530000519474
2.0526089999475515e-08;6.832310000318102e-08;0.04102853999938816;0.0012845760000345762
2.0361990001401863e-08;6.913979999953882e-08;0.04034825999988243;0.0011975585001346189
2.11833450011909e-08;7.70825200015679e-08;0.04086113999946974;0.0014308140000503045
2.1758130000671373e-08;6.782508000032976e-08;0.04363228000001982;0.0013981090000015684
2.3759490001248194e-08;6.328510000021196e-08;0.036461969997617416;0.0013121204999333713
2.3061805000179448e-08;6.916775999707169e-08;0.04229052000155207;0.0014398539999092464
2.1869300000253132e-08;6.398460000054911e-08;0.04017437000002246;0.001262733999901684
2.202730999852065e-08;6.270692000398412e-08;0.040097430002060716;0.0011466789999394677
2.1052389999385922e-08;5.618826000136323e-08;0.03843197000096552;0.0010894299999927172
2.0071469998219983e-08;6.570673999958672e-08;0.03543786999944132;0.0010705869999947026
2.154713000054471e-08;6.04485800024122e-08;0.03865605000173673;0.0010027953999815508
2.0004475000314416e-08;6.921453999821096e-08;0.03805743000120856;0.0010414544999366626
1.9837865000590682e-08;5.8117560000391677e-08;0.03585718999966048;0.0010091839999950025
2.121534000034444e-08;6.975150000071154e-08;0.03604843000066467;0.001088626499986276
1.931183999986388e-08;7.06343000056222e-08;0.04565574000007473;0.001254637499951059
2.2198604998993687e-08;6.324301999993622e-08;0.03692379000131041;0.0010382105001190212
1.872319499962032e-08;6.158206000109203e-08;0.036485760001232846;0.001132023500103969
1.8957464999402873e-08;5.9158780000871044e-08;0.034805189998587595;0.0010259534999204334
2.3031429998809473e-08;6.989056000020354e-08;0.03826937999983784;0.001156632000056561
2.2460169999976642e-08;6.225156000000425e-08;0.04470250000013039;0.0011228870000923052
2.4406889997771942e-08;6.38913800008595e-08;0.04203297999920323;0.0014105094999831635
2.2806839999975637e-08;6.922270000213757e-08;0.04197273000027053;0.0015095825000025797
2.0705880000605246e-08;6.910669999779202e-08;0.04003602000302635;0.0012252868000068701
2.00001200006227e-08;7.400644000153988e-08;0.04219992000143975;0.001190197999967495
2.2395610000239686e-08;5.84776800009422e-08;0.03875752000021748;0.0011951480001152958
2.2377374999632592e-08;6.709611999685876e-08;0.03856901999970432;0.0013327015000686516
2.6382200000807644e-08;6.755097999703139e-08;0.038886310000089;0.0012352325000392738
2.2586270002648233e-08;7.361239999881945e-08;0.041348540000035426;0.0012856719999399502
2.1739679999882354e-08;6.120759999612347e-08;0.03768770000024233;0.001065097499958938
1.8735135000315495e-08;7.029567999998107e-08;0.039620300001115535;0.0010008980000566225
2.1013059999677353e-08;5.549794000107795e-08;0.040844919998198746;0.0012704244999622461
2.0203320001019164e-08;5.962468000361696e-08;0.038641729997470974;0.0011886100000992883
2.1179009997285902e-08;5.840229999739677e-08;0.041446239996002984;0.0010062316000112332
2.0950560001074338e-08;6.187034000176936e-08;0.04126490000053309;0.0010749310000392142
1.8252914999902714e-08;7.16967599990312e-08;0.03976169000088703;0.00120539950003149
2.005553999915719e-08;6.865800000377931e-08;0.04019324000109918;0.0012586439998995046
2.0833789999596775e-08;6.466614000382833e-08;0.0364094299991848;0.0010455750000255648
2.1730349998688326e-08;5.399153999751434e-08;0.03705150999885518;0.0011081204999936745
2.1801959999720565e-08;6.561824000091293e-08;0.04050647999974899;0.0010406695000710897
2.3028480002540163e-08;6.865199999883771e-08;0.04064996999804862;0.0012093710000044666
2.016643000242766e-08;6.782715999870562e-08;0.03930986000050325;0.0012088220000441652
2.2156249999534337e-08;5.900368000147864e-08;0.03734571000095457;0.0010506850000238045
2.0430219999980183e-08;6.92163800005801e-08;0.03981133999768645;0.0010528185000293888
2.0072480000089855e-08;6.796307999757118e-08;0.042790120001882315;0.001221108500030823
2.4397720000706612e-08;6.375560000305996e-08;0.0347880500019528;0.0011169309999968392
1.825713500002166e-08;6.321804000181146e-08;0.042351699998835104;0.0011985979999008124
1.932041499967454e-08;6.98339800001122e-08;0.04168791999982204;0.0012048209999920801
2.3229410000203643e-08;6.815234000096098e-08;0.038385479999124075;0.0011597574999905192
2.1228659999906087e-08;6.390010000322946e-08;0.039898179998272096;0.00124217350006802
1.9043879999662748e-08;7.332676000078208e-08;0.04278881999780424;0.0010108799999579787
2.1933180000633e-08;7.135877999826334e-08;0.037707439999212514;0.001027281499991659
2.1258089999901132e-08;6.790405999636278e-08;0.04529321999871172;0.001136471499921754
2.192929000011645e-08;6.866557999746873e-08;0.04068033999938052;0.0012359860001015478
1.999218000128167e-08;6.857160000363364e-08;0.03991075000085402;0.0012815824999415782
2.1717230000649577e-08;6.552802000078373e-08;0.039557610001065766;0.0011164640000788494
2.214644000050612e-08;7.477456000051461e-08;0.0402717599994503;0.001152132499992149
2.312223500048276e-08;6.559161999612115e-08;0.04115058000024874;0.0011448084999574348
2.5435800000559537e-08;6.65800400020089e-08;0.0441361200006213;0.0011127970000961796
2.1781660002307033e-08;6.899367999867537e-08;0.03927063999872189;0.0010510460000659806
1.8442795000737533e-08;6.209226000355557e-08;0.0403628200001549;0.0012530359999800567
2.1122520000790244e-08;5.902803999488242e-08;0.038635190000059084;0.001181998499960173
2.0331049998640083e-08;7.079077999806032e-08;0.04148377999954391;0.0012213925999822095
2.1119269999326207e-08;5.965482000028714e-08;0.040794860001187774;0.0011982624999654944
2.2823939999216237e-08;6.72621399979107e-08;0.04008194000343792;0.0011955040000611915
2.4154519999865444e-08;6.426684000180103e-08;0.04418553999857977;0.0012475149999954737
2.251584999903571e-08;6.188273999723606e-08;0.04376848000101745;0.0010625324999273288
1.9930024999484887e-08;6.780107999802567e-08;0.04052912000042852;0.0010371825000038372
2.0458715000131634e-08;6.959878000197933e-08;0.040974969998933373;0.0011755094998807181
2.182481000199914e-08;6.186292000347748e-08;0.04022388000157662;0.0012122240000462625
2.0199509999656583e-08;6.527444000239484e-08;0.03973163999908138;0.0010201809999125543
2.1583420000388286e-08;5.783605999895372e-08;0.038430539998807946;0.0010294740000972523
2.0476154999050778e-08;6.644478000234813e-08;0.04234773999778554;0.001202002999925753
2.420912999950815e-08;6.739576000254602e-08;0.039993959999992515;0.00111887140001636
2.0239250001031905e-08;6.804777999641374e-08;0.04092917999951169;0.00124805949992151
2.1382920001633465e-08;6.380019999924116e-08;0.041203760000644254;0.0012521594999998342
2.2377625000081024e-08;6.715144000481815e-08;0.0406126799993217;0.0011237965000327676
2.3855539999203757e-08;6.868516000104137e-08;0.041907319996971636;0.0011993425000400748
1.8805855000391604e-08;6.967344000004232e-08;0.04090141999768093;0.0012839255000289995
2.3079560001497158e-08;6.584080000175163e-08;0.0403628200001549;0.0011815279998700135
2.125218000001041e-08;6.283120000152848e-08;0.04164511999697425;0.00134874099996523
2.0459725000546314e-08;6.861297999857925e-08;0.043510400003287944;0.0011541619999916293
2.486726500064833e-08;6.700592000270263e-08;0.03695122000062838;0.0012097780000476632
2.260653999983333e-08;6.411807999829761e-08;0.0415525999997044;0.0013924049999332055
2.2500269999727606e-08;6.913378000026569e-08;0.02255676000204403;0.0011768324999138712
1.8927550000080373e-08;6.612363999593072e-08;0.019836860000214073;0.0011734214999887626
2.151055999856908e-08;7.065703999833204e-08;0.02228973000019323;0.0013524809999216814
2.2647090000100433e-08;5.8737100003054365e-08;0.020086900002206677;0.0010878379999485332
2.250501499947859e-08;6.601095999940298e-08;0.02052585000055842;0.0012722044999827632
2.5590160000137985e-08;6.372301999945193e-08;0.02055063000007067;0.001218617999984417
2.1813269999984186e-08;6.844594000140205e-08;0.021068955000373535;0.0012045360000047366
2.3261679999995977e-08;7.154748000320978e-08;0.019787419999192934;0.0012176515000464861
2.0748544999514706e-08;6.398404000210576e-08;0.020532739997725;0.0013702925000688992
2.0588264999969398e-08;6.578813999658451e-08;0.0193400650008698;0.0011125230000470765
2.148888999945484e-08;6.62737200036645e-08;0.017735410000022968;0.0014015425000980031
2.0555059998878277e-08;6.988698000204749e-08;0.021122129997820593;0.0011770919999980834
2.07937099999981e-08;5.984056000015698e-08;0.021738650000770576;0.0012811735000286717
2.374050000216812e-08;6.426452000159771e-08;0.020378920000803193;0.0013465284999983852
2.2220664999622385e-08;6.230262000462972e-08;0.022013869998045266;0.001314964999910444
2.1474120000493714e-08;6.83327200007625e-08;0.018983635000768117;0.0012914384999021423
2.132129999954486e-08;6.903300000121817e-08;0.018136634999245872;0.0011066735000349582
2.097527000005357e-08;6.724426000146196e-08;0.020714710000902414;0.0011691917999996804
2.1441139999660662e-08;6.626173999975436e-08;0.018731209999532438;0.0011682300000393298
2.025765999860596e-08;6.983829999808222e-08;0.02085545000154525;0.0011632289999397472
2.0363919998635536e-08;6.515694000408985e-08;0.02191271999909077;0.0013056659999710974
2.0574699999997394e-08;6.632828000001609e-08;0.021275089999835472;0.0011269500000344124
2.035232500056736e-08;6.331561999977566e-08;0.018719934999535327;0.001076444999926025
2.157092000124976e-08;5.8385459997225554e-08;0.02034482999879401;0.0011972750000131783
2.127108999993652e-08;6.430970000219532e-08;0.019710435000888538;0.001135906500130659
2.0756849998724647e-08;6.200123999733478e-08;0.018285759999707808;0.0011389734999102076
2.1615740002016537e-08;6.189289999892936e-08;0.019322075000673067;0.0010916374999214895
2.2156560001894832e-08;6.319081999827176e-08;0.020891229997505433;0.0012839589999930467
1.8487094998999964e-08;7.504027999821118e-08;0.01831013500050176;0.00112060660001589
2.0708350000495556e-08;6.713278000243008e-08;0.01907024500105763;0.0013658964999194723
2.365087000071071e-08;6.428783999872393e-08;0.019418249999580438;0.0012177094999060501
2.2287080000387506e-08;7.27491200028453e-08;0.021927199998754077;0.001024026000086451
2.3883080000814517e-08;6.210360000259243e-08;0.021611209999537095;0.0011890728000435048
2.0178430000669323e-08;7.460388000472448e-08;0.020315519999712706;0.001036148499988485
2.470212999905925e-08;7.450772000011056e-08;0.019554310000967235;0.0010905870000715368
2.6834660000167788e-08;7.163073999690823e-08;0.020746450001024642;0.0011036234999482987
1.640967499988619e-08;6.58153600001242e-08;0.02167871000128798;0.0013143970000965054
2.331465000170283e-08;6.277165999636054e-08;0.018935800000326707;0.0011845460000040476
2.2714499998255633e-08;7.510001999908127e-08;0.018571295001311227;0.001159990000014659
2.3444530001142993e-08;6.877224000054411e-08;0.01972569000063231;0.0012136886000516825
2.1213075000559912e-08;6.336719999671914e-08;0.020348659998853692;0.001263498499902198
2.3866890001227148e-08;6.903467999654822e-08;0.021597900000051594;0.0011157464999996592
2.406137000070885e-08;5.9432899998500945e-08;0.019644255000457633;0.001196662999864202
1.9198935000167694e-08;5.98435399995651e-08;0.02228111500007799;0.0010564760000852402
2.1729679999407382e-08;6.980230000335724e-08;0.019318719999864696;0.0011009534999902827
2.11949899996398e-08;6.230436000041663e-08;0.021689804999914485;0.0011099149999790824
1.8858499999623745e-08;6.686574000050313e-08;0.019038334999640937;0.0012718476000009105
2.124567999999272e-08;6.98104000010062e-08;0.020253384999523404;0.0012393234000192023
2.0395054999971763e-08;5.514691999997012e-08;0.0207952299999306;0.001018608000013046
2.073674499988556e-08;6.516021999996155e-08;0.02241076999926008;0.001305891999945743
2.209420000144746e-08;7.573447999893687e-08;0.02122318999900017;0.0011097979999613017
2.050151999865193e-08;6.754920000093989e-08;0.019950315001187845;0.0011644019999948797
2.3219840000092516e-08;6.554997999919579e-08;0.02323888999817427;0.0011855968000018039
2.2599315000115895e-08;5.399627999868244e-08;0.019554174999939278;0.001066685499972664
1.922280999860959e-08;6.191747999982909e-08;0.020587830001022666;0.0012605669999902602
2.1960219999891706e-08;6.633534000138753e-08;0.019361914999899456;0.0012755504999950062
1.8700499999977182e-08;5.748733999789692e-08;0.020470539999951142;0.0013530785001057667
2.035926000098698e-08;6.028894000337459e-08;0.019342360000882762;0.0010551587999798357
2.3561739998694976e-08;7.284450000151992e-08;0.018545930000254885;0.001140896500000963
1.7990660000941715e-08;7.098887999891303e-08;0.019904819999646862;0.0010814170000958256
2.195979499956593e-08;6.594930000137538e-08;0.01954412500053877;0.0010964230001263785
2.1492660001968035e-08;6.332755999756045e-08;0.021327199999359437;0.0014455524999357294
2.1282939999946392e-08;6.067708000191487e-08;0.020172290000482464;0.0012163380000856706
2.0196959999157115e-08;7.022350000333973e-08;0.021920359999057837;0.0010457250000035856
2.17843599995831e-08;6.248311999952421e-08;0.021713579999050124;0.0010050760000012815
2.1283780000521802e-08;7.106005999958143e-08;0.020862089999718593;0.001007423499977449
2.06049799991888e-08;6.486943999771029e-08;0.02004425000050105;0.0011259084999619517
2.1124689999851398e-08;6.730466000153683e-08;0.023221489999559707;0.0011795089999213815
2.1108919999096542e-08;6.24987000017427e-08;0.019385394999699202;0.001127624599961564
1.9963724999979603e-08;6.826451999950222e-08;0.019473284999548923;0.0011878840001008938
2.0815640001092107e-08;6.55614199989941e-08;0.02023732000088785;0.001375525000039488
2.5019109999993815e-08;6.318436000146903e-08;0.020467780000763013;0.0010046258000074885
2.2651750000659375e-08;6.500343999941834e-08;0.016997770000307354;0.0010676650000095832
2.340357000066433e-08;6.778031999710947e-08;0.022383534999971744;0.0011174895000294783
2.069261999859009e-08;5.810854000155814e-08;0.020338470001297536;0.0011208459999761545
2.6220610001473687e-08;7.06060600001365e-08;0.020318460000271443;0.0010882744999253192
2.1336609998252243e-08;6.166385999531485e-08;0.019196240000019314;0.0010486949999176432
1.794147500040708e-08;6.801049999776296e-08;0.01928318999998737;0.0012892020000435877
2.0070169999962673e-08;6.672023999853992e-08;0.022272819999489;0.0010852621999802067
2.210655999951996e-08;7.042514000204392e-08;0.021432289999211207;0.0012234659999376162
1.9597324999631383e-08;6.89185399969574e-08;0.021869530000549274;0.0010501537999953144
2.057656999968458e-08;6.376261999830604e-08;0.021019090001937003;0.0012172450000070966
1.8550505000166594e-08;6.141371999983676e-08;0.019419270000071265;0.001210136000008788
2.228797999996459e-08;5.372195999952964e-08;0.02033314000000246;0.0010774267999804578
1.9312555000942668e-08;5.899963999981992e-08;0.017196005000732838;0.001194591999956174
2.16678700002376e-08;6.26734799996484e-08;0.020344464998925105;0.0011841419999836945
2.2749274999659975e-08;6.252372000017203e-08;0.018206214999372604;0.001351009000063641
2.062856999982614e-08;7.25317600008566e-08;0.01924678500072332;0.0010395464999601244
2.230015499953879e-08;6.265828000032344e-08;0.02031792000052519;0.0012176435001310893
2.402412999945227e-08;6.286657999735326e-08;0.020778460000292397;0.0012053124999511055
2.0857790001900867e-08;6.284098000032827e-08;0.020701689999259542;0.0011474999999336432
2.1832429998903534e-08;6.797387999831698e-08;0.02225817000144161;0.001081655499874614
2.1555269999953453e-08;6.609311999636702e-08;0.021003960000234655;0.0010357244999613614
2.2310669999569655e-08;6.248954000184313e-08;0.02290571999910753;0.0014166239999758546
2.2036030000890605e-08;7.18966599961277e-08;0.022553259998676366;0.0012870309999561869
2.370441000093706e-08;6.622292000101879e-08;0.021296659999643454;0.0011024670000188053
2.1082619999651796e-08;6.811233999906107e-08;0.020536680000077467;0.0010984504999942146
2.068155000160914e-08;6.654718000208959e-08;0.019196589999774007;0.0012285615000291728
2.470579999790061e-08;6.901641999720596e-08;0.023054590000538156;0.0011916909999854397
2.441147000063211e-08;6.863487999653444e-08;0.020596319998730905;0.0013182989999768323
2.240796000114642e-08;6.873667999752797e-08;0.0229363899998134;0.0015024625000660307
2.4331560000427998e-08;8.010152000351809e-08;0.026003710000077264;0.0010614644999441226
2.214162000163924e-08;6.973552000126801e-08;0.025438170001143588;0.0014542985000298358
2.377037999976892e-08;6.167874000384472e-08;0.024764560000039636;0.0013999594999768307
2.0193209999706597e-08;7.184908000053838e-08;0.023673370000324212;0.0013015419999719596
2.1902459999546408e-08;7.152329999953509e-08;0.021104449999984353;0.0011628544999985025
1.9111069999053144e-08;6.304592000087723e-08;0.023899769998388366;0.0011570935000781901
2.2110340002109297e-08;6.582376000005752e-08;0.024953540001297368;0.0012219165000715293
2.511917000229005e-08;7.535470000002533e-08;0.026729489999706858;0.00106874399993103
2.0390150000457653e-08;6.884775999933481e-08;0.023345775000052527;0.0011070735000248532
2.1404759999131783e-08;6.518496000207961e-08;0.025277249998180196;0.0010378764999040867
2.0737560000270606e-08;5.866110000060871e-08;0.02274283999868203;0.0010718225000891834
1.7735640000319108e-08;6.595778000191785e-08;0.021434879998560065;0.001282731999963289
2.0652289999998175e-08;6.286825999850407e-08;0.022856320001301354;0.0011580224998760968
2.325661000213586e-08;6.117810000432655e-08;0.022492619999684393;0.001089495399966836
2.1452695000334643e-08;6.991597999585793e-08;0.02473760000139009;0.001297908999986248
2.0905510000011416e-08;7.127561999950558e-08;0.024080359999788924;0.0012251005000143778
2.138321500096936e-08;6.135658000130206e-08;0.02052585000055842;0.001019364000094356
2.181618000031449e-08;7.0731920003891e-08;0.021268219998455608;0.0012733095001021865
2.0212159998482094e-08;6.318829999654553e-08;0.02327365999808535;0.001259922000026563
2.1136730001308023e-08;6.363444000016898e-08;0.024435039999661966;0.0012279529999068472
2.1293559999321587e-08;6.74793399986811e-08;0.021173509999061934;0.0012175319998641498
1.941551499912748e-08;7.086178000317886e-08;0.025613910000538455;0.0011226735000673216
2.0446929999161512e-08;7.350533999851905e-08;0.022885530002531594;0.0012074265000410378
1.971775999991223e-08;6.500551999779418e-08;0.021454620000440627;0.0010490979999303817
2.1144890002324245e-08;6.898634000099264e-08;0.02173291000071913;0.0010783634999825154
2.1117429999867454e-08;5.989714000024833e-08;0.02432089999783784;0.0011783960000320804
2.0544069999596105e-08;6.662785999942571e-08;0.022554859999218024;0.0011799379999865777
1.9483590000891128e-08;6.793413999839685e-08;0.02377064999891445;0.0012924174999352544
2.303941499994835e-08;6.20284599950537e-08;0.024026550000417046;0.0012821190000977367
2.2030490002362057e-08;6.429173999931663e-08;0.022704569998313672;0.0010768169999937527
2.3027260001981632e-08;6.012165999854915e-08;0.02562864999927115;0.0011762069999531376
2.2290029999567195e-08;6.28039599978365e-08;0.024530619999859483;0.001239153400005307
2.3729160000220872e-08;7.893421999760904e-08;0.021936649997951464;0.0012844466000096872
2.1579810002003796e-08;6.56790999986697e-08;0.023542709997855127;0.0012043549999361859
2.1587880002334713e-08;7.236119999433868e-08;0.024055409998982213;0.0014216425000631715
2.06319099990651e-08;7.040426000021398e-08;0.02434781999909319;0.0012700369999220128
2.1851210002205335e-08;7.493904000148177e-08;0.020288510000682436;0.0010052389999327714
2.2853480000048877e-08;7.573924000025727e-08;0.024493460002122446;0.0010598799999570474
2.4548199999844656e-08;6.315568000427448e-08;0.02285128000075929;0.001108509000041522
2.2114024999609683e-08;6.704395999549888e-08;0.022917360000428745;0.0012611105000542011
2.0202109997626395e-08;6.403162000351586e-08;0.021518640001886524;0.0011857649999728892
2.3201890001655555e-08;7.136602000100539e-08;0.023819290002575145;0.0011977965000551194
2.2332975000608713e-08;6.179676000028849e-08;0.023488589999033138;0.0011893910000799223
2.1757910001906565e-08;6.950425999821164e-08;0.02146575000078883;0.0010500095000315923
2.1116789999359755e-08;7.137292000115849e-08;0.024298770001041702;0.0012168394999753217
2.0453670001006685e-08;7.727949999971315e-08;0.025508659999468365;0.0011106750000908505
2.0321900001727043e-08;7.114664000109769e-08;0.025450400001136585;0.0013709624999319204
2.3320099999546075e-08;6.58759799960535e-08;0.023420459998305887;0.0011219279999204446
2.3219979999703356e-08;7.550306000048294e-08;0.021827630000188947;0.0013779264999902808
2.2186280001187697e-08;6.734877999988385e-08;0.02504884999943897;0.0011254555000050459
2.5888224999653175e-08;7.481660000048578e-08;0.025936129997717217;0.001483003000030294
2.1448269998654724e-08;7.181328000151552e-08;0.02487431000045035;0.0010050020000198856
2.311467999825254e-08;6.662150000338442e-08;0.02198911000159569;0.0012656050000805408
2.1576500000082888e-08;7.850112000014633e-08;0.022985639999387786;0.001196885499957716
2.797019999998156e-08;7.082899999804795e-08;0.023216069999034517;0.0012220119999255985
2.268982999958098e-08;6.764100000145845e-08;0.025053970000590196;0.0012856100000499281
2.530875999946147e-08;7.018410000018776e-08;0.025145869998959826;0.0014455165000981651
2.3095710002235135e-08;5.903147999779321e-08;0.023940309998579323;0.00131064699991839
2.1793204999994486e-08;6.107481999788433e-08;0.02491777999966871;0.0013499389999196865
2.0384794998972213e-08;7.096554000163451e-08;0.022405749998870305;0.0010687889999826438
2.2507630000473002e-08;6.444706000038422e-08;0.024436599999899045;0.0012910829999600538
2.0213399999192915e-08;6.714862000080757e-08;0.02461087999981828;0.00128355199994985
2.077298999938648e-08;6.511651999899186e-08;0.026158220000797882;0.001118415999953868
2.1756370001821778e-08;6.150407999521121e-08;0.020655919998534954;0.0012807664999854751
2.094873000023654e-08;6.993042000103742e-08;0.02541609000181779;0.0010742149999714457
2.262001000053715e-08;7.025526000070385e-08;0.025352999998722224;0.0013561019999906421
2.2207379998872057e-08;7.067046000156551e-08;0.024137659999541938;0.0011547479999717324
2.3351849999744446e-08;7.131166000035592e-08;0.02355847000144422;0.0010958699999901
2.4019480001879856e-08;6.797212000237777e-08;0.023265329998685046;0.0011552230000961572
2.1690460000536406e-08;6.802115999744274e-08;0.023732354999810922;0.001315259000111837
2.1057460000156425e-08;7.32131999975536e-08;0.021125659998506307;0.0014106076000025495
2.232752999989316e-08;6.849693999974989e-08;0.021038510001380926;0.001283151999959955
2.069385000213515e-08;7.030199999571778e-08;0.024538430001121013;0.0014043004999984988
2.1101979998638854e-08;7.28162000013981e-08;0.024610170000232755;0.001394614500022726
2.0093599999381695e-08;5.9106499998597427e-08;0.022475629998371004;0.0011031770000408869
2.193208999815397e-08;7.612113999784924e-08;0.024413760000607;0.0011657719999493565
2.0573389998753555e-08;6.478374000289478e-08;0.02688878999906592;0.0012428888000431471
2.0386459998553618e-08;7.577906000078656e-08;0.023852650000480934;0.0011058499998762273
2.0291749999159946e-08;6.318173999898136e-08;0.021467159999883734;0.0012580315000377596
2.1894099999917672e-08;6.241037999861873e-08;0.02271582999965176;0.0012851439999940339
2.0034680000389927e-08;6.484143999987281e-08;0.02332246000005398;0.0012316289999580476
2.0808059998671524e-08;6.0806820000289e-08;0.023362809998798185;0.0012635609999997542
2.1328840000205674e-08;6.764951999648474e-08;0.024798569999984466;0.0012357444000081158
1.8608270000549966e-08;6.095900000073015e-08;0.020566420000977814;0.0011606780000147409
2.2185370000079276e-08;6.862301999935881e-08;0.024353319997317158;0.0010712654999224468
2.2073850000742823e-08;6.957056000246667e-08;0.024214959997334518;0.0012014845000521746
2.0621180001762696e-08;6.268927999772132e-08;0.023957760000484996;0.0012404439999954774
2.0633420001831836e-08;7.150838000234216e-08;0.0226835299981758;0.0010242709999147338
1.722923999914201e-08;5.967314000008628e-08;0.022983090000343508;0.0010743505001300946
2.011758500011638e-08;5.81221199943684e-08;0.022206659999210388;0.001086759500030894
2.254804999975022e-08;6.28240599995479e-08;0.020689719999791124;0.0010604750001220963
1.8295869999565183e-08;5.7473599998047576e-08;0.020041869999840856;0.0010145122000249102
1.8070520000765102e-08;6.05902400042396e-08;0.021979309999733233;0.0011020274998736568
1.8887855000502896e-08;5.701644000364468e-08;0.023504830000456424;0.0010698045000026469
2.0232879999093713e-08;6.412173999706283e-08;0.02084743999876082;0.0012379384999803734
1.916092000028584e-08;5.776533999596723e-08;0.020169059999170715;0.0011132830000133253
2.1891120000509546e-08;6.338834000052884e-08;0.02167108000139706;0.0011158805000013672
2.0699099998455496e-08;6.932718000025488e-08;0.022833579999860375;0.0010793169999669771
2.0739779999712484e-08;5.9328260004986076e-08;0.02227777999942191;0.0011131355000543407
2.0127829999546522e-08;9.033199999830685e-08;0.023458219997701237;0.0010721089999424294
2.2236230000271463e-08;8.895016000024044e-08;0.02172273999894969;0.0012080385000444948
2.084984999964945e-08;8.286736000445671e-08;0.02334811000037007;0.0012855535000562668
2.027686000219546e-08;9.510724000283517e-08;0.023268059999099932;0.0011232339999696706
2.1076869999524205e-08;9.80565799982287e-08;0.023954589999630117;0.0012856625000131317
2.0192490000044926e-08;9.31808200024534e-08;0.02464798000000883;0.0012433614999463316
2.3450674999912734e-08;8.695606000255793e-08;0.022216810000827536;0.0010118910000892357
2.3394609999377282e-08;8.826035999809392e-08;0.024114310002187268;0.0010196359999827109
2.0590480000828393e-08;8.476264000055381e-08;0.022034940001321956;0.0010043739998945966
2.634228999959305e-08;8.632704000337981e-08;0.02417901000007987;0.0011077475000638515
2.1914440000546166e-08;9.276664000353776e-08;0.02319394999940414;0.0013145245000487193
2.2917799997958356e-08;9.501684000133537e-08;0.022825059999013318;0.0010445490000711287
2.4321129999589174e-08;9.459478000062518e-08;0.02339590999763459;0.0011261769999982788
2.426508000062313e-08;1.0801889999129343e-07;0.021588129998417572;0.001219831799971871
2.1840685000643135e-08;1.0387192000052891e-07;0.022707500000251457;0.001265714500041213
2.0733094999741296e-08;1.0074675000214483e-07;0.024341359999380075;0.001135394000011729
2.106142999982694e-08;1.0699040000326931e-07;0.02136913000140339;0.0010892859999148642
1.9031669999822042e-08;1.0107604999211617e-07;0.0213387399999192;0.0012052134999248664
2.015260500047589e-08;1.0484010000072886e-07;0.02465193999814801;0.0011948204999498557
2.2092559997690843e-08;1.0220077999983914e-07;0.02350571999850217;0.001200935499946354
2.015563500026474e-08;1.0715344999334775e-07;0.021369740000227466;0.0013386105000972748
2.2339269999065437e-08;1.041927000042051e-07;0.021921720000682397;0.0010829885001294316
2.2488994999730493e-08;8.08924000011757e-08;0.02427950999990571;0.001179915999964578
2.1104779999586753e-08;1.0527601999929175e-07;0.026420000000507572;0.0013253389998862984
2.193249999982072e-08;1.014491999958409e-07;0.022974090001662263;0.001068327999964822
2.026757000130601e-08;8.690313999541104e-08;0.024362989998189734;0.0012607420000131243
2.0575209998060018e-08;1.1377614999946673e-07;0.023185760001069866;0.001273288000083994
2.080382999847643e-08;1.030307999899378e-07;0.02708182999922428;0.0013618395000230521
2.159619999874849e-08;9.181207999936305e-08;0.026388730001053774;0.0013263974999426864
2.3069110000506044e-08;9.047471999656409e-08;0.022682300000451506;0.0011881549999816342
2.0773754999390804e-08;1.0072437999770045e-07;0.023731450000195765;0.0013301560000400058
2.3467080001137218e-08;1.0608990000037011e-07;0.02304678999935277;0.0014178079999692273
2.640512000070885e-08;1.0883899999316782e-07;0.024477439999463967;0.0014249815000221134
2.586486999935005e-08;1.166973999934271e-07;0.02335900000180118;0.001293005500047002
2.685728999786079e-08;1.1586653999984264e-07;0.021752149998792446;0.0013056995000806637
2.2679879999486728e-08;1.0059525999822654e-07;0.02349252999993041;0.0014858685000217519
2.2198410000419245e-08;1.0086485999636352e-07;0.02641658000065945;0.0014172419998794794
2.6712430000770836e-08;9.877259999630041e-08;0.023103220001212323;0.0012812644999939948
2.3543010000139474e-08;1.0284615001000929e-07;0.025449009999283588;0.0016104649999761022
2.2797480001463554e-08;1.0133534000487998e-07;0.02645771999959834;0.0012333390000276267
2.488000000012107e-08;1.0003364000003785e-07;0.02344689999881666;0.0011589109999476932
2.3514010000508277e-08;1.139730499999132e-07;0.023949999999604187;0.0013487755000824108
2.5088079998386093e-08;1.1150361999752931e-07;0.02697473999869544;0.0014984090000507422
2.2925850001047364e-08;1.0986554999544751e-07;0.024074609999661333;0.0013859704999777023
2.1598169999197126e-08;1.0918336000177078e-07;0.022447570000076668;0.001370125499961432
2.0200379999005237e-08;1.1464600000181235e-07;0.02164457999751903;0.0013672280000173486
2.803346000146121e-08;1.1168134999752511e-07;0.02743864000076428;0.0014651299999968615
2.127217999950517e-08;1.091174999892246e-07;0.025021379999816417;0.0013522670000384097
2.2897250001551582e-08;1.1215790000278503e-07;0.027116400000522844;0.0011685325000144076
2.3050070001045242e-08;1.0575339999923017e-07;0.02200001000019256;0.0012493195000570266
2.2112510001170448e-08;1.0955275000014808e-07;0.02391639999987092;0.0014487005000410136
2.123664000246208e-08;1.0409775000880473e-07;0.028526979999151082;0.0010085925000021235
2.135396999947261e-08;1.0444599999755155e-07;0.025600730002042837;0.0012138535000849515
2.0576060001621953e-08;1.0578674999123904e-07;0.025086790000204928;0.0012007715000072494
2.126136999868322e-08;1.02958250005031e-07;0.023682360001839698;0.0012759790000563952
2.604142999916803e-08;1.0721993999904953e-07;0.026064400002360343;0.0013413464999757706
2.3431850000633858e-08;1.195274499914376e-07;0.024761069999658502;0.0012196730000141542
2.4935110000660643e-08;1.0464474999753293e-07;0.02179177000070922;0.0015319754999654834
2.2832880000350997e-08;1.0722239999449812e-07;0.026415599999018012;0.0013659980001102668
2.342804000072647e-08;1.0789235000265763e-07;0.022657340002479032;0.001367791000084253
2.472144999774173e-08;1.1372404999565333e-07;0.025065230001928285;0.0012188330000208224
2.2890640000696295e-08;1.0876564998761751e-07;0.022049050001078284;0.001241011499951128
2.6258579999557695e-08;9.460694000008516e-08;0.027323880000039935;0.0012086459998681676
2.4928499999805355e-08;1.0363301999750547e-07;0.02793145000177901;0.0013450224000262096
2.3206469998694958e-08;1.0301624999556224e-07;0.02422096999944188;0.0013390395000169519
2.2555840000859463e-08;1.059360000072047e-07;0.023022349999519066;0.001134124999953201
2.0620020001661033e-08;1.022850000008475e-07;0.021714750002138315;0.001180556500039529
2.2608424999634736e-08;1.0964490000333172e-07;0.021935030000167898;0.0013490050000837073
1.8393065000418572e-08;1.0807394000003114e-07;0.022581149998586625;0.001324952499999199
2.594006000144873e-08;9.277882000315003e-08;0.023960359999909996;0.0013421205000486225
2.5760519999312236e-08;1.135820200026501e-07;0.02606977000250481;0.0012922469999466558
2.475239000050351e-08;9.760658000013791e-08;0.02526038999785669;0.0011278574999596459
2.453953000076581e-08;1.0445887999958359e-07;0.023327679999056272;0.0010823440000240225
2.0259209998766892e-08;1.0155561999999918e-07;0.024303429998690264;0.0013942259999748785
2.2712740002316423e-08;1.2567875000240747e-07;0.02278278000012506;0.001457243000040762
2.0159179999609478e-08;1.0458351999986917e-07;0.02578003000235185;0.001138176999957068
2.2290560000692495e-08;1.0337263999972493e-07;0.02311080000072252;0.0015678900000057183
2.173560999945039e-08;1.0203595001075882e-07;0.025888880001730286;0.0013089559999934863
2.2876739999628626e-08;1.0710179999296088e-07;0.024426400000811553;0.0012324585000169463
2.338871499960078e-08;1.0965505000785924e-07;0.023458660001051613;0.001230119499959983
2.4048770000808872e-08;9.87260400026571e-08;0.02473127999983262;0.0010895774999517016
2.262578000081703e-08;1.0605270000814926e-07;0.025194989997544326;0.0010767494999163317
2.108431000087876e-08;1.0414416000130587e-07;0.021308789998874998;0.0013901924999663606
2.0814310002606363e-08;9.932531999656931e-08;0.025591790000908075;0.0012557689999812282
2.1798109999508598e-08;9.430428000050597e-08;0.022247774999414105;0.0011558865000552033
2.017201000126079e-08;1.0097650000534486e-07;0.026370850001694635;0.001184542999981204
2.0380419999128207e-08;1.0217720000946428e-07;0.024191710000741294;0.0012223069999890868
2.502332000003662e-08;8.918884000158868e-08;0.024692760000471027;0.0013243110000621526
2.3919880000175908e-08;9.007104000193067e-08;0.024248650000663473;0.0012620254998910241
2.1091260001412593e-08;1.0239192000008188e-07;0.0235842699999921;0.0012139440000464674
1.9652865000534803e-08;1.097734499926446e-07;0.026574939998681657;0.0014865454999380746
2.7264840001589618e-08;1.2290409998968244e-07;0.02365634999878239;0.001469068000005791
2.5852249999297782e-08;1.054125000082422e-07;0.02324919999809936;0.0013995040000008884
2.459425999841187e-08;1.1750210000900552e-07;0.025148899998748676;0.0011753304999729153
2.2966889999224804e-08;8.897716000210494e-08;0.023845380000420847;0.001447558499930892
2.4699430001783186e-08;1.0543779999716208e-07;0.02254804999975022;0.0011961594999593218
2.3646839999128134e-08;9.525745999999344e-08;0.022980959998676553;0.0012015070000779816
2.4612409999826925e-08;1.0647533999872394e-07;0.02435928999911994;0.001036178199981805
2.1302969998214394e-08;8.3085279999068e-08;0.023068080001394264;0.0012276635000307578
2.2021179998409934e-08;9.474205999867991e-08;0.022517650001100266;0.0010259424999821932
1.8931965000228956e-08;6.411082000122406e-08;0.030843380000442268;0.004243645999813452
2.0913719999953173e-08;6.195173999876715e-08;0.03235614000004716;0.004014810000080615
1.995100500062108e-08;6.570907999994233e-08;0.03167706999811344;0.0042530199995962905
2.3348050002823585e-08;6.209204000188038e-08;0.0319307600002503;0.004032774999795947
2.0593520000693387e-08;6.41239599965047e-08;0.03292679000005592;0.004405175000138115
2.0410149998497218e-08;6.47516400029417e-08;0.03654893000202719;0.004700604000245221
2.241015000035986e-08;6.307888000155799e-08;0.03205094000149984;0.004069223999977112
2.0515644999977665e-08;6.655288000474684e-08;0.03695020999875851;0.004949941999511793
2.4691560000064784e-08;6.351245999685488e-08;0.03174284999840893;0.0045084140001563355
2.2140910002053715e-08;7.038889999967068e-08;0.030652169999666513;0.0042552340001566335
1.9587239999964367e-08;7.03836600005161e-08;0.033331879999605005;0.004046903999987989
2.079135999956634e-08;6.201484000193886e-08;0.035477579999133015;0.004084863999742084
2.1465760000864974e-08;6.343006000388413e-08;0.03649061000032816;0.004008121999795548
2.021412999893073e-08;6.40432599990163e-08;0.03221912999870256;0.004130232000024989
2.0428269999683834e-08;5.922848000191152e-08;0.03597089999821037;0.004259754000231624
1.97280900014448e-08;7.072226000018418e-08;0.033382159998291173;0.004529766000050586
2.062815000244882e-08;6.697377999662421e-08;0.03211633999890182;0.004362098000128754
2.0307299998239615e-08;6.603587999707088e-08;0.03167632000113372;0.004591745999641716
1.6552654998668003e-08;6.277628000243567e-08;0.03252861000073608;0.00438694199983729
2.0830719999503344e-08;6.005460000014864e-08;0.031267689997912386;0.004286058000288904
1.9828110000526066e-08;6.161942000035196e-08;0.03269813999941107;0.004530334000010044
2.305130000167992e-08;7.089695999748073e-08;0.03216699000040535;0.004394743999582716
2.1676159999333322e-08;6.08600999985356e-08;0.032693539999309;0.004235659999540076
2.5057899998500943e-08;6.40555599995423e-08;0.03336909999779891;0.004177444000088144
2.0215975001337937e-08;6.649380000308156e-08;0.031576540000969544;0.004020129999844357
2.1947199999704027e-08;6.222227999824099e-08;0.03234535999945365;0.004707868000259623
1.895376500033308e-08;6.342723999987357e-08;0.03131288999866229;0.004074435000075027
1.920152499951655e-08;6.140771999489516e-08;0.03158517000265419;0.003969671000086237
1.8624509999062866e-08;7.061830000020564e-08;0.03515017000027001;0.00430869799980428
2.1395710000069813e-08;5.863406000426039e-08;0.03305887000169605;0.004404945999849588
2.182508000114467e-08;6.986139999935403e-08;0.03569755000062287;0.004172365999838803
1.9785964999755378e-08;6.506174000096508e-08;0.03156021000177134;0.0036578360002022235
1.9199785000819247e-08;6.177413999685086e-08;0.033019280000007714;0.0040326699998695405
2.092168500093976e-08;6.052186000160873e-08;0.033926680000149645;0.004016613999847323
2.1054320000985173e-08;6.055002000066451e-08;0.03127485000004526;0.004278047999832779
2.029323500028113e-08;6.48929600021802e-08;0.0328502499993192;0.0038822940000682138
2.2119869999005458e-08;6.813531999941915e-08;0.034914720000233504;0.004392562000139151
2.1651230000134093e-08;6.872849999926984e-08;0.03131582000060007;0.004329468000214547
2.4601329999859445e-08;6.793787999777123e-08;0.03141254000074696;0.004575396000000183
2.772949999780394e-08;6.125654000206851e-08;0.03363971000071615;0.003940695000055712
2.1813179997843692e-08;6.325273999827913e-08;0.032309960000566205;0.004832037999876775
2.0625124999787657e-08;6.670870000380092e-08;0.03260281999828294;0.003594283999991603
1.998848499933956e-08;6.69479800038971e-08;0.03115768999850843;0.004259362000157125
2.2500434999528807e-08;6.369849999900907e-08;0.030472269997699187;0.0038809839999885297
2.1622660000866745e-08;5.8957599999848754e-08;0.03177698999934364;0.004570390000008046
2.042594999948051e-08;6.424353999900631e-08;0.02986516999953892;0.004475189999793656
2.1739984999294392e-08;6.174353999667802e-08;0.03280715000000782;0.004395223000028636
2.0414390001678838e-08;7.223395999753848e-08;0.03111866000108421;0.003947348999790847
2.110765000106767e-08;6.156918000197038e-08;0.03496877000143286;0.004314725999720394
2.0110769997700117e-08;7.202362000243739e-08;0.034797999999136665;0.004879865999973845
2.1605250000720842e-08;7.357450000126847e-08;0.029700590000720693;0.004505689999787137
2.1732220001285895e-08;6.647054000059143e-08;0.03285777000128291;0.00437824399996316
1.9551694999972823e-08;7.03793000022415e-08;0.0316884800005937;0.004257363000069745
2.0957690000068396e-08;6.672253999859094e-08;0.03025089000002481;0.0039211789998807945
1.806129500037059e-08;5.7018779998179526e-08;0.033677049999823794;0.004151685999822803
2.6462200001697057e-08;7.725189999910072e-08;0.03494337000011001;0.005394776000175625
2.3076220002258198e-08;6.750354000250808e-08;0.03529743000108283;0.0041411099999095315
1.853360499953851e-08;5.4270260001067075e-08;0.03258812999993097;0.004206864000298083
2.0222609999473208e-08;6.568341999663971e-08;0.03670466000039596;0.004780010000104085
2.156912999926135e-08;5.973358000046573e-08;0.03476614000101108;0.004701604000292719
2.5611630000639708e-08;6.744489999837243e-08;0.033160510001471265;0.0040814019995741545
2.3700470000039785e-08;6.986938000191004e-08;0.031524180000997146;0.004088996000064071
2.0849030002136713e-08;6.116922000073828e-08;0.033255340001778676;0.003468664999818429
1.704335000104038e-08;5.940831999760121e-08;0.033292889999574984;0.0040184479998424645
2.088815000024624e-08;6.950059999944642e-08;0.032386669999687;0.004259819999861065
2.2623235000355634e-08;6.506332000135445e-08;0.033219449999160135;0.00439702200004831
2.0557739998912437e-08;6.724230000399984e-08;0.03658210999856237;0.0037305159997777083
1.9003820000216365e-08;5.497157999780029e-08;0.030984349999926053;0.0038716449998901226
1.825165000045672e-08;6.035048000048846e-08;0.03205275000073016;0.0038352760000270793
2.1666599999298342e-08;5.757666000281461e-08;0.03353212999936659;0.004217724000336602
1.949488500104053e-08;5.887620000285096e-08;0.03128870000073221;0.005024930000072345
1.9607995000842494e-08;6.819263999932445e-08;0.02963422000175342;0.003689943999925163
1.756551500002388e-08;5.697552000056021e-08;0.030845270000281744;0.0036262770000030286
1.8551490000390915e-08;6.193643999868072e-08;0.032151920002070254;0.004456659000134096
2.144892000069376e-08;6.65231799997855e-08;0.034758460000739434;0.004042597999796271
2.1131400000012945e-08;6.869510000105948e-08;0.031049720000009984;0.003525894999911543
2.075198999955319e-08;6.755085999611765e-08;0.032923840000876226;0.004276615999988281
2.2634485000162384e-08;7.017097999923863e-08;0.029930390001391062;0.004217936000204645
1.8593999999575316e-08;7.218451999942772e-08;0.03650652999931481;0.00429712999961339
2.1436055000231136e-08;6.407231999910437e-08;0.03458347000123467;0.0045577920001232996
2.1704590000445023e-08;6.893202000064776e-08;0.03720803000032902;0.004040975999669172
2.0199669999419713e-08;6.09554799972102e-08;0.03447840999870096;0.004154731000016909
2.3182729998370633e-08;7.067508000181988e-08;0.03369987999903969;0.005103870999882929
2.272662999748718e-08;7.762789999833331e-08;0.03264465999964159;0.003376318000082392
1.7297720001079144e-08;8.296870000194758e-08;0.03000058000034187;0.0042439479997847225
2.6284000001032837e-08;6.726573999621905e-08;0.02984064999909606;0.004336894000298344
2.195207000040682e-08;5.385381999658421e-08;0.03150670999893919;0.004510574000014458
2.5434620000305584e-08;7.215176000026986e-08;0.0318334399984451;0.004236593999958131
2.219516999903135e-08;5.990575999603607e-08;0.033087390000582674;0.005249215999501757
2.652156999974977e-08;6.414180000429042e-08;0.03647636999958195;0.004588701999746263
2.7822390000801533e-08;7.982772000250406e-08;0.03307855000020936;0.0041791300004115324
2.4955680000130088e-08;5.9350200003245846e-08;0.03570032000134234;0.004575372000108473
2.0115069998428225e-08;5.8252439997158945e-08;0.03459173000010196;0.004697946000087541
2.065551500127185e-08;6.542135999770835e-08;0.03526824000000488;0.003822980000113603
2.1655250000185333e-08;6.330682000261731e-08;0.035133449998102154;0.005377978000324219
2.081441000045743e-08;5.424245999893174e-08;0.033429220001562496;0.004480952000012622
1.9191085000056775e-08;6.459413999691605e-08;0.03338614999956917;0.00451994899980491
2.1480700001120568e-08;6.474537999602035e-08;0.03286163999873679;0.005053655999945477
2.2461720000137576e-08;6.765449999948032e-08;0.031743009999627245;0.004451047999900766
2.377105999912601e-08;7.136824000044726e-08;0.032203150002169424;0.004447556999803055
2.0865780001622626e-08;7.388497999636456e-08;0.04343280000030063;0.004912692000507377
2.2591450001345947e-08;6.693493999773636e-08;0.043265119998250154;0.005015826000017114
2.6207500000600703e-08;6.462638000375592e-08;0.04404103999841027;0.0040372820000629875
2.2473254999204074e-08;7.257213999982923e-08;0.04211607999750413;0.004103557999769691
2.0531049999408423e-08;7.030383999808692e-08;0.044074920000275596;0.004320161999785342
2.280109999992419e-08;6.520640000235289e-08;0.04152194000198506;0.004300919999950565
2.1249689999967815e-08;6.324204000411555e-08;0.044267990000662394;0.004101812000153586
2.340232999995351e-08;7.101428000023589e-08;0.043889240000862625;0.004551512000034563
2.14240150002297e-08;6.69482600002084e-08;0.04123004000284709;0.004529909999691881
2.330142999999225e-08;6.38423599943053e-08;0.037030859998776575;0.004672224000096321
2.031979999737814e-08;6.55371800006833e-08;0.042836619995068756;0.004509500000276603
2.31487900018692e-08;6.616579999681562e-08;0.04068672000139486;0.004250877999584191
2.192388499970548e-08;6.928304000175558e-08;0.04359919999842532;0.004774122000089847
2.0025880000321196e-08;7.264779999968595e-08;0.038178399999742395;0.005158708000089973
1.8499704998976085e-08;6.513185999938287e-08;0.0415820199996233;0.004233977999538183
2.3187160000088623e-08;6.847937999991701e-08;0.040362160000950095;0.004789036000147462
2.2589339999831282e-08;7.610332000185736e-08;0.04254249999648892;0.004599832000094466
1.9198815000709148e-08;6.707431999966502e-08;0.03890622000035364;0.004245126000023447
2.361871000030078e-08;5.9497299999929964e-08;0.0407482800015714;0.004776186000090093
2.228498999902513e-08;7.196961999870837e-08;0.04234565999940969;0.004189024000079371
2.346155999985058e-08;6.821581999538467e-08;0.04361351999687031;0.004454263999941759
2.2049839998362587e-08;6.620665999944322e-08;0.04237083999905735;0.004912360000307672
2.2405700001399963e-08;6.204066000063904e-08;0.042001639999216425;0.0046058380004251375
2.6018174999626354e-08;6.53301400016062e-08;0.04594490000163205;0.0051090779999503864
2.1597299998393282e-08;5.920854000141844e-08;0.04101114000077359;0.003991238999878988
2.374339000089094e-08;6.458373999921605e-08;0.042046059999847785;0.003913011999975425
2.2237470000982284e-08;6.592202000319958e-08;0.04188389999908395;0.004649033999885433
2.5595120000070893e-08;6.335291999857873e-08;0.040958099998533726;0.004108981000026688
1.9190415000775828e-08;6.64044599980116e-08;0.03842010999796912;0.004056408000178635
2.2660990001168102e-08;6.83415200037416e-08;0.045777179999276996;0.0036261859998921865
2.1060690001468176e-08;5.811629999661818e-08;0.03490425999916624;0.004070412000291981
2.0402170001761988e-08;6.676560000050814e-08;0.040064429998164994;0.004052013999898918
1.760195999959251e-08;6.382513999706135e-08;0.03914557000098284;0.0038101260000257754
1.8664229998830706e-08;6.071041999966838e-08;0.03832209999964107;0.004236369999707676
1.8545809999341146e-08;5.918508000322618e-08;0.041910459997598085;0.003797508999996353
1.9439405000593978e-08;6.18343400012236e-08;0.03696295999980066;0.004366372000076808
2.010292500053765e-08;5.783131999778561e-08;0.03766277999966405;0.004356367000145838
2.183319999894593e-08;6.604227999923751e-08;0.0392040700011421;0.004196311999694444
2.1738069999264552e-08;6.731548000243493e-08;0.042217439995147286;0.004935006000450813
2.2701080000842922e-08;7.103798000025563e-08;0.043124839995289224;0.004809436000068672
2.1692299999995156e-08;6.953500000527129e-08;0.03659948999993503;0.004144345999811776
2.0795860001817347e-08;6.957184000057168e-08;0.04295276000048034;0.0047656360000837596
1.9368680000479798e-08;7.190130000235513e-08;0.04038890000083484;0.004832618000218645
2.2836980002466588e-08;6.976922000176273e-08;0.03680525999807287;0.00446057400025893
2.439059000025736e-08;6.488662000047044e-08;0.04100457999738864;0.004363396000117064
1.904822999931639e-08;6.98106599971652e-08;0.0417853599996306;0.004050025999895297
2.095485999889206e-08;6.064521999796853e-08;0.03842608999984805;0.004520812999980989
2.124656999949366e-08;6.179161999607458e-08;0.03936210999963805;0.004032544000074268
2.157876999990549e-08;7.292975999880582e-08;0.04104412000160664;0.004023499999893829
2.2060180001426488e-08;6.637961999513209e-08;0.04431742000160739;0.004491789999883622
2.0700874998874496e-08;5.7853739999700335e-08;0.04208994999935385;0.00440801199991256
2.098454000079073e-08;6.899399999529123e-08;0.036909659998491405;0.00401422700000694
1.9741125000291503e-08;6.414060000097379e-08;0.03673404000001028;0.004198019999894314
1.938640499865869e-08;6.651204000227154e-08;0.04281836000154726;0.0038921720001962967
2.1576479999930598e-08;7.090922000352294e-08;0.04237810000195168;0.00414226199965924
2.0333430002210662e-08;6.799695999943651e-08;0.04159973999485374;0.004094920000061393
2.3569430000497958e-08;6.615253999480046e-08;0.04226283999742009;0.004362751999869943
2.6048510000691748e-08;6.480165999964811e-08;0.04176015999983065;0.004201155999908224
2.0510400002240202e-08;6.031763999490068e-08;0.038346130002173594;0.00402788800012786
2.0168940001167358e-08;6.626816000207328e-08;0.03947565999988001;0.004032635999610647
2.2278385001118295e-08;5.94000999990385e-08;0.037528040001052435;0.0044269280001753945
1.8912635000015142e-08;6.095036000479013e-08;0.04046542000141926;0.004769434000481851
1.967990999983158e-08;6.377147999592125e-08;0.03990928000130225;0.004512680000043474
2.0179379999171943e-08;6.662094000494108e-08;0.047564339998643845;0.004332022000453435
2.2980349999852478e-08;6.388099999749101e-08;0.03648821999959182;0.0044252919999416915
2.483014000172261e-08;7.028730000020005e-08;0.0396713499998441;0.004264197000011336
1.984490500035463e-08;6.491499999538064e-08;0.04109992000157945;0.004000535999657586
2.131412000162527e-08;7.136212000041269e-08;0.04264654000289738;0.00387580499984324
1.9760455000505317e-08;6.205869999830612e-08;0.04051722000003792;0.0041282619995763525
1.824864000082016e-08;5.782358000287786e-08;0.04041601999779232;0.004003923999844119
2.010381000000052e-08;6.207582000060939e-08;0.03764479999954347;0.004059786000289023
1.7386300000362097e-08;7.103671999648213e-08;0.03791978000081144;0.003910249000182375
2.1538670000154526e-08;5.995952000375837e-08;0.041956910002045336;0.003963460000231862
1.7702650000865106e-08;6.889425999834202e-08;0.0402025000017602;0.004559143999940716
2.5990560001810083e-08;6.440008000354283e-08;0.043544809997547416;0.004804232000024058
2.2154020000016316e-08;6.567052000318654e-08;0.042920100002083926;0.004066083999932743
2.0902189999469557e-08;7.552094000275247e-08;0.043180560000473635;0.005366693999967538
2.2544339999149088e-08;6.755216000019572e-08;0.044992719998117534;0.004615972000174225
2.340965000039432e-08;6.56600599992089e-08;0.04296856000146363;0.005204962000134401
2.0717059999878986e-08;7.019404000020585e-08;0.04205645999754779;0.004774226000299677
2.2219299999414943e-08;6.004561999579892e-08;0.04325986000185367;0.004319410999887623
2.4419359999592416e-08;7.497638000058941e-08;0.040482009999686853;0.004219446000060998
2.1377590000338386e-08;6.332557999994606e-08;0.038230540000949984;0.004612312000244856
1.980607500008773e-08;7.006498000118882e-08;0.0411761800001841;0.004126993999816478
2.0367079999414272e-08;6.226862000185065e-08;0.0370160999998916;0.004167714999930468
2.0640665000246373e-08;6.628083999967202e-08;0.04056207000103314;0.0045409780001500625
2.1877989999484272e-08;6.88700600003358e-08;0.03981749000085984;0.004573558999982197
2.342806000087876e-08;6.707629999727942e-08;0.045742460002657026;0.00517744600016158
2.351149500027532e-08;6.936012000078335e-08;0.03876417000137735;0.0047919139999430625
2.2814849999849686e-08;7.438835999928415e-08;0.04323577000177466;0.004324732000241056
2.4090269999578594e-08;6.631774000125006e-08;0.041438540001399814;0.0040418630000203844
2.19851399975596e-08;7.011964000412263e-08;0.04248785999952816;0.005284065999439917
2.2235599999839907e-08;6.171289999620058e-08;0.0397710699995514;0.004591366000240669
2.3238199998741038e-08;6.70777800027281e-08;0.041731140000047164;0.004169462000136264
2.1892270000535062e-08;6.282590000191704e-08;0.0430002200009767;0.004393094000115525
2.3458650000975467e-08;7.615543999709189e-08;0.04280963999917731;0.004619613999966532
2.1765769997728056e-08;6.505947999539785e-08;0.043080110001028515;0.0053080340003361925
2.273968999797944e-08;6.346535999909975e-08;0.04048468000255525;0.0046504859998822215
2.0660535000206437e-08;6.385712000192143e-08;0.0426316199998837;0.004836496000061743
2.1286339999642223e-08;6.872786000021733e-08;0.04300669999793172;0.005097229999955743
2.0675630000187086e-08;6.068150000064634e-08;0.043845739995595066;0.00473124000011012
2.8426909999689087e-08;7.235742000048048e-08;0.04026596000185236;0.004489421000180301
2.539097999979276e-08;6.537996000261046e-08;0.04393945999909192;0.0052291820000391455
2.4237469999934545e-08;7.22924800007604e-08;0.041836999997030944;0.004888139999820851
2.5967569998465477e-08;7.21880399971269e-08;0.03949064000044018;0.0040852499997708945
2.1663970001100096e-08;5.394343999796547e-08;0.03626883999968413;0.003686890999961179
2.006025000009686e-08;7.418993999599479e-08;0.04108191999839619;0.004682053999858909
2.2677560002193787e-08;6.454325999948196e-08;0.041000229999190195;0.004478606000193394
1.8647470000723842e-08;7.672903999919072e-08;0.03764519999967888;0.005352781999972649
1.9026684999698772e-08;7.28914999985136e-08;0.042208899999968706;0.004329239000217058
2.0074170001316815e-08;6.160794000024907e-08;0.0418673999956809;0.004904959999839776
2.1219610000844114e-08;7.759263999760151e-08;0.04193459999805782;0.004797228000243194
2.2327370001585223e-08;6.119351999950595e-08;0.041068239999003706;0.004192996000056155
2.157541500055231e-08;6.596965999924578e-08;0.04628192000091076;0.004340813999879174
2.7904510000371374e-08;7.430480000330136e-08;0.041222759999800476;0.004565970000112429
2.431497999932617e-08;7.861319999792613e-08;0.045551030000206084;0.00483204799995292
2.2406609999598005e-08;6.485414000344463e-08;0.04238883999933023;0.004057675999938511
2.229215999977896e-08;6.90463799983263e-08;0.04468960000085644;0.004273250999976881
2.257695999869611e-08;6.865692000137642e-08;0.04398012000019662;0.005072761999908835
2.1787160000531003e-08;7.19700199959334e-08;0.04021555999934208;0.004657328999892343
2.3227274999953805e-08;7.515265999827534e-08;0.04482467999914661;0.004801771999918856
2.2436939999170134e-08;6.828973999945447e-08;0.04626687999698333;0.00486899400013499
2.5664249999681487e-08;7.713066000142135e-08;0.04263577999954578;0.0045981339999707415
1.9484325000667014e-08;6.999340000329539e-08;0.0435890200024005;0.004237440000288188
2.1088779999990948e-08;6.367432000115514e-08;0.03859795999887865;0.004237967999652028
2.1438489999854936e-08;5.595068000257015e-08;0.04040745999955107;0.004860093999886885
2.0366800000192596e-08;6.446371999918483e-08;0.039814730000216514;0.004275434000301175
2.0456080001895316e-08;6.659469999722205e-08;0.03551125000230968;0.004052162999869324
2.0835329999681562e-08;6.478989999741316e-08;0.04019647999957669;0.004060051999986171
2.27585500018904e-08;6.327917999587953e-08;0.040275790001032874;0.004065403999993578
2.2520209997310303e-08;6.375929999630899e-08;0.04187967999605462;0.00414872599998489
1.9865849999769126e-08;6.61091599962674e-08;0.04451540000154637;0.0047501959995133805
1.8735810001089703e-08;6.687071999767795e-08;0.037391890000435524;0.004389460000093095
2.2076600001309997e-08;6.563401999883354e-08;0.03993473000009544;0.004138434000196867
1.9462789999670348e-08;6.892142000142486e-08;0.041971159999957305;0.004443081999779679
2.1345840000140015e-08;6.593207999831066e-08;0.03891068999946583;0.004458919999888167
2.2589719999814406e-08;6.950854000169784e-08;0.040554599999450144;0.004526065000100062
2.32099399989238e-08;6.989090000279248e-08;0.04297549999901094;0.004522086000069976
2.1847800000978168e-08;6.235682000406086e-08;0.04373659999982919;0.00505180999985896
2.3327334999339654e-08;6.177862000185996e-08;0.04363523000210989;0.004772860000375658
2.095913999946788e-08;7.193494000239298e-08;0.04354716000088956;0.004162908000289463
2.569445999979507e-08;6.832103999913671e-08;0.039298000000417235;0.004299049999681301
2.0192310001584702e-08;6.105036000371911e-08;0.038810429998557085;0.004465009999985341
2.5922150001861157e-08;6.176757999928668e-08;0.04512720000348054;0.004419484000245575
1.9871930000954307e-08;6.440555999870413e-08;0.03849243999866303;0.004973087999969721
2.2215849999338388e-08;6.764926000032574e-08;0.04383391999872401;0.004637542000273243
2.075384000054328e-08;7.030196000123396e-08;0.043442799997865225;0.004219378000125289
2.4484090000623838e-08;7.561696000047959e-08;0.04233766000252217;0.004457874000072479
2.1259599999757485e-08;6.594500000355766e-08;0.04548040000372566;0.0048717179999221115
2.3277569998754187e-08;7.109606000012718e-08;0.04615424000076018;0.0050447079999139536
2.555634000163991e-08;7.325853999936954e-08;0.03952923000033479;0.004204373999964445
2.3726039999746717e-08;5.5985600000713024e-08;0.04154609000252094;0.004839818000327796
2.4184810000588185e-08;6.674483999959194e-08;0.04299645999853965;0.004558276000316255
2.366364000190515e-08;7.9337020003004e-08;0.04671436999924481;0.005046988000394777
2.057525000127498e-08;6.895072000334039e-08;0.040963120001833886;0.004516268000006676
2.1004335000179708e-08;7.441304000094533e-08;0.043343979999190194;0.004575370000093244
2.4464359998819417e-08;6.602935999981128e-08;0.038401410001097244;0.004199378000339493
2.269003000110388e-08;6.42269200005103e-08;0.04169846000149846;0.0045980599999893455
2.6596689998405054e-08;7.322677999618463e-08;0.04425139999948442;0.004361204000015277
2.4170429998775944e-08;6.575382000301033e-08;0.04847139999619685;0.004608255999628454
2.0317319998866877e-08;6.324688000022434e-08;0.04034828000003472;0.004284153999760747
2.2127979999640956e-08;6.700671999715269e-08;0.043516839999938384;0.004085777999716811
2.2096780000720172e-08;6.254293999518267e-08;0.0421794600028079;0.004227831999887712
1.9956555000680963e-08;7.210982000106014e-08;0.043475640000542624;0.004984288000268861
1.7869400000199676e-08;6.844310000305995e-08;0.04123227999662049;0.004837143999757245
2.300877999950899e-08;6.791066000005231e-08;0.043296740000369024;0.004706961999763734
2.1627730000182056e-08;6.579961999668739e-08;0.03897767999733333;0.004413935000193305
2.430544000235386e-08;6.045830000075512e-08;0.0403214999998454;0.004933459999738261
2.0310720000998118e-08;6.643544000107795e-08;0.0412780600017868;0.004453255999833345
1.983741000003647e-08;6.744685999583453e-08;0.04451914000092074;0.004289025999605655
2.3245809999934862e-08;7.236019999836572e-08;0.04104708999802824;0.004215983999893069
2.271543999959249e-08;5.988329999963753e-08;0.04227131999796256;0.005376128000207246
2.0073219999903813e-08;7.353833999950439e-08;0.0430701199977193;0.005038772000116296
2.2320804999617395e-08;6.372258000192232e-08;0.04091026000096463;0.0052950339997187255
2.158523500111187e-08;6.242791999829933e-08;0.04459985999856144;0.005110320000094362
1.7661655000119937e-08;6.176956000272184e-08;0.04003865999984555;0.004679668999742716
1.7985669999325183e-08;6.143672000034712e-08;0.03798649999953341;0.004350449999910779
1.9712764999712817e-08;6.403691999730654e-08;0.038608510000631216;0.004047376000089571
2.091454499895917e-08;5.493203999940306e-08;0.03545939000032376;0.004113424000097439
1.7777244999888353e-08;6.400661999941803e-08;0.041123640001751484;0.0043724860000656915
2.155235999962315e-08;6.112876000115649e-08;0.04057795999688096;0.005627698000171222
2.3409289997653104e-08;6.165899999905378e-08;0.03522464999987278;0.003807663999905344
2.4477649998152628e-08;5.696279999683611e-08;0.04360902000335045;0.004048419999890029
2.622769000008702e-08;5.649199999752455e-08;0.03989311000041198;0.0048099820001516495
2.4080850000609643e-08;6.127340000239201e-08;0.039914049999788405;0.004057854000129737
2.0444910001242534e-08;6.822395999915898e-08;0.0402901399997063;0.004104287999798544
1.7484135000267996e-08;6.984030000166967e-08;0.04317886999924667;0.004191209999844432
2.1051650001027156e-08;6.104259999701754e-08;0.04147690000245348;0.004757335000031162
1.8258844999945722e-08;6.541213999735192e-08;0.040171810000902045;0.004005732999939937
2.0357719997991807e-08;6.520721999695525e-08;0.0423209999979008;0.004955056000035256
2.237555500032613e-08;6.69560000009369e-08;0.04219612000160851;0.005058428000193089
2.126078500004951e-08;6.817058000015095e-08;0.04253253999631852;0.004736231999704615
2.4434789997758343e-08;6.33990200003609e-08;0.04128728000214323;0.0043644760001916435
2.22018600004958e-08;6.492771999910474e-08;0.039344799998798405;0.00456678299990017
2.4183610000181945e-08;6.303296000114643e-08;0.039969020002172326;0.005117183999973349
2.1744485000090207e-08;6.559002000140026e-08;0.04334907000011299;0.004335607999819331
2.2502105000603477e-08;6.12398600031156e-08;0.04786635999917053;0.0038949450000654905
1.897828500077594e-08;6.099769999855198e-08;0.04283378000254743;0.004411486000171863
2.1975670001120305e-08;5.5177740001818165e-08;0.03886454000021331;0.004558997999993153
2.279780000098981e-08;6.947135999798775e-08;0.04334653999540024;0.005214376000221819
2.6174149999860674e-08;6.188747999840416e-08;0.046395639999536796;0.004468247999902815
2.2190814999339636e-08;6.567094000056386e-08;0.050015140004688874;0.004423470000037923
1.9696159999875818e-08;7.222429999965243e-08;0.05022311999928206;0.004107675999985076
2.1028100000694395e-08;6.800480000092648e-08;0.04769706000224687;0.004627851999830454
2.7578160000848583e-08;6.602399999974296e-08;0.04992413999862037;0.005065898000029847
2.706078999908641e-08;6.24056400032714e-08;0.048413220001384615;0.004968825999530964
2.3741159998462535e-08;6.844656000030227e-08;0.05593067999579944;0.004813753999769688
2.1208019999903627e-08;6.970864000031725e-08;0.054529099998762834;0.004397751999786124
2.3497194999072235e-08;6.124492000089958e-08;0.044299300003331155;0.0046899459999986
1.8465025001205505e-08;7.018496000091545e-08;0.05157554000033997;0.004051823000190779
2.0501094999781343e-08;7.002296000136994e-08;0.04873017999925651;0.004437016000156291
2.101039999979548e-08;7.584310000529513e-08;0.05568512000027113;0.005171206000086386
2.5775039999280125e-08;6.24430600029882e-08;0.05559675999684259;0.00512066799972672
2.1533079999790062e-08;7.849745999556035e-08;0.05462169999955222;0.004677640000008978
2.5158290000399574e-08;7.086715999757871e-08;0.04437675999943167;0.004315959999803454
2.052094000100624e-08;7.438922000001184e-08;0.04544490000116639;0.004384524000342936
2.370973499928368e-08;5.766983999637887e-08;0.053689300001133235;0.0042622520000441
2.561656999750994e-08;7.053433999535628e-08;0.05019040000042878;0.004517518000211567
2.0948889999999665e-08;7.417116000433453e-08;0.04993899999535643;0.004361973999766633
2.055973999958951e-08;6.224036000203341e-08;0.04400166000123136;0.004293710000347346
2.071089000091888e-08;7.750929999747314e-08;0.04279192999820225;0.005153052000096068
2.6389460000791585e-08;6.869006000342779e-08;0.05117981999646872;0.004655187999596819
2.5806849999935367e-08;7.25873599993065e-08;0.043156559998169544;0.004602370000211522
1.9261665000522043e-08;5.760702000115998e-08;0.0410788599983789;0.0041588419995969165
2.2865595000621396e-08;6.747857999871486e-08;0.04452620000229217;0.005662041999748908
2.16277400002582e-08;6.657391999615357e-08;0.04031088000047021;0.0042521439999109135
2.2782430000370368e-08;6.796315999818034e-08;0.042196700000204146;0.004889947999909054
2.2351169999456033e-08;6.578324000001884e-08;0.05638764000032097;0.004067003999953158
2.077927000063937e-08;7.765003999811597e-08;0.04725301999715157;0.0040695420000702144
2.388654999958817e-08;6.659850000287406e-08;0.045637919998262076;0.004008181999670342
2.2521589999087156e-08;6.394372000358999e-08;0.04791852000053041;0.004292325999995228
2.1231149998493494e-08;6.037336000008509e-08;0.05077940000337548;0.004388669999898411
2.048928000003798e-08;6.972064000437967e-08;0.052553780004382135;0.004609962000395171
1.9016450000344776e-08;7.773641999810935e-08;0.043620419997023416;0.004279937999672257
2.0748584999819287e-08;6.614013999933377e-08;0.05271437999908812;0.004382303000020329
2.617088000115473e-08;6.527749999659136e-08;0.045440139999845995;0.004242254000273533
2.1579685001051986e-08;7.196573999826796e-08;0.052913099998841064;0.004367538000224158
2.164749999938067e-08;6.69614200014621e-08;0.04796365999500267;0.004828484000172466
2.0085150000522843e-08;6.605359999812208e-08;0.04468613999779336;0.005251497999997809
2.3093284999777097e-08;7.041335999965668e-08;0.04742176000145264;0.0043002260001958345
2.3137419999693522e-08;7.261140000191518e-08;0.05126932000275701;0.004704180000117048
2.3000505000527483e-08;6.70765599992592e-08;0.043253759999061;0.004770872000372037
2.1737435000250117e-08;6.410579999792389e-08;0.05046311999903992;0.0041780200001085175
2.1832329999597278e-08;6.915676000062377e-08;0.05022601999808103;0.005028281999984756
2.5700519999372774e-08;7.63875799952075e-08;0.05089789999765344;0.00457732799986843
2.483078000077512e-08;6.345391999930143e-08;0.04906793999834917;0.005349838000256568
2.5941659999080002e-08;8.096023999969475e-08;0.046649960003560406;0.005370285999961197
2.558098000008613e-08;6.596883999882267e-08;0.04678997999872081;0.005499835999798961
2.5369250000221655e-08;6.65201399999205e-08;0.053681800002232195;0.005382669999962672
2.7524000001722017e-08;7.846283999970183e-08;0.04493619999848306;0.004820347999921069
2.686933999939356e-08;7.263520000269637e-08;0.04123230000259355;0.0041319220000877975
2.227891999937128e-08;6.047354000038467e-08;0.045571040001232174;0.004063185999984853
1.71008699995582e-08;6.958542000502347e-08;0.04799217999679968;0.0044210980000207204
1.649376999994274e-08;7.095092000090517e-08;0.05231337999575771;0.004418004999752157
2.05378649989143e-08;6.906572000007145e-08;0.05013618000084534;0.0037691689998609946
2.187817499943776e-08;6.505770000512711e-08;0.051049999997485426;0.004614689999725669
2.0901109999977052e-08;7.265014000004157e-08;0.053654559998540206;0.004983555999933742
2.2354060001089237e-08;6.523254000348971e-08;0.0433632200001739;0.004619178000139073
2.071816999959992e-08;6.922872000141069e-08;0.043738620000658555;0.0043783899999107236
2.109739999868907e-08;7.694980000378564e-08;0.05330806000274606;0.004904388000140898
2.1848229999886827e-08;6.802061999915168e-08;0.04879429999855347;0.004199037999496795
2.282269000133965e-08;7.013234000187367e-08;0.05021201999625191;0.004936701999977231
2.2273249999852852e-08;7.154999999911525e-08;0.04394322000443936;0.004921253999928012
2.0311764998768922e-08;6.537785999826156e-08;0.047168759995838624;0.0050680879998253655
2.1175240000593475e-08;6.227495999773965e-08;0.04483269999618642;0.004840858000097797
2.5605260001611897e-08;6.953217999543995e-08;0.0508196400012821;0.003970874999940861
1.8155114998808132e-08;6.10086600005161e-08;0.04076213999651372;0.004257896000053734
2.0676884999556932e-08;6.82088199944701e-08;0.04238803999614902;0.005058348000166007
2.4316729998099617e-08;7.230110000236891e-08;0.04542329999967478;0.004338628000114113
2.4528970000392293e-08;6.855022000381723e-08;0.05115910000167787;0.004049095999798738
2.3955349999596363e-08;6.893293999601155e-08;0.05143773999880068;0.004226650000200607
2.286581000080332e-08;6.323735999758356e-08;0.04434471999993548;0.004167122000362724
2.0807990001048892e-08;6.020228000124917e-08;0.04474496000329964;0.0042683899996336545
2.2806470000068656e-08;6.748537999810651e-08;0.04639970000134781;0.00416399999987334
2.2507129999576136e-08;6.617419999674893e-08;0.055522380000911656;0.004177469999995083
2.1746390001499093e-08;5.999732000054791e-08;0.05053713999805041;0.004359757999773137
2.075351000239607e-08;7.271755999536253e-08;0.048210160003509375;0.004345570000004954
2.226879999943776e-08;6.816586000495591e-08;0.04670431999838911;0.004283549999818206
2.101309999998193e-08;6.347012000042014e-08;0.04222961999475956;0.004747371999546886
1.926612499955809e-08;6.017355999792925e-08;0.05104702000389807;0.004294197999988683
1.8869769999582786e-08;6.168681999552064e-08;0.04628728000097908;0.004385897000029218
2.0241359999636187e-08;6.499668000033126e-08;0.043167099996935576;0.0037164470000425353
1.9708964999881574e-08;6.317358000087552e-08;0.04526171999750659;0.004574446000042372
2.5578039998072198e-08;6.589986000326462e-08;0.04113595999660902;0.003830632000172045
2.0780805000686087e-08;6.892360000056215e-08;0.049536780000198635;0.004538035999867134
1.692254499939736e-08;6.444958000211045e-08;0.04389108000323176;0.005680352000053972
2.688878000190016e-08;6.386056000483223e-08;0.04774592000176199;0.004756270000361837
2.1225360000971704e-08;6.466229999787174e-08;0.045557799999369306;0.004080934000085108
2.415573000034783e-08;7.223423999967054e-08;0.04366153999581002;0.004524335999740288
2.1127595000143627e-08;7.016956000006758e-08;0.0434424199978821;0.004615621999837458
2.474328499956755e-08;7.260417999932543e-08;0.05172135999891907;0.004050845999736339
2.0924044999992476e-08;7.188241999829187e-08;0.05571751999668777;0.004358013999881223
2.336607500037644e-08;6.06716799957212e-08;0.045869379997020586;0.004218409999739378
2.3322130000451578e-08;6.622093999758363e-08;0.05582869999925606;0.004849280000198633
2.1393319999333472e-08;6.56985999958124e-08;0.054461819998687135;0.004989567999728024
2.1426989999599754e-08;6.306773999822326e-08;0.047181760001694786;0.004981658000033349
1.87618449999718e-08;5.700407999684103e-08;0.040786939999088646;0.004817446999950335
2.092154000129085e-08;6.032934000249951e-08;0.04811083999811672;0.0043343179998919365
2.1022169999196195e-08;7.002425999962725e-08;0.04185719999950379;0.004794354000478051
2.2771705000195654e-08;6.908291999716311e-08;0.05028849999653175;0.00459831599961035
1.9392879999941216e-08;1.0929480000049807e-07;0.05263309999718331;0.004721378000103868
2.107202000042889e-08;9.626253999886102e-08;0.04476072000106797;0.004751543999882415
2.0886520000931342e-08;1.0414085000229533e-07;0.048474899999564516;0.005178615999757313
2.467805999913253e-08;8.724373999866657e-08;0.05206418000161648;0.005361757999635302
2.183654000109527e-08;9.256087999674491e-08;0.052328560000751166;0.003846462999936193
2.2753800000646153e-08;1.0442825000791345e-07;0.052335660002427176;0.0041420619998825715
2.051666000043042e-08;9.561122000450268e-08;0.05235515999956988;0.004791394000058062
2.376139999832958e-08;1.0666884999955073e-07;0.04340351999853738;0.00416469199990388
2.0321800000965595e-08;1.1763164999138098e-07;0.049302600004011765;0.005028017999720759
1.8269919999875127e-08;1.0591811999911442e-07;0.05046540000475943;0.004896298000239767
2.3971850000089034e-08;9.572990000015124e-08;0.04637286000070162;0.004449534000013955
2.5069955000071787e-08;1.0432015999685973e-07;0.04586702000233345;0.004300755999865942
2.1237850000034086e-08;8.072169999941253e-08;0.0415123000042513;0.004435515999794006
1.874101499997778e-08;8.307681999867781e-08;0.045788240002002566;0.004129542000009678
2.6194769999710844e-08;1.0871199999819509e-07;0.053610719996504484;0.0045893680001609025
2.483012000011513e-08;1.0871015000157058e-07;0.04801030000089668;0.004762834000284783
2.4913830001605676e-08;1.0994325999636203e-07;0.05166600000229664;0.004995202000136487
2.1410760001162998e-08;1.0238770000287332e-07;0.04726229999796487;0.004349934000056237
2.1837769998819566e-08;8.293835999793374e-08;0.0472455200040713;0.004341337999794632
2.3393000001669862e-08;8.749238000018522e-08;0.04899596000323072;0.004224208000232465
2.02295100025367e-08;9.182955999858678e-08;0.049386419999063944;0.004856279999949038
1.957400000101188e-08;8.940436000120826e-08;0.04866483999649063;0.0042055099998833615
1.853888000041479e-08;9.379294000100345e-08;0.047498639998957516;0.0034976780001306908
2.193191999976989e-08;8.732747999601997e-08;0.04603194000083022;0.004963472000090405
2.190118500002427e-08;8.938572000479326e-08;0.04429588000057265;0.00437478200008627
2.011868499976117e-08;9.46594199980609e-08;0.04421758000389673;0.004860893999575637
2.1262400000705384e-08;8.136420000228099e-08;0.047283539996715265;0.004151199999614619
2.1606529998825862e-08;1.0129079999751411e-07;0.04137310000369325;0.004214873999590054
2.0581590000074357e-08;1.0301190000609495e-07;0.045975280000129716;0.004550448000081815
2.1955609999713487e-08;8.740055999951437e-08;0.04794610000099055;0.004474959999788553
2.070823999820277e-08;9.655642000143417e-08;0.04789576000184752;0.00447000999993179
1.9129874999634922e-08;9.543123999610543e-08;0.04670405999640934;0.0044037480000406505
1.936937999998918e-08;9.000617999699899e-08;0.04598853999632411;0.004170186000410467
1.6475319999153724e-08;8.437687999685294e-08;0.04789079999900423;0.004048514000023715
1.626059499976691e-08;9.554446000256575e-08;0.04498509999830276;0.0037201170000480486
1.8280115000379738e-08;9.477776000276207e-08;0.04361071999883279;0.004222525999939535
1.9646690000081435e-08;1.0950770000636113e-07;0.04610975999967195;0.00480762799968943
1.7400695000833365e-08;9.069588000420481e-08;0.04622942000278272;0.0036594429999240673
2.0434719999320806e-08;9.964961999794468e-08;0.04644436000380665;0.004788804000127129
1.902715000032913e-08;9.466140000149607e-08;0.04279172000242397;0.004436966000066604
2.3487814998952672e-08;9.325369999860414e-08;0.04369485999923199;0.004493307999800891
1.912953499995638e-08;9.095267999800853e-08;0.0471733000013046;0.00437025299994275
2.0646960000158286e-08;9.035680000088177e-08;0.04757420000387356;0.0040812879998702555
2.1916909998981282e-08;1.0079300000506918e-07;0.04825744000263512;0.005122618000023067
2.0869889997993596e-08;8.595448000123725e-08;0.05253051999607124;0.005025688000023365
2.060961999814026e-08;9.229040000354871e-08;0.051373679999960585;0.005303757999790833
2.5433699999121016e-08;1.0663845000090078e-07;0.048394860001280904;0.005491026000236161
2.3996909998822956e-08;1.1190016000182368e-07;0.04587840000167489;0.0052975520002655685
2.348026999970898e-08;1.1980914999730884e-07;0.04694225999992341;0.005427013999433256
2.405626999970991e-08;9.847847999772057e-08;0.045088200003374365;0.004033597999950871
2.1457650000229477e-08;9.990922000142745e-08;0.048908779997145754;0.004394797999993898
1.9864300001063385e-08;8.444971999851987e-08;0.041836999997030944;0.004765775999985635
2.1755499998107552e-08;9.334972000215202e-08;0.04910539999837056;0.004407705999910832
2.1168549999129026e-08;8.976856000372208e-08;0.04143359999870881;0.004613481999840587
2.0710605000203942e-08;9.297321999911219e-08;0.04248965999577194;0.0044238259998383
2.1029849999467844e-08;9.625074000214227e-08;0.044362079998245464;0.0049381360001279975
2.230470999784302e-08;7.893439999897965e-08;0.04536715999711305;0.00425528799998574
2.2214860000531188e-08;8.797944000107236e-08;0.04499569999752566;0.0035558690002653747
2.0481480000307785e-08;9.44261800032109e-08;0.04649212000076659;0.004516113999998197
2.040856000094209e-08;8.983511999831535e-08;0.04867799999774434;0.004067242000019178
1.7779084999347107e-08;1.0167025000555441e-07;0.04718115999712609;0.003643822000012733
1.729949500004295e-08;9.01393599982839e-08;0.04911272000172175;0.0043437339999945835
1.846093999920413e-08;9.125964000122621e-08;0.043065280001610515;0.004027511999884155
2.091853500023717e-08;9.197472000378183e-08;0.04664498000056483;0.004078319999971427
1.8518575000052806e-08;8.512011999846436e-08;0.04767495999694802;0.0037626810002257117
1.9063009999808855e-08;8.658123999484814e-08;0.04329127999953926;0.003879019999876618
1.8500120000680907e-08;8.077809999813326e-08;0.045350859995232896;0.004007034000242129
2.0254169999680015e-08;8.257011999958195e-08;0.04177722000167705;0.004307325999834574
2.005992999911541e-08;8.745210000197404e-08;0.04706189999706112;0.0038701119998586363
2.121999500086531e-08;9.215057999826967e-08;0.04335942000034265;0.0039189630001783375
2.0572130000800826e-08;8.560067999642342e-08;0.04462578000384383;0.0040621799998916686
1.9878515000164043e-08;9.097471999702976e-08;0.04178143999888562;0.003919485000078566
2.1544309999444522e-08;8.742548000300303e-08;0.04538521999493241;0.003874909000005573
2.0727699999406467e-08;8.62083000014536e-08;0.04405536000267603;0.0038248159998329357
1.9482884999888482e-08;8.4338499995647e-08;0.04383589999633841;0.00353346199990483
2.0115350000560283e-08;8.358555999584496e-08;0.04757645999779925;0.003740301999787334
2.0366549999744165e-08;8.400930000352674e-08;0.04392019999795593;0.003846330000087619
1.8304170000192244e-08;8.867074000299908e-08;0.047155959997326136;0.004121227999858093
1.8768309999722986e-08;8.178802000475116e-08;0.043950659997062755;0.004148947999929078
1.674032500013709e-08;9.363131999853067e-08;0.0468447599967476;0.004057101999642328
1.771052999974927e-08;9.105004000011832e-08;0.04057561999652535;0.0037304320000112056
1.6462520000641233e-08;8.367226000409574e-08;0.04640299999737181;0.0037291400000685824
2.0374490000540392e-08;1.0078814000007697e-07;0.04290281999856234;0.003306923999916762
2.0328159999917262e-08;8.246814000303857e-08;0.04409581999643706;0.004661105999839492
1.775640999985626e-08;8.353576000081375e-08;0.04897352000116371;0.004011450000107288
1.7840839999553282e-08;8.516611999948509e-08;0.04606244000024162;0.0036165329997311347
1.8318700000236276e-08;8.740359999937936e-08;0.04343992000212893;0.0035329820000333714
1.8757429999823217e-08;8.13467199972365e-08;0.044296059996122496;0.004031118999992031
1.715773000032641e-08;8.806517999619246e-08;0.04000883999979123;0.004230066000018269
1.863484000059543e-08;8.756837999681011e-08;0.041987119999248534;0.00418048599967733
1.8980459999875165e-08;9.097376000136137e-08;0.04591980000259355;0.003840494000178296
1.902154999988852e-08;8.993098000064492e-08;0.04648711999761872;0.0037516289998893626
1.908238000032725e-08;8.052827999927104e-08;0.04668971999781206;0.003962109999847598
1.8125965000945145e-08;9.166435999795795e-08;0.047780759999295694;0.003874941999965813
1.9050964999769347e-08;8.683389999787324e-08;0.041548100003274156;0.004302010999817867
1.992263499996625e-08;8.446031999774278e-08;0.04728326000040397;0.004741338000167161
2.476363999885507e-08;1.0216100000252482e-07;0.04970496000023559;0.004059570000390522
2.096316000097431e-08;9.656088000047021e-08;0.04535768000059761;0.004308483999921009
2.0878410001751034e-08;9.346679999725894e-08;0.04625506000011228;0.004446211999747902
1.8496589999995194e-08;8.04150199983269e-08;0.04335190000128932;0.003515820999746211
1.970136000018101e-08;6.590369999757969e-08;0.06304485999862663;0.015828789999068248
2.2042209998471662e-08;5.638793999678455e-08;0.06745935999788344;0.012926064999192022
2.1760130001348443e-08;5.986005999729969e-08;0.06638919999822974;0.01461532000103034
1.7948294999951032e-08;5.88779199984856e-08;0.061001320002833384;0.015611290000379086
2.030161999864504e-08;6.670536000165157e-08;0.059338360000401734;0.013769079999474344
2.070073999930173e-08;5.8526359999086706e-08;0.06724502000142821;0.014134874999581371
2.0162669999990614e-08;6.125237999949604e-08;0.06306140000233426;0.015162404999136925
1.822046000015689e-08;6.157462000264786e-08;0.06274238000041805;0.01336334999941755
1.8185559999255928e-08;5.49654999980703e-08;0.06672995999688283;0.013624245001119561
1.7990220000501723e-08;6.136492000077851e-08;0.062040040001738815;0.014826079999329523
2.015906000160612e-08;5.995963999885135e-08;0.06279512000037357;0.014101454999763518
2.148587999981828e-08;5.864960000035353e-08;0.06539518000208773;0.016250425000907853
1.982467500056373e-08;6.012787999934517e-08;0.06526247999863699;0.013262094999663531
1.7028770000615624e-08;5.9172180003952236e-08;0.06097211999585852;0.01455969500093488
1.7867799999658018e-08;5.811452000052668e-08;0.0683958799985703;0.01522895999951288
1.5908339999441522e-08;5.682839999790304e-08;0.05889841999742203;0.014729305000219028
1.6566149999562186e-08;6.155826000031084e-08;0.05924779999768361;0.014326559999608435
1.7879425000865013e-08;6.075802000123077e-08;0.060031020001042636;0.01354552499979036
1.8338950000179465e-08;5.649084000033326e-08;0.06664506000233814;0.013346929999534041
1.925002000061795e-08;6.347489999607206e-08;0.06459217999945395;0.01443656000046758
2.0065350001095793e-08;5.799203999922611e-08;0.060899620002601296;0.014836775000730995
1.670211000018753e-08;6.002837999840267e-08;0.06448708000243641;0.013749839999945834
1.8185654999979305e-08;5.9057559998473154e-08;0.0612167600018438;0.014713644998846576
2.044461999903433e-08;6.286593999830074e-08;0.06549579999991692;0.015140064999286551
2.216706500039436e-08;6.551011999836191e-08;0.0632162399997469;0.016074495000066236
2.0536009999341332e-08;6.695959999924526e-08;0.07156938000116497;0.015444009999919217
2.3468490000232123e-08;6.49916399968788e-08;0.0724147999950219;0.015423325001029298
2.089799999957904e-08;6.126780000049621e-08;0.06718413999769837;0.015173425000102724
1.9385850000253413e-08;6.326319999643602e-08;0.06546988000045531;0.01380990500038024
1.6550619999179617e-08;6.326435999944806e-08;0.06663036000099964;0.01578287499869475
1.8439319999015423e-08;6.615026000072248e-08;0.06313374000019394;0.015540060000785162
1.9499329999962357e-08;6.439937999821268e-08;0.06747865999932401;0.014155955000023823
2.000144000048749e-08;6.177451999974437e-08;0.06518064000410959;0.017872875000466592
2.4527169999782928e-08;5.947754000080749e-08;0.06480364000308328;0.016687859999365173
1.8985219999740366e-08;6.395827999804169e-08;0.06576707999920473;0.01538614500022959
1.8693830000120216e-08;6.532849999493919e-08;0.05972060000058264;0.01430512000079034
1.7568784998729825e-08;6.083874000469222e-08;0.06386574000352993;0.01468202500109328
1.632648500089999e-08;6.325374000007287e-08;0.06816544000175781;0.014510110000264831
1.8016345000069124e-08;5.985687999636866e-08;0.0639454799995292;0.015012289999867789
1.8211380000866484e-08;6.118329999735579e-08;0.06522416000370868;0.01415794500062475
2.3307450002175756e-08;6.322974000358954e-08;0.06990371999563649;0.014522174999001436
1.9878690000041388e-08;6.651171999983489e-08;0.06216444000019692;0.01625571499898797
2.0001179999962915e-08;6.355239999829792e-08;0.06757608000189066;0.017719560000114144
2.2921939997468145e-08;6.523634000332094e-08;0.07197553999722003;0.015317195000534412
2.000183000054676e-08;6.33860400004778e-08;0.07618812000146136;0.01458291500021005
1.8545269999594895e-08;6.186087999958545e-08;0.07087746000033804;0.015528259999700821
1.8323305000376423e-08;6.454623999889008e-08;0.06410652000340633;0.017474760000186506
2.3856729999533854e-08;7.068363999715074e-08;0.06514944000518881;0.02013366000028327
1.8552729999646543e-08;6.756027999799698e-08;0.070267500000773;0.01672299500060035
2.310542000050191e-08;6.901203999877908e-08;0.06687744000228121;0.01620580000017071
2.053462500043679e-08;6.770294000161811e-08;0.06550227999687194;0.015576920000603423
1.9415495000430383e-08;6.1644279997563e-08;0.06542168000014499;0.014365424998686649
1.790188000013586e-08;6.156609999598004e-08;0.06630180000211112;0.015256304999638814
2.3154039998189546e-08;6.802829999942332e-08;0.060010580002563076;0.014618825000070501
2.0680744999845046e-08;5.5642379994969814e-08;0.06752397999516688;0.013423635000071954
1.8412494999938645e-08;6.115310000022874e-08;0.05927385999821126;0.016851194998889697
2.126923000032548e-08;6.311850000056439e-08;0.06528615999850444;0.017174104999867268
2.0146159999421796e-08;6.001112000085413e-08;0.07073567999759689;0.01836567999998806
2.350602000078652e-08;7.239348000148311e-08;0.06544702000101096;0.014658015000168233
1.9914299999072683e-08;6.542623999994248e-08;0.06873925999971106;0.013779389999399427
2.3519629999645986e-08;6.840329999686219e-08;0.06873706000042148;0.016129404999082907
2.1091630001319574e-08;5.8109939994756134e-08;0.0668195000034757;0.01569937999884132
2.274762000015471e-08;6.258312000427395e-08;0.07011376000009477;0.015973845000553412
1.9781470000452826e-08;6.639036000124179e-08;0.06506657999707385;0.01333706000004895
2.207300000009127e-08;6.987974000512623e-08;0.0630269400018733;0.015806489999522454
2.125794000166934e-08;6.629318000050262e-08;0.06604711999534629;0.01641319000045769
2.2242189999087715e-08;6.536394000286236e-08;0.061545899999327955;0.01413874499994563
2.227452000079211e-08;6.381755999755114e-08;0.06679970000404864;0.016424040000129026
1.883735000010347e-08;7.207905999966897e-08;0.06939283999963664;0.015051170000515413
2.3374900000635533e-08;6.711351999547333e-08;0.06625789999961854;0.01381666499946732
2.2545095000532454e-08;6.554981999797747e-08;0.06683172000339255;0.015364109999791254
2.1558399999048562e-08;6.527894000173546e-08;0.07488794000237249;0.014128960001107771
2.1969079997506923e-08;6.575563999940642e-08;0.059189939999487254;0.012689560001308563
1.7267840000567957e-08;6.222607999807224e-08;0.06564739999594167;0.01389091000019107
1.8342785000277217e-08;6.117066000006162e-08;0.06544310000026599;0.01441962499957299
2.061450000037439e-08;6.622189999907278e-08;0.062312619999283926;0.014264689999981784
2.1563005000643898e-08;6.511341999867e-08;0.06544396000099369;0.017022530001122506
2.3257920000469312e-08;7.785119999898598e-08;0.06969116000109352;0.019964574999175966
2.2740769997471942e-08;6.731485999771394e-08;0.07139984000241384;0.01862748499988811
2.1882414999708998e-08;6.51601199992001e-08;0.0633970999973826;0.017985164999845437
1.7897640001319813e-08;6.733947999891825e-08;0.06685366000165231;0.016953430000285152
2.65097199997399e-08;5.861725999857299e-08;0.07124448000104167;0.014498085000377614
2.115807000081986e-08;5.9542919998057185e-08;0.06619528000010177;0.014346320000186097
2.0518399999127722e-08;6.40402199991513e-08;0.07388891999726184;0.01591821500041988
2.1824579997337422e-08;6.735869999974966e-08;0.0707608800032176;0.01754367999965325
2.3811945000488775e-08;6.748225999763236e-08;0.07283697999664582;0.01278487500094343
2.1214010001858695e-08;7.238822000217624e-08;0.07241075999918394;0.016996759999892676
1.9525304999842775e-08;6.519681999925524e-08;0.06093041999847628;0.012805825000395999
2.1639580000191928e-08;6.25986400002148e-08;0.06294453999726102;0.014542989998881239
1.995418000005884e-08;6.471577999764122e-08;0.07089477999834344;0.01725173000013456
2.485976000025403e-08;6.815346000366844e-08;0.062719540001126;0.01432178500108421
2.1737869997741655e-08;6.914924000157043e-08;0.061289200000464915;0.017051714999252
1.770525500032818e-08;5.563480000128038e-08;0.06658790000365115;0.015055530000245199
1.9681710000440944e-08;6.233692000387237e-08;0.0737725400016643;0.013758905000577215
2.4327249999623746e-08;6.70574999996461e-08;0.07267975999857298;0.014052729999821167
2.1321919999900273e-08;6.740362000418827e-08;0.06026618000469171;0.016824870000709778
2.2199049999471754e-08;6.856486000469886e-08;0.0712848600000143;0.018897210000432096
2.1872200001962483e-08;6.257253999938257e-08;0.06810813999618404;0.014309929999581073
2.09846000012476e-08;6.34288800007198e-08;0.061732760001905265;0.013524769998912233
2.364384999964386e-08;5.802054000087082e-08;0.06672074000234715;0.01456119999929797
2.341990999993868e-08;6.389575999928638e-08;0.07719622000004164;0.014436665001267102
1.8343725000158885e-08;6.650743999634869e-08;0.07760370000032708;0.01522837999946205
2.070802999951411e-08;6.701740000280551e-08;0.07489971999893896;0.020490879999124446
2.216070000140462e-08;6.391333999927155e-08;0.08673389999894425;0.016572820000874344
2.0695824999711475e-08;6.354904000181705e-08;0.0777505200006999;0.0151740150002297
2.0171189997927287e-08;6.679324000142515e-08;0.08145319999894127;0.019587990001309664
2.0520990001386963e-08;7.070950000197626e-08;0.0916953400010243;0.017950275000475812
2.3182710001128724e-08;7.441016000229865e-08;0.08398607999552041;0.01640565499983495
2.5243269998463803e-08;7.508440000237897e-08;0.0784296199970413;0.016558934999920893
2.157649000000674e-08;6.909698000526988e-08;0.08636817999649793;0.018337629998859482
2.2118890000274405e-08;7.347079999744892e-08;0.08149646000238135;0.017062659999646713
2.4002409999957308e-08;7.126278000068851e-08;0.10237834999861661;0.016991594999853987
2.3574894999910612e-08;6.156545999692753e-08;0.08496677999501116;0.016631185000005645
2.3546169998007827e-08;6.934063999797218e-08;0.08226555999717675;0.019444965000730008
2.3035820000222883e-08;7.207456000032835e-08;0.09034088000189514;0.01730206000065664
2.6503999999840745e-08;7.077877999981865e-08;0.10045180001179688;0.015861815000243952
2.0492129999911413e-08;7.561281999805942e-08;0.08977970000123606;0.01615458500018576
2.263662000041222e-08;7.100691999658011e-08;0.10109914999338798;0.016849625000031666
2.0766359999834095e-08;6.952014000271447e-08;0.08523633999866434;0.014526059999479913
2.3079969998798334e-08;7.595303999842144e-08;0.08617556000244804;0.016464664999512026
2.0027900001150556e-08;6.063765999861062e-08;0.08875045999884605;0.01606228500022553
2.120050999947125e-08;6.641203999752179e-08;0.08419595999876037;0.018303000000014436
2.2492249999777413e-08;6.75890000013169e-08;0.07791734000202269;0.018635400000493973
2.397763000044506e-08;6.174689999897964e-08;0.08399345999932847;0.021086369999102315
2.2746490000281484e-08;6.594901999924332e-08;0.09144973999937064;0.018469765000918414
2.3505970000405797e-08;6.830062000080943e-08;0.07881821999908425;0.016598039999371393
2.1021614999335725e-08;6.683876000461168e-08;0.09378193999873474;0.01693566500034649
2.1214480001071935e-08;7.496340000070631e-08;0.08925609999569133;0.022555609999108127
2.0726244999968913e-08;6.928173999767751e-08;0.08750963999773376;0.016737949999514966
2.253105499985395e-08;6.20277600013651e-08;0.07428839999483898;0.015175944998918566
2.2081564999825788e-08;6.079289999906905e-08;0.09331707999808714;0.016023670000140555
2.099926999944728e-08;7.182433999842033e-08;0.08168650000006891;0.018489444999431726
1.7312644999765326e-08;6.666870000190102e-08;0.07853652000194415;0.01750188500009244
2.4515150001388975e-08;6.094107999815605e-08;0.08033631999860517;0.017083980000461452
2.3250589999952354e-08;7.11578999995254e-08;0.09132992000086233;0.016644680000899824
2.1331729998928495e-08;7.123745999997482e-08;0.09220934000331908;0.017447030000039377
2.004021000029752e-08;7.42160999972839e-08;0.08661308000446297;0.017086670000571756
2.2238779999315737e-08;6.740854000090621e-08;0.08606791999773122;0.017176384999766016
2.2100699998554774e-08;6.494951999629848e-08;0.08977411999949254;0.015984239999670535
2.1480435000557918e-08;7.120314000057988e-08;0.08282957999617793;0.015691784999216907
1.8696039999485947e-08;6.757955999928527e-08;0.07912607999751345;0.015306640000198967
2.241484000114724e-08;6.227532000048087e-08;0.08013757999869994;0.018991585000185295
1.8903219999629074e-08;6.424920000135899e-08;0.08487305999733508;0.018796014999679755
2.4839629998314193e-08;6.860488000093028e-08;0.10464355000294745;0.01721704000083264
2.4169310001889243e-08;7.019868000061251e-08;0.09207425999920815;0.021157029998721554
2.177568000042811e-08;7.307143999496475e-08;0.10335205000592396;0.01713776999968104
2.3023929999908434e-08;6.61993200017605e-08;0.08475126000121236;0.014037985001050402
2.1631349998642692e-08;6.314590000547469e-08;0.08297282000421546;0.013244850000774022
2.0041599997784943e-08;6.74591800023336e-08;0.0821743400010746;0.015201664999767672
2.133384000044316e-08;6.927655999897979e-08;0.0820723800046835;0.014044179998745677
2.1063164999941364e-08;6.242610000190325e-08;0.07471057999646291;0.014932539999426809
2.1384760001092218e-08;6.102664000354707e-08;0.08277598000131547;0.015325935000146274
1.968316000129562e-08;6.27697599993553e-08;0.08380873999558389;0.015924190000805537
2.0349010001518762e-08;6.991738000069744e-08;0.07899668000172824;0.014518900000257417
1.9002524999086745e-08;6.460013999603689e-08;0.08154992000199854;0.0162620249990141
1.913421999925049e-08;6.576425999519416e-08;0.08323971999925561;0.01633526499936124
2.0650160001241602e-08;6.271512000239454e-08;0.09241186000290327;0.013956709999183659
2.1806710000964812e-08;7.520588000188582e-08;0.08411440000054426;0.016883344999223483
2.170736999833025e-08;6.958328000037e-08;0.08787591999862343;0.013685219999752007
2.1080369999981484e-08;6.652936000027694e-08;0.08348561999737285;0.017091380000056233
2.3733304999768733e-08;7.046989999944344e-08;0.08410528000094927;0.01569263499986846
2.0735749999585097e-08;6.849890000303275e-08;0.0837251799996011;0.015388220000022556
2.291189999959897e-08;6.345344000146725e-08;0.09090060000307858;0.016008824999153147
2.248523000162095e-08;6.025283999624662e-08;0.10000789999321569;0.019859849999193102
2.2841460001654924e-08;6.530615999945439e-08;0.09769119999837131;0.015621314999589232
2.420980999886524e-08;7.093802000163123e-08;0.09243491999804973;0.017017399999895134
2.1916910001891664e-08;7.301313999923878e-08;0.08340832000249065;0.0167193250003038
1.7260355000325943e-08;7.105749999755062e-08;0.0809415799973067;0.015653419999580365
2.18829999997979e-08;6.052773999981582e-08;0.0908104399975855;0.01751673499966273
1.868998500140151e-08;7.17250200046692e-08;0.07544715999974869;0.018098255000950303
2.330639499996323e-08;6.602611999842338e-08;0.0876473399985116;0.014568830000644083
2.1136159999878146e-08;7.114988000248559e-08;0.0865505599998869;0.01628754000121262
2.172238000202924e-08;5.8501720003550875e-08;0.08993720000144094;0.018089190000318923
2.5705354999809062e-08;6.752745999838225e-08;0.07728108000010252;0.0181364099989878
2.255723499984015e-08;6.553841999848373e-08;0.08890282000065781;0.02164630000042962
2.0467020000796764e-08;6.684891999466345e-08;0.08953713999944739;0.017791475000558422
2.5195350000285543e-08;7.504875999875367e-08;0.08639928000047803;0.016723634999652858
2.496339000063017e-08;6.182867999887094e-08;0.09042459999909624;0.015842834999784828
2.10905100000673e-08;6.420710000093095e-08;0.07608693999936804;0.02240772999939509
2.2403439998743126e-08;7.507992000319064e-08;0.08047750000259839;0.016275714999937917
2.1308560000034048e-08;7.1969940001145e-08;0.07783178000245243;0.015211229999840726
2.71840000001248e-08;6.772555999923497e-08;0.09456461999798194;0.017234829999506474
2.3461200000019745e-08;7.324748000246472e-08;0.09577730000019073;0.015686014998937025
2.172322999977041e-08;7.496845999849028e-08;0.09013748000143096;0.018588430000818335
2.1090480001294054e-08;6.005069999955594e-08;0.09240464000031352;0.018840889999410138
2.2661389999848324e-08;7.284099999815226e-08;0.0844405799987726;0.018535454999073407
2.3657209999510086e-08;6.83454999991227e-08;0.09071150000090711;0.020589760001166725
2.5338149999151938e-08;7.166684000403621e-08;0.09623089999658987;0.02095229999977164
2.150432000053115e-08;6.572490000398829e-08;0.083364139997866;0.016531285000382923
2.0337139998446218e-08;6.362098000245169e-08;0.08620824000099674;0.015642544999718667
1.994037499971455e-08;6.534166000201366e-08;0.08679457999533043;0.019046534999506547
2.3696650000056253e-08;7.518460000283085e-08;0.08826310000149533;0.017357825000362936
2.4418569999397733e-08;7.228007999947294e-08;0.0840773799980525;0.015627995000977536
2.1728159999474882e-08;6.72575400036294e-08;0.08785765999928116;0.018518625000433532
2.098489000054542e-08;6.253214000025764e-08;0.0919531800027471;0.01669908000039868
2.0886429998790845e-08;7.355678000021726e-08;0.08238548000226728;0.018190889999095815
2.212450000224635e-08;6.867454000166618e-08;0.08568458000081591;0.018775615000049584
1.7151914999703876e-08;6.264789999695494e-08;0.08390572000062094;0.017741765000391752
2.1191159999580122e-08;6.602141999755986e-08;0.08409690000116825;0.017556684999726714
2.2299814999860245e-08;6.653883999679238e-08;0.08639224000507965;0.018154819999472237
2.178212500002701e-08;6.704343999736011e-08;0.08531141999992542;0.016320974999689496
2.420150999969337e-08;6.887948000221514e-08;0.08489850000478327;0.016813650001131462
2.0691880001686514e-08;6.509047999861651e-08;0.08136628000065685;0.016454764999798498
2.2221199999330565e-08;6.561497999937273e-08;0.08218854000442662;0.01705358999897726
1.764951000077417e-08;6.389963999972679e-08;0.08368478000047616;0.015170329999818932
2.093272999918554e-08;6.315477999742143e-08;0.07834939999738708;0.01575435499980813
1.9212764999247156e-08;6.092182000284083e-08;0.07797717999783345;0.015141715000208934
1.853244499943685e-08;6.216028000344522e-08;0.07893178000231274;0.015592879999894648
1.9717975000094157e-08;6.257118000066839e-08;0.07818344000261276;0.01705048000003444
2.008237999980338e-08;6.50580000015907e-08;0.08452794000040739;0.015849180000077467
1.904703000036534e-08;6.279549999744632e-08;0.08149717999622226;0.016318624999257736
2.0973430000594816e-08;6.726174000068568e-08;0.0834816199960187;0.014796185000159312
1.849408999987645e-08;6.730998000130057e-08;0.08125610000570305;0.01729886999964947
1.961017499997979e-08;6.77183200023137e-08;0.07833239999599755;0.015066579999984241
1.757381999923382e-08;6.308819999685511e-08;0.07867396000074223;0.014065095000842121
1.773152000096161e-08;6.414809999987483e-08;0.07947409999906085;0.01657575500139501
1.84187099992414e-08;6.117506000446156e-08;0.07562347999773919;0.013719350000610576
2.024505000154022e-08;5.792200000141747e-08;0.07856704000150785;0.013864624999405351
1.8967434999649414e-08;6.703656000318005e-08;0.07746015999582596;0.014815429999725894
2.024600000004284e-08;6.939265999826602e-08;0.08235168000101112;0.015142700000433251
1.8076879999716765e-08;6.526597999618388e-08;0.08125891999807208;0.0147061700001359
1.870432499999879e-08;6.502884000074119e-08;0.08263735999935307;0.015186880000692326
1.9712909999361728e-08;6.58043599978555e-08;0.0761875800031703;0.014992644998710603
2.179121999943163e-08;6.433710000128485e-08;0.08710086000501178;0.015649419999681412
2.1451140000135637e-08;6.66287200001534e-08;0.08419316000072286;0.015444140000909101
1.9038784998701886e-08;6.477758000255563e-08;0.08117194000515156;0.014717245000065304
2.0153210000717082e-08;6.771183999953791e-08;0.0850642399978824;0.016574014999787324
2.1522600000025704e-08;6.948231999995187e-08;0.08201381999533623;0.01631193499924848
1.9619745000090915e-08;6.816458000103011e-08;0.09219195999903604;0.01761666999955196
2.261755999934394e-08;7.2649219998857e-08;0.08937000000150874;0.01615656000067247
2.132839999976568e-08;6.461938000284135e-08;0.07864406000007876;0.015021915000397712
1.8763465000665748e-08;6.066028000204824e-08;0.08789222000050359;0.01664240999962203
2.034820000117179e-08;6.588242000434547e-08;0.08436840000213124;0.016253975000290667
1.795890999928815e-08;6.380504000117071e-08;0.08145139999687671;0.015518619999056682
2.1658759997808374e-08;6.997832000488415e-08;0.08266909999656491;0.017051889999129342
1.8660629999067167e-08;6.089357999735511e-08;0.08560902000172063;0.015042869999888353
1.9770649999554735e-08;6.749560000025667e-08;0.08735289999749511;0.01478779500030214
1.9614884999464265e-08;6.351372000062838e-08;0.08559335999889299;0.020928820001427085
1.7165214999113233e-08;6.539420000044629e-08;0.07514462000108324;0.01788720500044292
2.1080390000133774e-08;7.43895200022962e-08;0.07719615999958478;0.015510674999677575
1.708883999963291e-08;6.789462000015192e-08;0.07901364000281319;0.013448829999833833
2.0691559999249876e-08;6.569968000403605e-08;0.07530702000367455;0.013694029999896884
1.845430499961367e-08;6.443765999865718e-08;0.08813226000056602;0.016369385000143667
2.3520389999612234e-08;6.352609999594279e-08;0.08335008000140079;0.016260085000249093
2.0457050000550226e-08;6.608622000203468e-08;0.07798881999915466;0.01575580499920761
2.180814500025008e-08;6.48025400005281e-08;0.08054199999896809;0.012253084999974817
2.116503500001272e-08;6.820783999864943e-08;0.0798382600012701;0.017940310000267346
2.011701999872457e-08;6.793093999731354e-08;0.08328360000159592;0.014512719999765977
1.896468999912031e-08;7.030631999950857e-08;0.07962749999715016;0.016476225000224075
1.9067124999128282e-08;6.486093999701553e-08;0.07906665999908;0.016981315000157336
1.9331045000581072e-08;6.991818000096827e-08;0.08151497999788263;0.015161325001099613
2.094756000005873e-08;6.268877999973483e-08;0.09120723999803886;0.014289894999819808
2.283109499985585e-08;7.111771999625489e-08;0.0825423599977512;0.013861764999455772
1.959224500023993e-08;7.063945999834686e-08;0.07744578000274487;0.013862479999079368
1.8601214999216608e-08;6.073814000119456e-08;0.07426488000201062;0.014507264998974279
2.03151549998438e-08;6.51611800014507e-08;0.0790080999955535;0.01337539999949513
1.7656524998892565e-08;6.67124000028707e-08;0.07911545999813825;0.017569524999998976
2.105294499924639e-08;5.965303999837489e-08;0.08403779999935068;0.0155649699998321
1.8897635000757874e-08;6.399008000153116e-08;0.08006308000185527;0.01303061499929754
2.0087475000764244e-08;5.7708979997551067e-08;0.08270026000100188;0.015499769999587442
1.903652000037255e-08;6.509427999844774e-08;0.0836174199997913;0.014108820000546984
1.831444499985082e-08;5.900855999789201e-08;0.07707672000396996;0.015352739999070764
2.1257760000298732e-08;6.547780000255443e-08;0.08180019999854267;0.014177709999785293
1.8373044999316335e-08;6.246773999882862e-08;0.07682906000409276;0.013322340000013356
2.00784200016642e-08;6.479876000084914e-08;0.08127927999594249;0.01552460999955656
1.9126609999511855e-08;6.255599999567494e-08;0.07820061999955215;0.014876480000384617
1.8253765000554268e-08;6.024389999802225e-08;0.07670196000253782;0.013674745000025723
1.728045999916503e-08;5.9216300002299246e-08;0.07963290000334382;0.01572616999910679
2.1276850000140258e-08;7.194638000219129e-08;0.08599921999848448;0.014581649999308865
1.8662475000019185e-08;6.055253999656998e-08;0.07716985999722965;0.015539364999858663
2.1152240000083112e-08;5.808457999955863e-08;0.07728610000340268;0.014989765000063927
1.8203149999317248e-08;6.129889999865554e-08;0.07967501999810338;0.014638565000495873
2.152496000053361e-08;6.563937999890186e-08;0.08104682000121102;0.01562541500024963
1.7517914999916684e-08;6.231388000305742e-08;0.0821152999997139;0.015420275001088158
1.9244009999965785e-08;6.159107999992556e-08;0.0755434199993033;0.014069544999802019
1.9178794999606907e-08;6.000594000215642e-08;0.08191387999686413;0.014096964999043848
1.8179459999373647e-08;5.870885999756865e-08;0.08406309999991209;0.01365086000005249
1.7827984999166802e-08;6.287245999556035e-08;0.0753962800023146;0.015121215001272503
1.9087850001233165e-08;6.060995999723673e-08;0.08069522000150756;0.013953570000012405
2.033679000014672e-08;6.338713999721222e-08;0.08246476000058464;0.016001130000222474
1.7994875001022594e-08;5.9267399995587765e-08;0.08289713999838569;0.017635159999190363
2.1014344999275638e-08;6.636259999941104e-08;0.0735408800013829;0.014847520001058
1.9942630000878125e-08;5.644054000149481e-08;0.07844116000342183;0.01758438499964541
2.0023679998121223e-08;6.562664000084624e-08;0.0792039800027851;0.01537335000029998
2.031437999976333e-08;6.311899999855086e-08;0.07860003999667242;0.015453640000487212
2.102532999997493e-08;6.332769999862649e-08;0.08086572000174783;0.01508888999960618
1.9168414999148808e-08;6.380646000034176e-08;0.07569941999972798;0.015226355000049808
1.873980500095058e-08;6.394909999798984e-08;0.07830182000179775;0.014309599999978672
1.9315069999720436e-08;6.511481999768876e-08;0.08504006000002846;0.01473000999976648
1.8848840000282506e-08;6.315127999987454e-08;0.07942612000042573;0.013981145000434481
1.8287424999289214e-08;6.116556000197307e-08;0.07867646000231616;0.015479679999407381
2.094066000136081e-08;6.399431999889202e-08;0.08066422000410967;0.016985610000847372
1.9207015000574758e-08;5.932747999904677e-08;0.07784320000209846;0.014819744999113028
1.8905835000623483e-08;5.9010259999195114e-08;0.08103680000058375;0.014358385000377893
1.6493505000835283e-08;6.117877999786287e-08;0.07921522000106052;0.014118905000214
1.9724569999380036e-08;6.306124000111595e-08;0.07439951999695041;0.01327783000015188
2.4305999997886828e-08;6.672543999738991e-08;0.08639664000365883;0.01756409999943571
2.304316999798175e-08;6.756382000166923e-08;0.08518673999933526;0.01674096000060672
2.2021229998790658e-08;6.604886000277474e-08;0.09227291999850422;0.016162709999480284
2.1178280000458472e-08;6.786902000312693e-08;0.08552495999610983;0.015620635000232141
2.0188039998174645e-08;6.66821599996183e-08;0.10271863999660127;0.018851755000650883
2.3677809999207966e-08;6.524060000083409e-08;0.09811011999845505;0.0157917250005994
2.2349684999790042e-08;7.235361999482848e-08;0.12403614999493584;0.020237680000718683
2.4070304998895152e-08;6.17565399967134e-08;0.11469224999018479;0.020302544999867677
2.4843069998314605e-08;7.58553399995435e-08;0.10284140000294428;0.017162515000381972
2.2596549999434502e-08;8.005690000136382e-08;0.10262085001158994;0.01731013999960851
2.219992500031367e-08;6.723232000367715e-08;0.12007259999518283;0.017789594999339898
2.4397120001958683e-08;7.702218000194989e-08;0.10036379999946803;0.021016670000972227
2.54855300008785e-08;7.809261999791488e-08;0.10184015000413638;0.0201655650002067
2.5442240000120366e-08;7.62955799989868e-08;0.10556785001244862;0.01824133000045549
2.194313499931013e-08;6.673715999932028e-08;0.11924980000185315;0.0160733299999265
2.556886999809649e-08;7.454552000272087e-08;0.10518210000009276;0.021931889999541453
2.3669715000141876e-08;6.563508000108414e-08;0.11416184999688994;0.021254200002294964
2.29423200013116e-08;6.486573999864049e-08;0.10293794999597594;0.01412012499931734
1.8350874999305234e-08;7.494253999902866e-08;0.09907945999875664;0.01551632500049891
1.924383500008844e-08;7.091765999794007e-08;0.10129804999451153;0.015314374999434222
2.554295000154525e-08;6.924515999853611e-08;0.11033075000159442;0.017354425000667105
2.2599854999862146e-08;6.890983999473974e-08;0.10651819999911823;0.014474104999681003
2.213552999892272e-08;7.917392000090331e-08;0.10464264000183902;0.0164954799998668
2.0029370000702328e-08;6.492469999939203e-08;0.10373927999753504;0.016948354999476577
2.3347509998711757e-08;6.116299999994226e-08;0.10221006000065244;0.014523449999978765
2.3179654999694323e-08;6.52524400036782e-08;0.10428359999787062;0.015835660000448115
2.1972500000265426e-08;7.199516000109725e-08;0.09917005999595858;0.015297470000223256
2.0880739999120125e-08;6.89585399988573e-08;0.1071801000070991;0.01761827999871457
2.293599999975413e-08;7.14525000017602e-08;0.09224783999961801;0.016631659999256955
2.1021300001302733e-08;6.76517000014428e-08;0.09474082000087947;0.017123500000161586
2.4446529999841005e-08;6.556770000024698e-08;0.11275909999967552;0.015334170000278391
1.9904060001135805e-08;6.432348000234924e-08;0.09786320000421256;0.01671294499974465
1.880857499927515e-08;7.072831999976188e-08;0.10868325000046752;0.016662444999383297
2.396464500052389e-08;6.448535999516025e-08;0.1030328499909956;0.013898514999891632
2.6021690000197852e-08;6.762338000116869e-08;0.09134364000055939;0.0171697049998329
2.258208499988541e-08;6.591267999610863e-08;0.10009105000062846;0.02117214000027161
1.8830294998770113e-08;6.52546799974516e-08;0.10229234999860637;0.013907770000514574
2.2634280001511798e-08;6.067994000040925e-08;0.11094485000649001;0.01604475499916589
1.9505655000102705e-08;7.330981999984942e-08;0.09711210000095889;0.014437010000983718
2.135878999833949e-08;6.624784000450745e-08;0.10940624999057036;0.01735542500100564
2.4768059997586535e-08;6.127698000054806e-08;0.09312741999747232;0.015651630000502337
2.1670834999531508e-08;6.392296000267379e-08;0.0908032200008165;0.014949039999919478
2.0145290001528338e-08;6.806949999881908e-08;0.10223679999471642;0.0146180199997616
2.1679830001085064e-08;6.437831999501213e-08;0.09664371999679133;0.018961650000710505
2.2380170001997612e-08;6.7983139998978e-08;0.1054184500098927;0.014202695000858512
2.11925199982943e-08;6.080499999807216e-08;0.10083604999817908;0.01816042499995092
2.0660330000100658e-08;6.050129999639467e-08;0.10545647999970242;0.01607258500007447
2.4919060000684114e-08;6.489656000048853e-08;0.10319770000933204;0.0162224800005788
2.1554539998760446e-08;6.326547999633477e-08;0.11514014999556821;0.017525415000272916
2.2198880001087674e-08;6.688453999813647e-08;0.10566295000899117;0.017372575000626965
2.28193500006455e-08;6.83608399995137e-08;0.10219960000540596;0.015336149999347981
2.1796680000261403e-08;6.597553999745287e-08;0.10161650000372902;0.012956065000616945
2.3247550000087357e-08;7.603982000146061e-08;0.09440534000168554;0.015806265000719577
2.0572704999358393e-08;6.66849400033243e-08;0.103492720000213;0.013491165000596083
1.8981979999807662e-08;6.452352000051178e-08;0.09176844000467099;0.016192564999801106
2.2576309999567457e-08;6.345811999635772e-08;0.1053745999961393;0.014336329999787267
2.1637580002425237e-08;6.889437999925576e-08;0.09977421999792568;0.015576295000209938
2.184423999860883e-08;6.682262000394985e-08;0.10013619999517687;0.014518110000062734
1.7370264999044594e-08;5.990987999830395e-08;0.09147027999861165;0.01360664999956498
1.7093990001012572e-08;6.003063999814912e-08;0.10809004999464378;0.016533024999080225
1.950508500012802e-08;6.096450000186451e-08;0.09316674000001512;0.016891680000117048
1.969064500008244e-08;6.894472000421956e-08;0.09306894000037573;0.016085615000338293
2.0470430000568742e-08;6.401238000253216e-08;0.10108400000026449;0.015063504999852739
2.175384000001941e-08;6.821543999831192e-08;0.09947968000196852;0.014732945000287146
2.3009579999779815e-08;6.406331999460235e-08;0.10023135000665206;0.016334070000448266
2.108468499936862e-08;6.568627999513411e-08;0.1015914999996312;0.015764504999970085
2.1019800001522527e-08;6.589367999695241e-08;0.09361127999727614;0.015230365000024903
2.080178000032902e-08;6.09262799960561e-08;0.10134757999912836;0.015901339999982157
2.1373940000194123e-08;6.79714000027161e-08;0.10208857999532484;0.017473269999027253
2.1498254999460185e-08;6.603831999818794e-08;0.0970352400036063;0.015980059999856168
1.8874689999211114e-08;6.61642800027039e-08;0.0964330599992536;0.01624695500067901
2.2161920001963152e-08;6.969517999677919e-08;0.10285665999981575;0.014491664999513886
2.126475999830291e-08;7.899715999956243e-08;0.12080689999856986;0.02216797999863047
2.0622150000417606e-08;6.933168000541628e-08;0.11500069999601692;0.01769635999953607
2.1258549997583032e-08;6.882217999664135e-08;0.10482675000093877;0.016811924999637996
2.1420005000254604e-08;6.458704000106081e-08;0.10537444999499712;0.016278964999946764
2.2264330001780764e-08;6.409221999929287e-08;0.11376895000285003;0.017802630001096987
2.1785549999913202e-08;6.480840000440366e-08;0.10554025000601541;0.016497055000218096
2.2901020001154394e-08;6.777061999891884e-08;0.11580469999171328;0.016423280000162778
2.4674490001052618e-08;7.229930000030436e-08;0.11692344999755733;0.01523427499923855
2.0276589998684358e-08;7.401514000375755e-08;0.1087476600019727;0.01679372499929741
2.1910115001082885e-08;6.894342000014149e-08;0.10081294999690726;0.017840604999219068
2.079446999996435e-08;6.700705999974162e-08;0.10128805000567809;0.017975635000038893
2.4853589999838733e-08;6.061570000019855e-08;0.10072998000541702;0.014027899999928196
2.192880999937188e-08;6.841955999843776e-08;0.10623679999844171;0.01563579499925254
2.3626609999337235e-08;7.396329999901354e-08;0.10765842000255361;0.020771570000215435
2.3534449998987837e-08;7.155221999855711e-08;0.10673384999972768;0.016447099999641068
2.2408195000025445e-08;6.054295999929309e-08;0.11405109999759588;0.015051244999631308
2.340107000200078e-08;6.438754000118933e-08;0.104311350005446;0.016809885000111536
2.0074810000369325e-08;7.46075999981258e-08;0.1055859999905806;0.01561148500040872
2.0925619997433387e-08;6.117526000016368e-08;0.10520910000195727;0.015522265000618063
2.3574249999364838e-08;7.320230000186711e-08;0.10916574999282602;0.01799042000056943
2.021396000054665e-08;6.35623599984683e-08;0.09837566000060179;0.015157929999986663
1.789520500024082e-08;5.906683999928646e-08;0.08576862000045367;0.01264089500036789
2.077057499991497e-08;6.265831999480724e-08;0.10209894999570679;0.0146313299992471
2.1928910000133327e-08;5.70956599956844e-08;0.09514797999872826;0.013640650000888854
1.9786909999675118e-08;6.006150000030175e-08;0.09636318000266328;0.020870149999973366
2.115568000008352e-08;6.008334000362084e-08;0.11210324999410659;0.014979604999825823
2.0137999999860767e-08;6.638379999785684e-08;0.1047019999998156;0.013528935000067577
2.4709160000202247e-08;7.186100000399165e-08;0.09814880000194534;0.016680049999558834
2.012072000070475e-08;6.864729999797418e-08;0.10400515000219457;0.01764421500120079
2.319388999894727e-08;7.09376000042539e-08;0.10858195000037085;0.019633150000299793
1.9535555000766182e-08;6.338349999859929e-08;0.10794193999608978;0.019351139999344014
1.8331750000652392e-08;6.111847999854944e-08;0.09085302000166848;0.01442405499983579
1.867925499973353e-08;1.0632624999561813e-07;0.10452690000238363;0.01689499500062084
1.9432140000571962e-08;8.527650000178256e-08;0.09470167999970727;0.013833449999219738
1.831949000043096e-08;9.481886000139639e-08;0.09863514000317082;0.015938589999859688
2.0587760000489653e-08;9.156568000325933e-08;0.09482533999835141;0.01474949500116054
1.7860590000054798e-08;1.0217464999004732e-07;0.09319949999917299;0.015410464999149553
1.9897735000995454e-08;9.537107999785804e-08;0.1073519499914255;0.016358320000290406
2.00836399992113e-08;1.1129044998961035e-07;0.10258788000210188;0.016017714999907184
1.8441874999552966e-08;9.822654000017793e-08;0.10909499999252148;0.015343880000000355
2.194852999964496e-08;1.1036830001103226e-07;0.11053720000199974;0.0185173499994562
2.0386400001007132e-08;1.0954114999913145e-07;0.10989740000513848;0.016449655000178608
2.1203049999894575e-08;9.275789999519475e-08;0.10492184999748133;0.017028239999490324
1.926125000027241e-08;1.0244750000128988e-07;0.10918205000052694;0.015810944999975617
2.3723420000169425e-08;8.863677999470383e-08;0.10172404999320861;0.016275540000060575
2.3362069998984226e-08;1.0076259999768808e-07;0.1026549200003501;0.01838256500050193
2.2741739999037237e-08;1.0102010000264272e-07;0.10446365000098012;0.0154219349991763
2.3301250001532026e-08;9.810495999990962e-08;0.09547271999763325;0.017010435000702272
2.0082649998948908e-08;9.555165999918245e-08;0.10400740000477526;0.01713317000103416
2.255637000198476e-08;1.0259804999805055e-07;0.10777655000856612;0.021439030001056382
2.198979000095278e-08;1.0014775001036469e-07;0.10558954000007362;0.016184914999757893
2.132366000150796e-08;1.059213499975158e-07;0.10599110000475775;0.020621634999406523
2.2770299998228438e-08;8.871223999885842e-08;0.10646945000917185;0.015077480000036303
2.2445355000672863e-08;1.0775054999976419e-07;0.10662829999637324;0.014657949999673292
2.1433629997773097e-08;1.0011921999976038e-07;0.10363344999495894;0.01618546000099741
2.097778000024846e-08;8.353501999517903e-08;0.10331096000154502;0.015682874999765773
1.6259375000663568e-08;1.0169969999697059e-07;0.09952811999828555;0.020190099999308587
2.0988470000156668e-08;1.0169904999202117e-07;0.1013611399976071;0.01715795000054641
2.0886670000618325e-08;8.54193800012581e-08;0.09529606000287458;0.01899328500003321
2.218853999802377e-08;1.18750950001413e-07;0.10249715000099968;0.015448484999069478
1.9246445001044777e-08;9.233513999497518e-08;0.10603229999833275;0.01638591500086477
2.1345985001244116e-08;1.0057563999434933e-07;0.10146220000751782;0.020713110000360756
2.0704929999192245e-08;1.1641625000629574e-07;0.09699325999827124;0.01654627999960212
2.1138389999396167e-08;1.0672695999965072e-07;0.10604410000087228;0.015622874999826309
2.163431000080891e-08;1.0031295000226237e-07;0.10837963999947534;0.018263959999603684
2.130685999873094e-08;8.700100000132807e-08;0.09791898000403307;0.016255490000185092
2.1806199999991805e-08;8.687816000310704e-08;0.10267715000372846;0.015651749999960884
2.1526389999780803e-08;8.593308000126853e-08;0.09431449999683536;0.016032609999820126
1.9138595000549685e-08;9.087470000376925e-08;0.09459759999881498;0.015136139999958687
1.910372499987716e-08;8.876634000334888e-08;0.0974887199990917;0.01542856500018388
2.1701690000190865e-08;9.90814600023441e-08;0.09665120000136085;0.015665965000516736
1.9399899999552872e-08;9.161664000130259e-08;0.0941456999978982;0.017237269999168348
1.9539069999882487e-08;8.508650000439957e-08;0.09350504000321962;0.014670825000212061
2.273010500066448e-08;8.567938000196591e-08;0.09859767999732867;0.015534679999109357
1.9898029998876153e-08;9.130698000080883e-08;0.09199943999992684;0.015615520000574179
1.883827000128804e-08;9.185616000322625e-08;0.09477889999980108;0.014069864999328274
1.946590500010643e-08;1.0172200000670273e-07;0.09587378000142052;0.015354590000060852
1.8696824999642558e-08;9.050009999773465e-08;0.09535650000325405;0.0166356050001923
1.8693184999574442e-08;9.221085999743082e-08;0.0924330000008922;0.015570484999625479
2.000468999904115e-08;1.0478744999272748e-07;0.09418797999969683;0.014077299999189562
2.1110549999866634e-08;9.14913400018122e-08;0.09179601999931038;0.014883199999167119
1.8760225000733044e-08;1.0226660000625997e-07;0.10306604999641422;0.013980089999677148
1.9210349999775646e-08;8.092710000346415e-08;0.10522589999891352;0.01627184499957366
2.0378290000371634e-08;1.0703545001160819e-07;0.1142021499981638;0.014894334999553394
2.3045930001535453e-08;9.347885999595746e-08;0.10121932000038214;0.016274664999218657
2.1906430000672117e-08;9.701393999857829e-08;0.0954356000002008;0.014419300000008661
2.0422660000622273e-08;9.765635999501683e-08;0.10721921999938785;0.01714722500037169
2.0113309999578633e-08;9.108395999646746e-08;0.10643564999918453;0.012765939999371766
2.0221519999904556e-08;1.0173675000260118e-07;0.09344290000153706;0.01675781999947503
1.97873899989645e-08;9.972973999683745e-08;0.10308074999193195;0.015215860000171232
1.8991960000130347e-08;9.764278000220657e-08;0.10005633999826387;0.015849069999239872
2.3113160001230426e-08;9.6654320001835e-08;0.1085505000082776;0.01562380499963183
2.0574649999616666e-08;1.0792594999657013e-07;0.10014566000318155;0.015785304999735673
2.0140089999767952e-08;8.744917999720201e-08;0.10023694999108557;0.01700309500010917
2.1073590000742116e-08;8.660666000214405e-08;0.09438684000051581;0.014235439999902155
2.1809145000588615e-08;9.658593999920413e-08;0.10630164999747649;0.015792339999461547
2.2312589999637567e-08;1.0321169999951962e-07;0.10271365000517108;0.014387270000588615
1.9442139999591745e-08;9.194255999755115e-08;0.10153903999598697;0.016280114999972284
2.1933550000539982e-08;1.0615864999999758e-07;0.10349500000302214;0.019025929999770597
1.8148630000359844e-08;9.804012000095099e-08;0.1118945500056725;0.01769083499966655
2.186291000107303e-08;9.975570000242441e-08;0.10889084999507759;0.01941035999916494
2.0097335000173187e-08;9.742044000304303e-08;0.11766114999772981;0.016180284999427384
2.0413294999161735e-08;9.622318000183441e-08;0.10410135000711307;0.01756621999957133
2.076814000029117e-08;9.06775799987372e-08;0.10106602000305429;0.01496622499980731
2.34147999988636e-08;9.472488000174053e-08;0.10175440000602975;0.015575834999617654
2.039857000054326e-08;9.164942000061274e-08;0.10454874999413732;0.01550676500046393
2.0400930001051164e-08;9.88532799994573e-08;0.10270449999370612;0.014329044999612961
2.1019109999178907e-08;1.0391933999489993e-07;0.10013169999001548;0.017250534999766386
2.3954440001398324e-08;1.1135530000319704e-07;0.11754690000088885;0.01657159999886062
2.572525999858044e-08;1.1127930000657216e-07;0.10706780001055449;0.016651670000283048
2.1465270000044255e-08;1.0186723999795504e-07;0.10578335000900552;0.01797946499864338
2.625259000051301e-08;1.1166190000367351e-07;0.11079200000676792;0.015576110000256448
1.6514465000363997e-08;8.157152000349015e-08;0.10049257999635301;0.0183294600006775
1.9357259999378585e-08;9.744404000230133e-08;0.10176145000150427;0.015068880000035279
2.2345320001477376e-08;1.0144652000162751e-07;0.10014267999795265;0.01470971499948064
2.4845849999110213e-08;1.0049525000795256e-07;0.1035909400030505;0.015744339999218936
2.248855000070762e-08;9.749762000283227e-08;0.10528645000886172;0.018310435001330914
2.1477270001196303e-08;1.1921889999939594e-07;0.10576320000109263;0.01707952500000829
2.6541689998703078e-08;1.1647300000186079e-07;0.09600487999850885;0.018628895000438205
2.4718430000939407e-08;1.0041369999817107e-07;0.09637843999662436;0.01865111000079196
2.2766299999784678e-08;1.0143634999985806e-07;0.10679489999893121;0.01631111000024248
2.0757749999756924e-08;9.59751199989114e-08;0.1036828400043305;0.015756254999723752
2.109070000005886e-08;9.218640000326559e-08;0.09544213999761268;0.016277010001067536
2.0196360000409186e-08;1.1431499999889638e-07;0.10725614000111819;0.019079964999400546
2.220114000083413e-08;1.0402724999585188e-07;0.10284574999241158;0.015211445000022649
2.274494000012055e-08;9.633723999722861e-08;0.10262995000812225;0.02035174500051653
2.202491999778431e-08;9.914301999961026e-08;0.09433276000199839;0.016497050000180025
2.277736000251025e-08;8.786872000200673e-08;0.10568666000035591;0.015741230000276118
2.1199280000291763e-08;1.0800114998710342e-07;0.10059109999565408;0.014878105001116637
1.6976200000499376e-08;8.385571999824606e-08;0.09041110000107437;0.014388465000956785
1.9675120001193136e-08;7.89450799988117e-08;0.09867643999750726;0.017726880000554956
2.3541439999826253e-08;1.0661899999831803e-07;0.1088496999873314;0.018933929999184328
